date,close,volume,company,price_change,volume_change,high_low_ratio,target,headline,news_count
2023-01-04,124.25,89113600,Apple,0.0103,-0.2052,1.0286,0,Apple market update,1.0
2023-01-05,122.93,80962700,Apple,-0.0106,-0.0915,1.0241,1,Apple market update,1.0
2023-01-06,127.46,87754700,Apple,0.0368,0.0839,1.0432,1,Apple market update,1.0
2023-01-09,127.98,70790800,Apple,0.0041,-0.1933,1.0271,1,Apple market update,1.0
2023-01-10,128.55,63896200,Apple,0.0045,-0.0974,1.0245,1,Apple market update,1.0
2023-01-11,131.26,69458900,Apple,0.0211,0.0871,1.0234,0,Apple market update,1.0
2023-01-12,131.18,71379600,Apple,-0.0006,0.0277,1.0215,1,Apple market update,1.0
2023-01-13,132.51,57809700,Apple,0.0101,-0.1901,1.0248,1,Apple market update,1.0
2023-01-17,133.67,63646600,Apple,0.0088,0.101,1.0236,0,Apple market update,1.0
2023-01-18,132.95,69672800,Apple,-0.0054,0.0947,1.0265,1,Apple market update,1.0
2023-01-19,133.01,58280400,Apple,0.0004,-0.1635,1.0185,1,Apple market update,1.0
2023-01-20,135.57,80223600,Apple,0.0192,0.3765,1.0283,1,Apple market update,1.0
2023-01-23,138.76,81760300,Apple,0.0235,0.0192,1.0393,1,Apple market update,1.0
2023-01-24,140.15,66435100,Apple,0.0101,-0.1874,1.0204,0,Apple market update,1.0
2023-01-25,139.49,65799300,Apple,-0.0047,-0.0096,1.0261,1,Apple market update,1.0
2023-01-26,141.56,54105100,Apple,0.0148,-0.1777,1.0166,1,Apple market update,1.0
2023-01-27,143.49,70555800,Apple,0.0137,0.3041,1.029,0,Apple market update,1.0
2023-01-30,140.61,64015300,Apple,-0.0201,-0.0927,1.0189,1,Apple market update,1.0
2023-01-31,141.88,65874500,Apple,0.009,0.029,1.0145,1,Apple market update,1.0
2023-02-01,143.0,77663600,Apple,0.0079,0.179,1.0374,1,Apple market update,1.0
2023-02-02,148.3,118339000,Apple,0.0371,0.5237,1.0203,1,Apple market update,1.0
2023-02-03,151.92,154357300,Apple,0.0244,0.3044,1.0646,0,Apple market update,1.0
2023-02-06,149.2,69858300,Apple,-0.0179,-0.5474,1.0154,1,Apple market update,1.0
2023-02-07,152.07,83322600,Apple,0.0192,0.1927,1.0305,0,Apple market update,1.0
2023-02-08,149.38,64120100,Apple,-0.0177,-0.2305,1.0226,0,Apple market update,1.0
2023-02-09,148.35,56007100,Apple,-0.0069,-0.1265,1.026,1,Apple market update,1.0
2023-02-10,148.72,57450700,Apple,0.0025,0.0258,1.0142,1,Apple market update,1.0
2023-02-13,151.51,62199000,Apple,0.0188,0.0826,1.0221,0,Apple market update,1.0
2023-02-14,150.87,61707600,Apple,-0.0042,-0.0079,1.0193,1,Apple market update,1.0
2023-02-15,152.97,65573800,Apple,0.0139,0.0627,1.0171,0,Apple market update,1.0
2023-02-16,151.38,68167900,Apple,-0.0104,0.0396,1.0194,0,Apple market update,1.0
2023-02-17,150.23,59144100,Apple,-0.0075,-0.1324,1.0143,0,Apple market update,1.0
2023-02-21,146.22,58867200,Apple,-0.0267,-0.0047,1.0195,1,Apple market update,1.0
2023-02-22,146.65,51011300,Apple,0.0029,-0.1335,1.019,1,Apple market update,1.0
2023-02-23,147.13,48394200,Apple,0.0033,-0.0513,1.0211,0,Apple market update,1.0
2023-02-24,144.48,55469600,Apple,-0.018,0.1462,1.0101,1,Apple market update,1.0
2023-02-27,145.67,44998500,Apple,0.0082,-0.1888,1.0117,0,Apple market update,1.0
2023-02-28,145.17,50547000,Apple,-0.0034,0.1233,1.0153,0,Apple market update,1.0
2023-03-01,143.1,55479000,Apple,-0.0142,0.0976,1.0153,1,Apple market update,1.0
2023-03-02,143.69,52238100,Apple,0.0041,-0.0584,1.0195,1,Apple market update,1.0
2023-03-03,148.74,70732300,Apple,0.0351,0.354,1.0257,1,Apple market update,1.0
2023-03-06,151.49,87558000,Apple,0.0185,0.2379,1.0185,0,Apple market update,1.0
2023-03-07,149.3,56182000,Apple,-0.0145,-0.3583,1.0192,1,Apple market update,1.0
2023-03-08,150.55,47204800,Apple,0.0084,-0.1598,1.0108,0,Apple market update,1.0
2023-03-09,148.3,53833600,Apple,-0.0149,0.1404,1.0287,0,Apple market update,1.0
2023-03-10,146.24,68572400,Apple,-0.0139,0.2738,1.0226,1,Apple market update,1.0
2023-03-13,148.18,84457100,Apple,0.0133,0.2316,1.0368,1,Apple market update,1.0
2023-03-14,150.27,73695900,Apple,0.0141,-0.1274,1.022,1,Apple market update,1.0
2023-03-15,150.67,77167900,Apple,0.0026,0.0471,1.0222,1,Apple market update,1.0
2023-03-16,153.48,76161100,Apple,0.0187,-0.013,1.0318,0,Apple market update,1.0
2023-03-17,152.65,98944600,Apple,-0.0055,0.2991,1.0159,1,Apple market update,1.0
2023-03-20,155.01,73641400,Apple,0.0155,-0.2557,1.0238,1,Apple market update,1.0
2023-03-21,156.86,73938300,Apple,0.0119,0.004,1.0183,0,Apple market update,1.0
2023-03-22,155.43,75701800,Apple,-0.0091,0.0239,1.0274,1,Apple market update,1.0
2023-03-23,156.52,67622100,Apple,0.007,-0.1067,1.0245,1,Apple market update,1.0
2023-03-24,157.82,59196500,Apple,0.0083,-0.1246,1.0158,0,Apple market update,1.0
2023-03-27,155.88,52390300,Apple,-0.0123,-0.115,1.0184,0,Apple market update,1.0
2023-03-28,155.26,45992200,Apple,-0.004,-0.1221,1.0161,1,Apple market update,1.0
2023-03-29,158.33,51305700,Apple,0.0198,0.1155,1.0107,1,Apple market update,1.0
2023-03-30,159.89,49501700,Apple,0.0099,-0.0352,1.0074,1,Apple market update,1.0
2023-03-31,162.4,68749800,Apple,0.0156,0.3888,1.0191,1,Apple market update,1.0
2023-04-03,163.65,56976200,Apple,0.0077,-0.1713,1.0126,0,Apple market update,1.0
2023-04-04,163.11,46278300,Apple,-0.0032,-0.1878,1.0105,0,Apple market update,1.0
2023-04-05,161.27,51511700,Apple,-0.0113,0.1131,1.0201,1,Apple market update,1.0
2023-04-06,162.16,45390100,Apple,0.0055,-0.1188,1.0183,0,Apple market update,1.0
2023-04-10,159.57,47716900,Apple,-0.016,0.0513,1.0122,0,Apple market update,1.0
2023-04-11,158.36,47644200,Apple,-0.0076,-0.0015,1.0115,0,Apple market update,1.0
2023-04-12,157.67,50133100,Apple,-0.0044,0.0522,1.0143,1,Apple market update,1.0
2023-04-13,163.05,68445600,Apple,0.0341,0.3653,1.0271,0,Apple market update,1.0
2023-04-14,162.7,49386500,Apple,-0.0021,-0.2785,1.0153,1,Apple market update,1.0
2023-04-17,162.72,41516200,Apple,0.0001,-0.1594,1.0083,1,Apple market update,1.0
2023-04-18,163.94,49923000,Apple,0.0075,0.2025,1.0106,1,Apple market update,1.0
2023-04-19,165.08,47720200,Apple,0.007,-0.0441,1.0158,0,Apple market update,1.0
2023-04-20,164.12,52456400,Apple,-0.0058,0.0992,1.014,0,Apple market update,1.0
2023-04-21,162.51,58337300,Apple,-0.0098,0.1121,1.0119,1,Apple market update,1.0
2023-04-24,162.82,41949600,Apple,0.0019,-0.2809,1.0104,0,Apple market update,1.0
2023-04-25,161.28,48714100,Apple,-0.0094,0.1613,1.0158,0,Apple market update,1.0
2023-04-26,161.27,45498800,Apple,-0.0001,-0.066,1.0152,1,Apple market update,1.0
2023-04-27,165.85,64902300,Apple,0.0284,0.4265,1.0204,1,Apple market update,1.0
2023-04-28,167.1,55275900,Apple,0.0075,-0.1483,1.0117,0,Apple market update,1.0
2023-05-01,167.01,52472900,Apple,-0.0005,-0.0507,1.0107,0,Apple market update,1.0
2023-05-02,165.98,48425700,Apple,-0.0062,-0.0771,1.0168,0,Apple market update,1.0
2023-05-03,164.91,65136000,Apple,-0.0065,0.3451,1.0225,0,Apple market update,1.0
2023-05-04,163.27,81235400,Apple,-0.0099,0.2472,1.0166,1,Apple market update,1.0
2023-05-05,170.93,113453200,Apple,0.0469,0.3966,1.0207,0,Apple market update,1.0
2023-05-08,170.86,55962800,Apple,-0.0004,-0.5067,1.0101,0,Apple market update,1.0
2023-05-09,169.16,45326900,Apple,-0.01,-0.1901,1.0113,1,Apple market update,1.0
2023-05-10,170.92,53724500,Apple,0.0104,0.1853,1.0124,1,Apple market update,1.0
2023-05-11,171.11,49514700,Apple,0.0011,-0.0784,1.0141,0,Apple market update,1.0
2023-05-12,170.18,45533100,Apple,-0.0054,-0.0804,1.0179,0,Apple market update,1.0
2023-05-15,169.69,37266700,Apple,-0.0029,-0.1815,1.0101,0,Apple market update,1.0
2023-05-17,170.3,57951600,Apple,0.0036,0.3762,1.0147,1,Apple market update,1.0
2023-05-18,172.63,65496700,Apple,0.0137,0.1302,1.0154,1,Apple market update,1.0
2023-05-19,172.74,55809500,Apple,0.0006,-0.1479,1.0083,0,Apple market update,1.0
2023-05-22,171.79,43570900,Apple,-0.0055,-0.2193,1.0073,0,Apple market update,1.0
2023-05-23,169.19,50747300,Apple,-0.0152,0.1647,1.0123,1,Apple market update,1.0
2023-05-24,169.46,45143500,Apple,0.0016,-0.1104,1.0111,1,Apple market update,1.0
2023-05-25,170.6,56058300,Apple,0.0067,0.2418,1.0129,1,Apple market update,1.0
2023-05-26,173.0,54835000,Apple,0.0141,-0.0218,1.0154,1,Apple market update,1.0
2023-05-30,174.85,55964400,Apple,0.0107,0.0206,1.0137,0,Apple market update,1.0
2023-05-31,174.8,99625300,Apple,-0.0003,0.7802,1.0147,1,Apple market update,1.0
2023-06-01,177.6,68901800,Apple,0.016,-0.3084,1.018,1,Apple market update,1.0
2023-06-02,178.45,61996900,Apple,0.0048,-0.1002,1.0141,0,Apple market update,1.0
2023-06-05,177.1,121946500,Apple,-0.0076,0.967,1.0388,0,Apple market update,1.0
2023-06-06,176.73,64848400,Apple,-0.0021,-0.4682,1.0152,0,Apple market update,1.0
2023-06-07,175.36,61944600,Apple,-0.0078,-0.0448,1.0219,1,Apple market update,1.0
2023-06-08,178.07,50214900,Apple,0.0155,-0.1894,1.019,1,Apple market update,1.0
2023-06-09,178.46,48900000,Apple,0.0022,-0.0262,1.0089,1,Apple market update,1.0
2023-06-12,181.25,54274900,Apple,0.0156,0.1099,1.0161,0,Apple market update,1.0
2023-06-13,180.78,54929100,Apple,-0.0026,0.0121,1.0094,1,Apple market update,1.0
2023-06-14,181.41,57462900,Apple,0.0035,0.0461,1.013,1,Apple market update,1.0
2023-06-15,183.44,65433200,Apple,0.0112,0.1387,1.0149,0,Apple market update,1.0
2023-06-16,182.36,101256200,Apple,-0.0059,0.5475,1.0148,1,Apple market update,1.0
2023-06-20,182.45,49799100,Apple,0.0005,-0.5082,1.0092,0,Apple market update,1.0
2023-06-21,181.42,49515700,Apple,-0.0057,-0.0057,1.0154,1,Apple market update,1.0
2023-06-22,184.41,51245300,Apple,0.0165,0.0349,1.0184,0,Apple market update,1.0
2023-06-23,184.1,53117000,Apple,-0.0017,0.0365,1.0138,0,Apple market update,1.0
2023-06-26,182.71,48088700,Apple,-0.0076,-0.0947,1.0152,1,Apple market update,1.0
2023-06-27,185.46,50730800,Apple,0.0151,0.0549,1.0146,1,Apple market update,1.0
2023-06-28,186.63,51216800,Apple,0.0063,0.0096,1.0123,1,Apple market update,1.0
2023-06-29,186.97,46347300,Apple,0.0018,-0.0951,1.006,1,Apple market update,1.0
2023-06-30,191.29,85213200,Apple,0.0231,0.8386,1.0168,0,Apple market update,1.0
2023-07-03,189.8,31458200,Apple,-0.0078,-0.6308,1.0111,0,Apple market update,1.0
2023-07-05,188.68,46920300,Apple,-0.0059,0.4915,1.0124,1,Apple market update,1.0
2023-07-06,189.16,45094300,Apple,0.0025,-0.0389,1.0149,0,Apple market update,1.0
2023-07-07,188.04,46815000,Apple,-0.0059,0.0382,1.0128,0,Apple market update,1.0
2023-07-10,186.0,59922200,Apple,-0.0109,0.28,1.0158,0,Apple market update,1.0
2023-07-11,185.48,46638100,Apple,-0.0028,-0.2217,1.0145,1,Apple market update,1.0
2023-07-12,187.15,60750200,Apple,0.009,0.3026,1.0171,1,Apple market update,1.0
2023-07-13,187.91,41342300,Apple,0.0041,-0.3195,1.0074,1,Apple market update,1.0
2023-07-14,188.05,41616200,Apple,0.0008,0.0066,1.0082,1,Apple market update,1.0
2023-07-17,191.31,50520200,Apple,0.0173,0.214,1.0131,0,Apple market update,1.0
2023-07-18,191.05,48288200,Apple,-0.0013,-0.0442,1.0099,1,Apple market update,1.0
2023-07-19,192.4,80507300,Apple,0.0071,0.6672,1.029,0,Apple market update,1.0
2023-07-20,190.46,59581200,Apple,-0.0101,-0.2599,1.0206,0,Apple market update,1.0
2023-07-21,189.29,71951700,Apple,-0.0062,0.2076,1.0196,1,Apple market update,1.0
2023-07-24,190.09,45377800,Apple,0.0042,-0.3693,1.0138,1,Apple market update,1.0
2023-07-25,190.94,37283200,Apple,0.0045,-0.1784,1.0079,1,Apple market update,1.0
2023-07-26,191.81,47471900,Apple,0.0045,0.2733,1.012,0,Apple market update,1.0
2023-07-27,190.55,47460200,Apple,-0.0066,-0.0002,1.0241,1,Apple market update,1.0
2023-07-28,193.12,48291400,Apple,0.0135,0.0175,1.0128,1,Apple market update,1.0
2023-07-31,193.73,38824100,Apple,0.0032,-0.196,1.0063,0,Apple market update,1.0
2023-08-01,192.91,35175100,Apple,-0.0043,-0.094,1.0074,0,Apple market update,1.0
2023-08-02,189.92,50389300,Apple,-0.0155,0.4325,1.0174,0,Apple market update,1.0
2023-08-03,188.53,61235200,Apple,-0.0073,0.2152,1.0088,0,Apple market update,1.0
2023-08-04,179.47,115956800,Apple,-0.048,0.8936,1.03,0,Apple market update,1.0
2023-08-07,176.38,97576100,Apple,-0.0173,-0.1585,1.0326,1,Apple market update,1.0
2023-08-08,177.31,67823000,Apple,0.0053,-0.3049,1.0151,0,Apple market update,1.0
2023-08-09,175.73,60378500,Apple,-0.009,-0.1098,1.0221,0,Apple market update,1.0
2023-08-10,175.51,54686900,Apple,-0.0012,-0.0943,1.0177,1,Apple market update,1.0
2023-08-11,175.57,52036700,Apple,0.0003,-0.0485,1.0117,1,Apple market update,1.0
2023-08-14,177.22,43675600,Apple,0.0094,-0.1607,1.0134,0,Apple market update,1.0
2023-08-15,175.23,43622600,Apple,-0.0112,-0.0012,1.0137,0,Apple market update,1.0
2023-08-16,174.36,46964900,Apple,-0.005,0.0766,1.0116,0,Apple market update,1.0
2023-08-17,171.83,66062900,Apple,-0.0146,0.4066,1.0232,1,Apple market update,1.0
2023-08-18,172.31,61172200,Apple,0.0028,-0.074,1.0183,1,Apple market update,1.0
2023-08-21,173.64,46311900,Apple,0.0077,-0.2429,1.0138,1,Apple market update,1.0
2023-08-22,175.02,42038900,Apple,0.0079,-0.0923,1.0081,1,Apple market update,1.0
2023-08-23,178.86,52722800,Apple,0.0219,0.2541,1.0181,0,Apple market update,1.0
2023-08-24,174.18,54945800,Apple,-0.0262,0.0422,1.0289,1,Apple market update,1.0
2023-08-25,176.38,51449600,Apple,0.0126,-0.0636,1.0189,1,Apple market update,1.0
2023-08-28,177.94,43820700,Apple,0.0088,-0.1483,1.0114,1,Apple market update,1.0
2023-08-29,181.82,53003900,Apple,0.0218,0.2096,1.0301,1,Apple market update,1.0
2023-08-30,185.31,60813900,Apple,0.0192,0.1473,1.0168,1,Apple market update,1.0
2023-08-31,185.52,60794500,Apple,0.0012,-0.0003,1.0087,1,Apple market update,1.0
2023-09-01,187.09,45766500,Apple,0.0085,-0.2472,1.0087,1,Apple market update,1.0
2023-09-05,187.33,45280000,Apple,0.0013,-0.0106,1.0126,0,Apple market update,1.0
2023-09-06,180.62,81755800,Apple,-0.0358,0.8056,1.0407,0,Apple market update,1.0
2023-09-07,175.34,112488800,Apple,-0.0292,0.3759,1.0269,1,Apple market update,1.0
2023-09-08,175.95,65551300,Apple,0.0035,-0.4173,1.0138,1,Apple market update,1.0
2023-09-11,177.12,58953100,Apple,0.0066,-0.1007,1.0167,0,Apple market update,1.0
2023-09-12,174.1,90370200,Apple,-0.0171,0.5329,1.0304,0,Apple market update,1.0
2023-09-13,172.03,84267900,Apple,-0.0119,-0.0675,1.0191,1,Apple market update,1.0
2023-09-14,173.54,60895800,Apple,0.0088,-0.2774,1.0145,0,Apple market update,1.0
2023-09-15,172.82,109259500,Apple,-0.0042,0.7942,1.0154,1,Apple market update,1.0
2023-09-18,175.75,67257600,Apple,0.0169,-0.3844,1.0182,1,Apple market update,1.0
2023-09-19,176.83,51826900,Apple,0.0062,-0.2294,1.0141,0,Apple market update,1.0
2023-09-20,173.3,58436200,Apple,-0.02,0.1275,1.0245,0,Apple market update,1.0
2023-09-21,171.76,63149100,Apple,-0.0089,0.0807,1.014,1,Apple market update,1.0
2023-09-22,172.61,56725400,Apple,0.0049,-0.1017,1.0174,1,Apple market update,1.0
2023-09-25,173.88,46172700,Apple,0.0074,-0.186,1.0162,0,Apple market update,1.0
2023-09-26,169.81,64588900,Apple,-0.0234,0.3989,1.0206,0,Apple market update,1.0
2023-09-27,168.3,66921800,Apple,-0.0089,0.0361,1.0236,1,Apple market update,1.0
2023-09-28,168.56,56294400,Apple,0.0015,-0.1588,1.0263,1,Apple market update,1.0
2023-09-29,169.07,51861100,Apple,0.003,-0.0788,1.016,1,Apple market update,1.0
2023-10-02,171.58,52164500,Apple,0.0148,0.0059,1.0197,0,Apple market update,1.0
2023-10-03,170.25,49594600,Apple,-0.0078,-0.0493,1.0165,1,Apple market update,1.0
2023-10-04,171.49,53020300,Apple,0.0073,0.0691,1.019,1,Apple market update,1.0
2023-10-05,172.72,48527900,Apple,0.0072,-0.0847,1.016,1,Apple market update,1.0
2023-10-06,175.27,57266700,Apple,0.0148,0.1801,1.0278,1,Apple market update,1.0
2023-10-09,176.75,42390800,Apple,0.0085,-0.2598,1.0185,0,Apple market update,1.0
2023-10-10,176.16,43698000,Apple,-0.0034,0.0308,1.0099,1,Apple market update,1.0
2023-10-11,177.55,47551100,Apple,0.0079,0.0882,1.0127,1,Apple market update,1.0
2023-10-12,178.45,56743100,Apple,0.0051,0.1933,1.0184,0,Apple market update,1.0
2023-10-13,176.62,51427100,Apple,-0.0103,-0.0937,1.0213,0,Apple market update,1.0
2023-10-16,176.49,52517000,Apple,-0.0007,0.0212,1.0146,0,Apple market update,1.0
2023-10-17,174.94,57549400,Apple,-0.0088,0.0958,1.0207,0,Apple market update,1.0
2023-10-18,173.64,54764400,Apple,-0.0074,-0.0484,1.0141,0,Apple market update,1.0
2023-10-19,173.27,59302900,Apple,-0.0022,0.0829,1.0151,0,Apple market update,1.0
2023-10-20,170.72,64244000,Apple,-0.0147,0.0833,1.0161,1,Apple market update,1.0
2023-10-23,170.84,55980100,Apple,0.0007,-0.1286,1.024,1,Apple market update,1.0
2023-10-24,171.27,43816600,Apple,0.0025,-0.2173,1.0129,0,Apple market update,1.0
2023-10-25,168.96,57157000,Apple,-0.0135,0.3045,1.0141,0,Apple market update,1.0
2023-10-26,164.8,70625300,Apple,-0.0246,0.2356,1.0345,1,Apple market update,1.0
2023-10-27,166.12,58499100,Apple,0.008,-0.1717,1.0128,1,Apple market update,1.0
2023-10-30,168.16,51131000,Apple,0.0123,-0.126,1.0136,1,Apple market update,1.0
2023-10-31,168.64,44846000,Apple,0.0028,-0.1229,1.0179,1,Apple market update,1.0
2023-11-01,171.8,56934900,Apple,0.0187,0.2696,1.0242,1,Apple market update,1.0
2023-11-02,175.35,77334800,Apple,0.0207,0.3583,1.0132,0,Apple market update,1.0
2023-11-03,174.44,79829200,Apple,-0.0052,0.0323,1.02,1,Apple market update,1.0
2023-11-06,176.99,63841300,Apple,0.0146,-0.2003,1.0183,1,Apple market update,1.0
2023-11-07,179.55,70530000,Apple,0.0145,0.1048,1.0194,1,Apple market update,1.0
2023-11-08,180.6,49340300,Apple,0.0059,-0.3004,1.0102,0,Apple market update,1.0
2023-11-09,180.13,53763500,Apple,-0.0026,0.0896,1.0127,1,Apple market update,1.0
2023-11-10,184.31,66133400,Apple,0.0232,0.2301,1.0166,0,Apple market update,1.0
2023-11-13,182.73,43627500,Apple,-0.0086,-0.3403,1.0099,1,Apple market update,1.0
2023-11-14,185.34,60108400,Apple,0.0143,0.3778,1.0097,1,Apple market update,1.0
2023-11-15,185.91,53790500,Apple,0.003,-0.1051,1.0092,1,Apple market update,1.0
2023-11-16,187.59,54412900,Apple,0.009,0.0116,1.0122,0,Apple market update,1.0
2023-11-17,187.57,50922700,Apple,-0.0001,-0.0641,1.0096,1,Apple market update,1.0
2023-11-20,189.31,46505100,Apple,0.0093,-0.0868,1.0107,0,Apple market update,1.0
2023-11-21,188.51,38134500,Apple,-0.0042,-0.18,1.0094,1,Apple market update,1.0
2023-11-22,189.17,39617700,Apple,0.0035,0.0389,1.011,0,Apple market update,1.0
2023-11-24,187.84,24048300,Apple,-0.007,-0.393,1.0087,0,Apple market update,1.0
2023-11-27,187.67,40552600,Apple,-0.0009,0.6863,1.0094,1,Apple market update,1.0
2023-11-28,188.27,38415400,Apple,0.0032,-0.0527,1.0089,0,Apple market update,1.0
2023-11-29,187.25,43014200,Apple,-0.0054,0.1197,1.0165,1,Apple market update,1.0
2023-11-30,187.82,48794400,Apple,0.0031,0.1344,1.0113,1,Apple market update,1.0
2023-12-01,189.1,45704800,Apple,0.0068,-0.0633,1.0123,0,Apple market update,1.0
2023-12-04,187.31,43389500,Apple,-0.0095,-0.0507,1.0139,1,Apple market update,1.0
2023-12-05,191.26,66628400,Apple,0.0211,0.5356,1.0222,0,Apple market update,1.0
2023-12-06,190.17,41089700,Apple,-0.0057,-0.3833,1.0138,1,Apple market update,1.0
2023-12-07,192.1,47477700,Apple,0.0101,0.1555,1.0073,1,Apple market update,1.0
2023-12-08,193.52,53406400,Apple,0.0074,0.1249,1.012,0,Apple market update,1.0
2023-12-11,191.02,60943700,Apple,-0.0129,0.1411,1.0108,1,Apple market update,1.0
2023-12-12,192.53,52696900,Apple,0.0079,-0.1353,1.0156,1,Apple market update,1.0
2023-12-13,195.74,70404200,Apple,0.0167,0.336,1.0162,1,Apple market update,1.0
2023-12-14,195.89,66831600,Apple,0.0008,-0.0507,1.0176,0,Apple market update,1.0
2023-12-15,195.36,128538400,Apple,-0.0027,0.9233,1.0071,0,Apple market update,1.0
2023-12-18,193.7,55751900,Apple,-0.0085,-0.5663,1.0115,1,Apple market update,1.0
2023-12-19,194.74,40714100,Apple,0.0054,-0.2697,1.0054,0,Apple market update,1.0
2023-12-20,192.65,52242800,Apple,-0.0107,0.2832,1.0146,0,Apple market update,1.0
2023-12-21,192.5,46482500,Apple,-0.0008,-0.1103,1.0185,0,Apple market update,1.0
2023-12-22,191.43,37149600,Apple,-0.0055,-0.2008,1.0126,0,Apple market update,1.0
2023-12-26,190.89,28919300,Apple,-0.0028,-0.2215,1.0055,1,Apple market update,1.0
2023-12-27,190.99,48087700,Apple,0.0005,0.6628,1.0126,1,Apple market update,1.0
2023-12-28,191.41,34049900,Apple,0.0022,-0.2919,1.0077,0,Apple market update,1.0
2023-12-29,190.38,42672100,Apple,-0.0054,0.2532,1.0139,0,Apple market update,1.0
2024-01-02,183.56,82488700,Apple,-0.0358,0.9331,1.0247,0,Apple market update,1.0
2024-01-03,182.19,58414500,Apple,-0.0075,-0.2918,1.0134,0,Apple market update,1.0
2024-01-04,179.87,71983600,Apple,-0.0127,0.2323,1.0122,0,Apple market update,1.0
2024-01-05,179.15,62379700,Apple,-0.004,-0.1334,1.0144,1,Apple market update,1.0
2024-01-08,183.48,59144500,Apple,0.0242,-0.0519,1.0226,0,Apple market update,1.0
2024-01-09,183.07,42841800,Apple,-0.0023,-0.2756,1.0132,1,Apple market update,1.0
2024-01-10,184.11,46792900,Apple,0.0057,0.0922,1.0135,0,Apple market update,1.0
2024-01-11,183.51,49128400,Apple,-0.0032,0.0499,1.0187,1,Apple market update,1.0
2024-01-12,183.84,40477800,Apple,0.0018,-0.1761,1.0084,0,Apple market update,1.0
2024-01-16,181.57,65603000,Apple,-0.0123,0.6207,1.0184,0,Apple market update,1.0
2024-01-17,180.64,47317400,Apple,-0.0052,-0.2787,1.0146,1,Apple market update,1.0
2024-01-18,186.52,78005800,Apple,0.0326,0.6486,1.0178,1,Apple market update,1.0
2024-01-19,189.42,68903000,Apple,0.0155,-0.1167,1.0166,1,Apple market update,1.0
2024-01-22,191.72,60133900,Apple,0.0122,-0.1273,1.016,1,Apple market update,1.0
2024-01-23,193.0,42355600,Apple,0.0067,-0.2956,1.0099,0,Apple market update,1.0
2024-01-24,192.32,53631300,Apple,-0.0035,0.2662,1.0105,0,Apple market update,1.0
2024-01-25,192.0,54822100,Apple,-0.0017,0.0222,1.0164,0,Apple market update,1.0
2024-01-26,190.27,44594000,Apple,-0.009,-0.1866,1.0147,0,Apple market update,1.0
2024-01-29,189.58,47145600,Apple,-0.0036,0.0572,1.0138,0,Apple market update,1.0
2024-01-30,185.94,55859400,Apple,-0.0192,0.1848,1.0231,0,Apple market update,1.0
2024-01-31,182.34,55467800,Apple,-0.0194,-0.007,1.0149,1,Apple market update,1.0
2024-02-01,184.77,64885400,Apple,0.0133,0.1698,1.017,0,Apple market update,1.0
2024-02-02,183.77,102551700,Apple,-0.0054,0.5805,1.0451,1,Apple market update,1.0
2024-02-05,185.58,69668800,Apple,0.0098,-0.3206,1.0183,1,Apple market update,1.0
2024-02-06,187.18,43490800,Apple,0.0086,-0.3757,1.0136,1,Apple market update,1.0
2024-02-07,187.29,53439000,Apple,0.0006,0.2287,1.0129,0,Apple market update,1.0
2024-02-08,186.21,40962000,Apple,-0.0058,-0.2335,1.0117,1,Apple market update,1.0
2024-02-09,186.97,45155200,Apple,0.0041,0.1024,1.0106,0,Apple market update,1.0
2024-02-12,185.29,41781900,Apple,-0.009,-0.0747,1.0101,0,Apple market update,1.0
2024-02-13,183.2,56529500,Apple,-0.0113,0.353,1.0147,0,Apple market update,1.0
2024-02-14,182.32,54630500,Apple,-0.0048,-0.0336,1.0169,0,Apple market update,1.0
2024-02-15,182.03,65434500,Apple,-0.0016,0.1978,1.0173,0,Apple market update,1.0
2024-02-16,180.5,49752500,Apple,-0.0084,-0.2397,1.0175,0,Apple market update,1.0
2024-02-20,179.76,53665600,Apple,-0.0041,0.0787,1.0135,1,Apple market update,1.0
2024-02-21,180.51,41371400,Apple,0.0042,-0.2291,1.0123,1,Apple market update,1.0
2024-02-22,182.54,52292200,Apple,0.0112,0.264,1.0137,0,Apple market update,1.0
2024-02-23,180.71,45119700,Apple,-0.01,-0.1372,1.0154,0,Apple market update,1.0
2024-02-26,179.36,40867400,Apple,-0.0075,-0.0942,1.0117,1,Apple market update,1.0
2024-02-27,180.82,54318900,Apple,0.0081,0.3291,1.0243,0,Apple market update,1.0
2024-02-28,179.62,48953900,Apple,-0.0066,-0.0988,1.0166,0,Apple market update,1.0
2024-02-29,178.95,136682600,Apple,-0.0037,1.7921,1.0169,0,Apple market update,1.0
2024-03-01,177.88,73563100,Apple,-0.006,-0.4618,1.0178,0,Apple market update,1.0
2024-03-04,173.36,81510100,Apple,-0.0254,0.108,1.0179,0,Apple market update,1.0
2024-03-05,168.43,95132400,Apple,-0.0284,0.1671,1.0143,0,Apple market update,1.0
2024-03-06,167.44,68587700,Apple,-0.0059,-0.279,1.0152,0,Apple market update,1.0
2024-03-07,167.32,71765100,Apple,-0.0007,0.0463,1.0133,1,Apple market update,1.0
2024-03-08,169.03,76267000,Apple,0.0102,0.0627,1.0282,1,Apple market update,1.0
2024-03-11,171.03,60139500,Apple,0.0118,-0.2115,1.0135,1,Apple market update,1.0
2024-03-12,171.51,59825400,Apple,0.0028,-0.0052,1.0177,0,Apple market update,1.0
2024-03-13,169.43,52488700,Apple,-0.0121,-0.1226,1.0142,1,Apple market update,1.0
2024-03-14,171.28,72913500,Apple,0.0109,0.3891,1.0131,0,Apple market update,1.0
2024-03-15,170.91,121752700,Apple,-0.0022,0.6698,1.0137,1,Apple market update,1.0
2024-03-18,171.99,75604200,Apple,0.0064,-0.379,1.0241,1,Apple market update,1.0
2024-03-19,174.33,55215200,Apple,0.0136,-0.2697,1.0207,1,Apple market update,1.0
2024-03-20,176.9,53423100,Apple,0.0147,-0.0325,1.0204,0,Apple market update,1.0
2024-03-21,169.67,106181300,Apple,-0.0409,0.9876,1.0389,1,Apple market update,1.0
2024-03-22,170.57,71160100,Apple,0.0053,-0.3298,1.0176,0,Apple market update,1.0
2024-03-25,169.15,54288300,Apple,-0.0083,-0.2371,1.0147,0,Apple market update,1.0
2024-03-26,168.02,57388400,Apple,-0.0067,0.0571,1.0109,1,Apple market update,1.0
2024-03-27,171.59,60273300,Apple,0.0212,0.0503,1.0205,0,Apple market update,1.0
2024-03-28,169.78,65672700,Apple,-0.0106,0.0896,1.0101,0,Apple market update,1.0
2024-04-01,168.34,46240500,Apple,-0.0085,-0.2959,1.0104,0,Apple market update,1.0
2024-04-02,167.16,49329500,Apple,-0.007,0.0668,1.0066,1,Apple market update,1.0
2024-04-03,167.97,47691700,Apple,0.0048,-0.0332,1.0125,0,Apple market update,1.0
2024-04-04,167.14,53704400,Apple,-0.0049,0.1261,1.0184,1,Apple market update,1.0
2024-04-05,167.9,42104800,Apple,0.0045,-0.216,1.0085,0,Apple market update,1.0
2024-04-08,166.78,37425500,Apple,-0.0067,-0.1111,1.0057,1,Apple market update,1.0
2024-04-09,167.99,42373800,Apple,0.0072,0.1322,1.0103,0,Apple market update,1.0
2024-04-10,166.11,49709300,Apple,-0.0111,0.1731,1.0118,1,Apple market update,1.0
2024-04-11,173.3,91070300,Apple,0.0433,0.8321,1.0434,1,Apple market update,1.0
2024-04-12,174.8,101670900,Apple,0.0086,0.1164,1.0238,0,Apple market update,1.0
2024-04-15,170.98,73531800,Apple,-0.0219,-0.2768,1.0239,0,Apple market update,1.0
2024-04-16,167.7,73711200,Apple,-0.0192,0.0024,1.0326,0,Apple market update,1.0
2024-04-17,166.33,50901200,Apple,-0.0081,-0.3095,1.0158,0,Apple market update,1.0
2024-04-18,165.38,43122900,Apple,-0.0057,-0.1528,1.0125,0,Apple market update,1.0
2024-04-19,163.36,68149400,Apple,-0.0122,0.5804,1.0141,1,Apple market update,1.0
2024-04-22,164.19,48116400,Apple,0.0051,-0.294,1.0151,1,Apple market update,1.0
2024-04-23,165.24,49537800,Apple,0.0064,0.0295,1.0129,1,Apple market update,1.0
2024-04-24,167.34,48251800,Apple,0.0127,-0.026,1.0186,1,Apple market update,1.0
2024-04-25,168.2,50558300,Apple,0.0051,0.0478,1.0146,0,Apple market update,1.0
2024-04-26,167.62,44838400,Apple,-0.0035,-0.1131,1.0128,1,Apple market update,1.0
2024-04-29,171.78,68169400,Apple,0.0248,0.5203,1.0169,0,Apple market update,1.0
2024-04-30,168.64,65934800,Apple,-0.0183,-0.0328,1.0294,0,Apple market update,1.0
2024-05-01,167.62,50383100,Apple,-0.006,-0.2359,1.0213,1,Apple market update,1.0
2024-05-02,171.31,94214900,Apple,0.022,0.87,1.0148,1,Apple market update,1.0
2024-05-03,181.56,163224100,Apple,0.0598,0.7325,1.0238,0,Apple market update,1.0
2024-05-06,179.91,78569700,Apple,-0.0091,-0.5186,1.021,1,Apple market update,1.0
2024-05-07,180.59,77305800,Apple,0.0038,-0.0161,1.0197,1,Apple market update,1.0
2024-05-08,180.93,45057100,Apple,0.0019,-0.4172,1.0089,1,Apple market update,1.0
2024-05-09,182.74,48983000,Apple,0.01,0.0871,1.014,0,Apple market update,1.0
2024-05-10,181.48,50759500,Apple,-0.0069,0.0363,1.0163,1,Apple market update,1.0
2024-05-13,184.68,72044800,Apple,0.0176,0.4193,1.0134,1,Apple market update,1.0
2024-05-14,185.82,52393600,Apple,0.0062,-0.2728,1.0108,1,Apple market update,1.0
2024-05-15,188.09,70400000,Apple,0.0122,0.3437,1.0175,1,Apple market update,1.0
2024-05-16,188.21,52845200,Apple,0.0006,-0.2494,1.0076,1,Apple market update,1.0
2024-05-17,188.24,41282900,Apple,0.0002,-0.2188,1.0086,1,Apple market update,1.0
2024-05-20,189.4,44361300,Apple,0.0062,0.0746,1.0154,1,Apple market update,1.0
2024-05-21,190.7,42309400,Apple,0.0069,-0.0463,1.0095,0,Apple market update,1.0
2024-05-22,189.26,34648500,Apple,-0.0075,-0.1811,1.0134,0,Apple market update,1.0
2024-05-23,185.28,51005900,Apple,-0.0211,0.4721,1.0234,1,Apple market update,1.0
2024-05-24,188.35,36327000,Apple,0.0166,-0.2878,1.0135,1,Apple market update,1.0
2024-05-28,188.36,52280100,Apple,0.0001,0.4392,1.0206,1,Apple market update,1.0
2024-05-29,188.66,53068000,Apple,0.0016,0.0151,1.0145,1,Apple market update,1.0
2024-05-30,189.65,49889100,Apple,0.0053,-0.0599,1.0081,1,Apple market update,1.0
2024-05-31,190.6,75158300,Apple,0.005,0.5065,1.014,1,Apple market update,1.0
2024-06-03,192.36,50080500,Apple,0.0093,-0.3337,1.0128,1,Apple market update,1.0
2024-06-04,192.68,47471400,Apple,0.0016,-0.0521,1.0119,1,Apple market update,1.0
2024-06-05,194.19,54156800,Apple,0.0078,0.1408,1.0104,0,Apple market update,1.0
2024-06-06,192.81,41181800,Apple,-0.0071,-0.2396,1.012,1,Apple market update,1.0
2024-06-07,195.2,53103900,Apple,0.0124,0.2895,1.0144,0,Apple market update,1.0
2024-06-10,191.46,97010200,Apple,-0.0191,0.8268,1.0268,1,Apple market update,1.0
2024-06-11,205.37,172373300,Apple,0.0726,0.7769,1.0699,1,Apple market update,1.0
2024-06-12,211.24,198134300,Apple,0.0286,0.1494,1.0643,1,Apple market update,1.0
2024-06-13,212.4,97862700,Apple,0.0055,-0.5061,1.0243,0,Apple market update,1.0
2024-06-14,210.67,70122700,Apple,-0.0082,-0.2835,1.0183,1,Apple market update,1.0
2024-06-17,214.81,93728300,Apple,0.0197,0.3366,1.0293,0,Apple market update,1.0
2024-06-18,212.45,79943300,Apple,-0.011,-0.1471,1.0264,0,Apple market update,1.0
2024-06-20,207.88,86172500,Apple,-0.0215,0.0779,1.0258,0,Apple market update,1.0
2024-06-21,205.71,241805100,Apple,-0.0104,1.8061,1.0231,1,Apple market update,1.0
2024-06-24,206.35,80727000,Apple,0.0031,-0.6661,1.0296,1,Apple market update,1.0
2024-06-25,207.27,55549700,Apple,0.0045,-0.3119,1.0133,1,Apple market update,1.0
2024-06-26,211.42,66213200,Apple,0.02,0.192,1.02,1,Apple market update,1.0
2024-06-27,212.26,49772700,Apple,0.004,-0.2483,1.016,0,Apple market update,1.0
2024-06-28,208.81,82542700,Apple,-0.0163,0.6584,1.0274,1,Apple market update,1.0
2024-07-01,214.89,60402900,Apple,0.0291,-0.2682,1.0264,1,Apple market update,1.0
2024-07-02,218.38,58046200,Apple,0.0162,-0.039,1.0245,1,Apple market update,1.0
2024-07-03,219.65,37369800,Apple,0.0058,-0.3562,1.0115,1,Apple market update,1.0
2024-07-05,224.4,60412400,Apple,0.0216,0.6166,1.0217,1,Apple market update,1.0
2024-07-08,225.86,59085900,Apple,0.0065,-0.022,1.0206,1,Apple market update,1.0
2024-07-09,226.72,48076100,Apple,0.0038,-0.1863,1.0134,1,Apple market update,1.0
2024-07-10,230.98,62627700,Apple,0.0188,0.3027,1.0167,0,Apple market update,1.0
2024-07-11,225.62,64710600,Apple,-0.0232,0.0333,1.0293,1,Apple market update,1.0
2024-07-12,228.56,53046500,Apple,0.0131,-0.1803,1.0173,1,Apple market update,1.0
2024-07-15,232.39,62631300,Apple,0.0167,0.1807,1.0178,1,Apple market update,1.0
2024-07-16,232.8,43234300,Apple,0.0018,-0.3097,1.017,0,Apple market update,1.0
2024-07-17,226.91,57345900,Apple,-0.0253,0.3264,1.0213,0,Apple market update,1.0
2024-07-18,222.25,66034600,Apple,-0.0205,0.1515,1.0368,1,Apple market update,1.0
2024-07-19,222.38,49151500,Apple,0.0006,-0.2557,1.0158,0,Apple market update,1.0
2024-07-22,222.04,48201800,Apple,-0.0016,-0.0193,1.021,1,Apple market update,1.0
2024-07-23,223.08,39960300,Apple,0.0047,-0.171,1.0191,0,Apple market update,1.0
2024-07-24,216.66,61777600,Apple,-0.0288,0.546,1.0353,0,Apple market update,1.0
2024-07-25,215.62,51391200,Apple,-0.0048,-0.1681,1.029,1,Apple market update,1.0
2024-07-26,216.09,41601300,Apple,0.0022,-0.1905,1.0161,1,Apple market update,1.0
2024-07-29,216.37,36311800,Apple,0.0013,-0.1271,1.0165,1,Apple market update,1.0
2024-07-30,216.92,41643800,Apple,0.0026,0.1468,1.0195,1,Apple market update,1.0
2024-07-31,220.17,50036300,Apple,0.015,0.2015,1.0145,0,Apple market update,1.0
2024-08-01,216.48,62501000,Apple,-0.0168,0.2491,1.0344,1,Apple market update,1.0
2024-08-02,217.97,105568600,Apple,0.0069,0.6891,1.0362,0,Apple market update,1.0
2024-08-05,207.47,119548600,Apple,-0.0482,0.1324,1.0893,0,Apple market update,1.0
2024-08-06,205.45,69660500,Apple,-0.0097,-0.4173,1.0444,1,Apple market update,1.0
2024-08-07,208.02,63516400,Apple,0.0125,-0.0882,1.0351,1,Apple market update,1.0
2024-08-08,211.48,47161100,Apple,0.0166,-0.2575,1.0257,1,Apple market update,1.0
2024-08-09,214.38,42201600,Apple,0.0137,-0.1052,1.0227,1,Apple market update,1.0
2024-08-12,215.91,38028100,Apple,0.0071,-0.0989,1.0181,1,Apple market update,1.0
2024-08-13,219.62,44155300,Apple,0.0172,0.1611,1.0132,1,Apple market update,1.0
2024-08-14,220.07,41960600,Apple,0.002,-0.0497,1.0152,1,Apple market update,1.0
2024-08-15,223.05,46414000,Apple,0.0135,0.1061,1.0116,1,Apple market update,1.0
2024-08-16,224.37,44340200,Apple,0.0059,-0.0447,1.0142,0,Apple market update,1.0
2024-08-19,224.21,40687800,Apple,-0.0007,-0.0824,1.0132,1,Apple market update,1.0
2024-08-20,224.82,30299000,Apple,0.0027,-0.2553,1.0076,0,Apple market update,1.0
2024-08-21,224.72,34765500,Apple,-0.0005,0.1474,1.013,0,Apple market update,1.0
2024-08-22,222.86,43695300,Apple,-0.0083,0.2569,1.0198,1,Apple market update,1.0
2024-08-23,225.15,38677300,Apple,0.0103,-0.1148,1.0173,1,Apple market update,1.0
2024-08-26,225.49,30602200,Apple,0.0015,-0.2088,1.0151,1,Apple market update,1.0
2024-08-27,226.33,35934600,Apple,0.0037,0.1742,1.0176,0,Apple market update,1.0
2024-08-28,224.8,38052200,Apple,-0.0068,0.0589,1.0185,1,Apple market update,1.0
2024-08-29,228.08,51906300,Apple,0.0146,0.3641,1.0177,0,Apple market update,1.0
2024-08-30,227.3,52990800,Apple,-0.0034,0.0209,1.0128,0,Apple market update,1.0
2024-09-03,221.11,50190600,Apple,-0.0272,-0.0528,1.0354,0,Apple market update,1.0
2024-09-04,219.21,43840200,Apple,-0.0086,-0.1265,1.0198,1,Apple market update,1.0
2024-09-05,220.73,36615400,Apple,0.0069,-0.1648,1.0179,0,Apple market update,1.0
2024-09-06,219.18,48423000,Apple,-0.007,0.3225,1.0249,1,Apple market update,1.0
2024-09-09,219.27,67180000,Apple,0.0004,0.3874,1.021,0,Apple market update,1.0
2024-09-10,218.47,51591000,Apple,-0.0036,-0.232,1.0219,1,Apple market update,1.0
2024-09-11,221.0,44587100,Apple,0.0116,-0.1358,1.0239,1,Apple market update,1.0
2024-09-12,221.11,37455600,Apple,0.0005,-0.1599,1.017,0,Apple market update,1.0
2024-09-13,220.84,36766600,Apple,-0.0012,-0.0184,1.0096,0,Apple market update,1.0
2024-09-16,214.71,59357400,Apple,-0.0278,0.6144,1.0154,1,Apple market update,1.0
2024-09-17,215.18,45519300,Apple,0.0022,-0.2331,1.0112,1,Apple market update,1.0
2024-09-18,219.05,59894900,Apple,0.018,0.3158,1.0238,1,Apple market update,1.0
2024-09-19,227.17,66781300,Apple,0.0371,0.115,1.0231,0,Apple market update,1.0
2024-09-20,226.5,318679900,Apple,-0.0029,3.772,1.024,0,Apple market update,1.0
2024-09-23,224.78,54146000,Apple,-0.0076,-0.8301,1.0161,1,Apple market update,1.0
2024-09-24,225.68,43556100,Apple,0.004,-0.1956,1.016,0,Apple market update,1.0
2024-09-25,224.69,42308700,Apple,-0.0044,-0.0286,1.0146,1,Apple market update,1.0
2024-09-26,225.83,36636700,Apple,0.0051,-0.1341,1.0137,1,Apple market update,1.0
2024-09-27,226.1,34026000,Apple,0.0012,-0.0713,1.0098,1,Apple market update,1.0
2024-09-30,231.27,54541900,Apple,0.0229,0.6029,1.0146,0,Apple market update,1.0
2024-10-01,224.53,63285000,Apple,-0.0291,0.1603,1.0264,1,Apple market update,1.0
2024-10-02,225.09,32880600,Apple,0.0025,-0.4804,1.0195,0,Apple market update,1.0
2024-10-03,223.99,34044200,Apple,-0.0049,0.0354,1.0156,1,Apple market update,1.0
2024-10-04,225.11,37245100,Apple,0.005,0.094,1.0173,0,Apple market update,1.0
2024-10-07,220.04,39505400,Apple,-0.0225,0.0607,1.0197,1,Apple market update,1.0
2024-10-08,224.09,31855700,Apple,0.0184,-0.1936,1.0122,1,Apple market update,1.0
2024-10-09,227.83,33591100,Apple,0.0167,0.0545,1.0219,0,Apple market update,1.0
2024-10-10,227.34,28183500,Apple,-0.0022,-0.161,1.0103,0,Apple market update,1.0
2024-10-11,225.86,31759200,Apple,-0.0065,0.1269,1.0091,1,Apple market update,1.0
2024-10-14,229.58,39882100,Apple,0.0165,0.2558,1.0137,1,Apple market update,1.0
2024-10-15,232.11,64751400,Apple,0.011,0.6236,1.022,0,Apple market update,1.0
2024-10-16,230.06,34082200,Apple,-0.0089,-0.4736,1.0099,1,Apple market update,1.0
2024-10-17,230.42,32993800,Apple,0.0016,-0.0319,1.0144,1,Apple market update,1.0
2024-10-18,233.25,46431500,Apple,0.0123,0.4073,1.0093,1,Apple market update,1.0
2024-10-21,234.72,36254500,Apple,0.0063,-0.2192,1.0102,0,Apple market update,1.0
2024-10-22,234.11,38846600,Apple,-0.0026,0.0715,1.0156,0,Apple market update,1.0
2024-10-23,229.04,52287000,Apple,-0.0216,0.346,1.0324,0,Apple market update,1.0
2024-10-24,228.85,31109500,Apple,-0.0008,-0.405,1.0106,1,Apple market update,1.0
2024-10-25,229.69,38802300,Apple,0.0036,0.2473,1.0159,1,Apple market update,1.0
2024-10-28,231.66,36087100,Apple,0.0086,-0.07,1.0094,1,Apple market update,1.0
2024-10-29,231.93,35417200,Apple,0.0012,-0.0186,1.0087,0,Apple market update,1.0
2024-10-30,228.39,47070900,Apple,-0.0153,0.329,1.0171,0,Apple market update,1.0
2024-10-31,224.23,64370100,Apple,-0.0182,0.3675,1.0198,0,Apple market update,1.0
2024-11-01,221.25,65276700,Apple,-0.0133,0.0141,1.0231,0,Apple market update,1.0
2024-11-04,220.36,44944500,Apple,-0.004,-0.3115,1.014,1,Apple market update,1.0
2024-11-05,221.79,28111300,Apple,0.0065,-0.3745,1.0127,0,Apple market update,1.0
2024-11-06,221.06,54561100,Apple,-0.0033,0.9409,1.0221,1,Apple market update,1.0
2024-11-07,225.79,42137700,Apple,0.0214,-0.2277,1.0147,0,Apple market update,1.0
2024-11-08,225.52,38328800,Apple,-0.0012,-0.0904,1.0099,0,Apple market update,1.0
2024-11-11,222.81,42005600,Apple,-0.012,0.0959,1.019,0,Apple market update,1.0
2024-11-13,223.69,48566200,Apple,0.004,0.2022,1.0175,1,Apple market update,1.0
2024-11-14,226.77,44923900,Apple,0.0138,-0.075,1.0172,0,Apple market update,1.0
2024-11-15,223.57,47923700,Apple,-0.0141,0.0668,1.0118,1,Apple market update,1.0
2024-11-18,226.57,44633700,Apple,0.0134,-0.0687,1.0203,1,Apple market update,1.0
2024-11-19,226.83,36211800,Apple,0.0011,-0.1887,1.0154,1,Apple market update,1.0
2024-11-20,227.55,35169600,Apple,0.0032,-0.0288,1.0179,0,Apple market update,1.0
2024-11-21,227.07,42108300,Apple,-0.0021,0.1973,1.0197,1,Apple market update,1.0
2024-11-22,228.41,38168300,Apple,0.0059,-0.0936,1.0117,1,Apple market update,1.0
2024-11-25,231.39,90152800,Apple,0.0131,1.362,1.0153,1,Apple market update,1.0
2024-11-26,233.57,45986200,Apple,0.0094,-0.4899,1.0096,0,Apple market update,1.0
2024-11-27,233.44,33498400,Apple,-0.0006,-0.2716,1.008,1,Apple market update,1.0
2024-11-29,235.82,28481400,Apple,0.0102,-0.1498,1.0164,1,Apple market update,1.0
2024-12-02,238.07,48137100,Apple,0.0095,0.6901,1.0153,1,Apple market update,1.0
2024-12-03,241.11,38861000,Apple,0.0128,-0.1927,1.0162,1,Apple market update,1.0
2024-12-04,241.47,44383900,Apple,0.0015,0.1421,1.0119,1,Apple market update,1.0
2024-12-05,241.5,40033900,Apple,0.0001,-0.098,1.01,0,Apple market update,1.0
2024-12-06,241.3,36870600,Apple,-0.0008,-0.079,1.0105,1,Apple market update,1.0
2024-12-09,245.18,44649200,Apple,0.0161,0.211,1.0227,1,Apple market update,1.0
2024-12-10,246.2,36914800,Apple,0.0041,-0.1732,1.0117,0,Apple market update,1.0
2024-12-11,244.93,45205800,Apple,-0.0052,0.2246,1.0184,1,Apple market update,1.0
2024-12-12,246.39,32777500,Apple,0.006,-0.2749,1.0125,1,Apple market update,1.0
2024-12-13,246.55,33155300,Apple,0.0007,0.0115,1.0124,1,Apple market update,1.0
2024-12-16,249.45,51694800,Apple,0.0117,0.5592,1.0151,1,Apple market update,1.0
2024-12-17,251.87,51356400,Apple,0.0097,-0.0065,1.0162,0,Apple market update,1.0
2024-12-18,246.48,56774100,Apple,-0.0214,0.1055,1.0264,1,Apple market update,1.0
2024-12-19,248.2,60882300,Apple,0.007,0.0724,1.0199,1,Apple market update,1.0
2024-12-20,252.87,147495300,Apple,0.0188,1.4226,1.0379,1,Apple market update,1.0
2024-12-23,253.65,40858800,Apple,0.0031,-0.723,1.0087,1,Apple market update,1.0
2024-12-24,256.56,23234700,Apple,0.0115,-0.4313,1.0114,1,Apple market update,1.0
2024-12-26,257.38,27237100,Apple,0.0032,0.1723,1.0096,0,Apple market update,1.0
2024-12-27,253.97,42355300,Apple,-0.0132,0.5551,1.0223,0,Apple market update,1.0
2024-12-30,250.6,35557500,Apple,-0.0133,-0.1605,1.011,0,Apple market update,1.0
2024-12-31,248.83,39480700,Apple,-0.0071,0.1103,1.0154,0,Apple market update,1.0
2025-01-02,242.3,55740700,Apple,-0.0262,0.4118,1.0301,0,Apple market update,1.0
2025-01-03,241.82,40244100,Apple,-0.002,-0.278,1.0095,1,Apple market update,1.0
2025-01-06,243.44,45045600,Apple,0.0067,0.1193,1.017,0,Apple market update,1.0
2025-01-07,240.67,40856000,Apple,-0.0114,-0.093,1.0174,1,Apple market update,1.0
2025-01-08,241.16,37628900,Apple,0.002,-0.079,1.0152,0,Apple market update,1.0
2025-01-10,235.35,61710900,Apple,-0.0241,0.64,1.0307,0,Apple market update,1.0
2025-01-13,232.91,49630700,Apple,-0.0103,-0.1958,1.0215,0,Apple market update,1.0
2025-01-14,231.8,39435300,Apple,-0.0048,-0.2054,1.0157,1,Apple market update,1.0
2025-01-15,236.36,39832000,Apple,0.0197,0.0101,1.0193,0,Apple market update,1.0
2025-01-16,226.81,71759100,Apple,-0.0404,0.8015,1.0438,1,Apple market update,1.0
2025-01-17,228.52,68488300,Apple,0.0075,-0.0456,1.0167,0,Apple market update,1.0
2025-01-21,221.23,98070400,Apple,-0.0319,0.4319,1.023,1,Apple market update,1.0
2025-01-22,222.41,64126500,Apple,0.0053,-0.3461,1.0197,0,Apple market update,1.0
2025-01-23,222.24,60234800,Apple,-0.0008,-0.0607,1.0213,0,Apple market update,1.0
2025-01-24,221.37,54697900,Apple,-0.0039,-0.0919,1.0191,1,Apple market update,1.0
2025-01-27,228.4,94863400,Apple,0.0318,0.7343,1.0365,1,Apple market update,1.0
2025-01-28,236.75,75707600,Apple,0.0365,-0.2019,1.0406,1,Apple market update,1.0
2025-01-29,237.84,45486100,Apple,0.0046,-0.3992,1.025,0,Apple market update,1.0
2025-01-30,236.08,55658300,Apple,-0.0074,0.2236,1.0151,0,Apple market update,1.0
2025-01-31,234.5,100959800,Apple,-0.0067,0.8139,1.0589,0,Apple market update,1.0
2025-02-03,226.56,73063300,Apple,-0.0339,-0.2763,1.0272,1,Apple market update,1.0
2025-02-04,231.32,45067300,Apple,0.021,-0.3832,1.0286,0,Apple market update,1.0
2025-02-05,230.99,39620300,Apple,-0.0014,-0.1209,1.0193,1,Apple market update,1.0
2025-02-06,231.74,29925300,Apple,0.0032,-0.2447,1.0146,0,Apple market update,1.0
2025-02-07,226.18,39707200,Apple,-0.024,0.3269,1.0297,1,Apple market update,1.0
2025-02-10,226.45,33115600,Apple,0.0012,-0.166,1.0149,1,Apple market update,1.0
2025-02-11,231.4,53718400,Apple,0.0218,0.6221,1.0311,1,Apple market update,1.0
2025-02-12,235.63,45243300,Apple,0.0183,-0.1578,1.0272,1,Apple market update,1.0
2025-02-13,240.26,53614100,Apple,0.0197,0.185,1.0287,1,Apple market update,1.0
2025-02-14,243.31,40896200,Apple,0.0127,-0.2372,1.0189,0,Apple market update,1.0
2025-02-18,243.19,48822500,Apple,-0.0005,0.1938,1.0138,1,Apple market update,1.0
2025-02-19,243.58,32204200,Apple,0.0016,-0.3404,1.0117,1,Apple market update,1.0
2025-02-20,244.54,32316900,Apple,0.0039,0.0035,1.0102,0,Apple market update,1.0
2025-02-21,244.26,53197400,Apple,-0.0011,0.6461,1.0142,1,Apple market update,1.0
2025-02-24,245.8,51326400,Apple,0.0063,-0.0352,1.0182,0,Apple market update,1.0
2025-02-25,245.74,48013300,Apple,-0.0002,-0.0645,1.0208,0,Apple market update,1.0
2025-02-26,239.1,44433600,Apple,-0.027,-0.0746,1.0245,0,Apple market update,1.0
2025-02-27,236.05,41153600,Apple,-0.0127,-0.0738,1.0228,1,Apple market update,1.0
2025-02-28,240.57,56833400,Apple,0.0191,0.381,1.0517,0,Apple market update,1.0
2025-03-03,236.78,47184000,Apple,-0.0158,-0.1698,1.0335,0,Apple market update,1.0
2025-03-04,234.69,53798100,Apple,-0.0088,0.1402,1.023,0,Apple market update,1.0
2025-03-05,234.5,47227600,Apple,-0.0008,-0.1221,1.0319,0,Apple market update,1.0
2025-03-06,234.09,45170400,Apple,-0.0017,-0.0436,1.0202,1,Apple market update,1.0
2025-03-07,237.81,46273600,Apple,0.0159,0.0244,1.0282,0,Apple market update,1.0
2025-03-10,226.28,72071200,Apple,-0.0485,0.5575,1.0533,0,Apple market update,1.0
2025-03-11,219.68,76137400,Apple,-0.0292,0.0564,1.0386,0,Apple market update,1.0
2025-03-12,215.84,62547500,Apple,-0.0175,-0.1785,1.0318,0,Apple market update,1.0
2025-03-13,208.58,61368300,Apple,-0.0336,-0.0189,1.0404,1,Apple market update,1.0
2025-03-14,212.37,60107600,Apple,0.0182,-0.0205,1.0209,1,Apple market update,1.0
2025-03-17,212.88,48073400,Apple,0.0024,-0.2002,1.025,0,Apple market update,1.0
2025-03-18,211.57,42432400,Apple,-0.0061,-0.1173,1.0173,1,Apple market update,1.0
2025-03-19,214.11,54385400,Apple,0.012,0.2817,1.0234,0,Apple market update,1.0
2025-03-20,212.97,48862900,Apple,-0.0053,-0.1015,1.0248,1,Apple market update,1.0
2025-03-21,217.12,94127800,Apple,0.0195,0.9264,1.0358,1,Apple market update,1.0
2025-03-24,219.57,44299500,Apple,0.0113,-0.5294,1.0133,1,Apple market update,1.0
2025-03-25,222.57,34493600,Apple,0.0137,-0.2214,1.0183,0,Apple market update,1.0
2025-03-26,220.37,34466100,Apple,-0.0099,-0.0008,1.0206,1,Apple market update,1.0
2025-03-27,222.67,37094800,Apple,0.0105,0.0763,1.0201,0,Apple market update,1.0
2025-03-28,216.75,39818600,Apple,-0.0266,0.0734,1.0282,1,Apple market update,1.0
2025-03-31,220.96,65299300,Apple,0.0194,0.6399,1.0434,1,Apple market update,1.0
2025-04-01,222.02,36412700,Apple,0.0048,-0.4424,1.0218,1,Apple market update,1.0
2025-04-02,222.71,35905900,Apple,0.0031,-0.0139,1.0189,0,Apple market update,1.0
2025-04-03,202.12,103419000,Apple,-0.0925,1.8803,1.031,0,Apple market update,1.0
2025-04-04,187.39,125910900,Apple,-0.0729,0.2175,1.0669,0,Apple market update,1.0
2025-04-07,180.51,160466300,Apple,-0.0367,0.2744,1.1118,0,Apple market update,1.0
2025-04-08,171.51,120859500,Apple,-0.0498,-0.2468,1.1249,1,Apple market update,1.0
2025-04-09,197.8,184395900,Apple,0.1533,0.5257,1.1671,0,Apple market update,1.0
2025-04-10,189.42,121880000,Apple,-0.0424,-0.339,1.0644,1,Apple market update,1.0
2025-04-11,197.11,87435900,Apple,0.0406,-0.2826,1.0724,1,Apple market update,1.0
2025-04-14,201.46,101352900,Apple,0.0221,0.1592,1.0586,0,Apple market update,1.0
2025-04-15,201.08,51343900,Apple,-0.0019,-0.4934,1.0186,0,Apple market update,1.0
2025-04-16,193.25,59732400,Apple,-0.0389,0.1634,1.0433,1,Apple market update,1.0
2025-04-17,195.94,52164700,Apple,0.0139,-0.1267,1.0227,0,Apple market update,1.0
2025-04-21,192.14,46742500,Apple,-0.0194,-0.1039,1.021,1,Apple market update,1.0
2025-04-22,198.69,52976400,Apple,0.0341,0.1334,1.0287,1,Apple market update,1.0
2025-04-23,203.52,52929200,Apple,0.0243,-0.0009,1.0256,1,Apple market update,1.0
2025-04-24,207.27,47311000,Apple,0.0184,-0.1061,1.029,1,Apple market update,1.0
2025-04-25,208.18,38222300,Apple,0.0044,-0.1921,1.0172,1,Apple market update,1.0
2025-04-28,209.04,38743100,Apple,0.0041,0.0136,1.0195,1,Apple market update,1.0
2025-04-29,210.1,36827600,Apple,0.0051,-0.0494,1.0186,1,Apple market update,1.0
2025-04-30,211.38,52286500,Apple,0.0061,0.4198,1.0334,1,Apple market update,1.0
2025-05-01,212.2,57365700,Apple,0.0039,0.0971,1.0271,0,Apple market update,1.0
2025-05-02,204.27,101010600,Apple,-0.0374,0.7608,1.0239,0,Apple market update,1.0
2025-05-05,197.84,69018500,Apple,-0.0315,-0.3167,1.0297,0,Apple market update,1.0
2025-05-06,197.47,51216500,Apple,-0.0019,-0.2579,1.0184,0,Apple market update,1.0
2025-05-07,195.22,68536700,Apple,-0.0114,0.3382,1.032,1,Apple market update,1.0
2025-05-08,196.45,50478900,Apple,0.0063,-0.2635,1.0276,1,Apple market update,1.0
2025-05-09,197.49,36453900,Apple,0.0053,-0.2778,1.0152,1,Apple market update,1.0
2025-05-12,209.96,63775800,Apple,0.0631,0.7495,1.0219,1,Apple market update,1.0
2025-05-13,212.09,51909300,Apple,0.0102,-0.1861,1.0211,0,Apple market update,1.0
2025-05-14,211.49,49325800,Apple,-0.0028,-0.0498,1.016,0,Apple market update,1.0
2025-05-15,210.61,45029500,Apple,-0.0041,-0.0871,1.0163,0,Apple market update,1.0
2025-05-16,210.43,54737900,Apple,-0.0009,0.2156,1.0133,0,Apple market update,1.0
2025-05-19,207.96,46140500,Apple,-0.0117,-0.1571,1.0256,0,Apple market update,1.0
2025-05-20,206.04,42496600,Apple,-0.0092,-0.079,1.0168,0,Apple market update,1.0
2025-05-21,201.29,59211800,Apple,-0.0231,0.3933,1.0315,0,Apple market update,1.0
2025-05-22,200.56,46742400,Apple,-0.0036,-0.2106,1.0153,0,Apple market update,1.0
2025-05-23,194.5,78432900,Apple,-0.0302,0.678,1.0219,1,Apple market update,1.0
2025-05-27,199.42,56288500,Apple,0.0253,-0.2823,1.0168,1,Apple market update,1.0
2025-05-28,199.63,45339700,Apple,0.001,-0.1945,1.0142,0,Apple market update,1.0
2025-05-29,199.16,51396800,Apple,-0.0023,0.1336,1.0267,1,Apple market update,1.0
2025-05-30,200.06,70819900,Apple,0.0045,0.3779,1.0263,1,Apple market update,1.0
2025-06-02,200.9,35423300,Apple,0.0042,-0.4998,1.01,1,Apple market update,1.0
2025-06-03,202.47,46381600,Apple,0.0078,0.3094,1.014,0,Apple market update,1.0
2025-06-04,202.02,43604000,Apple,-0.0022,-0.0599,1.0205,0,Apple market update,1.0
2025-06-05,199.84,55126100,Apple,-0.0108,0.2642,1.023,1,Apple market update,1.0
2025-06-06,203.11,46607700,Apple,0.0164,-0.1545,1.0181,0,Apple market update,1.0
2025-06-09,200.65,72862600,Apple,-0.0121,0.5633,1.0299,1,Apple market update,1.0
2025-06-10,201.87,54672600,Apple,0.0061,-0.2496,1.0188,0,Apple market update,1.0
2025-06-11,197.99,60989900,Apple,-0.0192,0.1155,1.0307,1,Apple market update,1.0
2025-06-12,198.41,43904600,Apple,0.0021,-0.2801,1.0118,0,Apple market update,1.0
2025-06-13,195.67,51447300,Apple,-0.0138,0.1718,1.0239,1,Apple market update,1.0
2025-06-16,197.64,43020700,Apple,0.01,-0.1638,1.0108,0,Apple market update,1.0
2025-06-17,194.87,38856200,Apple,-0.014,-0.0968,1.0163,1,Apple market update,1.0
2025-06-18,195.8,45394700,Apple,0.0048,0.1683,1.0128,1,Apple market update,1.0
2025-06-20,200.21,96813500,Apple,0.0225,1.1327,1.0246,1,Apple market update,1.0
2025-06-23,200.7,55814300,Apple,0.0025,-0.4235,1.0168,0,Apple market update,1.0
2025-06-24,199.51,54064000,Apple,-0.006,-0.0314,1.0162,1,Apple market update,1.0
2025-06-25,200.76,39525700,Apple,0.0063,-0.2689,1.0152,0,Apple market update,1.0
2025-06-26,200.21,50799100,Apple,-0.0028,0.2852,1.0159,1,Apple market update,1.0
2025-06-27,200.29,73188600,Apple,0.0004,0.4407,1.0161,1,Apple market update,1.0
2025-06-30,204.36,91912800,Apple,0.0203,0.2558,1.0408,1,Apple market update,1.0
2025-07-01,207.0,78788900,Apple,0.0129,-0.1428,1.0196,1,Apple market update,1.0
2025-07-02,211.6,67941800,Apple,0.0222,-0.1377,1.025,1,Apple market update,1.0
2025-07-03,212.71,34955800,Apple,0.0052,-0.4855,1.0134,0,Apple market update,1.0
2025-07-07,209.12,50229000,Apple,-0.0169,0.4369,1.0356,1,Apple market update,1.0
2025-07-08,209.18,42848900,Apple,0.0003,-0.1469,1.0143,1,Apple market update,1.0
2025-07-09,210.31,48749400,Apple,0.0054,0.1377,1.0198,1,Apple market update,1.0
2025-07-10,211.57,44443600,Apple,0.006,-0.0883,1.0164,0,Apple market update,1.0
2025-07-11,210.33,39765800,Apple,-0.0059,-0.1053,1.0108,0,Apple market update,1.0
2025-07-14,207.8,38840100,Apple,-0.012,-0.0233,1.0162,1,Apple market update,1.0
2025-07-15,208.28,42296300,Apple,0.0023,0.089,1.0142,1,Apple market update,1.0
2025-07-16,209.33,47490500,Apple,0.005,0.1228,1.018,0,Apple market update,1.0
2025-07-17,209.19,48068100,Apple,-0.0007,0.0122,1.0105,1,Apple market update,1.0
2025-07-18,210.35,48974600,Apple,0.0055,0.0189,1.01,1,Apple market update,1.0
2025-07-21,211.64,51377400,Apple,0.0062,0.0491,1.0196,1,Apple market update,1.0
2025-07-22,213.55,46404100,Apple,0.009,-0.0968,1.0128,0,Apple market update,1.0
2025-07-23,213.3,46989300,Apple,-0.0012,0.0126,1.0129,0,Apple market update,1.0
2025-07-24,212.92,46022600,Apple,-0.0018,-0.0206,1.0101,1,Apple market update,1.0
2025-07-25,213.03,40268800,Apple,0.0006,-0.125,1.0086,1,Apple market update,1.0
2025-07-28,213.2,37858000,Apple,0.0008,-0.0599,1.0084,0,Apple market update,1.0
2025-07-29,210.44,51411700,Apple,-0.013,0.358,1.0189,0,Apple market update,1.0
2025-07-30,208.22,45512500,Apple,-0.0105,-0.1147,1.0225,0,Apple market update,1.0
2025-07-31,206.75,80698400,Apple,-0.0071,0.7731,1.0129,0,Apple market update,1.0
2025-08-01,201.58,104434500,Apple,-0.025,0.2941,1.06,1,Apple market update,1.0
2025-08-04,202.55,75109300,Apple,0.0048,-0.2808,1.0307,0,Apple market update,1.0
2025-08-05,202.12,44155100,Apple,-0.0021,-0.4121,1.0157,1,Apple market update,1.0
2025-08-06,212.41,108483100,Apple,0.0509,1.4569,1.0476,1,Apple market update,1.0
2025-08-07,219.16,90224800,Apple,0.0318,-0.1683,1.0197,1,Apple market update,1.0
2025-08-08,228.44,113854000,Apple,0.0424,0.2619,1.0536,0,Apple market update,1.0
2025-08-11,226.54,61806100,Apple,-0.0083,-0.4571,1.0214,1,Apple market update,1.0
2025-08-12,229.0,55626200,Apple,0.0109,-0.1,1.0164,1,Apple market update,1.0
2025-08-13,232.67,69878500,Apple,0.016,0.2562,1.0198,0,Apple market update,1.0
2025-08-14,232.12,51916300,Apple,-0.0024,-0.257,1.0185,0,Apple market update,1.0
2025-08-15,230.94,56038700,Apple,-0.0051,0.0794,1.0215,0,Apple market update,1.0
2025-08-18,230.24,37476200,Apple,-0.003,-0.3312,1.0131,0,Apple market update,1.0
2025-08-19,229.91,39402600,Apple,-0.0014,0.0514,1.0153,0,Apple market update,1.0
2025-08-20,225.37,42263900,Apple,-0.0197,0.0726,1.0208,0,Apple market update,1.0
2025-08-21,224.27,30621200,Apple,-0.0049,-0.2755,1.0122,1,Apple market update,1.0
2025-08-22,227.12,42477800,Apple,0.0127,0.3872,1.0163,0,Apple market update,1.0
2025-08-25,226.52,30983100,Apple,-0.0026,-0.2706,1.0136,1,Apple market update,1.0
2025-08-26,228.66,54575100,Apple,0.0095,0.7614,1.0214,1,Apple market update,1.0
2025-08-27,229.84,31259500,Apple,0.0051,-0.4272,1.0116,1,Apple market update,1.0
2025-08-28,231.9,38074700,Apple,0.009,0.218,1.0177,0,Apple market update,1.0
2025-08-29,231.49,39418400,Apple,-0.0018,0.0353,1.0087,0,Apple market update,1.0
2025-09-02,229.07,44075600,Apple,-0.0104,0.1181,1.0171,1,Apple market update,1.0
2025-09-03,237.8,66427800,Apple,0.0381,0.5071,1.0192,1,Apple market update,1.0
2025-09-04,239.1,47549400,Apple,0.0055,-0.2842,1.0133,0,Apple market update,1.0
2025-09-05,239.01,54870400,Apple,-0.0004,0.154,1.0119,0,Apple market update,1.0
2025-09-08,237.21,48999500,Apple,-0.0076,-0.107,1.0161,0,Apple market update,1.0
2025-09-09,233.69,66313900,Apple,-0.0148,0.3534,1.0232,0,Apple market update,1.0
2025-09-10,226.15,83440800,Apple,-0.0323,0.2583,1.0286,1,Apple market update,1.0
2025-09-11,229.38,50208600,Apple,0.0143,-0.3983,1.0168,1,Apple market update,1.0
2025-09-12,233.41,55824200,Apple,0.0176,0.1118,1.024,1,Apple market update,1.0
2025-09-15,236.03,42699500,Apple,0.0112,-0.2351,1.0134,1,Apple market update,1.0
2025-09-16,237.48,63421100,Apple,0.0061,0.4853,1.0207,1,Apple market update,1.0
2025-09-17,238.32,46508000,Apple,0.0035,-0.2667,1.01,0,Apple market update,1.0
2025-09-18,237.21,44249600,Apple,-0.0046,-0.0486,1.0192,1,Apple market update,1.0
2025-09-19,244.81,163741300,Apple,0.032,2.7004,1.0254,1,Apple market update,1.0
2025-09-22,255.36,105517400,Apple,0.0431,-0.3556,1.0343,0,Apple market update,1.0
2025-09-23,253.71,60275200,Apple,-0.0064,-0.4288,1.0148,0,Apple market update,1.0
2025-09-24,251.6,42303700,Apple,-0.0083,-0.2982,1.0187,1,Apple market update,1.0
2025-09-25,256.15,55202100,Apple,0.0181,0.3049,1.0217,0,Apple market update,1.0
2025-09-26,254.74,46076300,Apple,-0.0055,-0.1653,1.0151,0,Apple market update,1.0
2025-09-29,253.71,40127700,Apple,-0.004,-0.1291,1.0079,1,Apple market update,1.0
2025-09-30,253.91,37704300,Apple,0.0008,-0.0604,1.0111,1,Apple market update,1.0
2025-10-01,254.73,48713900,Apple,0.0032,0.292,1.0151,1,Apple market update,1.0
2025-10-02,256.4,42630200,Apple,0.0066,-0.1249,1.0159,1,Apple market update,1.0
2025-10-03,257.29,49155600,Apple,0.0035,0.1531,1.0208,0,Apple market update,1.0
2025-10-06,255.97,44664100,Apple,-0.0052,-0.0914,1.0158,0,Apple market update,1.0
2025-10-07,255.76,31955800,Apple,-0.0008,-0.2845,1.0077,1,Apple market update,1.0
2025-10-08,257.33,36496900,Apple,0.0062,0.1421,1.0094,0,Apple market update,1.0
2025-10-09,253.32,38322000,Apple,-0.0156,0.05,1.0192,0,Apple market update,1.0
2025-10-10,244.58,61999100,Apple,-0.0345,0.6178,1.0507,1,Apple market update,1.0
2025-10-13,246.96,38142900,Apple,0.0097,-0.3848,1.0168,1,Apple market update,1.0
2025-10-14,247.07,35478000,Apple,0.0004,-0.0699,1.017,1,Apple market update,1.0
2025-10-15,248.64,33893600,Apple,0.0063,-0.0447,1.0176,0,Apple market update,1.0
2025-10-16,246.75,39777000,Apple,-0.0076,0.1736,1.016,1,Apple market update,1.0
2025-10-17,251.58,49147000,Apple,0.0196,0.2356,1.0247,1,Apple market update,1.0
2025-10-20,261.5,90483000,Apple,0.0394,0.8411,1.0342,1,Apple market update,1.0
2025-10-21,262.03,46695900,Apple,0.002,-0.4839,1.0132,0,Apple market update,1.0
2025-10-22,257.72,45015300,Apple,-0.0164,-0.036,1.029,1,Apple market update,1.0
2025-10-23,258.85,32754900,Apple,0.0044,-0.2724,1.0101,1,Apple market update,1.0
2025-10-24,262.08,38253700,Apple,0.0125,0.1679,1.0191,1,Apple market update,1.0
2025-10-27,268.05,44888200,Apple,0.0228,0.1734,1.0169,1,Apple market update,1.0
2025-10-28,268.24,41534800,Apple,0.0007,-0.0747,1.0065,1,Apple market update,1.0
2025-10-29,268.94,51086700,Apple,0.0026,0.23,1.0161,1,Apple market update,1.0
2025-10-30,270.63,69886500,Apple,0.0063,0.368,1.0211,0,Apple market update,1.0
2025-10-31,269.61,86167100,Apple,-0.0038,0.233,1.0303,0,Apple market update,1.0
2025-11-03,268.29,50194600,Apple,-0.0049,-0.4175,1.0173,1,Apple market update,1.0
2025-11-04,269.28,49274800,Apple,0.0037,-0.0183,1.0145,1,Apple market update,1.0
2025-11-05,269.38,43683100,Apple,0.0004,-0.1135,1.0179,0,Apple market update,1.0
2025-11-06,269.01,51204000,Apple,-0.0014,0.1722,1.0206,0,Apple market update,1.0
2025-11-07,267.71,48227400,Apple,-0.0048,-0.0581,1.0207,1,Apple market update,1.0
2025-11-10,268.93,41312400,Apple,0.0045,-0.1434,1.0234,1,Apple market update,1.0
2025-11-11,274.74,46208300,Apple,0.0216,0.1185,1.0226,0,Apple market update,1.0
2025-11-12,272.96,48398000,Apple,-0.0065,0.0474,1.0148,0,Apple market update,1.0
2025-11-13,272.44,49602800,Apple,-0.0019,0.0249,1.0169,0,Apple market update,1.0
2025-11-14,271.9,47431300,Apple,-0.002,-0.0438,1.0236,0,Apple market update,1.0
2025-11-17,266.96,45018300,Apple,-0.0182,-0.0509,1.0179,0,Apple market update,1.0
2025-11-18,266.94,45677300,Apple,-0.0001,0.0146,1.0203,1,Apple market update,1.0
2025-11-19,268.06,40424500,Apple,0.0042,-0.115,1.0253,0,Apple market update,1.0
2025-11-20,265.76,45823600,Apple,-0.0086,0.1336,1.0358,1,Apple market update,1.0
2025-11-21,270.99,59030800,Apple,0.0197,0.2882,1.0288,1,Apple market update,1.0
2025-11-24,275.41,65585800,Apple,0.0163,0.111,1.0225,1,Apple market update,1.0
2025-11-25,276.46,46914200,Apple,0.0038,-0.2847,1.0186,1,Apple market update,1.0
2025-11-26,277.04,33431400,Apple,0.0021,-0.2874,1.0105,1,Apple market update,1.0
2025-11-28,278.33,20135600,Apple,0.0047,-0.3977,1.0109,1,Apple market update,1.0
2025-12-01,282.58,46587700,Apple,0.0152,1.3137,1.0264,1,Apple market update,1.0
2025-12-02,285.66,53669500,Apple,0.0109,0.152,1.0169,0,Apple market update,1.0
2025-12-03,283.62,43538700,Apple,-0.0071,-0.1888,1.0188,0,Apple market update,1.0
2025-12-04,280.18,43989100,Apple,-0.0121,0.0103,1.022,0,Apple market update,1.0
2025-12-05,278.26,47265800,Apple,-0.0068,0.0745,1.0111,0,Apple market update,1.0
2025-12-08,277.37,38211800,Apple,-0.0032,-0.1916,1.0127,0,Apple market update,1.0
2025-12-09,276.67,32193300,Apple,-0.0026,-0.1575,1.0112,1,Apple market update,1.0
2025-12-10,278.26,33038300,Apple,0.0058,0.0262,1.012,0,Apple market update,1.0
2025-12-11,277.51,33248000,Apple,-0.0027,0.0063,1.0211,1,Apple market update,1.0
2025-12-12,277.76,39532900,Apple,0.0009,0.189,1.0087,0,Apple market update,1.0
2025-12-15,273.6,50409100,Apple,-0.015,0.2751,1.0268,1,Apple market update,1.0
2025-12-16,274.1,37648600,Apple,0.0018,-0.2531,1.0137,0,Apple market update,1.0
2025-12-17,271.34,50138700,Apple,-0.0101,0.3318,1.0166,1,Apple market update,1.0
2025-12-18,271.69,51630700,Apple,0.0013,0.0298,1.025,1,Apple market update,1.0
2025-12-19,273.16,144632000,Apple,0.0054,1.8013,1.0174,0,Apple market update,1.0
2025-12-22,270.47,36571800,Apple,-0.0099,-0.7471,1.0125,1,Apple market update,1.0
2025-12-23,271.85,29642000,Apple,0.0051,-0.1895,1.0109,1,Apple market update,1.0
2025-12-24,273.3,17910600,Apple,0.0053,-0.3958,1.0119,0,Apple market update,1.0
2025-12-26,272.89,21521800,Apple,-0.0015,0.2016,1.0092,1,Apple market update,1.0
2025-12-29,273.25,23715200,Apple,0.0013,0.1019,1.0074,0,Apple market update,1.0
2025-12-30,272.57,22139600,Apple,-0.0025,-0.0664,1.0066,0,Apple market update,1.0
2025-12-31,271.36,27293600,Apple,-0.0045,0.2328,1.0071,0,Apple market update,1.0
2026-01-02,270.51,37838100,Apple,-0.0031,0.3863,1.0329,0,Apple market update,1.0
2026-01-05,266.76,45647200,Apple,-0.0138,0.2064,1.0202,0,Apple market update,1.0
2026-01-06,261.87,52352100,Apple,-0.0183,0.1469,1.0207,0,Apple market update,1.0
2026-01-07,259.85,48309800,Apple,-0.0077,-0.0772,1.0149,0,Apple market update,1.0
2026-01-08,258.56,50419300,Apple,-0.005,0.0437,1.014,1,Apple market update,1.0
2026-01-09,258.89,39997000,Apple,0.0013,-0.2067,1.0156,1,Apple market update,1.0
2026-01-12,259.77,45263800,Apple,0.0034,0.1317,1.0175,1,Apple market update,1.0
2026-01-13,260.57,45730800,Apple,0.0031,0.0103,1.0132,0,Apple market update,1.0
2026-01-14,259.48,40019400,Apple,-0.0042,-0.1249,1.0199,0,Apple market update,1.0
2026-01-15,257.73,39388600,Apple,-0.0067,-0.0158,1.0155,0,Apple market update,1.0
2026-01-16,255.06,72142800,Apple,-0.0104,0.8316,1.0156,0,Apple market update,1.0
2026-01-20,246.24,80267500,Apple,-0.0346,0.1126,1.0467,1,Apple market update,1.0
2026-01-21,247.19,54641700,Apple,0.0039,-0.3193,1.026,1,Apple market update,1.0
2026-01-22,247.89,39708300,Apple,0.0028,-0.2733,1.0115,0,Apple market update,1.0
2026-01-23,247.58,41689000,Apple,-0.0012,0.0499,1.0193,1,Apple market update,1.0
2026-01-26,254.94,55969200,Apple,0.0297,0.3425,1.0271,1,Apple market update,1.0
2026-01-27,257.79,49648300,Apple,0.0112,-0.1129,1.0145,0,Apple market update,1.0
2026-01-28,255.96,41288000,Apple,-0.0071,-0.1684,1.0171,1,Apple market update,1.0
2026-01-29,257.8,67253000,Apple,0.0072,0.6289,1.0206,1,Apple market update,1.0
2026-01-30,259.0,92443400,Apple,0.0046,0.3746,1.0385,1,Apple market update,1.0
2026-02-02,269.51,73913400,Apple,0.0406,-0.2004,1.0435,0,Apple market update,1.0
2026-02-03,268.98,64394700,Apple,-0.002,-0.1288,1.016,1,Apple market update,1.0
2026-02-04,275.98,90545700,Apple,0.026,0.4061,1.0245,0,Apple market update,1.0
2026-02-05,275.4,52977400,Apple,-0.0021,-0.4149,1.0229,1,Apple market update,1.0
2026-02-06,277.6,50453400,Apple,0.008,-0.0476,1.0144,0,Apple market update,1.0
2026-02-09,274.37,44623400,Apple,-0.0117,-0.1156,1.0239,0,Apple market update,1.0
2026-02-10,273.43,34376900,Apple,-0.0034,-0.2296,1.0089,1,Apple market update,1.0
2026-02-11,275.25,51931300,Apple,0.0067,0.5106,1.0209,0,Apple market update,1.0
2026-02-12,261.49,81077200,Apple,-0.05,0.5612,1.0597,0,Apple market update,1.0
2026-02-13,255.54,56290700,Apple,-0.0227,-0.3057,1.0265,1,Apple market update,1.0
2026-02-17,263.64,58469100,Apple,0.0317,0.0387,1.0421,1,Apple market update,1.0
2026-02-18,264.11,34203300,Apple,0.0018,-0.415,1.0167,0,Apple market update,1.0
2026-02-19,260.34,30845300,Apple,-0.0143,-0.0982,1.017,1,Apple market update,1.0
2026-02-20,264.34,42070500,Apple,0.0154,0.3639,1.0255,1,Apple market update,1.0
2026-02-23,265.93,37308200,Apple,0.006,-0.1132,1.023,1,Apple market update,1.0
2026-02-24,271.89,47014600,Apple,0.0224,0.2602,1.0268,1,Apple market update,1.0
2026-02-25,273.98,33714300,Apple,0.0077,-0.2829,1.0144,0,Apple market update,1.0
2026-02-26,272.7,32345100,Apple,-0.0047,-0.0406,1.0196,0,Apple market update,1.0
2026-02-27,263.94,72366500,Apple,-0.0321,1.2373,1.0377,1,Apple market update,1.0
2026-03-02,264.48,41827900,Apple,0.002,-0.422,1.0243,0,Apple market update,1.0
2026-03-03,263.51,38568900,Apple,-0.0037,-0.0779,1.0209,0,Apple market update,1.0
2026-03-04,262.28,39803100,Apple,-0.0047,0.032,1.0181,0,Apple market update,1.0
2026-03-05,260.05,49658600,Apple,-0.0085,0.2476,1.0168,0,Apple market update,1.0
2026-03-06,257.22,41120000,Apple,-0.0109,-0.1719,1.0173,1,Apple market update,1.0
2026-03-09,259.64,38218500,Apple,0.0094,-0.0706,1.0294,1,Apple market update,1.0
2026-03-10,260.59,30590800,Apple,0.0037,-0.1996,1.0215,0,Apple market update,1.0
2026-03-11,260.57,26218900,Apple,-0.0001,-0.1429,1.0099,0,Apple market update,1.0
2026-03-12,255.52,40794000,Apple,-0.0194,0.5559,1.0188,0,Apple market update,1.0
2026-03-13,249.89,36930000,Apple,-0.0221,-0.0947,1.0273,1,Apple market update,1.0
2026-03-16,252.59,32074200,Apple,0.0108,-0.1315,1.016,1,Apple market update,1.0
2026-03-17,254.0,32361600,Apple,0.0056,0.009,1.0117,0,Apple market update,1.0
2026-03-18,249.71,35757900,Apple,-0.0169,0.1049,1.0239,0,Apple market update,1.0
2026-03-19,248.73,34864100,Apple,-0.0039,-0.025,1.0183,0,Apple market update,1.0
2026-03-20,247.76,88331100,Apple,-0.0039,1.5336,1.013,1,Apple market update,1.0
2026-03-23,251.26,40546100,Apple,0.0141,-0.541,1.0173,1,Apple market update,1.0
2026-03-24,251.41,45152300,Apple,0.0006,0.1136,1.0212,1,Apple market update,1.0
2026-03-25,252.39,28476700,Apple,0.0039,-0.3693,1.0135,1,Apple market update,1.0
2026-03-26,252.66,41796700,Apple,0.0011,0.4678,1.0248,0,Apple market update,1.0
2026-03-27,248.57,47900000,Apple,-0.0162,0.146,1.0299,0,Apple market update,1.0
2026-03-30,246.4,39446200,Apple,-0.0087,-0.1765,1.0218,1,Apple market update,1.0
2026-03-31,253.56,49598100,Apple,0.029,0.2574,1.0339,1,Apple market update,1.0
2026-04-01,255.39,40059400,Apple,0.0073,-0.1923,1.0113,1,Apple market update,1.0
2026-04-02,255.68,31289400,Apple,0.0011,-0.2189,1.0219,1,Apple market update,1.0
2026-04-06,258.62,29329900,Apple,0.0115,-0.0626,1.0222,0,Apple market update,1.0
2026-04-07,253.27,62148000,Apple,-0.0207,1.1189,1.0427,1,Apple market update,1.0
2026-04-08,258.66,41032800,Apple,0.0213,-0.3398,1.0126,1,Apple market update,1.0
2026-04-09,260.25,28121600,Apple,0.0061,-0.3147,1.0197,0,Apple market update,1.0
2026-04-13,258.96,36234700,Apple,-0.0049,0.158,1.0137,0,Apple market update,1.0
2026-04-14,258.59,48370700,Apple,-0.0014,0.3349,1.0184,1,Apple market update,1.0
2026-04-15,266.18,49913500,Apple,0.0294,0.0319,1.0339,0,Apple market update,1.0
2026-04-16,263.16,43323100,Apple,-0.0114,-0.132,1.0225,1,Apple market update,1.0
2026-04-17,269.98,61436200,Apple,0.0259,0.4181,1.0209,1,Apple market update,1.0
2026-04-20,272.8,36590200,Apple,0.0104,-0.4044,1.0148,0,Apple market update,1.0
2026-04-21,265.93,50209800,Apple,-0.0252,0.3722,1.0279,1,Apple market update,1.0
2026-04-22,272.92,43249200,Apple,0.0263,-0.1386,1.0257,1,Apple market update,1.0
2026-04-23,273.18,33399600,Apple,0.001,-0.2277,1.0152,0,Apple market update,1.0
2026-04-24,270.81,38157100,Apple,-0.0087,0.1424,1.0126,0,Apple market update,1.0
2026-04-27,267.36,41466800,Apple,-0.0127,0.0867,1.0124,1,Apple market update,1.0
2026-04-28,270.46,40018900,Apple,0.0116,-0.0349,1.017,0,Apple market update,1.0
2026-04-29,269.92,30047900,Apple,-0.002,-0.2492,1.015,1,Apple market update,1.0
2026-04-30,271.1,91848200,Apple,0.0044,2.0567,1.0293,1,Apple market update,1.0
2026-05-01,279.88,79915400,Apple,0.0324,-0.1299,1.0318,0,Apple market update,1.0
2026-05-04,276.58,46668400,Apple,-0.0118,-0.416,1.021,1,Apple market update,1.0
2026-05-05,283.92,49311700,Apple,0.0266,0.0566,1.0292,1,Apple market update,1.0
2026-05-06,287.25,58336100,Apple,0.0117,0.183,1.0248,0,Apple market update,1.0
2026-05-07,287.18,45224300,Apple,-0.0002,-0.2248,1.0222,1,Apple market update,1.0
2026-05-08,293.05,52692800,Apple,0.0205,0.1651,1.0164,0,Apple market update,1.0
2026-05-11,292.68,42247300,Apple,-0.0013,-0.1982,1.0126,1,Apple market update,1.0
2026-05-12,294.8,45748100,Apple,0.0072,0.0829,1.0093,1,Apple market update,1.0
2026-05-13,298.87,52684300,Apple,0.0138,0.1516,1.0253,0,Apple market update,1.0
2026-05-14,298.21,35324900,Apple,-0.0022,-0.3295,1.0172,1,Apple market update,1.0
2026-05-15,300.23,54862800,Apple,0.0068,0.5531,1.0225,0,Apple market update,1.0
2026-05-18,297.84,34483000,Apple,-0.008,-0.3715,1.0195,1,Apple market update,1.0
2026-05-19,298.97,42243600,Apple,0.0038,0.2251,1.014,1,Apple market update,1.0
2026-05-20,302.25,38229800,Apple,0.011,-0.095,1.0158,1,Apple market update,1.0
2026-05-21,304.99,42965100,Apple,0.0091,0.1239,1.0171,1,Apple market update,1.0
2026-05-22,308.82,43670200,Apple,0.0126,0.0164,1.0182,0,Apple market update,1.0
2026-05-26,308.33,48000500,Apple,-0.0016,0.0992,1.0135,1,Apple market update,1.0
2026-05-27,310.85,50430900,Apple,0.0082,0.0506,1.0161,1,Apple market update,1.0
2026-05-28,312.51,48220400,Apple,0.0053,-0.0438,1.0104,0,Apple market update,1.0
2026-05-29,312.06,70026800,Apple,-0.0014,0.4522,1.0177,0,Apple market update,1.0
2026-06-01,306.31,48849900,Apple,-0.0184,-0.3024,1.0194,1,Apple market update,1.0
2026-06-02,315.2,44534700,Apple,0.029,-0.0883,1.0286,0,Apple market update,1.0
2026-06-03,310.26,50836700,Apple,-0.0157,0.1415,1.0262,1,Apple market update,1.0
2026-06-04,311.23,44869100,Apple,0.0031,-0.1174,1.0126,0,Apple market update,1.0
2026-06-05,307.34,65310500,Apple,-0.0125,0.4556,1.0261,0,Apple market update,1.0
2026-06-08,301.54,77949100,Apple,-0.0189,0.1935,1.0539,0,Apple market update,1.0
2026-06-09,290.55,70108800,Apple,-0.0364,-0.1006,1.0451,1,Apple market update,1.0
2026-06-10,291.58,52793300,Apple,0.0035,-0.247,1.0256,1,Apple market update,1.0
2026-06-11,295.63,42572500,Apple,0.0139,-0.1936,1.0256,0,Apple market update,1.0
2026-06-12,291.13,38742100,Apple,-0.0152,-0.09,1.026,1,Apple market update,1.0
2026-06-15,296.42,45732600,Apple,0.0182,0.1804,1.0208,1,Apple market update,1.0
2026-06-16,299.24,39874400,Apple,0.0095,-0.1281,1.0221,0,Apple market update,1.0
2026-06-17,295.95,42745100,Apple,-0.011,0.072,1.0262,1,Apple market update,1.0
2026-06-18,298.01,85962200,Apple,0.007,1.011,1.0167,0,Apple market update,1.0
2026-06-22,297.01,44879900,Apple,-0.0034,-0.4779,1.0191,0,Apple market update,1.0
2026-06-23,294.3,52010900,Apple,-0.0091,0.1589,1.0254,0,Apple market update,1.0
2026-06-24,293.08,53081900,Apple,-0.0041,0.0206,1.0231,0,Apple market update,1.0
2026-06-25,275.15,107013700,Apple,-0.0612,1.016,1.055,1,Apple market update,1.0
2026-06-26,283.78,261775500,Apple,0.0314,1.4462,1.0428,0,Apple market update,1.0
2026-06-29,281.74,66427000,Apple,-0.0072,-0.7462,1.0304,1,Apple market update,1.0
2026-06-30,289.36,65100200,Apple,0.027,-0.02,1.0329,1,Apple market update,1.0
2026-07-01,294.38,50164200,Apple,0.0173,-0.2294,1.0256,1,Apple market update,1.0
2026-07-02,308.63,75352800,Apple,0.0484,0.5021,1.0536,1,Apple market update,1.0
2026-07-06,312.66,53590000,Apple,0.0131,-0.2888,1.0235,0,Apple market update,1.0
2026-07-07,310.66,42490000,Apple,-0.0064,-0.2071,1.0172,1,Apple market update,1.0
2026-07-08,313.39,41323500,Apple,0.0088,-0.0275,1.0253,1,Apple market update,1.0
2026-07-09,316.22,48124500,Apple,0.009,0.1646,1.0272,0,Apple market update,1.0
2026-07-10,315.32,34109200,Apple,-0.0028,-0.2912,1.0152,0,"The Cutthroat Smartphone Industry And DRAM Crisis Force A Player Out Of The U . S . Market , Giving Apple & Samsung Additional Room To Reap Profits | 美股半导体大跌 ！ 闪迪跌超10 % 存储板块领跌 _ 新闻频道 _ 中华网 | 还在找OKX Wallet Ondo代币化股票 开户教程怎么买 ？ 这份交易入口和避坑要点先收藏 『 欧易开户邀请码 _ EA888 』 - 链上小能手 | Stocks Down , US - Iran War Action Up : Stock Market Today | OKX App xStocks 行情到底值不值得做 ？ 费用 、 流动性和风险一次看懂 _ 美股代币化保姆级教程 - 链上小能手 | Here Why Oracle Stock Slumped Today | The Motley Fool |  [ 미국 특징주 ] 애플 , AI 투자 회의론 속 투자자 귀환 힘입어 시총 6000억달러 급증 | RSP Equal - Weight Trap : How a $10 , 000 Investment Lost $27 , 800 to Fees and Rebalancing Drag Over a Decade | Meta加码AI基建 ： 追加400亿美元 ！ 股价应声下跌 | Netflix Earnings Preview Q2 2026 : Ad Growth or Engagement Story ?  | Apple ( NASDAQ : AAPL ) Surges $600 Billion In Market Value As Investors Flee AI Spending Fears | 全球市场 ： 美股三大指数集体收跌 存储概念股普跌 国际油价大涨超9 % _ 东方财富网 | States sue to stop Paramount - Warner Bros blockbuster merger | States sue to stop Paramount - Warner Bros blockbuster merger |  [ 사설 ] 물가 흔든 반도체발 칩플레이션 , 부작용 최소화해야 | States sue to stop Paramount - Warner Bros blockbuster merger | Elon Musk et Sam Altman saffrontent publiquement sur X ( ex - Twitter ) après quApple a intenté une action en justice contre OpenAI , Elon Musk affuble son ancien partenaire du surnom « Scam Altman »  | ارتفاع القيمة السوقية لـ  أبل  بمقدار 650 مليار دولار منذ 25 يونيو | Morgan Stanley Warns of  Chipflation  as Hyperscalers Invest More in Compute Capacity : 2 No - Brainer Artificial Intelligence ( AI ) Chip Stocks to Buy Right Now | Apple  ın Broadcom ile çip anlaşmasının değerinin 30 milyar doları aşm | States sue to stop Paramount - Warner Bros blockbuster merger | FinancialContent - Marvell Technology , Vishay Intertechnology , and Allegro MicroSystems Stocks Trade Down , What You Need To Know | States sue to stop Paramount - Warner Bros blockbuster merger | States sue to stop Paramount - Warner Bros blockbuster merger | Wall Street closes lower as chip selloff and oil surge weigh on markets | OnePlus is ending its US operations pretty soon , says report | States sue to stop Paramount - Warner Bros blockbuster merger | States sue to stop Paramount - Warner Bros blockbuster merger | States sue to stop Paramount - Warner Bros blockbuster merger | Technology Stocks To Watch Now – July 13th | States sue to stop Paramount - Warner Bros blockbuster merger | States sue to stop Paramount - Warner Bros blockbuster merger | States sue to stop Paramount - Warner Bros blockbuster merger | AI Wants Power . Now Comes the Accounting .  | AI Chipmaker Syntiant Eyes $300M IPO - Orange County Business Journal | States sue to stop Paramount - Warner Bros blockbuster merger | 今夜 ， 存储芯片集体大跌 ！ 美联储 ， 加息突变 | States sue to stop Paramount - Warner Bros blockbuster merger | Investors Grapple with an Extraordinary Memory Chip Boom | States sue to stop Paramount - Warner Bros blockbuster merger | States sue to stop Paramount - Warner Bros blockbuster merger | States sue to stop Paramount - Warner Bros blockbuster merger | Bitget Onchain Synthetic Stocks Crypto _ Compare Fees , Liquidity , Dividends , and Platform Access ( Bitget Invitation Code _ FN1688 ) ation Code _ FN1688 ) - 303e5e0b 的部落格",43.0
2023-01-04,222.76,50623400,Microsoft,-0.0437,0.9667,1.0306,0,Microsoft market update,1.0
2023-01-05,216.16,39585600,Microsoft,-0.0296,-0.218,1.0261,1,Microsoft market update,1.0
2023-01-06,218.7,43613600,Microsoft,0.0118,0.1018,1.0292,1,Microsoft market update,1.0
2023-01-09,220.83,27369800,Microsoft,0.0097,-0.3724,1.0213,1,Microsoft market update,1.0
2023-01-10,222.52,27033900,Microsoft,0.0076,-0.0123,1.0175,1,Microsoft market update,1.0
2023-01-11,229.24,28669300,Microsoft,0.0302,0.0605,1.0209,1,Microsoft market update,1.0
2023-01-12,231.91,27269500,Microsoft,0.0116,-0.0488,1.0271,1,Microsoft market update,1.0
2023-01-13,232.61,21333300,Microsoft,0.003,-0.2177,1.0189,1,Microsoft market update,1.0
2023-01-17,233.7,29831300,Microsoft,0.0047,0.3983,1.0161,0,Microsoft market update,1.0
2023-01-18,229.28,30028700,Microsoft,-0.0189,0.0066,1.0291,0,Microsoft market update,1.0
2023-01-19,225.51,28623000,Microsoft,-0.0165,-0.0468,1.021,1,Microsoft market update,1.0
2023-01-20,233.57,35389800,Microsoft,0.0357,0.2364,1.0266,1,Microsoft market update,1.0
2023-01-23,235.87,31934000,Microsoft,0.0098,-0.0976,1.023,0,Microsoft market update,1.0
2023-01-24,235.34,40234400,Microsoft,-0.0022,0.2599,1.0146,0,Microsoft market update,1.0
2023-01-25,233.95,66526600,Microsoft,-0.0059,0.6535,1.0537,1,Microsoft market update,1.0
2023-01-26,241.14,33454500,Microsoft,0.0307,-0.4971,1.0261,1,Microsoft market update,1.0
2023-01-27,241.29,26498900,Microsoft,0.0006,-0.2079,1.0122,0,Microsoft market update,1.0
2023-01-30,235.99,25867400,Microsoft,-0.022,-0.0238,1.014,1,Microsoft market update,1.0
2023-01-31,240.95,26541100,Microsoft,0.021,0.026,1.0206,1,Microsoft market update,1.0
2023-02-01,245.75,31259900,Microsoft,0.0199,0.1778,1.0396,1,Microsoft market update,1.0
2023-02-02,257.28,39940400,Microsoft,0.0469,0.2777,1.0289,0,Microsoft market update,1.0
2023-02-03,251.2,29077300,Microsoft,-0.0236,-0.272,1.0276,0,Microsoft market update,1.0
2023-02-06,249.66,22518000,Microsoft,-0.0061,-0.2256,1.0138,1,Microsoft market update,1.0
2023-02-07,260.15,50841400,Microsoft,0.042,1.2578,1.0334,0,Microsoft market update,1.0
2023-02-08,259.35,54686000,Microsoft,-0.0031,0.0756,1.0396,0,Microsoft market update,1.0
2023-02-09,256.32,42375100,Microsoft,-0.0117,-0.2251,1.0425,0,Microsoft market update,1.0
2023-02-10,255.82,25818500,Microsoft,-0.002,-0.3907,1.0132,1,Microsoft market update,1.0
2023-02-13,263.81,44630900,Microsoft,0.0312,0.7286,1.0279,1,Microsoft market update,1.0
2023-02-14,264.64,37047900,Microsoft,0.0031,-0.1699,1.0211,0,Microsoft market update,1.0
2023-02-15,262.52,28922400,Microsoft,-0.008,-0.2193,1.0171,0,Microsoft market update,1.0
2023-02-16,255.53,29603600,Microsoft,-0.0266,0.0236,1.0185,0,Microsoft market update,1.0
2023-02-17,251.55,30000100,Microsoft,-0.0156,0.0134,1.016,0,Microsoft market update,1.0
2023-02-21,246.29,28397400,Microsoft,-0.0209,-0.0534,1.0155,0,Microsoft market update,1.0
2023-02-22,245.16,22491100,Microsoft,-0.0046,-0.208,1.016,1,Microsoft market update,1.0
2023-02-23,248.34,29219100,Microsoft,0.013,0.2991,1.0254,0,Microsoft market update,1.0
2023-02-24,242.93,24990900,Microsoft,-0.0218,-0.1447,1.0117,1,Microsoft market update,1.0
2023-02-27,243.84,21190000,Microsoft,0.0038,-0.1521,1.0138,0,Microsoft market update,1.0
2023-02-28,243.12,22491000,Microsoft,-0.003,0.0614,1.0111,0,Microsoft market update,1.0
2023-03-01,240.05,27565300,Microsoft,-0.0126,0.2256,1.0209,1,Microsoft market update,1.0
2023-03-02,244.77,24808200,Microsoft,0.0197,-0.1,1.0236,1,Microsoft market update,1.0
2023-03-03,248.85,30760100,Microsoft,0.0166,0.2399,1.0168,1,Microsoft market update,1.0
2023-03-06,250.39,24109800,Microsoft,0.0062,-0.2162,1.0162,0,Microsoft market update,1.0
2023-03-07,247.73,21473200,Microsoft,-0.0106,-0.1094,1.017,0,Microsoft market update,1.0
2023-03-08,247.3,17340200,Microsoft,-0.0018,-0.1925,1.0149,0,Microsoft market update,1.0
2023-03-09,245.95,26653400,Microsoft,-0.0054,0.5371,1.0317,0,Microsoft market update,1.0
2023-03-10,242.31,28333900,Microsoft,-0.0148,0.0631,1.021,1,Microsoft market update,1.0
2023-03-13,247.51,33339700,Microsoft,0.0214,0.1767,1.0496,1,Microsoft market update,1.0
2023-03-14,254.21,33620300,Microsoft,0.0271,0.0084,1.0204,1,Microsoft market update,1.0
2023-03-15,258.74,46028000,Microsoft,0.0178,0.3691,1.028,1,Microsoft market update,1.0
2023-03-16,269.23,54768800,Microsoft,0.0405,0.1899,1.0504,1,Microsoft market update,1.0
2023-03-17,272.38,69527400,Microsoft,0.0117,0.2695,1.0254,0,Microsoft market update,1.0
2023-03-20,265.36,43466600,Microsoft,-0.0258,-0.3748,1.0283,1,Microsoft market update,1.0
2023-03-21,266.87,34558700,Microsoft,0.0057,-0.2049,1.0203,0,Microsoft market update,1.0
2023-03-22,265.42,34873300,Microsoft,-0.0054,0.0091,1.0326,1,Microsoft market update,1.0
2023-03-23,270.65,36610900,Microsoft,0.0197,0.0498,1.0213,1,Microsoft market update,1.0
2023-03-24,273.49,28172000,Microsoft,0.0105,-0.2305,1.0194,0,Microsoft market update,1.0
2023-03-27,269.4,26840200,Microsoft,-0.0149,-0.0473,1.0216,0,Microsoft market update,1.0
2023-03-28,268.28,21878600,Microsoft,-0.0042,-0.1849,1.015,1,Microsoft market update,1.0
2023-03-29,273.43,25087000,Microsoft,0.0192,0.1466,1.0098,1,Microsoft market update,1.0
2023-03-30,276.88,25053400,Microsoft,0.0126,-0.0013,1.0106,1,Microsoft market update,1.0
2023-03-31,281.02,32766000,Microsoft,0.015,0.3078,1.0222,0,Microsoft market update,1.0
2023-04-03,279.98,24883300,Microsoft,-0.0037,-0.2406,1.0152,0,Microsoft market update,1.0
2023-04-04,279.93,25824300,Microsoft,-0.0002,0.0378,1.0167,0,Microsoft market update,1.0
2023-04-05,277.16,22064800,Microsoft,-0.0099,-0.1456,1.015,1,Microsoft market update,1.0
2023-04-06,284.24,29770300,Microsoft,0.0255,0.3492,1.0356,0,Microsoft market update,1.0
2023-04-10,282.08,23103000,Microsoft,-0.0076,-0.224,1.0172,0,Microsoft market update,1.0
2023-04-11,275.69,27276600,Microsoft,-0.0227,0.1807,1.0154,1,Microsoft market update,1.0
2023-04-12,276.33,27403400,Microsoft,0.0023,0.0046,1.0179,1,Microsoft market update,1.0
2023-04-13,282.52,24222700,Microsoft,0.0224,-0.1161,1.0238,0,Microsoft market update,1.0
2023-04-14,278.92,20987900,Microsoft,-0.0128,-0.1335,1.0169,1,Microsoft market update,1.0
2023-04-17,281.51,23836200,Microsoft,0.0093,0.1357,1.019,0,Microsoft market update,1.0
2023-04-18,281.09,20161800,Microsoft,-0.0015,-0.1542,1.0165,1,Microsoft market update,1.0
2023-04-19,281.17,17150300,Microsoft,0.0003,-0.1494,1.0159,0,Microsoft market update,1.0
2023-04-20,278.89,23244400,Microsoft,-0.0081,0.3553,1.0139,0,Microsoft market update,1.0
2023-04-21,278.55,21676400,Microsoft,-0.0012,-0.0675,1.0113,0,Microsoft market update,1.0
2023-04-24,274.66,26611000,Microsoft,-0.014,0.2276,1.0224,0,Microsoft market update,1.0
2023-04-25,268.47,45772200,Microsoft,-0.0225,0.72,1.0226,1,Microsoft market update,1.0
2023-04-26,287.91,64599200,Microsoft,0.0724,0.4113,1.0234,1,Microsoft market update,1.0
2023-04-27,297.13,46462600,Microsoft,0.032,-0.2808,1.0337,1,Microsoft market update,1.0
2023-04-28,299.5,36469600,Microsoft,0.008,-0.2151,1.0185,0,Microsoft market update,1.0
2023-05-01,297.85,21294100,Microsoft,-0.0055,-0.4161,1.0113,0,Microsoft market update,1.0
2023-05-02,297.7,26404400,Microsoft,-0.0005,0.24,1.0173,0,Microsoft market update,1.0
2023-05-03,296.72,22360800,Microsoft,-0.0033,-0.1531,1.0149,1,Microsoft market update,1.0
2023-05-04,297.7,22519900,Microsoft,0.0033,0.0071,1.0144,1,Microsoft market update,1.0
2023-05-05,302.81,28197100,Microsoft,0.0172,0.2521,1.0253,0,Microsoft market update,1.0
2023-05-08,300.86,21318600,Microsoft,-0.0064,-0.2439,1.0134,0,Microsoft market update,1.0
2023-05-09,299.25,21340800,Microsoft,-0.0053,0.001,1.0122,1,Microsoft market update,1.0
2023-05-10,304.43,30078000,Microsoft,0.0173,0.4094,1.0173,0,Microsoft market update,1.0
2023-05-11,302.28,31680200,Microsoft,-0.007,0.0533,1.0159,0,Microsoft market update,1.0
2023-05-12,301.17,19774700,Microsoft,-0.0037,-0.3758,1.0132,1,Microsoft market update,1.0
2023-05-15,301.65,16336500,Microsoft,0.0016,-0.1739,1.0075,1,Microsoft market update,1.0
2023-05-16,303.87,26730300,Microsoft,0.0074,0.6362,1.0125,1,Microsoft market update,1.0
2023-05-17,306.74,24315000,Microsoft,0.0095,-0.0904,1.0119,1,Microsoft market update,1.0
2023-05-18,311.16,27276000,Microsoft,0.0144,0.1218,1.017,0,Microsoft market update,1.0
2023-05-19,310.98,27546700,Microsoft,-0.0006,0.0099,1.0075,1,Microsoft market update,1.0
2023-05-22,313.76,24115700,Microsoft,0.0089,-0.1246,1.0144,0,Microsoft market update,1.0
2023-05-23,307.97,30797200,Microsoft,-0.0184,0.2771,1.0237,0,Microsoft market update,1.0
2023-05-24,306.6,23384900,Microsoft,-0.0045,-0.2407,1.0124,1,Microsoft market update,1.0
2023-05-25,318.39,43301700,Microsoft,0.0385,0.8517,1.0216,1,Microsoft market update,1.0
2023-05-26,325.2,36630600,Microsoft,0.0214,-0.1541,1.0294,0,Microsoft market update,1.0
2023-05-30,323.55,29503100,Microsoft,-0.005,-0.1946,1.0158,0,Microsoft market update,1.0
2023-05-31,320.8,45950600,Microsoft,-0.0085,0.5575,1.0263,1,Microsoft market update,1.0
2023-06-01,324.89,26773900,Microsoft,0.0128,-0.4173,1.0271,1,Microsoft market update,1.0
2023-06-02,327.65,25873800,Microsoft,0.0085,-0.0336,1.0149,1,Microsoft market update,1.0
2023-06-05,328.17,21307100,Microsoft,0.0016,-0.1765,1.0117,0,Microsoft market update,1.0
2023-06-06,325.97,20396200,Microsoft,-0.0067,-0.0428,1.0096,0,Microsoft market update,1.0
2023-06-07,315.91,40717100,Microsoft,-0.0309,0.9963,1.0372,1,Microsoft market update,1.0
2023-06-08,317.74,23277700,Microsoft,0.0058,-0.4283,1.0102,1,Microsoft market update,1.0
2023-06-09,319.24,22529000,Microsoft,0.0047,-0.0322,1.0172,1,Microsoft market update,1.0
2023-06-12,324.18,24260300,Microsoft,0.0155,0.0768,1.0213,1,Microsoft market update,1.0
2023-06-13,326.56,22951300,Microsoft,0.0074,-0.054,1.0199,1,Microsoft market update,1.0
2023-06-14,329.54,26003800,Microsoft,0.0091,0.133,1.0187,1,Microsoft market update,1.0
2023-06-15,340.05,38899100,Microsoft,0.0319,0.4959,1.0375,0,Microsoft market update,1.0
2023-06-16,334.42,46552000,Microsoft,-0.0166,0.1967,1.0278,0,Microsoft market update,1.0
2023-06-20,330.24,26375400,Microsoft,-0.0125,-0.4334,1.0185,0,Microsoft market update,1.0
2023-06-21,325.85,25117800,Microsoft,-0.0133,-0.0477,1.017,1,Microsoft market update,1.0
2023-06-22,331.86,23556800,Microsoft,0.0184,-0.0621,1.0203,0,Microsoft market update,1.0
2023-06-23,327.28,23146900,Microsoft,-0.0138,-0.0174,1.0135,0,Microsoft market update,1.0
2023-06-26,321.0,21520600,Microsoft,-0.0192,-0.0703,1.0232,1,Microsoft market update,1.0
2023-06-27,326.84,24354100,Microsoft,0.0182,0.1317,1.0208,1,Microsoft market update,1.0
2023-06-28,328.09,20259500,Microsoft,0.0038,-0.1681,1.0125,0,Microsoft market update,1.0
2023-06-29,327.31,16997000,Microsoft,-0.0024,-0.161,1.0105,1,Microsoft market update,1.0
2023-06-30,332.67,26832800,Microsoft,0.0164,0.5787,1.0164,0,Microsoft market update,1.0
2023-07-03,330.18,12508700,Microsoft,-0.0075,-0.5338,1.0129,1,Microsoft market update,1.0
2023-07-05,330.33,18172400,Microsoft,0.0005,0.4528,1.0207,1,Microsoft market update,1.0
2023-07-06,333.38,28161200,Microsoft,0.0092,0.5497,1.0223,0,Microsoft market update,1.0
2023-07-07,329.43,21214800,Microsoft,-0.0119,-0.2467,1.0142,0,Microsoft market update,1.0
2023-07-10,324.16,32791400,Microsoft,-0.016,0.5457,1.0233,1,Microsoft market update,1.0
2023-07-11,324.79,26698200,Microsoft,0.0019,-0.1858,1.0179,1,Microsoft market update,1.0
2023-07-12,329.41,29995300,Microsoft,0.0142,0.1235,1.0178,1,Microsoft market update,1.0
2023-07-13,334.74,20567200,Microsoft,0.0162,-0.3143,1.0139,1,Microsoft market update,1.0
2023-07-14,337.26,28352700,Microsoft,0.0075,0.3785,1.0207,1,Microsoft market update,1.0
2023-07-17,337.74,20363900,Microsoft,0.0014,-0.2818,1.014,1,Microsoft market update,1.0
2023-07-18,351.18,64738600,Microsoft,0.0398,2.1791,1.0719,0,Microsoft market update,1.0
2023-07-19,346.87,39732900,Microsoft,-0.0123,-0.3863,1.0284,0,Microsoft market update,1.0
2023-07-20,338.85,33778400,Microsoft,-0.0231,-0.1499,1.0365,0,Microsoft market update,1.0
2023-07-21,335.82,69405400,Microsoft,-0.0089,1.0547,1.0308,1,Microsoft market update,1.0
2023-07-24,337.13,26678100,Microsoft,0.0039,-0.6156,1.0135,1,Microsoft market update,1.0
2023-07-25,342.87,41637700,Microsoft,0.017,0.5607,1.0198,0,Microsoft market update,1.0
2023-07-26,329.96,58383700,Microsoft,-0.0376,0.4022,1.0347,0,Microsoft market update,1.0
2023-07-27,323.08,39635300,Microsoft,-0.0209,-0.3211,1.0373,1,Microsoft market update,1.0
2023-07-28,330.55,28484900,Microsoft,0.0231,-0.2813,1.0205,0,Microsoft market update,1.0
2023-07-31,328.16,25446000,Microsoft,-0.0072,-0.1067,1.013,1,Microsoft market update,1.0
2023-08-01,328.57,18311900,Microsoft,0.0013,-0.2804,1.0145,0,Microsoft market update,1.0
2023-08-02,319.93,27761300,Microsoft,-0.0263,0.516,1.0223,0,Microsoft market update,1.0
2023-08-03,319.11,18253700,Microsoft,-0.0026,-0.3425,1.0121,1,Microsoft market update,1.0
2023-08-04,320.2,23741500,Microsoft,0.0034,0.3006,1.0241,1,Microsoft market update,1.0
2023-08-07,322.48,17741500,Microsoft,0.0071,-0.2527,1.011,0,Microsoft market update,1.0
2023-08-08,318.51,22327600,Microsoft,-0.0123,0.2585,1.0178,0,Microsoft market update,1.0
2023-08-09,314.78,22373300,Microsoft,-0.0117,0.002,1.0189,1,Microsoft market update,1.0
2023-08-10,315.47,20113700,Microsoft,0.0022,-0.101,1.022,0,Microsoft market update,1.0
2023-08-11,313.59,24355500,Microsoft,-0.0059,0.2109,1.01,1,Microsoft market update,1.0
2023-08-14,316.55,18836100,Microsoft,0.0094,-0.2266,1.0124,0,Microsoft market update,1.0
2023-08-15,314.42,16966300,Microsoft,-0.0067,-0.0993,1.0131,0,Microsoft market update,1.0
2023-08-16,313.66,20698900,Microsoft,-0.0024,0.22,1.0144,0,Microsoft market update,1.0
2023-08-17,310.21,21257200,Microsoft,-0.011,0.027,1.0179,0,Microsoft market update,1.0
2023-08-18,309.82,24755000,Microsoft,-0.0013,0.1645,1.0219,1,Microsoft market update,1.0
2023-08-21,315.11,24040000,Microsoft,0.0171,-0.0289,1.0181,1,Microsoft market update,1.0
2023-08-22,315.67,16084600,Microsoft,0.0018,-0.3309,1.0144,1,Microsoft market update,1.0
2023-08-23,320.12,21166400,Microsoft,0.0141,0.3159,1.0177,0,Microsoft market update,1.0
2023-08-24,313.24,23281400,Microsoft,-0.0215,0.0999,1.0407,1,Microsoft market update,1.0
2023-08-25,316.18,21684100,Microsoft,0.0094,-0.0686,1.0206,1,Microsoft market update,1.0
2023-08-28,316.89,14808500,Microsoft,0.0022,-0.3171,1.0138,1,Microsoft market update,1.0
2023-08-29,321.5,19284600,Microsoft,0.0146,0.3023,1.0221,1,Microsoft market update,1.0
2023-08-30,321.87,15222100,Microsoft,0.0012,-0.2107,1.0103,0,Microsoft market update,1.0
2023-08-31,320.86,26411000,Microsoft,-0.0031,0.735,1.0126,1,Microsoft market update,1.0
2023-09-01,321.74,14942000,Microsoft,0.0027,-0.4343,1.0159,1,Microsoft market update,1.0
2023-09-05,326.53,18553900,Microsoft,0.0149,0.2417,1.0188,0,Microsoft market update,1.0
2023-09-06,325.87,17535800,Microsoft,-0.002,-0.0549,1.013,0,Microsoft market update,1.0
2023-09-07,322.97,18381000,Microsoft,-0.0089,0.0482,1.0123,1,Microsoft market update,1.0
2023-09-08,327.23,19530100,Microsoft,0.0132,0.0625,1.0203,1,Microsoft market update,1.0
2023-09-11,330.83,16583300,Microsoft,0.011,-0.1509,1.0089,0,Microsoft market update,1.0
2023-09-12,324.79,17565500,Microsoft,-0.0183,0.0592,1.016,1,Microsoft market update,1.0
2023-09-13,328.99,16544400,Microsoft,0.0129,-0.0581,1.0172,1,Microsoft market update,1.0
2023-09-14,331.57,20267000,Microsoft,0.0079,0.225,1.0127,0,Microsoft market update,1.0
2023-09-15,323.27,37679800,Microsoft,-0.025,0.8592,1.0235,0,Microsoft market update,1.0
2023-09-18,322.13,16834200,Microsoft,-0.0035,-0.5532,1.0124,0,Microsoft market update,1.0
2023-09-19,321.73,16505900,Microsoft,-0.0012,-0.0195,1.015,0,Microsoft market update,1.0
2023-09-20,314.02,21436500,Microsoft,-0.024,0.2987,1.0283,0,Microsoft market update,1.0
2023-09-21,312.81,35560400,Microsoft,-0.0039,0.6589,1.0329,0,Microsoft market update,1.0
2023-09-22,310.34,21447900,Microsoft,-0.0079,-0.3969,1.0168,1,Microsoft market update,1.0
2023-09-25,310.86,17836000,Microsoft,0.0017,-0.1684,1.0085,0,Microsoft market update,1.0
2023-09-26,305.57,26297600,Microsoft,-0.017,0.4744,1.0189,1,Microsoft market update,1.0
2023-09-27,306.21,19410100,Microsoft,0.0021,-0.2619,1.0149,1,Microsoft market update,1.0
2023-09-28,307.04,19683600,Microsoft,0.0027,0.0141,1.0195,1,Microsoft market update,1.0
2023-09-29,309.1,24147300,Microsoft,0.0067,0.2268,1.0143,1,Microsoft market update,1.0
2023-10-02,315.03,20570000,Microsoft,0.0192,-0.1481,1.0213,0,Microsoft market update,1.0
2023-10-03,306.79,21033500,Microsoft,-0.0261,0.0225,1.0327,1,Microsoft market update,1.0
2023-10-04,312.25,20720100,Microsoft,0.0178,-0.0149,1.0192,1,Microsoft market update,1.0
2023-10-05,312.64,16965600,Microsoft,0.0013,-0.1812,1.0161,1,Microsoft market update,1.0
2023-10-06,320.37,25673600,Microsoft,0.0247,0.5133,1.0408,1,Microsoft market update,1.0
2023-10-09,322.88,19891200,Microsoft,0.0078,-0.2252,1.022,0,Microsoft market update,1.0
2023-10-10,321.48,20557100,Microsoft,-0.0043,0.0335,1.0105,1,Microsoft market update,1.0
2023-10-11,325.42,20063200,Microsoft,0.0123,-0.024,1.0112,0,Microsoft market update,1.0
2023-10-12,324.19,19313100,Microsoft,-0.0038,-0.0374,1.0149,0,Microsoft market update,1.0
2023-10-13,320.83,21072400,Microsoft,-0.0104,0.0911,1.0229,1,Microsoft market update,1.0
2023-10-16,325.64,22158000,Microsoft,0.015,0.0515,1.0168,0,Microsoft market update,1.0
2023-10-17,325.07,18338500,Microsoft,-0.0017,-0.1724,1.0185,0,Microsoft market update,1.0
2023-10-18,323.16,23153600,Microsoft,-0.0059,0.2626,1.0222,1,Microsoft market update,1.0
2023-10-19,324.35,25052100,Microsoft,0.0037,0.082,1.018,0,Microsoft market update,1.0
2023-10-20,319.79,25027700,Microsoft,-0.014,-0.001,1.0199,1,Microsoft market update,1.0
2023-10-23,322.39,24374700,Microsoft,0.0081,-0.0261,1.0257,1,Microsoft market update,1.0
2023-10-24,323.57,31153600,Microsoft,0.0037,0.2781,1.0129,1,Microsoft market update,1.0
2023-10-25,333.5,55053800,Microsoft,0.0307,0.7672,1.0254,0,Microsoft market update,1.0
2023-10-26,320.99,37828500,Microsoft,-0.0375,-0.3129,1.0449,1,Microsoft market update,1.0
2023-10-27,322.87,29856500,Microsoft,0.0059,-0.2107,1.0253,1,Microsoft market update,1.0
2023-10-30,330.21,22828100,Microsoft,0.0227,-0.2354,1.023,1,Microsoft market update,1.0
2023-10-31,330.99,20265300,Microsoft,0.0024,-0.1123,1.0129,1,Microsoft market update,1.0
2023-11-01,338.79,28158800,Microsoft,0.0235,0.3895,1.0229,1,Microsoft market update,1.0
2023-11-02,340.99,24348100,Microsoft,0.0065,-0.1353,1.0118,1,Microsoft market update,1.0
2023-11-03,345.37,23637700,Microsoft,0.0129,-0.0292,1.0203,1,Microsoft market update,1.0
2023-11-06,349.03,23828300,Microsoft,0.0106,0.0081,1.0119,1,Microsoft market update,1.0
2023-11-07,352.94,25833900,Microsoft,0.0112,0.0842,1.0135,1,Microsoft market update,1.0
2023-11-08,355.56,26767800,Microsoft,0.0074,0.0362,1.0092,0,Microsoft market update,1.0
2023-11-09,353.1,24847300,Microsoft,-0.0069,-0.0717,1.0123,1,Microsoft market update,1.0
2023-11-10,361.89,28042100,Microsoft,0.0249,0.1286,1.025,0,Microsoft market update,1.0
2023-11-13,358.96,19986500,Microsoft,-0.0081,-0.2873,1.007,1,Microsoft market update,1.0
2023-11-14,362.48,27683900,Microsoft,0.0098,0.3851,1.0125,1,Microsoft market update,1.0
2023-11-15,362.62,26860100,Microsoft,0.0004,-0.0298,1.0164,1,Microsoft market update,1.0
2023-11-16,369.0,27182300,Microsoft,0.0176,0.012,1.0167,0,Microsoft market update,1.0
2023-11-17,362.8,40157000,Microsoft,-0.0168,0.4773,1.0201,1,Microsoft market update,1.0
2023-11-20,370.25,52465100,Microsoft,0.0205,0.3065,1.0212,0,Microsoft market update,1.0
2023-11-21,365.96,28423100,Microsoft,-0.0116,-0.4582,1.0137,1,Microsoft market update,1.0
2023-11-22,370.65,23345300,Microsoft,0.0128,-0.1787,1.0129,0,Microsoft market update,1.0
2023-11-24,370.24,10176600,Microsoft,-0.0011,-0.5641,1.0075,1,Microsoft market update,1.0
2023-11-27,371.39,22179200,Microsoft,0.0031,1.1794,1.0118,1,Microsoft market update,1.0
2023-11-28,375.41,20453100,Microsoft,0.0108,-0.0778,1.0128,0,Microsoft market update,1.0
2023-11-29,371.63,28963400,Microsoft,-0.0101,0.4161,1.0182,1,Microsoft market update,1.0
2023-11-30,371.69,30554400,Microsoft,0.0002,0.0549,1.0123,0,Microsoft market update,1.0
2023-12-01,367.37,33040500,Microsoft,-0.0116,0.0814,1.0184,0,Microsoft market update,1.0
2023-12-04,362.1,32063300,Microsoft,-0.0143,-0.0296,1.0182,1,Microsoft market update,1.0
2023-12-05,365.42,23065000,Microsoft,0.0092,-0.2806,1.0204,0,Microsoft market update,1.0
2023-12-06,361.77,21182100,Microsoft,-0.01,-0.0816,1.0167,1,Microsoft market update,1.0
2023-12-07,363.88,23118900,Microsoft,0.0058,0.0914,1.014,1,Microsoft market update,1.0
2023-12-08,367.1,20154400,Microsoft,0.0088,-0.1282,1.0169,0,Microsoft market update,1.0
2023-12-11,364.22,27708800,Microsoft,-0.0078,0.3748,1.015,1,Microsoft market update,1.0
2023-12-12,367.24,24838300,Microsoft,0.0083,-0.1036,1.0107,0,Microsoft market update,1.0
2023-12-14,358.96,43277500,Microsoft,-0.0225,0.3981,1.0264,1,Microsoft market update,1.0
2023-12-15,363.66,78502300,Microsoft,0.0131,0.8139,1.0167,1,Microsoft market update,1.0
2023-12-18,365.55,21802900,Microsoft,0.0052,-0.7223,1.0117,1,Microsoft market update,1.0
2023-12-19,366.15,20603700,Microsoft,0.0016,-0.055,1.0092,0,Microsoft market update,1.0
2023-12-20,363.56,26316700,Microsoft,-0.0071,0.2773,1.0148,1,Microsoft market update,1.0
2023-12-21,366.42,17708000,Microsoft,0.0079,-0.3271,1.0118,1,Microsoft market update,1.0
2023-12-22,367.44,17107500,Microsoft,0.0028,-0.0339,1.0066,1,Microsoft market update,1.0
2023-12-26,367.52,12673100,Microsoft,0.0002,-0.2592,1.0092,0,Microsoft market update,1.0
2023-12-27,366.94,14905400,Microsoft,-0.0016,0.1761,1.006,1,Microsoft market update,1.0
2023-12-28,368.13,14327000,Microsoft,0.0032,-0.0388,1.0061,1,Microsoft market update,1.0
2023-12-29,368.87,18730800,Microsoft,0.002,0.3074,1.0099,0,Microsoft market update,1.0
2024-01-02,363.8,25258600,Microsoft,-0.0137,0.3485,1.0249,0,Microsoft market update,1.0
2024-01-03,363.54,23083500,Microsoft,-0.0007,-0.0861,1.0129,0,Microsoft market update,1.0
2024-01-04,360.93,20901500,Microsoft,-0.0072,-0.0945,1.0162,0,Microsoft market update,1.0
2024-01-05,360.74,21004600,Microsoft,-0.0005,0.0049,1.0152,1,Microsoft market update,1.0
2024-01-08,367.55,23134000,Microsoft,0.0189,0.1014,1.0168,1,Microsoft market update,1.0
2024-01-09,368.63,20830000,Microsoft,0.0029,-0.0996,1.0129,1,Microsoft market update,1.0
2024-01-10,375.47,25514200,Microsoft,0.0186,0.2249,1.0209,1,Microsoft market update,1.0
2024-01-11,377.3,27850800,Microsoft,0.0049,0.0916,1.0271,1,Microsoft market update,1.0
2024-01-12,381.07,21661200,Microsoft,0.01,-0.2222,1.0105,1,Microsoft market update,1.0
2024-01-16,382.83,27202300,Microsoft,0.0046,0.2558,1.0165,0,Microsoft market update,1.0
2024-01-17,382.05,22234100,Microsoft,-0.002,-0.1826,1.0138,1,Microsoft market update,1.0
2024-01-18,386.36,23392100,Microsoft,0.0113,0.0521,1.0099,1,Microsoft market update,1.0
2024-01-19,391.07,29331100,Microsoft,0.0122,0.2539,1.0131,0,Microsoft market update,1.0
2024-01-22,388.95,27016900,Microsoft,-0.0054,-0.0789,1.0179,1,Microsoft market update,1.0
2024-01-23,391.3,20525900,Microsoft,0.006,-0.2403,1.0138,1,Microsoft market update,1.0
2024-01-24,394.89,24867000,Microsoft,0.0092,0.2115,1.0129,1,Microsoft market update,1.0
2024-01-25,397.15,21021200,Microsoft,0.0057,-0.1547,1.0111,0,Microsoft market update,1.0
2024-01-26,396.23,17803300,Microsoft,-0.0023,-0.1531,1.0093,1,Microsoft market update,1.0
2024-01-29,401.91,24510200,Microsoft,0.0143,0.3767,1.014,0,Microsoft market update,1.0
2024-01-30,400.8,33477600,Microsoft,-0.0028,0.3659,1.0162,0,Microsoft market update,1.0
2024-01-31,390.0,47871100,Microsoft,-0.0269,0.4299,1.0456,1,Microsoft market update,1.0
2024-02-01,396.08,30657700,Microsoft,0.0156,-0.3596,1.0154,1,Microsoft market update,1.0
2024-02-02,403.38,28256700,Microsoft,0.0184,-0.0783,1.0225,0,Microsoft market update,1.0
2024-02-05,397.92,25352300,Microsoft,-0.0135,-0.1028,1.0177,0,Microsoft market update,1.0
2024-02-06,397.76,18382600,Microsoft,-0.0004,-0.2749,1.0126,1,Microsoft market update,1.0
2024-02-07,406.16,22340500,Microsoft,0.0211,0.2153,1.0169,1,Microsoft market update,1.0
2024-02-08,406.22,21225300,Microsoft,0.0001,-0.0499,1.0073,1,Microsoft market update,1.0
2024-02-09,412.53,22032800,Microsoft,0.0156,0.038,1.0138,0,Microsoft market update,1.0
2024-02-12,407.35,21202900,Microsoft,-0.0126,-0.0377,1.0144,0,Microsoft market update,1.0
2024-02-13,398.58,27824900,Microsoft,-0.0215,0.3123,1.0166,1,Microsoft market update,1.0
2024-02-14,402.43,20401200,Microsoft,0.0097,-0.2668,1.013,0,Microsoft market update,1.0
2024-02-15,399.55,21825500,Microsoft,-0.0072,0.0698,1.012,0,Microsoft market update,1.0
2024-02-16,397.09,22296500,Microsoft,-0.0061,0.0216,1.012,0,Microsoft market update,1.0
2024-02-20,395.84,24307900,Microsoft,-0.0031,0.0902,1.0163,0,Microsoft market update,1.0
2024-02-21,395.24,18518900,Microsoft,-0.0015,-0.2382,1.0128,1,Microsoft market update,1.0
2024-02-22,404.55,27009900,Microsoft,0.0235,0.4585,1.0104,0,Microsoft market update,1.0
2024-02-23,403.26,16295900,Microsoft,-0.0032,-0.3967,1.0168,0,Microsoft market update,1.0
2024-02-26,400.51,16193500,Microsoft,-0.0068,-0.0063,1.0118,0,Microsoft market update,1.0
2024-02-27,400.45,14835800,Microsoft,-0.0001,-0.0838,1.0111,1,Microsoft market update,1.0
2024-02-28,400.69,13183100,Microsoft,0.0006,-0.1114,1.0098,1,Microsoft market update,1.0
2024-02-29,406.51,31947300,Microsoft,0.0145,1.4234,1.0204,1,Microsoft market update,1.0
2024-03-01,408.33,17823400,Microsoft,0.0045,-0.4421,1.0121,0,Microsoft market update,1.0
2024-03-04,407.76,17596000,Microsoft,-0.0014,-0.0128,1.0122,0,Microsoft market update,1.0
2024-03-05,395.71,26919200,Microsoft,-0.0296,0.5298,1.034,0,Microsoft market update,1.0
2024-03-06,395.16,22344100,Microsoft,-0.0014,-0.17,1.017,1,Microsoft market update,1.0
2024-03-07,402.08,18718500,Microsoft,0.0175,-0.1623,1.0187,0,Microsoft market update,1.0
2024-03-08,399.21,18002200,Microsoft,-0.0071,-0.0383,1.0151,0,Microsoft market update,1.0
2024-03-11,397.54,16120800,Microsoft,-0.0042,-0.1045,1.011,1,Microsoft market update,1.0
2024-03-12,408.12,22457000,Microsoft,0.0266,0.393,1.0216,0,Microsoft market update,1.0
2024-03-13,407.94,17115900,Microsoft,-0.0004,-0.2378,1.0164,1,Microsoft market update,1.0
2024-03-14,417.89,34157300,Microsoft,0.0244,0.9956,1.0235,0,Microsoft market update,1.0
2024-03-15,409.24,45079900,Microsoft,-0.0207,0.3198,1.0238,1,Microsoft market update,1.0
2024-03-18,410.12,20106000,Microsoft,0.0022,-0.554,1.0168,1,Microsoft market update,1.0
2024-03-19,414.14,19837900,Microsoft,0.0098,-0.0133,1.0147,1,Microsoft market update,1.0
2024-03-20,417.9,17860100,Microsoft,0.0091,-0.0997,1.0126,1,Microsoft market update,1.0
2024-03-21,421.97,21296200,Microsoft,0.0097,0.1924,1.0086,0,Microsoft market update,1.0
2024-03-22,421.35,17648500,Microsoft,-0.0015,-0.1713,1.0089,0,Microsoft market update,1.0
2024-03-25,415.57,18060500,Microsoft,-0.0137,0.0233,1.0138,0,Microsoft market update,1.0
2024-03-26,414.38,16725600,Microsoft,-0.0029,-0.0739,1.011,0,Microsoft market update,1.0
2024-03-27,414.16,16705000,Microsoft,-0.0005,-0.0012,1.013,0,Microsoft market update,1.0
2024-03-28,413.46,21871200,Microsoft,-0.0017,0.3093,1.0066,1,Microsoft market update,1.0
2024-04-01,417.25,16316000,Microsoft,0.0092,-0.254,1.0134,0,Microsoft market update,1.0
2024-04-02,414.17,17912000,Microsoft,-0.0074,0.0978,1.0109,0,Microsoft market update,1.0
2024-04-03,413.2,16502300,Microsoft,-0.0023,-0.0787,1.01,0,Microsoft market update,1.0
2024-04-04,410.67,19370900,Microsoft,-0.0061,0.1738,1.0266,1,Microsoft market update,1.0
2024-04-05,418.18,16554800,Microsoft,0.0183,-0.1454,1.0196,0,Microsoft market update,1.0
2024-04-08,417.27,14272400,Microsoft,-0.0022,-0.1379,1.0094,1,Microsoft market update,1.0
2024-04-09,418.93,12496900,Microsoft,0.004,-0.1244,1.0145,0,Microsoft market update,1.0
2024-04-10,415.96,16216600,Microsoft,-0.0071,0.2976,1.0103,1,Microsoft market update,1.0
2024-04-11,420.55,17966400,Microsoft,0.011,0.1079,1.0166,0,Microsoft market update,1.0
2024-04-12,414.62,19253800,Microsoft,-0.0141,0.0717,1.0129,0,Microsoft market update,1.0
2024-04-15,406.51,20273500,Microsoft,-0.0196,0.053,1.0324,1,Microsoft market update,1.0
2024-04-16,407.43,16765600,Microsoft,0.0023,-0.173,1.0113,0,Microsoft market update,1.0
2024-04-17,404.74,15855500,Microsoft,-0.0066,-0.0543,1.0208,0,Microsoft market update,1.0
2024-04-18,397.3,21029900,Microsoft,-0.0184,0.3263,1.0197,0,Microsoft market update,1.0
2024-04-19,392.24,30565800,Microsoft,-0.0127,0.4534,1.0194,1,Microsoft market update,1.0
2024-04-22,394.05,20286900,Microsoft,0.0046,-0.3363,1.0179,1,Microsoft market update,1.0
2024-04-23,400.54,15734500,Microsoft,0.0165,-0.2244,1.0128,1,Microsoft market update,1.0
2024-04-24,402.01,15065300,Microsoft,0.0037,-0.0425,1.014,0,Microsoft market update,1.0
2024-04-25,392.16,40586500,Microsoft,-0.0245,1.694,1.0306,1,Microsoft market update,1.0
2024-04-26,399.31,29694700,Microsoft,0.0182,-0.2684,1.0178,0,Microsoft market update,1.0
2024-04-29,395.31,19582100,Microsoft,-0.01,-0.3406,1.0179,0,Microsoft market update,1.0
2024-04-30,382.62,28781400,Microsoft,-0.0321,0.4698,1.0334,1,Microsoft market update,1.0
2024-05-01,388.13,23562500,Microsoft,0.0144,-0.1813,1.0292,1,Microsoft market update,1.0
2024-05-02,390.98,17709400,Microsoft,0.0073,-0.2484,1.0134,1,Microsoft market update,1.0
2024-05-03,399.65,17446700,Microsoft,0.0222,-0.0148,1.0132,1,Microsoft market update,1.0
2024-05-06,406.41,16996600,Microsoft,0.0169,-0.0258,1.0186,0,Microsoft market update,1.0
2024-05-07,402.28,20018200,Microsoft,-0.0102,0.1778,1.0136,1,Microsoft market update,1.0
2024-05-08,403.46,11792300,Microsoft,0.0029,-0.4109,1.0136,1,Microsoft market update,1.0
2024-05-09,405.21,14689700,Microsoft,0.0043,0.2457,1.0088,1,Microsoft market update,1.0
2024-05-10,407.59,13402300,Microsoft,0.0059,-0.0876,1.0087,0,Microsoft market update,1.0
2024-05-13,406.59,15440200,Microsoft,-0.0025,0.1521,1.0183,1,Microsoft market update,1.0
2024-05-14,409.38,15109300,Microsoft,0.0069,-0.0214,1.0144,1,Microsoft market update,1.0
2024-05-15,416.53,22239500,Microsoft,0.0175,0.4719,1.0157,0,Microsoft market update,1.0
2024-05-16,414.48,17530100,Microsoft,-0.0049,-0.2118,1.0121,0,Microsoft market update,1.0
2024-05-17,413.71,15352200,Microsoft,-0.0019,-0.1242,1.0117,1,Microsoft market update,1.0
2024-05-20,418.76,16272100,Microsoft,0.0122,0.0599,1.0161,1,Microsoft market update,1.0
2024-05-21,422.4,21453300,Microsoft,0.0087,0.3184,1.0191,1,Microsoft market update,1.0
2024-05-22,423.86,18073700,Microsoft,0.0034,-0.1575,1.0124,0,Microsoft market update,1.0
2024-05-23,420.39,17211700,Microsoft,-0.0082,-0.0477,1.0192,1,Microsoft market update,1.0
2024-05-24,423.5,11855300,Microsoft,0.0074,-0.3112,1.0157,1,Microsoft market update,1.0
2024-05-28,423.66,15718000,Microsoft,0.0004,0.3258,1.0099,0,Microsoft market update,1.0
2024-05-29,422.53,15517100,Microsoft,-0.0027,-0.0128,1.0123,0,Microsoft market update,1.0
2024-05-30,408.25,28394500,Microsoft,-0.0338,0.8299,1.0243,1,Microsoft market update,1.0
2024-05-31,408.71,47995300,Microsoft,0.0011,0.6903,1.0303,0,Microsoft market update,1.0
2024-06-03,407.12,17484700,Microsoft,-0.0039,-0.6357,1.0184,1,Microsoft market update,1.0
2024-06-04,409.63,14348900,Microsoft,0.0062,-0.1793,1.0165,1,Microsoft market update,1.0
2024-06-05,417.45,16988000,Microsoft,0.0191,0.1839,1.0187,1,Microsoft market update,1.0
2024-06-06,417.95,14861300,Microsoft,0.0012,-0.1252,1.0112,0,Microsoft market update,1.0
2024-06-07,417.29,13621700,Microsoft,-0.0016,-0.0834,1.0078,1,Microsoft market update,1.0
2024-06-10,421.25,13982900,Microsoft,0.0095,0.0265,1.0099,1,Microsoft market update,1.0
2024-06-11,425.99,14551100,Microsoft,0.0112,0.0406,1.0178,1,Microsoft market update,1.0
2024-06-12,434.24,22366200,Microsoft,0.0194,0.5371,1.0234,1,Microsoft market update,1.0
2024-06-13,434.75,15960600,Microsoft,0.0012,-0.2864,1.0091,1,Microsoft market update,1.0
2024-06-14,435.72,13582000,Microsoft,0.0022,-0.149,1.0147,1,Microsoft market update,1.0
2024-06-17,441.43,20790000,Microsoft,0.0131,0.5307,1.0232,0,Microsoft market update,1.0
2024-06-18,439.43,17112500,Microsoft,-0.0045,-0.1769,1.0118,0,Microsoft market update,1.0
2024-06-20,438.8,19877400,Microsoft,-0.0014,0.1616,1.0119,1,Microsoft market update,1.0
2024-06-21,442.82,34187100,Microsoft,0.0092,0.7199,1.0091,0,Microsoft market update,1.0
2024-06-24,440.74,15913700,Microsoft,-0.0047,-0.5345,1.0142,1,Microsoft market update,1.0
2024-06-25,443.97,16413400,Microsoft,0.0073,0.0314,1.0105,1,Microsoft market update,1.0
2024-06-26,445.16,16507000,Microsoft,0.0027,0.0057,1.0121,1,Microsoft market update,1.0
2024-06-27,445.84,14806300,Microsoft,0.0015,-0.103,1.0097,0,Microsoft market update,1.0
2024-06-28,440.03,28362300,Microsoft,-0.013,0.9156,1.0201,1,Microsoft market update,1.0
2024-07-01,449.66,17662800,Microsoft,0.0219,-0.3772,1.0263,1,Microsoft market update,1.0
2024-07-02,452.17,13979800,Microsoft,0.0056,-0.2085,1.0143,1,Microsoft market update,1.0
2024-07-03,453.64,9932800,Microsoft,0.0032,-0.2895,1.0069,1,Microsoft market update,1.0
2024-07-05,460.33,16000300,Microsoft,0.0147,0.6109,1.0204,0,Microsoft market update,1.0
2024-07-08,459.03,12962300,Microsoft,-0.0028,-0.1899,1.007,0,Microsoft market update,1.0
2024-07-09,452.43,17207200,Microsoft,-0.0144,0.3275,1.0204,1,Microsoft market update,1.0
2024-07-10,459.04,18196100,Microsoft,0.0146,0.0575,1.0166,0,Microsoft market update,1.0
2024-07-11,447.66,23111200,Microsoft,-0.0248,0.2701,1.0293,0,Microsoft market update,1.0
2024-07-12,446.53,16324300,Microsoft,-0.0025,-0.2937,1.0127,1,Microsoft market update,1.0
2024-07-15,446.94,14429400,Microsoft,0.0009,-0.1161,1.0129,0,Microsoft market update,1.0
2024-07-16,442.56,17175700,Microsoft,-0.0098,0.1903,1.0171,0,Microsoft market update,1.0
2024-07-17,436.66,21778000,Microsoft,-0.0133,0.268,1.0129,0,Microsoft market update,1.0
2024-07-18,433.56,20794800,Microsoft,-0.0071,-0.0451,1.0236,0,Microsoft market update,1.0
2024-07-19,430.35,20940400,Microsoft,-0.0074,0.007,1.0212,1,Microsoft market update,1.0
2024-07-22,436.09,15808800,Microsoft,0.0133,-0.2451,1.013,1,Microsoft market update,1.0
2024-07-23,437.97,13107100,Microsoft,0.0043,-0.1709,1.0119,0,Microsoft market update,1.0
2024-07-24,422.26,26805800,Microsoft,-0.0359,1.0451,1.0325,0,Microsoft market update,1.0
2024-07-25,411.93,29943800,Microsoft,-0.0245,0.1171,1.0294,1,Microsoft market update,1.0
2024-07-26,418.69,23583800,Microsoft,0.0164,-0.2124,1.0279,1,Microsoft market update,1.0
2024-07-29,420.13,15125800,Microsoft,0.0034,-0.3586,1.0175,0,Microsoft market update,1.0
2024-07-30,416.38,32687600,Microsoft,-0.0089,1.161,1.028,0,Microsoft market update,1.0
2024-07-31,411.88,42891400,Microsoft,-0.0108,0.3122,1.0232,0,Microsoft market update,1.0
2024-08-01,410.66,30296400,Microsoft,-0.003,-0.2936,1.0348,0,Microsoft market update,1.0
2024-08-02,402.17,29437900,Microsoft,-0.0207,-0.0283,1.0264,0,Microsoft market update,1.0
2024-08-05,389.04,40709200,Microsoft,-0.0327,0.3829,1.0401,1,Microsoft market update,1.0
2024-08-06,393.43,24946500,Microsoft,0.0113,-0.3872,1.018,0,Microsoft market update,1.0
2024-08-07,392.27,20650900,Microsoft,-0.003,-0.1722,1.0317,1,Microsoft market update,1.0
2024-08-08,396.46,20203000,Microsoft,0.0107,-0.0217,1.0148,1,Microsoft market update,1.0
2024-08-09,399.74,19276700,Microsoft,0.0083,-0.0458,1.0144,1,Microsoft market update,1.0
2024-08-12,400.52,16762900,Microsoft,0.0019,-0.1304,1.0112,1,Microsoft market update,1.0
2024-08-13,407.6,19414300,Microsoft,0.0177,0.1582,1.0131,1,Microsoft market update,1.0
2024-08-14,410.41,18267000,Microsoft,0.0069,-0.0591,1.0128,1,Microsoft market update,1.0
2024-08-15,415.26,20752100,Microsoft,0.0118,0.136,1.0083,0,Microsoft market update,1.0
2024-08-16,412.74,22775600,Microsoft,-0.0061,0.0975,1.0097,1,Microsoft market update,1.0
2024-08-19,415.76,15234000,Microsoft,0.0073,-0.3311,1.0127,1,Microsoft market update,1.0
2024-08-20,418.98,16387600,Microsoft,0.0078,0.0757,1.01,0,Microsoft market update,1.0
2024-08-21,418.33,16067300,Microsoft,-0.0016,-0.0195,1.0111,0,Microsoft market update,1.0
2024-08-22,409.86,19361900,Microsoft,-0.0203,0.2051,1.0294,1,Microsoft market update,1.0
2024-08-23,411.08,18493800,Microsoft,0.003,-0.0448,1.0174,0,Microsoft market update,1.0
2024-08-26,407.83,13152800,Microsoft,-0.0079,-0.2888,1.0144,1,Microsoft market update,1.0
2024-08-27,408.17,13492900,Microsoft,0.0008,0.0259,1.01,0,Microsoft market update,1.0
2024-08-28,404.98,14882700,Microsoft,-0.0078,0.103,1.0189,1,Microsoft market update,1.0
2024-08-29,407.46,17045200,Microsoft,0.0061,0.1453,1.0279,1,Microsoft market update,1.0
2024-08-30,411.43,24308300,Microsoft,0.0097,0.4261,1.013,0,Microsoft market update,1.0
2024-09-03,403.83,20313600,Microsoft,-0.0185,-0.1643,1.0316,0,Microsoft market update,1.0
2024-09-04,403.3,15135800,Microsoft,-0.0013,-0.2549,1.017,0,Microsoft market update,1.0
2024-09-05,402.8,14195500,Microsoft,-0.0012,-0.0621,1.0172,0,Microsoft market update,1.0
2024-09-06,396.2,19609500,Microsoft,-0.0164,0.3814,1.0246,1,Microsoft market update,1.0
2024-09-09,400.16,15295100,Microsoft,0.01,-0.22,1.0162,1,Microsoft market update,1.0
2024-09-10,408.53,19594300,Microsoft,0.0209,0.2811,1.0212,1,Microsoft market update,1.0
2024-09-11,417.25,19266900,Microsoft,0.0213,-0.0167,1.0352,1,Microsoft market update,1.0
2024-09-12,421.15,17395700,Microsoft,0.0094,-0.0971,1.0182,1,Microsoft market update,1.0
2024-09-13,424.69,15874600,Microsoft,0.0084,-0.0874,1.015,1,Microsoft market update,1.0
2024-09-16,425.43,13834700,Microsoft,0.0017,-0.1285,1.0124,1,Microsoft market update,1.0
2024-09-17,429.19,18874200,Microsoft,0.0088,0.3643,1.0222,0,Microsoft market update,1.0
2024-09-18,424.91,18898000,Microsoft,-0.01,0.0013,1.0131,1,Microsoft market update,1.0
2024-09-19,432.68,21706600,Microsoft,0.0183,0.1486,1.0105,0,Microsoft market update,1.0
2024-09-20,429.31,55167100,Microsoft,-0.0078,1.5415,1.0116,0,Microsoft market update,1.0
2024-09-23,427.57,15128900,Microsoft,-0.004,-0.7258,1.0141,0,Microsoft market update,1.0
2024-09-24,423.29,17015800,Microsoft,-0.01,0.1247,1.017,1,Microsoft market update,1.0
2024-09-25,426.19,13396400,Microsoft,0.0069,-0.2127,1.0106,0,Microsoft market update,1.0
2024-09-26,425.4,14492000,Microsoft,-0.0019,0.0818,1.0144,0,Microsoft market update,1.0
2024-09-27,422.16,14896100,Microsoft,-0.0076,0.0279,1.0102,1,Microsoft market update,1.0
2024-09-30,424.41,16807300,Microsoft,0.0053,0.1283,1.0119,0,Microsoft market update,1.0
2024-10-01,414.93,19092900,Microsoft,-0.0223,0.136,1.0231,0,Microsoft market update,1.0
2024-10-02,411.42,16582300,Microsoft,-0.0085,-0.1315,1.0147,0,Microsoft market update,1.0
2024-10-03,410.83,13686400,Microsoft,-0.0014,-0.1746,1.0127,0,Microsoft market update,1.0
2024-10-04,410.36,19169700,Microsoft,-0.0012,0.4006,1.0115,0,Microsoft market update,1.0
2024-10-07,403.93,20919800,Microsoft,-0.0157,0.0913,1.0198,1,Microsoft market update,1.0
2024-10-08,409.03,19229300,Microsoft,0.0126,-0.0808,1.0184,1,Microsoft market update,1.0
2024-10-09,411.74,14974300,Microsoft,0.0066,-0.2213,1.0147,0,Microsoft market update,1.0
2024-10-10,410.14,13848400,Microsoft,-0.0039,-0.0752,1.0102,1,Microsoft market update,1.0
2024-10-11,410.62,14144900,Microsoft,0.0012,0.0214,1.0094,1,Microsoft market update,1.0
2024-10-14,413.4,16653100,Microsoft,0.0068,0.1773,1.0156,0,Microsoft market update,1.0
2024-10-15,413.0,18900200,Microsoft,-0.001,0.1349,1.0174,0,Microsoft market update,1.0
2024-10-16,410.42,15508900,Microsoft,-0.0063,-0.1794,1.0143,1,Microsoft market update,1.0
2024-10-17,411.01,14820000,Microsoft,0.0014,-0.0444,1.0166,1,Microsoft market update,1.0
2024-10-18,412.43,17145300,Microsoft,0.0035,0.1569,1.0081,1,Microsoft market update,1.0
2024-10-21,413.04,14206100,Microsoft,0.0015,-0.1714,1.0126,1,Microsoft market update,1.0
2024-10-22,421.65,25482200,Microsoft,0.0208,0.7938,1.03,0,Microsoft market update,1.0
2024-10-23,418.78,19654400,Microsoft,-0.0068,-0.2287,1.0202,1,Microsoft market update,1.0
2024-10-24,418.91,13581600,Microsoft,0.0003,-0.309,1.0085,1,Microsoft market update,1.0
2024-10-25,422.29,16899100,Microsoft,0.0081,0.2443,1.0139,0,Microsoft market update,1.0
2024-10-28,420.75,14882400,Microsoft,-0.0036,-0.1193,1.0132,1,Microsoft market update,1.0
2024-10-29,426.03,17644100,Microsoft,0.0126,0.1856,1.0173,1,Microsoft market update,1.0
2024-10-30,426.61,29749100,Microsoft,0.0013,0.6861,1.0148,0,Microsoft market update,1.0
2024-10-31,400.78,53971000,Microsoft,-0.0605,0.8142,1.0243,1,Microsoft market update,1.0
2024-11-01,404.75,24230400,Microsoft,0.0099,-0.551,1.0196,0,Microsoft market update,1.0
2024-11-04,402.86,19672300,Microsoft,-0.0047,-0.1881,1.012,1,Microsoft market update,1.0
2024-11-05,405.82,17626000,Microsoft,0.0073,-0.104,1.0167,1,Microsoft market update,1.0
2024-11-06,414.42,26681800,Microsoft,0.0212,0.5138,1.0242,1,Microsoft market update,1.0
2024-11-07,419.6,19901800,Microsoft,0.0125,-0.2541,1.0166,0,Microsoft market update,1.0
2024-11-08,416.75,16891400,Microsoft,-0.0068,-0.1513,1.0112,0,Microsoft market update,1.0
2024-11-11,412.28,24503300,Microsoft,-0.0107,0.4506,1.0212,1,Microsoft market update,1.0
2024-11-12,417.24,19401200,Microsoft,0.012,-0.2082,1.0174,1,Microsoft market update,1.0
2024-11-13,419.38,21502200,Microsoft,0.0051,0.1083,1.0266,1,Microsoft market update,1.0
2024-11-14,421.04,30246900,Microsoft,0.004,0.4067,1.0195,0,Microsoft market update,1.0
2024-11-15,409.32,28247600,Microsoft,-0.0279,-0.0661,1.0221,1,Microsoft market update,1.0
2024-11-18,410.06,24727000,Microsoft,0.0018,-0.1246,1.0153,1,Microsoft market update,1.0
2024-11-19,412.07,18133500,Microsoft,0.0049,-0.2667,1.0155,0,Microsoft market update,1.0
2024-11-20,409.8,19191700,Microsoft,-0.0055,0.0584,1.0163,0,Microsoft market update,1.0
2024-11-21,408.03,20780200,Microsoft,-0.0043,0.0828,1.0231,1,Microsoft market update,1.0
2024-11-22,412.11,24814600,Microsoft,0.01,0.1941,1.0154,1,Microsoft market update,1.0
2024-11-25,413.88,27691100,Microsoft,0.0043,0.1159,1.015,1,Microsoft market update,1.0
2024-11-26,422.97,23458900,Microsoft,0.022,-0.1528,1.0243,0,Microsoft market update,1.0
2024-11-27,418.03,18332400,Microsoft,-0.0117,-0.2185,1.0123,1,Microsoft market update,1.0
2024-11-29,418.5,16271900,Microsoft,0.0011,-0.1124,1.0169,1,Microsoft market update,1.0
2024-12-02,425.93,20207200,Microsoft,0.0178,0.2418,1.0277,1,Microsoft market update,1.0
2024-12-03,426.14,18302000,Microsoft,0.0005,-0.0943,1.0111,1,Microsoft market update,1.0
2024-12-04,432.29,26009400,Microsoft,0.0144,0.4211,1.0163,1,Microsoft market update,1.0
2024-12-05,437.43,21697800,Microsoft,0.0119,-0.1658,1.0195,1,Microsoft market update,1.0
2024-12-06,438.37,18821000,Microsoft,0.0021,-0.1326,1.0098,1,Microsoft market update,1.0
2024-12-09,440.79,19144400,Microsoft,0.0055,0.0172,1.0178,0,Microsoft market update,1.0
2024-12-10,438.13,18469500,Microsoft,-0.006,-0.0353,1.0182,1,Microsoft market update,1.0
2024-12-11,443.73,19200200,Microsoft,0.0128,0.0396,1.0142,1,Microsoft market update,1.0
2024-12-12,444.29,20834800,Microsoft,0.0013,0.0851,1.0157,0,Microsoft market update,1.0
2024-12-13,442.03,20177800,Microsoft,-0.0051,-0.0315,1.0131,1,Microsoft market update,1.0
2024-12-16,446.3,23598800,Microsoft,0.0097,0.1695,1.0155,1,Microsoft market update,1.0
2024-12-17,449.13,22733500,Microsoft,0.0064,-0.0367,1.0127,0,Microsoft market update,1.0
2024-12-18,432.26,24444500,Microsoft,-0.0376,0.0753,1.0358,0,Microsoft market update,1.0
2024-12-19,431.91,22963700,Microsoft,-0.0008,-0.0606,1.0157,0,Microsoft market update,1.0
2024-12-20,431.48,64263700,Microsoft,-0.001,1.7985,1.0353,0,Microsoft market update,1.0
2024-12-23,430.15,19152500,Microsoft,-0.0031,-0.702,1.0111,1,Microsoft market update,1.0
2024-12-24,434.18,7164500,Microsoft,0.0094,-0.6259,1.0125,0,Microsoft market update,1.0
2024-12-26,432.97,8194200,Microsoft,-0.0028,0.1437,1.0099,0,Microsoft market update,1.0
2024-12-27,425.48,18117700,Microsoft,-0.0173,1.211,1.0208,0,Microsoft market update,1.0
2024-12-30,419.85,13158700,Microsoft,-0.0132,-0.2737,1.0134,0,Microsoft market update,1.0
2024-12-31,416.56,13246500,Microsoft,-0.0078,0.0067,1.0144,0,Microsoft market update,1.0
2025-01-02,413.67,16896500,Microsoft,-0.0069,0.2755,1.027,1,Microsoft market update,1.0
2025-01-03,418.39,16662900,Microsoft,0.0114,-0.0138,1.0107,1,Microsoft market update,1.0
2025-01-06,422.83,20573600,Microsoft,0.0106,0.2347,1.0208,0,Microsoft market update,1.0
2025-01-07,417.42,18139100,Microsoft,-0.0128,-0.1183,1.0234,1,Microsoft market update,1.0
2025-01-08,419.58,15054600,Microsoft,0.0052,-0.17,1.0129,0,Microsoft market update,1.0
2025-01-10,414.04,20201100,Microsoft,-0.0132,0.3419,1.0233,0,Microsoft market update,1.0
2025-01-13,412.3,17604800,Microsoft,-0.0042,-0.1285,1.0151,0,Microsoft market update,1.0
2025-01-14,410.8,16935900,Microsoft,-0.0036,-0.038,1.022,1,Microsoft market update,1.0
2025-01-15,421.31,19637800,Microsoft,0.0256,0.1595,1.0236,0,Microsoft market update,1.0
2025-01-16,419.6,15300000,Microsoft,-0.0041,-0.2209,1.012,1,Microsoft market update,1.0
2025-01-17,424.0,26197500,Microsoft,0.0105,0.7123,1.0147,0,Microsoft market update,1.0
2025-01-21,423.48,26085700,Microsoft,-0.0012,-0.0043,1.0125,1,Microsoft market update,1.0
2025-01-22,440.97,27803800,Microsoft,0.0413,0.0659,1.0258,1,Microsoft market update,1.0
2025-01-23,441.47,18389300,Microsoft,0.0011,-0.3386,1.0119,0,Microsoft market update,1.0
2025-01-24,438.85,15549500,Microsoft,-0.0059,-0.1544,1.0119,0,Microsoft market update,1.0
2025-01-27,429.47,35647800,Microsoft,-0.0214,1.2925,1.0276,1,Microsoft market update,1.0
2025-01-28,441.96,23491700,Microsoft,0.0291,-0.341,1.0394,0,Microsoft market update,1.0
2025-01-29,437.14,23581400,Microsoft,-0.0109,0.0038,1.0147,0,Microsoft market update,1.0
2025-01-30,410.12,54586300,Microsoft,-0.0618,1.3148,1.0235,1,Microsoft market update,1.0
2025-01-31,410.19,34161900,Microsoft,0.0002,-0.3742,1.0139,0,Microsoft market update,1.0
2025-02-03,406.1,25679100,Microsoft,-0.01,-0.2483,1.0165,1,Microsoft market update,1.0
2025-02-04,407.54,20532100,Microsoft,0.0035,-0.2004,1.0102,1,Microsoft market update,1.0
2025-02-05,408.44,16316700,Microsoft,0.0022,-0.2053,1.0084,1,Microsoft market update,1.0
2025-02-06,410.95,16309800,Microsoft,0.0061,-0.0004,1.0101,0,Microsoft market update,1.0
2025-02-07,404.95,22886800,Microsoft,-0.0146,0.4033,1.0259,1,Microsoft market update,1.0
2025-02-10,407.39,20817900,Microsoft,0.006,-0.0904,1.011,0,Microsoft market update,1.0
2025-02-11,406.62,18140600,Microsoft,-0.0019,-0.1286,1.0078,0,Microsoft market update,1.0
2025-02-12,404.24,19121700,Microsoft,-0.0058,0.0541,1.0158,1,Microsoft market update,1.0
2025-02-13,405.73,23891700,Microsoft,0.0037,0.2495,1.0114,0,Microsoft market update,1.0
2025-02-14,403.64,22758500,Microsoft,-0.0051,-0.0474,1.0075,1,Microsoft market update,1.0
2025-02-18,404.84,21423100,Microsoft,0.003,-0.0587,1.0101,1,Microsoft market update,1.0
2025-02-19,409.91,24114200,Microsoft,0.0125,0.1256,1.0192,1,Microsoft market update,1.0
2025-02-20,412.08,23508700,Microsoft,0.0053,-0.0251,1.0164,0,Microsoft market update,1.0
2025-02-21,404.23,27524800,Microsoft,-0.019,0.1708,1.0249,0,Microsoft market update,1.0
2025-02-24,400.06,26443700,Microsoft,-0.0103,-0.0393,1.0252,0,Microsoft market update,1.0
2025-02-25,394.02,29387400,Microsoft,-0.0151,0.1113,1.0132,1,Microsoft market update,1.0
2025-02-26,395.84,19619000,Microsoft,0.0046,-0.3324,1.0237,0,Microsoft market update,1.0
2025-02-27,388.71,21127400,Microsoft,-0.018,0.0769,1.0346,1,Microsoft market update,1.0
2025-02-28,393.12,32845700,Microsoft,0.0114,0.5546,1.0286,0,Microsoft market update,1.0
2025-03-03,384.71,23007700,Microsoft,-0.0214,-0.2995,1.0328,1,Microsoft market update,1.0
2025-03-04,384.82,29342900,Microsoft,0.0003,0.2754,1.0304,1,Microsoft market update,1.0
2025-03-05,397.11,23433100,Microsoft,0.0319,-0.2014,1.0331,0,Microsoft market update,1.0
2025-03-06,393.02,23304600,Microsoft,-0.0103,-0.0055,1.0241,0,Microsoft market update,1.0
2025-03-07,389.48,22034100,Microsoft,-0.009,-0.0545,1.024,0,Microsoft market update,1.0
2025-03-10,376.46,32840100,Microsoft,-0.0334,0.4904,1.0243,1,Microsoft market update,1.0
2025-03-11,376.74,30380200,Microsoft,0.0008,-0.0749,1.0241,1,Microsoft market update,1.0
2025-03-12,379.54,24253600,Microsoft,0.0074,-0.2017,1.0165,0,Microsoft market update,1.0
2025-03-13,375.08,20473000,Microsoft,-0.0117,-0.1559,1.0209,1,Microsoft market update,1.0
2025-03-14,384.77,19952800,Microsoft,0.0258,-0.0254,1.0282,1,Microsoft market update,1.0
2025-03-17,384.91,22474300,Microsoft,0.0004,0.1264,1.0185,0,Microsoft market update,1.0
2025-03-18,379.78,19486900,Microsoft,-0.0133,-0.1329,1.0165,1,Microsoft market update,1.0
2025-03-19,384.04,19185500,Microsoft,0.0112,-0.0155,1.0148,0,Microsoft market update,1.0
2025-03-20,383.07,18470500,Microsoft,-0.0025,-0.0373,1.0222,1,Microsoft market update,1.0
2025-03-21,387.45,39675900,Microsoft,0.0114,1.1481,1.0234,1,Microsoft market update,1.0
2025-03-24,389.25,21004500,Microsoft,0.0047,-0.4706,1.0143,1,Microsoft market update,1.0
2025-03-25,391.31,15775000,Microsoft,0.0053,-0.249,1.0095,0,Microsoft market update,1.0
2025-03-26,386.17,16108400,Microsoft,-0.0131,0.0211,1.0173,1,Microsoft market update,1.0
2025-03-27,386.77,13766800,Microsoft,0.0016,-0.1454,1.0125,0,Microsoft market update,1.0
2025-03-28,375.11,21632000,Microsoft,-0.0302,0.5713,1.0324,0,Microsoft market update,1.0
2025-03-31,371.73,35184700,Microsoft,-0.009,0.6265,1.0268,1,Microsoft market update,1.0
2025-04-01,378.47,19689500,Microsoft,0.0181,-0.4404,1.0258,0,Microsoft market update,1.0
2025-04-02,378.42,16092600,Microsoft,-0.0001,-0.1827,1.0225,0,Microsoft market update,1.0
2025-04-03,369.48,30198000,Microsoft,-0.0236,0.8765,1.022,0,Microsoft market update,1.0
2025-04-04,356.33,49209900,Microsoft,-0.0356,0.6296,1.042,0,Microsoft market update,1.0
2025-04-07,354.37,50425000,Microsoft,-0.0055,0.0247,1.076,0,Microsoft market update,1.0
2025-04-08,351.11,35868900,Microsoft,-0.0092,-0.2887,1.0668,1,Microsoft market update,1.0
2025-04-09,386.69,50199700,Microsoft,0.1013,0.3995,1.1137,0,Microsoft market update,1.0
2025-04-10,377.63,38024400,Microsoft,-0.0234,-0.2425,1.0438,1,Microsoft market update,1.0
2025-04-11,384.67,23839200,Microsoft,0.0186,-0.3731,1.0295,0,Microsoft market update,1.0
2025-04-14,384.03,19251200,Microsoft,-0.0016,-0.1925,1.0272,0,Microsoft market update,1.0
2025-04-15,381.97,17199900,Microsoft,-0.0054,-0.1066,1.0201,0,Microsoft market update,1.0
2025-04-16,367.99,21967800,Microsoft,-0.0366,0.2772,1.037,0,Microsoft market update,1.0
2025-04-17,364.2,21120200,Microsoft,-0.0103,-0.0386,1.0203,0,Microsoft market update,1.0
2025-04-21,355.62,20807300,Microsoft,-0.0235,-0.0148,1.0248,1,Microsoft market update,1.0
2025-04-22,363.25,19485000,Microsoft,0.0214,-0.0635,1.022,1,Microsoft market update,1.0
2025-04-23,370.74,20545500,Microsoft,0.0206,0.0544,1.0198,1,Microsoft market update,1.0
2025-04-24,383.53,22232300,Microsoft,0.0345,0.0821,1.0353,1,Microsoft market update,1.0
2025-04-25,388.03,18973200,Microsoft,0.0117,-0.1466,1.0197,0,Microsoft market update,1.0
2025-04-28,387.35,16579400,Microsoft,-0.0018,-0.1262,1.0158,1,Microsoft market update,1.0
2025-04-29,390.2,14974000,Microsoft,0.0074,-0.0968,1.0121,1,Microsoft market update,1.0
2025-04-30,391.41,36461100,Microsoft,0.0031,1.435,1.0318,1,Microsoft market update,1.0
2025-05-01,421.26,58938100,Microsoft,0.0763,0.6165,1.0285,1,Microsoft market update,1.0
2025-05-02,431.04,30757400,Microsoft,0.0232,-0.4781,1.022,1,Microsoft market update,1.0
2025-05-05,431.92,20136100,Microsoft,0.002,-0.3453,1.0171,0,Microsoft market update,1.0
2025-05-06,429.09,15104200,Microsoft,-0.0066,-0.2499,1.0152,1,Microsoft market update,1.0
2025-05-07,429.13,23295300,Microsoft,0.0001,0.5423,1.0163,1,Microsoft market update,1.0
2025-05-08,433.9,23491300,Microsoft,0.0111,0.0084,1.0184,1,Microsoft market update,1.0
2025-05-09,434.46,15324200,Microsoft,0.0013,-0.3477,1.0111,1,Microsoft market update,1.0
2025-05-12,444.88,22821900,Microsoft,0.024,0.4893,1.0218,0,Microsoft market update,1.0
2025-05-13,444.76,23618800,Microsoft,-0.0003,0.0349,1.0119,1,Microsoft market update,1.0
2025-05-14,448.53,19902800,Microsoft,0.0085,-0.1573,1.0129,1,Microsoft market update,1.0
2025-05-15,449.54,21992300,Microsoft,0.0023,0.105,1.0128,1,Microsoft market update,1.0
2025-05-16,450.67,23849800,Microsoft,0.0025,0.0845,1.0125,1,Microsoft market update,1.0
2025-05-19,455.23,21336500,Microsoft,0.0101,-0.1054,1.0195,0,Microsoft market update,1.0
2025-05-20,454.54,15441800,Microsoft,-0.0015,-0.2763,1.0088,0,Microsoft market update,1.0
2025-05-21,448.98,19216900,Microsoft,-0.0122,0.2445,1.0132,1,Microsoft market update,1.0
2025-05-22,451.26,18025600,Microsoft,0.0051,-0.062,1.014,0,Microsoft market update,1.0
2025-05-23,446.61,16883500,Microsoft,-0.0103,-0.0634,1.0106,1,Microsoft market update,1.0
2025-05-27,457.04,20974300,Microsoft,0.0233,0.2423,1.0106,0,Microsoft market update,1.0
2025-05-28,453.74,17086300,Microsoft,-0.0072,-0.1854,1.0122,1,Microsoft market update,1.0
2025-05-29,455.05,13974800,Microsoft,0.0029,-0.1821,1.0141,1,Microsoft market update,1.0
2025-05-30,456.71,34770500,Microsoft,0.0037,1.4881,1.0135,1,Microsoft market update,1.0
2025-06-02,458.31,16626500,Microsoft,0.0035,-0.5218,1.0114,1,Microsoft market update,1.0
2025-06-03,459.3,15743800,Microsoft,0.0022,-0.0531,1.0071,1,Microsoft market update,1.0
2025-06-04,460.19,14162700,Microsoft,0.0019,-0.1004,1.0058,1,Microsoft market update,1.0
2025-06-05,463.97,20131700,Microsoft,0.0082,0.4215,1.0121,1,Microsoft market update,1.0
2025-06-06,466.65,15285600,Microsoft,0.0058,-0.2407,1.0097,1,Microsoft market update,1.0
2025-06-09,469.0,16469900,Microsoft,0.005,0.0775,1.0103,0,Microsoft market update,1.0
2025-06-10,467.19,15375900,Microsoft,-0.0039,-0.0664,1.0125,1,Microsoft market update,1.0
2025-06-11,468.87,16399200,Microsoft,0.0036,0.0666,1.0124,1,Microsoft market update,1.0
2025-06-12,475.08,18950600,Microsoft,0.0132,0.1556,1.0146,0,Microsoft market update,1.0
2025-06-13,471.2,16814500,Microsoft,-0.0082,-0.1127,1.0136,1,Microsoft market update,1.0
2025-06-16,475.34,15626100,Microsoft,0.0088,-0.0707,1.012,0,Microsoft market update,1.0
2025-06-17,474.25,15414100,Microsoft,-0.0023,-0.0136,1.0098,1,Microsoft market update,1.0
2025-06-18,476.43,17526500,Microsoft,0.0046,0.137,1.0138,0,Microsoft market update,1.0
2025-06-20,473.62,37576200,Microsoft,-0.0059,1.144,1.0138,1,Microsoft market update,1.0
2025-06-23,482.15,24864000,Microsoft,0.018,-0.3383,1.0323,1,Microsoft market update,1.0
2025-06-24,486.23,22305600,Microsoft,0.0085,-0.1029,1.0104,1,Microsoft market update,1.0
2025-06-25,488.37,17495100,Microsoft,0.0044,-0.2157,1.0106,1,Microsoft market update,1.0
2025-06-26,493.51,21578900,Microsoft,0.0105,0.2334,1.0106,0,Microsoft market update,1.0
2025-06-27,492.01,34539200,Microsoft,-0.003,0.6006,1.0127,1,Microsoft market update,1.0
2025-06-30,493.47,28369000,Microsoft,0.003,-0.1786,1.011,0,Microsoft market update,1.0
2025-07-01,488.15,19945400,Microsoft,-0.0108,-0.2969,1.0144,0,Microsoft market update,1.0
2025-07-02,487.2,16319600,Microsoft,-0.002,-0.1818,1.0098,1,Microsoft market update,1.0
2025-07-03,494.89,13984800,Microsoft,0.0158,-0.1431,1.0136,0,Microsoft market update,1.0
2025-07-07,493.78,13981600,Microsoft,-0.0022,-0.0002,1.0071,0,Microsoft market update,1.0
2025-07-08,492.68,11846600,Microsoft,-0.0022,-0.1527,1.0083,1,Microsoft market update,1.0
2025-07-09,499.52,18659500,Microsoft,0.0139,0.5751,1.0141,0,Microsoft market update,1.0
2025-07-10,497.51,16492100,Microsoft,-0.004,-0.1162,1.0134,1,Microsoft market update,1.0
2025-07-11,499.33,16459500,Microsoft,0.0037,-0.002,1.0145,0,Microsoft market update,1.0
2025-07-14,499.03,12058800,Microsoft,-0.0006,-0.2674,1.0059,1,Microsoft market update,1.0
2025-07-15,501.81,14927200,Microsoft,0.0056,0.2379,1.011,0,Microsoft market update,1.0
2025-07-16,501.61,15154400,Microsoft,-0.0004,0.0152,1.0096,1,Microsoft market update,1.0
2025-07-17,507.65,17503100,Microsoft,0.012,0.155,1.0153,0,Microsoft market update,1.0
2025-07-18,506.01,21209700,Microsoft,-0.0032,0.2118,1.0142,1,Microsoft market update,1.0
2025-07-22,501.27,13868600,Microsoft,-0.0094,-0.0141,1.0117,1,Microsoft market update,1.0
2025-07-23,501.86,16396600,Microsoft,0.0012,0.1823,1.0122,1,Microsoft market update,1.0
2025-07-24,506.83,16107000,Microsoft,0.0099,-0.0177,1.0126,1,Microsoft market update,1.0
2025-07-25,509.64,19125700,Microsoft,0.0055,0.1874,1.0155,0,Microsoft market update,1.0
2025-07-28,508.44,14308000,Microsoft,-0.0024,-0.2519,1.0096,1,Microsoft market update,1.0
2025-07-29,508.51,16469200,Microsoft,0.0001,0.151,1.0118,1,Microsoft market update,1.0
2025-07-30,509.17,26380400,Microsoft,0.0013,0.6018,1.0128,1,Microsoft market update,1.0
2025-07-31,529.27,51617300,Microsoft,0.0395,0.9567,1.0443,0,Microsoft market update,1.0
2025-08-01,519.96,28977600,Microsoft,-0.0176,-0.4386,1.0287,1,Microsoft market update,1.0
2025-08-04,531.4,25349000,Microsoft,0.022,-0.1252,1.0192,0,Microsoft market update,1.0
2025-08-05,523.57,19171600,Microsoft,-0.0147,-0.2437,1.0191,0,Microsoft market update,1.0
2025-08-06,520.78,21355700,Microsoft,-0.0053,0.1139,1.0146,0,Microsoft market update,1.0
2025-08-07,516.71,16079100,Microsoft,-0.0078,-0.2471,1.0204,1,Microsoft market update,1.0
2025-08-08,517.9,15531000,Microsoft,0.0023,-0.0341,1.0101,0,Microsoft market update,1.0
2025-08-11,517.64,20194400,Microsoft,-0.0005,0.3003,1.0151,1,Microsoft market update,1.0
2025-08-12,525.05,18667000,Microsoft,0.0143,-0.0756,1.0158,0,Microsoft market update,1.0
2025-08-13,516.45,19619200,Microsoft,-0.0164,0.051,1.0257,1,Microsoft market update,1.0
2025-08-14,518.34,20269100,Microsoft,0.0036,0.0331,1.0112,0,Microsoft market update,1.0
2025-08-15,516.05,25213300,Microsoft,-0.0044,0.2439,1.0135,0,Microsoft market update,1.0
2025-08-18,513.0,23760600,Microsoft,-0.0059,-0.0576,1.0171,0,Microsoft market update,1.0
2025-08-19,505.73,21481000,Microsoft,-0.0142,-0.0959,1.013,0,Microsoft market update,1.0
2025-08-20,501.71,27723000,Microsoft,-0.0079,0.2906,1.013,0,Microsoft market update,1.0
2025-08-21,501.07,18443300,Microsoft,-0.0013,-0.3347,1.0098,1,Microsoft market update,1.0
2025-08-22,504.04,24324200,Microsoft,0.0059,0.3189,1.0166,0,Microsoft market update,1.0
2025-08-25,501.09,21638600,Microsoft,-0.0059,-0.1104,1.0081,0,Microsoft market update,1.0
2025-08-26,498.88,30835700,Microsoft,-0.0044,0.425,1.013,1,Microsoft market update,1.0
2025-08-27,503.55,17277900,Microsoft,0.0094,-0.4397,1.0148,1,Microsoft market update,1.0
2025-08-28,506.43,18015600,Microsoft,0.0057,0.0427,1.0111,0,Microsoft market update,1.0
2025-08-29,503.5,20961600,Microsoft,-0.0058,0.1635,1.0101,0,Microsoft market update,1.0
2025-09-02,501.94,18128000,Microsoft,-0.0031,-0.1352,1.0185,1,Microsoft market update,1.0
2025-09-03,502.17,16345100,Microsoft,0.0005,-0.0984,1.0109,1,Microsoft market update,1.0
2025-09-04,504.77,15509500,Microsoft,0.0052,-0.0511,1.0099,0,Microsoft market update,1.0
2025-09-05,491.88,31994800,Microsoft,-0.0255,1.0629,1.0398,1,Microsoft market update,1.0
2025-09-08,495.06,16771000,Microsoft,0.0065,-0.4758,1.0125,1,Microsoft market update,1.0
2025-09-09,495.27,14410500,Microsoft,0.0004,-0.1407,1.0091,1,Microsoft market update,1.0
2025-09-10,497.22,21611800,Microsoft,0.0039,0.4997,1.0131,1,Microsoft market update,1.0
2025-09-11,497.86,18881600,Microsoft,0.0013,-0.1263,1.0106,1,Microsoft market update,1.0
2025-09-12,506.69,23624900,Microsoft,0.0177,0.2512,1.0173,1,Microsoft market update,1.0
2025-09-15,512.12,17143800,Microsoft,0.0107,-0.2743,1.0167,0,Microsoft market update,1.0
2025-09-16,505.84,19711900,Microsoft,-0.0123,0.1498,1.017,1,Microsoft market update,1.0
2025-09-17,506.81,15816600,Microsoft,0.0019,-0.1976,1.0106,0,Microsoft market update,1.0
2025-09-18,505.25,18913700,Microsoft,-0.0031,0.1958,1.0107,1,Microsoft market update,1.0
2025-09-19,514.67,52474100,Microsoft,0.0186,1.7744,1.0176,0,Microsoft market update,1.0
2025-09-22,511.21,20009300,Microsoft,-0.0067,-0.6187,1.0101,0,Microsoft market update,1.0
2025-09-23,506.03,19799600,Microsoft,-0.0101,-0.0105,1.0144,1,Microsoft market update,1.0
2025-09-24,506.94,13533700,Microsoft,0.0018,-0.3165,1.011,0,Microsoft market update,1.0
2025-09-25,503.84,15786500,Microsoft,-0.0061,0.1665,1.0098,1,Microsoft market update,1.0
2025-09-26,508.24,16213100,Microsoft,0.0087,0.027,1.0144,1,Microsoft market update,1.0
2025-09-29,511.36,17617800,Microsoft,0.0061,0.0866,1.0157,1,Microsoft market update,1.0
2025-09-30,514.69,19728200,Microsoft,0.0065,0.1198,1.0167,1,Microsoft market update,1.0
2025-10-01,516.44,22632300,Microsoft,0.0034,0.1472,1.0172,0,Microsoft market update,1.0
2025-10-02,512.49,21222900,Microsoft,-0.0076,-0.0623,1.0214,1,Microsoft market update,1.0
2025-10-03,514.09,15112300,Microsoft,0.0031,-0.2879,1.0107,1,Microsoft market update,1.0
2025-10-06,525.24,21388600,Microsoft,0.0217,0.4153,1.0248,0,Microsoft market update,1.0
2025-10-07,520.68,14615200,Microsoft,-0.0087,-0.3167,1.016,1,Microsoft market update,1.0
2025-10-08,521.55,13363400,Microsoft,0.0017,-0.0857,1.0074,0,Microsoft market update,1.0
2025-10-09,519.11,18343600,Microsoft,-0.0047,0.3727,1.0134,0,Microsoft market update,1.0
2025-10-10,507.74,24133800,Microsoft,-0.0219,0.3157,1.0274,1,Microsoft market update,1.0
2025-10-13,510.81,14284200,Microsoft,0.006,-0.4081,1.0092,0,Microsoft market update,1.0
2025-10-14,510.34,14684300,Microsoft,-0.0009,0.028,1.0183,0,Microsoft market update,1.0
2025-10-15,510.2,14694700,Microsoft,-0.0003,0.0007,1.0141,0,Microsoft market update,1.0
2025-10-16,508.39,15559600,Microsoft,-0.0035,0.0589,1.0172,1,Microsoft market update,1.0
2025-10-17,510.35,19867800,Microsoft,0.0039,0.2769,1.0161,1,Microsoft market update,1.0
2025-10-20,513.54,14665600,Microsoft,0.0063,-0.2618,1.0103,1,Microsoft market update,1.0
2025-10-21,514.4,15586200,Microsoft,0.0017,0.0628,1.011,1,Microsoft market update,1.0
2025-10-22,517.26,18962700,Microsoft,0.0056,0.2166,1.0145,1,Microsoft market update,1.0
2025-10-24,520.31,15532400,Microsoft,0.0059,0.1076,1.0089,1,Microsoft market update,1.0
2025-10-27,528.17,18734700,Microsoft,0.0151,0.2062,1.0105,1,Microsoft market update,1.0
2025-10-28,538.66,29986700,Microsoft,0.0198,0.6006,1.0239,0,Microsoft market update,1.0
2025-10-29,538.14,36023000,Microsoft,-0.001,0.2013,1.0178,0,Microsoft market update,1.0
2025-10-30,522.45,41023100,Microsoft,-0.0292,0.1388,1.0246,0,Microsoft market update,1.0
2025-10-31,514.55,34006400,Microsoft,-0.0151,-0.171,1.0276,0,Microsoft market update,1.0
2025-11-03,513.78,22374700,Microsoft,-0.0015,-0.342,1.0202,0,Microsoft market update,1.0
2025-11-04,511.09,20958700,Microsoft,-0.0052,-0.0633,1.0152,0,Microsoft market update,1.0
2025-11-05,503.97,23024300,Microsoft,-0.0139,0.0986,1.0163,0,Microsoft market update,1.0
2025-11-06,493.97,27406500,Microsoft,-0.0198,0.1903,1.0199,0,Microsoft market update,1.0
2025-11-07,493.69,24019800,Microsoft,-0.0006,-0.1236,1.0124,1,Microsoft market update,1.0
2025-11-10,502.82,26101500,Microsoft,0.0185,0.0867,1.0161,1,Microsoft market update,1.0
2025-11-11,505.48,17980000,Microsoft,0.0053,-0.3112,1.0144,1,Microsoft market update,1.0
2025-11-12,507.92,26574900,Microsoft,0.0048,0.478,1.0251,0,Microsoft market update,1.0
2025-11-13,500.12,25273100,Microsoft,-0.0154,-0.049,1.0244,1,Microsoft market update,1.0
2025-11-14,506.97,28505700,Microsoft,0.0137,0.1279,1.0285,0,Microsoft market update,1.0
2025-11-17,504.3,19092800,Microsoft,-0.0053,-0.3302,1.0143,0,Microsoft market update,1.0
2025-11-18,490.68,33815100,Microsoft,-0.027,0.7711,1.0333,0,Microsoft market update,1.0
2025-11-19,484.05,23245300,Microsoft,-0.0135,-0.3126,1.0256,0,Microsoft market update,1.0
2025-11-20,476.31,26802500,Microsoft,-0.016,0.153,1.038,0,Microsoft market update,1.0
2025-11-21,470.03,31769200,Microsoft,-0.0132,0.1853,1.0227,1,Microsoft market update,1.0
2025-11-24,471.9,34421000,Microsoft,0.004,0.0835,1.019,1,Microsoft market update,1.0
2025-11-25,474.88,28019800,Microsoft,0.0063,-0.186,1.0307,1,Microsoft market update,1.0
2025-11-26,483.35,25709100,Microsoft,0.0178,-0.0825,1.0148,1,Microsoft market update,1.0
2025-11-28,489.83,14386700,Microsoft,0.0134,-0.4404,1.0123,0,Microsoft market update,1.0
2025-12-01,484.58,23964000,Microsoft,-0.0107,0.6657,1.0108,1,Microsoft market update,1.0
2025-12-02,487.83,19562700,Microsoft,0.0067,-0.1837,1.0148,0,Microsoft market update,1.0
2025-12-03,475.61,34615100,Microsoft,-0.025,0.7694,1.019,1,Microsoft market update,1.0
2025-12-04,478.71,22318200,Microsoft,0.0065,-0.3552,1.0101,1,Microsoft market update,1.0
2025-12-05,481.02,22608700,Microsoft,0.0048,0.013,1.0094,1,Microsoft market update,1.0
2025-12-08,488.84,21965900,Microsoft,0.0163,-0.0284,1.0164,1,Microsoft market update,1.0
2025-12-09,489.84,14696100,Microsoft,0.002,-0.331,1.0074,0,Microsoft market update,1.0
2025-12-10,476.44,35756200,Microsoft,-0.0274,1.433,1.0193,1,Microsoft market update,1.0
2025-12-11,481.33,24669200,Microsoft,0.0103,-0.3101,1.0214,0,Microsoft market update,1.0
2025-12-12,476.41,21248100,Microsoft,-0.0102,-0.1387,1.0128,0,Microsoft market update,1.0
2025-12-15,472.71,23727700,Microsoft,-0.0078,0.1167,1.0174,1,Microsoft market update,1.0
2025-12-16,474.28,20705600,Microsoft,0.0033,-0.1274,1.0149,0,Microsoft market update,1.0
2025-12-17,474.01,24527200,Microsoft,-0.0006,0.1846,1.0105,1,Microsoft market update,1.0
2025-12-18,481.83,28573500,Microsoft,0.0165,0.165,1.0245,1,Microsoft market update,1.0
2025-12-19,483.77,70836100,Microsoft,0.004,1.4791,1.0111,0,Microsoft market update,1.0
2025-12-22,482.77,16963000,Microsoft,-0.0021,-0.7605,1.0125,1,Microsoft market update,1.0
2025-12-23,484.69,14683600,Microsoft,0.004,-0.1344,1.0064,1,Microsoft market update,1.0
2025-12-24,485.86,5855900,Microsoft,0.0024,-0.6012,1.0089,0,Microsoft market update,1.0
2025-12-26,485.55,8842200,Microsoft,-0.0006,0.51,1.0044,0,Microsoft market update,1.0
2025-12-29,484.94,10893400,Microsoft,-0.0013,0.232,1.0086,1,Microsoft market update,1.0
2025-12-30,485.32,13944500,Microsoft,0.0008,0.2801,1.0086,0,Microsoft market update,1.0
2025-12-31,481.48,15601600,Microsoft,-0.0079,0.1188,1.01,0,Microsoft market update,1.0
2026-01-02,470.84,25571600,Microsoft,-0.0221,0.639,1.0308,0,Microsoft market update,1.0
2026-01-05,470.75,25250300,Microsoft,-0.0002,-0.0126,1.014,1,Microsoft market update,1.0
2026-01-06,476.39,23037700,Microsoft,0.012,-0.0876,1.0191,1,Microsoft market update,1.0
2026-01-07,481.33,25564200,Microsoft,0.0104,0.1097,1.0246,0,Microsoft market update,1.0
2026-01-08,475.99,18162600,Microsoft,-0.0111,-0.2895,1.0143,1,Microsoft market update,1.0
2026-01-09,477.16,18491000,Microsoft,0.0024,0.0181,1.0161,0,Microsoft market update,1.0
2026-01-12,475.06,23519900,Microsoft,-0.0044,0.272,1.0112,0,Microsoft market update,1.0
2026-01-13,468.58,28545800,Microsoft,-0.0136,0.2137,1.0211,0,Microsoft market update,1.0
2026-01-14,457.34,28184300,Microsoft,-0.024,-0.0127,1.0241,0,Microsoft market update,1.0
2026-01-15,454.64,23225800,Microsoft,-0.0059,-0.1759,1.0183,1,Microsoft market update,1.0
2026-01-16,457.82,34246700,Microsoft,0.007,0.4745,1.0147,0,Microsoft market update,1.0
2026-01-20,452.5,26130000,Microsoft,-0.0116,-0.237,1.0167,0,Microsoft market update,1.0
2026-01-21,442.14,37980500,Microsoft,-0.0229,0.4535,1.0319,1,Microsoft market update,1.0
2026-01-22,449.14,25349400,Microsoft,0.0158,-0.3326,1.0183,1,Microsoft market update,1.0
2026-01-23,463.88,38000200,Microsoft,0.0328,0.4991,1.0457,1,Microsoft market update,1.0
2026-01-26,468.19,29291200,Microsoft,0.0093,-0.2292,1.0265,1,Microsoft market update,1.0
2026-01-27,478.45,29213900,Microsoft,0.0219,-0.0026,1.0205,1,Microsoft market update,1.0
2026-01-28,479.49,36875400,Microsoft,0.0022,0.2623,1.012,0,Microsoft market update,1.0
2026-01-29,431.58,128855300,Microsoft,-0.0999,2.4943,1.051,0,Microsoft market update,1.0
2026-01-30,428.38,58566800,Microsoft,-0.0074,-0.5455,1.0308,0,Microsoft market update,1.0
2026-02-02,421.49,42219900,Microsoft,-0.0161,-0.2791,1.0201,0,Microsoft market update,1.0
2026-02-03,409.39,61424100,Microsoft,-0.0287,0.4549,1.033,1,Microsoft market update,1.0
2026-02-04,412.35,45012400,Microsoft,0.0072,-0.2672,1.0258,0,Microsoft market update,1.0
2026-02-05,391.92,66289200,Microsoft,-0.0495,0.4727,1.0407,1,Microsoft market update,1.0
2026-02-06,399.36,53515300,Microsoft,0.019,-0.1927,1.0226,1,Microsoft market update,1.0
2026-02-09,411.77,45480500,Microsoft,0.0311,-0.1501,1.035,0,Microsoft market update,1.0
2026-02-10,411.44,44857900,Microsoft,-0.0008,-0.0137,1.0266,0,Microsoft market update,1.0
2026-02-11,402.58,42491000,Microsoft,-0.0215,-0.0528,1.0385,0,Microsoft market update,1.0
2026-02-12,400.06,40802400,Microsoft,-0.0063,-0.0397,1.0206,0,Microsoft market update,1.0
2026-02-13,399.54,34091600,Microsoft,-0.0013,-0.1645,1.0188,0,Microsoft market update,1.0
2026-02-17,395.1,32078800,Microsoft,-0.0111,-0.059,1.0152,1,Microsoft market update,1.0
2026-02-18,397.83,23223400,Microsoft,0.0069,-0.2761,1.0157,0,Microsoft market update,1.0
2026-02-19,397.6,28234000,Microsoft,-0.0006,0.2158,1.0196,0,Microsoft market update,1.0
2026-02-20,396.37,34015200,Microsoft,-0.0031,0.2048,1.0126,0,Microsoft market update,1.0
2026-02-23,383.64,43238300,Microsoft,-0.0321,0.2711,1.032,1,Microsoft market update,1.0
2026-02-24,388.16,33884700,Microsoft,0.0118,-0.2163,1.02,1,Microsoft market update,1.0
2026-02-25,399.73,43625500,Microsoft,0.0298,0.2875,1.029,1,Microsoft market update,1.0
2026-02-26,400.85,34405900,Microsoft,0.0028,-0.2113,1.0219,0,Microsoft market update,1.0
2026-02-27,391.89,51367200,Microsoft,-0.0224,0.493,1.0178,1,Microsoft market update,1.0
2026-03-02,397.69,35474900,Microsoft,0.0148,-0.3094,1.027,1,Microsoft market update,1.0
2026-03-03,403.06,38199200,Microsoft,0.0135,0.0768,1.0357,1,Microsoft market update,1.0
2026-03-04,404.32,35808000,Microsoft,0.0031,-0.0626,1.0268,1,Microsoft market update,1.0
2026-03-05,409.79,39001300,Microsoft,0.0135,0.0892,1.0178,0,Microsoft market update,1.0
2026-03-06,408.08,31123900,Microsoft,-0.0042,-0.202,1.0111,1,Microsoft market update,1.0
2026-03-09,408.53,30131900,Microsoft,0.0011,-0.0319,1.0166,0,Microsoft market update,1.0
2026-03-10,404.88,31706400,Microsoft,-0.0089,0.0523,1.018,0,Microsoft market update,1.0
2026-03-11,404.0,25512100,Microsoft,-0.0022,-0.1954,1.0185,0,Microsoft market update,1.0
2026-03-12,400.99,27263900,Microsoft,-0.0075,0.0687,1.011,0,Microsoft market update,1.0
2026-03-13,394.7,26848000,Microsoft,-0.0157,-0.0153,1.0268,1,Microsoft market update,1.0
2026-03-16,399.09,27733700,Microsoft,0.0111,0.033,1.0148,0,Microsoft market update,1.0
2026-03-17,398.55,26228300,Microsoft,-0.0014,-0.0543,1.0167,0,Microsoft market update,1.0
2026-03-18,390.94,25908500,Microsoft,-0.0191,-0.0122,1.0179,0,Microsoft market update,1.0
2026-03-19,388.18,25138800,Microsoft,-0.0071,-0.0297,1.014,0,Microsoft market update,1.0
2026-03-20,381.04,50853200,Microsoft,-0.0184,1.0229,1.0181,1,Microsoft market update,1.0
2026-03-23,382.17,29680100,Microsoft,0.003,-0.4164,1.0145,0,Microsoft market update,1.0
2026-03-24,371.93,42733600,Microsoft,-0.0268,0.4398,1.0286,0,Microsoft market update,1.0
2026-03-25,370.24,31181200,Microsoft,-0.0046,-0.2703,1.0201,0,Microsoft market update,1.0
2026-03-26,365.18,36836600,Microsoft,-0.0137,0.1814,1.0261,0,Microsoft market update,1.0
2026-03-27,356.0,37883400,Microsoft,-0.0251,0.0284,1.0167,1,Microsoft market update,1.0
2026-03-30,358.18,44797000,Microsoft,0.0061,0.1825,1.0255,1,Microsoft market update,1.0
2026-03-31,369.37,45244400,Microsoft,0.0312,0.01,1.0271,0,Microsoft market update,1.0
2026-04-01,368.57,29417200,Microsoft,-0.0022,-0.3498,1.0157,1,Microsoft market update,1.0
2026-04-02,372.65,24099100,Microsoft,0.0111,-0.1808,1.0261,0,Microsoft market update,1.0
2026-04-06,372.07,16146600,Microsoft,-0.0016,-0.33,1.0114,0,Microsoft market update,1.0
2026-04-07,371.49,21443300,Microsoft,-0.0016,0.328,1.0161,1,Microsoft market update,1.0
2026-04-08,373.52,33064800,Microsoft,0.0055,0.542,1.0366,0,Microsoft market update,1.0
2026-04-09,372.26,30435300,Microsoft,-0.0034,-0.0795,1.0176,0,Microsoft market update,1.0
2026-04-10,370.07,28111100,Microsoft,-0.0059,-0.0764,1.0152,1,Microsoft market update,1.0
2026-04-13,383.54,35745800,Microsoft,0.0364,0.2716,1.0364,1,Microsoft market update,1.0
2026-04-14,392.26,37504500,Microsoft,0.0227,0.0492,1.0211,1,Microsoft market update,1.0
2026-04-15,410.33,45063400,Microsoft,0.0461,0.2015,1.0445,1,Microsoft market update,1.0
2026-04-16,419.35,41642400,Microsoft,0.022,-0.0759,1.0211,1,Microsoft market update,1.0
2026-04-17,421.88,48568200,Microsoft,0.006,0.1663,1.0259,0,Microsoft market update,1.0
2026-04-20,417.17,27582200,Microsoft,-0.0112,-0.4321,1.0169,1,Microsoft market update,1.0
2026-04-21,423.24,32048500,Microsoft,0.0146,0.1619,1.0239,1,Microsoft market update,1.0
2026-04-22,431.98,29378200,Microsoft,0.0207,-0.0833,1.0237,0,Microsoft market update,1.0
2026-04-23,414.85,38308000,Microsoft,-0.0397,0.304,1.0298,1,Microsoft market update,1.0
2026-04-24,423.7,27457400,Microsoft,0.0213,-0.2832,1.022,1,Microsoft market update,1.0
2026-04-27,423.9,30867300,Microsoft,0.0005,0.1242,1.0241,1,Microsoft market update,1.0
2026-04-28,428.32,30438100,Microsoft,0.0104,-0.0139,1.019,0,Microsoft market update,1.0
2026-04-29,423.54,38288300,Microsoft,-0.0112,0.2579,1.0155,0,Microsoft market update,1.0
2026-04-30,406.9,70909400,Microsoft,-0.0393,0.852,1.0412,1,Microsoft market update,1.0
2026-05-01,413.54,31372400,Microsoft,0.0163,-0.5576,1.0163,0,Microsoft market update,1.0
2026-05-04,412.73,28066500,Microsoft,-0.002,-0.1054,1.0243,0,Microsoft market update,1.0
2026-05-05,410.49,25700900,Microsoft,-0.0054,-0.0843,1.0195,1,Microsoft market update,1.0
2026-05-06,413.07,30285900,Microsoft,0.0063,0.1784,1.0329,1,Microsoft market update,1.0
2026-05-07,419.86,34942400,Microsoft,0.0165,0.1538,1.022,0,Microsoft market update,1.0
2026-05-08,414.22,33383800,Microsoft,-0.0134,-0.0446,1.0112,0,Microsoft market update,1.0
2026-05-11,411.77,35657900,Microsoft,-0.0059,0.0681,1.0177,0,Microsoft market update,1.0
2026-05-12,406.89,38594200,Microsoft,-0.0119,0.0823,1.0218,0,Microsoft market update,1.0
2026-05-13,404.33,29667100,Microsoft,-0.0063,-0.2313,1.0132,1,Microsoft market update,1.0
2026-05-14,408.55,27077500,Microsoft,0.0104,-0.0873,1.0273,1,Microsoft market update,1.0
2026-05-15,421.01,50771200,Microsoft,0.0305,0.875,1.037,1,Microsoft market update,1.0
2026-05-18,422.62,32564100,Microsoft,0.0038,-0.3586,1.0229,0,Microsoft market update,1.0
2026-05-19,416.52,33018700,Microsoft,-0.0144,0.014,1.0389,1,Microsoft market update,1.0
2026-05-20,420.15,27864000,Microsoft,0.0087,-0.1561,1.0263,0,Microsoft market update,1.0
2026-05-21,419.09,31393500,Microsoft,-0.0025,0.1267,1.0256,0,Microsoft market update,1.0
2026-05-22,418.57,22390300,Microsoft,-0.0012,-0.2868,1.0194,0,Microsoft market update,1.0
2026-05-26,416.03,30398000,Microsoft,-0.0061,0.3576,1.0163,0,Microsoft market update,1.0
2026-05-27,412.67,28901500,Microsoft,-0.0081,-0.0492,1.0155,1,Microsoft market update,1.0
2026-05-28,426.99,47250500,Microsoft,0.0347,0.6349,1.0408,1,Microsoft market update,1.0
2026-05-29,450.24,79654400,Microsoft,0.0545,0.6858,1.0416,1,Microsoft market update,1.0
2026-06-01,460.52,53628900,Microsoft,0.0228,-0.3267,1.0176,0,Microsoft market update,1.0
2026-06-02,441.31,37036800,Microsoft,-0.0417,-0.3094,1.0297,0,Microsoft market update,1.0
2026-06-03,427.34,39037000,Microsoft,-0.0317,0.054,1.038,1,Microsoft market update,1.0
2026-06-04,428.05,26899500,Microsoft,0.0017,-0.3109,1.0228,0,Microsoft market update,1.0
2026-06-05,416.67,34782200,Microsoft,-0.0266,0.293,1.0364,0,Microsoft market update,1.0
2026-06-08,411.74,32086700,Microsoft,-0.0118,-0.0775,1.021,0,Microsoft market update,1.0
2026-06-09,403.41,35317300,Microsoft,-0.0202,0.1007,1.0339,0,Microsoft market update,1.0
2026-06-10,397.36,32576000,Microsoft,-0.015,-0.0776,1.0198,0,Microsoft market update,1.0
2026-06-11,390.34,47224100,Microsoft,-0.0177,0.4497,1.0335,1,Microsoft market update,1.0
2026-06-12,390.74,34865800,Microsoft,0.001,-0.2617,1.0248,1,Microsoft market update,1.0
2026-06-15,399.76,32266400,Microsoft,0.0231,-0.0746,1.0227,0,Microsoft market update,1.0
2026-06-16,393.83,31506800,Microsoft,-0.0148,-0.0235,1.0157,0,Microsoft market update,1.0
2026-06-17,378.91,41987800,Microsoft,-0.0379,0.3327,1.0346,1,Microsoft market update,1.0
2026-06-18,379.4,59714200,Microsoft,0.0013,0.4222,1.0217,0,Microsoft market update,1.0
2026-06-22,367.34,45171100,Microsoft,-0.0318,-0.2435,1.0397,1,Microsoft market update,1.0
2026-06-23,373.94,40647600,Microsoft,0.018,-0.1001,1.0177,0,Microsoft market update,1.0
2026-06-24,365.46,44509900,Microsoft,-0.0227,0.095,1.0387,0,Microsoft market update,1.0
2026-06-25,352.83,66179000,Microsoft,-0.0346,0.4868,1.043,1,Microsoft market update,1.0
2026-06-26,372.97,186201600,Microsoft,0.0571,1.8136,1.0596,0,Microsoft market update,1.0
2026-06-29,368.57,51229900,Microsoft,-0.0118,-0.7249,1.0572,1,Microsoft market update,1.0
2026-06-30,373.02,44945700,Microsoft,0.0121,-0.1227,1.0182,1,Microsoft market update,1.0
2026-07-01,384.28,48065800,Microsoft,0.0302,0.0694,1.0372,1,Microsoft market update,1.0
2026-07-02,390.49,42128900,Microsoft,0.0162,-0.1235,1.0222,0,Microsoft market update,1.0
2026-07-06,386.74,34224500,Microsoft,-0.0096,-0.1876,1.0208,1,Microsoft market update,1.0
2026-07-07,388.84,29297500,Microsoft,0.0054,-0.144,1.0189,0,Microsoft market update,1.0
2026-07-08,383.34,25908300,Microsoft,-0.0141,-0.1157,1.0104,1,Microsoft market update,1.0
2026-07-09,384.36,31083200,Microsoft,0.0027,0.1997,1.0303,1,Microsoft market update,1.0
2026-07-10,385.1,24612200,Microsoft,0.0019,-0.2082,1.0273,0,"  订单排到2031年 ！ 3年涨价约300 %， 科技巨头大幅采购 | Did Meta Signal The AI Boom Is Overbuilt ? Wall Street Cheered Anyway | 美对伊实施海上封锁 ！ 特朗普 ： 战事重新爆发 ； 油价涨10 %； 扩大消费 ！ 国务院发文 ； 中国首个禁售燃油车省份确认 ； 人大撤销蒋方舟硕士学位丨每经早参 | ASX to open higher ; Oil surges and Wall Street drops |  [ 미국 특징주 ] 애플 , AI 투자 회의론 속 투자자 귀환 힘입어 시총 6000억달러 급증 | RSP Equal - Weight Trap : How a $10 , 000 Investment Lost $27 , 800 to Fees and Rebalancing Drag Over a Decade | 美对伊实施海上封锁 ！ 特朗普 ： 战事重新爆发 ； 油价涨10 %； 扩大消费 ！ 国务院发文 ； 中国首个禁售燃油车省份确认 ； 人大撤销蒋方舟硕士学位丨每经早参 | Apple ( NASDAQ : AAPL ) Surges $600 Billion In Market Value As Investors Flee AI Spending Fears | Nvidia , Amazon , and Microsoft Stocks Just Did Something for the First Time in at Least 5 Years . Here What History Says Will Happen Next | SpaceX perdeu força um mês após estreia histórica na bolsa de valores ?  | 微软AI投入回报与估值受关注 7月底将发布新一期财报 - 经济观察网 － 专业财经新闻网站 | Elon Musk Says He Was  Clearly Wrong  About Anthropic Artificial Intelligence ( AI ) Models . Here Why That Outstanding News for Amazon and Alphabet Investors .  |  _ 和顺石油 ( 603353 ) 股吧 _ 东方财富网股吧 | 全球市场 ： 美股三大指数集体收跌 存储概念股普跌 国际油价大涨超9 % _ 东方财富网 | Microsoft ( NASDAQ : MSFT ) Stock Price Up 1 . 5 % – Still a Buy ?  | 微软AI投入回报与估值受关注 7月底将发布新一期财报 | 2026 - 07 - 13 | ROSEN , A LONGSTANDING LAW FIRM , Encourages Microsoft Investors to Secure Counsel Before Important Deadline in Securities Class Action - MSFT | TSX : MSFT | ارتفاع القيمة السوقية لـ  أبل  بمقدار 650 مليار دولار منذ 25 يونيو | A toxic stew drags stocks lower as we look at what can get the AI trade back on track | $MSFT Shareholder Alert : Microsoft 10 % Stock Drop Leads to Securities ...  | FinancialContent - Paylocity , Rapid7 , and Braze Shares Skyrocket , What You Need To Know | FinancialContent - Workiva , Wix , and Asure Software Stocks Trade Up , What You Need To Know | FinancialContent - Asana , Sprinklr , and Freshworks Shares Are Soaring , What You Need To Know |   그간 번 돈 다 토해내게 생겼다  블랙먼데이 정리 | AI Wants Power . Now Comes the Accounting .  | AI Chipmaker Syntiant Eyes $300M IPO - Orange County Business Journal | 韩国生育率又反弹了 ， 股市暴涨能  催生  吗 ？ |婴儿潮|人口出生率 | 今夜 ， 存储芯片集体大跌 ！ 美联储 ， 加息突变 | SK Hynix : csak egy napig villogott a koreai sztárrészvény Amerikában | Anthropic rolls out rupee pricing for Claude AI in India | How small - town India is powering the next startup revolution | Jim Cramer Says Buy 2 AI Stocks up 460 % and 1 , 300 % Since 2023 -- Wall Street Agrees | جريدة البلاد | ارتفاع القيمة السوقية لـ  أبل  650 مليار دولار في أقل من 3 أسابيع | Coursera Stock Can Rally from Oversold Levels on Merger Synergies | Should You Buy Microsoft Stock Before July 29 ?  | 3 Dividend Stocks Built for Long - Term Buy - and - Hold Investors | Meet the International ETF Quietly Beating the S & P 500 in 2026 | The Vanguard S & P 500 ETF Is Magnificent . These Investments Could Be Even Better .  | Apple $650 billion rally fueled by traders fleeing AI selloff | SpaceX stock slides toward $135 IPO price after Nasdaq debut | The Vanguard S & P 500 ETF Is Unstoppable , but This 1 Investment Could Be Safer Right Now | Cursor Sand : the Claude Cowork rival with a Musk catch | 2026 - 07 - 13 | Lost Money on Microsoft Corporation ( MSFT )? Urged to Join Class Action Before August 11 , 2026 - Contact Levi & Korsinsky | TSX : MSFT | 2026 - 07 - 13 | Deadline Alert : Microsoft Corporation ( MSFT ) Shareholders Who Lost Money Urged To Contact Glancy Prongay Wolke & Rotter LLP About Securities Fraud Lawsuit | TSX : MSFT | Stock Sector Outlooks : Morningstar Top Q3 Picks Across the Market | Mark Yusko compares SpaceX $2 trillion valuation to Dogecoin , warns lockup expiry could trigger deeper selloff | AI交易降温催生新赢家 ： 苹果今年领跑  七巨头 ， 低点反弹16 %， 市值激增6500亿美元 | The Vanguard S & P 500 ETF Is Magnificent . These Investments Could Be Even Better .  | Analyst compares SpaceX to Dogecoin , says stock is trading at a  silly  and unsustainable valuation | Should You Buy Microsoft Stock Before July 29 ?  | Meta Launches Paid AI API at One - Quarter Rival Cost as Stock Posts 15 % Weekly Surge | The Vanguard S & P 500 ETF Is Magnificent . These Investments Could Be Even Better .  | Retail investors are cashing out of Apple , Tesla , and chip stocks : Chart of the Day | 苹果股价上涨1 . 87 %， 创历史新高 ； 美股半导体 、 存储芯片股 ， 全线大跌 | Glassdoor Statistics By Industry And Demographics ( 2026 )  | AI Stocks Are War Stocks | Jim Cramer on Meta :  Zuckerberg Not a Bozo , You Can Quote Me on That   | Y Combinator Tom Blomfield joins Anthropic compute team | The Stock Market Keeps Climbing . But the U . S . Economy is Moving at a Slower Pace | 巴菲特給年輕投資人的4個勸告 | 台股 | 巴菲特 | 美股 | Agilysys vs . HubSpot : Which Software Stock Is a Better Buy in 2026 ? ",61.0
2023-01-04,16.24,10440400,Infosys,-0.0071,-0.0544,1.0174,0,Infosys market update,1.0
2023-01-05,15.87,6420300,Infosys,-0.0232,-0.3851,1.0107,1,Infosys market update,1.0
2023-01-06,15.98,8915600,Infosys,0.0074,0.3887,1.0212,1,Infosys market update,1.0
2023-01-09,16.15,10778100,Infosys,0.0107,0.2089,1.0139,0,Infosys market update,1.0
2023-01-10,16.0,9517600,Infosys,-0.0094,-0.117,1.0141,1,Infosys market update,1.0
2023-01-11,16.26,9032200,Infosys,0.0163,-0.051,1.0231,1,Infosys market update,1.0
2023-01-12,16.51,10853600,Infosys,0.0155,0.2017,1.0305,1,Infosys market update,1.0
2023-01-13,16.62,10388700,Infosys,0.0065,-0.0428,1.0186,1,Infosys market update,1.0
2023-01-17,16.76,7344100,Infosys,0.0081,-0.2931,1.014,1,Infosys market update,1.0
2023-01-18,16.83,6338300,Infosys,0.0043,-0.137,1.0128,1,Infosys market update,1.0
2023-01-19,16.88,4594600,Infosys,0.0032,-0.2751,1.0091,0,Infosys market update,1.0
2023-01-20,16.85,6126200,Infosys,-0.0016,0.3333,1.0129,1,Infosys market update,1.0
2023-01-23,17.1,4319100,Infosys,0.0144,-0.295,1.0154,0,Infosys market update,1.0
2023-01-24,16.96,7045800,Infosys,-0.0079,0.6313,1.0085,0,Infosys market update,1.0
2023-01-25,16.71,8245400,Infosys,-0.0148,0.1703,1.0108,1,Infosys market update,1.0
2023-01-26,17.0,6245500,Infosys,0.0172,-0.2425,1.0199,0,Infosys market update,1.0
2023-01-27,16.75,5411100,Infosys,-0.0148,-0.1336,1.0141,1,Infosys market update,1.0
2023-01-30,16.77,8848300,Infosys,0.0016,0.6352,1.0123,1,Infosys market update,1.0
2023-01-31,16.87,7983100,Infosys,0.0059,-0.0978,1.014,1,Infosys market update,1.0
2023-02-01,17.07,7845700,Infosys,0.0117,-0.0172,1.0197,1,Infosys market update,1.0
2023-02-02,17.51,10416900,Infosys,0.0258,0.3277,1.0135,0,Infosys market update,1.0
2023-02-03,17.3,5482200,Infosys,-0.0118,-0.4737,1.0151,0,Infosys market update,1.0
2023-02-06,16.89,7774000,Infosys,-0.0239,0.418,1.0128,1,Infosys market update,1.0
2023-02-07,17.08,6590600,Infosys,0.0112,-0.1522,1.0209,1,Infosys market update,1.0
2023-02-08,17.2,5737300,Infosys,0.0068,-0.1295,1.011,1,Infosys market update,1.0
2023-02-09,17.36,4725100,Infosys,0.0094,-0.1764,1.015,0,Infosys market update,1.0
2023-02-10,17.2,11739400,Infosys,-0.0093,1.4845,1.0184,0,Infosys market update,1.0
2023-02-13,17.07,5610000,Infosys,-0.0073,-0.5221,1.0101,1,Infosys market update,1.0
2023-02-14,17.16,6225500,Infosys,0.0053,0.1097,1.0153,1,Infosys market update,1.0
2023-02-15,17.26,8592700,Infosys,0.0058,0.3802,1.01,0,Infosys market update,1.0
2023-02-16,17.16,6542000,Infosys,-0.0057,-0.2387,1.0115,0,Infosys market update,1.0
2023-02-17,17.12,5695200,Infosys,-0.0021,-0.1294,1.009,0,Infosys market update,1.0
2023-02-21,16.86,11326500,Infosys,-0.0152,0.9888,1.0122,0,Infosys market update,1.0
2023-02-22,16.71,7887000,Infosys,-0.009,-0.3037,1.0091,1,Infosys market update,1.0
2023-02-23,16.78,7433600,Infosys,0.0043,-0.0575,1.0129,0,Infosys market update,1.0
2023-02-24,16.45,11821700,Infosys,-0.0198,0.5903,1.0131,0,Infosys market update,1.0
2023-02-27,16.3,6270100,Infosys,-0.0093,-0.4696,1.0094,0,Infosys market update,1.0
2023-02-28,16.1,7969800,Infosys,-0.0121,0.2711,1.0067,1,Infosys market update,1.0
2023-03-01,16.17,4293700,Infosys,0.0045,-0.4613,1.0123,1,Infosys market update,1.0
2023-03-02,16.24,6263000,Infosys,0.0039,0.4586,1.0169,1,Infosys market update,1.0
2023-03-03,16.32,6765200,Infosys,0.005,0.0802,1.0145,1,Infosys market update,1.0
2023-03-06,16.39,7383700,Infosys,0.0044,0.0914,1.0066,0,Infosys market update,1.0
2023-03-07,16.35,5435600,Infosys,-0.0022,-0.2638,1.011,0,Infosys market update,1.0
2023-03-08,16.3,4737800,Infosys,-0.0033,-0.1284,1.0089,0,Infosys market update,1.0
2023-03-09,15.9,6733900,Infosys,-0.0242,0.4213,1.0209,0,Infosys market update,1.0
2023-03-10,15.87,6763900,Infosys,-0.0023,0.0045,1.0182,0,Infosys market update,1.0
2023-03-13,15.5,13321500,Infosys,-0.0232,0.9695,1.0318,1,Infosys market update,1.0
2023-03-14,15.55,7397600,Infosys,0.0035,-0.4447,1.0157,0,Infosys market update,1.0
2023-03-15,15.19,14925800,Infosys,-0.0231,1.0177,1.0161,1,Infosys market update,1.0
2023-03-16,15.43,7402800,Infosys,0.0154,-0.504,1.0256,0,Infosys market update,1.0
2023-03-17,15.16,15611100,Infosys,-0.0175,1.1088,1.0154,1,Infosys market update,1.0
2023-03-20,15.19,9583200,Infosys,0.0024,-0.3861,1.0119,0,Infosys market update,1.0
2023-03-21,15.16,13141400,Infosys,-0.0024,0.3713,1.0138,0,Infosys market update,1.0
2023-03-22,14.9,8451200,Infosys,-0.0172,-0.3569,1.0193,1,Infosys market update,1.0
2023-03-23,15.2,14192500,Infosys,0.0205,0.6793,1.024,0,Infosys market update,1.0
2023-03-24,15.08,6230000,Infosys,-0.0083,-0.561,1.0096,1,Infosys market update,1.0
2023-03-27,15.27,11983600,Infosys,0.0131,0.9235,1.0125,0,Infosys market update,1.0
2023-03-28,15.05,9638200,Infosys,-0.0147,-0.1957,1.0138,1,Infosys market update,1.0
2023-03-29,15.22,7848700,Infosys,0.0113,-0.1857,1.0101,1,Infosys market update,1.0
2023-03-30,15.38,6290700,Infosys,0.0106,-0.1985,1.0071,1,Infosys market update,1.0
2023-03-31,15.65,8384400,Infosys,0.0175,0.3328,1.0122,0,Infosys market update,1.0
2023-04-03,15.63,8446400,Infosys,-0.0011,0.0074,1.0134,0,Infosys market update,1.0
2023-04-04,15.59,7522300,Infosys,-0.0029,-0.1094,1.0069,0,Infosys market update,1.0
2023-04-05,15.55,5559700,Infosys,-0.0023,-0.2609,1.0116,0,Infosys market update,1.0
2023-04-06,15.48,6830800,Infosys,-0.0046,0.2286,1.0128,1,Infosys market update,1.0
2023-04-10,15.61,9204200,Infosys,0.0081,0.3475,1.0116,1,Infosys market update,1.0
2023-04-11,15.66,11708400,Infosys,0.0035,0.2721,1.0157,0,Infosys market update,1.0
2023-04-12,15.32,16959200,Infosys,-0.0218,0.4485,1.0464,0,Infosys market update,1.0
2023-04-13,13.82,40415000,Infosys,-0.0978,1.3831,1.0417,0,Infosys market update,1.0
2023-04-14,13.62,26028600,Infosys,-0.0143,-0.356,1.0325,1,Infosys market update,1.0
2023-04-17,13.63,17173000,Infosys,0.0007,-0.3402,1.0159,0,Infosys market update,1.0
2023-04-18,13.43,20768400,Infosys,-0.0151,0.2094,1.0167,0,Infosys market update,1.0
2023-04-19,13.3,19107300,Infosys,-0.0094,-0.08,1.0108,1,Infosys market update,1.0
2023-04-20,13.33,16901400,Infosys,0.002,-0.1154,1.0135,1,Infosys market update,1.0
2023-04-21,13.35,6908400,Infosys,0.0013,-0.5913,1.0081,0,Infosys market update,1.0
2023-04-24,13.3,11751900,Infosys,-0.0034,0.7011,1.0102,0,Infosys market update,1.0
2023-04-25,13.27,14700200,Infosys,-0.002,0.2509,1.0068,1,Infosys market update,1.0
2023-04-26,13.33,11181600,Infosys,0.0041,-0.2394,1.0115,1,Infosys market update,1.0
2023-04-27,13.74,11606400,Infosys,0.031,0.038,1.0172,1,Infosys market update,1.0
2023-04-28,13.95,11666900,Infosys,0.015,0.0052,1.019,0,Infosys market update,1.0
2023-05-01,13.9,7691400,Infosys,-0.0032,-0.3408,1.0065,1,Infosys market update,1.0
2023-05-02,13.95,10433300,Infosys,0.0032,0.3565,1.0137,0,Infosys market update,1.0
2023-05-03,13.8,9372300,Infosys,-0.0103,-0.1017,1.015,0,Infosys market update,1.0
2023-05-04,13.73,12316300,Infosys,-0.0052,0.3141,1.0105,0,Infosys market update,1.0
2023-05-05,13.69,11268800,Infosys,-0.0033,-0.085,1.0073,1,Infosys market update,1.0
2023-05-08,13.7,12112600,Infosys,0.0007,0.0749,1.0079,1,Infosys market update,1.0
2023-05-09,13.7,12613800,Infosys,0.0007,0.0414,1.0053,1,Infosys market update,1.0
2023-05-10,13.73,15541600,Infosys,0.002,0.2321,1.0105,0,Infosys market update,1.0
2023-05-11,13.49,15960000,Infosys,-0.0176,0.0269,1.0127,1,Infosys market update,1.0
2023-05-12,13.53,10854900,Infosys,0.0033,-0.3199,1.0087,1,Infosys market update,1.0
2023-05-15,13.77,8921200,Infosys,0.0172,-0.1781,1.0199,0,Infosys market update,1.0
2023-05-16,13.56,13214600,Infosys,-0.015,0.4813,1.0119,1,Infosys market update,1.0
2023-05-17,13.63,7723900,Infosys,0.0053,-0.4155,1.0147,0,Infosys market update,1.0
2023-05-18,13.6,9384700,Infosys,-0.0026,0.215,1.0066,1,Infosys market update,1.0
2023-05-19,13.69,7375200,Infosys,0.0066,-0.2141,1.0105,1,Infosys market update,1.0
2023-05-22,14.05,10336400,Infosys,0.0262,0.4015,1.0168,0,Infosys market update,1.0
2023-05-23,13.94,7113800,Infosys,-0.0077,-0.3118,1.0084,1,Infosys market update,1.0
2023-05-24,13.96,6913200,Infosys,0.0019,-0.0282,1.0097,1,Infosys market update,1.0
2023-05-25,14.05,9303400,Infosys,0.0064,0.3457,1.0155,1,Infosys market update,1.0
2023-05-26,14.24,6331800,Infosys,0.0134,-0.3194,1.0095,1,Infosys market update,1.0
2023-05-30,14.27,6573500,Infosys,0.0019,0.0382,1.0076,1,Infosys market update,1.0
2023-05-31,14.32,9041000,Infosys,0.0038,0.3754,1.0133,1,Infosys market update,1.0
2023-06-01,14.4,7995900,Infosys,0.0053,-0.1156,1.0147,0,Infosys market update,1.0
2023-06-02,14.37,7581500,Infosys,-0.0019,-0.0518,1.0108,0,Infosys market update,1.0
2023-06-05,14.01,14055500,Infosys,-0.0253,0.8539,1.0241,1,Infosys market update,1.0
2023-06-06,14.23,12480900,Infosys,0.0156,-0.112,1.0269,0,Infosys market update,1.0
2023-06-08,14.04,10270800,Infosys,-0.0128,0.396,1.0169,1,Infosys market update,1.0
2023-06-09,14.05,8376100,Infosys,0.0006,-0.1845,1.0144,1,Infosys market update,1.0
2023-06-12,14.38,9468800,Infosys,0.0233,0.1305,1.0141,1,Infosys market update,1.0
2023-06-13,14.42,5843500,Infosys,0.0025,-0.3829,1.0153,0,Infosys market update,1.0
2023-06-14,14.15,15595900,Infosys,-0.0183,1.6689,1.0258,1,Infosys market update,1.0
2023-06-15,14.21,9532800,Infosys,0.0039,-0.3888,1.0162,1,Infosys market update,1.0
2023-06-16,14.4,18245800,Infosys,0.0134,0.914,1.0141,0,Infosys market update,1.0
2023-06-20,14.23,7622000,Infosys,-0.012,-0.5823,1.0173,0,Infosys market update,1.0
2023-06-21,14.0,15032000,Infosys,-0.016,0.9722,1.0212,1,Infosys market update,1.0
2023-06-22,14.07,11712900,Infosys,0.0052,-0.2208,1.0217,0,Infosys market update,1.0
2023-06-23,13.83,8482700,Infosys,-0.0175,-0.2758,1.0079,1,Infosys market update,1.0
2023-06-26,14.1,8509100,Infosys,0.0197,0.0031,1.0157,1,Infosys market update,1.0
2023-06-27,14.21,7913600,Infosys,0.0077,-0.07,1.0116,1,Infosys market update,1.0
2023-06-28,14.33,7520300,Infosys,0.0083,-0.0497,1.0141,1,Infosys market update,1.0
2023-06-29,14.46,7992900,Infosys,0.0095,0.0628,1.0147,1,Infosys market update,1.0
2023-06-30,14.62,12763900,Infosys,0.0107,0.5969,1.015,1,Infosys market update,1.0
2023-07-03,14.68,7111800,Infosys,0.0044,-0.4428,1.0156,1,Infosys market update,1.0
2023-07-05,14.79,13415500,Infosys,0.0074,0.8864,1.0149,0,Infosys market update,1.0
2023-07-06,14.62,6464100,Infosys,-0.0117,-0.5182,1.0113,0,Infosys market update,1.0
2023-07-07,14.6,5208600,Infosys,-0.0012,-0.1942,1.0113,0,Infosys market update,1.0
2023-07-10,14.56,6775000,Infosys,-0.0025,0.3007,1.0056,1,Infosys market update,1.0
2023-07-11,14.77,7631500,Infosys,0.0144,0.1264,1.008,0,Infosys market update,1.0
2023-07-12,14.62,7102600,Infosys,-0.0105,-0.0693,1.0162,1,Infosys market update,1.0
2023-07-13,15.27,13295300,Infosys,0.0448,0.8719,1.0163,1,Infosys market update,1.0
2023-07-14,15.5,11539700,Infosys,0.0149,-0.132,1.0124,1,Infosys market update,1.0
2023-07-17,15.73,12658400,Infosys,0.0147,0.0969,1.0164,1,Infosys market update,1.0
2023-07-18,16.26,25345300,Infosys,0.0341,1.0023,1.0214,0,Infosys market update,1.0
2023-07-19,16.11,21117700,Infosys,-0.0095,-0.1668,1.0176,0,Infosys market update,1.0
2023-07-20,14.75,39518000,Infosys,-0.0841,0.8713,1.0581,1,Infosys market update,1.0
2023-07-21,14.83,15268200,Infosys,0.0049,-0.6136,1.0236,0,Infosys market update,1.0
2023-07-24,14.75,10331400,Infosys,-0.0049,-0.3233,1.0105,1,Infosys market update,1.0
2023-07-25,14.9,7717900,Infosys,0.0099,-0.253,1.0129,1,Infosys market update,1.0
2023-07-26,15.12,10006100,Infosys,0.0147,0.2965,1.0165,1,Infosys market update,1.0
2023-07-27,15.13,11839800,Infosys,0.0006,0.1833,1.0102,0,Infosys market update,1.0
2023-07-28,14.97,9072200,Infosys,-0.0102,-0.2338,1.0179,1,Infosys market update,1.0
2023-07-31,15.15,6604000,Infosys,0.0122,-0.2721,1.009,1,Infosys market update,1.0
2023-08-01,15.28,7462200,Infosys,0.0084,0.13,1.0114,0,Infosys market update,1.0
2023-08-02,15.03,11896400,Infosys,-0.0167,0.5942,1.0103,0,Infosys market update,1.0
2023-08-03,15.02,10134400,Infosys,-0.0006,-0.1481,1.0073,1,Infosys market update,1.0
2023-08-04,15.2,7013000,Infosys,0.0121,-0.308,1.0144,1,Infosys market update,1.0
2023-08-07,15.26,5533700,Infosys,0.0042,-0.2109,1.0108,0,Infosys market update,1.0
2023-08-08,15.25,6330600,Infosys,-0.0006,0.144,1.0115,0,Infosys market update,1.0
2023-08-09,15.2,7998100,Infosys,-0.0036,0.2634,1.0132,1,Infosys market update,1.0
2023-08-10,15.35,9033300,Infosys,0.0096,0.1294,1.0131,0,Infosys market update,1.0
2023-08-11,15.17,6831100,Infosys,-0.0113,-0.2438,1.0085,1,Infosys market update,1.0
2023-08-14,15.34,5407200,Infosys,0.0108,-0.2084,1.0125,1,Infosys market update,1.0
2023-08-15,15.58,13343900,Infosys,0.016,1.4678,1.0244,0,Infosys market update,1.0
2023-08-17,15.44,6166600,Infosys,-0.0093,-0.2952,1.013,0,Infosys market update,1.0
2023-08-18,15.21,5445600,Infosys,-0.0147,-0.1169,1.0096,1,Infosys market update,1.0
2023-08-21,15.35,6993300,Infosys,0.0096,0.2842,1.0125,1,Infosys market update,1.0
2023-08-22,15.45,4037600,Infosys,0.0065,-0.4226,1.0094,1,Infosys market update,1.0
2023-08-23,15.71,6097000,Infosys,0.0165,0.5101,1.0123,0,Infosys market update,1.0
2023-08-24,15.58,4708800,Infosys,-0.0081,-0.2277,1.0146,1,Infosys market update,1.0
2023-08-25,15.69,4662000,Infosys,0.007,-0.0099,1.0147,1,Infosys market update,1.0
2023-08-28,15.76,5356600,Infosys,0.0046,0.149,1.0087,1,Infosys market update,1.0
2023-08-29,15.85,7928100,Infosys,0.0052,0.4801,1.0098,1,Infosys market update,1.0
2023-08-30,15.96,4613400,Infosys,0.0075,-0.4181,1.008,0,Infosys market update,1.0
2023-08-31,15.8,6511500,Infosys,-0.0103,0.4114,1.0121,1,Infosys market update,1.0
2023-09-01,15.94,5315100,Infosys,0.0086,-0.1837,1.0074,1,Infosys market update,1.0
2023-09-05,16.16,5746400,Infosys,0.0143,0.0811,1.0107,0,Infosys market update,1.0
2023-09-06,15.99,5049300,Infosys,-0.0107,-0.1213,1.0114,0,Infosys market update,1.0
2023-09-07,15.94,5920700,Infosys,-0.0034,0.1726,1.0069,1,Infosys market update,1.0
2023-09-08,16.15,5796800,Infosys,0.0131,-0.0209,1.0102,1,Infosys market update,1.0
2023-09-11,16.33,5196600,Infosys,0.0113,-0.1035,1.0118,1,Infosys market update,1.0
2023-09-12,16.43,6680000,Infosys,0.0061,0.2855,1.0094,0,Infosys market update,1.0
2023-09-13,16.37,4102400,Infosys,-0.0033,-0.3859,1.0067,1,Infosys market update,1.0
2023-09-14,16.47,2914100,Infosys,0.0061,-0.2897,1.0083,0,Infosys market update,1.0
2023-09-15,16.15,16969900,Infosys,-0.0199,4.8234,1.0243,1,Infosys market update,1.0
2023-09-18,16.15,3944300,Infosys,0.0006,-0.7676,1.0096,1,Infosys market update,1.0
2023-09-19,16.18,3171400,Infosys,0.0017,-0.196,1.0073,1,Infosys market update,1.0
2023-09-20,16.27,4888100,Infosys,0.0056,0.5413,1.0129,0,Infosys market update,1.0
2023-09-21,16.14,5630200,Infosys,-0.0084,0.1518,1.013,1,Infosys market update,1.0
2023-09-22,16.17,5319300,Infosys,0.0023,-0.0552,1.0118,0,Infosys market update,1.0
2023-09-25,16.02,4992900,Infosys,-0.0096,-0.0614,1.0155,0,Infosys market update,1.0
2023-09-26,15.71,5946500,Infosys,-0.0193,0.191,1.0145,1,Infosys market update,1.0
2023-09-27,15.86,10292100,Infosys,0.0098,0.7308,1.0104,0,Infosys market update,1.0
2023-09-28,15.43,18047500,Infosys,-0.0275,0.7535,1.0257,1,Infosys market update,1.0
2023-09-29,15.56,9559900,Infosys,0.0088,-0.4703,1.0141,1,Infosys market update,1.0
2023-10-02,15.63,4529900,Infosys,0.0041,-0.5262,1.0094,0,Infosys market update,1.0
2023-10-03,15.46,6775000,Infosys,-0.0105,0.4956,1.0153,1,Infosys market update,1.0
2023-10-04,15.86,7318800,Infosys,0.0259,0.0803,1.0169,1,Infosys market update,1.0
2023-10-05,16.02,5069500,Infosys,0.0097,-0.3073,1.0109,1,Infosys market update,1.0
2023-10-06,16.18,5476600,Infosys,0.0102,0.0803,1.0182,0,Infosys market update,1.0
2023-10-09,16.15,8642700,Infosys,-0.0022,0.5781,1.0154,1,Infosys market update,1.0
2023-10-10,16.24,11060900,Infosys,0.0056,0.2798,1.0124,0,Infosys market update,1.0
2023-10-11,16.02,15897100,Infosys,-0.0134,0.4372,1.0217,0,Infosys market update,1.0
2023-10-12,14.97,26816400,Infosys,-0.0653,0.6869,1.0419,1,Infosys market update,1.0
2023-10-13,15.37,13208800,Infosys,0.0267,-0.5074,1.025,1,Infosys market update,1.0
2023-10-16,15.65,7474100,Infosys,0.0183,-0.4342,1.0194,1,Infosys market update,1.0
2023-10-17,15.78,7210500,Infosys,0.0081,-0.0353,1.0181,0,Infosys market update,1.0
2023-10-18,15.59,6115500,Infosys,-0.0121,-0.1519,1.0105,0,Infosys market update,1.0
2023-10-19,15.55,4830900,Infosys,-0.0029,-0.2101,1.0111,0,Infosys market update,1.0
2023-10-20,15.44,5910200,Infosys,-0.007,0.2234,1.0148,0,Infosys market update,1.0
2023-10-23,15.26,8505800,Infosys,-0.0112,0.4392,1.018,1,Infosys market update,1.0
2023-10-24,15.46,5602500,Infosys,0.013,-0.3413,1.0102,0,Infosys market update,1.0
2023-10-25,15.09,4727100,Infosys,-0.0238,-0.1563,1.0098,0,Infosys market update,1.0
2023-10-26,15.04,6991300,Infosys,-0.0037,0.479,1.0123,1,Infosys market update,1.0
2023-10-27,15.15,5591700,Infosys,0.0074,-0.2002,1.0128,1,Infosys market update,1.0
2023-10-30,15.2,5559700,Infosys,0.0036,-0.0057,1.0104,0,Infosys market update,1.0
2023-10-31,15.13,4663500,Infosys,-0.0048,-0.1612,1.0116,0,Infosys market update,1.0
2023-11-01,15.11,5943300,Infosys,-0.0012,0.2744,1.0086,1,Infosys market update,1.0
2023-11-02,15.38,9262500,Infosys,0.0177,0.5585,1.0115,0,Infosys market update,1.0
2023-11-03,15.37,8674200,Infosys,-0.0006,-0.0635,1.0108,1,Infosys market update,1.0
2023-11-06,15.54,3979000,Infosys,0.0108,-0.5413,1.009,0,Infosys market update,1.0
2023-11-07,15.47,2875500,Infosys,-0.0042,-0.2773,1.0084,0,Infosys market update,1.0
2023-11-08,15.36,3314000,Infosys,-0.0071,0.1525,1.0066,0,Infosys market update,1.0
2023-11-09,15.08,7329500,Infosys,-0.0186,1.2117,1.0147,1,Infosys market update,1.0
2023-11-10,15.32,5099500,Infosys,0.0165,-0.3042,1.0183,0,Infosys market update,1.0
2023-11-13,15.25,4579800,Infosys,-0.0048,-0.1019,1.0116,1,Infosys market update,1.0
2023-11-14,15.59,6902000,Infosys,0.0224,0.5071,1.0155,1,Infosys market update,1.0
2023-11-15,16.0,10004100,Infosys,0.026,0.4494,1.023,0,Infosys market update,1.0
2023-11-16,15.91,5859600,Infosys,-0.0052,-0.4143,1.0139,1,Infosys market update,1.0
2023-11-17,16.13,4249400,Infosys,0.0139,-0.2748,1.0145,1,Infosys market update,1.0
2023-11-20,16.16,5052400,Infosys,0.0017,0.189,1.0121,0,Infosys market update,1.0
2023-11-21,16.07,4702200,Infosys,-0.0057,-0.0693,1.008,1,Infosys market update,1.0
2023-11-22,16.2,5435700,Infosys,0.008,0.156,1.0103,0,Infosys market update,1.0
2023-11-24,16.1,2743400,Infosys,-0.0063,-0.4953,1.0104,0,Infosys market update,1.0
2023-11-27,16.01,3757400,Infosys,-0.0057,0.3696,1.0087,1,Infosys market update,1.0
2023-11-28,16.25,6783900,Infosys,0.015,0.8055,1.019,0,Infosys market update,1.0
2023-11-29,16.24,6039100,Infosys,-0.0006,-0.1098,1.0085,0,Infosys market update,1.0
2023-11-30,16.17,5541400,Infosys,-0.004,-0.0824,1.0126,1,Infosys market update,1.0
2023-12-01,16.34,4766000,Infosys,0.0103,-0.1399,1.0184,0,Infosys market update,1.0
2023-12-04,16.3,5588600,Infosys,-0.0023,0.1726,1.0136,0,Infosys market update,1.0
2023-12-05,16.09,5016100,Infosys,-0.013,-0.1024,1.0184,1,Infosys market update,1.0
2023-12-06,16.3,6891300,Infosys,0.0132,0.3738,1.0113,0,Infosys market update,1.0
2023-12-07,16.25,3340000,Infosys,-0.0028,-0.5153,1.0074,1,Infosys market update,1.0
2023-12-08,16.49,4581100,Infosys,0.0142,0.3716,1.0107,0,Infosys market update,1.0
2023-12-11,16.04,8516800,Infosys,-0.0268,0.8591,1.0329,1,Infosys market update,1.0
2023-12-12,16.17,5521000,Infosys,0.008,-0.3518,1.0127,0,Infosys market update,1.0
2023-12-13,16.1,9025600,Infosys,-0.0046,0.6348,1.0104,1,Infosys market update,1.0
2023-12-14,16.93,14029200,Infosys,0.0515,0.5544,1.0284,1,Infosys market update,1.0
2023-12-15,17.2,8262300,Infosys,0.0163,-0.4111,1.0188,1,Infosys market update,1.0
2023-12-18,17.32,4898200,Infosys,0.007,-0.4072,1.0162,0,Infosys market update,1.0
2023-12-19,17.31,5257800,Infosys,-0.0005,0.0734,1.0145,0,Infosys market update,1.0
2023-12-20,16.97,6181000,Infosys,-0.0197,0.1756,1.0141,0,Infosys market update,1.0
2023-12-21,16.96,7763900,Infosys,-0.0005,0.2561,1.0209,1,Infosys market update,1.0
2023-12-22,17.29,7018100,Infosys,0.019,-0.0961,1.0134,0,Infosys market update,1.0
2023-12-26,17.0,3866200,Infosys,-0.0165,-0.4491,1.0163,1,Infosys market update,1.0
2023-12-27,17.14,4338000,Infosys,0.0081,0.122,1.0125,0,Infosys market update,1.0
2023-12-28,17.1,3308700,Infosys,-0.0022,-0.2373,1.0081,0,Infosys market update,1.0
2023-12-29,16.94,2864800,Infosys,-0.0097,-0.1342,1.0115,0,Infosys market update,1.0
2024-01-02,16.66,8963600,Infosys,-0.0163,2.1289,1.0144,0,Infosys market update,1.0
2024-01-03,16.62,12408800,Infosys,-0.0022,0.3844,1.0291,1,Infosys market update,1.0
2024-01-04,16.65,6707600,Infosys,0.0017,-0.4594,1.0144,1,Infosys market update,1.0
2024-01-05,16.68,10479200,Infosys,0.0017,0.5623,1.0138,1,Infosys market update,1.0
2024-01-08,16.96,7538600,Infosys,0.0166,-0.2806,1.0182,0,Infosys market update,1.0
2024-01-09,16.82,6106100,Infosys,-0.0082,-0.19,1.0115,0,Infosys market update,1.0
2024-01-10,16.68,13572600,Infosys,-0.0082,1.2228,1.0184,1,Infosys market update,1.0
2024-01-11,17.34,17927300,Infosys,0.0398,0.3208,1.0274,1,Infosys market update,1.0
2024-01-12,18.06,21182400,Infosys,0.0414,0.1816,1.0335,0,Infosys market update,1.0
2024-01-16,17.94,13410000,Infosys,-0.0066,-0.3669,1.0187,1,Infosys market update,1.0
2024-01-17,18.01,11273100,Infosys,0.0036,-0.1594,1.0123,1,Infosys market update,1.0
2024-01-18,18.27,9891800,Infosys,0.0148,-0.1225,1.0158,1,Infosys market update,1.0
2024-01-19,18.42,7921000,Infosys,0.0081,-0.1992,1.0152,0,Infosys market update,1.0
2024-01-22,18.31,5823300,Infosys,-0.006,-0.2648,1.0081,0,Infosys market update,1.0
2024-01-23,18.24,8984900,Infosys,-0.004,0.5429,1.0173,1,Infosys market update,1.0
2024-01-24,18.42,10476100,Infosys,0.0101,0.166,1.011,1,Infosys market update,1.0
2024-01-25,18.51,7290500,Infosys,0.005,-0.3041,1.0151,1,Infosys market update,1.0
2024-01-26,18.63,5696300,Infosys,0.0065,-0.2187,1.0124,0,Infosys market update,1.0
2024-01-29,18.59,5283800,Infosys,-0.0025,-0.0724,1.005,0,Infosys market update,1.0
2024-01-30,18.38,6409700,Infosys,-0.0109,0.2131,1.0106,0,Infosys market update,1.0
2024-01-31,18.3,6594300,Infosys,-0.0045,0.0288,1.0151,1,Infosys market update,1.0
2024-02-01,18.6,8251300,Infosys,0.0166,0.2513,1.0197,1,Infosys market update,1.0
2024-02-02,18.75,6117900,Infosys,0.0079,-0.2586,1.0144,0,Infosys market update,1.0
2024-02-05,18.71,3604800,Infosys,-0.0025,-0.4108,1.0074,1,Infosys market update,1.0
2024-02-06,18.99,7549400,Infosys,0.0153,1.0943,1.0117,0,Infosys market update,1.0
2024-02-07,18.83,5739100,Infosys,-0.0087,-0.2398,1.0174,0,Infosys market update,1.0
2024-02-08,18.6,6885700,Infosys,-0.0117,0.1998,1.0169,0,Infosys market update,1.0
2024-02-09,18.52,5895300,Infosys,-0.0045,-0.1438,1.01,1,Infosys market update,1.0
2024-02-12,18.56,4253200,Infosys,0.002,-0.2785,1.0075,0,Infosys market update,1.0
2024-02-13,18.3,6914100,Infosys,-0.0139,0.6256,1.0101,1,Infosys market update,1.0
2024-02-14,18.6,7591100,Infosys,0.0161,0.0979,1.0105,1,Infosys market update,1.0
2024-02-15,18.72,5247500,Infosys,0.0064,-0.3087,1.0069,1,Infosys market update,1.0
2024-02-16,18.86,5516600,Infosys,0.0079,0.0513,1.0158,0,Infosys market update,1.0
2024-02-20,18.45,7587200,Infosys,-0.022,0.3753,1.0205,0,Infosys market update,1.0
2024-02-21,18.23,6191500,Infosys,-0.012,-0.184,1.0132,1,Infosys market update,1.0
2024-02-22,18.72,6590200,Infosys,0.0268,0.0644,1.0109,0,Infosys market update,1.0
2024-02-23,18.53,4228200,Infosys,-0.0098,-0.3584,1.008,0,Infosys market update,1.0
2024-02-26,18.42,5145700,Infosys,-0.006,0.217,1.0101,1,Infosys market update,1.0
2024-02-27,18.43,2751500,Infosys,0.0005,-0.4653,1.0065,0,Infosys market update,1.0
2024-02-28,18.38,4344500,Infosys,-0.0025,0.579,1.0076,1,Infosys market update,1.0
2024-02-29,18.39,6256900,Infosys,0.0005,0.4402,1.008,0,Infosys market update,1.0
2024-03-01,18.27,6151800,Infosys,-0.0065,-0.0168,1.0081,0,Infosys market update,1.0
2024-03-04,18.25,6821800,Infosys,-0.0015,0.1089,1.0159,0,Infosys market update,1.0
2024-03-05,17.78,7522600,Infosys,-0.0258,0.1027,1.014,1,Infosys market update,1.0
2024-03-06,17.81,9226500,Infosys,0.0021,0.2265,1.0166,1,Infosys market update,1.0
2024-03-07,17.87,11084100,Infosys,0.0031,0.2013,1.0093,0,Infosys market update,1.0
2024-03-08,17.75,8183300,Infosys,-0.0067,-0.2617,1.0104,0,Infosys market update,1.0
2024-03-11,17.71,8544100,Infosys,-0.0021,0.0441,1.0068,1,Infosys market update,1.0
2024-03-12,17.89,11415900,Infosys,0.0104,0.3361,1.0114,0,Infosys market update,1.0
2024-03-13,17.87,7171000,Infosys,-0.0015,-0.3718,1.0083,1,Infosys market update,1.0
2024-03-14,18.12,8476900,Infosys,0.0139,0.1821,1.0174,0,Infosys market update,1.0
2024-03-15,17.72,13296100,Infosys,-0.0219,0.5685,1.0229,0,Infosys market update,1.0
2024-03-18,17.66,6324200,Infosys,-0.0031,-0.5244,1.0084,0,Infosys market update,1.0
2024-03-19,17.37,9561000,Infosys,-0.0167,0.5118,1.0118,1,Infosys market update,1.0
2024-03-20,17.44,9677300,Infosys,0.0042,0.0122,1.0156,0,Infosys market update,1.0
2024-03-21,16.78,22905000,Infosys,-0.038,1.3669,1.0199,0,Infosys market update,1.0
2024-03-22,16.33,15028500,Infosys,-0.0269,-0.3439,1.0243,0,Infosys market update,1.0
2024-03-25,16.25,12454500,Infosys,-0.0051,-0.1713,1.0114,1,Infosys market update,1.0
2024-03-26,16.36,10500900,Infosys,0.0068,-0.1569,1.0102,1,Infosys market update,1.0
2024-03-27,16.39,6074600,Infosys,0.0023,-0.4215,1.009,1,Infosys market update,1.0
2024-03-28,16.52,7019600,Infosys,0.0079,0.1556,1.0112,0,Infosys market update,1.0
2024-04-01,16.2,14601600,Infosys,-0.0195,1.0801,1.024,0,Infosys market update,1.0
2024-04-03,16.33,8871400,Infosys,0.008,-0.3007,1.0171,1,Infosys market update,1.0
2024-04-04,16.36,12716500,Infosys,0.0017,0.4334,1.021,1,Infosys market update,1.0
2024-04-05,16.43,5967200,Infosys,0.0045,-0.5308,1.0113,1,Infosys market update,1.0
2024-04-08,16.46,8716600,Infosys,0.0017,0.4608,1.013,1,Infosys market update,1.0
2024-04-09,16.76,13467900,Infosys,0.0185,0.5451,1.0144,0,Infosys market update,1.0
2024-04-10,16.59,11553000,Infosys,-0.0104,-0.1422,1.0123,0,Infosys market update,1.0
2024-04-11,16.53,13389200,Infosys,-0.0033,0.1589,1.0162,0,Infosys market update,1.0
2024-04-12,16.33,17657700,Infosys,-0.0123,0.3188,1.0188,0,Infosys market update,1.0
2024-04-15,15.91,11374300,Infosys,-0.0254,-0.3558,1.0261,0,Infosys market update,1.0
2024-04-16,15.71,13033300,Infosys,-0.0127,0.1459,1.0124,0,Infosys market update,1.0
2024-04-17,15.62,17034100,Infosys,-0.0059,0.307,1.0184,0,Infosys market update,1.0
2024-04-18,15.21,31702900,Infosys,-0.026,0.8611,1.0536,1,Infosys market update,1.0
2024-04-19,15.49,16182300,Infosys,0.0182,-0.4896,1.0162,1,Infosys market update,1.0
2024-04-22,15.94,19944700,Infosys,0.0291,0.2325,1.0254,0,Infosys market update,1.0
2024-04-23,15.81,8832400,Infosys,-0.0081,-0.5572,1.014,0,Infosys market update,1.0
2024-04-24,15.7,10685000,Infosys,-0.007,0.2098,1.0177,0,Infosys market update,1.0
2024-04-25,15.67,10657300,Infosys,-0.0018,-0.0026,1.016,0,Infosys market update,1.0
2024-04-26,15.61,8845000,Infosys,-0.0041,-0.1701,1.0148,1,Infosys market update,1.0
2024-04-29,15.64,7426500,Infosys,0.0018,-0.1604,1.0095,0,Infosys market update,1.0
2024-04-30,15.4,11349100,Infosys,-0.0153,0.5282,1.0144,1,Infosys market update,1.0
2024-05-01,15.45,6966200,Infosys,0.0036,-0.3862,1.0126,1,Infosys market update,1.0
2024-05-02,15.55,8716700,Infosys,0.006,0.2513,1.0168,1,Infosys market update,1.0
2024-05-03,15.6,4035300,Infosys,0.0036,-0.5371,1.0077,1,Infosys market update,1.0
2024-05-06,15.64,4209700,Infosys,0.0024,0.0432,1.0053,1,Infosys market update,1.0
2024-05-07,15.78,8843200,Infosys,0.0094,1.1007,1.0118,0,Infosys market update,1.0
2024-05-08,15.75,4739100,Infosys,-0.0023,-0.4641,1.0142,0,Infosys market update,1.0
2024-05-09,15.64,12308400,Infosys,-0.007,1.5972,1.0101,0,Infosys market update,1.0
2024-05-10,15.55,10340700,Infosys,-0.0059,-0.1599,1.0101,1,Infosys market update,1.0
2024-05-13,15.59,5923300,Infosys,0.003,-0.4272,1.0089,1,Infosys market update,1.0
2024-05-14,15.62,9395500,Infosys,0.0018,0.5862,1.0089,1,Infosys market update,1.0
2024-05-15,15.71,4019700,Infosys,0.0059,-0.5722,1.016,1,Infosys market update,1.0
2024-05-16,15.89,10753400,Infosys,0.0111,1.6752,1.0082,0,Infosys market update,1.0
2024-05-17,15.78,7986000,Infosys,-0.0064,-0.2574,1.0088,0,Infosys market update,1.0
2024-05-21,15.67,7889700,Infosys,-0.007,0.2942,1.0065,1,Infosys market update,1.0
2024-05-22,15.91,8385600,Infosys,0.0153,0.0629,1.007,1,Infosys market update,1.0
2024-05-23,16.03,9249300,Infosys,0.0075,0.103,1.0086,0,Infosys market update,1.0
2024-05-24,16.0,9241000,Infosys,-0.0023,-0.0009,1.0087,0,Infosys market update,1.0
2024-05-28,15.96,11508000,Infosys,-0.0023,0.2453,1.0069,0,Infosys market update,1.0
2024-05-29,15.69,8563800,Infosys,-0.0167,-0.2558,1.0088,0,Infosys market update,1.0
2024-05-30,15.55,11351200,Infosys,-0.0094,0.3255,1.0113,1,Infosys market update,1.0
2024-05-31,15.75,14253800,Infosys,0.013,0.2557,1.0237,1,Infosys market update,1.0
2024-06-03,15.84,8585300,Infosys,0.006,-0.3977,1.0132,0,Infosys market update,1.0
2024-06-04,15.79,8822800,Infosys,-0.003,0.0277,1.0145,1,Infosys market update,1.0
2024-06-05,16.12,7513200,Infosys,0.0208,-0.1484,1.0106,1,Infosys market update,1.0
2024-06-06,16.49,7386000,Infosys,0.0227,-0.0169,1.0092,1,Infosys market update,1.0
2024-06-07,16.93,11158200,Infosys,0.0268,0.5107,1.0145,0,Infosys market update,1.0
2024-06-10,16.77,6404300,Infosys,-0.0094,-0.426,1.0125,0,Infosys market update,1.0
2024-06-11,16.73,5756500,Infosys,-0.0028,-0.1012,1.0125,1,Infosys market update,1.0
2024-06-12,16.79,6033900,Infosys,0.0039,0.0482,1.009,0,Infosys market update,1.0
2024-06-13,16.74,6851000,Infosys,-0.0028,0.1354,1.009,0,Infosys market update,1.0
2024-06-14,16.73,6694600,Infosys,-0.0011,-0.0228,1.0108,1,Infosys market update,1.0
2024-06-17,16.87,6348700,Infosys,0.0084,-0.0517,1.0147,0,Infosys market update,1.0
2024-06-18,16.84,10828100,Infosys,-0.0017,0.7056,1.0106,1,Infosys market update,1.0
2024-06-20,17.18,17345600,Infosys,0.0201,0.6019,1.0176,0,Infosys market update,1.0
2024-06-21,16.98,22822100,Infosys,-0.0115,0.3157,1.019,1,Infosys market update,1.0
2024-06-24,17.05,5758800,Infosys,0.0044,-0.7477,1.0128,1,Infosys market update,1.0
2024-06-25,17.24,8733100,Infosys,0.011,0.5165,1.011,0,Infosys market update,1.0
2024-06-26,17.13,8693400,Infosys,-0.0065,-0.0045,1.0105,1,Infosys market update,1.0
2024-06-27,17.51,8949300,Infosys,0.0225,0.0294,1.0081,0,Infosys market update,1.0
2024-06-28,17.51,9520300,Infosys,-0.0005,0.0638,1.0108,1,Infosys market update,1.0
2024-07-01,17.64,8064200,Infosys,0.0075,-0.1529,1.0128,1,Infosys market update,1.0
2024-07-02,18.08,10531700,Infosys,0.0251,0.306,1.0116,1,Infosys market update,1.0
2024-07-03,18.21,7252400,Infosys,0.0073,-0.3114,1.0078,1,Infosys market update,1.0
2024-07-05,18.27,7709600,Infosys,0.0031,0.063,1.0114,1,Infosys market update,1.0
2024-07-08,18.33,10910900,Infosys,0.0036,0.4152,1.0082,0,Infosys market update,1.0
2024-07-09,18.14,12586700,Infosys,-0.0103,0.1536,1.0156,1,Infosys market update,1.0
2024-07-10,18.21,16768700,Infosys,0.0036,0.3323,1.0183,1,Infosys market update,1.0
2024-07-11,18.7,14459300,Infosys,0.0268,-0.1377,1.0245,1,Infosys market update,1.0
2024-07-12,19.18,10583500,Infosys,0.0256,-0.268,1.0164,0,Infosys market update,1.0
2024-07-15,19.09,11641700,Infosys,-0.0044,0.1,1.0119,1,Infosys market update,1.0
2024-07-16,19.42,7137500,Infosys,0.0172,-0.3869,1.0093,0,Infosys market update,1.0
2024-07-17,19.3,14389200,Infosys,-0.0063,1.016,1.0108,1,Infosys market update,1.0
2024-07-18,20.92,42176100,Infosys,0.0838,1.9311,1.0507,0,Infosys market update,1.0
2024-07-19,20.38,16443500,Infosys,-0.0256,-0.6101,1.0263,1,Infosys market update,1.0
2024-07-22,20.49,8459600,Infosys,0.0051,-0.4855,1.0154,1,Infosys market update,1.0
2024-07-23,20.76,9992300,Infosys,0.0133,0.1812,1.017,0,Infosys market update,1.0
2024-07-24,20.55,7859100,Infosys,-0.01,-0.2135,1.0128,1,Infosys market update,1.0
2024-07-25,20.69,11403500,Infosys,0.0069,0.451,1.0156,1,Infosys market update,1.0
2024-07-26,21.43,15980100,Infosys,0.0354,0.4013,1.0223,0,Infosys market update,1.0
2024-07-29,21.25,8940800,Infosys,-0.0083,-0.4405,1.0093,1,Infosys market update,1.0
2024-07-30,21.26,6682900,Infosys,0.0004,-0.2525,1.008,0,Infosys market update,1.0
2024-07-31,20.81,18250700,Infosys,-0.0212,1.731,1.0414,1,Infosys market update,1.0
2024-08-01,20.97,10759600,Infosys,0.0077,-0.4105,1.0122,0,Infosys market update,1.0
2024-08-02,20.47,10940900,Infosys,-0.0238,0.0169,1.0172,0,Infosys market update,1.0
2024-08-05,19.55,14844400,Infosys,-0.0446,0.3568,1.0319,1,Infosys market update,1.0
2024-08-06,19.73,9996700,Infosys,0.0091,-0.3266,1.0096,0,Infosys market update,1.0
2024-08-07,19.71,8944600,Infosys,-0.001,-0.1052,1.0229,1,Infosys market update,1.0
2024-08-08,19.87,8243300,Infosys,0.0081,-0.0784,1.0139,1,Infosys market update,1.0
2024-08-09,20.02,7794500,Infosys,0.0076,-0.0544,1.0132,1,Infosys market update,1.0
2024-08-12,20.03,11669500,Infosys,0.0005,0.4971,1.0113,1,Infosys market update,1.0
2024-08-13,20.3,7691800,Infosys,0.0131,-0.3409,1.0136,1,Infosys market update,1.0
2024-08-14,20.45,5350300,Infosys,0.0074,-0.3044,1.0097,1,Infosys market update,1.0
2024-08-15,20.52,6838200,Infosys,0.0037,0.2781,1.0087,1,Infosys market update,1.0
2024-08-16,20.69,5219100,Infosys,0.0082,-0.2368,1.0078,1,Infosys market update,1.0
2024-08-19,20.93,5276900,Infosys,0.0114,0.0111,1.0118,1,Infosys market update,1.0
2024-08-20,20.97,5588900,Infosys,0.0022,0.0591,1.009,1,Infosys market update,1.0
2024-08-21,21.22,7843700,Infosys,0.0117,0.4034,1.0094,0,Infosys market update,1.0
2024-08-22,21.0,4273000,Infosys,-0.0102,-0.4552,1.009,0,Infosys market update,1.0
2024-08-26,21.1,4569000,Infosys,0.0045,0.0317,1.0085,1,Infosys market update,1.0
2024-08-27,21.44,8258200,Infosys,0.016,0.8074,1.0169,1,Infosys market update,1.0
2024-08-28,21.62,7492200,Infosys,0.0088,-0.0928,1.0222,1,Infosys market update,1.0
2024-08-29,21.81,5756200,Infosys,0.0087,-0.2317,1.0135,1,Infosys market update,1.0
2024-08-30,21.89,6375000,Infosys,0.0034,0.1075,1.0104,0,Infosys market update,1.0
2024-09-03,21.6,5793200,Infosys,-0.0129,-0.0913,1.0192,1,Infosys market update,1.0
2024-09-04,21.68,5558000,Infosys,0.0035,-0.0406,1.0118,0,Infosys market update,1.0
2024-09-05,21.53,6270100,Infosys,-0.0069,0.1281,1.0153,0,Infosys market update,1.0
2024-09-06,21.19,7517300,Infosys,-0.0157,0.1989,1.0191,1,Infosys market update,1.0
2024-09-09,21.27,4585000,Infosys,0.0035,-0.3901,1.0089,1,Infosys market update,1.0
2024-09-10,21.56,6484400,Infosys,0.0137,0.4143,1.0124,0,Infosys market update,1.0
2024-09-11,21.55,5590600,Infosys,-0.0004,-0.1378,1.0173,1,Infosys market update,1.0
2024-09-12,21.86,5643300,Infosys,0.0144,0.0094,1.0108,0,Infosys market update,1.0
2024-09-13,21.81,5273400,Infosys,-0.0022,-0.0655,1.0078,0,Infosys market update,1.0
2024-09-16,21.8,6747300,Infosys,-0.0004,0.2795,1.0104,0,Infosys market update,1.0
2024-09-17,21.6,10352700,Infosys,-0.0095,0.5343,1.0263,0,Infosys market update,1.0
2024-09-18,21.13,7051700,Infosys,-0.0213,-0.3189,1.0138,1,Infosys market update,1.0
2024-09-19,21.33,6281100,Infosys,0.0093,-0.1093,1.0084,1,Infosys market update,1.0
2024-09-20,21.48,21841100,Infosys,0.0071,2.4773,1.0128,0,Infosys market update,1.0
2024-09-23,21.33,4900300,Infosys,-0.007,-0.7756,1.0107,0,Infosys market update,1.0
2024-09-24,21.23,7015300,Infosys,-0.0048,0.4316,1.0116,0,Infosys market update,1.0
2024-09-25,21.21,9151500,Infosys,-0.0009,0.3045,1.0071,1,Infosys market update,1.0
2024-09-26,21.59,10927900,Infosys,0.0177,0.1941,1.0175,0,Infosys market update,1.0
2024-09-27,21.05,9702000,Infosys,-0.0248,-0.1122,1.0161,0,Infosys market update,1.0
2024-09-30,20.94,11576900,Infosys,-0.0054,0.1932,1.0154,1,Infosys market update,1.0
2024-10-01,21.05,8366500,Infosys,0.0054,-0.2773,1.0112,0,Infosys market update,1.0
2024-10-02,20.98,5273100,Infosys,-0.0031,-0.3697,1.0122,1,Infosys market update,1.0
2024-10-03,21.07,7816800,Infosys,0.004,0.4824,1.0108,1,Infosys market update,1.0
2024-10-04,21.43,9261000,Infosys,0.017,0.1848,1.0128,1,Infosys market update,1.0
2024-10-07,21.54,7549400,Infosys,0.0053,-0.1848,1.0154,1,Infosys market update,1.0
2024-10-08,21.92,7722500,Infosys,0.0179,0.0229,1.0121,0,Infosys market update,1.0
2024-10-09,21.88,4269500,Infosys,-0.0021,-0.4471,1.0073,0,Infosys market update,1.0
2024-10-10,21.29,7665900,Infosys,-0.0266,0.7955,1.0125,1,Infosys market update,1.0
2024-10-11,21.56,5065600,Infosys,0.0124,-0.3392,1.0092,1,Infosys market update,1.0
2024-10-14,21.96,7100000,Infosys,0.0188,0.4016,1.0108,0,Infosys market update,1.0
2024-10-15,21.64,10562700,Infosys,-0.0146,0.4877,1.0135,0,Infosys market update,1.0
2024-10-16,21.53,13868500,Infosys,-0.0052,0.313,1.0101,0,Infosys market update,1.0
2024-10-17,21.3,16539000,Infosys,-0.0105,0.1926,1.0322,0,Infosys market update,1.0
2024-10-18,21.16,11307600,Infosys,-0.0066,-0.3163,1.0144,0,Infosys market update,1.0
2024-10-21,20.87,10411900,Infosys,-0.0138,-0.0792,1.0136,0,Infosys market update,1.0
2024-10-22,20.83,5733800,Infosys,-0.0018,-0.4493,1.0091,1,Infosys market update,1.0
2024-10-23,20.88,4532000,Infosys,0.0023,-0.2096,1.0118,0,Infosys market update,1.0
2024-10-24,20.73,7199600,Infosys,-0.0072,0.5886,1.0136,0,Infosys market update,1.0
2024-10-25,20.58,6572800,Infosys,-0.0073,-0.0871,1.0101,1,Infosys market update,1.0
2024-10-28,20.75,3887200,Infosys,0.0082,-0.4086,1.0077,0,Infosys market update,1.0
2024-10-29,20.7,8789300,Infosys,-0.0023,1.2611,1.0157,0,Infosys market update,1.0
2024-10-30,20.08,8486700,Infosys,-0.0299,-0.0344,1.0213,0,Infosys market update,1.0
2024-10-31,19.88,8615100,Infosys,-0.0099,0.0151,1.0101,0,Infosys market update,1.0
2024-11-01,19.74,9285500,Infosys,-0.0072,0.0778,1.0135,0,Infosys market update,1.0
2024-11-04,19.7,11936900,Infosys,-0.0019,0.2855,1.0111,0,Infosys market update,1.0
2024-11-05,19.69,9558400,Infosys,-0.0005,-0.1993,1.0073,1,Infosys market update,1.0
2024-11-06,20.35,17779900,Infosys,0.0333,0.8601,1.0189,1,Infosys market update,1.0
2024-11-07,20.59,12341100,Infosys,0.0117,-0.3059,1.015,1,Infosys market update,1.0
2024-11-08,20.68,7743000,Infosys,0.0046,-0.3726,1.0157,1,Infosys market update,1.0
2024-11-11,20.96,6092100,Infosys,0.0133,-0.2132,1.0165,0,Infosys market update,1.0
2024-11-12,20.94,3848800,Infosys,-0.0009,-0.3682,1.0082,1,Infosys market update,1.0
2024-11-13,20.96,5432100,Infosys,0.0009,0.4114,1.0119,0,Infosys market update,1.0
2024-11-14,20.75,6169200,Infosys,-0.01,0.1357,1.0101,0,Infosys market update,1.0
2024-11-15,20.47,7650200,Infosys,-0.0133,0.2401,1.0178,1,Infosys market update,1.0
2024-11-18,20.54,4816400,Infosys,0.0033,-0.3704,1.0188,1,Infosys market update,1.0
2024-11-19,20.66,6033100,Infosys,0.006,0.2526,1.0243,1,Infosys market update,1.0
2024-11-20,20.91,7812600,Infosys,0.012,0.295,1.0106,0,Infosys market update,1.0
2024-11-21,20.88,6121500,Infosys,-0.0014,-0.2165,1.0124,1,Infosys market update,1.0
2024-11-22,21.67,8678600,Infosys,0.0378,0.4177,1.0229,1,Infosys market update,1.0
2024-11-25,21.72,11805800,Infosys,0.0022,0.3603,1.0192,1,Infosys market update,1.0
2024-11-26,22.04,7339500,Infosys,0.0149,-0.3783,1.0131,0,Infosys market update,1.0
2024-11-27,21.62,9141100,Infosys,-0.019,0.2455,1.0244,0,Infosys market update,1.0
2024-11-29,20.99,5620900,Infosys,-0.0295,-0.3851,1.0109,1,Infosys market update,1.0
2024-12-02,21.11,5836200,Infosys,0.0059,0.0383,1.0123,0,Infosys market update,1.0
2024-12-03,21.03,8215700,Infosys,-0.0036,0.4077,1.0168,1,Infosys market update,1.0
2024-12-04,21.41,5866400,Infosys,0.0181,-0.286,1.0153,1,Infosys market update,1.0
2024-12-05,21.74,5984600,Infosys,0.0151,0.0201,1.0149,0,Infosys market update,1.0
2024-12-09,22.02,6292000,Infosys,0.0131,0.336,1.0174,1,Infosys market update,1.0
2024-12-10,22.1,6600900,Infosys,0.0035,0.0491,1.0183,1,Infosys market update,1.0
2024-12-11,22.21,6193400,Infosys,0.0052,-0.0617,1.0138,0,Infosys market update,1.0
2024-12-12,22.11,5750900,Infosys,-0.0047,-0.0714,1.0138,1,Infosys market update,1.0
2024-12-13,22.25,4443500,Infosys,0.0065,-0.2273,1.015,0,Infosys market update,1.0
2024-12-16,22.2,9862100,Infosys,-0.0021,1.2194,1.0116,0,Infosys market update,1.0
2024-12-17,21.99,3890600,Infosys,-0.0094,-0.6055,1.0112,0,Infosys market update,1.0
2024-12-18,21.54,6071000,Infosys,-0.0208,0.5604,1.0296,1,Infosys market update,1.0
2024-12-19,22.27,9178400,Infosys,0.034,0.5118,1.0225,0,Infosys market update,1.0
2024-12-20,21.61,12356700,Infosys,-0.0295,0.3463,1.0236,1,Infosys market update,1.0
2024-12-23,21.66,3622600,Infosys,0.0022,-0.7068,1.0147,0,Infosys market update,1.0
2024-12-24,21.65,2051600,Infosys,-0.0004,-0.4337,1.012,0,Infosys market update,1.0
2024-12-26,21.53,3440300,Infosys,-0.0057,0.6769,1.0071,0,Infosys market update,1.0
2024-12-27,21.38,4339900,Infosys,-0.0071,0.2615,1.0179,0,Infosys market update,1.0
2024-12-30,21.02,4830800,Infosys,-0.0169,0.1131,1.0151,0,Infosys market update,1.0
2024-12-31,20.84,2304300,Infosys,-0.0081,-0.523,1.0137,1,Infosys market update,1.0
2025-01-02,21.51,6556200,Infosys,0.0319,1.8452,1.0147,1,Infosys market update,1.0
2025-01-03,21.52,3810700,Infosys,0.0004,-0.4188,1.0094,1,Infosys market update,1.0
2025-01-06,21.63,4862600,Infosys,0.0053,0.276,1.0102,0,Infosys market update,1.0
2025-01-07,21.5,5150400,Infosys,-0.0062,0.0592,1.0155,1,Infosys market update,1.0
2025-01-08,21.66,6199700,Infosys,0.0075,0.2037,1.0115,0,Infosys market update,1.0
2025-01-10,21.59,7409000,Infosys,-0.0035,0.1951,1.0216,0,Infosys market update,1.0
2025-01-13,21.58,11561800,Infosys,-0.0004,0.5605,1.0133,0,Infosys market update,1.0
2025-01-14,21.41,13923400,Infosys,-0.0079,0.2043,1.0093,1,Infosys market update,1.0
2025-01-15,21.77,9229900,Infosys,0.0169,-0.3371,1.0146,0,Infosys market update,1.0
2025-01-16,20.51,22922700,Infosys,-0.0577,1.4835,1.0605,0,Infosys market update,1.0
2025-01-17,20.15,13512700,Infosys,-0.0176,-0.4105,1.0185,0,Infosys market update,1.0
2025-01-21,20.11,18004300,Infosys,-0.0019,0.3324,1.0115,1,Infosys market update,1.0
2025-01-22,20.55,9311600,Infosys,0.0217,-0.4828,1.0169,1,Infosys market update,1.0
2025-01-23,20.71,10751800,Infosys,0.0079,0.1547,1.013,0,Infosys market update,1.0
2025-01-24,20.62,7612600,Infosys,-0.0046,-0.292,1.0083,0,Infosys market update,1.0
2025-01-27,20.48,9588900,Infosys,-0.0065,0.2596,1.0188,0,Infosys market update,1.0
2025-01-28,20.47,14719300,Infosys,-0.0005,0.535,1.0113,1,Infosys market update,1.0
2025-01-29,20.63,8351400,Infosys,0.0079,-0.4326,1.0107,1,Infosys market update,1.0
2025-01-30,20.75,6800600,Infosys,0.0055,-0.1857,1.0171,1,Infosys market update,1.0
2025-01-31,20.87,9751700,Infosys,0.006,0.4339,1.0105,1,Infosys market update,1.0
2025-02-03,20.91,10983000,Infosys,0.0018,0.1263,1.0236,1,Infosys market update,1.0
2025-02-04,21.28,9778200,Infosys,0.0177,-0.1097,1.0182,0,Infosys market update,1.0
2025-02-05,21.21,9910900,Infosys,-0.0031,0.0136,1.0141,0,Infosys market update,1.0
2025-02-06,21.15,9375200,Infosys,-0.0031,-0.0541,1.014,0,Infosys market update,1.0
2025-02-07,20.76,9618000,Infosys,-0.0184,0.0259,1.0249,1,Infosys market update,1.0
2025-02-10,20.8,9249900,Infosys,0.0018,-0.0383,1.0078,1,Infosys market update,1.0
2025-02-11,20.89,8557800,Infosys,0.0046,-0.0748,1.0162,0,Infosys market update,1.0
2025-02-12,20.68,5914200,Infosys,-0.01,-0.3089,1.0112,0,Infosys market update,1.0
2025-02-13,20.67,9916700,Infosys,-0.0005,0.6768,1.0121,0,Infosys market update,1.0
2025-02-14,20.51,7038100,Infosys,-0.0078,-0.2903,1.0097,0,Infosys market update,1.0
2025-02-18,20.36,10779700,Infosys,-0.0074,0.5316,1.0142,0,Infosys market update,1.0
2025-02-19,20.17,11414600,Infosys,-0.0093,0.0589,1.01,1,Infosys market update,1.0
2025-02-20,20.3,10776600,Infosys,0.0066,-0.0559,1.0114,0,Infosys market update,1.0
2025-02-21,20.13,13778200,Infosys,-0.0084,0.2785,1.0085,0,Infosys market update,1.0
2025-02-24,19.81,12509400,Infosys,-0.0161,-0.0921,1.0112,0,Infosys market update,1.0
2025-02-25,19.75,9215000,Infosys,-0.0029,-0.2634,1.0102,0,Infosys market update,1.0
2025-02-27,19.49,10206600,Infosys,-0.013,0.1054,1.0151,0,Infosys market update,1.0
2025-02-28,19.11,17385600,Infosys,-0.0195,0.7034,1.0203,0,Infosys market update,1.0
2025-03-03,18.86,9916000,Infosys,-0.0134,-0.4296,1.0202,0,Infosys market update,1.0
2025-03-04,18.74,13778200,Infosys,-0.0061,0.3895,1.0189,1,Infosys market update,1.0
2025-03-05,19.08,12466000,Infosys,0.0178,-0.0952,1.0136,0,Infosys market update,1.0
2025-03-06,18.78,11306000,Infosys,-0.0155,-0.0931,1.0178,1,Infosys market update,1.0
2025-03-07,18.89,15923200,Infosys,0.0056,0.4084,1.0185,0,Infosys market update,1.0
2025-03-10,18.49,14185200,Infosys,-0.0211,-0.1091,1.0222,0,Infosys market update,1.0
2025-03-11,18.04,17695000,Infosys,-0.0242,0.2474,1.0207,0,Infosys market update,1.0
2025-03-12,17.59,15292400,Infosys,-0.0248,-0.1358,1.0169,0,Infosys market update,1.0
2025-03-13,17.39,10913500,Infosys,-0.0114,-0.2863,1.0181,1,Infosys market update,1.0
2025-03-14,17.5,7767300,Infosys,0.006,-0.2883,1.011,1,Infosys market update,1.0
2025-03-17,17.66,10044500,Infosys,0.0092,0.2932,1.0169,0,Infosys market update,1.0
2025-03-18,17.54,13070400,Infosys,-0.0065,0.3012,1.0163,1,Infosys market update,1.0
2025-03-19,17.66,9710800,Infosys,0.0065,-0.257,1.0125,0,Infosys market update,1.0
2025-03-20,17.17,19376100,Infosys,-0.0275,0.9953,1.0274,1,Infosys market update,1.0
2025-03-21,17.42,18677600,Infosys,0.0144,-0.036,1.0143,1,Infosys market update,1.0
2025-03-24,17.68,7515800,Infosys,0.0147,-0.5976,1.007,1,Infosys market update,1.0
2025-03-25,17.91,11605900,Infosys,0.0129,0.5442,1.0122,0,Infosys market update,1.0
2025-03-26,17.74,7391100,Infosys,-0.009,-0.3632,1.0102,1,Infosys market update,1.0
2025-03-27,17.75,6249500,Infosys,0.0005,-0.1545,1.0097,0,Infosys market update,1.0
2025-03-28,17.28,7866100,Infosys,-0.0268,0.2587,1.0204,1,Infosys market update,1.0
2025-03-31,17.35,12408200,Infosys,0.0044,0.5774,1.0235,0,Infosys market update,1.0
2025-04-01,17.31,13574900,Infosys,-0.0027,0.094,1.0145,1,Infosys market update,1.0
2025-04-02,17.49,9782300,Infosys,0.0104,-0.2794,1.0171,0,Infosys market update,1.0
2025-04-03,16.5,16271300,Infosys,-0.0566,0.6633,1.0272,0,Infosys market update,1.0
2025-04-04,15.77,19389000,Infosys,-0.0444,0.1916,1.0242,1,Infosys market update,1.0
2025-04-07,15.96,23309900,Infosys,0.0121,0.2022,1.0661,0,Infosys market update,1.0
2025-04-08,15.61,12944700,Infosys,-0.0215,-0.4447,1.0579,1,Infosys market update,1.0
2025-04-09,16.79,20797800,Infosys,0.0755,0.6067,1.1003,0,Infosys market update,1.0
2025-04-10,16.15,25884800,Infosys,-0.0385,0.2446,1.0491,0,Infosys market update,1.0
2025-04-11,16.05,15133500,Infosys,-0.0059,-0.4154,1.0285,1,Infosys market update,1.0
2025-04-14,16.17,20142000,Infosys,0.0077,0.331,1.0172,1,Infosys market update,1.0
2025-04-15,16.19,16826200,Infosys,0.0012,-0.1646,1.0119,0,Infosys market update,1.0
2025-04-16,15.77,21244700,Infosys,-0.0264,0.2626,1.0194,0,Infosys market update,1.0
2025-04-17,15.35,20714100,Infosys,-0.0265,-0.025,1.0398,1,Infosys market update,1.0
2025-04-21,15.77,20614300,Infosys,0.0273,-0.0048,1.0299,1,Infosys market update,1.0
2025-04-22,16.03,10459300,Infosys,0.0169,-0.4926,1.0162,1,Infosys market update,1.0
2025-04-23,16.38,12569300,Infosys,0.0219,0.2017,1.0215,1,Infosys market update,1.0
2025-04-24,16.51,10165700,Infosys,0.0075,-0.1912,1.0122,1,Infosys market update,1.0
2025-04-25,16.55,7574000,Infosys,0.0023,-0.2549,1.0104,0,Infosys market update,1.0
2025-04-28,16.48,7546900,Infosys,-0.004,-0.0036,1.0175,1,Infosys market update,1.0
2025-04-29,16.71,7769600,Infosys,0.0138,0.0295,1.0167,1,Infosys market update,1.0
2025-04-30,16.74,7085500,Infosys,0.0017,-0.088,1.0191,0,Infosys market update,1.0
2025-05-02,17.0,8940500,Infosys,0.0159,0.1532,1.0084,0,Infosys market update,1.0
2025-05-05,16.97,5659500,Infosys,-0.0017,-0.367,1.0078,0,Infosys market update,1.0
2025-05-06,16.9,8333400,Infosys,-0.0045,0.4725,1.0141,0,Infosys market update,1.0
2025-05-07,16.84,5479000,Infosys,-0.0034,-0.3425,1.0074,0,Infosys market update,1.0
2025-05-08,16.63,11433300,Infosys,-0.0124,1.0867,1.0183,0,Infosys market update,1.0
2025-05-12,17.73,16249500,Infosys,0.0663,0.8802,1.0227,0,Infosys market update,1.0
2025-05-13,17.48,8599700,Infosys,-0.0145,-0.4708,1.0099,1,Infosys market update,1.0
2025-05-14,17.55,8648200,Infosys,0.0044,0.0056,1.0082,1,Infosys market update,1.0
2025-05-15,17.8,8079100,Infosys,0.0141,-0.0658,1.0097,0,Infosys market update,1.0
2025-05-16,17.41,12914100,Infosys,-0.0219,0.5985,1.016,1,Infosys market update,1.0
2025-05-19,17.43,9394400,Infosys,0.0011,-0.2725,1.0166,0,Infosys market update,1.0
2025-05-20,17.34,7065500,Infosys,-0.0049,-0.2479,1.0077,0,Infosys market update,1.0
2025-05-21,17.27,7863200,Infosys,-0.0044,0.1129,1.0149,0,Infosys market update,1.0
2025-05-22,17.15,8345000,Infosys,-0.0066,0.0613,1.0185,1,Infosys market update,1.0
2025-05-23,17.22,10086500,Infosys,0.0039,0.2087,1.0145,1,Infosys market update,1.0
2025-05-27,17.58,9014400,Infosys,0.021,-0.1063,1.0131,0,Infosys market update,1.0
2025-05-28,17.46,6625900,Infosys,-0.007,-0.265,1.0071,1,Infosys market update,1.0
2025-05-29,17.55,8526600,Infosys,0.0054,0.2869,1.0109,0,Infosys market update,1.0
2025-05-30,17.54,12638500,Infosys,-0.0007,0.4822,1.0105,0,Infosys market update,1.0
2025-06-03,17.4,11219600,Infosys,-0.0082,0.3238,1.0106,0,Infosys market update,1.0
2025-06-04,17.21,7541700,Infosys,-0.0105,-0.3278,1.0157,1,Infosys market update,1.0
2025-06-05,17.29,9590900,Infosys,0.0045,0.2717,1.0084,1,Infosys market update,1.0
2025-06-06,17.55,6425900,Infosys,0.0151,-0.33,1.0061,1,Infosys market update,1.0
2025-06-09,17.64,5386700,Infosys,0.0049,-0.1617,1.0077,1,Infosys market update,1.0
2025-06-10,17.85,9545800,Infosys,0.012,0.7721,1.0119,1,Infosys market update,1.0
2025-06-11,17.95,15531200,Infosys,0.0054,0.627,1.0177,0,Infosys market update,1.0
2025-06-12,17.9,11362600,Infosys,-0.0027,-0.2684,1.0131,0,Infosys market update,1.0
2025-06-13,17.76,10471900,Infosys,-0.0075,-0.0784,1.0103,1,Infosys market update,1.0
2025-06-16,18.08,9604100,Infosys,0.0179,-0.0829,1.0064,0,Infosys market update,1.0
2025-06-17,18.0,10128900,Infosys,-0.0043,0.0546,1.0102,0,Infosys market update,1.0
2025-06-18,17.77,10915900,Infosys,-0.0129,0.0777,1.0125,0,Infosys market update,1.0
2025-06-20,17.05,37327100,Infosys,-0.0407,2.4195,1.039,1,Infosys market update,1.0
2025-06-23,17.45,15272800,Infosys,0.0238,-0.5908,1.0151,1,Infosys market update,1.0
2025-06-24,17.65,8763700,Infosys,0.011,-0.4262,1.0088,1,Infosys market update,1.0
2025-06-25,17.85,10846500,Infosys,0.0115,0.2377,1.0081,1,Infosys market update,1.0
2025-06-26,17.94,14327700,Infosys,0.0049,0.321,1.0081,0,Infosys market update,1.0
2025-06-27,17.86,13502100,Infosys,-0.0043,-0.0576,1.0136,1,Infosys market update,1.0
2025-06-30,17.87,12743100,Infosys,0.0005,-0.0562,1.0054,1,Infosys market update,1.0
2025-07-01,18.23,15010100,Infosys,0.02,0.1779,1.0226,0,Infosys market update,1.0
2025-07-02,18.21,9428300,Infosys,-0.0011,-0.3719,1.0118,1,Infosys market update,1.0
2025-07-03,18.28,4267300,Infosys,0.0042,-0.5474,1.0064,0,Infosys market update,1.0
2025-07-07,18.15,8790400,Infosys,-0.0074,1.0599,1.0107,1,Infosys market update,1.0
2025-07-08,18.22,10832400,Infosys,0.0037,0.2323,1.0128,0,Infosys market update,1.0
2025-07-09,18.15,13092800,Infosys,-0.0037,0.2087,1.015,0,Infosys market update,1.0
2025-07-10,17.45,27407300,Infosys,-0.0383,1.0933,1.0199,1,Infosys market update,1.0
2025-07-11,17.54,16461200,Infosys,0.005,-0.3994,1.0094,0,Infosys market update,1.0
2025-07-14,17.37,14495200,Infosys,-0.0099,-0.1194,1.0123,1,Infosys market update,1.0
2025-07-15,17.57,14013600,Infosys,0.0117,-0.0332,1.0066,1,Infosys market update,1.0
2025-07-16,17.84,15715300,Infosys,0.0154,0.1214,1.0093,0,Infosys market update,1.0
2025-07-17,17.81,13528000,Infosys,-0.0016,-0.1392,1.0131,0,Infosys market update,1.0
2025-07-18,17.56,9706800,Infosys,-0.0141,-0.2825,1.0132,0,Infosys market update,1.0
2025-07-21,17.54,11469300,Infosys,-0.0011,0.1816,1.0094,1,Infosys market update,1.0
2025-07-22,17.61,18870500,Infosys,0.0038,0.6453,1.011,1,Infosys market update,1.0
2025-07-23,17.79,24739700,Infosys,0.0104,0.311,1.0234,0,Infosys market update,1.0
2025-07-24,17.05,14675700,Infosys,-0.0417,-0.4068,1.0165,0,Infosys market update,1.0
2025-07-25,16.75,19087800,Infosys,-0.0175,0.3006,1.0122,0,Infosys market update,1.0
2025-07-28,16.55,21715200,Infosys,-0.0121,0.1376,1.0164,1,Infosys market update,1.0
2025-07-29,16.6,11563700,Infosys,0.0029,-0.4675,1.0105,0,Infosys market update,1.0
2025-07-30,16.35,13278800,Infosys,-0.0151,0.1483,1.0142,0,Infosys market update,1.0
2025-07-31,16.12,15926400,Infosys,-0.0136,0.1994,1.0186,0,Infosys market update,1.0
2025-08-01,15.82,20078400,Infosys,-0.0185,0.2607,1.0171,1,Infosys market update,1.0
2025-08-04,15.89,18306000,Infosys,0.0043,-0.0883,1.0146,0,Infosys market update,1.0
2025-08-05,15.62,22539900,Infosys,-0.017,0.2313,1.0185,0,Infosys market update,1.0
2025-08-06,15.5,16992500,Infosys,-0.008,-0.2461,1.0138,0,Infosys market update,1.0
2025-08-07,15.45,19616500,Infosys,-0.0031,0.1544,1.0219,0,Infosys market update,1.0
2025-08-08,15.42,13909900,Infosys,-0.0019,-0.2909,1.01,0,Infosys market update,1.0
2025-08-11,15.41,20161800,Infosys,-0.0006,0.4495,1.0157,1,Infosys market update,1.0
2025-08-12,15.5,18403100,Infosys,0.0056,-0.0872,1.0132,1,Infosys market update,1.0
2025-08-13,15.8,27608700,Infosys,0.0193,0.5002,1.0211,0,Infosys market update,1.0
2025-08-14,15.78,18675100,Infosys,-0.0012,-0.3236,1.0186,1,Infosys market update,1.0
2025-08-15,15.97,9000900,Infosys,0.0122,-0.518,1.0159,0,Infosys market update,1.0
2025-08-18,15.82,11116100,Infosys,-0.0091,0.235,1.0105,1,Infosys market update,1.0
2025-08-19,16.01,18923300,Infosys,0.0116,0.7023,1.0134,1,Infosys market update,1.0
2025-08-20,16.4,22949600,Infosys,0.0247,0.2128,1.013,1,Infosys market update,1.0
2025-08-21,16.44,19974100,Infosys,0.0024,-0.1297,1.0101,1,Infosys market update,1.0
2025-08-22,16.72,33953400,Infosys,0.017,0.6999,1.0236,0,Infosys market update,1.0
2025-08-25,16.71,17187400,Infosys,-0.0006,-0.4938,1.0087,0,Infosys market update,1.0
2025-08-26,16.61,14770200,Infosys,-0.0063,-0.1406,1.0117,1,Infosys market update,1.0
2025-08-27,16.74,10264900,Infosys,0.0081,-0.305,1.0134,0,Infosys market update,1.0
2025-08-28,16.39,28336300,Infosys,-0.0207,1.7605,1.0089,0,Infosys market update,1.0
2025-08-29,16.22,17333200,Infosys,-0.0106,-0.3883,1.0144,1,Infosys market update,1.0
2025-09-02,16.29,13503100,Infosys,0.0042,-0.221,1.012,0,Infosys market update,1.0
2025-09-03,16.05,19263600,Infosys,-0.0148,0.4266,1.0212,0,Infosys market update,1.0
2025-09-04,16.0,15167700,Infosys,-0.003,-0.2126,1.0197,0,Infosys market update,1.0
2025-09-05,15.8,23404000,Infosys,-0.0127,0.543,1.0196,1,Infosys market update,1.0
2025-09-08,16.19,25547900,Infosys,0.025,0.0916,1.0188,1,Infosys market update,1.0
2025-09-09,16.4,14879900,Infosys,0.0131,-0.4176,1.0124,0,Infosys market update,1.0
2025-09-10,16.37,17812800,Infosys,-0.0018,0.1971,1.0201,1,Infosys market update,1.0
2025-09-11,16.46,30237600,Infosys,0.0053,0.6975,1.035,0,Infosys market update,1.0
2025-09-12,16.36,12966900,Infosys,-0.0064,-0.5712,1.0101,0,Infosys market update,1.0
2025-09-15,16.32,18852800,Infosys,-0.0024,0.4539,1.0154,1,Infosys market update,1.0
2025-09-16,16.45,17749400,Infosys,0.0083,-0.0585,1.0118,1,Infosys market update,1.0
2025-09-17,17.05,32050800,Infosys,0.0363,0.8057,1.0337,0,Infosys market update,1.0
2025-09-18,16.94,13245800,Infosys,-0.0062,-0.5867,1.0092,0,Infosys market update,1.0
2025-09-19,16.36,54720200,Infosys,-0.0341,3.1311,1.0844,1,Infosys market update,1.0
2025-09-22,16.54,14994200,Infosys,0.0106,-0.726,1.0232,0,Infosys market update,1.0
2025-09-23,16.28,11524400,Infosys,-0.0157,-0.2314,1.0154,1,Infosys market update,1.0
2025-09-24,16.42,17049600,Infosys,0.0089,0.4794,1.0131,0,Infosys market update,1.0
2025-09-25,15.95,17831200,Infosys,-0.0288,0.0458,1.0224,0,Infosys market update,1.0
2025-09-26,15.93,19463500,Infosys,-0.0012,0.0915,1.0147,0,Infosys market update,1.0
2025-09-29,15.74,19370300,Infosys,-0.0121,-0.0048,1.016,0,Infosys market update,1.0
2025-09-30,15.69,13331200,Infosys,-0.0031,-0.3118,1.0142,1,Infosys market update,1.0
2025-10-01,15.79,15899200,Infosys,0.0061,0.1926,1.0117,0,Infosys market update,1.0
2025-10-02,15.57,13738800,Infosys,-0.0134,-0.1359,1.025,1,Infosys market update,1.0
2025-10-03,15.65,15110100,Infosys,0.005,0.0998,1.0112,1,Infosys market update,1.0
2025-10-06,16.09,21090500,Infosys,0.0283,0.3958,1.0201,0,Infosys market update,1.0
2025-10-07,15.81,15178500,Infosys,-0.018,-0.2803,1.0129,1,Infosys market update,1.0
2025-10-08,16.14,13231300,Infosys,0.0214,-0.1283,1.0121,1,Infosys market update,1.0
2025-10-09,16.45,21105900,Infosys,0.0191,0.5951,1.0178,0,Infosys market update,1.0
2025-10-10,15.99,15132700,Infosys,-0.0281,-0.283,1.0296,1,Infosys market update,1.0
2025-10-13,16.18,9959800,Infosys,0.0121,-0.3418,1.0132,0,Infosys market update,1.0
2025-10-14,15.89,19181600,Infosys,-0.0179,0.9259,1.0177,0,Infosys market update,1.0
2025-10-15,15.85,23613300,Infosys,-0.0024,0.231,1.014,0,Infosys market update,1.0
2025-10-16,15.5,30758900,Infosys,-0.0225,0.3026,1.0297,1,Infosys market update,1.0
2025-10-17,15.75,12874600,Infosys,0.0162,-0.5814,1.0155,1,Infosys market update,1.0
2025-10-20,16.31,19872900,Infosys,0.0355,0.5436,1.0349,1,Infosys market update,1.0
2025-10-21,16.79,24526800,Infosys,0.0296,0.2342,1.0413,1,Infosys market update,1.0
2025-10-22,16.85,23013100,Infosys,0.0034,-0.0617,1.0109,1,Infosys market update,1.0
2025-10-23,16.9,14138800,Infosys,0.0034,-0.3856,1.0173,0,Infosys market update,1.0
2025-10-24,16.86,8492500,Infosys,-0.0029,-0.3993,1.0103,0,Infosys market update,1.0
2025-10-27,16.68,11499700,Infosys,-0.0105,0.3541,1.0225,0,Infosys market update,1.0
2025-10-28,16.53,15833300,Infosys,-0.0088,0.3768,1.013,0,Infosys market update,1.0
2025-10-29,16.52,13848200,Infosys,-0.0006,-0.1254,1.0244,0,Infosys market update,1.0
2025-10-30,16.29,14127400,Infosys,-0.0142,0.0202,1.0133,0,Infosys market update,1.0
2025-10-31,16.22,13459400,Infosys,-0.0042,-0.0473,1.0152,0,Infosys market update,1.0
2025-11-03,16.06,12273800,Infosys,-0.0097,-0.0881,1.0202,0,Infosys market update,1.0
2025-11-04,15.96,10752700,Infosys,-0.0067,-0.1239,1.008,1,Infosys market update,1.0
2025-11-05,16.07,9322900,Infosys,0.0074,-0.133,1.011,0,Infosys market update,1.0
2025-11-06,15.84,10341600,Infosys,-0.0146,0.1093,1.0173,1,Infosys market update,1.0
2025-11-07,16.15,8094500,Infosys,0.0198,-0.2173,1.0148,1,Infosys market update,1.0
2025-11-10,16.41,9889900,Infosys,0.0158,0.2218,1.0162,1,Infosys market update,1.0
2025-11-11,16.65,9370300,Infosys,0.0149,-0.0525,1.0124,1,Infosys market update,1.0
2025-11-12,16.73,10919500,Infosys,0.0047,0.1653,1.0135,0,Infosys market update,1.0
2025-11-13,16.6,10304900,Infosys,-0.0076,-0.0563,1.013,0,Infosys market update,1.0
2025-11-14,16.3,11248600,Infosys,-0.0183,0.0916,1.0097,1,Infosys market update,1.0
2025-11-17,16.42,10426600,Infosys,0.0072,-0.0731,1.0138,1,Infosys market update,1.0
2025-11-18,16.59,14371300,Infosys,0.0107,0.3783,1.0229,1,Infosys market update,1.0
2025-11-19,16.94,7807700,Infosys,0.0212,-0.4567,1.0081,0,Infosys market update,1.0
2025-11-20,16.77,12455000,Infosys,-0.0104,0.5952,1.0165,1,Infosys market update,1.0
2025-11-21,17.33,16657000,Infosys,0.0333,0.3374,1.0386,0,Infosys market update,1.0
2025-11-24,16.9,12775000,Infosys,-0.0243,-0.2331,1.0185,1,Infosys market update,1.0
2025-11-25,16.91,10433200,Infosys,0.0006,-0.1833,1.0164,1,Infosys market update,1.0
2025-11-26,17.05,8260000,Infosys,0.0081,-0.2083,1.0202,1,Infosys market update,1.0
2025-11-28,17.11,3688900,Infosys,0.0034,-0.5534,1.0115,0,Infosys market update,1.0
2025-12-01,17.08,5508400,Infosys,-0.0017,0.4932,1.0103,0,Infosys market update,1.0
2025-12-02,17.04,6642800,Infosys,-0.0023,0.2059,1.0098,1,Infosys market update,1.0
2025-12-03,17.29,7412700,Infosys,0.0144,0.1159,1.012,1,Infosys market update,1.0
2025-12-04,17.9,18299700,Infosys,0.0357,1.4687,1.0298,0,Infosys market update,1.0
2025-12-05,17.69,9198300,Infosys,-0.012,-0.4974,1.0111,0,Infosys market update,1.0
2025-12-08,17.35,7209500,Infosys,-0.0194,-0.2162,1.0209,1,Infosys market update,1.0
2025-12-09,17.37,16529000,Infosys,0.0017,1.2927,1.0164,1,Infosys market update,1.0
2025-12-10,17.69,10143600,Infosys,0.018,-0.3863,1.0289,0,Infosys market update,1.0
2025-12-11,17.42,12986500,Infosys,-0.0149,0.2803,1.0124,0,Infosys market update,1.0
2025-12-12,17.4,7955900,Infosys,-0.0011,-0.3874,1.013,0,Infosys market update,1.0
2025-12-16,17.39,14058800,Infosys,-0.0006,0.7375,1.0125,1,Infosys market update,1.0
2025-12-17,17.83,15974900,Infosys,0.0253,0.1363,1.0229,1,Infosys market update,1.0
2025-12-18,18.77,29526500,Infosys,0.0527,0.8483,1.0604,1,Infosys market update,1.0
2025-12-19,19.79,118705800,Infosys,0.0542,3.0203,1.5798,0,Infosys market update,1.0
2025-12-22,18.75,23938800,Infosys,-0.0524,-0.7983,1.0543,0,Infosys market update,1.0
2025-12-23,18.18,13291700,Infosys,-0.0308,-0.4448,1.0287,1,Infosys market update,1.0
2025-12-24,18.27,13262500,Infosys,0.0054,-0.0022,1.0152,1,Infosys market update,1.0
2025-12-26,18.39,6204000,Infosys,0.0064,-0.5322,1.0167,0,Infosys market update,1.0
2025-12-29,18.04,6075600,Infosys,-0.0192,-0.0207,1.0153,0,Infosys market update,1.0
2025-12-30,17.66,6867400,Infosys,-0.0212,0.1303,1.0194,0,Infosys market update,1.0
2025-12-31,17.44,4524100,Infosys,-0.0122,-0.3412,1.018,1,Infosys market update,1.0
2026-01-02,17.77,8327700,Infosys,0.0185,0.8407,1.0161,0,Infosys market update,1.0
2026-01-05,17.31,16098800,Infosys,-0.0259,0.9332,1.0243,1,Infosys market update,1.0
2026-01-06,17.72,11906900,Infosys,0.0238,-0.2604,1.0219,1,Infosys market update,1.0
2026-01-07,17.84,8960000,Infosys,0.0072,-0.2475,1.0209,0,Infosys market update,1.0
2026-01-08,17.66,7461600,Infosys,-0.0104,-0.1672,1.0145,0,Infosys market update,1.0
2026-01-09,17.45,6356300,Infosys,-0.0116,-0.1481,1.0226,0,Infosys market update,1.0
2026-01-12,17.42,12811600,Infosys,-0.0017,1.0156,1.0165,0,Infosys market update,1.0
2026-01-13,17.15,19913500,Infosys,-0.0157,0.5543,1.0195,1,Infosys market update,1.0
2026-01-14,18.94,37606900,Infosys,0.1045,0.8885,1.0764,0,Infosys market update,1.0
2026-01-15,18.42,19077800,Infosys,-0.0274,-0.4927,1.0324,0,Infosys market update,1.0
2026-01-16,18.24,12792700,Infosys,-0.0101,-0.3294,1.0178,0,Infosys market update,1.0
2026-01-20,17.82,8885400,Infosys,-0.0225,-0.3054,1.0198,1,Infosys market update,1.0
2026-01-21,17.92,9311900,Infosys,0.0055,0.048,1.0211,0,Infosys market update,1.0
2026-01-22,17.9,7346300,Infosys,-0.0011,-0.2111,1.0176,0,Infosys market update,1.0
2026-01-23,17.85,4347600,Infosys,-0.0027,-0.4082,1.0149,1,Infosys market update,1.0
2026-01-26,18.16,5162400,Infosys,0.017,0.1874,1.0258,0,Infosys market update,1.0
2026-01-27,17.86,7960200,Infosys,-0.0162,0.542,1.0314,0,Infosys market update,1.0
2026-01-28,17.55,8729200,Infosys,-0.0175,0.0966,1.0179,0,Infosys market update,1.0
2026-01-29,17.37,15133900,Infosys,-0.01,0.7337,1.03,0,Infosys market update,1.0
2026-01-30,17.21,17190500,Infosys,-0.0096,0.1359,1.0143,1,Infosys market update,1.0
2026-02-02,17.95,14203800,Infosys,0.0432,-0.1737,1.0449,0,Infosys market update,1.0
2026-02-03,16.95,29449200,Infosys,-0.0556,1.0733,1.0617,0,Infosys market update,1.0
2026-02-04,16.39,32385600,Infosys,-0.0335,0.0997,1.0437,1,Infosys market update,1.0
2026-02-05,16.44,13642800,Infosys,0.0036,-0.5787,1.0267,1,Infosys market update,1.0
2026-02-06,16.48,14622500,Infosys,0.0024,0.0718,1.023,0,Infosys market update,1.0
2026-02-09,15.96,10278200,Infosys,-0.0315,-0.2971,1.0228,1,Infosys market update,1.0
2026-02-10,16.26,9978100,Infosys,0.0184,-0.0292,1.0182,0,Infosys market update,1.0
2026-02-11,15.43,12472900,Infosys,-0.0512,0.25,1.0305,0,Infosys market update,1.0
2026-02-12,13.91,32387500,Infosys,-0.0984,1.5966,1.0761,1,Infosys market update,1.0
2026-02-13,14.41,19838300,Infosys,0.0359,-0.3875,1.0318,1,Infosys market update,1.0
2026-02-17,14.44,23069500,Infosys,0.002,0.1629,1.0453,1,Infosys market update,1.0
2026-02-18,14.73,14666600,Infosys,0.0203,-0.3642,1.0307,0,Infosys market update,1.0
2026-02-19,14.24,18068200,Infosys,-0.0332,0.2319,1.0285,1,Infosys market update,1.0
2026-02-20,14.34,15845900,Infosys,0.0069,-0.123,1.0219,0,Infosys market update,1.0
2026-02-23,13.62,23772100,Infosys,-0.0505,0.5002,1.0436,0,Infosys market update,1.0
2026-02-24,13.55,25141200,Infosys,-0.005,0.0576,1.0366,1,Infosys market update,1.0
2026-02-25,13.94,28804500,Infosys,0.0289,0.1457,1.0468,1,Infosys market update,1.0
2026-02-26,14.39,19283300,Infosys,0.0323,-0.3305,1.0365,0,Infosys market update,1.0
2026-02-27,14.13,16921500,Infosys,-0.0177,-0.1225,1.0322,0,Infosys market update,1.0
2026-03-02,13.89,10539300,Infosys,-0.0173,-0.3772,1.025,1,Infosys market update,1.0
2026-03-03,13.92,11463100,Infosys,0.0021,0.0877,1.0325,1,Infosys market update,1.0
2026-03-04,14.03,20009500,Infosys,0.0077,0.7456,1.0233,1,Infosys market update,1.0
2026-03-05,14.1,14782300,Infosys,0.0049,-0.2612,1.0254,1,Infosys market update,1.0
2026-03-06,14.13,15217400,Infosys,0.0028,0.0294,1.0327,0,Infosys market update,1.0
2026-03-09,14.11,14572800,Infosys,-0.0014,-0.0424,1.0219,0,Infosys market update,1.0
2026-03-10,13.74,17286900,Infosys,-0.0264,0.1862,1.0376,0,Infosys market update,1.0
2026-03-11,13.58,15353300,Infosys,-0.0121,-0.1119,1.0346,0,Infosys market update,1.0
2026-03-12,13.16,16372600,Infosys,-0.031,0.0664,1.0335,0,Infosys market update,1.0
2026-03-13,12.99,10456500,Infosys,-0.0126,-0.3613,1.0279,0,Infosys market update,1.0
2026-03-16,12.98,22523200,Infosys,-0.0008,1.154,1.0167,0,Infosys market update,1.0
2026-03-17,12.92,22008800,Infosys,-0.0045,-0.0228,1.0176,0,Infosys market update,1.0
2026-03-18,12.65,25447600,Infosys,-0.0212,0.1562,1.0559,1,Infosys market update,1.0
2026-03-19,12.77,24317200,Infosys,0.0101,-0.0444,1.0461,1,Infosys market update,1.0
2026-03-20,12.84,100979500,Infosys,0.0054,3.1526,1.0207,1,Infosys market update,1.0
2026-03-23,13.02,15983100,Infosys,0.0137,-0.8417,1.0203,0,Infosys market update,1.0
2026-03-24,12.8,11069900,Infosys,-0.0165,-0.3074,1.0253,1,Infosys market update,1.0
2026-03-25,12.89,11348100,Infosys,0.0069,0.0251,1.048,0,Infosys market update,1.0
2026-03-26,12.88,8750500,Infosys,-0.0008,-0.2289,1.0214,0,Infosys market update,1.0
2026-03-27,12.56,11866900,Infosys,-0.0251,0.3561,1.0322,1,Infosys market update,1.0
2026-03-30,12.97,10980700,Infosys,0.0327,-0.0747,1.0287,1,Infosys market update,1.0
2026-03-31,13.22,16621100,Infosys,0.0196,0.5137,1.0371,0,Infosys market update,1.0
2026-04-01,13.02,14046400,Infosys,-0.0155,-0.1549,1.0325,1,Infosys market update,1.0
2026-04-02,13.45,11172000,Infosys,0.0331,-0.2046,1.0368,0,Infosys market update,1.0
2026-04-06,13.41,9093000,Infosys,-0.0029,-0.1861,1.0147,1,Infosys market update,1.0
2026-04-07,13.66,17202300,Infosys,0.019,0.8918,1.0181,1,Infosys market update,1.0
2026-04-08,13.7,13072700,Infosys,0.0029,-0.2401,1.0367,0,Infosys market update,1.0
2026-04-09,13.47,21081000,Infosys,-0.0171,0.6126,1.0355,0,Infosys market update,1.0
2026-04-10,13.01,19339800,Infosys,-0.0342,-0.0826,1.0362,1,Infosys market update,1.0
2026-04-13,13.67,15023700,Infosys,0.0512,-0.2232,1.0558,0,Infosys market update,1.0
2026-04-14,13.65,14719900,Infosys,-0.0021,-0.0202,1.0296,1,Infosys market update,1.0
2026-04-15,14.01,16260500,Infosys,0.0265,0.1047,1.036,1,Infosys market update,1.0
2026-04-16,14.08,16461800,Infosys,0.0049,0.0124,1.0183,1,Infosys market update,1.0
2026-04-17,14.15,14210800,Infosys,0.0056,-0.1367,1.0201,0,Infosys market update,1.0
2026-04-20,13.91,13034400,Infosys,-0.0173,-0.0828,1.017,0,Infosys market update,1.0
2026-04-21,13.77,19462600,Infosys,-0.0099,0.4932,1.0201,0,Infosys market update,1.0
2026-04-22,13.19,21799500,Infosys,-0.0419,0.1201,1.0335,0,Infosys market update,1.0
2026-04-23,12.67,33431700,Infosys,-0.0401,0.5336,1.0359,0,Infosys market update,1.0
2026-04-24,12.59,22912100,Infosys,-0.0062,-0.3147,1.0379,0,Infosys market update,1.0
2026-04-27,12.02,20410400,Infosys,-0.0451,-0.1092,1.0474,0,Infosys market update,1.0
2026-04-28,11.99,18627200,Infosys,-0.0024,-0.0874,1.023,1,Infosys market update,1.0
2026-04-29,12.08,14906600,Infosys,0.0073,-0.1997,1.0246,1,Infosys market update,1.0
2026-04-30,12.2,13167800,Infosys,0.0097,-0.1166,1.0245,1,Infosys market update,1.0
2026-05-01,12.22,8389800,Infosys,0.0016,-0.3629,1.0202,0,Infosys market update,1.0
2026-05-04,11.98,11735400,Infosys,-0.0192,0.3988,1.0238,1,Infosys market update,1.0
2026-05-05,12.2,10423300,Infosys,0.018,-0.1118,1.0288,1,Infosys market update,1.0
2026-05-06,12.37,16179400,Infosys,0.0144,0.5522,1.0284,0,Infosys market update,1.0
2026-05-07,12.3,11742600,Infosys,-0.0055,-0.2742,1.0217,1,Infosys market update,1.0
2026-05-08,12.56,12856600,Infosys,0.0207,0.0949,1.0372,0,Infosys market update,1.0
2026-05-11,12.04,11768600,Infosys,-0.0413,-0.0846,1.0352,0,Infosys market update,1.0
2026-05-12,11.8,10114300,Infosys,-0.0203,-0.1406,1.0252,0,Infosys market update,1.0
2026-05-13,11.61,12549500,Infosys,-0.0158,0.2408,1.024,0,Infosys market update,1.0
2026-05-14,11.41,11782300,Infosys,-0.0169,-0.0611,1.026,1,Infosys market update,1.0
2026-05-15,11.81,18788100,Infosys,0.0352,0.5946,1.0323,1,Infosys market update,1.0
2026-05-18,12.32,22950900,Infosys,0.0431,0.2216,1.0593,1,Infosys market update,1.0
2026-05-19,12.45,22702700,Infosys,0.0103,-0.0108,1.0591,1,Infosys market update,1.0
2026-05-20,12.5,28776000,Infosys,0.0039,0.2675,1.039,0,Infosys market update,1.0
2026-05-21,12.37,17329800,Infosys,-0.0102,-0.3978,1.0368,1,Infosys market update,1.0
2026-05-22,12.4,19027200,Infosys,0.0024,0.0979,1.0223,0,Infosys market update,1.0
2026-05-26,11.82,22361400,Infosys,-0.0466,0.1752,1.0465,1,Infosys market update,1.0
2026-05-27,12.13,15036500,Infosys,0.0257,-0.3276,1.0306,1,Infosys market update,1.0
2026-05-28,12.43,33405700,Infosys,0.025,1.2216,1.045,0,Infosys market update,1.0
2026-05-29,12.38,27699800,Infosys,-0.0039,-0.1708,1.0324,1,Infosys market update,1.0
2026-06-01,13.13,34182100,Infosys,0.0601,0.234,1.066,0,Infosys market update,1.0
2026-06-02,12.8,23013900,Infosys,-0.0246,-0.3267,1.042,0,Infosys market update,1.0
2026-06-03,12.2,17725700,Infosys,-0.0474,-0.2298,1.0429,1,Infosys market update,1.0
2026-06-04,12.3,14882500,Infosys,0.0088,-0.1604,1.0255,0,Infosys market update,1.0
2026-06-05,12.14,8239600,Infosys,-0.0135,-0.4464,1.0347,0,Infosys market update,1.0
2026-06-08,12.02,12375000,Infosys,-0.0097,0.5019,1.0272,0,Infosys market update,1.0
2026-06-09,11.98,10546600,Infosys,-0.0033,-0.1477,1.0323,0,Infosys market update,1.0
2026-06-10,11.76,11298600,Infosys,-0.0184,0.0713,1.0367,0,Infosys market update,1.0
2026-06-11,11.6,10272500,Infosys,-0.0136,-0.0908,1.0315,1,Infosys market update,1.0
2026-06-12,11.74,7443300,Infosys,0.0121,-0.2754,1.0215,0,Infosys market update,1.0
2026-06-15,11.6,15029000,Infosys,-0.0119,1.0191,1.0478,1,Infosys market update,1.0
2026-06-16,11.97,17804800,Infosys,0.0319,0.1847,1.0228,0,Infosys market update,1.0
2026-06-17,11.7,32500100,Infosys,-0.0226,0.8254,1.0325,0,Infosys market update,1.0
2026-06-18,10.57,63561800,Infosys,-0.0966,0.9557,1.0631,1,Infosys market update,1.0
2026-06-22,10.77,33480500,Infosys,0.0189,-0.4733,1.0444,1,Infosys market update,1.0
2026-06-23,10.79,34590100,Infosys,0.0019,0.0331,1.0232,1,Infosys market update,1.0
2026-06-24,10.93,22637100,Infosys,0.013,-0.3456,1.0203,0,"Companies should focus on business growth , profitability rather than just share price : NSE chief | NSE CEO Ashishkumar Chauhan Stock Market Tips | कंपन्यांनी केवळ समभागांच्या किमतींमागे धावू नये , एनएसईचे आशिषकुमार चौहान यांचे प्रतिपादन",2.0
2026-06-25,10.57,28691300,Infosys,-0.0329,0.2674,1.0398,1,"Companies should focus on business growth , profitability rather than just share price : NSE chief | NSE CEO Ashishkumar Chauhan Stock Market Tips | कंपन्यांनी केवळ समभागांच्या किमतींमागे धावू नये , एनएसईचे आशिषकुमार चौहान यांचे प्रतिपादन",2.0
2026-06-26,10.78,17504500,Infosys,0.0199,-0.3899,1.0227,0,"Companies should focus on business growth , profitability rather than just share price : NSE chief | NSE CEO Ashishkumar Chauhan Stock Market Tips | कंपन्यांनी केवळ समभागांच्या किमतींमागे धावू नये , एनएसईचे आशिषकुमार चौहान यांचे प्रतिपादन",2.0
2026-06-29,10.7,17432700,Infosys,-0.0074,-0.0041,1.0292,0,"शेयर बाजारों में गिरावट , सेंसेक्स 372 अंक टूटा | Stock Market Highlights , Jun 29 : Sensex falls 372 pts to settle at 76 , 728 , Nifty closes below 24 , 000 ; Kotak Bank , M & M top losers | China , India see large companies lose market cap share , hinting at lag in AI race | Indian markets open flat as investors track US - Iran developments | Indian Markets Flat on US - Iran Developments | Sensex Today | Stock Market Live : Sensex , Nifty trade flat ; FMCG , metal , pharma gain | Sensex , Nifty trade flat ; Dr Reddy tops gainers , Kotak Bank leads losses | Raja Venkatraman recommends three stocks for 29 June | India , China see top firms lose market cap share in AI lag | Stock Market Today Live , June 29 : Sensex , Nifty set for flat - to - negative opening ; volatility likely ahead of F & O expiry | China , India see top firms lose market cap share in AI lag",11.0
2026-06-30,10.49,18011400,Infosys,-0.0196,0.0332,1.0203,1,"Indian Stock Market Declines : IT Shares , Monsoon Concerns Weigh on Sensex , Nifty | Indian equity benchmarks open higher amid mixed global cues | Stock markets decline for second day as IT shares lead losses | Sensex Falls 249 Points , Nifty Slips 80 As IT Stocks Drag Markets Ahead Of Key US - Iran Talks | IT stocks : TCS , Infosys , Persistent , Zensar Tech hit 52 week lows ; decoding the crash | Indian Equity Markets Open Higher on Mixed Global Cues | Indian equity benchmarks open higher amid mixed global cues | Sensex rises over 200 points , Nifty above 24 , 000 ; Maruti Suzuki shares jump 3 % ",8.0
2026-07-01,10.65,28803500,Infosys,0.0153,0.5992,1.0345,1,"Indian Stock Market Declines : IT Shares , Monsoon Concerns Weigh on Sensex , Nifty | Indian equity benchmarks open higher amid mixed global cues | Stock markets decline for second day as IT shares lead losses | Sensex Falls 249 Points , Nifty Slips 80 As IT Stocks Drag Markets Ahead Of Key US - Iran Talks | IT stocks : TCS , Infosys , Persistent , Zensar Tech hit 52 week lows ; decoding the crash | Indian Equity Markets Open Higher on Mixed Global Cues | Indian equity benchmarks open higher amid mixed global cues | Sensex rises over 200 points , Nifty above 24 , 000 ; Maruti Suzuki shares jump 3 % ",8.0
2026-07-02,11.16,20504600,Infosys,0.0479,-0.2881,1.0313,0,"Indian Stock Market Declines : IT Shares , Monsoon Concerns Weigh on Sensex , Nifty | Indian equity benchmarks open higher amid mixed global cues | Stock markets decline for second day as IT shares lead losses | Sensex Falls 249 Points , Nifty Slips 80 As IT Stocks Drag Markets Ahead Of Key US - Iran Talks | IT stocks : TCS , Infosys , Persistent , Zensar Tech hit 52 week lows ; decoding the crash | Indian Equity Markets Open Higher on Mixed Global Cues | Indian equity benchmarks open higher amid mixed global cues | Sensex rises over 200 points , Nifty above 24 , 000 ; Maruti Suzuki shares jump 3 % ",8.0
2026-07-06,10.88,17356200,Infosys,-0.0251,-0.1535,1.0222,1,"  Ignored every stop los : Man claims he lost Rs 57 lakh due to recent rout in TCS , Infosys shares ; seeks help from internet | FII stake in India 10 biggest stocks hits 20 - year low . Time to go against the crowd ?  | इंफोसिस में 1 , 040 रुपये पर खरीदने वाले निवेशक क्या करें ? एक्सपर्ट ने दी वेट एंड वॉच की सलाह | Indian equities open higher amid monsoon revival , FII inflows | Navi eyes Rs 3 , 000 - crore IPO ; inside IT CEO pay | Corporate trust in AI declines - The HinduBusinessLine | इंफोसिस में 1 , 040 रुपये पर खरीदने वाले निवेशक क्या करें ? एक्सपर्ट ने दी वेट एंड वॉच की सलाह",7.0
2026-07-07,11.27,18506800,Infosys,0.0358,0.0663,1.0223,0,"দরপতনের শীর্ষে ইন্টারন্যাশনাল লিজিং | इंफोसिस में 1 , 040 रुपये पर खरीदने वाले निवेशक क्या करें ? एक्सपर्ट ने दी वेट एंड वॉच की सलाह | Sensex , Nifty End Lower as Profit Booking Snaps Four - Day Rally | Stock Market Highlights for July 7 : Sensex drops 104 pts , Nifty closes at 24 , 399 ending 4 - day gaining streak | ঢাকা স্টক এক্সচেঞ্জ পিএলসি আজকের শেয়ারবাজার | Stock Market Today : सेंसेक्स - निफ्टी में तेजी के साथ कारोबार शुरू , रुपया 15 पैसे चढ़कर 95 . 28 प्रति डॉलर पर | IT stocks power Nifty ; Trent crashes 12 % as midday trade holds gains | TCS , Infosys and other Indian IT stocks rise up to 4 % after AI worries trigger Kospi selloff | IT stocks are beginning to offer bank FD - like dividend yields . But is that a trap for investors ? ",9.0
2026-07-08,10.93,44311900,Infosys,-0.0302,1.3944,1.034,1,"BT Opening Bell | Sensex , Nifty open lower as crude rises on renewed US Iran attacks | Infosys to PFC - Jay Thakkar suggests 3 stocks to buy or sell for short - term in F & O segment | Top stocks to buy today : Stock recommendations for July 8 , 2026 - check list | Sensex , Nifty Snap Four - Day Rally on Profit Booking ; IT Stocks Limit Losses | Stock recommendations for 8 July from MarketSmith India",5.0
2026-07-09,11.13,12176700,Infosys,0.0183,-0.7252,1.0489,0,"स्थानीय शेयर बाजार में तेजी लौटी , सेंसेक्स 238 अंक चढ़ा - Naya India - Hindi News , Latest Hindi News , Breaking News , Hindi Samachar | Closing Bell : Nifty Rebounds to 23 , 962 as Realty Surges and Morgan Stanley Turns Bullish on India | Market Outlook : बढ़त के साथ बंद हुए सेंसेक्स - निफ्टी , जानिए 10 जुलाई को कैसी रह सकती है बाजार की चाल | লেনদেনের শীর্ষে ইস্টার্ন হাউজিং | Indian Stock Markets Rebound : Sensex , Nifty Gain Amid Global Cues , FII Inflows | Stock Market Highlights , July 9 : Sensex ends 238 points higher ; Nifty closes above 23 , 950 | Sensex jumps over 300 points , Nifty nears 24 , 000 as Indian markets rebound despite spike in crude oil prices | Sensex jumps over 300 points , Nifty nears 24 , 000 as Indian markets rebound despite spike in crude oil prices | Sensex jumps over 300 points , Nifty nears 24 , 000 as Indian markets rebound despite spike in crude oil prices | Sensex jumps over 300 points , Nifty nears 24 , 000 as Indian markets rebound despite spike in crude oil prices | Sensex jumps over 300 points , Nifty nears 24 , 000 as Indian markets rebound despite spike in crude oil prices | Sensex jumps over 300 points , Nifty nears 24 , 000 as Indian markets rebound despite spike in crude oil prices | Sensex jumps over 300 points , Nifty nears 24 , 000 as Indian markets rebound despite spike in crude oil prices | Sensex jumps over 300 points , Nifty nears 24 , 000 as Indian markets rebound despite spike in crude oil prices | How to trade TCS shares before Q1 results ? Key levels and 5 things to watch out for | Sensex jumps over 300 points , Nifty nears 24 , 000 as Indian markets rebound despite spike in crude oil prices | शेयर बाजार में लौटी रौनक , अब अमेरिकी सेना का बयान बना तेजी का कारण , Nifty 24000 के पार - nifty sensex rises four key factors behind market gain | Sensex jumps over 300 points , Nifty nears 24 , 000 as Indian markets rebound despite spike in crude oil prices | Sensex jumps over 300 points , Nifty nears 24 , 000 as Indian markets rebound despite spike in crude oil prices | Sensex jumps over 300 points , Nifty nears 24 , 000 as Indian markets rebound despite spike in crude oil prices | Stock market today : BSE Sensex rebounds nearly 500 points ; Nifty50 reclaims 24 , 000 in early trade | Share Market Opening : भारी गिरावट के एक दिन बाद शेयर बाजार में तेजी , सेंसेक्स 500 अंक उछला , जान लीजिए वजह | Sensex rises over 550 points , Nifty reclaims 24 , 000 in a sharp rebound . What lies ahead ?  | TCS shares dip 2 % ahead of Q1 earnings today . What can shareholders expect ? ",24.0
2026-07-10,10.94,15888000,Infosys,-0.0171,0.3048,1.0321,0,"Global stocks rise on Friday , ending the week on a quiet note | Asian Markets Wrap | China dips , India gains with South Korea and Japan | Closing Bell : Sensex Surges Over 825 Points , Nifty Reclaims 24 , 200 as TCS - Led IT Rally , Lower Crude Prices and Positive Global Cues Lift Markets | TCS shares close 1 % higher after Q1 earnings beat ; valuation zooms ₹7 , 706 cr | Markets rally for 2nd day ; Sensex jumps over 800 points | Why Are IT Stocks Rising Today ? TCS Earnings , Global Tech Rally Lift Sensex , Nifty | IT शेअर्सच्या जोरावर शेअर बाजारात मोठी तेजी ; अवघ्या काही मिनिटांत गुंतवणूकदारांची ₹४ . ५९ लाख कोटींची कमाई ...  | Indian Stock Market Surges : Sensex Jumps 700 Points on IT Sector Rally , TCS Q1 Results | Sensex Today | Stock Market Live : Sensex up 700 pts , Nifty above 24 , 150 ; Dixon , Cupid , TCS , Kalyan Jeweller most active | Sensex surges 653 points , Nifty above 24 , 100 amid positive global cues , TCS jumps 4 % | Markets | शेयर बाजार में तेजी , सेंसेक्स 830 अंक चढ़ा , निफ्टी 24 , 200 के पार - domestic markets rally in early trade bse climbs 830 points | Markets surge in early trade on buying in IT stocks ; Sensex jumps nearly 700 points | Share Market Today : बाजार में उछाल , सेंसेक्स 700 अंक चढ़ा ; रुपया भी मजबूत होकर 95 . 32 प्रति डॉलर पर | Stock Market Today : IT शेयरों के दम पर बाजार गुलजार , सेंसेक्स 810 अंक ऊपर , निफ्टी का दोहरा शतक",14.0
2023-01-04,2.25,4664800,Wipro,-0.0042,-0.284,1.0151,0,Wipro market update,1.0
2023-01-05,2.2,3960800,Wipro,-0.0192,-0.1509,1.0131,1,Wipro market update,1.0
2023-01-06,2.23,5946800,Wipro,0.013,0.5014,1.0264,1,Wipro market update,1.0
2023-01-09,2.27,4404200,Wipro,0.0172,-0.2594,1.0127,0,Wipro market update,1.0
2023-01-10,2.26,4722000,Wipro,-0.0021,0.0722,1.0127,1,Wipro market update,1.0
2023-01-11,2.29,5598200,Wipro,0.0127,0.1856,1.0126,1,Wipro market update,1.0
2023-01-12,2.32,4840800,Wipro,0.0104,-0.1353,1.0167,0,Wipro market update,1.0
2023-01-13,2.29,3942000,Wipro,-0.0103,-0.1857,1.0168,1,Wipro market update,1.0
2023-01-17,2.34,11383600,Wipro,0.0209,1.8878,1.0209,1,Wipro market update,1.0
2023-01-18,2.38,10741600,Wipro,0.0164,-0.0564,1.0141,1,Wipro market update,1.0
2023-01-19,2.4,7023000,Wipro,0.0101,-0.3462,1.0162,0,Wipro market update,1.0
2023-01-20,2.39,8705200,Wipro,-0.004,0.2395,1.01,0,Wipro market update,1.0
2023-01-23,2.39,6877600,Wipro,-0.002,-0.2099,1.008,1,Wipro market update,1.0
2023-01-24,2.39,8122200,Wipro,0.0004,0.181,1.0142,0,Wipro market update,1.0
2023-01-25,2.36,6554000,Wipro,-0.012,-0.1931,1.0144,1,Wipro market update,1.0
2023-01-26,2.38,8046800,Wipro,0.0061,0.2278,1.0164,0,Wipro market update,1.0
2023-01-27,2.35,3674400,Wipro,-0.0101,-0.5434,1.0103,1,Wipro market update,1.0
2023-01-30,2.37,7615000,Wipro,0.0061,1.0724,1.0102,0,Wipro market update,1.0
2023-01-31,2.35,6168600,Wipro,-0.0081,-0.1899,1.0103,1,Wipro market update,1.0
2023-02-01,2.36,5721600,Wipro,0.0061,-0.0725,1.0228,1,Wipro market update,1.0
2023-02-02,2.44,6961200,Wipro,0.0346,0.2167,1.0241,0,Wipro market update,1.0
2023-02-03,2.39,4406600,Wipro,-0.0196,-0.367,1.0101,0,Wipro market update,1.0
2023-02-06,2.33,3873400,Wipro,-0.0261,-0.121,1.0144,0,Wipro market update,1.0
2023-02-08,2.35,2839200,Wipro,0.0082,-0.1878,1.0102,0,Wipro market update,1.0
2023-02-09,2.35,1952400,Wipro,-0.002,-0.3123,1.0184,1,Wipro market update,1.0
2023-02-10,2.35,2767400,Wipro,0.002,0.4174,1.0124,0,Wipro market update,1.0
2023-02-13,2.34,3104600,Wipro,-0.0041,0.1218,1.0103,0,Wipro market update,1.0
2023-02-15,2.37,2869400,Wipro,0.0123,-0.0302,1.0165,0,Wipro market update,1.0
2023-02-16,2.36,3330600,Wipro,-0.004,0.1607,1.0143,0,Wipro market update,1.0
2023-02-17,2.33,4749400,Wipro,-0.0142,0.426,1.0208,0,Wipro market update,1.0
2023-02-21,2.3,4666600,Wipro,-0.0124,-0.0174,1.0105,0,Wipro market update,1.0
2023-02-22,2.28,4565200,Wipro,-0.0084,-0.0217,1.0106,1,Wipro market update,1.0
2023-02-23,2.29,2493200,Wipro,0.0042,-0.4539,1.0106,0,Wipro market update,1.0
2023-02-24,2.26,2782200,Wipro,-0.0147,0.1159,1.0085,0,Wipro market update,1.0
2023-02-27,2.24,3949200,Wipro,-0.0064,0.4195,1.0129,0,Wipro market update,1.0
2023-03-01,2.25,3000600,Wipro,0.0021,-0.3748,1.015,1,Wipro market update,1.0
2023-03-02,2.27,3954400,Wipro,0.0128,0.3179,1.0194,1,Wipro market update,1.0
2023-03-03,2.31,1860800,Wipro,0.0148,-0.5294,1.0148,1,Wipro market update,1.0
2023-03-06,2.33,2260800,Wipro,0.0104,0.215,1.0124,0,Wipro market update,1.0
2023-03-07,2.29,2739600,Wipro,-0.0165,0.2118,1.021,1,Wipro market update,1.0
2023-03-08,2.31,2383000,Wipro,0.0084,-0.1302,1.0105,0,Wipro market update,1.0
2023-03-09,2.27,2903800,Wipro,-0.0187,0.2185,1.0169,0,Wipro market update,1.0
2023-03-10,2.25,2788200,Wipro,-0.0085,-0.0398,1.0192,0,Wipro market update,1.0
2023-03-13,2.24,4615000,Wipro,-0.0043,0.6552,1.0195,0,Wipro market update,1.0
2023-03-14,2.24,3445400,Wipro,-0.0021,-0.2534,1.0152,0,Wipro market update,1.0
2023-03-15,2.18,4102600,Wipro,-0.0258,0.1907,1.0157,1,Wipro market update,1.0
2023-03-16,2.21,3822200,Wipro,0.0154,-0.0683,1.029,0,Wipro market update,1.0
2023-03-17,2.19,3634600,Wipro,-0.0087,-0.0491,1.011,0,Wipro market update,1.0
2023-03-20,2.17,3642600,Wipro,-0.0109,0.0022,1.0157,0,Wipro market update,1.0
2023-03-21,2.14,2871000,Wipro,-0.0111,-0.2118,1.0135,0,Wipro market update,1.0
2023-03-22,2.1,4882600,Wipro,-0.0201,0.7007,1.0206,1,Wipro market update,1.0
2023-03-23,2.12,3826000,Wipro,0.0091,-0.2164,1.016,0,Wipro market update,1.0
2023-03-24,2.12,2793600,Wipro,-0.0023,-0.2698,1.0091,1,Wipro market update,1.0
2023-03-27,2.13,3223400,Wipro,0.0045,0.1539,1.0091,0,Wipro market update,1.0
2023-03-28,2.09,5827400,Wipro,-0.0181,0.8078,1.0115,1,Wipro market update,1.0
2023-03-29,2.11,1769800,Wipro,0.0092,-0.6963,1.0069,1,Wipro market update,1.0
2023-03-30,2.11,4232200,Wipro,0.0023,1.3913,1.0114,1,Wipro market update,1.0
2023-03-31,2.15,2897400,Wipro,0.0205,-0.3154,1.0112,1,Wipro market update,1.0
2023-04-03,2.16,2754400,Wipro,0.0022,-0.0494,1.0089,0,Wipro market update,1.0
2023-04-10,2.17,2591000,Wipro,0.0067,0.2363,1.0089,1,Wipro market update,1.0
2023-04-11,2.19,2336800,Wipro,0.0066,-0.0981,1.0156,0,Wipro market update,1.0
2023-04-12,2.16,4922800,Wipro,-0.0132,1.1066,1.0245,0,Wipro market update,1.0
2023-04-13,2.09,9292000,Wipro,-0.0311,0.8875,1.0255,0,Wipro market update,1.0
2023-04-14,2.08,4907800,Wipro,-0.0069,-0.4718,1.0162,1,Wipro market update,1.0
2023-04-17,2.09,7536600,Wipro,0.0046,0.5356,1.0116,1,Wipro market update,1.0
2023-04-18,2.13,5387800,Wipro,0.0184,-0.2851,1.0091,0,Wipro market update,1.0
2023-04-19,2.08,4279200,Wipro,-0.0226,-0.2058,1.0162,1,Wipro market update,1.0
2023-04-20,2.12,4923400,Wipro,0.0208,0.1505,1.0184,0,Wipro market update,1.0
2023-04-21,2.12,4332600,Wipro,-0.0023,-0.12,1.0113,1,Wipro market update,1.0
2023-04-24,2.19,6399200,Wipro,0.0363,0.477,1.0088,0,Wipro market update,1.0
2023-04-25,2.14,2523800,Wipro,-0.0219,-0.6056,1.0134,1,Wipro market update,1.0
2023-04-26,2.16,3484400,Wipro,0.0089,0.3806,1.0045,1,Wipro market update,1.0
2023-04-27,2.25,3659600,Wipro,0.0399,0.0503,1.0152,1,Wipro market update,1.0
2023-04-28,2.26,4875800,Wipro,0.0021,0.3323,1.0151,1,Wipro market update,1.0
2023-05-01,2.27,5133400,Wipro,0.0085,0.0528,1.0192,0,Wipro market update,1.0
2023-05-02,2.27,3820600,Wipro,-0.0021,-0.2557,1.0106,0,Wipro market update,1.0
2023-05-03,2.24,4244600,Wipro,-0.0148,0.111,1.0151,0,Wipro market update,1.0
2023-05-04,2.23,5857800,Wipro,-0.0043,0.3801,1.0108,0,Wipro market update,1.0
2023-05-05,2.22,3180800,Wipro,-0.0022,-0.457,1.0065,0,Wipro market update,1.0
2023-05-08,2.22,1721000,Wipro,-0.0022,-0.4589,1.0065,1,Wipro market update,1.0
2023-05-09,2.23,2850200,Wipro,0.0065,0.6561,1.0109,1,Wipro market update,1.0
2023-05-10,2.24,3381600,Wipro,0.0022,0.1864,1.0086,0,Wipro market update,1.0
2023-05-12,2.23,2013200,Wipro,-0.0043,-0.168,1.0065,1,Wipro market update,1.0
2023-05-15,2.26,3076400,Wipro,0.0151,0.5281,1.0129,0,Wipro market update,1.0
2023-05-16,2.24,2154800,Wipro,-0.0106,-0.2996,1.0108,0,Wipro market update,1.0
2023-05-17,2.23,3255800,Wipro,-0.0021,0.511,1.0131,0,Wipro market update,1.0
2023-05-18,2.23,2396400,Wipro,-0.0022,-0.264,1.0131,1,Wipro market update,1.0
2023-05-19,2.24,3225600,Wipro,0.0043,0.346,1.0108,1,Wipro market update,1.0
2023-05-22,2.29,2261800,Wipro,0.0258,-0.2988,1.0063,0,Wipro market update,1.0
2023-05-23,2.26,3179200,Wipro,-0.0146,0.4056,1.0149,1,Wipro market update,1.0
2023-05-24,2.27,4385800,Wipro,0.0064,0.3795,1.0085,0,Wipro market update,1.0
2023-05-25,2.27,2786400,Wipro,-0.0021,-0.3647,1.0107,1,Wipro market update,1.0
2023-05-26,2.33,2799400,Wipro,0.0275,0.0047,1.0146,0,Wipro market update,1.0
2023-05-30,2.31,2656400,Wipro,-0.0082,-0.0511,1.0125,1,Wipro market update,1.0
2023-05-31,2.34,4596000,Wipro,0.0124,0.7302,1.0124,1,Wipro market update,1.0
2023-06-01,2.37,2908200,Wipro,0.0102,-0.3672,1.0143,1,Wipro market update,1.0
2023-06-02,2.38,6669000,Wipro,0.0041,1.2932,1.0164,0,Wipro market update,1.0
2023-06-05,2.31,3634600,Wipro,-0.0263,-0.455,1.0188,0,Wipro market update,1.0
2023-06-07,2.33,3144000,Wipro,0.0062,0.6304,1.0083,0,Wipro market update,1.0
2023-06-08,2.28,3046000,Wipro,-0.0186,-0.0312,1.0147,0,Wipro market update,1.0
2023-06-13,2.27,4389200,Wipro,-0.0063,-0.2337,1.0085,0,Wipro market update,1.0
2023-06-14,2.26,5707000,Wipro,-0.0042,0.3002,1.0192,0,Wipro market update,1.0
2023-06-15,2.26,6458000,Wipro,-0.0021,0.1316,1.0195,0,Wipro market update,1.0
2023-06-16,2.24,6494200,Wipro,-0.0064,0.0056,1.0152,0,Wipro market update,1.0
2023-06-20,2.22,6278000,Wipro,-0.0086,-0.0333,1.0195,0,Wipro market update,1.0
2023-06-21,2.22,3346400,Wipro,-0.0022,-0.467,1.0175,1,Wipro market update,1.0
2023-06-22,2.22,4011000,Wipro,0.0022,0.1986,1.0176,0,Wipro market update,1.0
2023-06-23,2.19,2193800,Wipro,-0.013,-0.4531,1.0066,1,Wipro market update,1.0
2023-06-26,2.22,3283000,Wipro,0.0131,0.4965,1.0109,1,Wipro market update,1.0
2023-06-27,2.23,2117400,Wipro,0.0043,-0.355,1.0109,1,Wipro market update,1.0
2023-06-28,2.24,2434600,Wipro,0.0043,0.1498,1.0108,1,Wipro market update,1.0
2023-06-29,2.26,3445600,Wipro,0.0064,0.4153,1.0086,1,Wipro market update,1.0
2023-06-30,2.26,4376600,Wipro,0.0043,0.2702,1.0106,1,Wipro market update,1.0
2023-07-03,2.3,2686000,Wipro,0.0148,-0.3863,1.0063,0,Wipro market update,1.0
2023-07-05,2.29,3245400,Wipro,-0.0042,0.2083,1.0084,0,Wipro market update,1.0
2023-07-06,2.28,4833200,Wipro,-0.0021,0.4892,1.0084,0,Wipro market update,1.0
2023-07-07,2.28,3496800,Wipro,-0.0021,-0.2765,1.0084,0,Wipro market update,1.0
2023-07-10,2.25,4167000,Wipro,-0.0147,0.1917,1.0086,1,Wipro market update,1.0
2023-07-11,2.26,2922400,Wipro,0.0043,-0.2987,1.0043,1,Wipro market update,1.0
2023-07-12,2.27,1646600,Wipro,0.0085,-0.4366,1.0085,1,Wipro market update,1.0
2023-07-13,2.3,6470400,Wipro,0.0127,2.9296,1.0148,1,Wipro market update,1.0
2023-07-14,2.36,6901400,Wipro,0.025,0.0666,1.0185,1,Wipro market update,1.0
2023-07-17,2.42,4477200,Wipro,0.0264,-0.3513,1.016,1,Wipro market update,1.0
2023-07-18,2.44,3633400,Wipro,0.0079,-0.1885,1.0119,1,Wipro market update,1.0
2023-07-19,2.45,5027200,Wipro,0.0039,0.3836,1.0079,0,Wipro market update,1.0
2023-07-20,2.36,9620800,Wipro,-0.0391,0.9137,1.029,1,Wipro market update,1.0
2023-07-21,2.38,5565400,Wipro,0.0081,-0.4215,1.0122,0,Wipro market update,1.0
2023-07-24,2.35,1320400,Wipro,-0.0101,-0.7627,1.0082,1,Wipro market update,1.0
2023-07-25,2.36,2077000,Wipro,0.002,0.573,1.0082,0,Wipro market update,1.0
2023-07-27,2.34,4030400,Wipro,-0.0081,0.171,1.0123,0,Wipro market update,1.0
2023-07-28,2.32,1842800,Wipro,-0.0062,-0.5428,1.0083,1,Wipro market update,1.0
2023-07-31,2.35,2278200,Wipro,0.0103,0.2363,1.0082,1,Wipro market update,1.0
2023-08-01,2.37,2191800,Wipro,0.0082,-0.0379,1.0061,0,Wipro market update,1.0
2023-08-02,2.33,2725600,Wipro,-0.0162,0.2435,1.0083,0,Wipro market update,1.0
2023-08-03,2.31,1781400,Wipro,-0.0082,-0.3464,1.0084,1,Wipro market update,1.0
2023-08-04,2.35,2643400,Wipro,0.0187,0.4839,1.0102,1,Wipro market update,1.0
2023-08-07,2.37,1676000,Wipro,0.0082,-0.366,1.0122,1,Wipro market update,1.0
2023-08-08,2.39,3073600,Wipro,0.0081,0.8339,1.0122,1,Wipro market update,1.0
2023-08-09,2.4,1819600,Wipro,0.004,-0.408,1.008,1,Wipro market update,1.0
2023-08-10,2.41,2648200,Wipro,0.004,0.4554,1.008,0,Wipro market update,1.0
2023-08-11,2.38,3615800,Wipro,-0.01,0.3654,1.0101,1,Wipro market update,1.0
2023-08-14,2.39,1969800,Wipro,0.002,-0.4552,1.0081,0,Wipro market update,1.0
2023-08-16,2.4,4406600,Wipro,0.004,1.0131,1.0141,0,Wipro market update,1.0
2023-08-17,2.39,3075400,Wipro,-0.004,-0.3021,1.006,0,Wipro market update,1.0
2023-08-18,2.37,3068000,Wipro,-0.008,-0.0024,1.0123,1,Wipro market update,1.0
2023-08-21,2.39,944000,Wipro,0.0081,-0.6923,1.0081,1,Wipro market update,1.0
2023-08-22,2.39,3084800,Wipro,0.002,2.2678,1.0081,1,Wipro market update,1.0
2023-08-23,2.44,2793400,Wipro,0.02,-0.0945,1.018,0,Wipro market update,1.0
2023-08-24,2.38,3301600,Wipro,-0.0275,0.1819,1.0141,1,Wipro market update,1.0
2023-08-25,2.39,2467000,Wipro,0.0061,-0.2528,1.0122,0,Wipro market update,1.0
2023-08-28,2.38,1949200,Wipro,-0.002,-0.2099,1.006,1,Wipro market update,1.0
2023-08-29,2.39,1526200,Wipro,0.004,-0.217,1.0101,0,Wipro market update,1.0
2023-08-30,2.37,4878000,Wipro,-0.01,2.1962,1.0163,0,Wipro market update,1.0
2023-08-31,2.35,6845200,Wipro,-0.0101,0.4033,1.0205,1,Wipro market update,1.0
2023-09-01,2.42,2078600,Wipro,0.0307,-0.6963,1.01,1,Wipro market update,1.0
2023-09-05,2.49,4203600,Wipro,0.0278,1.0223,1.0097,0,Wipro market update,1.0
2023-09-06,2.46,2696800,Wipro,-0.0116,-0.3585,1.0078,1,Wipro market update,1.0
2023-09-07,2.48,2602600,Wipro,0.0078,-0.0349,1.0058,1,Wipro market update,1.0
2023-09-08,2.49,1705800,Wipro,0.0058,-0.3446,1.0136,1,Wipro market update,1.0
2023-09-11,2.52,2490800,Wipro,0.0116,0.4602,1.0096,0,Wipro market update,1.0
2023-09-12,2.5,4022600,Wipro,-0.0076,0.615,1.0096,1,Wipro market update,1.0
2023-09-13,2.51,2534400,Wipro,0.0058,-0.37,1.0077,1,Wipro market update,1.0
2023-09-14,2.54,1991200,Wipro,0.0095,-0.2143,1.0134,0,Wipro market update,1.0
2023-09-15,2.5,6191400,Wipro,-0.0132,2.1094,1.0172,0,Wipro market update,1.0
2023-09-19,2.5,1894800,Wipro,-0.0038,0.0323,1.0116,0,Wipro market update,1.0
2023-09-20,2.49,1963400,Wipro,-0.0038,0.0362,1.0116,0,Wipro market update,1.0
2023-09-21,2.44,2232800,Wipro,-0.0193,0.1372,1.0118,0,Wipro market update,1.0
2023-09-22,2.41,1999600,Wipro,-0.0118,-0.1044,1.006,0,Wipro market update,1.0
2023-09-25,2.38,2007600,Wipro,-0.012,0.004,1.0061,0,Wipro market update,1.0
2023-09-26,2.34,1268200,Wipro,-0.0161,-0.3683,1.0143,1,Wipro market update,1.0
2023-09-27,2.38,4616200,Wipro,0.0143,2.64,1.0142,0,Wipro market update,1.0
2023-09-28,2.33,4122400,Wipro,-0.0202,-0.107,1.0167,0,Wipro market update,1.0
2023-09-29,2.32,4443400,Wipro,-0.0021,0.0779,1.0165,0,Wipro market update,1.0
2023-10-03,2.31,1480000,Wipro,-0.0041,-0.3465,1.0146,1,Wipro market update,1.0
2023-10-04,2.34,2096400,Wipro,0.0124,0.4165,1.0145,0,Wipro market update,1.0
2023-10-06,2.37,1505200,Wipro,0.0123,0.3444,1.0185,0,Wipro market update,1.0
2023-10-09,2.34,1293000,Wipro,-0.0121,-0.141,1.0103,1,Wipro market update,1.0
2023-10-10,2.35,1965400,Wipro,0.0041,0.52,1.0102,1,Wipro market update,1.0
2023-10-11,2.41,4050600,Wipro,0.0245,1.061,1.012,0,Wipro market update,1.0
2023-10-12,2.33,3786800,Wipro,-0.0319,-0.0651,1.029,0,Wipro market update,1.0
2023-10-16,2.36,3278800,Wipro,0.0103,-0.1713,1.0165,0,Wipro market update,1.0
2023-10-17,2.34,2602800,Wipro,-0.0061,-0.2062,1.0144,0,Wipro market update,1.0
2023-10-18,2.26,6274000,Wipro,-0.0328,1.4105,1.0276,0,Wipro market update,1.0
2023-10-19,2.24,3764800,Wipro,-0.0106,-0.3999,1.015,0,Wipro market update,1.0
2023-10-20,2.21,3244400,Wipro,-0.0128,-0.1382,1.0087,0,Wipro market update,1.0
2023-10-23,2.18,3661800,Wipro,-0.0152,0.1287,1.0155,1,Wipro market update,1.0
2023-10-24,2.18,7330000,Wipro,0.0022,1.0017,1.0155,0,Wipro market update,1.0
2023-10-25,2.18,3299400,Wipro,-0.0022,-0.5499,1.0088,0,Wipro market update,1.0
2023-10-26,2.15,4655600,Wipro,-0.0132,0.411,1.0156,1,Wipro market update,1.0
2023-10-27,2.16,2581000,Wipro,0.0067,-0.4456,1.0067,1,Wipro market update,1.0
2023-10-30,2.18,1649200,Wipro,0.0067,-0.361,1.0088,1,Wipro market update,1.0
2023-10-31,2.18,3099400,Wipro,0.0022,0.8793,1.0155,0,Wipro market update,1.0
2023-11-01,2.18,4245400,Wipro,-0.0022,0.3697,1.0111,1,Wipro market update,1.0
2023-11-02,2.21,3316800,Wipro,0.0132,-0.2187,1.0066,1,Wipro market update,1.0
2023-11-03,2.22,2477800,Wipro,0.0043,-0.253,1.0175,0,Wipro market update,1.0
2023-11-06,2.21,1921600,Wipro,-0.0043,-0.2245,1.0109,0,Wipro market update,1.0
2023-11-07,2.2,3622800,Wipro,-0.0043,0.8853,1.011,0,Wipro market update,1.0
2023-11-08,2.19,2017800,Wipro,-0.0022,-0.443,1.0044,0,Wipro market update,1.0
2023-11-09,2.16,4783000,Wipro,-0.0131,1.3704,1.0223,1,Wipro market update,1.0
2023-11-10,2.18,2250400,Wipro,0.0089,-0.5295,1.0134,0,Wipro market update,1.0
2023-11-13,2.17,2406400,Wipro,-0.0066,0.0693,1.0111,1,Wipro market update,1.0
2023-11-14,2.21,2671600,Wipro,0.0199,0.1102,1.0176,1,Wipro market update,1.0
2023-11-15,2.25,3217000,Wipro,0.0152,0.2041,1.013,0,Wipro market update,1.0
2023-11-17,2.26,2329800,Wipro,0.0085,-0.5375,1.0064,1,Wipro market update,1.0
2023-11-20,2.28,3398400,Wipro,0.0064,0.4587,1.0149,1,Wipro market update,1.0
2023-11-21,2.28,1837200,Wipro,0.0021,-0.4594,1.0063,0,Wipro market update,1.0
2023-11-22,2.28,1914600,Wipro,-0.0021,0.0421,1.0084,0,Wipro market update,1.0
2023-11-24,2.26,1588400,Wipro,-0.0105,-0.1704,1.0086,0,Wipro market update,1.0
2023-11-27,2.25,2365800,Wipro,-0.0021,0.4894,1.0085,1,Wipro market update,1.0
2023-11-28,2.27,2689200,Wipro,0.0085,0.1367,1.0107,1,Wipro market update,1.0
2023-11-29,2.3,2730400,Wipro,0.0127,0.0153,1.0126,1,Wipro market update,1.0
2023-11-30,2.33,4003000,Wipro,0.0125,0.4661,1.0104,1,Wipro market update,1.0
2023-12-01,2.34,2066400,Wipro,0.0062,-0.4838,1.0166,0,Wipro market update,1.0
2023-12-04,2.31,3545200,Wipro,-0.0123,0.7156,1.0062,0,Wipro market update,1.0
2023-12-05,2.3,1623200,Wipro,-0.0041,-0.5421,1.0084,1,Wipro market update,1.0
2023-12-06,2.38,3072200,Wipro,0.0354,0.8927,1.0081,1,Wipro market update,1.0
2023-12-07,2.39,2391000,Wipro,0.002,-0.2217,1.0081,1,Wipro market update,1.0
2023-12-08,2.4,4055600,Wipro,0.006,0.6962,1.01,0,Wipro market update,1.0
2023-12-11,2.38,3497600,Wipro,-0.012,-0.1376,1.0163,1,Wipro market update,1.0
2023-12-12,2.39,3146800,Wipro,0.0081,-0.1003,1.0101,1,Wipro market update,1.0
2023-12-13,2.42,3167400,Wipro,0.01,0.0065,1.0202,1,Wipro market update,1.0
2023-12-14,2.5,3447400,Wipro,0.0317,0.0884,1.0216,1,Wipro market update,1.0
2023-12-15,2.53,4447600,Wipro,0.0154,0.2901,1.0095,1,Wipro market update,1.0
2023-12-18,2.55,2651600,Wipro,0.0057,-0.4038,1.0114,0,Wipro market update,1.0
2023-12-19,2.52,2764600,Wipro,-0.0094,0.0426,1.0192,0,Wipro market update,1.0
2023-12-20,2.48,3612400,Wipro,-0.019,0.3067,1.0234,1,Wipro market update,1.0
2023-12-21,2.5,3669000,Wipro,0.0078,0.0157,1.0117,1,Wipro market update,1.0
2023-12-22,2.61,6985000,Wipro,0.0442,0.9038,1.0186,1,Wipro market update,1.0
2023-12-26,2.64,2190000,Wipro,0.0147,-0.6865,1.0201,1,Wipro market update,1.0
2023-12-27,2.67,2490400,Wipro,0.0109,0.1372,1.0146,0,Wipro market update,1.0
2024-01-02,2.62,6839600,Wipro,-0.018,1.2099,1.0146,0,Wipro market update,1.0
2024-01-03,2.57,9386200,Wipro,-0.0201,0.3723,1.0132,0,Wipro market update,1.0
2024-01-04,2.57,2855200,Wipro,-0.0019,-0.6958,1.0113,1,Wipro market update,1.0
2024-01-05,2.6,5338800,Wipro,0.0131,0.8699,1.0093,1,Wipro market update,1.0
2024-01-08,2.61,5640600,Wipro,0.0018,0.0565,1.0225,0,Wipro market update,1.0
2024-01-09,2.57,4058000,Wipro,-0.0129,-0.2806,1.0112,1,Wipro market update,1.0
2024-01-10,2.58,6181200,Wipro,0.0037,0.5232,1.013,0,Wipro market update,1.0
2024-01-11,2.58,5561000,Wipro,-0.0019,-0.1003,1.0132,1,Wipro market update,1.0
2024-01-12,3.01,30507000,Wipro,0.1695,4.4859,1.0904,0,Wipro market update,1.0
2024-01-16,2.76,10980200,Wipro,-0.0844,-0.6401,1.0227,0,Wipro market update,1.0
2024-01-17,2.73,9384000,Wipro,-0.0104,-0.1454,1.0141,1,Wipro market update,1.0
2024-01-18,2.77,6702600,Wipro,0.0158,-0.2857,1.0228,0,Wipro market update,1.0
2024-01-22,2.76,5014600,Wipro,-0.0052,-0.2804,1.0122,0,Wipro market update,1.0
2024-01-23,2.73,5420800,Wipro,-0.0101,0.081,1.0142,1,Wipro market update,1.0
2024-01-24,2.76,4333200,Wipro,0.0123,-0.2006,1.0105,0,Wipro market update,1.0
2024-01-25,2.76,4326200,Wipro,-0.0035,-0.0016,1.0124,0,Wipro market update,1.0
2024-01-26,2.75,4855200,Wipro,-0.0017,0.1223,1.0053,1,Wipro market update,1.0
2024-01-29,2.76,2990400,Wipro,0.0017,-0.3841,1.0123,0,Wipro market update,1.0
2024-01-30,2.72,3878800,Wipro,-0.014,0.2971,1.0178,1,Wipro market update,1.0
2024-01-31,2.72,4497200,Wipro,0.0018,0.1594,1.0141,1,Wipro market update,1.0
2024-02-01,2.74,3428800,Wipro,0.0071,-0.2376,1.0124,1,Wipro market update,1.0
2024-02-02,2.77,5265600,Wipro,0.0123,0.5357,1.0105,0,Wipro market update,1.0
2024-02-06,2.86,5430800,Wipro,0.0295,0.4146,1.0135,0,Wipro market update,1.0
2024-02-07,2.84,4074800,Wipro,-0.0067,-0.2497,1.0102,0,Wipro market update,1.0
2024-02-08,2.81,1365200,Wipro,-0.0085,-0.665,1.0103,1,Wipro market update,1.0
2024-02-09,2.82,1382800,Wipro,0.0017,0.0129,1.0085,1,Wipro market update,1.0
2024-02-12,2.88,2792600,Wipro,0.0205,1.0195,1.0084,0,Wipro market update,1.0
2024-02-14,2.95,3319000,Wipro,0.0251,-0.1602,1.0115,1,Wipro market update,1.0
2024-02-15,2.97,1908000,Wipro,0.0082,-0.4251,1.0114,1,Wipro market update,1.0
2024-02-16,3.09,7345200,Wipro,0.0405,2.8497,1.0206,0,Wipro market update,1.0
2024-02-20,3.04,10687000,Wipro,-0.0171,0.455,1.0175,0,Wipro market update,1.0
2024-02-21,2.97,3105200,Wipro,-0.0237,-0.7094,1.0179,1,Wipro market update,1.0
2024-02-22,3.04,3094600,Wipro,0.0243,-0.0034,1.0112,1,Wipro market update,1.0
2024-02-23,3.05,2238200,Wipro,0.0047,-0.2767,1.0079,0,Wipro market update,1.0
2024-02-26,3.04,1911600,Wipro,-0.0047,-0.1459,1.0079,0,Wipro market update,1.0
2024-02-27,3.03,1646600,Wipro,-0.0032,-0.1386,1.0095,0,Wipro market update,1.0
2024-02-28,2.96,2647200,Wipro,-0.0222,0.6077,1.0098,1,Wipro market update,1.0
2024-02-29,2.98,2101200,Wipro,0.0049,-0.2063,1.0097,1,Wipro market update,1.0
2024-03-01,2.99,1909200,Wipro,0.0032,-0.0914,1.0081,1,Wipro market update,1.0
2024-03-04,3.01,2873200,Wipro,0.0064,0.5049,1.0146,0,Wipro market update,1.0
2024-03-05,2.94,3532200,Wipro,-0.0224,0.2294,1.0098,0,Wipro market update,1.0
2024-03-06,2.93,5211600,Wipro,-0.0016,0.4755,1.0115,1,Wipro market update,1.0
2024-03-07,2.98,3731200,Wipro,0.0148,-0.2841,1.0098,0,Wipro market update,1.0
2024-03-08,2.97,3964200,Wipro,-0.0032,0.0624,1.0114,0,Wipro market update,1.0
2024-03-11,2.95,2964200,Wipro,-0.0065,-0.2523,1.0065,1,Wipro market update,1.0
2024-03-12,2.97,3896000,Wipro,0.0065,0.3144,1.0148,0,Wipro market update,1.0
2024-03-13,2.89,3025800,Wipro,-0.0259,-0.2234,1.0067,1,Wipro market update,1.0
2024-03-14,2.93,5196800,Wipro,0.015,0.7175,1.018,1,Wipro market update,1.0
2024-03-15,2.95,5759200,Wipro,0.0049,0.1082,1.0049,0,Wipro market update,1.0
2024-03-18,2.91,2604200,Wipro,-0.0131,-0.5478,1.0083,0,Wipro market update,1.0
2024-03-19,2.86,5348800,Wipro,-0.0165,1.0539,1.0171,0,Wipro market update,1.0
2024-03-21,2.81,7969200,Wipro,-0.0185,1.3143,1.019,0,Wipro market update,1.0
2024-03-22,2.72,10276400,Wipro,-0.0325,0.2895,1.0392,1,Wipro market update,1.0
2024-03-25,2.73,5283200,Wipro,0.0035,-0.4859,1.0107,0,Wipro market update,1.0
2024-03-26,2.72,3495800,Wipro,-0.0018,-0.3383,1.0106,1,Wipro market update,1.0
2024-03-27,2.74,5653200,Wipro,0.0071,0.6171,1.0124,1,Wipro market update,1.0
2024-03-28,2.76,4673600,Wipro,0.0088,-0.1733,1.007,0,Wipro market update,1.0
2024-04-01,2.72,3454600,Wipro,-0.0157,-0.2608,1.023,0,Wipro market update,1.0
2024-04-02,2.7,9056000,Wipro,-0.0088,1.6214,1.0215,1,Wipro market update,1.0
2024-04-03,2.74,11493800,Wipro,0.0143,0.2692,1.0178,1,Wipro market update,1.0
2024-04-04,2.76,9434200,Wipro,0.0105,-0.1792,1.0193,1,Wipro market update,1.0
2024-04-05,2.77,5194600,Wipro,0.0017,-0.4494,1.0158,0,Wipro market update,1.0
2024-04-08,2.7,13264400,Wipro,-0.0243,1.5535,1.0215,1,Wipro market update,1.0
2024-04-09,2.73,7703400,Wipro,0.0107,-0.4192,1.0107,0,Wipro market update,1.0
2024-04-10,2.68,8863400,Wipro,-0.0194,0.1506,1.0198,1,Wipro market update,1.0
2024-04-11,2.68,7212200,Wipro,0.0018,-0.1863,1.0181,0,Wipro market update,1.0
2024-04-12,2.63,9095800,Wipro,-0.0215,0.2612,1.0203,0,Wipro market update,1.0
2024-04-15,2.56,11728000,Wipro,-0.0256,0.2894,1.0301,0,Wipro market update,1.0
2024-04-16,2.53,4767400,Wipro,-0.0113,-0.5935,1.0095,0,Wipro market update,1.0
2024-04-17,2.52,4454600,Wipro,-0.0019,-0.0656,1.0095,0,Wipro market update,1.0
2024-04-18,2.48,7184200,Wipro,-0.0171,0.6128,1.0155,1,Wipro market update,1.0
2024-04-19,2.52,12754600,Wipro,0.0174,0.7754,1.0307,1,Wipro market update,1.0
2024-04-22,2.65,10547000,Wipro,0.0514,-0.1731,1.0222,0,Wipro market update,1.0
2024-04-23,2.65,6220800,Wipro,-0.0018,-0.4102,1.0091,0,Wipro market update,1.0
2024-04-24,2.63,6136400,Wipro,-0.0073,-0.0136,1.0148,0,Wipro market update,1.0
2024-04-25,2.62,9016800,Wipro,-0.0055,0.4694,1.0245,1,Wipro market update,1.0
2024-04-26,2.63,6194800,Wipro,0.0037,-0.313,1.0129,0,Wipro market update,1.0
2024-04-29,2.62,6109200,Wipro,-0.0018,-0.0138,1.0129,0,Wipro market update,1.0
2024-04-30,2.59,7991000,Wipro,-0.011,0.308,1.0186,0,Wipro market update,1.0
2024-05-01,2.59,7839400,Wipro,-0.0019,-0.019,1.0112,0,Wipro market update,1.0
2024-05-02,2.58,7435800,Wipro,-0.0019,-0.0515,1.0112,1,Wipro market update,1.0
2024-05-03,2.6,7414200,Wipro,0.0056,-0.0029,1.0112,1,Wipro market update,1.0
2024-05-06,2.63,4230600,Wipro,0.013,-0.4294,1.0111,1,Wipro market update,1.0
2024-05-07,2.64,4366800,Wipro,0.0037,0.0322,1.0092,0,Wipro market update,1.0
2024-05-08,2.62,2629200,Wipro,-0.0073,-0.3979,1.0074,0,Wipro market update,1.0
2024-05-09,2.59,2369600,Wipro,-0.0128,-0.0987,1.0112,0,Wipro market update,1.0
2024-05-10,2.56,3496600,Wipro,-0.0112,0.4756,1.0113,1,Wipro market update,1.0
2024-05-13,2.58,5210200,Wipro,0.0075,0.4901,1.0094,1,Wipro market update,1.0
2024-05-14,2.6,4066200,Wipro,0.0093,-0.2196,1.013,1,Wipro market update,1.0
2024-05-15,2.62,2126600,Wipro,0.0055,-0.477,1.0093,0,Wipro market update,1.0
2024-05-17,2.59,2458200,Wipro,-0.0092,-0.6327,1.0093,0,Wipro market update,1.0
2024-05-21,2.6,4687200,Wipro,0.0019,-0.1479,1.013,1,Wipro market update,1.0
2024-05-22,2.6,5236200,Wipro,0.0019,0.1171,1.0093,1,Wipro market update,1.0
2024-05-23,2.63,5588400,Wipro,0.0092,0.0673,1.011,0,Wipro market update,1.0
2024-05-24,2.62,5481200,Wipro,-0.0018,-0.0192,1.0074,0,Wipro market update,1.0
2024-05-28,2.58,4645400,Wipro,-0.0147,-0.1525,1.0112,0,Wipro market update,1.0
2024-05-29,2.53,2990800,Wipro,-0.0205,-0.3562,1.0152,0,Wipro market update,1.0
2024-05-30,2.46,4993200,Wipro,-0.0266,0.6695,1.0157,1,Wipro market update,1.0
2024-05-31,2.48,6558400,Wipro,0.0059,0.3135,1.0157,1,Wipro market update,1.0
2024-06-03,2.53,2865600,Wipro,0.0233,-0.5631,1.0135,0,Wipro market update,1.0
2024-06-04,2.5,6244800,Wipro,-0.0152,1.1792,1.0136,1,Wipro market update,1.0
2024-06-05,2.56,4937800,Wipro,0.027,-0.2093,1.019,1,Wipro market update,1.0
2024-06-06,2.64,9923600,Wipro,0.0281,1.0097,1.0223,1,Wipro market update,1.0
2024-06-07,2.7,10299400,Wipro,0.0255,0.0379,1.0179,0,Wipro market update,1.0
2024-06-10,2.67,3065200,Wipro,-0.0107,-0.7024,1.0164,1,Wipro market update,1.0
2024-06-11,2.68,4325200,Wipro,0.0036,0.4111,1.0145,0,Wipro market update,1.0
2024-06-13,2.7,3768600,Wipro,0.0054,-0.1534,1.0089,0,Wipro market update,1.0
2024-06-14,2.66,3615600,Wipro,-0.0125,-0.0406,1.0072,1,Wipro market update,1.0
2024-06-17,2.69,4998800,Wipro,0.009,0.3826,1.0108,1,Wipro market update,1.0
2024-06-18,2.77,6429800,Wipro,0.0304,0.2863,1.0105,1,Wipro market update,1.0
2024-06-20,2.83,9056800,Wipro,0.0226,0.4086,1.0155,0,Wipro market update,1.0
2024-06-21,2.83,14186800,Wipro,-0.0017,0.5664,1.0155,0,Wipro market update,1.0
2024-06-24,2.8,3057000,Wipro,-0.0085,-0.7845,1.012,1,Wipro market update,1.0
2024-06-25,2.82,4852600,Wipro,0.0069,0.5874,1.012,0,Wipro market update,1.0
2024-06-27,2.89,3488800,Wipro,0.0256,0.2255,1.01,1,Wipro market update,1.0
2024-06-28,2.93,11094400,Wipro,0.0133,2.18,1.0166,1,Wipro market update,1.0
2024-07-01,2.98,6150800,Wipro,0.0148,-0.4456,1.0131,1,Wipro market update,1.0
2024-07-02,3.09,4131400,Wipro,0.0372,-0.3283,1.0158,0,Wipro market update,1.0
2024-07-03,3.07,2083200,Wipro,-0.0062,-0.4958,1.0094,0,Wipro market update,1.0
2024-07-08,3.08,2236400,Wipro,0.0047,-0.3446,1.0063,0,Wipro market update,1.0
2024-07-09,3.07,3898800,Wipro,-0.0047,0.7433,1.0063,1,Wipro market update,1.0
2024-07-10,3.07,3119200,Wipro,0.0016,-0.2,1.0143,1,Wipro market update,1.0
2024-07-11,3.12,5405200,Wipro,0.0156,0.7329,1.0185,1,Wipro market update,1.0
2024-07-12,3.23,7085600,Wipro,0.0354,0.3109,1.0304,0,Wipro market update,1.0
2024-07-15,3.21,4997400,Wipro,-0.006,-0.2947,1.0151,1,Wipro market update,1.0
2024-07-16,3.22,3822200,Wipro,0.0015,-0.2352,1.012,1,Wipro market update,1.0
2024-07-17,3.22,4347000,Wipro,0.0015,0.1373,1.0198,1,Wipro market update,1.0
2024-07-18,3.31,10843600,Wipro,0.0284,1.4945,1.0309,0,Wipro market update,1.0
2024-07-19,2.93,21839800,Wipro,-0.1161,1.0141,1.0808,0,Wipro market update,1.0
2024-07-22,2.89,6919000,Wipro,-0.0148,-0.6832,1.0169,0,Wipro market update,1.0
2024-07-23,2.87,4014200,Wipro,-0.0067,-0.4198,1.0118,0,Wipro market update,1.0
2024-07-24,2.82,3893800,Wipro,-0.0151,-0.03,1.0137,1,Wipro market update,1.0
2024-07-25,2.89,4096600,Wipro,0.0256,0.0521,1.0185,1,Wipro market update,1.0
2024-07-26,2.98,5948800,Wipro,0.0299,0.4521,1.0146,0,Wipro market update,1.0
2024-07-30,2.96,4533800,Wipro,-0.0065,0.6719,1.0146,0,Wipro market update,1.0
2024-08-01,2.93,2726400,Wipro,-0.0097,-0.5654,1.0197,0,Wipro market update,1.0
2024-08-02,2.85,2889400,Wipro,-0.0295,0.0598,1.0205,0,Wipro market update,1.0
2024-08-05,2.72,5750600,Wipro,-0.0439,0.9902,1.0436,1,Wipro market update,1.0
2024-08-06,2.81,4570400,Wipro,0.0336,-0.2052,1.0297,0,Wipro market update,1.0
2024-08-07,2.77,2576400,Wipro,-0.0137,-0.4363,1.026,1,Wipro market update,1.0
2024-08-08,2.8,1571800,Wipro,0.0104,-0.3899,1.0139,1,Wipro market update,1.0
2024-08-09,2.82,3162000,Wipro,0.0051,1.0117,1.0138,0,Wipro market update,1.0
2024-08-12,2.77,1687600,Wipro,-0.0171,-0.4663,1.0139,1,Wipro market update,1.0
2024-08-13,2.81,2361600,Wipro,0.0139,0.3994,1.0121,1,Wipro market update,1.0
2024-08-14,2.81,1734400,Wipro,0.0017,-0.2656,1.0069,1,Wipro market update,1.0
2024-08-15,2.85,1509200,Wipro,0.012,-0.1298,1.0068,1,Wipro market update,1.0
2024-08-16,2.91,2084000,Wipro,0.0236,0.3809,1.0116,1,Wipro market update,1.0
2024-08-19,2.96,2728800,Wipro,0.0149,0.3094,1.0131,1,Wipro market update,1.0
2024-08-20,2.97,1912800,Wipro,0.0033,-0.299,1.0098,1,Wipro market update,1.0
2024-08-21,3.01,1871200,Wipro,0.0146,-0.0217,1.0178,0,Wipro market update,1.0
2024-08-22,2.95,2503400,Wipro,-0.0192,0.3379,1.0082,0,Wipro market update,1.0
2024-08-23,2.95,2524800,Wipro,-0.0016,0.0085,1.0148,1,Wipro market update,1.0
2024-08-26,2.98,1500800,Wipro,0.0098,-0.4056,1.0081,0,Wipro market update,1.0
2024-08-27,2.97,1673000,Wipro,-0.0016,0.1147,1.0081,1,Wipro market update,1.0
2024-08-28,3.06,5555400,Wipro,0.0291,2.3206,1.0143,1,Wipro market update,1.0
2024-08-29,3.1,3310400,Wipro,0.0126,-0.4041,1.022,0,Wipro market update,1.0
2024-08-30,3.09,2846600,Wipro,-0.0016,-0.1401,1.0094,0,Wipro market update,1.0
2024-09-03,3.05,2445200,Wipro,-0.014,-0.141,1.0158,0,Wipro market update,1.0
2024-09-04,3.02,3278000,Wipro,-0.011,0.3406,1.0145,1,Wipro market update,1.0
2024-09-05,3.03,2572000,Wipro,0.0048,-0.2154,1.008,0,Wipro market update,1.0
2024-09-06,3.01,3025200,Wipro,-0.0079,0.1762,1.0128,0,Wipro market update,1.0
2024-09-09,2.99,3062400,Wipro,-0.0064,0.0123,1.0081,1,Wipro market update,1.0
2024-09-10,3.04,3517800,Wipro,0.0193,0.1487,1.0128,0,Wipro market update,1.0
2024-09-11,2.98,3529600,Wipro,-0.0221,0.0034,1.0147,1,Wipro market update,1.0
2024-09-12,3.06,2927200,Wipro,0.0275,-0.1707,1.0127,1,Wipro market update,1.0
2024-09-13,3.15,1963400,Wipro,0.0314,-0.3293,1.0076,1,Wipro market update,1.0
2024-09-16,3.16,1550000,Wipro,0.003,-0.2106,1.0092,0,Wipro market update,1.0
2024-09-17,3.13,3045000,Wipro,-0.0122,0.9645,1.0248,0,Wipro market update,1.0
2024-09-18,3.06,2968400,Wipro,-0.02,-0.0252,1.0173,1,Wipro market update,1.0
2024-09-19,3.11,3698600,Wipro,0.0157,0.246,1.0109,0,Wipro market update,1.0
2024-09-23,3.09,1933200,Wipro,-0.0062,-0.584,1.011,1,Wipro market update,1.0
2024-09-24,3.11,3122400,Wipro,0.0047,0.6151,1.0125,0,Wipro market update,1.0
2024-09-26,3.17,4499800,Wipro,0.0217,0.2258,1.0228,0,Wipro market update,1.0
2024-09-27,3.11,4218000,Wipro,-0.0197,-0.0626,1.0124,1,Wipro market update,1.0
2024-09-30,3.12,4170200,Wipro,0.0015,-0.0113,1.0109,1,Wipro market update,1.0
2024-10-01,3.16,3835200,Wipro,0.0154,-0.0803,1.0201,0,Wipro market update,1.0
2024-10-02,3.12,3201600,Wipro,-0.0137,-0.1652,1.0171,0,Wipro market update,1.0
2024-10-03,3.07,3807200,Wipro,-0.0169,0.1892,1.0143,1,Wipro market update,1.0
2024-10-04,3.1,3839000,Wipro,0.0094,0.0084,1.0062,0,Wipro market update,1.0
2024-10-07,3.07,1856000,Wipro,-0.0078,-0.5165,1.0126,0,Wipro market update,1.0
2024-10-08,3.06,4407400,Wipro,-0.0031,1.3747,1.0175,1,Wipro market update,1.0
2024-10-09,3.09,2543200,Wipro,0.0078,-0.423,1.0142,0,Wipro market update,1.0
2024-10-10,3.02,5250000,Wipro,-0.0234,1.0643,1.0161,1,Wipro market update,1.0
2024-10-11,3.06,3132600,Wipro,0.0159,-0.4033,1.0159,1,Wipro market update,1.0
2024-10-14,3.17,3144600,Wipro,0.0361,0.0038,1.0138,0,Wipro market update,1.0
2024-10-15,3.07,6413600,Wipro,-0.0333,1.0396,1.0078,1,Wipro market update,1.0
2024-10-16,3.09,4008600,Wipro,0.0063,-0.375,1.011,0,Wipro market update,1.0
2024-10-17,3.05,6648200,Wipro,-0.0109,0.6585,1.0458,1,Wipro market update,1.0
2024-10-18,3.22,6322200,Wipro,0.0535,-0.049,1.0354,0,Wipro market update,1.0
2024-10-21,3.18,3441000,Wipro,-0.012,-0.4557,1.0107,0,Wipro market update,1.0
2024-10-22,3.17,4933600,Wipro,-0.003,0.4338,1.0092,1,Wipro market update,1.0
2024-10-23,3.18,4943600,Wipro,0.003,0.002,1.0061,0,Wipro market update,1.0
2024-10-24,3.17,4647200,Wipro,-0.003,-0.06,1.0076,0,Wipro market update,1.0
2024-10-25,3.15,5743200,Wipro,-0.0046,0.2358,1.0076,1,Wipro market update,1.0
2024-10-28,3.25,3967000,Wipro,0.029,-0.3093,1.012,0,Wipro market update,1.0
2024-10-29,3.24,5326000,Wipro,-0.0015,0.3426,1.009,0,Wipro market update,1.0
2024-10-30,3.21,4587800,Wipro,-0.0089,-0.1386,1.018,0,Wipro market update,1.0
2024-10-31,3.12,4391400,Wipro,-0.0299,-0.0428,1.0201,1,Wipro market update,1.0
2024-11-01,3.13,3302000,Wipro,0.0031,-0.2481,1.0123,0,Wipro market update,1.0
2024-11-04,3.09,1745200,Wipro,-0.0108,-0.4715,1.011,1,Wipro market update,1.0
2024-11-05,3.14,3016000,Wipro,0.014,0.7282,1.0155,1,Wipro market update,1.0
2024-11-06,3.28,5478000,Wipro,0.046,0.8163,1.0149,0,Wipro market update,1.0
2024-11-07,3.27,4352800,Wipro,-0.0029,-0.2054,1.0104,1,Wipro market update,1.0
2024-11-08,3.29,3126800,Wipro,0.0074,-0.2817,1.0132,1,Wipro market update,1.0
2024-11-11,3.37,8471400,Wipro,0.0219,1.7093,1.0262,0,Wipro market update,1.0
2024-11-12,3.33,6637400,Wipro,-0.0114,-0.2165,1.0087,0,Wipro market update,1.0
2024-11-13,3.3,7441000,Wipro,-0.0072,0.1211,1.0147,0,Wipro market update,1.0
2024-11-14,3.27,4702800,Wipro,-0.0116,-0.368,1.0044,0,Wipro market update,1.0
2024-11-15,3.23,5651400,Wipro,-0.0103,0.2017,1.0135,0,Wipro market update,1.0
2024-11-18,3.22,8385400,Wipro,-0.003,0.4838,1.009,1,Wipro market update,1.0
2024-11-19,3.27,3462600,Wipro,0.0164,-0.5871,1.0134,1,Wipro market update,1.0
2024-11-20,3.31,5955400,Wipro,0.0103,0.7199,1.0088,0,Wipro market update,1.0
2024-11-21,3.27,4874800,Wipro,-0.0131,-0.1814,1.0089,1,Wipro market update,1.0
2024-11-22,3.36,10466000,Wipro,0.028,1.147,1.0203,1,Wipro market update,1.0
2024-11-25,3.4,7444400,Wipro,0.0129,-0.2887,1.0085,1,Wipro market update,1.0
2024-11-26,3.41,7972000,Wipro,0.0042,0.0709,1.0071,0,Wipro market update,1.0
2024-11-27,3.38,7453800,Wipro,-0.0099,-0.065,1.0114,0,Wipro market update,1.0
2024-11-29,3.36,3285800,Wipro,-0.0057,-0.5592,1.0144,1,Wipro market update,1.0
2024-12-02,3.39,4499800,Wipro,0.01,0.3695,1.0144,1,Wipro market update,1.0
2024-12-03,3.4,5247200,Wipro,0.0028,0.1661,1.0114,1,Wipro market update,1.0
2024-12-04,3.42,4344200,Wipro,0.0056,-0.1721,1.0113,1,Wipro market update,1.0
2024-12-05,3.47,6692200,Wipro,0.014,0.5405,1.0139,0,Wipro market update,1.0
2024-12-06,3.36,9813000,Wipro,-0.0332,0.4663,1.0418,1,Wipro market update,1.0
2024-12-09,3.45,6171800,Wipro,0.0287,-0.3711,1.0182,1,Wipro market update,1.0
2024-12-10,3.48,3768400,Wipro,0.0084,-0.3894,1.0139,0,Wipro market update,1.0
2024-12-12,3.5,2539300,Wipro,0.0055,-0.4602,1.0167,1,Wipro market update,1.0
2024-12-13,3.53,3214400,Wipro,0.0082,0.2659,1.0137,1,Wipro market update,1.0
2024-12-16,3.54,3395100,Wipro,0.0027,0.0562,1.0193,1,Wipro market update,1.0
2024-12-17,3.56,5112400,Wipro,0.0054,0.5058,1.0248,0,Wipro market update,1.0
2024-12-18,3.49,4303900,Wipro,-0.0189,-0.1581,1.0359,1,Wipro market update,1.0
2024-12-19,3.57,5035100,Wipro,0.022,0.1699,1.0135,0,Wipro market update,1.0
2024-12-20,3.51,6480600,Wipro,-0.0162,0.2871,1.0166,0,Wipro market update,1.0
2024-12-23,3.48,3823900,Wipro,-0.0082,-0.4099,1.0139,1,Wipro market update,1.0
2024-12-24,3.49,1337400,Wipro,0.0028,-0.6503,1.0083,0,Wipro market update,1.0
2024-12-26,3.47,2152900,Wipro,-0.0055,0.6098,1.0084,1,Wipro market update,1.0
2024-12-27,3.51,1875500,Wipro,0.0111,-0.1288,1.0167,0,Wipro market update,1.0
2024-12-30,3.4,2203900,Wipro,-0.0301,0.1751,1.017,0,Wipro market update,1.0
2025-01-02,3.43,2381400,Wipro,0.0085,0.1301,1.0141,0,Wipro market update,1.0
2025-01-03,3.37,2931600,Wipro,-0.0196,0.231,1.0204,0,Wipro market update,1.0
2025-01-06,3.34,3838200,Wipro,-0.0086,0.3093,1.0173,0,Wipro market update,1.0
2025-01-07,3.33,4085800,Wipro,-0.0029,0.0645,1.0233,1,Wipro market update,1.0
2025-01-08,3.38,2927000,Wipro,0.0145,-0.2836,1.0203,1,Wipro market update,1.0
2025-01-10,3.39,4476300,Wipro,0.0028,0.5293,1.0171,0,Wipro market update,1.0
2025-01-13,3.29,4934100,Wipro,-0.0284,0.1023,1.0148,0,Wipro market update,1.0
2025-01-14,3.27,2813700,Wipro,-0.0058,-0.4297,1.0177,1,Wipro market update,1.0
2025-01-15,3.31,4315700,Wipro,0.0118,0.5338,1.0177,0,Wipro market update,1.0
2025-01-16,3.17,6241100,Wipro,-0.0407,0.4461,1.0366,1,Wipro market update,1.0
2025-01-17,3.31,7784600,Wipro,0.0424,0.2473,1.0569,1,Wipro market update,1.0
2025-01-21,3.39,6480400,Wipro,0.0233,-0.1675,1.0321,1,Wipro market update,1.0
2025-01-22,3.52,8759600,Wipro,0.0398,0.3517,1.0279,1,Wipro market update,1.0
2025-01-23,3.6,5952200,Wipro,0.0219,-0.3205,1.0135,1,Wipro market update,1.0
2025-01-24,3.63,7359900,Wipro,0.008,0.2365,1.0134,0,Wipro market update,1.0
2025-01-27,3.52,6803000,Wipro,-0.0292,-0.0757,1.0166,1,Wipro market update,1.0
2025-01-28,3.58,8966200,Wipro,0.0164,0.318,1.0223,1,Wipro market update,1.0
2025-01-29,3.61,21669600,Wipro,0.0082,1.4168,1.0164,0,Wipro market update,1.0
2025-01-31,3.6,6066300,Wipro,-0.0027,0.0161,1.0165,1,Wipro market update,1.0
2025-02-03,3.61,6239800,Wipro,0.0027,0.0286,1.0193,1,Wipro market update,1.0
2025-02-04,3.65,4854900,Wipro,0.0109,-0.2219,1.0081,0,Wipro market update,1.0
2025-02-05,3.64,7786800,Wipro,-0.0027,0.6039,1.0191,0,Wipro market update,1.0
2025-02-06,3.63,5127100,Wipro,-0.0027,-0.3416,1.0137,0,Wipro market update,1.0
2025-02-07,3.6,4723900,Wipro,-0.0081,-0.0786,1.0137,1,Wipro market update,1.0
2025-02-10,3.62,2799300,Wipro,0.0054,-0.4074,1.0109,0,Wipro market update,1.0
2025-02-11,3.61,2473600,Wipro,-0.0027,-0.1164,1.0166,0,Wipro market update,1.0
2025-02-12,3.56,2937600,Wipro,-0.0136,0.1876,1.0139,0,Wipro market update,1.0
2025-02-18,3.61,5913000,Wipro,0.0138,0.5561,1.0138,0,Wipro market update,1.0
2025-02-19,3.6,3868000,Wipro,-0.0027,-0.3458,1.0054,0,Wipro market update,1.0
2025-02-20,3.57,3830900,Wipro,-0.0082,-0.0096,1.0137,0,Wipro market update,1.0
2025-02-21,3.41,5681900,Wipro,-0.044,0.4832,1.0345,0,Wipro market update,1.0
2025-02-24,3.34,2960700,Wipro,-0.0201,-0.4789,1.0147,0,Wipro market update,1.0
2025-02-25,3.31,2406200,Wipro,-0.0088,-0.1873,1.0149,0,Wipro market update,1.0
2025-02-26,3.3,4594300,Wipro,-0.003,0.9094,1.0148,0,Wipro market update,1.0
2025-02-27,3.29,4074100,Wipro,-0.003,-0.1132,1.0209,0,Wipro market update,1.0
2025-02-28,3.21,4877500,Wipro,-0.0268,0.1972,1.025,0,Wipro market update,1.0
2025-03-03,3.19,5723700,Wipro,-0.0061,0.1735,1.0341,0,Wipro market update,1.0
2025-03-04,3.16,3664800,Wipro,-0.0092,-0.3597,1.0252,1,Wipro market update,1.0
2025-03-05,3.25,4025800,Wipro,0.0311,0.0985,1.0152,0,Wipro market update,1.0
2025-03-06,3.22,3061400,Wipro,-0.012,-0.2396,1.0153,0,Wipro market update,1.0
2025-03-07,3.2,5148600,Wipro,-0.0061,0.6818,1.0154,0,Wipro market update,1.0
2025-03-10,3.12,4643400,Wipro,-0.0245,-0.0981,1.0221,0,Wipro market update,1.0
2025-03-11,3.08,6342600,Wipro,-0.0126,0.3659,1.0192,0,Wipro market update,1.0
2025-03-12,3.02,12388700,Wipro,-0.0191,0.9533,1.0164,0,Wipro market update,1.0
2025-03-13,2.97,4992800,Wipro,-0.0162,-0.597,1.0166,1,Wipro market update,1.0
2025-03-14,3.01,3314400,Wipro,0.0132,-0.3362,1.0164,0,Wipro market update,1.0
2025-03-17,2.99,6519800,Wipro,-0.0065,0.9671,1.0132,0,Wipro market update,1.0
2025-03-18,2.94,4736000,Wipro,-0.0164,-0.2736,1.02,1,Wipro market update,1.0
2025-03-19,3.01,3791500,Wipro,0.0233,-0.1994,1.0197,0,Wipro market update,1.0
2025-03-20,2.94,10611800,Wipro,-0.0228,1.7988,1.0269,1,Wipro market update,1.0
2025-03-21,2.97,7632500,Wipro,0.01,-0.2808,1.0234,1,Wipro market update,1.0
2025-03-24,3.07,5918400,Wipro,0.033,-0.2246,1.0194,1,Wipro market update,1.0
2025-03-25,3.08,3911800,Wipro,0.0032,-0.339,1.0096,0,Wipro market update,1.0
2025-03-26,3.04,5743200,Wipro,-0.0127,0.4682,1.0258,1,Wipro market update,1.0
2025-03-27,3.07,5122400,Wipro,0.0097,-0.1081,1.016,0,Wipro market update,1.0
2025-03-28,2.97,2516600,Wipro,-0.0319,-0.5087,1.0199,1,Wipro market update,1.0
2025-03-31,3.0,6802600,Wipro,0.0099,1.7031,1.0233,0,Wipro market update,1.0
2025-04-02,3.03,3954200,Wipro,0.0098,-0.0089,1.0297,0,Wipro market update,1.0
2025-04-03,2.86,5806300,Wipro,-0.055,0.4684,1.0274,0,Wipro market update,1.0
2025-04-04,2.73,9069000,Wipro,-0.0445,0.5619,1.0328,1,Wipro market update,1.0
2025-04-07,2.79,13825800,Wipro,0.0215,0.5245,1.0755,0,Wipro market update,1.0
2025-04-08,2.72,11265800,Wipro,-0.0246,-0.1852,1.073,1,Wipro market update,1.0
2025-04-09,2.83,11722500,Wipro,0.0396,0.0405,1.1217,0,Wipro market update,1.0
2025-04-10,2.78,9172300,Wipro,-0.0173,-0.2175,1.0618,0,Wipro market update,1.0
2025-04-14,2.79,6748600,Wipro,0.0035,-0.1484,1.0212,0,Wipro market update,1.0
2025-04-15,2.76,11983200,Wipro,-0.0105,0.7757,1.0357,0,Wipro market update,1.0
2025-04-16,2.68,7489800,Wipro,-0.0319,-0.375,1.057,0,Wipro market update,1.0
2025-04-17,2.65,5395500,Wipro,-0.011,-0.2796,1.0222,1,Wipro market update,1.0
2025-04-21,2.67,9035900,Wipro,0.0074,0.6747,1.0148,1,Wipro market update,1.0
2025-04-22,2.72,11279200,Wipro,0.0184,0.2483,1.0184,1,Wipro market update,1.0
2025-04-23,2.77,10995100,Wipro,0.0217,-0.0252,1.0177,1,Wipro market update,1.0
2025-04-24,2.79,7233400,Wipro,0.0071,-0.3421,1.0142,0,Wipro market update,1.0
2025-04-25,2.77,5406700,Wipro,-0.007,-0.2525,1.0251,1,Wipro market update,1.0
2025-04-28,2.78,7239400,Wipro,0.0035,0.339,1.0179,1,Wipro market update,1.0
2025-04-29,2.81,5895400,Wipro,0.0106,-0.1857,1.0141,0,Wipro market update,1.0
2025-04-30,2.8,5662900,Wipro,-0.0035,-0.0394,1.0178,0,Wipro market update,1.0
2025-05-02,2.84,4549400,Wipro,0.014,-0.1468,1.0104,0,Wipro market update,1.0
2025-05-06,2.83,4832500,Wipro,-0.0034,0.2805,1.014,1,Wipro market update,1.0
2025-05-07,2.84,5444400,Wipro,0.0035,0.1266,1.0284,0,Wipro market update,1.0
2025-05-08,2.74,10977800,Wipro,-0.0345,1.0163,1.0251,1,Wipro market update,1.0
2025-05-09,2.76,3426800,Wipro,0.0071,-0.6878,1.0214,1,Wipro market update,1.0
2025-05-12,2.93,7479300,Wipro,0.0603,1.1826,1.034,0,Wipro market update,1.0
2025-05-14,2.91,2968800,Wipro,-0.0067,-0.2516,1.0136,1,Wipro market update,1.0
2025-05-15,2.94,4527600,Wipro,0.0101,0.5251,1.0135,0,Wipro market update,1.0
2025-05-16,2.9,4048700,Wipro,-0.0133,-0.1058,1.0137,0,Wipro market update,1.0
2025-05-19,2.89,2770700,Wipro,-0.0034,-0.3157,1.0137,0,Wipro market update,1.0
2025-05-20,2.85,2444600,Wipro,-0.0136,-0.1177,1.0207,0,Wipro market update,1.0
2025-05-21,2.84,3455600,Wipro,-0.0034,0.4136,1.0139,0,Wipro market update,1.0
2025-05-22,2.79,5798500,Wipro,-0.0172,0.678,1.0106,1,Wipro market update,1.0
2025-05-23,2.8,4740300,Wipro,0.0035,-0.1825,1.0105,1,Wipro market update,1.0
2025-05-27,2.84,2549600,Wipro,0.014,-0.4621,1.0139,0,Wipro market update,1.0
2025-05-28,2.8,6193900,Wipro,-0.0138,1.4294,1.0105,1,Wipro market update,1.0
2025-05-29,2.83,2949600,Wipro,0.0105,-0.5238,1.0104,0,Wipro market update,1.0
2025-05-30,2.82,4375700,Wipro,-0.0035,0.4835,1.0139,0,Wipro market update,1.0
2025-06-02,2.81,7333300,Wipro,-0.0035,0.6759,1.014,0,Wipro market update,1.0
2025-06-03,2.77,4039100,Wipro,-0.0139,-0.4492,1.0106,1,Wipro market update,1.0
2025-06-04,2.78,6205600,Wipro,0.0035,0.5364,1.0142,1,Wipro market update,1.0
2025-06-05,2.8,3670900,Wipro,0.007,-0.4085,1.007,1,Wipro market update,1.0
2025-06-06,2.83,2915600,Wipro,0.0105,-0.2058,1.014,1,Wipro market update,1.0
2025-06-09,2.88,7019700,Wipro,0.0173,1.4076,1.0172,1,Wipro market update,1.0
2025-06-10,2.91,4283400,Wipro,0.0102,-0.3898,1.0102,1,Wipro market update,1.0
2025-06-11,2.94,5478200,Wipro,0.0101,0.2789,1.01,1,Wipro market update,1.0
2025-06-12,2.96,5884400,Wipro,0.0067,0.0741,1.01,0,Wipro market update,1.0
2025-06-13,2.91,3388100,Wipro,-0.0166,-0.4242,1.0168,1,Wipro market update,1.0
2025-06-16,2.97,2951400,Wipro,0.0202,-0.1289,1.0099,0,Wipro market update,1.0
2025-06-17,2.96,2256500,Wipro,-0.0033,-0.2354,1.01,0,Wipro market update,1.0
2025-06-18,2.92,3733000,Wipro,-0.0132,0.6543,1.0134,0,Wipro market update,1.0
2025-06-20,2.91,7483800,Wipro,-0.0034,1.0048,1.0304,1,Wipro market update,1.0
2025-06-23,2.96,3250300,Wipro,0.0168,-0.5657,1.0202,1,Wipro market update,1.0
2025-06-24,3.01,4542500,Wipro,0.0166,0.3976,1.0132,1,Wipro market update,1.0
2025-06-25,3.02,5519700,Wipro,0.0033,0.2151,1.0065,1,Wipro market update,1.0
2025-06-26,3.03,4593100,Wipro,0.0032,-0.1679,1.0098,0,Wipro market update,1.0
2025-06-27,2.98,6250700,Wipro,-0.0162,0.3609,1.0132,0,Wipro market update,1.0
2025-06-30,2.96,5217500,Wipro,-0.0066,-0.1653,1.0099,1,Wipro market update,1.0
2025-07-01,3.0,5049800,Wipro,0.0132,-0.0321,1.0166,1,Wipro market update,1.0
2025-07-02,3.02,5568900,Wipro,0.0065,0.1028,1.0131,1,Wipro market update,1.0
2025-07-03,3.05,3186200,Wipro,0.0097,-0.4279,1.0129,0,Wipro market update,1.0
2025-07-07,3.02,4067900,Wipro,-0.0096,0.2767,1.013,1,Wipro market update,1.0
2025-07-08,3.03,5936100,Wipro,0.0032,0.4593,1.0162,0,Wipro market update,1.0
2025-07-09,3.01,5784000,Wipro,-0.0065,-0.0256,1.0098,0,Wipro market update,1.0
2025-07-10,2.86,18824200,Wipro,-0.0489,2.2545,1.0523,0,Wipro market update,1.0
2025-07-11,2.85,10733000,Wipro,-0.0034,-0.4298,1.0138,0,Wipro market update,1.0
2025-07-14,2.82,9146100,Wipro,-0.0103,-0.1479,1.0139,1,Wipro market update,1.0
2025-07-15,2.84,10713000,Wipro,0.0069,0.1713,1.0138,1,Wipro market update,1.0
2025-07-16,2.9,12502500,Wipro,0.0207,0.167,1.0102,1,Wipro market update,1.0
2025-07-17,3.0,10391200,Wipro,0.0338,-0.1689,1.023,0,Wipro market update,1.0
2025-07-18,2.94,4827900,Wipro,-0.0196,-0.5354,1.0235,0,Wipro market update,1.0
2025-07-21,2.91,5724600,Wipro,-0.01,0.1857,1.0171,0,Wipro market update,1.0
2025-07-22,2.89,6710200,Wipro,-0.0067,0.1722,1.0171,1,Wipro market update,1.0
2025-07-23,2.93,8089800,Wipro,0.0136,0.2056,1.0169,0,Wipro market update,1.0
2025-07-24,2.88,5412100,Wipro,-0.0167,-0.331,1.0137,0,Wipro market update,1.0
2025-07-25,2.87,6860900,Wipro,-0.0034,0.2677,1.0173,0,Wipro market update,1.0
2025-07-28,2.77,10189700,Wipro,-0.0355,0.4852,1.0326,1,Wipro market update,1.0
2025-07-29,2.8,7989800,Wipro,0.0108,-0.2159,1.0144,0,Wipro market update,1.0
2025-07-30,2.75,8269100,Wipro,-0.0179,0.035,1.0183,0,Wipro market update,1.0
2025-07-31,2.72,8502200,Wipro,-0.0109,0.0282,1.0148,0,Wipro market update,1.0
2025-08-01,2.68,6334500,Wipro,-0.0147,-0.255,1.0188,0,Wipro market update,1.0
2025-08-04,2.67,12843400,Wipro,-0.0037,1.0275,1.0226,1,Wipro market update,1.0
2025-08-05,2.68,9808700,Wipro,0.0037,-0.2363,1.0149,0,Wipro market update,1.0
2025-08-06,2.64,9068800,Wipro,-0.0149,-0.0754,1.0229,1,Wipro market update,1.0
2025-08-07,2.66,9248700,Wipro,0.0076,0.0198,1.0302,0,Wipro market update,1.0
2025-08-11,2.65,12225800,Wipro,-0.0038,1.1597,1.0191,1,Wipro market update,1.0
2025-08-12,2.68,13108000,Wipro,0.0113,0.0722,1.0151,1,Wipro market update,1.0
2025-08-13,2.73,12275100,Wipro,0.0187,-0.0635,1.0187,0,Wipro market update,1.0
2025-08-14,2.71,9241200,Wipro,-0.0073,-0.2472,1.0224,1,Wipro market update,1.0
2025-08-15,2.73,3326000,Wipro,0.0074,-0.6401,1.0147,1,Wipro market update,1.0
2025-08-18,2.75,2611400,Wipro,0.0073,-0.2149,1.011,0,Wipro market update,1.0
2025-08-20,2.79,4319000,Wipro,0.0145,-0.4409,1.0108,1,Wipro market update,1.0
2025-08-21,2.8,4833000,Wipro,0.0036,0.119,1.0144,1,Wipro market update,1.0
2025-08-22,2.82,9128200,Wipro,0.0071,0.8887,1.0217,1,Wipro market update,1.0
2025-08-25,2.83,5329300,Wipro,0.0035,-0.4162,1.0071,0,Wipro market update,1.0
2025-08-26,2.78,3034500,Wipro,-0.0177,-0.4306,1.0144,1,Wipro market update,1.0
2025-08-27,2.81,4231200,Wipro,0.0108,0.3944,1.0181,0,Wipro market update,1.0
2025-08-28,2.8,4052100,Wipro,-0.0036,-0.0423,1.0144,0,Wipro market update,1.0
2025-08-29,2.76,5655000,Wipro,-0.0143,0.3956,1.0109,0,Wipro market update,1.0
2025-09-03,2.77,2733800,Wipro,0.0036,-0.4107,1.0109,0,Wipro market update,1.0
2025-09-04,2.73,4093400,Wipro,-0.0144,0.4973,1.0261,0,Wipro market update,1.0
2025-09-08,2.75,5632300,Wipro,0.0073,-0.0292,1.0147,1,Wipro market update,1.0
2025-09-09,2.77,4141800,Wipro,0.0073,-0.2646,1.0109,1,Wipro market update,1.0
2025-09-10,2.81,10571500,Wipro,0.0144,1.5524,1.0142,0,Wipro market update,1.0
2025-09-11,2.79,10480000,Wipro,-0.0071,-0.0087,1.0181,0,Wipro market update,1.0
2025-09-12,2.77,3783300,Wipro,-0.0072,-0.639,1.0109,0,Wipro market update,1.0
2025-09-15,2.76,14365600,Wipro,-0.0036,2.7971,1.0219,1,Wipro market update,1.0
2025-09-16,2.78,6765600,Wipro,0.0072,-0.529,1.0072,1,Wipro market update,1.0
2025-09-17,2.88,13688200,Wipro,0.036,1.0232,1.0285,0,Wipro market update,1.0
2025-09-18,2.86,5109000,Wipro,-0.0069,-0.6268,1.0105,0,Wipro market update,1.0
2025-09-19,2.8,10155800,Wipro,-0.021,0.9878,1.0399,0,Wipro market update,1.0
2025-09-22,2.79,3901600,Wipro,-0.0036,-0.6158,1.0182,0,Wipro market update,1.0
2025-09-23,2.73,5792700,Wipro,-0.0215,0.4847,1.0295,0,Wipro market update,1.0
2025-09-24,2.72,9195100,Wipro,-0.0037,0.5874,1.0187,0,Wipro market update,1.0
2025-09-25,2.67,7069200,Wipro,-0.0184,-0.2312,1.0303,0,Wipro market update,1.0
2025-09-26,2.65,17546300,Wipro,-0.0075,1.4821,1.023,1,Wipro market update,1.0
2025-09-29,2.66,8147600,Wipro,0.0038,-0.5357,1.0113,0,Wipro market update,1.0
2025-09-30,2.63,7067000,Wipro,-0.0113,-0.1326,1.0307,0,Wipro market update,1.0
2025-10-02,2.62,9042300,Wipro,-0.0038,0.1426,1.0233,0,Wipro market update,1.0
2025-10-06,2.66,9027900,Wipro,0.0153,-0.0481,1.0191,0,Wipro market update,1.0
2025-10-07,2.63,9957300,Wipro,-0.0113,0.1029,1.0152,1,Wipro market update,1.0
2025-10-08,2.66,9176500,Wipro,0.0114,-0.0784,1.0152,1,Wipro market update,1.0
2025-10-09,2.72,9735900,Wipro,0.0226,0.061,1.0224,0,Wipro market update,1.0
2025-10-10,2.66,11039200,Wipro,-0.0221,0.1339,1.0338,1,Wipro market update,1.0
2025-10-13,2.69,11460100,Wipro,0.0113,0.0381,1.0226,1,Wipro market update,1.0
2025-10-14,2.73,16347700,Wipro,0.0149,0.4265,1.0223,1,Wipro market update,1.0
2025-10-15,2.74,14471000,Wipro,0.0037,-0.1148,1.0146,0,Wipro market update,1.0
2025-10-16,2.67,10950500,Wipro,-0.0255,-0.2433,1.03,0,Wipro market update,1.0
2025-10-17,2.64,8945000,Wipro,-0.0112,-0.1831,1.0229,0,Wipro market update,1.0
2025-10-21,2.69,8281600,Wipro,0.0189,-0.3173,1.0305,1,Wipro market update,1.0
2025-10-22,2.72,9201000,Wipro,0.0112,0.111,1.0187,0,Wipro market update,1.0
2025-10-23,2.71,5595100,Wipro,-0.0037,-0.3919,1.0148,0,Wipro market update,1.0
2025-10-24,2.69,9331800,Wipro,-0.0074,0.6679,1.0112,0,Wipro market update,1.0
2025-10-27,2.67,6113100,Wipro,-0.0074,-0.3449,1.015,1,Wipro market update,1.0
2025-10-28,2.68,5667500,Wipro,0.0037,-0.0729,1.0228,0,Wipro market update,1.0
2025-10-29,2.67,9025600,Wipro,-0.0037,0.5925,1.0226,0,Wipro market update,1.0
2025-10-31,2.63,7204400,Wipro,-0.015,-0.3467,1.0153,0,Wipro market update,1.0
2025-11-03,2.61,5129200,Wipro,-0.0076,-0.288,1.0192,0,Wipro market update,1.0
2025-11-04,2.58,4475900,Wipro,-0.0115,-0.1274,1.0156,1,Wipro market update,1.0
2025-11-05,2.63,4589200,Wipro,0.0194,0.0253,1.0154,0,Wipro market update,1.0
2025-11-06,2.61,4584800,Wipro,-0.0076,-0.001,1.0154,0,Wipro market update,1.0
2025-11-07,2.6,9325100,Wipro,-0.0038,1.0339,1.0235,1,Wipro market update,1.0
2025-11-10,2.62,4862200,Wipro,0.0077,-0.4786,1.0115,1,Wipro market update,1.0
2025-11-11,2.67,3804700,Wipro,0.0191,-0.2175,1.0152,0,Wipro market update,1.0
2025-11-12,2.66,3714800,Wipro,-0.0037,-0.0236,1.0189,0,Wipro market update,1.0
2025-11-14,2.65,4657400,Wipro,-0.0038,-0.2354,1.0076,0,Wipro market update,1.0
2025-11-17,2.63,8178200,Wipro,-0.0075,0.756,1.0114,0,Wipro market update,1.0
2025-11-19,2.69,6627500,Wipro,0.0228,-0.2708,1.0226,0,Wipro market update,1.0
2025-11-21,2.7,6938500,Wipro,0.0037,-0.3185,1.0189,0,Wipro market update,1.0
2025-11-26,2.69,9815800,Wipro,-0.0037,0.6385,1.0262,1,Wipro market update,1.0
2025-11-28,2.72,4205000,Wipro,0.0112,-0.5716,1.0187,0,Wipro market update,1.0
2025-12-02,2.73,3311700,Wipro,0.0037,-0.2673,1.0111,1,Wipro market update,1.0
2025-12-03,2.77,4814900,Wipro,0.0147,0.4539,1.0147,1,Wipro market update,1.0
2025-12-04,2.82,7801800,Wipro,0.0181,0.6203,1.0181,1,Wipro market update,1.0
2025-12-05,2.85,6223200,Wipro,0.0106,-0.2023,1.0106,0,Wipro market update,1.0
2025-12-08,2.83,6061700,Wipro,-0.007,-0.026,1.0178,1,Wipro market update,1.0
2025-12-09,2.86,7606500,Wipro,0.0106,0.2548,1.0286,1,Wipro market update,1.0
2025-12-10,2.89,9431300,Wipro,0.0105,0.2399,1.0211,0,Wipro market update,1.0
2025-12-11,2.83,9749600,Wipro,-0.0208,0.0337,1.0213,0,Wipro market update,1.0
2025-12-12,2.78,9149600,Wipro,-0.0177,-0.0615,1.029,1,Wipro market update,1.0
2025-12-15,2.82,4162100,Wipro,0.0144,-0.5451,1.0179,0,Wipro market update,1.0
2025-12-16,2.8,4884500,Wipro,-0.0071,0.1736,1.0108,1,Wipro market update,1.0
2025-12-17,2.85,7767600,Wipro,0.0179,0.5903,1.0177,1,Wipro market update,1.0
2025-12-18,2.86,7493700,Wipro,0.0035,-0.0353,1.0246,1,Wipro market update,1.0
2025-12-19,3.06,47106700,Wipro,0.0699,5.2862,1.0692,0,Wipro market update,1.0
2025-12-22,3.02,6870700,Wipro,-0.0131,-0.8541,1.0267,0,Wipro market update,1.0
2025-12-23,2.97,4933900,Wipro,-0.0166,-0.2819,1.0236,0,Wipro market update,1.0
2025-12-24,2.91,4195500,Wipro,-0.0202,-0.1497,1.0172,1,Wipro market update,1.0
2025-12-26,2.92,1079500,Wipro,0.0034,-0.7427,1.0103,0,Wipro market update,1.0
2025-12-29,2.89,2452700,Wipro,-0.0103,1.2721,1.0105,0,Wipro market update,1.0
2025-12-30,2.86,3884900,Wipro,-0.0104,0.5839,1.007,0,Wipro market update,1.0
2025-12-31,2.84,2542300,Wipro,-0.007,-0.3456,1.0106,1,Wipro market update,1.0
2026-01-02,2.92,4718500,Wipro,0.0282,0.856,1.0278,0,Wipro market update,1.0
2026-01-05,2.86,5306900,Wipro,-0.0205,0.1247,1.0175,1,Wipro market update,1.0
2026-01-06,2.9,4053400,Wipro,0.014,-0.2362,1.0104,1,Wipro market update,1.0
2026-01-07,2.93,2458100,Wipro,0.0103,-0.3936,1.0171,0,Wipro market update,1.0
2026-01-08,2.91,5453200,Wipro,-0.0068,1.2185,1.0139,0,Wipro market update,1.0
2026-01-09,2.87,4841100,Wipro,-0.0137,-0.1122,1.0139,1,Wipro market update,1.0
2026-01-12,2.91,3709800,Wipro,0.0139,-0.2337,1.0139,0,Wipro market update,1.0
2026-01-13,2.88,6748000,Wipro,-0.0103,0.819,1.0244,1,Wipro market update,1.0
2026-01-14,3.03,20512100,Wipro,0.0521,2.0397,1.0552,0,Wipro market update,1.0
2026-01-15,2.97,5553600,Wipro,-0.0198,-0.7293,1.017,0,Wipro market update,1.0
2026-01-16,2.75,13547300,Wipro,-0.0741,1.4394,1.0366,0,Wipro market update,1.0
2026-01-20,2.6,5397400,Wipro,-0.0545,-0.6016,1.0308,0,Wipro market update,1.0
2026-01-22,2.61,4561100,Wipro,0.0038,-0.3581,1.0154,0,Wipro market update,1.0
2026-01-23,2.58,4089500,Wipro,-0.0115,-0.1034,1.0195,1,Wipro market update,1.0
2026-01-26,2.61,3200700,Wipro,0.0116,-0.2173,1.0156,0,Wipro market update,1.0
2026-01-28,2.55,9834000,Wipro,-0.023,0.0587,1.0275,0,Wipro market update,1.0
2026-01-29,2.53,8378600,Wipro,-0.0078,-0.148,1.0319,0,Wipro market update,1.0
2026-01-30,2.52,7392500,Wipro,-0.004,-0.1177,1.02,1,Wipro market update,1.0
2026-02-02,2.69,14427000,Wipro,0.0675,0.9516,1.0506,0,Wipro market update,1.0
2026-02-03,2.56,17028400,Wipro,-0.0483,0.1803,1.0677,0,Wipro market update,1.0
2026-02-05,2.55,12886500,Wipro,-0.0039,-0.0858,1.0198,0,Wipro market update,1.0
2026-02-06,2.51,11881700,Wipro,-0.0157,-0.078,1.0324,0,Wipro market update,1.0
2026-02-09,2.44,10756700,Wipro,-0.0279,-0.0947,1.0206,1,Wipro market update,1.0
2026-02-10,2.5,8329000,Wipro,0.0246,-0.2257,1.0245,0,Wipro market update,1.0
2026-02-11,2.39,13972900,Wipro,-0.044,0.6776,1.0464,0,Wipro market update,1.0
2026-02-12,2.28,24548600,Wipro,-0.046,0.7569,1.031,1,Wipro market update,1.0
2026-02-13,2.34,12586000,Wipro,0.0263,-0.4873,1.0439,0,Wipro market update,1.0
2026-02-17,2.29,11407700,Wipro,-0.0214,-0.0936,1.0351,1,Wipro market update,1.0
2026-02-18,2.3,8250400,Wipro,0.0044,-0.2768,1.0264,0,Wipro market update,1.0
2026-02-19,2.24,9659100,Wipro,-0.0261,0.1707,1.0224,1,Wipro market update,1.0
2026-02-20,2.26,5198800,Wipro,0.0089,-0.4618,1.0179,0,Wipro market update,1.0
2026-02-23,2.19,12429500,Wipro,-0.031,1.3908,1.0183,0,Wipro market update,1.0
2026-02-24,2.14,13196300,Wipro,-0.0228,0.0617,1.033,1,Wipro market update,1.0
2026-02-25,2.2,16278400,Wipro,0.028,0.2336,1.0472,1,Wipro market update,1.0
2026-02-26,2.25,13591500,Wipro,0.0227,-0.1651,1.0271,0,Wipro market update,1.0
2026-02-27,2.22,11393500,Wipro,-0.0133,-0.1617,1.0276,0,Wipro market update,1.0
2026-03-02,2.16,12025700,Wipro,-0.027,0.0555,1.0376,1,Wipro market update,1.0
2026-03-03,2.2,12828300,Wipro,0.0185,0.0667,1.0569,0,Wipro market update,1.0
2026-03-05,2.22,22146600,Wipro,0.0091,0.3631,1.0323,1,Wipro market update,1.0
2026-03-06,2.32,18684300,Wipro,0.045,-0.1563,1.0495,0,Wipro market update,1.0
2026-03-09,2.31,21745900,Wipro,-0.0043,0.1639,1.0357,1,Wipro market update,1.0
2026-03-10,2.55,46465300,Wipro,0.1039,1.1367,1.1179,0,Wipro market update,1.0
2026-03-11,2.37,43733100,Wipro,-0.0706,-0.0588,1.0733,0,Wipro market update,1.0
2026-03-12,2.3,21134600,Wipro,-0.0295,-0.5167,1.0533,0,Wipro market update,1.0
2026-03-13,2.26,15317200,Wipro,-0.0174,-0.2753,1.0133,0,Wipro market update,1.0
2026-03-16,2.21,20488300,Wipro,-0.0221,0.3376,1.0227,1,Wipro market update,1.0
2026-03-17,2.22,9159500,Wipro,0.0045,-0.5529,1.032,0,Wipro market update,1.0
2026-03-18,2.19,16585900,Wipro,-0.0135,0.8108,1.0275,0,Wipro market update,1.0
2026-03-20,2.15,14875500,Wipro,-0.0183,0.3981,1.0327,1,Wipro market update,1.0
2026-03-23,2.16,11958600,Wipro,0.0047,-0.1961,1.0282,0,Wipro market update,1.0
2026-03-24,2.1,8495800,Wipro,-0.0278,-0.2896,1.0286,0,Wipro market update,1.0
2026-03-25,2.09,9633900,Wipro,-0.0048,0.134,1.0437,0,Wipro market update,1.0
2026-03-27,2.08,10653300,Wipro,-0.0048,0.9224,1.0293,0,Wipro market update,1.0
2026-03-30,2.07,11305100,Wipro,-0.0048,0.0612,1.0291,1,Wipro market update,1.0
2026-03-31,2.12,11065200,Wipro,0.0242,-0.0212,1.0386,0,Wipro market update,1.0
2026-04-01,2.11,9721500,Wipro,-0.0047,-0.1214,1.0338,1,Wipro market update,1.0
2026-04-02,2.16,10329600,Wipro,0.0237,0.0626,1.033,1,Wipro market update,1.0
2026-04-06,2.19,8231000,Wipro,0.0139,-0.2032,1.0279,1,Wipro market update,1.0
2026-04-07,2.25,12249000,Wipro,0.0274,0.4882,1.0271,0,Wipro market update,1.0
2026-04-09,2.26,13102200,Wipro,0.0044,1.1244,1.0364,0,Wipro market update,1.0
2026-04-10,2.17,10651300,Wipro,-0.0398,-0.1871,1.0461,1,Wipro market update,1.0
2026-04-13,2.24,14648300,Wipro,0.0323,0.3753,1.0321,0,Wipro market update,1.0
2026-04-14,2.21,10538700,Wipro,-0.0134,-0.2806,1.032,1,Wipro market update,1.0
2026-04-15,2.27,10883200,Wipro,0.0271,0.0327,1.0133,0,Wipro market update,1.0
2026-04-16,2.16,21130600,Wipro,-0.0485,0.9416,1.066,1,Wipro market update,1.0
2026-04-17,2.19,7563000,Wipro,0.0139,-0.6421,1.0324,0,Wipro market update,1.0
2026-04-20,2.14,7598600,Wipro,-0.0228,0.0047,1.0187,0,Wipro market update,1.0
2026-04-21,2.13,14079800,Wipro,-0.0047,0.8529,1.0282,0,Wipro market update,1.0
2026-04-22,2.11,13315900,Wipro,-0.0094,-0.0543,1.0142,0,Wipro market update,1.0
2026-04-23,2.03,23794800,Wipro,-0.0379,0.7869,1.0348,1,Wipro market update,1.0
2026-04-24,2.04,8579400,Wipro,0.0049,-0.6394,1.0249,1,Wipro market update,1.0
2026-04-27,2.05,7829600,Wipro,0.0049,-0.0874,1.0246,0,Wipro market update,1.0
2026-04-28,2.03,7502900,Wipro,-0.0098,-0.0417,1.0297,0,Wipro market update,1.0
2026-04-29,2.02,7609500,Wipro,-0.0049,0.0142,1.015,1,Wipro market update,1.0
2026-04-30,2.04,7886800,Wipro,0.0099,0.0364,1.0199,0,Wipro market update,1.0
2026-05-01,2.03,3327300,Wipro,-0.0049,-0.5781,1.0099,0,Wipro market update,1.0
2026-05-04,1.99,8028400,Wipro,-0.0197,1.4129,1.0251,0,Wipro market update,1.0
2026-05-06,2.0,6971400,Wipro,0.005,0.1771,1.0203,0,Wipro market update,1.0
2026-05-07,1.98,15180000,Wipro,-0.01,1.1775,1.0254,0,Wipro market update,1.0
2026-05-08,1.95,14524600,Wipro,-0.0152,-0.0432,1.0363,0,Wipro market update,1.0
2026-05-11,1.9,13701800,Wipro,-0.0256,-0.0566,1.0368,0,Wipro market update,1.0
2026-05-12,1.86,12348800,Wipro,-0.0211,-0.0987,1.0324,0,Wipro market update,1.0
2026-05-13,1.82,21176400,Wipro,-0.0215,0.7149,1.0278,1,Wipro market update,1.0
2026-05-14,1.85,20611300,Wipro,0.0165,-0.0267,1.0383,1,Wipro market update,1.0
2026-05-15,1.89,12500400,Wipro,0.0216,-0.3935,1.0437,1,Wipro market update,1.0
2026-05-18,1.94,13688000,Wipro,0.0265,0.095,1.0319,0,Wipro market update,1.0
2026-05-19,1.93,9090700,Wipro,-0.0052,-0.3359,1.0207,1,Wipro market update,1.0
2026-05-20,1.97,7700100,Wipro,0.0207,-0.153,1.0365,1,Wipro market update,1.0
2026-05-21,1.98,7115600,Wipro,0.0051,-0.0759,1.0309,1,Wipro market update,1.0
2026-05-22,2.01,7036000,Wipro,0.0152,-0.0112,1.02,1,Wipro market update,1.0
2026-05-26,2.06,10363300,Wipro,0.0249,0.4729,1.04,0,Wipro market update,1.0
2026-05-27,2.05,11911200,Wipro,-0.0049,0.1494,1.0343,1,Wipro market update,1.0
2026-05-28,2.43,24909500,Wipro,0.1854,1.0913,1.2146,0,Wipro market update,1.0
2026-05-29,2.36,21851600,Wipro,-0.0288,-0.1228,1.0977,1,Wipro market update,1.0
2026-06-01,2.41,19446500,Wipro,0.0212,-0.1101,1.0965,0,Wipro market update,1.0
2026-06-02,2.21,11741200,Wipro,-0.083,-0.3962,1.0829,0,Wipro market update,1.0
2026-06-03,2.13,5059000,Wipro,-0.0362,-0.5691,1.0235,0,Wipro market update,1.0
2026-06-04,2.07,8876100,Wipro,-0.0282,0.7545,1.0485,1,Wipro market update,1.0
2026-06-05,2.1,7297600,Wipro,0.0145,-0.1778,1.0446,1,Wipro ( NYSE : WIT ) Shares Gap Down – Time to Sell ? ,1.0
2026-06-08,2.18,14700000,Wipro,0.0381,1.0144,1.0887,0,Wipro ( NYSE : WIT ) Shares Gap Down – Time to Sell ? ,1.0
2026-06-09,2.16,10646800,Wipro,-0.0092,-0.2757,1.0469,0,"Ahead of Market : 10 things that will decide stock market action on Wednesday | Wipro shares hit fresh 52 week low ahead of buyback opening ; buy , add or wait ?  | IndiGo shares gain 2 % after analyst meet . Why Goldman , Morgan Stanley , others see up to 38 % upside ?  | RVNL shares jump 3 % after securing Rs 221 crore Railway contract",4.0
2026-06-10,2.1,5393600,Wipro,-0.0278,-0.4934,1.0574,1,"Secondaries Edge : Secondaries Boom Faces Quality Squeeze as New Liquidity Machines Multiply | Will AI - led tech unwinding pause Rs 60 , 000 crore FII selloff in Indian IT stocks ?  | Wipro ₹15 , 000 crore buyback opens tomorrow : Should you tender your shares ? Key details explained | Sensex up over 500 pts , Nifty nears 23 , 400 : Reliance , FMCG stocks among key factors driving gains despite Iran tensions | Four IT stocks in India with strong growth plans",5.0
2026-06-11,2.15,9056900,Wipro,0.0238,0.6792,1.0588,1,"Stock Market Highlights , June 11 : Sensex , Nifty end lower as West Asia tensions weigh ; IT stocks extend losing streak | IT Stocks Crash Today : TCS , Infosys , Wipro चे शेअर्स नीचांकी पातळीवर ; ५ मोठी कारणे !  | Wipro Buyback 2026 : Wipro Rs 15 , 000 crore buyback opens - what it means for retail investors | Taking Stock : Nifty ends near 23 , 150 in volatile trade ; pharma , private banks rally | Wipro Rs 15 , 000 Crore Buyback Opens Today : Check Eligibility , Tender Process , Key Dates And Potential Gains | Global Tech Stocks Sell - Off ; अखेर बुल रनचा फुगा फुटला ... Share Market मध्ये त्सुनामीचे संकेत ; IT कंपन्यांना आली उपरती , गुंतवणूकदारांचा हिरमोड | Sensex Drops 450 Points In Early Trade , Nifty Slips Below 23 , 100 As Oil Prices Surge On West Asia Tensions | Momentum Stocks : HCLTech , LTIMindtree , Zensar Tech , RVNL , Kalyan Jewellers hit 52 - week low | Wipro Rs 15 , 000 crore buyback opens today : Analysts expect 7 - 8 % returns for retail investors . Here how | Daily Voice : AI stocks in a late - cycle momentum trade , not headed for a structural collapse ; Rishabh Nahar warns against complacency at current valuations",10.0
2026-06-12,2.2,5768300,Wipro,0.0233,-0.3631,1.0512,1,Cognizant dropped from Nasdaq - 100 Index for the first time in over two decades | Nifty in control of FIIs ? The unlucky 13 bluechips facing the hardest institutional selloff,2.0
2026-06-15,2.3,15047400,Wipro,0.0455,1.6086,1.0588,1,Wipro announces center of excellence in Bengaluru for Claude models,1.0
2026-06-16,2.37,13211100,Wipro,0.0304,-0.122,1.0664,1,Wipro announces center of excellence in Bengaluru for Claude models,1.0
2026-06-17,2.48,15569300,Wipro,0.0464,0.1785,1.072,0,"FinancialContent - Kyndryl and Everforth Shares Plummet , What You Need To Know | FinancialContent - EPAM , Gartner , and Accenture Shares Plummet , What You Need To Know | International Markets Wrap | Dow Opens Higher as Kevin Warsh Leads First Fed Meeting | Guardian Wealth Advisors LLC NC Purchases 8 , 857 Shares of ServiceNow , Inc . $NOW | Guardian Wealth Advisors LLC NC Has $1 . 70 Million Stock Position in ServiceNow , Inc . $NOW | Markets : Four - Day Winning Streak : Sensex Gains 347 Pts , but Stalled Monsoon Caps Upside – The Indian Awaaz | लगातार चौथे दिन बाजार में रौनक : सेंसेक्स 347 अंक उछला , लेकिन कम बारिश ने बढ़ाई चिंता – The Indian Awaaz | Barbara Oil Co . Acquires 5 , 060 Shares of ServiceNow , Inc . $NOW | Vedanta Iron and Steel shares rally 16 % in 3 days as Azim Premji - backed fund buys shares worth Rs 102 crore | Wipro Rs 15 , 000 crore buyback closes today : Should retail investors participate ? Analysts weigh in | Nifty IT rises 4 . 3 % in three sessions to cross 29 , 000 : Infosys , Tech Mahindra , Wipro & TCS lead gains | Sensex Up 272 Points , Nifty Continues Bull Run As Crude Slips Below $80 Per Barrel After Peace Agreement | Stocks to watch : GIC , Wipro , Prime Focus among shares in focus today ; check list here | Stocks in news : Prime Focus , Groww , GIC RE , Wipro , Nykaa",14.0
2026-06-18,2.39,29607200,Wipro,-0.0363,0.9016,1.0756,0,"AI jitters trigger another sell - off in IT stocks | Wipro ( NYSE : WIT ) Stock Price Down 6 . 2 % – Time to Sell ?  | Infosys , Wipro ADRs slide after Accenture weak outlook sparks fresh concerns over IT demand | Stock market today : Which are the top gainers and losers in BSE Sensex and Nifty50 today ? Check list | निफ्टी में जल्द हासिल हो सकते हैं 24250 - 24400 के टारगेट , इस शेयर में दिख रहा दमदार कमाई का मौका | Sensex down 300 pts from day high , Nifty below 24 , 050 : 5 key reasons behind markets turning red",6.0
2026-06-22,2.24,11648300,Wipro,-0.0628,-0.6066,1.1014,1,"FinancialContent - Why Accenture ( ACN ) Stock Is Down Today | Stock Market Highlights , June 22 : Sensex gains 291 pts , Nifty closes above 24 , 100 ; most sectors end higher | Stocks To Watch Today On June 22 : Reliance , Tata Motors , Sun Pharma , Bharat Forge , Voltas Among Stocks in Focus",3.0
2026-06-23,2.29,15555300,Wipro,0.0223,0.3354,1.0541,0,"Ahead of Market : 10 things that will decide stock market action on Wednesday | Nifty , Sensex , Borader Market Slump on Global Selloff : Tuesday Market Report | लगातार तेजी के बाद फिसला बाजार , सेंसेक्स 893 अंक गिरा ; आईटी , मेटल और पीएसयू बैंक के शेयरों में भारी गिरावट | sensex - falls - 893 - points - it - metal - psu - bank - stocks - decline | शेयर बाजार में भारी गिरावट : सेंसेक्स 500 अंक फिसला , निफ्टी 24 , 000 के नीचे ; जानिए गिरावट की 3 बड़ी वजह | Top Gainers & Losers on June 23 : Vedanta , Hindustan Zinc , Infosys , TCS , Bank of Baroda among top losers | Sensex tumbles 900 points , Nifty closes below 23 , 900 amid sell - off in IT stocks | Markets | Taking Stock : Nifty slips below 23 , 850 , Sensex sheds 893 pts ; pharma outperforms | Why Accenture ( ACN ) Stock Is Down Today",8.0
2026-06-24,2.19,29158200,Wipro,-0.0437,0.8745,1.0741,0,"Research Analyst Updated EPS Estimates for June 24th ( ALTG , APGE , BAESY , BARC , BNZL , BRBY , CBRS , CLYM , COUR , DGE )  | Research Analyst Updated EPS Estimates for June 24th ( ALTG , APGE , BAESY , BARC , BNZL , BRBY , CBRS , CLYM , COUR , DGE )  | Vodafone Idea , Roto Pumps , YES Bank among most traded stocks on NSE today , 24 June 2026 | Bajaj Auto share buyback : Stock turns ex date , falls 2 %; tender period , retail quota , entitlement ratio | Nifty , Sensex , Broader Market Slump on Global Selloff : Tuesday Market Report",5.0
2026-06-26,2.27,7507300,Wipro,0.0365,-0.4818,1.0505,0,Wipro Rs 1 crore - plus club shrinks to 101 in FY26 amid aggressive cost optimization,1.0
2026-06-29,2.17,8051800,Wipro,-0.0441,0.0725,1.0599,1,"Stock Market Highlights , Jun 29 : Sensex falls 372 pts to settle at 76 , 728 , Nifty closes below 24 , 000 ; Kotak Bank , M & M top losers",1.0
2026-06-30,2.25,13352100,Wipro,0.0369,0.6583,1.0751,0,"Stock Market Highlights , Jun 29 : Sensex falls 372 pts to settle at 76 , 728 , Nifty closes below 24 , 000 ; Kotak Bank , M & M top losers",1.0
2026-07-01,1.87,35265500,Wipro,-0.1689,1.6412,1.2032,1,"Stock Market Highlights , Jun 29 : Sensex falls 372 pts to settle at 76 , 728 , Nifty closes below 24 , 000 ; Kotak Bank , M & M top losers",1.0
2026-07-02,1.89,14188300,Wipro,0.0107,-0.5977,1.0481,0,"Stock Market Highlights , Jun 29 : Sensex falls 372 pts to settle at 76 , 728 , Nifty closes below 24 , 000 ; Kotak Bank , M & M top losers",1.0
2026-07-06,1.84,19263100,Wipro,-0.0265,0.3577,1.0328,1,"Indian equities open higher amid monsoon revival , FII inflows | Navi eyes Rs 3 , 000 - crore IPO ; inside IT CEO pay",2.0
2026-07-07,1.85,12844800,Wipro,0.0054,-0.3332,1.0383,0,"TCS , Infosys and other Indian IT stocks rise up to 4 % after AI worries trigger Kospi selloff | Vedanta Iron and Steel , Vedanta Aluminium , 2 other stocks drop up to 5 %. What spooking investors ?  | IT stocks are beginning to offer bank FD - like dividend yields . But is that a trap for investors ? ",3.0
2026-07-08,1.83,9513800,Wipro,-0.0108,-0.2593,1.0221,1,"पश्चिम एशिया तनाव का असर , शेयर बाजार में गिरावट , सेंसेक्स और निफ्टी भी दबाव में | Google Cloud big India AI bet ; Swiggy crosses key ownership threshold",2.0
2026-07-09,1.85,6360200,Wipro,0.0109,-0.3315,1.0333,1,How to trade TCS shares before Q1 results ? Key levels and 5 things to watch out for | TCS shares dip 2 % ahead of Q1 earnings today . What can shareholders expect ? ,2.0
2026-07-10,1.87,17706300,Wipro,0.0108,1.7839,1.0326,0,"Global stocks rise on Friday , ending the week on a quiet note | Closing Bell : Sensex Surges Over 825 Points , Nifty Reclaims 24 , 200 as TCS - Led IT Rally , Lower Crude Prices and Positive Global Cues Lift Markets | TCS shares close 1 % higher after Q1 earnings beat ; valuation zooms ₹7 , 706 cr | Why Are IT Stocks Rising Today ? TCS Earnings , Global Tech Rally Lift Sensex , Nifty | शुरुआती कारोबार में शेयर बाजार में तेजी , सेंसेक्स और निफ्टी में जोरदार उछाल | AI , Iran war risks weigh on Indian IT firm earnings outlook",6.0
2023-01-03,1161.91,7658932,Reliance,-0.0073,0.4407,1.0099,0,Reliance market update,1.0
2023-01-04,1144.42,9264891,Reliance,-0.0151,0.2097,1.0187,0,Reliance market update,1.0
2023-01-05,1142.37,13637099,Reliance,-0.0018,0.4719,1.0129,1,Reliance market update,1.0
2023-01-06,1152.76,6349597,Reliance,0.0091,-0.5344,1.0118,1,Reliance market update,1.0
2023-01-09,1179.97,10722753,Reliance,0.0236,0.6887,1.0231,0,Reliance market update,1.0
2023-01-10,1162.53,8047142,Reliance,-0.0148,-0.2495,1.0236,0,Reliance market update,1.0
2023-01-11,1147.87,11509553,Reliance,-0.0126,0.4303,1.0146,0,Reliance market update,1.0
2023-01-12,1123.08,17688773,Reliance,-0.0216,0.5369,1.0274,0,Reliance market update,1.0
2023-01-13,1121.27,20618583,Reliance,-0.0016,0.1656,1.0157,0,Reliance market update,1.0
2023-01-16,1110.59,13623855,Reliance,-0.0095,-0.3392,1.0217,1,Reliance market update,1.0
2023-01-17,1126.36,10751000,Reliance,0.0142,-0.2109,1.0132,0,Reliance market update,1.0
2023-01-18,1124.49,13448286,Reliance,-0.0017,0.2509,1.0125,0,Reliance market update,1.0
2023-01-19,1123.29,11940054,Reliance,-0.0011,-0.1122,1.01,0,Reliance market update,1.0
2023-01-20,1109.93,14930286,Reliance,-0.0119,0.2504,1.0155,0,Reliance market update,1.0
2023-01-23,1104.32,10954118,Reliance,-0.0051,-0.2663,1.017,0,Reliance market update,1.0
2023-01-24,1097.8,16488755,Reliance,-0.0059,0.5053,1.0236,0,Reliance market update,1.0
2023-01-25,1082.62,12385018,Reliance,-0.0138,-0.2489,1.0146,0,Reliance market update,1.0
2023-01-27,1062.08,25830975,Reliance,-0.019,1.0857,1.0327,1,Reliance market update,1.0
2023-01-30,1072.26,21772103,Reliance,0.0096,-0.1571,1.0308,0,Reliance market update,1.0
2023-01-31,1069.58,22691594,Reliance,-0.0025,0.0422,1.0199,0,Reliance market update,1.0
2023-02-01,1063.24,19347800,Reliance,-0.0059,-0.1474,1.0325,0,Reliance market update,1.0
2023-02-02,1057.36,13662663,Reliance,-0.0055,-0.2938,1.016,1,Reliance market update,1.0
2023-02-03,1058.29,24699575,Reliance,0.0009,0.8078,1.0244,0,Reliance market update,1.0
2023-02-06,1050.31,14837879,Reliance,-0.0075,-0.3993,1.0066,0,Reliance market update,1.0
2023-02-07,1047.79,15135435,Reliance,-0.0024,0.0201,1.015,1,Reliance market update,1.0
2023-02-08,1068.72,21160332,Reliance,0.02,0.3981,1.0229,1,Reliance market update,1.0
2023-02-09,1070.58,13172763,Reliance,0.0017,-0.3775,1.0158,0,Reliance market update,1.0
2023-02-10,1061.76,10790445,Reliance,-0.0082,-0.1809,1.0145,0,Reliance market update,1.0
2023-02-13,1055.72,10352493,Reliance,-0.0057,-0.0406,1.0158,1,Reliance market update,1.0
2023-02-14,1080.6,14321920,Reliance,0.0236,0.3834,1.0251,1,Reliance market update,1.0
2023-02-15,1105.07,33503591,Reliance,0.0226,1.3393,1.0271,0,Reliance market update,1.0
2023-02-16,1104.2,17264487,Reliance,-0.0008,-0.4847,1.016,1,Reliance market update,1.0
2023-02-17,1108.82,11809520,Reliance,0.0042,-0.316,1.0153,0,Reliance market update,1.0
2023-02-20,1097.09,8836937,Reliance,-0.0106,-0.2517,1.0165,1,Reliance market update,1.0
2023-02-21,1106.04,13311592,Reliance,0.0082,0.5064,1.0143,0,Reliance market update,1.0
2023-02-22,1080.96,11024335,Reliance,-0.0227,-0.1718,1.0231,0,Reliance market update,1.0
2023-02-23,1075.78,9851910,Reliance,-0.0048,-0.1063,1.0141,1,Reliance market update,1.0
2023-02-24,1083.14,9434053,Reliance,0.0068,-0.0424,1.0119,0,Reliance market update,1.0
2023-02-27,1075.94,11199715,Reliance,-0.0066,0.1872,1.0161,0,Reliance market update,1.0
2023-02-28,1055.36,21994038,Reliance,-0.0191,0.9638,1.0231,1,Reliance market update,1.0
2023-03-01,1065.06,11551145,Reliance,0.0092,-0.4748,1.0096,0,Reliance market update,1.0
2023-03-02,1056.95,9333535,Reliance,-0.0076,-0.192,1.0129,1,Reliance market update,1.0
2023-03-03,1083.92,14643807,Reliance,0.0255,0.5689,1.0222,1,Reliance market update,1.0
2023-03-06,1094.5,10171916,Reliance,0.0098,-0.3054,1.0103,1,Reliance market update,1.0
2023-03-08,1098.43,15782657,Reliance,0.0036,0.5516,1.0143,0,Reliance market update,1.0
2023-03-09,1072.03,16235128,Reliance,-0.024,0.0287,1.0262,0,Reliance market update,1.0
2023-03-10,1055.42,13334091,Reliance,-0.0155,-0.1787,1.0125,0,Reliance market update,1.0
2023-03-13,1038.07,12771592,Reliance,-0.0164,-0.0422,1.0303,0,Reliance market update,1.0
2023-03-14,1034.18,16027522,Reliance,-0.0037,0.2549,1.0158,0,Reliance market update,1.0
2023-03-15,1016.51,21728555,Reliance,-0.0171,0.3557,1.0318,0,Reliance market update,1.0
2023-03-16,1011.44,18363159,Reliance,-0.005,-0.1549,1.0235,0,Reliance market update,1.0
2023-03-17,1010.17,34014213,Reliance,-0.0013,0.8523,1.0177,0,Reliance market update,1.0
2023-03-20,1000.24,19524589,Reliance,-0.0098,-0.426,1.0183,1,Reliance market update,1.0
2023-03-21,1031.34,21400360,Reliance,0.0311,0.0961,1.0257,1,Reliance market update,1.0
2023-03-22,1034.48,10920094,Reliance,0.003,-0.4897,1.0094,0,Reliance market update,1.0
2023-03-23,1021.39,16249370,Reliance,-0.0127,0.488,1.012,0,Reliance market update,1.0
2023-03-24,1001.17,12375945,Reliance,-0.0198,-0.2384,1.0237,1,Reliance market update,1.0
2023-03-27,1016.73,14054323,Reliance,0.0155,0.1356,1.0245,1,Reliance market update,1.0
2023-03-28,1021.48,12576424,Reliance,0.0047,-0.1052,1.0087,0,Reliance market update,1.0
2023-03-29,1015.44,18804065,Reliance,-0.0059,0.4952,1.0152,1,Reliance market update,1.0
2023-03-31,1059.22,28171201,Reliance,0.0431,0.4981,1.0394,1,Reliance market update,1.0
2023-04-03,1059.4,10293043,Reliance,0.0002,-0.6346,1.0147,0,Reliance market update,1.0
2023-04-05,1056.86,16262928,Reliance,-0.0024,0.58,1.0171,1,Reliance market update,1.0
2023-04-06,1063.94,18435046,Reliance,0.0067,0.1336,1.0155,0,Reliance market update,1.0
2023-04-10,1056.4,12961408,Reliance,-0.0071,-0.2969,1.0124,1,Reliance market update,1.0
2023-04-11,1061.63,10542367,Reliance,0.0049,-0.1866,1.0073,1,Reliance market update,1.0
2023-04-12,1066.31,18179087,Reliance,0.0044,0.7244,1.0162,1,Reliance market update,1.0
2023-04-13,1070.33,12378208,Reliance,0.0038,-0.3191,1.0102,1,Reliance market update,1.0
2023-04-17,1075.76,17929479,Reliance,0.0051,0.4485,1.0323,0,Reliance market update,1.0
2023-04-18,1063.44,10405576,Reliance,-0.0114,-0.4196,1.0219,1,Reliance market update,1.0
2023-04-19,1068.74,12273475,Reliance,0.005,0.1795,1.011,0,Reliance market update,1.0
2023-04-20,1066.03,7007330,Reliance,-0.0025,-0.4291,1.0115,1,Reliance market update,1.0
2023-04-21,1067.38,7647317,Reliance,0.0013,0.0913,1.0105,1,Reliance market update,1.0
2023-04-24,1071.47,12936186,Reliance,0.0038,0.6916,1.014,1,Reliance market update,1.0
2023-04-25,1079.67,9236126,Reliance,0.0077,-0.286,1.0128,0,Reliance market update,1.0
2023-04-26,1073.33,8617834,Reliance,-0.0059,-0.0669,1.0136,1,Reliance market update,1.0
2023-04-27,1080.12,9167125,Reliance,0.0063,0.0637,1.0085,1,Reliance market update,1.0
2023-04-28,1099.86,15565210,Reliance,0.0183,0.6979,1.0177,1,Reliance market update,1.0
2023-05-02,1109.2,12981805,Reliance,0.0085,-0.166,1.0073,0,Reliance market update,1.0
2023-05-03,1099.68,7061872,Reliance,-0.0086,-0.456,1.0132,1,Reliance market update,1.0
2023-05-04,1112.36,8635233,Reliance,0.0115,0.2228,1.0158,0,Reliance market update,1.0
2023-05-05,1109.52,8746585,Reliance,-0.0026,0.0129,1.0104,1,Reliance market update,1.0
2023-05-08,1123.22,9153782,Reliance,0.0123,0.0466,1.0162,1,Reliance market update,1.0
2023-05-09,1126.7,6464721,Reliance,0.0031,-0.2938,1.0096,1,Reliance market update,1.0
2023-05-10,1134.44,10872255,Reliance,0.0069,0.6818,1.0075,0,Reliance market update,1.0
2023-05-11,1127.04,10557860,Reliance,-0.0065,-0.0289,1.0133,1,Reliance market update,1.0
2023-05-12,1128.88,6955341,Reliance,0.0016,-0.3412,1.0126,1,Reliance market update,1.0
2023-05-15,1131.1,6833343,Reliance,0.002,-0.0175,1.0127,0,Reliance market update,1.0
2023-05-16,1115.0,8717229,Reliance,-0.0142,0.2757,1.0202,0,Reliance market update,1.0
2023-05-17,1108.41,8798967,Reliance,-0.0059,0.0094,1.0148,0,Reliance market update,1.0
2023-05-18,1106.02,10525531,Reliance,-0.0022,0.1962,1.0123,1,Reliance market update,1.0
2023-05-19,1109.61,8050447,Reliance,0.0032,-0.2352,1.0112,1,Reliance market update,1.0
2023-05-22,1115.54,7434906,Reliance,0.0053,-0.0765,1.0138,0,Reliance market update,1.0
2023-05-23,1115.34,6092034,Reliance,-0.0002,-0.1806,1.0068,0,Reliance market update,1.0
2023-05-24,1108.84,8112254,Reliance,-0.0058,0.3316,1.0126,0,Reliance market update,1.0
2023-05-25,1108.7,11487863,Reliance,-0.0001,0.4161,1.0136,1,Reliance market update,1.0
2023-05-26,1138.94,12626260,Reliance,0.0273,0.0991,1.0238,1,Reliance market update,1.0
2023-05-29,1145.35,10010304,Reliance,0.0056,-0.2072,1.0091,0,Reliance market update,1.0
2023-05-30,1145.05,11342504,Reliance,-0.0003,0.1331,1.0093,0,Reliance market update,1.0
2023-05-31,1122.31,27107927,Reliance,-0.0199,1.3899,1.0198,0,Reliance market update,1.0
2023-06-01,1119.29,14592692,Reliance,-0.0027,-0.4617,1.0109,0,Reliance market update,1.0
2023-06-02,1115.63,15800644,Reliance,-0.0033,0.0828,1.013,1,Reliance market update,1.0
2023-06-05,1125.65,10908682,Reliance,0.009,-0.3096,1.0103,1,Reliance market update,1.0
2023-06-06,1126.61,7493309,Reliance,0.0008,-0.3131,1.0104,1,Reliance market update,1.0
2023-06-07,1135.15,10312545,Reliance,0.0076,0.3762,1.0111,1,Reliance market update,1.0
2023-06-08,1135.83,12071109,Reliance,0.0006,0.1705,1.0104,0,Reliance market update,1.0
2023-06-09,1127.79,5877018,Reliance,-0.0071,-0.5131,1.0123,1,Reliance market update,1.0
2023-06-12,1128.79,6391969,Reliance,0.0009,0.0876,1.0098,1,Reliance market update,1.0
2023-06-13,1145.46,11248016,Reliance,0.0148,0.7597,1.015,1,Reliance market update,1.0
2023-06-14,1159.55,13277380,Reliance,0.0123,0.1804,1.0151,1,Reliance market update,1.0
2023-06-15,1159.87,11813494,Reliance,0.0003,-0.1103,1.0107,1,Reliance market update,1.0
2023-06-16,1171.16,24171579,Reliance,0.0097,1.0461,1.0087,0,Reliance market update,1.0
2023-06-19,1159.53,6798554,Reliance,-0.0099,-0.7187,1.0163,1,Reliance market update,1.0
2023-06-20,1161.94,6921096,Reliance,0.0021,0.018,1.0114,1,Reliance market update,1.0
2023-06-21,1165.21,6961603,Reliance,0.0028,0.0059,1.0086,0,Reliance market update,1.0
2023-06-22,1152.12,7619166,Reliance,-0.0112,0.0945,1.0163,0,Reliance market update,1.0
2023-06-23,1142.69,6628570,Reliance,-0.0082,-0.13,1.0085,0,Reliance market update,1.0
2023-06-26,1133.97,12641159,Reliance,-0.0076,0.9071,1.0107,1,Reliance market update,1.0
2023-06-27,1134.38,9689466,Reliance,0.0004,-0.2335,1.0092,1,Reliance market update,1.0
2023-06-28,1149.39,11354006,Reliance,0.0132,0.1718,1.016,1,Reliance market update,1.0
2023-06-30,1158.82,11151555,Reliance,0.0082,-0.0178,1.0092,1,Reliance market update,1.0
2023-07-03,1188.56,12154387,Reliance,0.0257,0.0899,1.0261,0,Reliance market update,1.0
2023-07-04,1176.32,8061643,Reliance,-0.0103,-0.3367,1.0201,0,Reliance market update,1.0
2023-07-05,1174.39,10248062,Reliance,-0.0016,0.2712,1.0129,1,Reliance market update,1.0
2023-07-06,1199.04,19117987,Reliance,0.021,0.8655,1.0266,0,Reliance market update,1.0
2023-07-07,1196.7,13375267,Reliance,-0.002,-0.3004,1.0141,1,Reliance market update,1.0
2023-07-10,1242.79,33240016,Reliance,0.0385,1.4852,1.0303,1,Reliance market update,1.0
2023-07-11,1256.27,20069348,Reliance,0.0108,-0.3962,1.0118,1,Reliance market update,1.0
2023-07-12,1257.65,18733835,Reliance,0.0011,-0.0665,1.0146,0,Reliance market update,1.0
2023-07-13,1246.41,14682934,Reliance,-0.0089,-0.2162,1.0226,0,Reliance market update,1.0
2023-07-14,1245.36,15124144,Reliance,-0.0008,0.03,1.0131,1,Reliance market update,1.0
2023-07-17,1270.81,22220040,Reliance,0.0204,0.4692,1.0319,1,Reliance market update,1.0
2023-07-18,1281.6,25867313,Reliance,0.0085,0.1641,1.0159,1,Reliance market update,1.0
2023-07-19,1291.32,39122156,Reliance,0.0076,0.5124,1.0211,0,Reliance market update,1.0
2023-07-20,1289.76,38717624,Reliance,-0.0012,-0.0103,1.0197,0,Reliance market update,1.0
2023-07-21,1249.83,30249238,Reliance,-0.031,-0.2187,1.0362,0,Reliance market update,1.0
2023-07-24,1224.55,23727866,Reliance,-0.0202,-0.2156,1.0185,0,Reliance market update,1.0
2023-07-25,1223.77,12026020,Reliance,-0.0006,-0.4932,1.0102,1,Reliance market update,1.0
2023-07-26,1243.66,12911012,Reliance,0.0163,0.0736,1.0249,0,Reliance market update,1.0
2023-07-27,1232.09,17226898,Reliance,-0.0093,0.3343,1.019,1,Reliance market update,1.0
2023-07-28,1244.47,20827852,Reliance,0.01,0.209,1.0169,1,Reliance market update,1.0
2023-07-31,1255.0,8551174,Reliance,0.0085,-0.5894,1.0143,0,Reliance market update,1.0
2023-08-01,1237.26,9536632,Reliance,-0.0141,0.1152,1.0214,0,Reliance market update,1.0
2023-08-02,1224.04,12748214,Reliance,-0.0107,0.3368,1.0196,0,Reliance market update,1.0
2023-08-03,1218.89,10168350,Reliance,-0.0042,-0.2024,1.0174,1,Reliance market update,1.0
2023-08-04,1235.46,22885610,Reliance,0.0136,1.2507,1.018,1,Reliance market update,1.0
2023-08-07,1242.5,5982870,Reliance,0.0057,-0.7386,1.0093,0,Reliance market update,1.0
2023-08-08,1235.02,9844072,Reliance,-0.006,0.6454,1.014,1,Reliance market update,1.0
2023-08-09,1243.16,11486586,Reliance,0.0066,0.1669,1.0193,1,Reliance market update,1.0
2023-08-10,1248.7,15470598,Reliance,0.0045,0.3468,1.0166,1,Reliance market update,1.0
2023-08-11,1253.97,22179330,Reliance,0.0042,0.4336,1.0185,1,Reliance market update,1.0
2023-08-14,1268.79,9575812,Reliance,0.0118,-0.5683,1.0227,0,Reliance market update,1.0
2023-08-16,1267.75,10203112,Reliance,-0.0008,0.0655,1.0125,0,Reliance market update,1.0
2023-08-17,1249.47,13673744,Reliance,-0.0144,0.3402,1.0179,1,Reliance market update,1.0
2023-08-18,1258.72,18639978,Reliance,0.0074,0.3632,1.0275,0,Reliance market update,1.0
2023-08-21,1244.99,9221746,Reliance,-0.0109,-0.5053,1.0158,0,Reliance market update,1.0
2023-08-22,1244.69,7713044,Reliance,-0.0002,-0.1636,1.0156,1,Reliance market update,1.0
2023-08-23,1246.07,9517952,Reliance,0.0011,0.234,1.0103,0,Reliance market update,1.0
2023-08-24,1225.13,14140020,Reliance,-0.0168,0.4856,1.0279,0,Reliance market update,1.0
2023-08-25,1219.47,22222400,Reliance,-0.0046,0.5716,1.0255,0,Reliance market update,1.0
2023-08-28,1207.32,12580826,Reliance,-0.01,-0.4339,1.0218,0,Reliance market update,1.0
2023-08-29,1195.76,16876644,Reliance,-0.0096,0.3415,1.0188,0,Reliance market update,1.0
2023-08-30,1194.62,12168946,Reliance,-0.001,-0.2789,1.0116,0,Reliance market update,1.0
2023-08-31,1189.16,21638600,Reliance,-0.0046,0.7782,1.0105,1,Reliance market update,1.0
2023-09-01,1191.95,18112842,Reliance,0.0023,-0.1629,1.01,0,Reliance market update,1.0
2023-09-04,1190.99,9347626,Reliance,-0.0008,-0.4839,1.0076,1,Reliance market update,1.0
2023-09-05,1197.36,8675876,Reliance,0.0054,-0.0719,1.0089,1,Reliance market update,1.0
2023-09-06,1199.88,8200370,Reliance,0.0021,-0.0548,1.0078,1,Reliance market update,1.0
2023-09-07,1201.51,13652572,Reliance,0.0014,0.6649,1.0113,1,Reliance market update,1.0
2023-09-08,1209.51,23109288,Reliance,0.0067,0.6927,1.0136,1,Reliance market update,1.0
2023-09-11,1222.56,13271074,Reliance,0.0108,-0.4257,1.0101,0,Reliance market update,1.0
2023-09-12,1204.9,16255666,Reliance,-0.0144,0.2249,1.0193,1,Reliance market update,1.0
2023-09-13,1210.92,12803338,Reliance,0.005,-0.2124,1.015,1,Reliance market update,1.0
2023-09-14,1212.03,9209636,Reliance,0.0009,-0.2807,1.0085,1,Reliance market update,1.0
2023-09-15,1214.28,25468592,Reliance,0.0019,1.7654,1.0076,0,Reliance market update,1.0
2023-09-18,1203.71,7516300,Reliance,-0.0087,-0.7049,1.0078,0,Reliance market update,1.0
2023-09-20,1176.88,57081884,Reliance,-0.0223,6.5944,1.0308,0,Reliance market update,1.0
2023-09-21,1168.31,12226182,Reliance,-0.0073,-0.7858,1.0128,0,Reliance market update,1.0
2023-09-22,1163.44,19176786,Reliance,-0.0042,0.5685,1.0138,0,Reliance market update,1.0
2023-09-25,1156.28,14254884,Reliance,-0.0062,-0.2567,1.011,1,Reliance market update,1.0
2023-09-26,1157.29,10087782,Reliance,0.0009,-0.2923,1.0063,1,Reliance market update,1.0
2023-09-27,1170.34,11722778,Reliance,0.0113,0.1621,1.0142,0,Reliance market update,1.0
2023-09-28,1153.14,14518346,Reliance,-0.0147,0.2385,1.0249,1,Reliance market update,1.0
2023-09-29,1158.53,12342014,Reliance,0.0047,-0.1499,1.015,0,Reliance market update,1.0
2023-10-03,1145.26,8859056,Reliance,-0.0114,-0.2822,1.0085,0,Reliance market update,1.0
2023-10-04,1143.29,10286386,Reliance,-0.0017,0.1611,1.0104,0,Reliance market update,1.0
2023-10-06,1145.19,5431026,Reliance,0.0017,-0.5042,1.0055,0,Reliance market update,1.0
2023-10-09,1135.43,7576878,Reliance,-0.0085,0.3951,1.0074,1,Reliance market update,1.0
2023-10-10,1140.45,10236032,Reliance,0.0044,0.351,1.0061,1,Reliance market update,1.0
2023-10-11,1158.55,9814118,Reliance,0.0159,-0.0412,1.0159,1,Reliance market update,1.0
2023-10-12,1160.7,12554450,Reliance,0.0019,0.2792,1.0091,0,Reliance market update,1.0
2023-10-16,1158.06,5929036,Reliance,-0.0022,-0.4159,1.0079,1,Reliance market update,1.0
2023-10-17,1163.59,7928180,Reliance,0.0048,0.3372,1.0079,0,Reliance market update,1.0
2023-10-18,1148.15,8918320,Reliance,-0.0133,0.1249,1.0198,0,Reliance market update,1.0
2023-10-19,1139.34,12032556,Reliance,-0.0077,0.3492,1.009,0,Reliance market update,1.0
2023-10-20,1135.85,8913312,Reliance,-0.0031,-0.2592,1.008,0,Reliance market update,1.0
2023-10-23,1118.12,7853962,Reliance,-0.0156,-0.1189,1.0226,0,Reliance market update,1.0
2023-10-25,1115.52,11620688,Reliance,-0.0023,0.4796,1.017,0,Reliance market update,1.0
2023-10-26,1099.99,15222534,Reliance,-0.0139,0.31,1.017,1,Reliance market update,1.0
2023-10-27,1119.4,11771084,Reliance,0.0177,-0.2267,1.0168,1,Reliance market update,1.0
2023-10-30,1142.47,16813304,Reliance,0.0206,0.4284,1.0243,0,Reliance market update,1.0
2023-10-31,1130.32,12808438,Reliance,-0.0106,-0.2382,1.0198,1,Reliance market update,1.0
2023-11-01,1135.01,10309190,Reliance,0.0042,-0.1951,1.0186,1,Reliance market update,1.0
2023-11-02,1146.28,10562104,Reliance,0.0099,0.0245,1.0071,0,Reliance market update,1.0
2023-11-03,1146.03,8850156,Reliance,-0.0002,-0.1621,1.0083,1,Reliance market update,1.0
2023-11-06,1155.56,10647304,Reliance,0.0083,0.2031,1.0062,0,Reliance market update,1.0
2023-11-07,1148.06,6960204,Reliance,-0.0065,-0.3463,1.0084,1,Reliance market update,1.0
2023-11-08,1154.03,7884494,Reliance,0.0052,0.1328,1.0083,0,Reliance market update,1.0
2023-11-09,1141.51,14513610,Reliance,-0.0109,0.8408,1.0138,1,Reliance market update,1.0
2023-11-10,1143.66,7734954,Reliance,0.0019,-0.4671,1.008,0,Reliance market update,1.0
2023-11-13,1143.51,3854810,Reliance,-0.0001,-0.5016,1.0056,1,Reliance market update,1.0
2023-11-15,1164.19,12220648,Reliance,0.0181,2.1702,1.015,1,Reliance market update,1.0
2023-11-16,1166.29,13134910,Reliance,0.0018,0.0748,1.0116,0,Reliance market update,1.0
2023-11-17,1163.74,7758634,Reliance,-0.0022,-0.4093,1.009,0,Reliance market update,1.0
2023-11-20,1160.68,4490186,Reliance,-0.0026,-0.4213,1.0094,1,Reliance market update,1.0
2023-11-21,1175.28,8214450,Reliance,0.0126,0.8294,1.0118,1,Reliance market update,1.0
2023-11-22,1179.87,8534814,Reliance,0.0039,0.039,1.0094,1,Reliance market update,1.0
2023-11-23,1183.48,8531542,Reliance,0.0031,-0.0004,1.0049,0,Reliance market update,1.0
2023-11-24,1182.69,6749486,Reliance,-0.0007,-0.2089,1.0048,1,Reliance market update,1.0
2023-11-28,1182.93,13792174,Reliance,0.0002,1.0434,1.0103,1,Reliance market update,1.0
2023-11-29,1186.05,12531306,Reliance,0.0026,-0.0914,1.0058,0,Reliance market update,1.0
2023-11-30,1174.56,28439984,Reliance,-0.0097,1.2695,1.013,1,Reliance market update,1.0
2023-12-01,1182.89,14342842,Reliance,0.0071,-0.4957,1.0079,1,Reliance market update,1.0
2023-12-04,1195.68,15590990,Reliance,0.0108,0.087,1.0214,1,Reliance market update,1.0
2023-12-05,1204.35,12693624,Reliance,0.0073,-0.1858,1.0079,1,Reliance market update,1.0
2023-12-06,1215.89,16422442,Reliance,0.0096,0.2938,1.0156,0,Reliance market update,1.0
2023-12-07,1213.89,8142096,Reliance,-0.0016,-0.5042,1.0078,0,Reliance market update,1.0
2023-12-08,1213.24,10204894,Reliance,-0.0005,0.2533,1.013,1,Reliance market update,1.0
2023-12-11,1215.02,7066138,Reliance,0.0015,-0.3076,1.0062,0,Reliance market update,1.0
2023-12-12,1197.58,9197124,Reliance,-0.0144,0.3016,1.0185,1,Reliance market update,1.0
2023-12-13,1202.47,10031182,Reliance,0.0041,0.0907,1.0133,1,Reliance market update,1.0
2023-12-14,1217.39,16972354,Reliance,0.0124,0.692,1.0132,1,Reliance market update,1.0
2023-12-15,1232.93,15932152,Reliance,0.0128,-0.0613,1.0121,1,Reliance market update,1.0
2023-12-18,1245.48,14165188,Reliance,0.0102,-0.1109,1.0176,1,Reliance market update,1.0
2023-12-19,1263.81,16820604,Reliance,0.0147,0.1875,1.0193,0,Reliance market update,1.0
2023-12-20,1248.52,17736722,Reliance,-0.0121,0.0545,1.0313,1,Reliance market update,1.0
2023-12-21,1266.01,13765454,Reliance,0.014,-0.2239,1.0219,1,Reliance market update,1.0
2023-12-22,1267.24,16541784,Reliance,0.001,0.2017,1.0131,1,Reliance market update,1.0
2023-12-26,1273.67,7465664,Reliance,0.0051,-0.5487,1.0114,1,Reliance market update,1.0
2023-12-27,1278.01,9204156,Reliance,0.0034,0.2329,1.0104,1,Reliance market update,1.0
2023-12-28,1287.25,12302636,Reliance,0.0072,0.3366,1.0097,0,Reliance market update,1.0
2023-12-29,1277.07,10864584,Reliance,-0.0079,-0.1169,1.0135,1,Reliance market update,1.0
2024-01-01,1279.69,4030540,Reliance,0.0021,-0.629,1.0131,1,Reliance market update,1.0
2024-01-02,1290.29,7448800,Reliance,0.0083,0.8481,1.0163,0,Reliance market update,1.0
2024-01-03,1276.26,9037536,Reliance,-0.0109,0.2133,1.022,1,Reliance market update,1.0
2024-01-04,1282.85,9612778,Reliance,0.0052,0.0637,1.0119,1,Reliance market update,1.0
2024-01-05,1288.31,8086406,Reliance,0.0043,-0.1588,1.0084,0,Reliance market update,1.0
2024-01-08,1278.26,7734652,Reliance,-0.0078,-0.0435,1.0245,0,Reliance market update,1.0
2024-01-09,1274.88,5403074,Reliance,-0.0026,-0.3014,1.0115,1,Reliance market update,1.0
2024-01-10,1309.26,11102740,Reliance,0.027,1.0549,1.0326,1,Reliance market update,1.0
2024-01-11,1343.7,23725852,Reliance,0.0263,1.1369,1.0256,1,Reliance market update,1.0
2024-01-12,1354.39,15012164,Reliance,0.008,-0.3673,1.0205,1,Reliance market update,1.0
2024-01-15,1377.51,8610594,Reliance,0.0171,-0.4264,1.0223,0,Reliance market update,1.0
2024-01-16,1358.25,9069024,Reliance,-0.014,0.0532,1.0188,0,Reliance market update,1.0
2024-01-17,1345.35,12197382,Reliance,-0.0095,0.3449,1.0231,1,Reliance market update,1.0
2024-01-18,1351.65,10279438,Reliance,0.0047,-0.1572,1.0146,0,Reliance market update,1.0
2024-01-19,1351.16,10422704,Reliance,-0.0004,0.0139,1.0125,0,Reliance market update,1.0
2024-01-23,1312.74,20055420,Reliance,-0.0284,0.9242,1.0372,1,Reliance market update,1.0
2024-01-24,1327.86,21919128,Reliance,0.0115,0.0929,1.0193,1,Reliance market update,1.0
2024-01-25,1336.95,11808872,Reliance,0.0068,-0.4613,1.0217,1,Reliance market update,1.0
2024-01-29,1430.8,23893438,Reliance,0.0702,1.0233,1.0679,0,Reliance market update,1.0
2024-01-30,1390.85,14093978,Reliance,-0.0279,-0.4101,1.0396,1,Reliance market update,1.0
2024-01-31,1409.63,15130226,Reliance,0.0135,0.0735,1.0226,1,Reliance market update,1.0
2024-02-02,1440.33,19652588,Reliance,0.0218,0.4722,1.0291,0,Reliance market update,1.0
2024-02-05,1421.88,8814432,Reliance,-0.0128,-0.5515,1.0272,0,Reliance market update,1.0
2024-02-06,1410.79,9047984,Reliance,-0.0078,0.0265,1.0155,1,Reliance market update,1.0
2024-02-07,1424.97,9296568,Reliance,0.0101,0.0275,1.0142,1,Reliance market update,1.0
2024-02-08,1432.85,14694634,Reliance,0.0055,0.5807,1.0224,1,Reliance market update,1.0
2024-02-09,1443.34,12556798,Reliance,0.0073,-0.1455,1.0145,0,Reliance market update,1.0
2024-02-12,1435.04,6674430,Reliance,-0.0058,-0.4685,1.0129,1,Reliance market update,1.0
2024-02-13,1447.64,7715594,Reliance,0.0088,0.156,1.0172,1,Reliance market update,1.0
2024-02-14,1463.72,7117888,Reliance,0.0111,-0.0775,1.0179,0,Reliance market update,1.0
2024-02-15,1453.08,10006782,Reliance,-0.0073,0.4059,1.0124,0,Reliance market update,1.0
2024-02-16,1443.17,9767498,Reliance,-0.0068,-0.0239,1.0126,1,Reliance market update,1.0
2024-02-19,1456.44,6729828,Reliance,0.0092,-0.311,1.0179,0,Reliance market update,1.0
2024-02-20,1453.5,7117496,Reliance,-0.002,0.0576,1.0094,0,Reliance market update,1.0
2024-02-21,1450.21,12720292,Reliance,-0.0023,0.7872,1.0213,1,Reliance market update,1.0
2024-02-22,1464.09,18493728,Reliance,0.0096,0.4539,1.0185,1,Reliance market update,1.0
2024-02-23,1475.83,14438584,Reliance,0.008,-0.2193,1.0096,0,Reliance market update,1.0
2024-02-26,1469.6,7513106,Reliance,-0.0042,-0.4797,1.0081,0,Reliance market update,1.0
2024-02-27,1467.95,10826044,Reliance,-0.0011,0.441,1.0148,0,Reliance market update,1.0
2024-02-28,1438.28,8647950,Reliance,-0.0202,-0.2012,1.0283,1,Reliance market update,1.0
2024-02-29,1443.39,23628976,Reliance,0.0036,1.7323,1.0168,1,Reliance market update,1.0
2024-03-01,1474.35,12132926,Reliance,0.0214,-0.4865,1.0256,1,Reliance market update,1.0
2024-03-04,1489.44,10024420,Reliance,0.0102,-0.1738,1.017,0,Reliance market update,1.0
2024-03-05,1482.32,7107668,Reliance,-0.0048,-0.291,1.0144,1,Reliance market update,1.0
2024-03-06,1485.09,7805676,Reliance,0.0019,0.0982,1.0206,0,Reliance market update,1.0
2024-03-07,1461.3,8315726,Reliance,-0.016,0.0653,1.0187,0,Reliance market update,1.0
2024-03-11,1449.12,11277130,Reliance,-0.0083,0.3561,1.0174,1,Reliance market update,1.0
2024-03-12,1457.84,9432678,Reliance,0.006,-0.1636,1.0157,0,Reliance market update,1.0
2024-03-13,1415.11,13522134,Reliance,-0.0293,0.4335,1.0387,0,Reliance market update,1.0
2024-03-14,1414.42,18571102,Reliance,-0.0005,0.3734,1.0162,0,Reliance market update,1.0
2024-03-15,1401.33,19223818,Reliance,-0.0093,0.0351,1.0144,1,Reliance market update,1.0
2024-03-18,1422.32,9169392,Reliance,0.015,-0.523,1.0178,0,Reliance market update,1.0
2024-03-19,1408.27,8275764,Reliance,-0.0099,-0.0975,1.0144,1,Reliance market update,1.0
2024-03-20,1426.55,8488806,Reliance,0.013,0.0257,1.0147,1,Reliance market update,1.0
2024-03-21,1433.69,13006936,Reliance,0.005,0.5322,1.0092,1,Reliance market update,1.0
2024-03-22,1437.69,19527608,Reliance,0.0028,0.5013,1.0087,0,Reliance market update,1.0
2024-03-26,1424.4,11415906,Reliance,-0.0092,-0.4154,1.0093,1,Reliance market update,1.0
2024-03-27,1475.06,16326644,Reliance,0.0356,0.4302,1.0366,0,Reliance market update,1.0
2024-03-28,1468.15,21854364,Reliance,-0.0047,0.3386,1.0185,0,Reliance market update,1.0
2024-04-01,1467.08,5013880,Reliance,-0.0007,-0.7706,1.0077,1,Reliance market update,1.0
2024-04-02,1469.23,8910166,Reliance,0.0015,0.7771,1.0129,0,Reliance market update,1.0
2024-04-03,1454.07,7008292,Reliance,-0.0103,-0.2134,1.0106,0,Reliance market update,1.0
2024-04-04,1445.49,14490272,Reliance,-0.0059,1.0676,1.0205,0,Reliance market update,1.0
2024-04-05,1442.7,7442298,Reliance,-0.0019,-0.4864,1.0102,1,Reliance market update,1.0
2024-04-08,1468.27,8357118,Reliance,0.0177,0.1229,1.0205,0,Reliance market update,1.0
2024-04-09,1446.21,7071414,Reliance,-0.015,-0.1538,1.0187,1,Reliance market update,1.0
2024-04-10,1461.95,9138330,Reliance,0.0109,0.2923,1.0141,0,Reliance market update,1.0
2024-04-12,1449.67,15551012,Reliance,-0.0084,0.7017,1.016,0,Reliance market update,1.0
2024-04-15,1447.37,12902062,Reliance,-0.0016,-0.1703,1.0248,1,Reliance market update,1.0
2024-04-16,1448.28,9366184,Reliance,0.0006,-0.2741,1.014,0,Reliance market update,1.0
2024-04-18,1446.88,19005692,Reliance,-0.001,1.0292,1.0183,1,Reliance market update,1.0
2024-04-19,1452.61,15741778,Reliance,0.004,-0.1717,1.0215,1,Reliance market update,1.0
2024-04-22,1462.22,10350362,Reliance,0.0066,-0.3425,1.0102,0,Reliance market update,1.0
2024-04-23,1441.94,14605554,Reliance,-0.0139,0.4111,1.0261,0,Reliance market update,1.0
2024-04-24,1432.9,10462776,Reliance,-0.0063,-0.2836,1.0131,1,Reliance market update,1.0
2024-04-25,1442.58,15943926,Reliance,0.0068,0.5239,1.0184,0,Reliance market update,1.0
2024-04-26,1435.24,9413848,Reliance,-0.0051,-0.4096,1.0103,1,Reliance market update,1.0
2024-04-29,1447.57,7247974,Reliance,0.0086,-0.2301,1.0123,1,Reliance market update,1.0
2024-04-30,1449.52,11474262,Reliance,0.0013,0.5831,1.0138,0,Reliance market update,1.0
2024-05-02,1449.08,14512646,Reliance,-0.0003,0.2648,1.009,0,Reliance market update,1.0
2024-05-03,1416.91,17226958,Reliance,-0.0222,0.187,1.0415,0,Reliance market update,1.0
2024-05-06,1402.61,7394208,Reliance,-0.0101,-0.5708,1.0155,0,Reliance market update,1.0
2024-05-07,1384.78,14517472,Reliance,-0.0127,0.9634,1.0207,1,Reliance market update,1.0
2024-05-08,1401.65,9439002,Reliance,0.0122,-0.3498,1.0254,0,Reliance market update,1.0
2024-05-09,1377.51,11009612,Reliance,-0.0172,0.1664,1.0243,1,Reliance market update,1.0
2024-05-10,1390.65,10505096,Reliance,0.0095,-0.0458,1.0158,0,Reliance market update,1.0
2024-05-13,1385.99,8456620,Reliance,-0.0034,-0.195,1.0166,1,Reliance market update,1.0
2024-05-14,1403.15,7188300,Reliance,0.0124,-0.15,1.0193,0,Reliance market update,1.0
2024-05-15,1399.4,5046534,Reliance,-0.0027,-0.298,1.012,1,Reliance market update,1.0
2024-05-16,1408.37,14711774,Reliance,0.0064,1.9152,1.0211,1,Reliance market update,1.0
2024-05-17,1418.59,10916476,Reliance,0.0073,-0.258,1.0169,1,Reliance market update,1.0
2024-05-21,1419.01,11176128,Reliance,0.0003,0.0238,1.0114,1,Reliance market update,1.0
2024-05-22,1443.25,10281604,Reliance,0.0171,-0.08,1.0226,1,Reliance market update,1.0
2024-05-23,1468.34,14608260,Reliance,0.0174,0.4208,1.0256,0,Reliance market update,1.0
2024-05-24,1462.61,7094776,Reliance,-0.0039,-0.5143,1.0084,0,Reliance market update,1.0
2024-05-27,1448.78,6629010,Reliance,-0.0095,-0.0656,1.016,0,Reliance market update,1.0
2024-05-28,1438.85,7820162,Reliance,-0.0069,0.1797,1.0177,0,Reliance market update,1.0
2024-05-29,1423.61,7383556,Reliance,-0.0106,-0.0558,1.0136,0,Reliance market update,1.0
2024-05-30,1407.87,13206858,Reliance,-0.0111,0.7887,1.0143,1,Reliance market update,1.0
2024-05-31,1413.36,31069832,Reliance,0.0039,1.3526,1.0141,1,Reliance market update,1.0
2024-06-03,1492.33,21527942,Reliance,0.0559,-0.3071,1.038,0,Reliance market update,1.0
2024-06-04,1380.63,36709098,Reliance,-0.0749,0.7052,1.1021,1,Reliance market update,1.0
2024-06-05,1403.82,17464890,Reliance,0.0168,-0.5242,1.034,1,Reliance market update,1.0
2024-06-06,1414.54,17855722,Reliance,0.0076,0.0224,1.0157,1,Reliance market update,1.0
2024-06-07,1452.43,18558696,Reliance,0.0268,0.0394,1.0319,1,Reliance market update,1.0
2024-06-10,1453.87,9251760,Reliance,0.001,-0.5015,1.0172,0,Reliance market update,1.0
2024-06-11,1439.32,11774902,Reliance,-0.01,0.2727,1.0131,1,Reliance market update,1.0
2024-06-12,1445.89,10081742,Reliance,0.0046,-0.1438,1.0143,1,Reliance market update,1.0
2024-06-13,1447.79,9181160,Reliance,0.0013,-0.0893,1.0083,1,Reliance market update,1.0
2024-06-14,1459.94,8157998,Reliance,0.0084,-0.1114,1.0154,1,Reliance market update,1.0
2024-06-18,1463.38,7196766,Reliance,0.0024,-0.1178,1.0109,0,Reliance market update,1.0
2024-06-19,1441.27,8725874,Reliance,-0.0151,0.2125,1.0216,1,Reliance market update,1.0
2024-06-20,1456.14,16113776,Reliance,0.0103,0.8467,1.0226,0,Reliance market update,1.0
2024-06-21,1436.87,31170360,Reliance,-0.0132,0.9344,1.0237,0,Reliance market update,1.0
2024-06-24,1424.3,8878386,Reliance,-0.0088,-0.7152,1.0083,1,Reliance market update,1.0
2024-06-25,1436.82,7045386,Reliance,0.0088,-0.2065,1.0104,1,Reliance market update,1.0
2024-06-26,1495.98,22014882,Reliance,0.0412,2.1247,1.0511,1,Reliance market update,1.0
2024-06-27,1512.31,28383030,Reliance,0.0109,0.2893,1.0209,1,Reliance market update,1.0
2024-06-28,1546.75,28957336,Reliance,0.0228,0.0202,1.0326,0,Reliance market update,1.0
2024-07-01,1541.56,7724306,Reliance,-0.0034,-0.7333,1.0153,1,Reliance market update,1.0
2024-07-02,1546.53,7749246,Reliance,0.0032,0.0032,1.0106,0,Reliance market update,1.0
2024-07-03,1533.93,9049620,Reliance,-0.0081,0.1678,1.0209,1,Reliance market update,1.0
2024-07-04,1535.51,6837176,Reliance,0.001,-0.2445,1.0108,1,Reliance market update,1.0
2024-07-05,1569.7,12269710,Reliance,0.0223,0.7946,1.0326,1,Reliance market update,1.0
2024-07-08,1581.82,9500806,Reliance,0.0077,-0.2257,1.0166,0,Reliance market update,1.0
2024-07-09,1571.33,6960002,Reliance,-0.0066,-0.2674,1.0127,0,Reliance market update,1.0
2024-07-10,1565.35,7134578,Reliance,-0.0038,0.0251,1.022,0,Reliance market update,1.0
2024-07-11,1561.82,11940946,Reliance,-0.0023,0.6737,1.0215,1,Reliance market update,1.0
2024-07-12,1577.7,12924784,Reliance,0.0102,0.0824,1.0195,1,Reliance market update,1.0
2024-07-15,1578.19,5329688,Reliance,0.0003,-0.5876,1.0128,0,Reliance market update,1.0
2024-07-16,1557.47,9386838,Reliance,-0.0131,0.7612,1.0197,1,Reliance market update,1.0
2024-07-18,1567.77,12298374,Reliance,0.0066,0.3102,1.0232,0,Reliance market update,1.0
2024-07-19,1536.62,13140390,Reliance,-0.0199,0.0685,1.0239,0,Reliance market update,1.0
2024-07-22,1482.79,19674376,Reliance,-0.035,0.4972,1.0255,0,Reliance market update,1.0
2024-07-23,1470.17,18052044,Reliance,-0.0085,-0.0825,1.0292,1,Reliance market update,1.0
2024-07-24,1477.88,11913362,Reliance,0.0052,-0.3401,1.0224,0,Reliance market update,1.0
2024-07-25,1474.62,12519876,Reliance,-0.0022,0.0509,1.0158,1,Reliance market update,1.0
2024-07-26,1491.04,9859940,Reliance,0.0111,-0.2125,1.0148,1,Reliance market update,1.0
2024-07-29,1501.99,7538550,Reliance,0.0073,-0.2354,1.0104,0,Reliance market update,1.0
2024-07-30,1495.12,8228208,Reliance,-0.0046,0.0915,1.0099,0,Reliance market update,1.0
2024-07-31,1487.49,10057346,Reliance,-0.0051,0.2223,1.0062,1,Reliance market update,1.0
2024-08-01,1497.24,10764222,Reliance,0.0066,0.0703,1.0091,0,Reliance market update,1.0
2024-08-02,1481.46,10268248,Reliance,-0.0105,-0.0461,1.0107,0,Reliance market update,1.0
2024-08-05,1430.08,17046704,Reliance,-0.0347,0.6601,1.0353,1,Reliance market update,1.0
2024-08-06,1438.7,10236186,Reliance,0.006,-0.3995,1.018,1,Reliance market update,1.0
2024-08-07,1447.37,8174568,Reliance,0.006,-0.2014,1.0075,0,Reliance market update,1.0
2024-08-08,1431.86,12387192,Reliance,-0.0107,0.5153,1.0132,1,Reliance market update,1.0
2024-08-09,1456.73,6249776,Reliance,0.0174,-0.4955,1.0141,0,Reliance market update,1.0
2024-08-12,1443.22,8184584,Reliance,-0.0093,0.3096,1.0105,1,Reliance market update,1.0
2024-08-13,1446.19,6265064,Reliance,0.0021,-0.2345,1.0083,0,Reliance market update,1.0
2024-08-14,1444.43,6267466,Reliance,-0.0012,0.0004,1.0126,1,Reliance market update,1.0
2024-08-16,1460.59,9416902,Reliance,0.0112,0.5025,1.0153,1,Reliance market update,1.0
2024-08-19,1475.66,13797742,Reliance,0.0103,0.4652,1.012,1,Reliance market update,1.0
2024-08-20,1483.14,8411808,Reliance,0.0051,-0.3903,1.0093,1,Reliance market update,1.0
2024-08-21,1485.84,7769996,Reliance,0.0018,-0.0763,1.012,0,Reliance market update,1.0
2024-08-22,1485.3,10445782,Reliance,-0.0004,0.3444,1.0106,1,Reliance market update,1.0
2024-08-23,1487.13,9249654,Reliance,0.0012,-0.1145,1.0086,1,Reliance market update,1.0
2024-08-26,1499.65,8816114,Reliance,0.0084,-0.0469,1.0133,0,Reliance market update,1.0
2024-08-27,1487.6,6251156,Reliance,-0.008,-0.2909,1.0094,0,Reliance market update,1.0
2024-08-28,1485.47,9610286,Reliance,-0.0014,0.5374,1.0097,1,Reliance market update,1.0
2024-08-29,1507.9,38335358,Reliance,0.0151,2.989,1.0288,0,Reliance market update,1.0
2024-08-30,1496.7,41620730,Reliance,-0.0074,0.0857,1.0242,1,Reliance market update,1.0
2024-09-02,1503.27,11240852,Reliance,0.0044,-0.7299,1.0134,0,Reliance market update,1.0
2024-09-03,1496.2,10923800,Reliance,-0.0047,-0.0282,1.0103,1,Reliance market update,1.0
2024-09-04,1501.58,11983304,Reliance,0.0036,0.097,1.012,0,Reliance market update,1.0
2024-09-05,1480.19,16264168,Reliance,-0.0142,0.3572,1.026,0,Reliance market update,1.0
2024-09-06,1452.28,19394228,Reliance,-0.0189,0.1925,1.0242,0,Reliance market update,1.0
2024-09-09,1449.93,9010298,Reliance,-0.0016,-0.5354,1.0098,0,Reliance market update,1.0
2024-09-10,1449.01,10768260,Reliance,-0.0006,0.1951,1.0099,0,Reliance market update,1.0
2024-09-11,1439.07,9760202,Reliance,-0.0069,-0.0936,1.0146,1,Reliance market update,1.0
2024-09-12,1467.13,22349376,Reliance,0.0195,1.2898,1.0278,0,Reliance market update,1.0
2024-09-13,1460.02,8711328,Reliance,-0.0048,-0.6102,1.0093,0,Reliance market update,1.0
2024-09-16,1458.75,5481774,Reliance,-0.0009,-0.3707,1.011,1,Reliance market update,1.0
2024-09-17,1459.69,5935328,Reliance,0.0006,0.0827,1.0074,0,Reliance market update,1.0
2024-09-18,1450.92,8574714,Reliance,-0.006,0.4447,1.0147,1,Reliance market update,1.0
2024-09-19,1457.09,16955902,Reliance,0.0043,0.9774,1.0144,1,Reliance market update,1.0
2024-09-20,1473.2,30897320,Reliance,0.0111,0.8222,1.0161,1,Reliance market update,1.0
2024-09-23,1480.59,8832314,Reliance,0.005,-0.7141,1.0084,0,Reliance market update,1.0
2024-09-24,1476.62,17137444,Reliance,-0.0027,0.9403,1.0085,1,Reliance market update,1.0
2024-09-25,1481.16,7069002,Reliance,0.0031,-0.5875,1.011,1,Reliance market update,1.0
2024-09-26,1485.12,18818998,Reliance,0.0027,1.6622,1.0107,1,Reliance market update,1.0
2024-09-27,1513.11,20597478,Reliance,0.0188,0.0945,1.0278,0,Reliance market update,1.0
2024-09-30,1463.93,27008814,Reliance,-0.0325,0.3113,1.0343,0,Reliance market update,1.0
2024-10-01,1452.28,16431642,Reliance,-0.008,-0.3916,1.0172,0,Reliance market update,1.0
2024-10-03,1394.93,37757294,Reliance,-0.0395,1.2978,1.0338,0,Reliance market update,1.0
2024-10-04,1374.65,37072876,Reliance,-0.0145,-0.0181,1.0257,0,Reliance market update,1.0
2024-10-07,1358.99,22181340,Reliance,-0.0114,-0.4017,1.0258,1,Reliance market update,1.0
2024-10-08,1385.39,17020808,Reliance,0.0194,-0.2327,1.0263,0,Reliance market update,1.0
2024-10-09,1362.83,14310610,Reliance,-0.0163,-0.1592,1.0207,0,Reliance market update,1.0
2024-10-10,1359.31,22358646,Reliance,-0.0026,0.5624,1.0121,1,Reliance market update,1.0
2024-10-11,1360.35,7980122,Reliance,0.0008,-0.6431,1.0106,1,Reliance market update,1.0
2024-10-14,1360.77,12221432,Reliance,0.0003,0.5315,1.0086,0,Reliance market update,1.0
2024-10-15,1332.52,33762794,Reliance,-0.0208,1.7626,1.0231,1,Reliance market update,1.0
2024-10-16,1342.48,20034438,Reliance,0.0075,-0.4066,1.0197,1,Reliance market update,1.0
2024-10-17,1344.81,15543660,Reliance,0.0017,-0.2242,1.0121,1,Reliance market update,1.0
2024-10-18,1347.66,12082452,Reliance,0.0021,-0.2227,1.0202,1,Reliance market update,1.0
2024-10-21,1357.48,14067408,Reliance,0.0073,0.1643,1.012,0,Reliance market update,1.0
2024-10-22,1331.85,15831960,Reliance,-0.0189,0.1254,1.0267,0,Reliance market update,1.0
2024-10-23,1327.06,17214742,Reliance,-0.0036,0.0873,1.0168,1,Reliance market update,1.0
2024-10-24,1328.33,22155934,Reliance,0.001,0.287,1.0156,0,Reliance market update,1.0
2024-10-25,1316.48,18597496,Reliance,-0.0089,-0.1606,1.0169,1,Reliance market update,1.0
2024-10-28,1322.93,10824350,Reliance,0.0049,-0.418,1.0234,1,Reliance market update,1.0
2024-10-29,1328.53,12008361,Reliance,0.0042,0.1094,1.0173,1,Reliance market update,1.0
2024-10-30,1332.39,11984423,Reliance,0.0029,-0.002,1.0186,0,Reliance market update,1.0
2024-10-31,1320.65,9331650,Reliance,-0.0088,-0.2214,1.0127,1,Reliance market update,1.0
2024-11-01,1327.19,2127335,Reliance,0.005,-0.772,1.0067,0,Reliance market update,1.0
2024-11-04,1291.0,19796890,Reliance,-0.0273,8.306,1.0427,1,Reliance market update,1.0
2024-11-05,1294.12,16267479,Reliance,0.0024,-0.1783,1.0182,1,Reliance market update,1.0
2024-11-06,1314.0,21625209,Reliance,0.0154,0.3294,1.0216,0,Reliance market update,1.0
2024-11-07,1294.47,9611974,Reliance,-0.0149,-0.5555,1.0164,0,Reliance market update,1.0
2024-11-08,1272.76,19814406,Reliance,-0.0168,1.0614,1.0209,0,Reliance market update,1.0
2024-11-11,1261.8,9056552,Reliance,-0.0086,-0.5429,1.015,1,Reliance market update,1.0
2024-11-12,1263.34,10671091,Reliance,0.0012,0.1783,1.0172,0,Reliance market update,1.0
2024-11-13,1241.33,14633633,Reliance,-0.0174,0.3713,1.0208,1,Reliance market update,1.0
2024-11-14,1256.75,12612633,Reliance,0.0124,-0.1381,1.0172,0,Reliance market update,1.0
2024-11-18,1249.96,13620611,Reliance,-0.0054,0.0799,1.0233,0,Reliance market update,1.0
2024-11-19,1231.02,14183746,Reliance,-0.0151,0.0413,1.0375,0,Reliance market update,1.0
2024-11-21,1212.53,19433843,Reliance,-0.015,0.3701,1.0219,1,Reliance market update,1.0
2024-11-22,1254.57,20471957,Reliance,0.0347,0.0534,1.038,1,Reliance market update,1.0
2024-11-25,1275.98,28923341,Reliance,0.0171,0.4128,1.0172,1,Reliance market update,1.0
2024-11-26,1284.61,9247557,Reliance,0.0068,-0.6803,1.0106,0,Reliance market update,1.0
2024-11-27,1282.13,9572746,Reliance,-0.0019,0.0352,1.0139,0,Reliance market update,1.0
2024-11-28,1259.92,15027412,Reliance,-0.0173,0.5698,1.0217,1,Reliance market update,1.0
2024-11-29,1281.14,13202307,Reliance,0.0168,-0.1215,1.019,1,Reliance market update,1.0
2024-12-02,1297.94,11024152,Reliance,0.0131,-0.165,1.0269,1,Reliance market update,1.0
2024-12-03,1311.97,16869482,Reliance,0.0108,0.5302,1.0151,0,Reliance market update,1.0
2024-12-04,1297.74,19608540,Reliance,-0.0108,0.1624,1.0187,1,Reliance market update,1.0
2024-12-05,1310.73,16858723,Reliance,0.01,-0.1402,1.0182,0,Reliance market update,1.0
2024-12-06,1300.32,9037514,Reliance,-0.0079,-0.4639,1.0106,0,Reliance market update,1.0
2024-12-09,1284.06,14650002,Reliance,-0.0125,0.621,1.0169,0,Reliance market update,1.0
2024-12-10,1273.85,16043729,Reliance,-0.008,0.0951,1.0115,0,Reliance market update,1.0
2024-12-11,1267.26,11724373,Reliance,-0.0052,-0.2692,1.0109,0,Reliance market update,1.0
2024-12-12,1252.09,20906813,Reliance,-0.012,0.7832,1.014,1,Reliance market update,1.0
2024-12-13,1261.95,28630222,Reliance,0.0079,0.3694,1.0287,0,Reliance market update,1.0
2024-12-16,1257.44,9486781,Reliance,-0.0036,-0.6686,1.0114,0,Reliance market update,1.0
2024-12-17,1234.64,17462791,Reliance,-0.0181,0.8407,1.017,1,Reliance market update,1.0
2024-12-18,1242.52,12670179,Reliance,0.0064,-0.2744,1.0156,0,Reliance market update,1.0
2024-12-19,1219.91,14244653,Reliance,-0.0182,0.1243,1.0129,0,Reliance market update,1.0
2024-12-20,1194.98,20312896,Reliance,-0.0204,0.426,1.0316,1,Reliance market update,1.0
2024-12-23,1211.83,10052824,Reliance,0.0141,-0.5051,1.0115,1,Reliance market update,1.0
2024-12-24,1212.28,6734917,Reliance,0.0004,-0.33,1.0103,0,Reliance market update,1.0
2024-12-26,1206.13,10016178,Reliance,-0.0051,0.4872,1.0111,1,Reliance market update,1.0
2024-12-27,1210.6,7000397,Reliance,0.0037,-0.3011,1.009,0,Reliance market update,1.0
2024-12-30,1200.33,8818766,Reliance,-0.0085,0.2598,1.0125,1,Reliance market update,1.0
2024-12-31,1205.04,6405475,Reliance,0.0039,-0.2737,1.0107,1,Reliance market update,1.0
2025-01-01,1210.79,5892590,Reliance,0.0048,-0.0801,1.0121,1,Reliance market update,1.0
2025-01-02,1231.17,15486276,Reliance,0.0168,1.6281,1.02,1,Reliance market update,1.0
2025-01-03,1240.44,15521102,Reliance,0.0075,0.0022,1.0215,0,Reliance market update,1.0
2025-01-06,1207.57,14816766,Reliance,-0.0265,-0.0454,1.0387,1,Reliance market update,1.0
2025-01-07,1230.23,10070505,Reliance,0.0188,-0.3203,1.019,1,Reliance market update,1.0
2025-01-08,1254.66,19346579,Reliance,0.0199,0.9211,1.0206,0,Reliance market update,1.0
2025-01-09,1244.01,12794704,Reliance,-0.0085,-0.3387,1.0174,0,Reliance market update,1.0
2025-01-10,1231.27,8120332,Reliance,-0.0102,-0.3653,1.0168,0,Reliance market update,1.0
2025-01-13,1229.23,13764861,Reliance,-0.0017,0.6951,1.0154,0,Reliance market update,1.0
2025-01-14,1228.14,13095266,Reliance,-0.0009,-0.0486,1.0213,1,Reliance market update,1.0
2025-01-15,1241.48,9578856,Reliance,0.0109,-0.2685,1.0122,1,Reliance market update,1.0
2025-01-16,1255.61,14117603,Reliance,0.0114,0.4738,1.0189,1,Reliance market update,1.0
2025-01-17,1291.2,29366277,Reliance,0.0283,1.0801,1.0319,1,Reliance market update,1.0
2025-01-20,1294.27,14040244,Reliance,0.0024,-0.5219,1.0121,0,Reliance market update,1.0
2025-01-21,1262.79,14562976,Reliance,-0.0243,0.0372,1.0337,1,Reliance market update,1.0
2025-01-22,1266.17,10273590,Reliance,0.0027,-0.2945,1.0112,0,Reliance market update,1.0
2025-01-23,1252.83,8720682,Reliance,-0.0105,-0.1512,1.0125,0,Reliance market update,1.0
2025-01-24,1235.63,14235970,Reliance,-0.0137,0.6324,1.0237,0,Reliance market update,1.0
2025-01-27,1218.82,9536019,Reliance,-0.0136,-0.3301,1.0168,1,Reliance market update,1.0
2025-01-28,1223.83,10568025,Reliance,0.0041,0.1082,1.0215,1,Reliance market update,1.0
2025-01-29,1224.92,5928156,Reliance,0.0009,-0.439,1.012,1,Reliance market update,1.0
2025-01-30,1242.32,9269259,Reliance,0.0142,0.5636,1.02,1,Reliance market update,1.0
2025-01-31,1254.27,6584612,Reliance,0.0096,-0.2896,1.0144,0,Reliance market update,1.0
2025-02-01,1253.77,7118453,Reliance,-0.0004,0.0811,1.0238,0,Reliance market update,1.0
2025-02-03,1235.23,9252345,Reliance,-0.0148,0.2998,1.0149,1,Reliance market update,1.0
2025-02-04,1274.2,16691069,Reliance,0.0315,0.804,1.0339,0,Reliance market update,1.0
2025-02-05,1267.26,10112028,Reliance,-0.0054,-0.3942,1.0108,1,Reliance market update,1.0
2025-02-06,1270.58,9956001,Reliance,0.0026,-0.0154,1.0139,0,Reliance market update,1.0
2025-02-07,1255.85,8764283,Reliance,-0.0116,-0.1197,1.0172,0,Reliance market update,1.0
2025-02-10,1242.92,6970972,Reliance,-0.0103,-0.2046,1.0168,0,Reliance market update,1.0
2025-02-11,1224.28,8859714,Reliance,-0.015,0.2709,1.028,0,Reliance market update,1.0
2025-02-12,1206.13,21131654,Reliance,-0.0148,1.3851,1.0281,0,Reliance market update,1.0
2025-02-13,1205.69,8511216,Reliance,-0.0004,-0.5972,1.0132,1,Reliance market update,1.0
2025-02-14,1206.83,10298145,Reliance,0.0009,0.2099,1.0154,1,Reliance market update,1.0
2025-02-17,1214.41,8166683,Reliance,0.0063,-0.207,1.0191,1,Reliance market update,1.0
2025-02-18,1214.91,6673250,Reliance,0.0004,-0.1829,1.0113,1,Reliance market update,1.0
2025-02-19,1216.94,6217338,Reliance,0.0017,-0.0683,1.0125,1,Reliance market update,1.0
2025-02-20,1222.44,7795582,Reliance,0.0045,0.2538,1.0142,0,Reliance market update,1.0
2025-02-21,1217.63,6904025,Reliance,-0.0039,-0.1144,1.0146,0,Reliance market update,1.0
2025-02-24,1204.15,7172498,Reliance,-0.0111,0.0389,1.0105,0,Reliance market update,1.0
2025-02-25,1193.69,11552182,Reliance,-0.0087,0.6106,1.0162,1,Reliance market update,1.0
2025-02-27,1196.76,11509215,Reliance,0.0026,-0.0037,1.012,0,Reliance market update,1.0
2025-02-28,1189.82,23007298,Reliance,-0.0058,0.999,1.0202,0,Reliance market update,1.0
2025-03-03,1161.22,17944938,Reliance,-0.024,-0.22,1.0436,0,Reliance market update,1.0
2025-03-04,1151.95,11377373,Reliance,-0.008,-0.366,1.0125,1,Reliance market update,1.0
2025-03-05,1165.53,8664095,Reliance,0.0118,-0.2385,1.0225,1,Reliance market update,1.0
2025-03-06,1199.24,14468014,Reliance,0.0289,0.6699,1.0243,1,Reliance market update,1.0
2025-03-07,1239.1,16474965,Reliance,0.0332,0.1387,1.0353,0,Reliance market update,1.0
2025-03-10,1227.8,11931051,Reliance,-0.0091,-0.2758,1.0183,1,Reliance market update,1.0
2025-03-11,1236.62,10089838,Reliance,0.0072,-0.1543,1.0161,1,Reliance market update,1.0
2025-03-12,1246.29,11977555,Reliance,0.0078,0.1871,1.0153,0,Reliance market update,1.0
2025-03-13,1237.22,9505270,Reliance,-0.0073,-0.2064,1.0163,0,Reliance market update,1.0
2025-03-17,1228.24,16640917,Reliance,-0.0073,0.7507,1.0197,0,Reliance market update,1.0
2025-03-19,1236.47,16162399,Reliance,0.0067,-0.0048,1.0117,1,Reliance market update,1.0
2025-03-20,1258.28,15971477,Reliance,0.0176,-0.0118,1.0184,1,Reliance market update,1.0
2025-03-21,1265.42,21780769,Reliance,0.0057,0.3637,1.0086,1,Reliance market update,1.0
2025-03-24,1290.95,20299319,Reliance,0.0202,-0.068,1.0169,0,Reliance market update,1.0
2025-03-25,1274.44,13713899,Reliance,-0.0128,-0.3244,1.0196,0,Reliance market update,1.0
2025-03-26,1262.15,12074747,Reliance,-0.0096,-0.1195,1.0197,1,Reliance market update,1.0
2025-03-27,1267.26,15028056,Reliance,0.004,0.2446,1.0108,0,Reliance market update,1.0
2025-03-28,1264.18,18147129,Reliance,-0.0024,0.2075,1.0211,0,Reliance market update,1.0
2025-04-01,1241.88,12099648,Reliance,-0.0176,-0.3332,1.0229,0,Reliance market update,1.0
2025-04-02,1240.44,10142590,Reliance,-0.0012,-0.1617,1.0094,0,Reliance market update,1.0
2025-04-03,1238.01,7434366,Reliance,-0.002,-0.267,1.0152,0,Reliance market update,1.0
2025-04-04,1194.39,17908652,Reliance,-0.0352,1.4089,1.0438,0,Reliance market update,1.0
2025-04-07,1155.72,22156106,Reliance,-0.0324,0.2372,1.0506,1,Reliance market update,1.0
2025-04-08,1172.08,19555040,Reliance,0.0142,-0.1174,1.0286,1,Reliance market update,1.0
2025-04-09,1175.2,10223104,Reliance,0.0027,-0.4772,1.0187,1,Reliance market update,1.0
2025-04-11,1208.51,11224242,Reliance,0.0283,0.0979,1.023,1,Reliance market update,1.0
2025-04-15,1229.48,13378535,Reliance,0.0174,0.1919,1.0112,0,Reliance market update,1.0
2025-04-16,1228.69,8248464,Reliance,-0.0006,-0.3835,1.0097,1,Reliance market update,1.0
2025-04-17,1263.59,15398401,Reliance,0.0284,0.8668,1.0428,1,Reliance market update,1.0
2025-04-21,1284.41,10429964,Reliance,0.0165,-0.3227,1.0268,0,Reliance market update,1.0
2025-04-22,1280.14,13051707,Reliance,-0.0033,0.2514,1.0137,1,Reliance market update,1.0
2025-04-23,1288.87,10480888,Reliance,0.0068,-0.197,1.016,1,Reliance market update,1.0
2025-04-24,1290.46,10468940,Reliance,0.0012,-0.0011,1.011,0,Reliance market update,1.0
2025-04-25,1289.27,14431012,Reliance,-0.0009,0.3785,1.0288,1,Reliance market update,1.0
2025-04-28,1357.08,31104496,Reliance,0.0526,1.1554,1.0412,1,Reliance market update,1.0
2025-04-29,1387.72,32538970,Reliance,0.0226,0.0461,1.0299,1,Reliance market update,1.0
2025-04-30,1392.97,25480745,Reliance,0.0038,-0.2169,1.0317,1,Reliance market update,1.0
2025-05-02,1407.64,13007841,Reliance,0.0105,-0.4895,1.0125,1,Reliance market update,1.0
2025-05-05,1419.05,12685649,Reliance,0.0081,-0.0248,1.0088,0,Reliance market update,1.0
2025-05-06,1408.73,14084117,Reliance,-0.0073,0.1102,1.0152,0,Reliance market update,1.0
2025-05-07,1393.96,13440169,Reliance,-0.0105,-0.0457,1.0155,1,Reliance market update,1.0
2025-05-08,1394.95,16106175,Reliance,0.0007,0.1984,1.0163,0,Reliance market update,1.0
2025-05-09,1365.41,13668904,Reliance,-0.0212,-0.1513,1.0148,1,Reliance market update,1.0
2025-05-12,1424.2,10674081,Reliance,0.0431,-0.2191,1.0279,0,Reliance market update,1.0
2025-05-13,1403.58,11407896,Reliance,-0.0145,0.0687,1.025,1,Reliance market update,1.0
2025-05-14,1412.2,5570160,Reliance,0.0061,-0.5117,1.0102,1,Reliance market update,1.0
2025-05-15,1441.75,20177211,Reliance,0.0209,2.6224,1.0345,1,Reliance market update,1.0
2025-05-16,1443.93,9036695,Reliance,0.0015,-0.5521,1.0095,0,Reliance market update,1.0
2025-05-19,1428.46,6195791,Reliance,-0.0107,-0.3144,1.0114,0,Reliance market update,1.0
2025-05-20,1412.4,11270560,Reliance,-0.0112,0.8191,1.0163,1,Reliance market update,1.0
2025-05-21,1416.96,6136364,Reliance,0.0032,-0.4555,1.0128,0,Reliance market update,1.0
2025-05-22,1397.33,12134466,Reliance,-0.0139,0.9775,1.0193,1,Reliance market update,1.0
2025-05-23,1414.58,6474883,Reliance,0.0123,-0.4664,1.0193,1,Reliance market update,1.0
2025-05-26,1422.52,4842944,Reliance,0.0056,-0.252,1.0112,0,Reliance market update,1.0
2025-05-27,1409.92,12640414,Reliance,-0.0089,1.6101,1.0163,0,Reliance market update,1.0
2025-05-28,1400.8,5944611,Reliance,-0.0065,-0.5297,1.0084,1,Reliance market update,1.0
2025-05-29,1405.66,13771917,Reliance,0.0035,1.3167,1.0081,1,Reliance market update,1.0
2025-05-30,1408.73,13788484,Reliance,0.0022,0.0012,1.0148,0,Reliance market update,1.0
2025-06-02,1401.6,8098668,Reliance,-0.0051,-0.4126,1.0157,0,Reliance market update,1.0
2025-06-03,1393.47,11252626,Reliance,-0.0058,0.3894,1.0165,1,Reliance market update,1.0
2025-06-04,1411.31,8126827,Reliance,0.0128,-0.2778,1.0139,1,Reliance market update,1.0
2025-06-05,1430.05,13716817,Reliance,0.0133,0.6878,1.0218,1,Reliance market update,1.0
2025-06-06,1431.14,8182161,Reliance,0.0008,-0.4035,1.0101,1,Reliance market update,1.0
2025-06-09,1436.4,7885125,Reliance,0.0037,-0.0363,1.0084,0,Reliance market update,1.0
2025-06-10,1426.18,7913181,Reliance,-0.0071,0.0036,1.0125,1,Reliance market update,1.0
2025-06-11,1436.49,8195700,Reliance,0.0072,0.0357,1.0177,0,Reliance market update,1.0
2025-06-12,1429.26,8828114,Reliance,-0.005,0.0772,1.0158,0,Reliance market update,1.0
2025-06-13,1415.67,9757276,Reliance,-0.0095,0.1053,1.015,1,Reliance market update,1.0
2025-06-16,1425.49,8458093,Reliance,0.0069,-0.1332,1.0126,0,Reliance market update,1.0
2025-06-17,1418.95,10366599,Reliance,-0.0046,0.2256,1.0156,0,Reliance market update,1.0
2025-06-18,1417.86,6681735,Reliance,-0.0008,-0.3555,1.012,1,Reliance market update,1.0
2025-06-19,1421.03,10007230,Reliance,0.0022,0.4977,1.01,1,Reliance market update,1.0
2025-06-20,1453.65,29010635,Reliance,0.023,1.899,1.03,0,Reliance market update,1.0
2025-06-23,1444.33,5989078,Reliance,-0.0064,-0.7936,1.0151,0,Reliance market update,1.0
2025-06-24,1438.38,16402744,Reliance,-0.0041,1.7388,1.0221,1,Reliance market update,1.0
2025-06-25,1454.74,7525851,Reliance,0.0114,-0.5412,1.0081,1,Reliance market update,1.0
2025-06-26,1482.5,14657893,Reliance,0.0191,0.9477,1.023,1,Reliance market update,1.0
2025-06-27,1502.43,11117052,Reliance,0.0134,-0.2416,1.0168,0,Reliance market update,1.0
2025-06-30,1487.75,8409527,Reliance,-0.0098,-0.2435,1.0193,1,Reliance market update,1.0
2025-07-01,1515.31,10368523,Reliance,0.0185,0.2329,1.0209,0,Reliance market update,1.0
2025-07-02,1505.8,6361002,Reliance,-0.0063,-0.3865,1.0141,0,Reliance market update,1.0
2025-07-03,1504.8,11283291,Reliance,-0.0007,0.7738,1.0125,1,Reliance market update,1.0
2025-07-04,1514.22,6603501,Reliance,0.0063,-0.4148,1.0084,1,Reliance market update,1.0
2025-07-07,1528.3,7251074,Reliance,0.0093,0.0981,1.013,0,Reliance market update,1.0
2025-07-08,1524.44,7171261,Reliance,-0.0025,-0.011,1.0096,0,Reliance market update,1.0
2025-07-09,1505.99,8870660,Reliance,-0.0121,0.237,1.0271,0,Reliance market update,1.0
2025-07-10,1504.21,10047129,Reliance,-0.0012,0.1326,1.0114,0,Reliance market update,1.0
2025-07-11,1482.4,7234991,Reliance,-0.0145,-0.2799,1.0166,0,Reliance market update,1.0
2025-07-14,1471.0,10311846,Reliance,-0.0077,0.4253,1.0141,1,Reliance market update,1.0
2025-07-15,1472.68,8132454,Reliance,0.0011,-0.2113,1.0095,1,Reliance market update,1.0
2025-07-16,1472.88,10409983,Reliance,0.0001,0.2801,1.0133,0,Reliance market update,1.0
2025-07-17,1463.76,11854613,Reliance,-0.0062,0.1388,1.0107,0,Reliance market update,1.0
2025-07-18,1463.36,10296318,Reliance,-0.0003,-0.1315,1.0107,0,Reliance market update,1.0
2025-07-21,1416.37,22442744,Reliance,-0.0321,1.1797,1.0372,0,Reliance market update,1.0
2025-07-22,1400.7,20396320,Reliance,-0.0111,-0.0912,1.015,1,Reliance market update,1.0
2025-07-23,1412.4,8354596,Reliance,0.0084,-0.5904,1.0082,0,Reliance market update,1.0
2025-07-24,1390.89,14740507,Reliance,-0.0152,0.7644,1.0193,0,Reliance market update,1.0
2025-07-25,1379.78,11854722,Reliance,-0.008,-0.1958,1.0122,0,Reliance market update,1.0
2025-07-28,1375.72,7748361,Reliance,-0.0029,-0.3464,1.0165,1,Reliance market update,1.0
2025-07-29,1404.97,10750072,Reliance,0.0213,0.3874,1.0269,0,Reliance market update,1.0
2025-07-30,1398.03,7209849,Reliance,-0.0049,-0.3293,1.0157,0,Reliance market update,1.0
2025-07-31,1378.3,17065827,Reliance,-0.0141,1.367,1.0148,1,Reliance market update,1.0
2025-08-01,1381.77,10321171,Reliance,0.0025,-0.3952,1.0156,1,Reliance market update,1.0
2025-08-04,1399.41,6312820,Reliance,0.0128,-0.3884,1.0175,0,Reliance market update,1.0
2025-08-05,1379.78,9315972,Reliance,-0.014,0.4757,1.0165,1,Reliance market update,1.0
2025-08-06,1380.87,5834312,Reliance,0.0008,-0.3737,1.0091,0,Reliance market update,1.0
2025-08-07,1377.5,9976705,Reliance,-0.0024,0.71,1.0203,0,Reliance market update,1.0
2025-08-08,1356.09,8793606,Reliance,-0.0155,-0.1186,1.0236,1,Reliance market update,1.0
2025-08-11,1374.33,9997486,Reliance,0.0135,0.1369,1.0197,0,Reliance market update,1.0
2025-08-12,1368.58,12244664,Reliance,-0.0042,0.2248,1.0194,1,Reliance market update,1.0
2025-08-13,1370.76,7457021,Reliance,0.0016,-0.391,1.0104,0,Reliance market update,1.0
2025-08-14,1367.48,7126128,Reliance,-0.0024,-0.0444,1.0077,1,Reliance market update,1.0
2025-08-18,1375.34,11785109,Reliance,0.0058,0.6538,1.013,1,Reliance market update,1.0
2025-08-19,1413.56,14384719,Reliance,0.0278,0.2206,1.023,0,Reliance market update,1.0
2025-08-20,1406.5,8725641,Reliance,-0.005,-0.3934,1.0106,1,Reliance market update,1.0
2025-08-21,1418.24,11021323,Reliance,0.0084,0.2631,1.0082,0,Reliance market update,1.0
2025-08-22,1402.71,5818868,Reliance,-0.0109,-0.472,1.011,1,Reliance market update,1.0
2025-08-25,1406.1,5979407,Reliance,0.0024,0.0276,1.0098,0,Reliance market update,1.0
2025-08-26,1378.53,12145259,Reliance,-0.0196,1.0312,1.0206,1,Reliance market update,1.0
2025-08-28,1379.52,13161813,Reliance,0.0007,0.0837,1.0188,0,Reliance market update,1.0
2025-08-29,1350.95,18758842,Reliance,-0.0207,0.4252,1.0396,0,Reliance market update,1.0
2025-09-01,1347.67,11232238,Reliance,-0.0024,-0.4012,1.0169,1,Reliance market update,1.0
2025-09-02,1360.21,11517006,Reliance,0.0093,0.0254,1.0221,1,Reliance market update,1.0
2025-09-03,1366.28,7847563,Reliance,0.0045,-0.3186,1.0118,0,Reliance market update,1.0
2025-09-04,1353.04,13223177,Reliance,-0.0097,0.685,1.0125,1,Reliance market update,1.0
2025-09-05,1368.67,5777575,Reliance,0.0116,-0.5631,1.016,1,Reliance market update,1.0
2025-09-08,1372.16,6986720,Reliance,0.0025,0.2093,1.0099,0,Reliance market update,1.0
2025-09-09,1369.87,9754452,Reliance,-0.0017,0.3961,1.0091,1,Reliance market update,1.0
2025-09-10,1370.66,7790815,Reliance,0.0006,-0.2013,1.0105,1,Reliance market update,1.0
2025-09-11,1376.93,9766072,Reliance,0.0046,0.2535,1.0076,1,Reliance market update,1.0
2025-09-12,1388.58,7403368,Reliance,0.0085,-0.2419,1.0114,1,Reliance market update,1.0
2025-09-15,1392.86,5396697,Reliance,0.0031,-0.271,1.0088,1,Reliance market update,1.0
2025-09-16,1398.83,8686961,Reliance,0.0043,0.6097,1.007,1,Reliance market update,1.0
2025-09-17,1407.29,7519417,Reliance,0.006,-0.1344,1.0066,1,Reliance market update,1.0
2025-09-18,1408.49,9332642,Reliance,0.0008,0.2411,1.008,0,Reliance market update,1.0
2025-09-19,1400.92,13461373,Reliance,-0.0054,0.4424,1.0095,0,Reliance market update,1.0
2025-09-22,1384.2,7757970,Reliance,-0.0119,-0.4237,1.0164,0,Reliance market update,1.0
2025-09-23,1383.4,14014702,Reliance,-0.0006,0.8065,1.0132,0,Reliance market update,1.0
2025-09-24,1376.64,5922759,Reliance,-0.0049,-0.5774,1.0113,0,Reliance market update,1.0
2025-09-25,1366.08,11411143,Reliance,-0.0077,0.9267,1.0113,1,Reliance market update,1.0
2025-09-26,1371.26,9879109,Reliance,0.0038,-0.1343,1.0122,0,Reliance market update,1.0
2025-09-29,1366.48,14231999,Reliance,-0.0035,0.4406,1.0154,0,Reliance market update,1.0
2025-09-30,1357.72,14604684,Reliance,-0.0064,0.0262,1.0105,1,Reliance market update,1.0
2025-10-01,1362.4,12045916,Reliance,0.0034,-0.1752,1.0117,0,Reliance market update,1.0
2025-10-03,1357.13,12842347,Reliance,-0.0039,0.0661,1.0108,1,Reliance market update,1.0
2025-10-06,1368.67,12396580,Reliance,0.0085,-0.0347,1.0135,1,Reliance market update,1.0
2025-10-07,1378.43,11244040,Reliance,0.0071,-0.093,1.0145,0,Reliance market update,1.0
2025-10-08,1361.11,8525081,Reliance,-0.0126,-0.2418,1.018,1,Reliance market update,1.0
2025-10-09,1371.46,8826633,Reliance,0.0076,0.0354,1.008,1,Reliance market update,1.0
2025-10-10,1375.34,6373084,Reliance,0.0028,-0.278,1.0094,0,Reliance market update,1.0
2025-10-13,1368.67,7600682,Reliance,-0.0048,0.1926,1.0072,1,Reliance market update,1.0
2025-10-14,1369.57,9768174,Reliance,0.0007,0.2852,1.0131,0,Reliance market update,1.0
2025-10-15,1367.98,10882743,Reliance,-0.0012,0.1141,1.0082,1,Reliance market update,1.0
2025-10-16,1391.86,12315932,Reliance,0.0175,0.1317,1.0185,1,Reliance market update,1.0
2025-10-17,1410.28,19335561,Reliance,0.0132,0.57,1.0173,1,Reliance market update,1.0
2025-10-20,1460.05,24721978,Reliance,0.0353,0.2786,1.0283,0,Reliance market update,1.0
2025-10-21,1458.46,2066169,Reliance,-0.0011,-0.9164,1.0096,0,Reliance market update,1.0
2025-10-23,1441.73,18707090,Reliance,-0.0115,8.054,1.0265,1,Reliance market update,1.0
2025-10-24,1444.92,9700837,Reliance,0.0022,-0.4814,1.013,1,Reliance market update,1.0
2025-10-27,1477.27,14113867,Reliance,0.0224,0.4549,1.0185,1,Reliance market update,1.0
2025-10-28,1480.06,17631577,Reliance,0.0019,0.2492,1.0097,1,Reliance market update,1.0
2025-10-29,1497.28,11884745,Reliance,0.0116,-0.3259,1.0136,0,Reliance market update,1.0
2025-10-30,1481.65,9318663,Reliance,-0.0104,-0.2159,1.0129,0,Reliance market update,1.0
2025-10-31,1479.56,8758053,Reliance,-0.0014,-0.0602,1.0103,0,Reliance market update,1.0
2025-11-03,1477.87,8452085,Reliance,-0.0011,-0.0349,1.0106,0,Reliance market update,1.0
2025-11-04,1466.32,10007806,Reliance,-0.0078,0.1841,1.0154,1,Reliance market update,1.0
2025-11-06,1489.21,16772678,Reliance,0.0156,0.676,1.0172,0,Reliance market update,1.0
2025-11-07,1471.2,7821765,Reliance,-0.0121,-0.5337,1.0152,1,Reliance market update,1.0
2025-11-10,1482.45,7068438,Reliance,0.0076,-0.0963,1.0173,1,Reliance market update,1.0
2025-11-11,1486.53,7127506,Reliance,0.0028,0.0084,1.0126,1,Reliance market update,1.0
2025-11-12,1504.54,12384459,Reliance,0.0121,0.7376,1.0165,0,Reliance market update,1.0
2025-11-13,1503.95,7196443,Reliance,-0.0004,-0.4189,1.0102,1,Reliance market update,1.0
2025-11-14,1511.91,7682823,Reliance,0.0053,0.0676,1.0102,0,Reliance market update,1.0
2025-11-17,1511.31,5871416,Reliance,-0.0004,-0.2358,1.0081,1,Reliance market update,1.0
2025-11-18,1512.41,11045042,Reliance,0.0007,0.8812,1.0115,0,Reliance market update,1.0
2025-11-19,1511.91,5692366,Reliance,-0.0003,-0.4846,1.0068,1,Reliance market update,1.0
2025-11-20,1541.97,18171724,Reliance,0.0199,2.1923,1.0159,0,Reliance market update,1.0
2025-11-21,1539.48,9615271,Reliance,-0.0016,-0.4709,1.0115,0,Reliance market update,1.0
2025-11-24,1528.83,18433951,Reliance,-0.0069,0.9172,1.0119,1,Reliance market update,1.0
2025-11-25,1532.61,15033482,Reliance,0.0025,-0.1845,1.0226,1,Reliance market update,1.0
2025-11-26,1562.67,14054299,Reliance,0.0196,-0.0651,1.0202,0,Reliance market update,1.0
2025-11-27,1556.2,9794643,Reliance,-0.0041,-0.3031,1.0125,1,Reliance market update,1.0
2025-11-28,1560.29,8959508,Reliance,0.0026,-0.0853,1.0117,0,Reliance market update,1.0
2025-12-01,1558.89,8920233,Reliance,-0.0009,-0.0044,1.0089,0,Reliance market update,1.0
2025-12-02,1539.18,11389150,Reliance,-0.0126,0.2768,1.0165,0,Reliance market update,1.0
2025-12-03,1531.72,6090883,Reliance,-0.0049,-0.4652,1.0127,0,Reliance market update,1.0
2025-12-04,1528.53,11867930,Reliance,-0.0021,0.9485,1.0283,1,Reliance market update,1.0
2025-12-05,1533.51,10183266,Reliance,0.0033,-0.142,1.0166,1,Reliance market update,1.0
2025-12-08,1535.9,11301491,Reliance,0.0016,0.1098,1.0104,0,Reliance market update,1.0
2025-12-09,1522.36,11503971,Reliance,-0.0088,0.0179,1.0147,1,Reliance market update,1.0
2025-12-10,1529.83,7991629,Reliance,0.0049,-0.3053,1.0105,1,Reliance market update,1.0
2025-12-11,1537.89,4706197,Reliance,0.0053,-0.4111,1.0171,1,Reliance market update,1.0
2025-12-12,1549.34,5106655,Reliance,0.0074,0.0851,1.0089,0,Reliance market update,1.0
2025-12-15,1549.04,5774543,Reliance,-0.0002,0.1308,1.0078,0,Reliance market update,1.0
2025-12-16,1535.2,11731856,Reliance,-0.0089,1.0317,1.0084,1,Reliance market update,1.0
2025-12-17,1537.29,7116649,Reliance,0.0014,-0.3934,1.007,0,Reliance market update,1.0
2025-12-19,1557.9,13937275,Reliance,0.0134,1.1179,1.015,1,Reliance market update,1.0
2025-12-22,1568.15,10184852,Reliance,0.0066,-0.2692,1.0078,0,Reliance market update,1.0
2025-12-23,1563.47,7506564,Reliance,-0.003,-0.263,1.0082,0,Reliance market update,1.0
2025-12-24,1551.03,8815745,Reliance,-0.008,0.1744,1.0142,1,Reliance market update,1.0
2025-12-26,1552.02,2311495,Reliance,0.0006,-0.7378,1.0043,0,Reliance market update,1.0
2025-12-29,1538.49,5972105,Reliance,-0.0087,1.5837,1.0094,0,Reliance market update,1.0
2025-12-30,1532.71,8815884,Reliance,-0.0038,0.4762,1.0103,1,Reliance market update,1.0
2025-12-31,1563.17,5771830,Reliance,0.0199,-0.3453,1.0234,1,Reliance market update,1.0
2026-01-01,1568.35,6408128,Reliance,0.0033,0.1102,1.0136,1,Reliance market update,1.0
2026-01-02,1584.97,6602230,Reliance,0.0106,0.0303,1.0104,0,Reliance market update,1.0
2026-01-05,1570.84,8704973,Reliance,-0.0089,0.3185,1.0232,0,Reliance market update,1.0
2026-01-06,1500.66,27417125,Reliance,-0.0447,2.1496,1.0486,0,Reliance market update,1.0
2026-01-07,1497.28,11199340,Reliance,-0.0023,-0.5915,1.0147,0,Reliance market update,1.0
2026-01-08,1463.83,16518684,Reliance,-0.0223,0.475,1.0239,1,Reliance market update,1.0
2026-01-09,1468.51,8335311,Reliance,0.0032,-0.4954,1.0102,1,Reliance market update,1.0
2026-01-12,1476.37,8883745,Reliance,0.0054,0.0658,1.0236,0,Reliance market update,1.0
2026-01-13,1446.11,13499760,Reliance,-0.0205,0.5196,1.0284,1,Reliance market update,1.0
2026-01-14,1452.09,8321764,Reliance,0.0041,-0.3836,1.0186,0,Reliance market update,1.0
2026-01-16,1451.19,17167161,Reliance,-0.0006,-0.0048,1.0171,0,Reliance market update,1.0
2026-01-19,1407.09,20392765,Reliance,-0.0304,0.1879,1.0337,0,Reliance market update,1.0
2026-01-20,1387.58,13189498,Reliance,-0.0139,-0.3532,1.0187,1,Reliance market update,1.0
2026-01-21,1398.14,17352720,Reliance,0.0076,0.3156,1.0291,0,Reliance market update,1.0
2026-01-22,1396.05,15721693,Reliance,-0.0015,-0.094,1.0176,0,Reliance market update,1.0
2026-01-23,1379.72,9837802,Reliance,-0.0117,-0.3743,1.0188,0,Reliance market update,1.0
2026-01-27,1374.15,26302396,Reliance,-0.004,1.6736,1.0173,1,Reliance market update,1.0
2026-01-28,1390.27,11121657,Reliance,0.0117,-0.5772,1.0181,0,Reliance market update,1.0
2026-01-29,1384.6,20846683,Reliance,-0.0041,0.8744,1.0137,1,Reliance market update,1.0
2026-01-30,1388.98,11239835,Reliance,0.0032,-0.4608,1.0141,0,Reliance market update,1.0
2026-02-02,1384.0,15711165,Reliance,-0.0036,0.3978,1.043,1,Reliance market update,1.0
2026-02-03,1430.49,25456171,Reliance,0.0336,0.6203,1.0415,1,Reliance market update,1.0
2026-02-04,1450.1,8333387,Reliance,0.0137,-0.6726,1.0165,0,Reliance market update,1.0
2026-02-05,1436.76,11763658,Reliance,-0.0092,0.4116,1.0153,1,Reliance market update,1.0
2026-02-06,1444.12,8277304,Reliance,0.0051,-0.2964,1.0135,1,Reliance market update,1.0
2026-02-09,1454.87,5775864,Reliance,0.0074,-0.3022,1.0089,0,Reliance market update,1.0
2026-02-10,1451.79,10259630,Reliance,-0.0021,0.7763,1.0129,1,Reliance market update,1.0
2026-02-11,1461.94,7106877,Reliance,0.007,-0.3073,1.0113,0,Reliance market update,1.0
2026-02-12,1442.23,11135399,Reliance,-0.0135,0.5668,1.019,0,Reliance market update,1.0
2026-02-13,1413.07,10755693,Reliance,-0.0202,-0.0341,1.0243,1,Reliance market update,1.0
2026-02-16,1430.49,5896514,Reliance,0.0123,-0.4518,1.0215,0,Reliance market update,1.0
2026-02-17,1416.45,10731630,Reliance,-0.0098,0.82,1.0093,1,Reliance market update,1.0
2026-02-18,1434.67,5521096,Reliance,0.0129,-0.4855,1.0161,0,Reliance market update,1.0
2026-02-19,1403.01,11884664,Reliance,-0.0221,1.1526,1.0307,1,Reliance market update,1.0
2026-02-20,1412.87,8177670,Reliance,0.007,-0.3119,1.0151,1,Reliance market update,1.0
2026-02-23,1421.43,7758856,Reliance,0.0061,-0.0512,1.0117,1,Reliance market update,1.0
2026-02-24,1422.22,12529409,Reliance,0.0006,0.6149,1.0129,0,Reliance market update,1.0
2026-02-25,1392.06,10728792,Reliance,-0.0212,-0.1437,1.0337,1,Reliance market update,1.0
2026-02-26,1400.33,16683858,Reliance,0.0059,0.5551,1.0151,0,Reliance market update,1.0
2026-02-27,1387.48,12031440,Reliance,-0.0092,-0.2789,1.0161,0,Reliance market update,1.0
2026-03-02,1351.75,23728722,Reliance,-0.0258,0.9722,1.0277,0,Reliance market update,1.0
2026-03-04,1338.81,32495007,Reliance,-0.0096,0.3694,1.035,1,Reliance market update,1.0
2026-03-05,1383.01,25957532,Reliance,0.033,-0.2012,1.0339,1,Reliance market update,1.0
2026-03-06,1398.33,19311971,Reliance,0.0111,-0.256,1.0245,1,Reliance market update,1.0
2026-03-09,1417.45,24870822,Reliance,0.0137,0.2878,1.0434,0,Reliance market update,1.0
2026-03-10,1402.32,18071259,Reliance,-0.0107,-0.2734,1.0221,0,Reliance market update,1.0
2026-03-11,1383.8,21848087,Reliance,-0.0132,0.209,1.0364,1,Reliance market update,1.0
2026-03-12,1385.79,20939959,Reliance,0.0014,-0.0416,1.0216,0,Reliance market update,1.0
2026-03-13,1374.35,17265090,Reliance,-0.0083,-0.1755,1.0163,1,Reliance market update,1.0
2026-03-16,1388.68,22837802,Reliance,0.0104,0.3228,1.0248,1,Reliance market update,1.0
2026-03-17,1391.17,19007744,Reliance,0.0018,-0.1677,1.0128,1,Reliance market update,1.0
2026-03-18,1401.62,9559327,Reliance,0.0075,-0.4971,1.0112,0,Reliance market update,1.0
2026-03-19,1378.43,16498373,Reliance,-0.0165,0.7259,1.0288,1,Reliance market update,1.0
2026-03-20,1407.89,22994918,Reliance,0.0214,0.3938,1.0243,0,Reliance market update,1.0
2026-03-23,1401.32,18979554,Reliance,-0.0047,-0.1746,1.0177,1,Reliance market update,1.0
2026-03-24,1405.3,18620893,Reliance,0.0028,-0.0189,1.0112,1,Reliance market update,1.0
2026-03-25,1406.6,19041331,Reliance,0.0009,0.0226,1.0157,0,Reliance market update,1.0
2026-03-27,1341.9,23266517,Reliance,-0.046,0.2219,1.0444,0,Reliance market update,1.0
2026-03-30,1337.71,24393861,Reliance,-0.0031,0.0485,1.0232,1,Reliance market update,1.0
2026-04-01,1362.9,14404619,Reliance,0.0188,-0.4095,1.0158,0,Reliance market update,1.0
2026-04-02,1344.28,21280051,Reliance,-0.0137,0.4773,1.0227,0,Reliance market update,1.0
2026-04-06,1298.7,29274881,Reliance,-0.0339,0.3757,1.0535,0,Reliance market update,1.0
2026-04-07,1298.6,28388922,Reliance,-0.0001,-0.0303,1.0134,1,Reliance market update,1.0
2026-04-08,1341.6,21817543,Reliance,0.0331,-0.2315,1.0184,0,Reliance market update,1.0
2026-04-09,1323.88,20725390,Reliance,-0.0132,-0.0501,1.0179,1,Reliance market update,1.0
2026-04-10,1343.99,19364461,Reliance,0.0152,-0.0657,1.0156,0,Reliance market update,1.0
2026-04-13,1309.05,28753269,Reliance,-0.026,0.4848,1.0134,1,Reliance market update,1.0
2026-04-15,1337.91,15313779,Reliance,0.0221,-0.4674,1.0096,0,Reliance market update,1.0
2026-04-16,1337.12,30211012,Reliance,-0.0006,0.9728,1.0179,1,Reliance market update,1.0
2026-04-17,1358.72,13869105,Reliance,0.0162,-0.5409,1.0212,0,Reliance market update,1.0
2026-04-20,1357.03,13614733,Reliance,-0.0012,-0.0183,1.0149,0,Reliance market update,1.0
2026-04-21,1347.07,27293629,Reliance,-0.0073,1.0047,1.0146,1,Reliance market update,1.0
2026-04-22,1355.83,9525953,Reliance,0.0065,-0.651,1.0125,0,Reliance market update,1.0
2026-04-23,1337.22,16385079,Reliance,-0.0137,0.72,1.011,0,Reliance market update,1.0
2026-04-24,1321.69,11744802,Reliance,-0.0116,-0.2832,1.0158,1,Reliance market update,1.0
2026-04-27,1359.51,24673098,Reliance,0.0286,1.1008,1.0462,1,Reliance market update,1.0
2026-04-28,1382.51,41027699,Reliance,0.0169,0.6629,1.0282,1,Reliance market update,1.0
2026-04-29,1418.84,30542143,Reliance,0.0263,-0.2556,1.0305,1,Reliance market update,1.0
2026-04-30,1424.22,30957881,Reliance,0.0038,0.0136,1.0315,0,Reliance market update,1.0
2026-05-04,1456.37,24035700,Reliance,0.0226,-0.0048,1.0237,1,Reliance market update,1.0
2026-05-05,1456.86,23543341,Reliance,0.0003,-0.0205,1.0161,0,Reliance market update,1.0
2026-05-06,1431.28,14221786,Reliance,-0.0176,-0.3959,1.0321,0,Reliance market update,1.0
2026-05-07,1429.59,19816903,Reliance,-0.0012,0.3934,1.0134,0,Reliance market update,1.0
2026-05-08,1428.59,8663105,Reliance,-0.0007,-0.5628,1.0178,0,Reliance market update,1.0
2026-05-11,1381.81,15261787,Reliance,-0.0327,0.7617,1.0333,0,Reliance market update,1.0
2026-05-12,1357.72,24357500,Reliance,-0.0174,0.596,1.0244,0,Reliance market update,1.0
2026-05-13,1352.55,13797989,Reliance,-0.0038,-0.4335,1.0148,1,Reliance market update,1.0
2026-05-14,1355.53,17303059,Reliance,0.0022,0.254,1.0144,0,Reliance market update,1.0
2026-05-15,1330.25,19976192,Reliance,-0.0187,0.1545,1.0268,0,Reliance market update,1.0
2026-05-18,1329.75,13022473,Reliance,-0.0004,-0.3481,1.0177,0,Reliance market update,1.0
2026-05-19,1316.61,21665501,Reliance,-0.0099,0.6637,1.0194,1,Reliance market update,1.0
2026-05-20,1353.44,13248515,Reliance,0.028,-0.3885,1.0383,0,Reliance market update,1.0
2026-05-21,1343.39,17150630,Reliance,-0.0074,0.2945,1.0191,1,Reliance market update,1.0
2026-05-22,1348.27,7105813,Reliance,0.0036,-0.5857,1.0136,1,Reliance market update,1.0
2026-05-25,1360.71,6750071,Reliance,0.0092,-0.0501,1.0104,0,Reliance market update,1.0
2026-05-26,1350.06,13769747,Reliance,-0.0078,1.0399,1.0119,0,Reliance market update,1.0
2026-05-27,1344.28,13215138,Reliance,-0.0043,-0.0403,1.0092,0,Reliance market update,1.0
2026-05-29,1315.12,42634247,Reliance,-0.0217,-0.0048,1.0395,0,Reliance market update,1.0
2026-06-01,1313.92,10700603,Reliance,-0.0009,-0.749,1.0129,0,Reliance market update,1.0
2026-06-02,1308.55,23302785,Reliance,-0.0041,1.1777,1.0211,0,Reliance market update,1.0
2026-06-03,1307.16,20012293,Reliance,-0.0011,-0.1412,1.0177,0,Reliance market update,1.0
2026-06-04,1297.7,23474327,Reliance,-0.0072,0.173,1.014,0,Reliance market update,1.0
2026-06-05,1291.0,17785223,Reliance,-0.0052,-0.2424,1.014,0,Reliance market update,1.0
2026-06-08,1263.3,16494759,Reliance,-0.0215,-0.0726,1.0186,1,Reliance market update,1.0
2026-06-09,1269.2,23620214,Reliance,0.0047,0.432,1.0133,0,Reliance market update,1.0
2026-06-10,1258.8,21012796,Reliance,-0.0082,-0.1104,1.0368,1,Reliance market update,1.0
2026-06-11,1263.0,13117486,Reliance,0.0033,-0.3757,1.0182,1,Reliance market update,1.0
2026-06-12,1293.0,11988785,Reliance,0.0238,-0.086,1.0273,1,Reliance market update,1.0
2026-06-15,1307.0,18633321,Reliance,0.0108,0.5542,1.0167,1,Reliance market update,1.0
2026-06-16,1328.8,18513223,Reliance,0.0167,-0.0064,1.0207,1,Reliance market update,1.0
2026-06-17,1332.7,10029170,Reliance,0.0029,-0.4583,1.0129,0,Reliance market update,1.0
2026-06-18,1328.1,15494549,Reliance,-0.0035,0.5449,1.009,0,Reliance market update,1.0
2026-06-19,1309.5,24887034,Reliance,-0.014,0.6062,1.0252,1,Reliance market update,1.0
2026-06-22,1326.5,12931213,Reliance,0.013,-0.4804,1.0234,0,Reliance market update,1.0
2026-06-23,1309.5,15400184,Reliance,-0.0128,0.1909,1.0222,1,Reliance market update,1.0
2026-06-24,1313.6,11030917,Reliance,0.0031,-0.2837,1.0189,1,Reliance market update,1.0
2026-06-25,1318.1,12694362,Reliance,0.0034,0.1508,1.0102,0,Reliance market update,1.0
2026-06-29,1301.0,13757656,Reliance,-0.013,-0.0048,1.0163,0,Reliance market update,1.0
2026-06-30,1293.9,15695263,Reliance,-0.0055,0.1408,1.0131,1,Reliance market update,1.0
2026-07-01,1308.0,7001401,Reliance,0.0109,-0.5539,1.0121,0,Reliance market update,1.0
2026-07-02,1303.5,17795024,Reliance,-0.0034,1.5416,1.0109,1,Reliance market update,1.0
2026-07-03,1304.0,7839550,Reliance,0.0004,-0.5595,1.0077,1,Reliance market update,1.0
2026-07-06,1321.3,7610709,Reliance,0.0133,-0.0292,1.0202,0,Reliance market update,1.0
2026-07-07,1308.4,14335554,Reliance,-0.0098,0.8836,1.0183,0,Reliance market update,1.0
2026-07-08,1275.9,19960868,Reliance,-0.0248,0.3924,1.0241,1,Reliance market update,1.0
2026-07-09,1279.8,14651963,Reliance,0.0031,-0.266,1.0175,1,Reliance market update,1.0
2026-07-10,1307.8,8412537,Reliance,0.0219,-0.4258,1.0181,0,"Lynn Farmers Market Brings Affordable Produce to Community | A Smarter Alternative to the Vanguard S & P 500 ETF for Risk - Aware Investors | Jet . AI Closes Transaction with flyExclusive , Advancing Transition to a Pure - Play AI Infrastructure | Lynn Farmers Market Brings Affordable Produce to Community | Rosen Law Firm Encourages Elauwit Connection , Inc . Investors to Inquire About Securities Class Action Investigation | ATHA Energy Announces Corporate Activities Update | 2026 - 07 - 13 | Jet . AI Closes Transaction with flyExclusive , Advancing Transition to a Pure - Play AI Infrastructure | NDAQ : JTAI | Beneficient Closes $7 . 44 Million GP Primary Capital Transaction | States sue to stop Paramount - Warner Bros blockbuster merger | States sue to stop Paramount - Warner Bros blockbuster merger | July 13 : Market Recover from Early Losses , End Marginally Higher on IT Boost – The Indian Awaaz | Jet . AI Closes Transaction with flyExclusive , Advancing Transition to a Pure - Play AI Infrastructure | ALPHAMIN ANNOUNCES RECORD Q2 EBITDA GUIDANCE OF US$167 MILLION / EXPLORATION UPDATE | States sue to stop Paramount - Warner Bros blockbuster merger | Erasca Announces Proposed Public Offering of $500 Million of Common Stock | States sue to stop Paramount - Warner Bros blockbuster merger | FinancialContent - Marvell Technology , Vishay Intertechnology , and Allegro MicroSystems Stocks Trade Down , What You Need To Know | States sue to stop Paramount - Warner Bros blockbuster merger |  _ 九丰能源 ( 605090 ) 股吧 _ 东方财富网股吧 | States sue to stop Paramount - Warner Bros blockbuster merger | ATHA Energy Announces Corporate Activities Update | States sue to stop Paramount - Warner Bros blockbuster merger | States sue to stop Paramount - Warner Bros blockbuster merger | States sue to stop Paramount - Warner Bros blockbuster merger | States sue to stop Paramount - Warner Bros blockbuster merger | States sue to stop Paramount - Warner Bros blockbuster merger | States sue to stop Paramount - Warner Bros blockbuster merger | States sue to stop Paramount - Warner Bros blockbuster merger | States sue to stop Paramount - Warner Bros blockbuster merger | States sue to stop Paramount - Warner Bros blockbuster merger | States sue to stop Paramount - Warner Bros blockbuster merger | States sue to stop Paramount - Warner Bros blockbuster merger | States sue to stop Paramount - Warner Bros blockbuster merger | States sue to stop Paramount - Warner Bros blockbuster merger | Director / PDMR Shareholding | Company Announcement | States sue to stop Paramount - Warner Bros blockbuster merger | Il paradosso del mercato finanziario : sempre meno aziende decidono di quotarsi in borsa - PPN ADI | States sue to stop Paramount - Warner Bros blockbuster merger | States sue to stop Paramount - Warner Bros blockbuster merger | States sue to stop Paramount - Warner Bros blockbuster merger | IBC Advanced Alloys Corp .: IBC Announces Share - Based Compensation to Directors | States sue to stop Paramount - Warner Bros blockbuster merger | FinancialContent - Why Micron ( MU ) Shares Are Sliding Today | States sue to stop Paramount - Warner Bros blockbuster merger | Sherritt Provides Updates on Financial Position and Proposed Transaction ; Announces 2026 Annual Meeting Date and Second Quarter 2026 Filing Date | IT News Online - AI Computing + Optical Communication + PCB Resonance : RIGOL Debuts on HKEX , Ushering in a New A+H Era | States sue to stop Paramount - Warner Bros blockbuster merger | States sue to stop Paramount - Warner Bros blockbuster merger",48.0
