date,close,company,price_change,volume_change,high_low_ratio,target,headline,news_count_log,volume_log,day_of_week,month,quarter,is_monday,is_friday,company_encoded
2023-01-04,124.25,Apple,0.0103,-0.592745899408003,0.0,0,Apple market update,0.6931471805599453,18.305422529500724,2,1,1,0,0,0
2023-01-05,122.93,Apple,-0.0106,-0.23593971250404047,0.0,1,Apple market update,0.6931471805599453,18.209499125101075,3,1,1,0,0,0
2023-01-06,127.46,Apple,0.0368,0.2270597267120796,3.469446951953614e-18,1,Apple market update,0.6931471805599453,18.29005599152486,4,1,1,0,1,0
2023-01-09,127.98,Apple,0.0041,-0.5532454402197409,0.0,1,Apple market update,0.6931471805599453,18.075239620843863,0,1,1,1,0,0
2023-01-10,128.55,Apple,0.0045,-0.2533318206998685,0.0,1,Apple market update,0.6931471805599453,17.972770465311235,1,1,1,0,0,0
2023-01-11,131.26,Apple,0.0211,0.2346022280004348,0.0,0,Apple market update,0.6931471805599453,18.056245783099172,2,1,1,0,0,0
2023-01-12,131.18,Apple,-0.0006,0.08968886947028927,0.0,1,Apple market update,0.6931471805599453,18.0835226862096,3,1,1,0,0,0
2023-01-13,132.51,Apple,0.0101,-0.5427102114283452,0.0,1,Apple market update,0.6931471805599453,17.872667156929733,4,1,1,0,1,0
2023-01-17,133.67,Apple,0.0088,0.2670335922237309,0.0,0,Apple market update,0.6931471805599453,17.9688564801278,1,1,1,0,0,0
2023-01-18,132.95,Apple,-0.0054,0.2524007318313299,0.0,1,Apple market update,0.6931471805599453,18.059320570016148,2,1,1,0,0,0
2023-01-19,133.01,Apple,0.0004,-0.4565541768270512,0.0,1,Apple market update,0.6931471805599453,17.880776419844135,3,1,1,0,0,0
2023-01-20,135.57,Apple,0.0192,0.8174840250741575,0.0,1,Apple market update,0.6931471805599453,18.200328306353796,4,1,1,0,1,0
2023-01-23,138.76,Apple,0.0235,0.068063055374849,0.0,1,Apple market update,0.6931471805599453,18.21930236591974,0,1,1,1,0,0
2023-01-24,140.15,Apple,0.0101,-0.5338496671150914,0.0,0,Apple market update,0.6931471805599453,18.011736104289373,1,1,1,0,0,0
2023-01-25,139.49,Apple,-0.0047,-0.006986673253537584,0.0,1,Apple market update,0.6931471805599453,18.002119773138816,2,1,1,0,0,0
2023-01-26,141.56,Apple,0.0148,-0.5022326652217131,0.0,1,Apple market update,0.6931471805599453,17.80643902772674,3,1,1,0,0,0
2023-01-27,143.49,Apple,0.0137,0.6876505648002307,0.0,0,Apple market update,0.6931471805599453,18.071914458254852,4,1,1,0,1,0
2023-01-30,140.61,Apple,-0.0201,-0.23946723198280748,0.0,1,Apple market update,0.6931471805599453,17.974632690874326,0,1,1,1,0,0
2023-01-31,141.88,Apple,0.009,0.09297587528798497,0.0,1,Apple market update,0.6931471805599453,18.00326198984455,1,1,1,0,0,0
2023-02-01,143.0,Apple,0.0079,0.4396548344565758,0.0,1,Apple market update,0.6931471805599453,18.167897249979816,2,2,1,0,0,0
2023-02-02,148.3,Apple,0.0371,1.0560254348077076,0.0,1,Apple market update,0.6931471805599453,18.58906395339926,3,2,1,0,0,0
2023-02-03,151.92,Apple,0.0244,0.6882077292081545,3.469446951953614e-18,0,Apple market update,0.6931471805599453,18.85478060938106,4,2,1,0,1,0
2023-02-06,149.2,Apple,-0.0179,-1.9523154728283674,0.0,1,Apple market update,0.6931471805599453,18.061979476978514,0,2,1,1,0,0
2023-02-07,152.07,Apple,0.0192,0.46844497869605556,0.0,0,Apple market update,0.6931471805599453,18.238230390864523,1,2,1,0,0,0
2023-02-08,149.38,Apple,-0.0177,-0.6784210681181941,0.0,0,Apple market update,0.6931471805599453,17.97626846087594,2,2,1,0,0,0
2023-02-09,148.35,Apple,-0.0069,-0.340898965407362,0.0,1,Apple market update,0.6931471805599453,17.840989044231957,3,2,1,0,0,0
2023-02-10,148.72,Apple,0.0025,0.08487506238050097,0.0,1,Apple market update,0.6931471805599453,17.866437764099306,4,2,1,0,1,0
2023-02-13,151.51,Apple,0.0188,0.22398732373100957,0.0,0,Apple market update,0.6931471805599453,17.94584949648718,0,2,1,1,0,0
2023-02-14,150.87,Apple,-0.0042,-0.0024787307450995946,0.0,1,Apple market update,0.6931471805599453,17.93791767415672,1,2,1,0,0,0
2023-02-15,152.97,Apple,0.0139,0.17634966983607106,0.0,0,Apple market update,0.6931471805599453,17.99868679914288,2,2,1,0,0,0
2023-02-16,151.38,Apple,-0.0104,0.11957797766302432,0.0,0,Apple market update,0.6931471805599453,18.037484352194543,3,2,1,0,0,0
2023-02-17,150.23,Apple,-0.0075,-0.3590165099154223,0.0,0,Apple market update,0.6931471805599453,17.895487413914086,4,2,1,0,1,0
2023-02-21,146.22,Apple,-0.0267,0.0059800648900881406,0.0,1,Apple market update,0.6931471805599453,17.89079463443502,1,2,1,0,0,0
2023-02-22,146.65,Apple,0.0029,-0.36240795035557316,0.0,1,Apple market update,0.6931471805599453,17.747557754376846,2,2,1,0,0,0
2023-02-23,147.13,Apple,0.0033,-0.12066462569953125,0.0,0,Apple market update,0.6931471805599453,17.694890550458997,3,2,1,0,0,0
2023-02-24,144.48,Apple,-0.018,0.368926041025801,0.0,1,Apple market update,0.6931471805599453,17.831345698928207,4,2,1,0,1,0
2023-02-27,145.67,Apple,0.0082,-0.5384407622498084,0.0,0,Apple market update,0.6931471805599453,17.622139736068654,0,2,1,1,0,0
2023-02-28,145.17,Apple,-0.0034,0.31796871994142356,0.0,0,Apple market update,0.6931471805599453,17.7384141742722,1,2,1,0,0,0
2023-03-01,143.1,Apple,-0.0142,0.25915003530673325,0.0,1,Apple market update,0.6931471805599453,17.831515146759962,2,3,1,0,0,0
2023-03-02,143.69,Apple,0.0041,-0.14061639900529274,0.0,1,Apple market update,0.6931471805599453,17.771322690816895,3,3,1,0,0,0
2023-03-03,148.74,Apple,0.0351,0.7781027958030865,0.0,1,Apple market update,0.6931471805599453,18.074412900647584,4,3,1,0,1,0
2023-03-06,151.49,Apple,0.0185,0.5604685400847903,0.0,0,Apple market update,0.6931471805599453,18.28781200029894,0,3,1,1,0,0
2023-03-07,149.3,Apple,-0.0145,-1.1469093145757507,0.0,1,Apple market update,0.6931471805599453,17.84410699666361,1,3,1,0,0,0
2023-03-08,150.55,Apple,0.0084,-0.44477005782359175,0.0,0,Apple market update,0.6931471805599453,17.670006161484746,2,3,1,0,0,0
2023-03-09,148.3,Apple,-0.0149,0.35614558011307185,0.0,0,Apple market update,0.6931471805599453,17.801408384082738,3,3,1,0,0,0
2023-03-10,146.24,Apple,-0.0139,0.6305043725275444,0.0,1,Apple market update,0.6931471805599453,18.043400693960344,4,3,1,0,1,0
2023-03-13,148.18,Apple,0.0133,0.5479060299443298,0.0,1,Apple market update,0.6931471805599453,18.251754282940666,0,3,1,1,0,0
2023-03-14,150.27,Apple,0.0141,-0.34365471884463,0.0,1,Apple market update,0.6931471805599453,18.115457738245155,1,3,1,0,0,0
2023-03-15,150.67,Apple,0.0026,0.13818843013660415,0.0,1,Apple market update,0.6931471805599453,18.16149413837487,2,3,1,0,0,0
2023-03-16,153.48,Apple,0.0187,-0.01603215689938121,0.0,0,Apple market update,0.6931471805599453,18.148361404750453,3,3,1,0,0,0
2023-03-17,152.65,Apple,-0.0055,0.6783399239989137,0.0,1,Apple market update,0.6931471805599453,18.410070665613677,4,3,1,0,1,0
2023-03-20,155.01,Apple,0.0155,-0.7660614585176617,0.0,1,Apple market update,0.6931471805599453,18.1147179391346,0,3,1,1,0,0
2023-03-21,156.86,Apple,0.0119,0.02880114845368829,0.0,0,Apple market update,0.6931471805599453,18.118741533118417,1,3,1,0,0,0
2023-03-22,155.43,Apple,-0.0091,0.08004966679212763,0.0,1,Apple market update,0.6931471805599453,18.142312509406043,2,3,1,0,0,0
2023-03-23,156.52,Apple,0.007,-0.28099390411624137,0.0,1,Apple market update,0.6931471805599453,18.029445425450476,3,3,1,0,0,0
2023-03-24,157.82,Apple,0.0083,-0.3350906438554052,0.0,0,Apple market update,0.6931471805599453,17.89637299337775,4,3,1,0,1,0
2023-03-27,155.88,Apple,-0.0123,-0.30593777730181915,0.0,0,Apple market update,0.6931471805599453,17.774232036739154,0,3,1,1,0,0
2023-03-28,155.26,Apple,-0.004,-0.3274675014651451,0.0,1,Apple market update,0.6931471805599453,17.64398239660099,1,3,1,0,0,0
2023-03-29,158.33,Apple,0.0198,0.30030326782236183,0.0,1,Apple market update,0.6931471805599453,17.753312434570738,2,3,1,0,0,0
2023-03-30,159.89,Apple,0.0099,-0.07606653617234177,-3.469446951953614e-18,1,Apple market update,0.6931471805599453,17.717517590584865,3,3,1,0,0,0
2023-03-31,162.4,Apple,0.0156,0.8386608843239628,0.0,1,Apple market update,0.6931471805599453,18.045984399961313,4,3,1,0,1,0
2023-04-03,163.65,Apple,0.0077,-0.4815561326280494,0.0,0,Apple market update,0.6931471805599453,17.858144212294654,0,4,2,1,0,0
2023-04-04,163.11,Apple,-0.0032,-0.5351606919780444,0.0,0,Apple market update,0.6931471805599453,17.650183748293486,1,4,2,0,0,0
2023-04-05,161.27,Apple,-0.0113,0.29483545699707553,0.0,1,Apple market update,0.6931471805599453,17.757319543710565,2,4,2,0,0,0
2023-04-06,162.16,Apple,0.0055,-0.31743866211619925,0.0,0,Apple market update,0.6931471805599453,17.6308045995899,3,4,2,0,0,0
2023-04-10,159.57,Apple,-0.016,0.14853486639370042,0.0,0,Apple market update,0.6931471805599453,17.680796211760818,0,4,2,1,0,0
2023-04-11,158.36,Apple,-0.0076,0.0144039585668472,0.0,0,Apple market update,0.6931471805599453,17.679271480763383,1,4,2,0,0,0
2023-04-12,157.67,Apple,-0.0044,0.15074498010893372,0.0,1,Apple market update,0.6931471805599453,17.730192046492654,2,4,2,0,0,0
2023-04-13,163.05,Apple,0.0341,0.7979862362581275,0.0,0,Apple market update,0.6931471805599453,18.041549841746082,3,4,2,0,0,0
2023-04-14,162.7,Apple,-0.0021,-0.8473480492075067,0.0,1,Apple market update,0.6931471805599453,17.715187685706766,4,4,2,0,1,0
2023-04-17,162.72,Apple,0.0001,-0.4434990169444543,0.0,1,Apple market update,0.6931471805599453,17.541594294562486,0,4,2,1,0,0
2023-04-18,163.94,Apple,0.0075,0.4887773036173036,0.0,1,Apple market update,0.6931471805599453,17.72599239640444,1,4,2,0,0,0
2023-04-19,165.08,Apple,0.007,-0.10060969182389995,0.0,0,Apple market update,0.6931471805599453,17.680865367255528,2,4,2,0,0,0
2023-04-20,164.12,Apple,-0.0058,0.2628638876087643,0.0,0,Apple market update,0.6931471805599453,17.77549292539843,3,4,2,0,0,0
2023-04-21,162.51,Apple,-0.0098,0.29255268359972586,0.0,1,Apple market update,0.6931471805599453,17.881752258049474,4,4,2,0,1,0
2023-04-24,162.82,Apple,0.0019,-0.8560151046391499,0.0,0,Apple market update,0.6931471805599453,17.551979479509253,0,4,2,1,0,0
2023-04-25,161.28,Apple,-0.0094,0.4018092107359393,0.0,0,Apple market update,0.6931471805599453,17.701479094396433,1,4,2,0,0,0
2023-04-26,161.27,Apple,-0.0001,-0.1621666074435447,0.0,1,Apple market update,0.6931471805599453,17.633196531925616,2,4,2,0,0,0
2023-04-27,165.85,Apple,0.0284,0.902081358376858,0.0,1,Apple market update,0.6931471805599453,17.988393635591276,3,4,2,0,0,0
2023-04-28,167.1,Apple,0.0075,-0.4084544547527973,0.0,0,Apple market update,0.6931471805599453,17.827847584891533,4,4,2,0,1,0
2023-05-01,167.01,Apple,-0.0005,-0.11898654579274744,0.0,0,Apple market update,0.6931471805599453,17.77580742287095,0,5,2,1,0,0
2023-05-02,165.98,Apple,-0.0062,-0.19400141293276527,0.0,0,Apple market update,0.6931471805599453,17.695541243146362,1,5,2,0,0,0
2023-05-03,164.91,Apple,-0.0065,0.7622901218174795,0.0,0,Apple market update,0.6931471805599453,17.99198796507739,2,5,2,0,0,0
2023-05-04,163.27,Apple,-0.0099,0.5788622872123724,0.0,1,Apple market update,0.6931471805599453,18.212861683029736,3,5,2,0,0,0
2023-05-05,170.93,Apple,0.0469,0.8519643675899414,0.0,0,Apple market update,0.6931471805599453,18.546900983864806,4,5,2,0,1,0
2023-05-08,170.86,Apple,-0.0004,-1.76743700046808,0.0,0,Apple market update,0.6931471805599453,17.840197760118635,0,5,2,1,0,0
2023-05-09,169.16,Apple,-0.01,-0.5427102114283452,0.0,1,Apple market update,0.6931471805599453,17.629411255259036,1,5,2,0,0,0
2023-05-10,170.92,Apple,0.0104,0.4529477413555116,0.0,1,Apple market update,0.6931471805599453,17.799379712408765,2,5,2,0,0,0
2023-05-11,171.11,Apple,0.0011,-0.19775783571816516,0.0,0,Apple market update,0.6931471805599453,17.717780173345137,3,5,2,0,0,0
2023-05-12,170.18,Apple,-0.0054,-0.20354843605545522,0.0,0,Apple market update,0.6931471805599453,17.63395011393082,4,5,2,0,1,0
2023-05-15,169.69,Apple,-0.0029,-0.5145786001181636,0.0,0,Apple market update,0.6931471805599453,17.43361075130475,0,5,2,1,0,0
2023-05-17,170.3,Apple,0.0036,0.8169644502051043,0.0,1,Apple market update,0.6931471805599453,17.87511875463329,2,5,2,0,0,0
2023-05-18,172.63,Apple,0.0137,0.3334636265334269,0.0,1,Apple market update,0.6931471805599453,17.997510332924836,3,5,2,0,0,0
2023-05-19,172.74,Apple,0.0006,-0.40719975304630457,0.0,0,Apple market update,0.6931471805599453,17.837454681674654,4,5,2,0,1,0
2023-05-22,171.79,Apple,-0.0055,-0.6402086712127787,-3.469446951953614e-18,0,Apple market update,0.6931471805599453,17.589900077246348,0,5,2,1,0,0
2023-05-23,169.19,Apple,-0.0152,0.4091368633423349,0.0,1,Apple market update,0.6931471805599453,17.742368992205932,1,5,2,0,0,0
2023-05-24,169.46,Apple,0.0016,-0.2920835761034208,0.0,1,Apple market update,0.6931471805599453,17.62535688505239,2,5,2,0,0,0
2023-05-25,170.6,Apple,0.0067,0.5682038154391545,0.0,1,Apple market update,0.6931471805599453,17.84190279642753,3,5,2,0,0,0
2023-05-26,173.0,Apple,0.0141,-0.039627505900927944,0.0,1,Apple market update,0.6931471805599453,17.819839252412972,4,5,2,0,1,0
2023-05-30,174.85,Apple,0.0107,0.07164102716320767,0.0,0,Apple market update,0.6931471805599453,17.840226350130205,1,5,2,0,0,0
2023-05-31,174.8,Apple,-0.0003,1.4076001446236523,0.0,1,Apple market update,0.6931471805599453,18.416926716400077,2,5,2,0,0,0
2023-06-01,177.6,Apple,0.016,-0.9568345487304192,0.0,1,Apple market update,0.6931471805599453,18.048192874974628,3,6,2,0,0,0
2023-06-02,178.45,Apple,0.0048,-0.26162831169509965,0.0,0,Apple market update,0.6931471805599453,17.942594957889163,4,6,2,0,1,0
2023-06-05,177.1,Apple,-0.0076,1.624648442995066,0.0,0,Apple market update,0.6931471805599453,18.61909299012766,0,6,2,1,0,0
2023-06-06,176.73,Apple,-0.0021,-1.5984165156620522,0.0,0,Apple market update,0.6931471805599453,17.9875628115222,1,6,2,0,0,0
2023-06-07,175.36,Apple,-0.0078,-0.10255162763075182,0.0,1,Apple market update,0.6931471805599453,17.941751011313396,2,6,2,0,0,0
2023-06-08,178.07,Apple,0.0155,-0.5404105245504198,0.0,1,Apple market update,0.6931471805599453,17.73182237328518,3,6,2,0,0,0
2023-06-09,178.46,Apple,0.0022,-0.05152461682582597,0.0,1,Apple market update,0.6931471805599453,17.705287974894997,4,6,2,0,1,0
2023-06-12,181.25,Apple,0.0156,0.28752118922777686,0.0,0,Apple market update,0.6931471805599453,17.809572449682747,0,6,2,1,0,0
2023-06-13,180.78,Apple,-0.0026,0.04981889079166927,0.0,1,Apple market update,0.6931471805599453,17.821553838900513,1,6,2,0,0,0
2023-06-14,181.41,Apple,0.0035,0.1357170502718312,0.0,1,Apple market update,0.6931471805599453,17.866650097536485,2,6,2,0,0,0
2023-06-15,183.44,Apple,0.0112,0.3523835835090155,0.0,0,Apple market update,0.6931471805599453,17.99654034816186,3,6,2,0,0,0
2023-06-16,182.36,Apple,-0.0059,1.091784880630686,0.0,1,Apple market update,0.6931471805599453,18.433164506520004,4,6,2,0,1,0
2023-06-20,182.45,Apple,0.0005,-1.7741373145303383,0.0,0,Apple market update,0.6931471805599453,17.723507489623103,1,6,2,0,0,0
2023-06-21,181.42,Apple,-0.0057,0.003340442045284422,0.0,1,Apple market update,0.6931471805599453,17.71780036916339,2,6,2,0,0,0
2023-06-22,184.41,Apple,0.0165,0.10782635914520507,0.0,0,Apple market update,0.6931471805599453,17.75213448397433,3,6,2,0,0,0
2023-06-23,184.1,Apple,-0.0017,0.11183467499567903,0.0,0,Apple market update,0.6931471805599453,17.78800760446038,4,6,2,0,1,0
2023-06-26,182.71,Apple,-0.0076,-0.2453576152744505,0.0,1,Apple market update,0.6931471805599453,17.688557801036243,0,6,2,1,0,0
2023-06-27,185.46,Apple,0.0151,0.157360624355263,0.0,1,Apple market update,0.6931471805599453,17.742043798891906,1,6,2,0,0,0
2023-06-28,186.63,Apple,0.0063,0.043355296445961526,0.0,1,Apple market update,0.6931471805599453,17.751578180713345,2,6,2,0,0,0
2023-06-29,186.97,Apple,0.0018,-0.2465373701058125,-3.469446951953614e-18,1,Apple market update,0.6931471805599453,17.651673617428443,3,6,2,0,0,0
2023-06-30,191.29,Apple,0.0231,1.478520079564861,0.0,0,Apple market update,0.6931471805599453,18.260666921111934,4,6,2,0,1,0
2023-07-03,189.8,Apple,-0.0078,-2.3512739207417206,0.0,0,Apple market update,0.6931471805599453,17.26417027023399,0,7,3,1,0,0
2023-07-05,188.68,Apple,-0.0059,1.0064740109796906,0.0,1,Apple market update,0.6931471805599453,17.663960996903736,2,7,3,0,0,0
2023-07-06,189.16,Apple,0.0025,-0.08623674816973709,0.0,0,Apple market update,0.6931471805599453,17.624266432851986,3,7,3,0,0,0
2023-07-07,188.04,Apple,-0.0059,0.11608471907381503,0.0,0,Apple market update,0.6931471805599453,17.661714243715803,4,7,3,0,1,0
2023-07-10,186.0,Apple,-0.0109,0.6423403244084906,0.0,0,Apple market update,0.6931471805599453,17.90855762880837,0,7,3,1,0,0
2023-07-11,185.48,Apple,-0.0028,-0.6483588685713187,0.0,1,Apple market update,0.6931471805599453,17.657928383054088,1,7,3,0,0,0
2023-07-12,187.15,Apple,0.009,0.6848622448257744,0.0,1,Apple market update,0.6931471805599453,17.922280948821435,2,7,3,0,0,0
2023-07-13,187.91,Apple,0.0041,-0.9983179577167953,-3.469446951953614e-18,1,Apple market update,0.6931471805599453,17.537396771046275,3,7,3,0,0,0
2023-07-14,188.05,Apple,0.0008,0.03557150253559349,0.0,1,Apple market update,0.6931471805599453,17.54400009653203,4,7,3,0,1,0
2023-07-17,191.31,Apple,0.0173,0.5123640845060393,0.0,0,Apple market update,0.6931471805599453,17.737883834060977,0,7,3,1,0,0
2023-07-18,191.05,Apple,-0.0013,-0.10088700778570475,0.0,1,Apple market update,0.6931471805599453,17.6926978030659,1,7,3,0,0,0
2023-07-19,192.4,Apple,0.0071,1.261394007936746,0.0,0,Apple market update,0.6931471805599453,18.203858433928364,2,7,3,0,0,0
2023-07-20,190.46,Apple,-0.0101,-0.7808927165227336,0.0,0,Apple market update,0.6931471805599453,17.902850662817308,3,7,3,0,0,0
2023-07-21,189.29,Apple,-0.0062,0.4992735063888848,0.0,1,Apple market update,0.6931471805599453,18.091505632435847,4,7,3,0,1,0
2023-07-24,190.09,Apple,0.0042,-1.1900550212786447,0.0,1,Apple market update,0.6931471805599453,17.630533578671617,0,7,3,1,0,0
2023-07-25,190.94,Apple,0.0045,-0.5045030374179372,0.0,1,Apple market update,0.6931471805599453,17.43405340782949,1,7,3,0,0,0
2023-07-26,191.81,Apple,0.0045,0.6295466024082965,0.0,0,Apple market update,0.6931471805599453,17.675648536070728,2,7,3,0,0,0
2023-07-27,190.55,Apple,-0.0066,0.017816203418992024,0.0,1,Apple market update,0.6931471805599453,17.67540204410831,3,7,3,0,0,0
2023-07-28,193.12,Apple,0.0135,0.06370978836368105,0.0,1,Apple market update,0.6931471805599453,17.692764069646728,4,7,3,0,1,0
2023-07-31,193.73,Apple,0.0032,-0.5621631149792087,-3.469446951953614e-18,0,Apple market update,0.6931471805599453,17.474551771547425,0,7,3,1,0,0
2023-08-01,192.91,Apple,-0.0043,-0.2432943905131308,-3.469446951953614e-18,0,Apple market update,0.6931471805599453,17.375849032318104,1,8,3,0,0,0
2023-08-02,189.92,Apple,-0.0155,0.9119741227581409,0.0,0,Apple market update,0.6931471805599453,17.735289428760606,2,8,3,0,0,0
2023-08-03,188.53,Apple,-0.0073,0.5148085957349819,0.0,0,Apple market update,0.6931471805599453,17.930232761868652,3,8,3,0,0,0
2023-08-04,179.47,Apple,-0.048,1.542687294338488,0.0,0,Apple market update,0.6931471805599453,18.5687282745382,4,8,3,0,1,0
2023-08-07,176.38,Apple,-0.0173,-0.4406412557704361,0.0,1,Apple market update,0.6931471805599453,18.396143154595272,0,8,3,1,0,0
2023-08-08,177.31,Apple,0.0053,-0.9438484681462115,0.0,0,Apple market update,0.6931471805599453,18.032411943166714,1,8,3,0,0,0
2023-08-09,175.73,Apple,-0.009,-0.29028198640524,0.0,0,Apple market update,0.6931471805599453,17.916143655833437,2,8,3,0,0,0
2023-08-10,175.51,Apple,-0.0012,-0.2441784199153934,0.0,1,Apple market update,0.6931471805599453,17.817134768879264,3,8,3,0,0,0
2023-08-11,175.57,Apple,0.0003,-0.11284422343950747,0.0,1,Apple market update,0.6931471805599453,17.767459816055695,4,8,3,0,1,0
2023-08-14,177.22,Apple,0.0094,-0.44763198099806806,0.0,0,Apple market update,0.6931471805599453,17.5923001746224,0,8,3,1,0,0
2023-08-15,175.23,Apple,-0.0112,0.01519191037865821,0.0,0,Apple market update,0.6931471805599453,17.59108594557077,1,8,3,0,0,0
2023-08-16,174.36,Apple,-0.005,0.209744682897674,0.0,0,Apple market update,0.6931471805599453,17.6649110934558,2,8,3,0,0,0
2023-08-17,171.83,Apple,-0.0146,0.8688796974001811,0.0,1,Apple market update,0.6931471805599453,18.00611789158577,3,8,3,0,0,0
2023-08-18,172.31,Apple,0.0028,-0.18506751796650697,0.0,1,Apple market update,0.6931471805599453,17.929203412261792,4,8,3,0,1,0
2023-08-21,173.64,Apple,0.0077,-0.7212574915725177,0.0,1,Apple market update,0.6931471805599453,17.650909527063792,0,8,3,1,0,0
2023-08-22,175.02,Apple,0.0079,-0.2382908330705837,0.0,1,Apple market update,0.6931471805599453,17.55410596186158,1,8,3,0,0,0
2023-08-23,178.86,Apple,0.0219,0.5923945899450231,0.0,0,Apple market update,0.6931471805599453,17.780558576489224,2,8,3,0,0,0
2023-08-24,174.18,Apple,-0.0262,0.1260492844758621,0.0,1,Apple market update,0.6931471805599453,17.821857820971477,3,8,3,0,0,0
2023-08-25,176.38,Apple,0.0126,-0.15533965140029923,0.0,1,Apple market update,0.6931471805599453,17.75611326511222,4,8,3,0,1,0
2023-08-28,177.94,Apple,0.0088,-0.4084544547527973,0.0,1,Apple market update,0.6931471805599453,17.595616889265163,0,8,3,1,0,0
2023-08-29,181.82,Apple,0.0218,0.5033739684303682,0.0,1,Apple market update,0.6931471805599453,17.785876072581356,1,8,3,0,0,0
2023-08-30,185.31,Apple,0.0192,0.37134045190852405,0.0,1,Apple market update,0.6931471805599453,17.92332895567185,2,8,3,0,0,0
2023-08-31,185.52,Apple,0.0012,0.017553927304328424,0.0,1,Apple market update,0.6931471805599453,17.923009898767134,3,8,3,0,0,0
2023-09-01,187.09,Apple,0.0085,-0.7362423660173624,0.0,1,Apple market update,0.6931471805599453,17.639062962252904,4,9,3,0,1,0
2023-09-05,187.33,Apple,0.0013,-0.009643011835768265,0.0,0,Apple market update,0.6931471805599453,17.628376013944006,1,9,3,0,0,0
2023-09-06,180.62,Apple,-0.0358,1.4388112035190326,0.0,0,Apple market update,0.6931471805599453,18.219247325468725,2,9,3,0,0,0
2023-09-07,175.34,Apple,-0.0292,0.8164447282829316,0.0,1,Apple market update,0.6931471805599453,18.538364227986985,3,9,3,0,0,0
2023-09-08,175.95,Apple,0.0035,-1.3836343325728848,0.0,1,Apple market update,0.6931471805599453,17.998343615421724,4,9,3,0,1,0
2023-09-11,177.12,Apple,0.0066,-0.26311271643650946,0.0,0,Apple market update,0.6931471805599453,17.89225278746573,0,9,3,1,0,0
2023-09-12,174.1,Apple,-0.0171,1.0699338340055906,0.0,0,Apple market update,0.6931471805599453,18.31942513606511,1,9,3,0,0,0
2023-09-13,172.03,Apple,-0.0119,-0.1664436012771079,0.0,1,Apple market update,0.6931471805599453,18.249511579404626,2,9,3,0,0,0
2023-09-14,173.54,Apple,0.0088,-0.8433826994684174,0.0,0,Apple market update,0.6931471805599453,17.924674781206146,3,9,3,0,0,0
2023-09-15,172.82,Apple,-0.0042,1.4248740496104024,0.0,1,Apple market update,0.6931471805599453,18.509236353833735,4,9,3,0,1,0
2023-09-18,175.75,Apple,0.0169,-1.2500191200451625,0.0,1,Apple market update,0.6931471805599453,18.02404059608157,0,9,3,1,0,0
2023-09-19,176.83,Apple,0.0062,-0.6746479715017413,0.0,0,Apple market update,0.6931471805599453,17.763419896751827,1,9,3,0,0,0
2023-09-20,173.3,Apple,-0.02,0.32741506442617263,0.0,0,Apple market update,0.6931471805599453,17.88344613588911,2,9,3,0,0,0
2023-09-21,171.76,Apple,-0.0089,0.21948826301780558,0.0,1,Apple market update,0.6931471805599453,17.961009170713282,3,9,3,0,0,0
2023-09-22,172.61,Apple,0.0049,-0.2660841528417018,0.0,1,Apple market update,0.6931471805599453,17.85373265779867,4,9,3,0,1,0
2023-09-25,173.88,Apple,0.0074,-0.5292655936428404,0.0,0,Apple market update,0.6931471805599453,17.64789929396329,0,9,3,1,0,0
2023-09-26,169.81,Apple,-0.0234,0.8558687869592927,0.0,0,Apple market update,0.6931471805599453,17.983553142846095,1,9,3,0,0,0
2023-09-27,168.3,Apple,-0.0089,0.11083334941592034,0.0,1,Apple market update,0.6931471805599453,18.019035346452377,2,9,3,0,0,0
2023-09-28,168.56,Apple,0.0015,-0.4415935227321901,0.0,1,Apple market update,0.6931471805599453,17.84610563878617,3,9,3,0,0,0
2023-09-29,169.07,Apple,0.003,-0.19891484158836895,0.0,1,Apple market update,0.6931471805599453,17.764079568084682,4,9,3,0,1,0
2023-10-02,171.58,Apple,0.0148,0.03375094996509351,0.0,0,Apple market update,0.6931471805599453,17.76991276403763,0,10,4,1,0,0
2023-10-03,170.25,Apple,-0.0078,-0.11507586151498811,0.0,1,Apple market update,0.6931471805599453,17.719392534964026,1,10,4,0,0,0
2023-10-04,171.49,Apple,0.0073,0.19179579689646634,0.0,1,Apple market update,0.6931471805599453,17.786185435912017,2,10,4,0,0,0
2023-10-05,172.72,Apple,0.0072,-0.2160454142628845,0.0,1,Apple market update,0.6931471805599453,17.69764946884907,3,10,4,0,0,0
2023-10-06,175.27,Apple,0.0148,0.441982453730511,0.0,1,Apple market update,0.6931471805599453,17.863229878380483,4,10,4,0,1,0
2023-10-09,176.75,Apple,0.0085,-0.7805388440847134,0.0,0,Apple market update,0.6931471805599453,17.562441939116322,0,10,4,1,0,0
2023-10-10,176.16,Apple,-0.0034,0.09751822509923978,0.0,1,Apple market update,0.6931471805599453,17.59281291531245,1,10,4,0,0,0
2023-10-11,177.55,Apple,0.0079,0.2371883090878876,0.0,1,Apple market update,0.6931471805599453,17.67731550126174,2,10,4,0,0,0
2023-10-12,178.45,Apple,0.0051,0.46969603907387425,0.0,0,Apple market update,0.6931471805599453,17.854044638653825,3,10,4,0,0,0
2023-10-13,176.62,Apple,-0.0103,-0.24241067575402817,0.0,0,Apple market update,0.6931471805599453,17.7556758482837,4,10,4,0,1,0
2023-10-16,176.49,Apple,-0.0007,0.07317249378276543,0.0,0,Apple market update,0.6931471805599453,17.776647503712127,0,10,4,1,0,0
2023-10-17,174.94,Apple,-0.0088,0.25496354179879405,0.0,0,Apple market update,0.6931471805599453,17.868154284737425,1,10,4,0,0,0
2023-10-18,173.64,Apple,-0.0074,-0.11256542403197309,0.0,0,Apple market update,0.6931471805599453,17.818550924037513,2,10,4,0,0,0
2023-10-19,173.27,Apple,-0.0022,0.22469676474576752,0.0,0,Apple market update,0.6931471805599453,17.898168783513363,3,10,4,0,0,0
2023-10-20,170.72,Apple,-0.0147,0.22564228931777314,0.0,1,Apple market update,0.6931471805599453,17.97819890773058,4,10,4,0,1,0
2023-10-23,170.84,Apple,0.0007,-0.3473335015572876,0.0,1,Apple market update,0.6931471805599453,17.840506846265747,0,10,4,1,0,0
2023-10-24,171.27,Apple,0.0025,-0.6334327286012031,0.0,0,Apple market update,0.6931471805599453,17.595523321802236,1,10,4,0,0,0
2023-10-25,168.96,Apple,-0.0135,0.6883934137123139,0.0,0,Apple market update,0.6931471805599453,17.861312442889542,2,10,4,0,0,0
2023-10-26,164.8,Apple,-0.0246,0.5558918653943156,0.0,1,Apple market update,0.6931471805599453,18.0728990093687,3,10,4,0,0,0
2023-10-27,166.12,Apple,0.008,-0.4828441319325961,0.0,1,Apple market update,0.6931471805599453,17.884521944562636,4,10,4,0,1,0
2023-10-30,168.16,Apple,0.0123,-0.3393692256581617,0.0,1,Apple market update,0.6931471805599453,17.749901544411973,0,10,4,1,0,0
2023-10-31,168.64,Apple,0.0028,-0.3299045109823269,0.0,1,Apple market update,0.6931471805599453,17.618744978614146,1,10,4,0,0,0
2023-11-01,171.8,Apple,0.0187,0.6224438961412706,0.0,1,Apple market update,0.6931471805599453,17.857419085400355,2,11,4,0,0,0
2023-11-02,175.35,Apple,0.0207,0.7856943641558303,0.0,0,Apple market update,0.6931471805599453,18.163654619230662,3,11,4,0,0,0
2023-11-03,174.44,Apple,-0.0052,0.10129565812542729,0.0,1,Apple market update,0.6931471805599453,18.19539992280326,4,11,4,0,1,0
2023-11-06,176.99,Apple,0.0146,-0.5764193773900674,0.0,1,Apple market update,0.6931471805599453,17.971910889970857,0,11,4,1,0,0
2023-11-07,179.55,Apple,0.0145,0.2758073119447231,0.0,1,Apple market update,0.6931471805599453,18.071548723362724,1,11,4,0,0,0
2023-11-08,180.6,Apple,0.0059,-0.9272183983616648,0.0,0,Apple market update,0.6931471805599453,17.71425176957383,2,11,4,0,0,0
2023-11-09,180.13,Apple,-0.0026,0.24047478127883895,0.0,1,Apple market update,0.6931471805599453,17.80010537482663,3,11,4,0,0,0
2023-11-10,184.31,Apple,0.0232,0.5449026564437542,0.0,0,Apple market update,0.6931471805599453,18.007184487331898,4,11,4,0,1,0
2023-11-13,182.73,Apple,-0.0086,-1.0772800241920912,0.0,1,Apple market update,0.6931471805599453,17.591198266356486,0,11,4,1,0,0
2023-11-14,185.34,Apple,0.0143,0.819733818688356,0.0,1,Apple market update,0.6931471805599453,17.911660173430448,1,11,4,0,0,0
2023-11-15,185.91,Apple,0.003,-0.2762132473734619,0.0,1,Apple market update,0.6931471805599453,17.800607448204936,2,11,4,0,0,0
2023-11-16,187.59,Apple,0.009,0.048527831110732084,0.0,0,Apple market update,0.6931471805599453,17.812111834445673,3,11,4,0,0,0
2023-11-17,187.57,Apple,-0.0001,-0.15676028674107795,0.0,1,Apple market update,0.6931471805599453,17.74581937423727,4,11,4,0,1,0
2023-11-20,189.31,Apple,0.0093,-0.22217201857057264,0.0,0,Apple market update,0.6931471805599453,17.65507256346583,0,11,4,1,0,0
2023-11-21,188.51,Apple,-0.0042,-0.5096990369084801,0.0,1,Apple market update,0.6931471805599453,17.45662996840243,1,11,4,0,0,0
2023-11-22,189.17,Apple,0.0035,0.11783211223940378,0.0,0,Apple market update,0.6931471805599453,17.494786571301724,2,11,4,0,0,0
2023-11-24,187.84,Apple,-0.007,-1.2845528672064166,0.0,0,Apple market update,0.6931471805599453,16.99557490752996,4,11,4,0,1,0
2023-11-27,187.67,Apple,-0.0009,1.2869954598230964,0.0,1,Apple market update,0.6931471805599453,17.51811047950191,0,11,4,1,0,0
2023-11-28,188.27,Apple,0.0032,-0.12458498254166113,0.0,0,Apple market update,0.6931471805599453,17.463969004860132,1,11,4,0,0,0
2023-11-29,187.25,Apple,-0.0054,0.30983528629715335,0.0,1,Apple market update,0.6931471805599453,17.577040874949343,2,11,4,0,0,0
2023-11-30,187.82,Apple,0.0031,0.34283531201490935,0.0,1,Apple market update,0.6931471805599453,17.703126130634413,3,11,4,0,0,0
2023-12-01,189.1,Apple,0.0068,-0.1544876862176312,0.0,0,Apple market update,0.6931471805599453,17.637713905051168,4,12,4,0,1,0
2023-12-04,187.31,Apple,-0.0095,-0.11898654579274744,0.0,1,Apple market update,0.6931471805599453,17.5857280573627,0,12,4,1,0,0
2023-12-05,191.26,Apple,0.0211,1.0739950925871329,0.0,0,Apple market update,0.6931471805599453,18.014641486051747,1,12,4,0,0,0
2023-12-06,190.17,Apple,-0.0057,-1.2456220311811816,0.0,1,Apple market update,0.6931471805599453,17.531268064123456,2,12,4,0,0,0
2023-12-07,192.1,Apple,0.0101,0.389244596124948,-3.469446951953614e-18,1,Apple market update,0.6931471805599453,17.675770706145904,3,12,4,0,0,0
2023-12-08,193.52,Apple,0.0074,0.3215727255012138,0.0,0,Apple market update,0.6931471805599453,17.793441165660578,4,12,4,0,1,0
2023-12-11,191.02,Apple,-0.0129,0.35769252215965713,0.0,1,Apple market update,0.6931471805599453,17.925461061545143,0,12,4,1,0,0
2023-12-12,192.53,Apple,0.0079,-0.3679668023914204,0.0,1,Apple market update,0.6931471805599453,17.780067207228456,1,12,4,0,0,0
2023-12-13,195.74,Apple,0.0167,0.7459810510045763,0.0,1,Apple market update,0.6931471805599453,18.069763492643347,2,12,4,0,0,0
2023-12-14,195.89,Apple,0.0008,-0.11898654579274744,0.0,0,Apple market update,0.6931471805599453,18.017686595507353,3,12,4,0,0,0
2023-12-15,195.36,Apple,-0.0027,1.5763401184559764,-3.469446951953614e-18,0,Apple market update,0.6931471805599453,18.671738258122556,4,12,4,0,1,0
2023-12-18,193.7,Apple,-0.0085,-2.04034854079823,0.0,1,Apple market update,0.6931471805599453,17.836422066377864,0,12,4,1,0,0
2023-12-19,194.74,Apple,0.0054,-0.8157492348974602,-3.469446951953614e-18,0,Apple market update,0.6931471805599453,17.522085052325213,1,12,4,0,0,0
2023-12-20,192.65,Apple,-0.0107,0.648420123102295,0.0,0,Apple market update,0.6931471805599453,17.771412659412366,2,12,4,0,0,0
2023-12-21,192.5,Apple,-0.0008,-0.29178322336974394,0.0,0,Apple market update,0.6931471805599453,17.654586477149827,3,12,4,0,0,0
2023-12-22,191.43,Apple,-0.0055,-0.5780813938130084,0.0,0,Apple market update,0.6931471805599453,17.430463588828104,4,12,4,0,1,0
2023-12-26,190.89,Apple,-0.0028,-0.6476788907602299,-3.469446951953614e-18,1,Apple market update,0.6931471805599453,17.180019784838255,1,12,4,0,0,0
2023-12-27,190.99,Apple,0.0005,1.2554422956674935,0.0,1,Apple market update,0.6931471805599453,17.688537005914377,2,12,4,0,0,0
2023-12-28,191.41,Apple,0.0022,-0.8960093521461989,-3.469446951953614e-18,0,Apple market update,0.6931471805599453,17.343337683066583,3,12,4,0,0,0
2023-12-29,190.38,Apple,-0.0054,0.5906349947796532,0.0,0,Apple market update,0.6931471805599453,17.56905589229277,4,12,4,0,1,0
2024-01-02,183.56,Apple,-0.0358,1.5872966994282158,0.0,0,Apple market update,0.6931471805599453,18.228171884349607,1,1,1,0,0,0
2024-01-03,182.19,Apple,-0.0075,-0.8956437676144798,0.0,0,Apple market update,0.6931471805599453,17.88307472177044,2,1,1,0,0,0
2024-01-04,179.87,Apple,-0.0127,0.5493059796802109,0.0,0,Apple market update,0.6931471805599453,18.091948887149307,3,1,1,0,0,0
2024-01-05,179.15,Apple,-0.004,-0.3620994609467426,0.0,1,Apple market update,0.6931471805599453,17.948750475929494,4,1,1,0,1,0
2024-01-08,183.48,Apple,0.0242,-0.12234394932761307,0.0,0,Apple market update,0.6931471805599453,17.895494177034,0,1,1,1,0,0
2024-01-09,183.07,Apple,-0.0023,-0.8369035010167106,0.0,1,Apple market update,0.6931471805599453,17.573024842809552,1,1,1,0,0,0
2024-01-10,184.11,Apple,0.0057,0.24656371067898275,0.0,0,Apple market update,0.6931471805599453,17.661242061347895,2,1,1,0,0,0
2024-01-11,183.51,Apple,-0.0032,0.14509202524612413,0.0,1,Apple market update,0.6931471805599453,17.70994785730947,3,1,1,0,0,0
2024-01-12,183.84,Apple,0.0018,-0.4970498182229783,0.0,0,Apple market update,0.6931471805599453,17.5162642583454,4,1,1,0,1,0
2024-01-16,181.57,Apple,-0.0123,1.1974414197799057,0.0,0,Apple market update,0.6931471805599453,17.999131999819177,1,1,1,0,0,0
2024-01-17,180.64,Apple,-0.0052,-0.8480694979548831,0.0,1,Apple market update,0.6931471805599453,17.672388671643855,2,1,1,0,0,0
2024-01-18,186.52,Apple,0.0326,1.2360941630607751,0.0,1,Apple market update,0.6931471805599453,18.17229375368329,3,1,1,0,0,0
2024-01-19,189.42,Apple,0.0155,-0.31107663100766103,0.0,1,Apple market update,0.6931471805599453,18.048210290913442,4,1,1,0,1,0
2024-01-22,191.72,Apple,0.0122,-0.34334838292979175,0.0,1,Apple market update,0.6931471805599453,17.912084317013168,0,1,1,1,0,0
2024-01-23,193.0,Apple,0.0067,-0.9095618131981817,0.0,0,Apple market update,0.6931471805599453,17.561611225335124,1,1,1,0,0,0
2024-01-24,192.32,Apple,-0.0035,0.6158933531360399,0.0,0,Apple market update,0.6931471805599453,17.797643429475237,2,1,1,0,0,0
2024-01-25,192.0,Apple,-0.0017,0.07572234418068677,0.0,0,Apple market update,0.6931471805599453,17.819603973533187,3,1,1,0,0,0
2024-01-26,190.27,Apple,-0.009,-0.5312293369224533,0.0,0,Apple market update,0.6931471805599453,17.613109901216994,4,1,1,0,1,0
2024-01-29,189.58,Apple,-0.0036,0.16297885924293748,0.0,0,Apple market update,0.6931471805599453,17.66875126470606,0,1,1,1,0,0
2024-01-30,185.94,Apple,-0.0192,0.45189610268335423,0.0,0,Apple market update,0.6931471805599453,17.838348395187147,1,1,1,0,0,0
2024-01-31,182.34,Apple,-0.0194,-9.616486604598614e-05,0.0,1,Apple market update,0.6931471805599453,17.831313248195315,2,1,1,0,0,0
2024-02-01,184.77,Apple,0.0133,0.42007643235163455,0.0,0,Apple market update,0.6931471805599453,17.988133210299278,3,2,1,0,0,0
2024-02-02,183.77,Apple,-0.0054,1.1402029326410708,3.469446951953614e-18,1,Apple market update,0.6931471805599453,18.44587762937582,4,2,1,0,1,0
2024-02-05,185.58,Apple,0.0098,-1.0024537139559266,0.0,1,Apple market update,0.6931471805599453,18.05926315715533,0,2,1,1,0,0
2024-02-06,187.18,Apple,0.0086,-1.2153660403460167,0.0,1,Apple market update,0.6931471805599453,17.588060002431344,1,2,1,0,0,0
2024-02-07,187.29,Apple,0.0006,0.5420952152914128,0.0,0,Apple market update,0.6931471805599453,17.794051393155655,2,2,1,0,0,0
2024-02-08,186.21,Apple,-0.0058,-0.6887336027519991,0.0,1,Apple market update,0.6931471805599453,17.52815539004134,3,2,1,0,0,0
2024-02-09,186.97,Apple,0.0041,0.2702705824709817,0.0,0,Apple market update,0.6931471805599453,17.625616024991423,4,2,1,0,1,0
2024-02-12,185.29,Apple,-0.009,-0.1870819275024988,0.0,0,Apple market update,0.6931471805599453,17.547973813296938,0,2,1,1,0,0
2024-02-13,183.2,Apple,-0.0113,0.7763328283716698,0.0,0,Apple market update,0.6931471805599453,17.8502732014411,1,2,1,0,0,0
2024-02-14,182.32,Apple,-0.0048,-0.07168319062393368,0.0,0,Apple market update,0.6931471805599453,17.81610291111513,2,2,1,0,0,0
2024-02-15,182.03,Apple,-0.0016,0.479053036489883,0.0,0,Apple market update,0.6931471805599453,17.996560215554354,3,2,1,0,0,0
2024-02-16,180.5,Apple,-0.0084,-0.7101495402205514,0.0,0,Apple market update,0.6931471805599453,17.7225712916621,4,2,1,0,1,0
2024-02-20,179.76,Apple,-0.0041,0.214741303075975,0.0,1,Apple market update,0.6931471805599453,17.798282776940614,1,2,1,0,0,0
2024-02-21,180.51,Apple,0.0042,-0.6736197053593662,0.0,1,Apple market update,0.6931471805599453,17.538100402983837,2,2,1,0,0,0
2024-02-22,182.54,Apple,0.0112,0.6116425865810494,0.0,0,Apple market update,0.6931471805599453,17.7723577974567,3,2,1,0,0,0
2024-02-23,180.71,Apple,-0.01,-0.373846904732781,0.0,0,Apple market update,0.6931471805599453,17.62482953835907,4,2,1,0,1,0
2024-02-26,179.36,Apple,-0.0075,-0.2438837084860336,0.0,1,Apple market update,0.6931471805599453,17.52584326164173,0,2,1,1,0,0
2024-02-27,180.82,Apple,0.0081,0.7335184003170759,0.0,0,Apple market update,0.6931471805599453,17.810382809051283,1,2,1,0,0,0
2024-02-28,179.62,Apple,-0.0066,-0.2574766356081646,0.0,0,Apple market update,0.6931471805599453,17.70638961733029,2,2,1,0,0,0
2024-02-29,178.95,Apple,-0.0037,2.3374356842992423,0.0,0,Apple market update,0.6931471805599453,18.733172014881045,3,2,1,0,0,0
2024-03-01,177.88,Apple,-0.006,-1.5708691502629977,0.0,0,Apple market update,0.6931471805599453,18.11365411287493,4,3,1,0,1,0
2024-03-04,173.36,Apple,-0.0254,0.283165377536425,0.0,0,Apple market update,0.6931471805599453,18.21623750918164,0,3,1,1,0,0
2024-03-05,168.43,Apple,-0.0284,0.41429262581112913,0.0,0,Apple market update,0.6931471805599453,18.37078017401057,1,3,1,0,0,0
2024-03-06,167.44,Apple,-0.0059,-0.8491519457644625,0.0,0,Apple market update,0.6931471805599453,18.043623790908224,2,3,1,0,0,0
2024-03-07,167.32,Apple,-0.0007,0.13621157152871718,0.0,1,Apple market update,0.6931471805599453,18.088908857357907,3,3,1,0,0,0
2024-03-08,169.03,Apple,0.0102,0.17634966983607106,0.0,1,Apple market update,0.6931471805599453,18.149750912533456,4,3,1,0,1,0
2024-03-11,171.03,Apple,0.0118,-0.6138641084881263,0.0,1,Apple market update,0.6931471805599453,17.91217743818395,0,3,1,1,0,0
2024-03-12,171.51,Apple,0.0028,0.0046606795802619306,0.0,0,Apple market update,0.6931471805599453,17.906940894619655,1,3,1,0,0,0
2024-03-13,169.43,Apple,-0.0121,-0.3289903681901877,0.0,1,Apple market update,0.6931471805599453,17.77610848535129,2,3,1,0,0,0
2024-03-14,171.28,Apple,0.0109,0.8391743488153393,0.0,0,Apple market update,0.6931471805599453,18.104784378734294,3,3,1,0,0,0
2024-03-15,170.91,Apple,-0.0022,1.2649013528357456,0.0,1,Apple market update,0.6931471805599453,18.617502504485824,4,3,1,0,1,0
2024-03-18,171.99,Apple,0.0064,-1.2284769311193402,0.0,1,Apple market update,0.6931471805599453,18.14102240838894,0,3,1,1,0,0
2024-03-19,174.33,Apple,0.0136,-0.8157492348974602,0.0,1,Apple market update,0.6931471805599453,17.826748853771875,1,3,1,0,0,0
2024-03-20,176.9,Apple,0.0147,-0.06867474524833819,0.0,0,Apple market update,0.6931471805599453,17.79375381338098,2,3,1,0,0,0
2024-03-21,169.67,Apple,-0.0409,1.646940196330453,0.0,1,Apple market update,0.6931471805599453,18.480658577823036,3,3,1,0,0,0
2024-03-22,170.57,Apple,0.0053,-1.037218986618717,0.0,0,Apple market update,0.6931471805599453,18.080442840097607,4,3,1,0,1,0
2024-03-25,169.15,Apple,-0.0083,-0.7011516923444634,0.0,0,Apple market update,0.6931471805599453,17.809819310494166,0,3,1,1,0,0
2024-03-26,168.02,Apple,-0.0067,0.16273491820698943,0.0,1,Apple market update,0.6931471805599453,17.86535276769953,1,3,1,0,0,0
2024-03-27,171.59,Apple,0.0212,0.1460763020025901,0.0,0,Apple market update,0.6931471805599453,17.914399794160158,2,3,1,0,0,0
2024-03-28,169.78,Apple,-0.0106,0.24047478127883895,0.0,0,Apple market update,0.6931471805599453,18.00019388721323,3,3,1,0,0,0
2024-04-01,168.34,Apple,-0.0085,-0.9106628669263556,0.0,0,Apple market update,0.6931471805599453,17.649366617044787,0,4,2,1,0,0
2024-04-02,167.16,Apple,-0.007,0.18625869497648698,-3.469446951953614e-18,1,Apple market update,0.6931471805599453,17.71403285761041,1,4,2,0,0,0
2024-04-03,167.97,Apple,0.0048,-0.07058872932975875,0.0,0,Apple market update,0.6931471805599453,17.68026795749322,2,4,2,0,0,0
2024-04-04,167.14,Apple,-0.0049,0.3242713654843508,0.0,1,Apple market update,0.6931471805599453,17.799005511428202,3,4,2,0,0,0
2024-04-05,167.9,Apple,0.0045,-0.6290361079574338,0.0,0,Apple market update,0.6931471805599453,17.55567233015552,4,4,2,0,1,0
2024-04-08,166.78,Apple,-0.0067,-0.2941870285341391,-3.469446951953614e-18,1,Apple market update,0.6931471805599453,17.43786287495391,0,4,2,1,0,0
2024-04-09,167.99,Apple,0.0072,0.33793196229476324,0.0,0,Apple market update,0.6931471805599453,17.562040828279326,1,4,2,0,0,0
2024-04-10,166.11,Apple,-0.0111,0.42712203948340505,0.0,1,Apple market update,0.6931471805599453,17.72170261641496,2,4,2,0,0,0
2024-04-11,173.3,Apple,0.0433,1.470772159945876,3.469446951953614e-18,1,Apple market update,0.6931471805599453,18.327142304688422,3,4,2,0,0,0
2024-04-12,174.8,Apple,0.0086,0.3023497611535166,0.0,0,Apple market update,0.6931471805599453,18.437251694216602,4,4,2,0,1,0
2024-04-15,170.98,Apple,-0.0219,-0.8412216488025391,0.0,0,Apple market update,0.6931471805599453,18.1132285372765,0,4,2,1,0,0
2024-04-16,167.7,Apple,-0.0192,0.024623453551630925,0.0,0,Apple market update,0.6931471805599453,18.115665326615694,1,4,2,0,0,0
2024-04-17,166.33,Apple,-0.0081,-0.9609252163800008,0.0,0,Apple market update,0.6931471805599453,17.745397076527258,2,4,2,0,0,0
2024-04-18,165.38,Apple,-0.0057,-0.4226089673303587,0.0,0,Apple market update,0.6931471805599453,17.579564759667488,3,4,2,0,0,0
2024-04-19,163.36,Apple,-0.0122,1.1400581986536127,0.0,1,Apple market update,0.6931471805599453,18.037212926633117,4,4,2,0,1,0
2024-04-22,164.19,Apple,0.0051,-0.9036951149035731,0.0,1,Apple market update,0.6931471805599453,17.689133654087478,0,4,2,1,0,0
2024-04-23,165.24,Apple,0.0064,0.09423867319602779,0.0,1,Apple market update,0.6931471805599453,17.718246592667263,1,4,2,0,0,0
2024-04-24,167.34,Apple,0.0127,-0.05098239910716239,0.0,1,Apple market update,0.6931471805599453,17.691943711477524,2,4,2,0,0,0
2024-04-25,168.2,Apple,0.0051,0.13991657374376765,0.0,0,Apple market update,0.6931471805599453,17.73863770359902,3,4,2,0,0,0
2024-04-26,167.62,Apple,-0.0035,-0.3002063767697639,0.0,1,Apple market update,0.6931471805599453,17.61857549540751,4,4,2,0,1,0
2024-04-29,171.78,Apple,0.0248,1.0508577575723692,0.0,0,Apple market update,0.6931471805599453,18.037506356443973,0,4,2,1,0,0
2024-04-30,168.64,Apple,-0.0183,-0.06949481794584862,0.0,0,Apple market update,0.6931471805599453,18.004176948095473,1,4,2,0,0,0
2024-05-01,167.62,Apple,-0.006,-0.6970071089345717,0.0,1,Apple market update,0.6931471805599453,17.735166379197736,2,5,2,0,0,0
2024-05-02,171.31,Apple,0.022,1.5154539669571796,0.0,1,Apple market update,0.6931471805599453,18.361088911750084,3,5,2,0,0,0
2024-05-03,181.56,Apple,0.0598,1.3473949299621932,0.0,0,Apple market update,0.6931471805599453,18.91063466728708,4,5,2,0,1,0
2024-05-06,179.91,Apple,-0.0091,-1.820831032597612,0.0,1,Apple market update,0.6931471805599453,18.179496699621026,0,5,2,1,0,0
2024-05-07,180.59,Apple,0.0038,-0.024313932532069052,0.0,1,Apple market update,0.6931471805599453,18.163279556020033,1,5,2,0,0,0
2024-05-08,180.93,Apple,0.0019,-1.3832220280718455,0.0,1,Apple market update,0.6931471805599453,17.623441154458394,2,5,2,0,0,0
2024-05-09,182.74,Apple,0.01,0.2346022280004348,0.0,0,Apple market update,0.6931471805599453,17.706983877517455,3,5,2,0,0,0
2024-05-10,181.48,Apple,-0.0069,0.11133407492272673,0.0,1,Apple market update,0.6931471805599453,17.742609370186884,4,5,2,0,1,0
2024-05-13,184.68,Apple,0.0176,0.8901384984270792,0.0,1,Apple market update,0.6931471805599453,18.09279871958282,0,5,2,1,0,0
2024-05-14,185.82,Apple,0.0062,-0.8268483153724889,0.0,1,Apple market update,0.6931471805599453,17.77429502351361,1,5,2,0,0,0
2024-05-15,188.09,Apple,0.0122,0.7597903716643382,0.0,1,Apple market update,0.6931471805599453,18.069703835332817,2,5,2,0,0,0
2024-05-16,188.21,Apple,0.0006,-0.7439350343589359,-3.469446951953614e-18,1,Apple market update,0.6931471805599453,17.782877461994847,3,5,2,0,0,0
2024-05-17,188.24,Apple,0.0002,-0.6385133317446886,0.0,1,Apple market update,0.6931471805599453,17.53595895283112,4,5,2,0,1,0
2024-05-20,189.4,Apple,0.0062,0.20497422011477284,0.0,1,Apple market update,0.6931471805599453,17.60787804824,0,5,2,1,0,0
2024-05-21,190.7,Apple,0.0069,-0.10671860893654647,0.0,0,Apple market update,0.6931471805599453,17.560519865186436,1,5,2,0,0,0
2024-05-22,189.26,Apple,-0.0075,-0.5132765964118955,0.0,0,Apple market update,0.6931471805599453,17.360765021481132,2,5,2,0,0,0
2024-05-23,185.28,Apple,-0.0211,0.9759446120230999,0.0,1,Apple market update,0.6931471805599453,17.747451889877542,3,5,2,0,0,0
2024-05-24,188.35,Apple,0.0166,-0.8810505010855003,0.0,1,Apple market update,0.6931471805599453,17.40807185193235,4,5,2,0,1,0
2024-05-28,188.36,Apple,0.0001,0.9229576698451661,0.0,1,Apple market update,0.6931471805599453,17.772126378623554,1,5,2,0,0,0
2024-05-29,188.66,Apple,0.0016,0.057547899760816465,0.0,1,Apple market update,0.6931471805599453,17.78708468686269,2,5,2,0,0,0
2024-05-30,189.65,Apple,0.0053,-0.14485387872732627,0.0,1,Apple market update,0.6931471805599453,17.72531312003165,3,5,2,0,0,0
2024-05-31,190.6,Apple,0.005,1.0297280047465511,0.0,1,Apple market update,0.6931471805599453,18.135107127144938,4,5,2,0,1,0
2024-06-03,192.36,Apple,0.0093,-1.0520510592291257,0.0,1,Apple market update,0.6931471805599453,17.729142288699688,0,6,2,1,0,0
2024-06-04,192.68,Apple,0.0016,-0.1229040002893909,0.0,1,Apple market update,0.6931471805599453,17.67563800346886,1,6,2,0,0,0
2024-06-05,194.19,Apple,0.0078,0.3570296978822113,0.0,0,Apple market update,0.6931471805599453,17.807394119092677,2,6,2,0,0,0
2024-06-06,192.81,Apple,-0.0071,-0.709803015644425,0.0,1,Apple market update,0.6931471805599453,17.533506993430308,3,6,2,0,0,0
2024-06-07,195.2,Apple,0.0124,0.6603324075021044,0.0,0,Apple market update,0.6931471805599453,17.78776094867381,4,6,2,0,1,0
2024-06-10,191.46,Apple,-0.0191,1.4644281673716393,0.0,1,Apple market update,0.6931471805599453,18.390326695886664,0,6,2,1,0,0
2024-06-11,205.37,Apple,0.0726,1.4035027423316273,3.469446951953614e-18,1,Apple market update,0.6931471805599453,18.96517303761147,1,6,2,0,0,0
2024-06-12,211.24,Apple,0.0286,0.37594144792015355,3.469446951953614e-18,1,Apple market update,0.6931471805599453,19.104455646604343,2,6,2,0,0,0
2024-06-13,212.4,Apple,0.0055,-1.7647592980351021,0.0,0,Apple market update,0.6931471805599453,18.399076044098358,3,6,2,0,0,0
2024-06-14,210.67,Apple,-0.0082,-0.8654282334155041,0.0,1,Apple market update,0.6931471805599453,18.06575713695599,4,6,2,0,1,0
2024-06-17,214.81,Apple,0.0197,0.7470608099529075,0.0,0,Apple market update,0.6931471805599453,18.355910740024722,0,6,2,1,0,0
2024-06-18,212.45,Apple,-0.011,-0.40469205190692165,0.0,0,Apple market update,0.6931471805599453,18.196828203865003,1,6,2,0,0,0
2024-06-20,207.88,Apple,-0.0215,0.2128393188740482,0.0,0,Apple market update,0.6931471805599453,18.271861670817042,3,6,2,0,0,0
2024-06-21,205.71,Apple,-0.0104,2.34708396989262,0.0,1,Apple market update,0.6931471805599453,19.303642591869515,4,6,2,0,1,0
2024-06-24,206.35,Apple,0.0031,-2.5283633751462755,0.0,1,Apple market update,0.6931471805599453,18.206583662161417,0,6,2,1,0,0
2024-06-25,207.27,Apple,0.0045,-0.9698658029470215,0.0,1,Apple market update,0.6931471805599453,17.832788691497175,1,6,2,0,0,0
2024-06-26,211.42,Apple,0.02,0.466984375251517,0.0,1,Apple market update,0.6931471805599453,18.008390411903665,2,6,2,0,0,0
2024-06-27,212.26,Apple,0.004,-0.7400865002237456,0.0,0,Apple market update,0.6931471805599453,17.722977219002537,3,6,2,0,0,0
2024-06-28,208.81,Apple,-0.0163,1.249470103560688,0.0,1,Apple market update,0.6931471805599453,18.228826305281295,4,6,2,0,1,0
2024-07-01,214.89,Apple,0.0291,-0.8103913226570971,0.0,1,Apple market update,0.6931471805599453,17.916547691552974,0,7,3,1,0,0
2024-07-02,218.38,Apple,0.0162,-0.08651227262934506,0.0,1,Apple market update,0.6931471805599453,17.87674982038353,1,7,3,0,0,0
2024-07-03,219.65,Apple,0.0058,-1.138723733042729,0.0,1,Apple market update,0.6931471805599453,17.43637347632038,2,7,3,0,0,0
2024-07-05,224.4,Apple,0.0216,1.1916884768154803,0.0,1,Apple market update,0.6931471805599453,17.916704956400427,4,7,3,0,1,0
2024-07-08,225.86,Apple,0.0065,-0.04016684427979537,0.0,1,Apple market update,0.6931471805599453,17.894502892156215,0,7,3,1,0,0
2024-07-09,226.72,Apple,0.0038,-0.5302473041155468,0.0,1,Apple market update,0.6931471805599453,17.688295750892944,1,7,3,0,0,0
2024-07-10,230.98,Apple,0.0188,0.6850482624760826,0.0,0,Apple market update,0.6931471805599453,17.95271824617976,2,7,3,0,0,0
2024-07-11,225.62,Apple,-0.0232,0.10380999053663556,0.0,1,Apple market update,0.6931471805599453,17.98543559458111,3,7,3,0,0,0
2024-07-12,228.56,Apple,0.0131,-0.5106743058071136,0.0,1,Apple market update,0.6931471805599453,17.786679464204358,4,7,3,0,1,0
2024-07-15,232.39,Apple,0.0167,0.4432508774537114,0.0,1,Apple market update,0.6931471805599453,17.952775727078436,0,7,3,1,0,0
2024-07-16,232.8,Apple,0.0018,-0.9616694536155518,0.0,0,Apple market update,0.6931471805599453,17.58214474278905,1,7,3,0,0,0
2024-07-17,226.91,Apple,-0.0253,0.7286188261377434,0.0,0,Apple market update,0.6931471805599453,17.864611925576416,2,7,3,0,0,0
2024-07-18,222.25,Apple,-0.0205,0.380531544336212,0.0,1,Apple market update,0.6931471805599453,18.005689420191466,3,7,3,0,0,0
2024-07-19,222.38,Apple,0.0006,-0.7660614585176617,0.0,0,Apple market update,0.6931471805599453,17.710417943256957,4,7,3,0,1,0
2024-07-22,222.04,Apple,-0.0016,-0.03289733493924325,0.0,1,Apple market update,0.6931471805599453,17.690906943467997,0,7,3,1,0,0
2024-07-23,223.08,Apple,0.0047,-0.48059050778534634,0.0,0,Apple market update,0.6931471805599453,17.50339704424879,1,7,3,0,0,0
2024-07-24,216.66,Apple,-0.0288,1.089552268147992,0.0,0,Apple market update,0.6931471805599453,17.939051413363753,2,7,3,0,0,0
2024-07-25,215.62,Apple,-0.0048,-0.47127268457694577,0.0,1,Apple market update,0.6931471805599453,17.754977529000836,3,7,3,0,0,0
2024-07-26,216.09,Apple,0.0022,-0.5440251068756784,0.0,1,Apple market update,0.6931471805599453,17.54364199878093,4,7,3,0,1,0
2024-07-29,216.37,Apple,0.0013,-0.34273581692207034,0.0,1,Apple market update,0.6931471805599453,17.407653342821423,0,7,3,1,0,0
2024-07-30,216.92,Apple,0.0026,0.37024336510957134,0.0,1,Apple market update,0.6931471805599453,17.544663079965805,1,7,3,0,0,0
2024-07-31,220.17,Apple,0.015,0.4867124472383444,0.0,0,Apple market update,0.6931471805599453,17.728259319967393,2,7,3,0,0,0
2024-08-01,216.48,Apple,-0.0168,0.5825982522021709,0.0,1,Apple market update,0.6931471805599453,17.950693130578376,3,8,3,0,0,0
2024-08-02,217.97,Apple,0.0069,1.2907169134890595,0.0,0,Apple market update,0.6931471805599453,18.474871546007275,4,8,3,0,1,0
2024-08-05,207.47,Apple,-0.0482,0.3383782322704585,3.469446951953614e-18,0,Apple market update,0.6931471805599453,18.59923354958349,0,8,3,1,0,0
2024-08-06,205.45,Apple,-0.0097,-1.3836343325728848,3.469446951953614e-18,1,Apple market update,0.6931471805599453,18.059144014952064,1,8,3,0,0,0
2024-08-07,208.02,Apple,0.0125,-0.22626496933472237,0.0,1,Apple market update,0.6931471805599453,17.966808713978054,2,8,3,0,0,0
2024-08-08,211.48,Apple,0.0166,-0.7724098399424295,0.0,1,Apple market update,0.6931471805599453,17.66907997941691,3,8,3,0,0,0
2024-08-09,214.38,Apple,0.0137,-0.27651177538667204,0.0,1,Apple market update,0.6931471805599453,17.557968716675223,4,8,3,0,1,0
2024-08-12,215.91,Apple,0.0071,-0.2577729563301311,0.0,1,Apple market update,0.6931471805599453,17.453835944395262,0,8,3,1,0,0
2024-08-13,219.62,Apple,0.0172,0.4013773052302752,0.0,1,Apple market update,0.6931471805599453,17.603223545756833,1,8,3,0,0,0
2024-08-14,220.07,Apple,0.002,-0.116192509198255,0.0,1,Apple market update,0.6931471805599453,17.552241664554714,2,8,3,0,0,0
2024-08-15,223.05,Apple,0.0135,0.27879985869571394,0.0,1,Apple market update,0.6931471805599453,17.653111717370063,3,8,3,0,0,0
2024-08-16,224.37,Apple,0.0059,-0.10227410478567751,0.0,0,Apple market update,0.6931471805599453,17.607402295295074,4,8,3,0,1,0
2024-08-19,224.21,Apple,-0.0007,-0.2093529684733058,0.0,1,Apple market update,0.6931471805599453,17.52143887575516,0,8,3,1,0,0
2024-08-20,224.82,Apple,0.0027,-0.7646523100636339,-3.469446951953614e-18,0,Apple market update,0.6931471805599453,17.226625299639036,1,8,3,0,0,0
2024-08-21,224.72,Apple,-0.0005,0.3715597947893986,0.0,0,Apple market update,0.6931471805599453,17.36413610245701,2,8,3,0,0,0
2024-08-22,222.86,Apple,-0.0083,0.5978584198599081,0.0,1,Apple market update,0.6931471805599453,17.592751125680085,3,8,3,0,0,0
2024-08-23,225.15,Apple,0.0103,-0.30533387438983217,0.0,1,Apple market update,0.6931471805599453,17.47076344845192,4,8,3,0,1,0
2024-08-26,225.49,Apple,0.0015,-0.6047959449234763,0.0,1,Apple market update,0.6931471805599453,17.236582492440483,0,8,3,1,0,0
2024-08-27,226.33,Apple,0.0037,0.42946485986853083,0.0,0,Apple market update,0.6931471805599453,17.39721120544193,1,8,3,0,0,0
2024-08-28,224.8,Apple,-0.0068,0.16712127950219569,0.0,1,Apple market update,0.6931471805599453,17.45446948553988,2,8,3,0,0,0
2024-08-29,228.08,Apple,0.0146,0.7958848758625716,0.0,0,Apple market update,0.6931471805599453,17.764950747317997,3,8,3,0,0,0
2024-08-30,227.3,Apple,-0.0034,0.07240690652600942,0.0,0,Apple market update,0.6931471805599453,17.785628890414333,4,8,3,0,1,0
2024-09-03,221.11,Apple,-0.0272,-0.12486526720999819,0.0,0,Apple market update,0.6931471805599453,17.731338336056336,1,9,3,0,0,0
2024-09-04,219.21,Apple,-0.0086,-0.340898965407362,0.0,1,Apple market update,0.6931471805599453,17.59606178544754,2,9,3,0,0,0
2024-09-05,220.73,Apple,0.0069,-0.4607061132811837,0.0,0,Apple market update,0.6931471805599453,17.415979502213048,3,9,3,0,0,0
2024-09-06,219.18,Apple,-0.007,0.7215187600530185,0.0,1,Apple market update,0.6931471805599453,17.69548548607487,4,9,3,0,1,0
2024-09-09,219.27,Apple,0.0004,0.8362628114741241,0.0,0,Apple market update,0.6931471805599453,18.022886157033803,0,9,3,1,0,0
2024-09-10,218.47,Apple,-0.0036,-0.683573260592134,0.0,1,Apple market update,0.6931471805599453,17.75885781601767,1,9,3,0,0,0
2024-09-11,221.0,Apple,0.0116,-0.36951296027845026,0.0,1,Apple market update,0.6931471805599453,17.61295515991286,2,9,3,0,0,0
2024-09-12,221.11,Apple,0.0005,-0.4450879069772978,0.0,0,Apple market update,0.6931471805599453,17.43866681615716,3,9,3,0,0,0
2024-09-13,220.84,Apple,-0.0012,-0.0304797115336818,0.0,0,Apple market update,0.6931471805599453,17.42010040951595,4,9,3,0,1,0
2024-09-16,214.71,Apple,-0.0278,1.188593717582134,0.0,1,Apple market update,0.6931471805599453,17.899087372172144,0,9,3,1,0,0
2024-09-17,215.18,Apple,0.0022,-0.6873567144840843,0.0,1,Apple market update,0.6931471805599453,17.633646991776924,1,9,3,0,0,0
2024-09-18,219.05,Apple,0.018,0.7092575285708198,0.0,1,Apple market update,0.6931471805599453,17.90810193425364,2,9,3,0,0,0
2024-09-19,227.17,Apple,0.0371,0.29916540068097885,0.0,0,Apple market update,0.6931471805599453,18.016933674170815,3,9,3,0,0,0
2024-09-20,226.5,Apple,-0.0029,3.293675799749391,0.0,0,Apple market update,0.6931471805599453,19.579697711819932,4,9,3,0,1,0
2024-09-23,224.78,Apple,-0.0076,-3.416358882264082,0.0,1,Apple market update,0.6931471805599453,17.807194678268687,0,9,3,1,0,0
2024-09-24,225.68,Apple,0.004,-0.5608403269125849,0.0,0,Apple market update,0.6931471805599453,17.58956034329929,1,9,3,0,0,0
2024-09-25,224.69,Apple,-0.0044,-0.05804193326657691,0.0,1,Apple market update,0.6931471805599453,17.560503320263223,2,9,3,0,0,0
2024-09-26,225.83,Apple,0.0051,-0.3642596288136469,0.0,1,Apple market update,0.6931471805599453,17.416561055506914,3,9,3,0,0,0
2024-09-27,226.1,Apple,0.0012,-0.17731360842722038,0.0,1,Apple market update,0.6931471805599453,17.34263552561351,4,9,3,0,1,0
2024-09-30,231.27,Apple,0.0229,1.1723269863552945,0.0,0,Apple market update,0.6931471805599453,17.814479789926473,0,9,3,1,0,0
2024-10-01,224.53,Apple,-0.0291,0.39964871694628235,0.0,1,Apple market update,0.6931471805599453,17.963158908010218,1,10,4,0,0,0
2024-10-02,225.09,Apple,0.0025,-1.651361875193684,0.0,0,Apple market update,0.6931471805599453,17.30839340657401,2,10,4,0,0,0
2024-10-03,223.99,Apple,-0.0049,0.10907982154671841,0.0,1,Apple market update,0.6931471805599453,17.343170267685633,3,10,4,0,0,0
2024-10-04,225.11,Apple,0.005,0.25076811153225176,0.0,0,Apple market update,0.6931471805599453,17.43303097736223,4,10,4,0,1,0
2024-10-07,220.04,Apple,-0.0225,0.1714979720957044,0.0,1,Apple market update,0.6931471805599453,17.4919479547013,0,10,4,1,0,0
2024-10-08,224.09,Apple,0.0184,-0.5542350010477667,0.0,1,Apple market update,0.6931471805599453,17.276726919255125,1,10,4,0,0,0
2024-10-09,227.83,Apple,0.0167,0.15638191674123522,0.0,0,Apple market update,0.6931471805599453,17.329771738663688,2,10,4,0,0,0
2024-10-10,227.34,Apple,-0.0022,-0.44858659584545857,0.0,0,Apple market update,0.6931471805599453,17.154247293765575,3,10,4,0,0,0
2024-10-11,225.86,Apple,-0.0065,0.3260683857097765,0.0,1,Apple market update,0.6931471805599453,17.273693036596026,4,10,4,0,1,0
2024-10-14,229.58,Apple,0.0165,0.5957138014149955,0.0,1,Apple market update,0.6931471805599453,17.501438184719355,0,10,4,1,0,0
2024-10-15,232.11,Apple,0.011,1.2014991791927576,0.0,0,Apple market update,0.6931471805599453,17.98606589537548,1,10,4,0,0,0
2024-10-16,230.06,Apple,-0.0089,-1.6217811919143272,0.0,1,Apple market update,0.6931471805599453,17.34428584117331,2,10,4,0,0,0
2024-10-17,230.42,Apple,0.0016,-0.06703552761260129,0.0,1,Apple market update,0.6931471805599453,17.31183025330017,3,10,4,0,0,0
2024-10-18,233.25,Apple,0.0123,0.8700579214638265,0.0,1,Apple market update,0.6931471805599453,17.65348868770961,4,10,4,0,1,0
2024-10-21,234.72,Apple,0.0063,-0.6398695311044953,0.0,0,Apple market update,0.6931471805599453,17.4060740970743,0,10,4,1,0,0
2024-10-22,234.11,Apple,-0.0026,0.19755717958227678,0.0,0,Apple market update,0.6931471805599453,17.475131140602937,1,10,4,0,0,0
2024-10-23,229.04,Apple,-0.0216,0.7638953212299748,0.0,0,Apple market update,0.6931471805599453,17.77225835129714,2,10,4,0,0,0
2024-10-24,228.85,Apple,-0.0008,-1.3332039905747297,0.0,1,Apple market update,0.6931471805599453,17.253023828886615,3,10,4,0,0,0
2024-10-25,229.69,Apple,0.0036,0.5790591011007202,0.0,1,Apple market update,0.6931471805599453,17.473990106958794,4,10,4,0,1,0
2024-10-28,231.66,Apple,0.0086,-0.17358927879115119,0.0,1,Apple market update,0.6931471805599453,17.401446046432213,0,10,4,1,0,0
2024-10-29,231.93,Apple,0.0012,-0.031016721600618354,0.0,0,Apple market update,0.6931471805599453,17.382708164045706,1,10,4,0,0,0
2024-10-30,228.39,Apple,-0.0153,0.7333371650868887,0.0,0,Apple market update,0.6931471805599453,17.66716555489797,2,10,4,0,0,0
2024-10-31,224.23,Apple,-0.0182,0.8018325102263176,0.0,0,Apple market update,0.6931471805599453,17.980159813081475,3,10,4,0,0,0
2024-11-01,221.25,Apple,-0.0133,0.05497486178940354,0.0,0,Apple market update,0.6931471805599453,17.99414573119117,4,11,4,0,1,0
2024-11-04,220.36,Apple,-0.004,-0.968374229266175,0.0,1,Apple market update,0.6931471805599453,17.620938975469443,0,11,4,1,0,0
2024-11-05,221.79,Apple,0.0065,-1.2106085518879228,0.0,0,Apple market update,0.6931471805599453,17.151682224273472,1,11,4,0,0,0
2024-11-06,221.06,Apple,-0.0033,1.5959658373753896,0.0,1,Apple market update,0.6931471805599453,17.814831750914642,2,11,4,0,0,0
2024-11-07,225.79,Apple,0.0214,-0.6688254368960207,0.0,0,Apple market update,0.6931471805599453,17.55645340861097,3,11,4,0,0,0
2024-11-08,225.52,Apple,-0.0012,-0.2327105724908206,0.0,0,Apple market update,0.6931471805599453,17.461712155886524,4,11,4,0,1,0
2024-11-11,222.81,Apple,-0.012,0.25519635891207065,0.0,0,Apple market update,0.6931471805599453,17.553313524499227,0,11,4,1,0,0
2024-11-13,223.69,Apple,0.004,0.488158080826727,0.0,1,Apple market update,0.6931471805599453,17.698438394256435,2,11,4,0,0,0
2024-11-14,226.77,Apple,0.0138,-0.18794576748548242,0.0,0,Apple market update,0.6931471805599453,17.620480527340796,3,11,4,0,0,0
2024-11-15,223.57,Apple,-0.0141,0.18625869497648698,0.0,1,Apple market update,0.6931471805599453,17.68512074167731,4,11,4,0,1,0
2024-11-18,226.57,Apple,0.0134,-0.16987081850816665,0.0,1,Apple market update,0.6931471805599453,17.613999759450028,0,11,4,1,0,0
2024-11-19,226.83,Apple,0.0011,-0.5381125939691747,0.0,1,Apple market update,0.6931471805599453,17.404895618146483,1,11,4,0,0,0
2024-11-20,227.55,Apple,0.0032,-0.05858593519633384,0.0,0,Apple market update,0.6931471805599453,17.375692659489594,2,11,4,0,0,0
2024-11-21,227.07,Apple,-0.0021,0.47801562536058656,0.0,1,Apple market update,0.6931471805599453,17.555755452613166,3,11,4,0,0,0
2024-11-22,228.41,Apple,0.0059,-0.2421161740839156,0.0,1,Apple market update,0.6931471805599453,17.457515912334365,4,11,4,0,1,0
2024-11-25,231.39,Apple,0.0131,2.00630714205209,0.0,1,Apple market update,0.6931471805599453,18.31701657756908,0,11,4,1,0,0
2024-11-26,233.57,Apple,0.0094,-1.6929841088635698,0.0,0,Apple market update,0.6931471805599453,17.64385193119002,1,11,4,0,0,0
2024-11-27,233.44,Apple,-0.0006,-0.8225477290448139,0.0,1,Apple market update,0.6931471805599453,17.327008264312834,2,11,4,0,0,0
2024-11-29,235.82,Apple,0.0102,-0.4131646409580176,0.0,1,Apple market update,0.6931471805599453,17.164761835713872,4,11,4,0,1,0
2024-12-02,238.07,Apple,0.0095,1.2920440638008766,0.0,1,Apple market update,0.6931471805599453,17.689563768314784,0,12,4,1,0,0
2024-12-03,241.11,Apple,0.0128,-0.551267287239816,0.0,1,Apple market update,0.6931471805599453,17.475501760717165,1,12,4,0,0,0
2024-12-04,241.47,Apple,0.0015,0.3599003036904697,0.0,1,Apple market update,0.6931471805599453,17.60838737156068,2,12,4,0,0,0
2024-12-05,241.5,Apple,0.0001,-0.25510732996915503,0.0,0,Apple market update,0.6931471805599453,17.505237178131694,3,12,4,0,0,0
2024-12-06,241.3,Apple,-0.0008,-0.19949355340852074,0.0,1,Apple market update,0.6931471805599453,17.4229250705928,4,12,4,0,1,0
2024-12-09,245.18,Apple,0.0161,0.5062390587226162,0.0,1,Apple market update,0.6931471805599453,17.61434697038983,0,12,4,1,0,0
2024-12-10,246.2,Apple,0.0041,-0.48767921461517366,0.0,0,Apple market update,0.6931471805599453,17.42412313969831,1,12,4,0,0,0
2024-12-11,244.93,Apple,-0.0052,0.5338494773924974,0.0,1,Apple market update,0.6931471805599453,17.62673597727546,2,12,4,0,0,0
2024-12-12,246.39,Apple,0.006,-0.8343870153603754,0.0,1,Apple market update,0.6931471805599453,17.305252892864427,3,12,4,0,0,0
2024-12-13,246.55,Apple,0.0007,0.048269519766511525,0.0,1,Apple market update,0.6931471805599453,17.316713171314248,4,12,4,0,1,0
2024-12-16,249.45,Apple,0.0117,1.1091033867617588,0.0,1,Apple market update,0.6931471805599453,17.760867773493636,0,12,4,1,0,0
2024-12-17,251.87,Apple,0.0097,0.0012262890456106955,0.0,0,Apple market update,0.6931471805599453,17.754300140903144,1,12,4,0,0,0
2024-12-18,246.48,Apple,-0.0214,0.2774192509314097,0.0,1,Apple market update,0.6931471805599453,17.85459081139636,2,12,4,0,0,0
2024-12-19,248.2,Apple,0.007,0.19971338081921336,0.0,1,Apple market update,0.6931471805599453,17.924453066467066,3,12,4,0,0,0
2024-12-20,252.87,Apple,0.0188,2.057518403951639,0.0,1,Apple market update,0.6931471805599453,18.809306875609565,4,12,4,0,1,0
2024-12-23,253.65,Apple,0.0031,-2.824222507870398,0.0,1,Apple market update,0.6931471805599453,17.52563280282139,0,12,4,1,0,0
2024-12-24,256.56,Apple,0.0115,-1.441730075946382,0.0,1,Apple market update,0.6931471805599453,16.961157451901094,1,12,4,0,0,0
2024-12-26,257.38,Apple,0.0032,0.42541637814900174,0.0,0,Apple market update,0.6931471805599453,17.12009060920619,3,12,4,0,0,0
2024-12-27,253.97,Apple,-0.0132,1.1030537648895833,0.0,0,Apple market update,0.6931471805599453,17.561604142421523,4,12,4,0,1,0
2024-12-30,250.6,Apple,-0.0133,-0.4469957490148887,0.0,0,Apple market update,0.6931471805599453,17.386661690549982,0,12,4,1,0,0
2024-12-31,248.83,Apple,-0.0071,0.28843696887898906,0.0,0,Apple market update,0.6931471805599453,17.491322528197657,1,12,4,0,0,0
2025-01-02,242.3,Apple,-0.0262,0.8776140965664067,0.0,0,Apple market update,0.6931471805599453,17.836221156185857,3,1,1,0,0,0
2025-01-03,241.82,Apple,-0.002,-0.8455450682291168,0.0,1,Apple market update,0.6931471805599453,17.510473992081813,4,1,1,0,1,0
2025-01-06,243.44,Apple,0.0067,0.30892947617569777,0.0,0,Apple market update,0.6931471805599453,17.623185890192012,0,1,1,1,0,0
2025-01-07,240.67,Apple,-0.0114,-0.240349898117215,0.0,1,Apple market update,0.6931471805599453,17.525564271785825,1,1,1,0,0,0
2025-01-08,241.16,Apple,0.002,-0.19949355340852074,0.0,0,Apple market update,0.6931471805599453,17.443282956721927,2,1,1,0,0,0
2025-01-10,235.35,Apple,-0.0241,1.2242707765493295,0.0,0,Apple market update,0.6931471805599453,17.937971150741628,4,1,1,0,1,0
2025-01-13,232.91,Apple,-0.0103,-0.5615016491455286,0.0,0,Apple market update,0.6931471805599453,17.720120171985332,0,1,1,1,0,0
2025-01-14,231.8,Apple,-0.0048,-0.5934141225387521,0.0,1,Apple market update,0.6931471805599453,17.49017193759859,1,1,1,0,0,0
2025-01-15,236.36,Apple,0.0197,0.04464967639044833,0.0,0,Apple market update,0.6931471805599453,17.5001811924096,2,1,1,0,0,0
2025-01-16,226.81,Apple,-0.0404,1.43381190477937,3.469446951953614e-18,1,Apple market update,0.6931471805599453,18.08882524776566,3,1,1,0,0,0
2025-01-17,228.52,Apple,0.0075,-0.10477305189762018,0.0,0,Apple market update,0.6931471805599453,18.0421735003253,4,1,1,0,1,0
2025-01-21,221.23,Apple,-0.0319,0.9109872688230551,0.0,1,Apple market update,0.6931471805599453,18.401196156276225,1,1,1,0,0,0
2025-01-22,222.41,Apple,0.0053,-1.099584488311355,0.0,0,Apple market update,0.6931471805599453,17.976368268588665,2,1,1,0,0,0
2025-01-23,222.24,Apple,-0.0008,-0.14711705383196566,0.0,0,Apple market update,0.6931471805599453,17.913760832950565,3,1,1,0,0,0
2025-01-24,221.37,Apple,-0.0039,-0.2371149932646792,0.0,1,Apple market update,0.6931471805599453,17.817335893712624,4,1,1,0,1,0
2025-01-27,228.4,Apple,0.0318,1.3497057379453696,0.0,1,Apple market update,0.6931471805599453,18.36794853060677,0,1,1,1,0,0
2025-01-28,236.75,Apple,0.0365,-0.581740993249415,0.0,1,Apple market update,0.6931471805599453,18.142389122878207,1,1,1,0,0,0
2025-01-29,237.84,Apple,0.0046,-1.3096216393167386,0.0,0,Apple market update,0.6931471805599453,17.63291736472747,2,1,1,0,0,0
2025-01-30,236.08,Apple,-0.0074,0.5318328840675288,0.0,0,Apple market update,0.6931471805599453,17.834741788982406,3,1,1,0,0,0
2025-01-31,234.5,Apple,-0.0067,1.4488867687819538,3.469446951953614e-18,0,Apple market update,0.6931471805599453,18.43023298567758,4,1,1,0,1,0
2025-02-03,226.56,Apple,-0.0339,-0.8394217799924383,0.0,1,Apple market update,0.6931471805599453,18.10683676035289,0,2,1,1,0,0
2025-02-04,231.32,Apple,0.021,-1.245222520807603,0.0,0,Apple market update,0.6931471805599453,17.623667508249756,1,2,1,0,0,0
2025-02-05,230.99,Apple,-0.0014,-0.32381621412405825,0.0,1,Apple market update,0.6931471805599453,17.494852196378964,2,2,1,0,0,0
2025-02-06,231.74,Apple,0.0032,-0.7275220546119644,0.0,0,Apple market update,0.6931471805599453,17.214214867837256,3,2,1,0,0,0
2025-02-07,226.18,Apple,-0.024,0.7295271309798405,0.0,1,Apple market update,0.6931471805599453,17.497043114599506,4,2,1,0,1,0
2025-02-10,226.45,Apple,0.0012,-0.4645440129833663,0.0,1,Apple market update,0.6931471805599453,17.31551505861166,0,2,1,1,0,0
2025-02-11,231.4,Apple,0.0218,1.199401513885682,0.0,1,Apple market update,0.6931471805599453,17.79926616372583,1,2,1,0,0,0
2025-02-12,235.63,Apple,0.0183,-0.43842054417426957,0.0,1,Apple market update,0.6931471805599453,17.62756517295169,2,2,1,0,0,0
2025-02-13,240.26,Apple,0.0197,0.4523168272748252,0.0,1,Apple market update,0.6931471805599453,17.797322669800195,3,2,1,0,0,0
2025-02-14,243.31,Apple,0.0127,-0.7014973099999897,0.0,0,Apple market update,0.6931471805599453,17.52654773161337,4,2,1,0,1,0
2025-02-18,243.19,Apple,-0.0005,0.4707379657670601,0.0,1,Apple market update,0.6931471805599453,17.703701850621435,1,2,1,0,0,0
2025-02-19,243.58,Apple,0.0016,-1.0776635249017428,0.0,1,Apple market update,0.6931471805599453,17.28760746784322,2,2,1,0,0,0
2025-02-20,244.54,Apple,0.0039,0.027496547736270645,0.0,0,Apple market update,0.6931471805599453,17.291100902118927,3,2,1,0,0,0
2025-02-21,244.26,Apple,-0.0011,1.2326654012993095,0.0,1,Apple market update,0.6931471805599453,17.78952009973505,4,2,1,0,1,0
2025-02-24,245.8,Apple,0.0063,-0.07606653617234177,0.0,0,Apple market update,0.6931471805599453,17.753715817135788,0,2,1,1,0,0
2025-02-25,245.74,Apple,-0.0002,-0.15789741911635885,0.0,0,Apple market update,0.6931471805599453,17.686988634652565,1,2,1,0,0,0
2025-02-26,239.1,Apple,-0.027,-0.18679405039341895,0.0,0,Apple market update,0.6931471805599453,17.609506520468685,2,2,1,0,0,0
2025-02-27,236.05,Apple,-0.0127,-0.18449228531630582,0.0,1,Apple market update,0.6931471805599453,17.532821990371655,3,2,1,0,0,0
2025-02-28,240.57,Apple,0.0191,0.8252600516876804,3.469446951953614e-18,0,Apple market update,0.6931471805599453,17.855634756634863,4,2,1,0,1,0
2025-03-03,236.78,Apple,-0.0158,-0.476731219059952,0.0,0,Apple market update,0.6931471805599453,17.66956543123082,0,3,1,1,0,0
2025-03-04,234.69,Apple,-0.0088,0.3557033702518989,0.0,0,Apple market update,0.6931471805599453,17.800748727111277,1,3,1,0,0,0
2025-03-05,234.5,Apple,-0.0008,-0.3274675014651451,0.0,0,Apple market update,0.6931471805599453,17.670489046595367,2,3,1,0,0,0
2025-03-06,234.09,Apple,-0.0017,-0.09922362915167697,0.0,1,Apple market update,0.6931471805599453,17.625952585164992,3,3,1,0,0,0
2025-03-07,237.81,Apple,0.0159,0.08132063404703062,0.0,0,Apple market update,0.6931471805599453,17.65008218365997,4,3,1,0,1,0
2025-03-10,226.28,Apple,-0.0485,1.1065975159247536,3.469446951953614e-18,0,Apple market update,0.6931471805599453,18.093165091115875,0,3,1,1,0,0
2025-03-11,219.68,Apple,-0.0292,0.161026491751766,0.0,0,Apple market update,0.6931471805599453,18.148050173846933,1,3,1,0,0,0
2025-03-12,215.84,Apple,-0.0175,-0.504827519270414,0.0,0,Apple market update,0.6931471805599453,17.95143684204072,2,3,1,0,0,0
2025-03-13,208.58,Apple,-0.0336,-0.03182249338251814,0.0,1,Apple market update,0.6931471805599453,17.93240398944564,3,3,1,0,0,0
2025-03-14,212.37,Apple,0.0182,-0.03612514602977873,0.0,1,Apple market update,0.6931471805599453,17.911646864054216,4,3,1,0,1,0
2025-03-17,212.88,Apple,0.0024,-0.5760870819302824,0.0,0,Apple market update,0.6931471805599453,17.688239588355554,0,3,1,1,0,0
2025-03-18,211.57,Apple,-0.0061,-0.3128927709228825,0.0,1,Apple market update,0.6931471805599453,17.563422802897797,1,3,1,0,0,0
2025-03-19,214.11,Apple,0.012,0.6455726710206573,0.0,0,Apple market update,0.6931471805599453,17.81160631183953,2,3,1,0,0,0
2025-03-20,212.97,Apple,-0.0053,-0.26548958532272854,0.0,1,Apple market update,0.6931471805599453,17.704528995752153,3,3,1,0,0,0
2025-03-21,217.12,Apple,0.0195,1.5798137980915896,0.0,1,Apple market update,0.6931471805599453,18.360164001941694,4,3,1,0,1,0
2025-03-24,219.57,Apple,0.0113,-1.8697620104995603,0.0,1,Apple market update,0.6931471805599453,17.60648397084357,0,3,1,1,0,0
2025-03-25,222.57,Apple,0.0137,-0.6473389560478938,0.0,0,Apple market update,0.6931471805599453,17.3562843865375,1,3,1,0,0,0
2025-03-26,220.37,Apple,-0.0099,0.01624203612006442,0.0,1,Apple market update,0.6931471805599453,17.355486819243552,2,3,1,0,0,0
2025-03-27,222.67,Apple,0.0105,0.20902984719701664,0.0,0,Apple market update,0.6931471805599453,17.42898738298698,3,3,1,0,0,0
2025-03-28,216.75,Apple,-0.0266,0.20210640656024065,0.0,1,Apple market update,0.6931471805599453,17.4998447228842,4,3,1,0,1,0
2025-03-31,220.96,Apple,0.0194,1.2241328221941103,3.469446951953614e-18,1,Apple market update,0.6931471805599453,17.994491889748325,0,3,1,1,0,0
2025-04-01,222.02,Apple,0.0048,-1.488319237574856,0.0,1,Apple market update,0.6931471805599453,17.410428200316982,1,4,2,0,0,0
2025-04-02,222.71,Apple,0.0031,-0.018433159448492078,0.0,0,Apple market update,0.6931471805599453,17.396412213209757,2,4,2,0,0,0
2025-04-03,202.12,Apple,-0.0925,2.397196727678735,0.0,0,Apple market update,0.6931471805599453,18.454299265245393,3,4,2,0,0,0
2025-04-04,187.39,Apple,-0.0729,0.5194851616069303,3.469446951953614e-18,0,Apple market update,0.6931471805599453,18.651085079857292,4,4,2,0,1,0
2025-04-07,180.51,Apple,-0.0367,0.6316530526612674,3.469446951953614e-18,0,Apple market update,0.6931471805599453,18.893594515872287,0,4,2,1,0,0
2025-04-08,171.51,Apple,-0.0498,-0.7348455896988009,3.469446951953614e-18,1,Apple market update,0.6931471805599453,18.610139280145162,1,4,2,0,0,0
2025-04-09,197.8,Apple,0.1533,1.0590582575931624,3.469446951953614e-18,0,Apple market update,0.6931471805599453,19.032595639989378,2,4,2,0,0,0
2025-04-10,189.42,Apple,-0.0424,-1.0722978946095043,3.469446951953614e-18,1,Apple market update,0.6931471805599453,18.618547520286572,3,4,2,0,0,0
2025-04-11,197.11,Apple,0.0406,-0.8621670385129514,3.469446951953614e-18,1,Apple market update,0.6931471805599453,18.286416522874653,4,4,2,0,1,0
2025-04-14,201.46,Apple,0.0221,0.3972693801957167,3.469446951953614e-18,0,Apple market update,0.6931471805599453,18.434119054034284,0,4,2,1,0,0
2025-04-15,201.08,Apple,-0.0019,-1.708405787984605,0.0,0,Apple market update,0.6931471805599453,17.754056714159148,1,4,2,0,0,0
2025-04-16,193.25,Apple,-0.0389,0.4063383966551589,3.469446951953614e-18,1,Apple market update,0.6931471805599453,17.905385161456255,2,4,2,0,0,0
2025-04-17,195.94,Apple,0.0139,-0.3415111081683207,0.0,0,Apple market update,0.6931471805599453,17.76991659805526,3,4,2,0,0,0
2025-04-21,192.14,Apple,-0.0194,-0.27263364607169327,0.0,1,Apple market update,0.6931471805599453,17.66016439441537,0,4,2,1,0,0
2025-04-22,198.69,Apple,0.0341,0.3406080483822348,0.0,1,Apple market update,0.6931471805599453,17.785357108205936,1,4,2,0,0,0
2025-04-23,203.52,Apple,0.0243,0.015979555753921893,0.0,1,Apple market update,0.6931471805599453,17.784465748311202,2,4,2,0,0,0
2025-04-24,207.27,Apple,0.0184,-0.27920010561973585,0.0,1,Apple market update,0.6931471805599453,17.672253405700978,3,4,2,0,0,0
2025-04-25,208.18,Apple,0.0044,-0.5492904256666689,0.0,1,Apple market update,0.6931471805599453,17.45892969904584,4,4,2,0,1,0
2025-04-28,209.04,Apple,0.0041,0.053687107323992865,0.0,1,Apple market update,0.6931471805599453,17.47246325920318,0,4,2,1,0,0
2025-04-29,210.1,Apple,0.0051,-0.1153549716410444,0.0,1,Apple market update,0.6931471805599453,17.42175814918325,1,4,2,0,0,0
2025-04-30,211.38,Apple,0.0061,0.8909704027271709,0.0,1,Apple market update,0.6931471805599453,17.772248788645218,2,4,2,0,0,0
2025-05-01,212.2,Apple,0.0039,0.25798801493673296,0.0,0,Apple market update,0.6931471805599453,17.864957139135488,3,5,2,0,0,0
2025-05-02,204.27,Apple,-0.0374,1.3833697638036273,0.0,0,Apple market update,0.6931471805599453,18.430736029693616,4,5,2,0,1,0
2025-05-05,197.84,Apple,-0.0315,-0.9878107609264393,0.0,0,Apple market update,0.6931471805599453,18.049885157055776,0,5,2,1,0,0
2025-05-06,197.47,Apple,-0.0019,-0.7738221946735095,0.0,0,Apple market update,0.6931471805599453,17.75157232324328,1,5,2,0,0,0
2025-05-07,195.22,Apple,-0.0114,0.7499370936253897,0.0,1,Apple market update,0.6931471805599453,18.042879940774945,2,5,2,0,0,0
2025-05-08,196.45,Apple,0.0063,-0.7936564156632628,0.0,1,Apple market update,0.6931471805599453,17.737066004961825,3,5,2,0,0,0
2025-05-09,197.49,Apple,0.0053,-0.844824132175843,0.0,1,Apple market update,0.6931471805599453,17.41155903401197,4,5,2,0,1,0
2025-05-12,209.96,Apple,0.0631,1.3690958879717943,0.0,1,Apple market update,0.6931471805599453,17.970884381693754,0,5,2,1,0,0
2025-05-13,212.09,Apple,0.0102,-0.529592794653665,0.0,0,Apple market update,0.6931471805599453,17.76500854209919,1,5,2,0,0,0
2025-05-14,211.49,Apple,-0.0028,-0.1164717574469422,0.0,0,Apple market update,0.6931471805599453,17.713957848970697,2,5,2,0,0,0
2025-05-15,210.61,Apple,-0.0041,-0.22304850364786186,0.0,0,Apple market update,0.6931471805599453,17.622828410715133,3,5,2,0,0,0
2025-05-16,210.43,Apple,-0.0009,0.5156227365397541,0.0,0,Apple market update,0.6931471805599453,17.818066915938445,4,5,2,0,1,0
2025-05-19,207.96,Apple,-0.0117,-0.43620157483100236,0.0,0,Apple market update,0.6931471805599453,17.64720166890841,0,5,2,1,0,0
2025-05-20,206.04,Apple,-0.0092,-0.19949355340852074,0.0,0,Apple market update,0.6931471805599453,17.56493465422577,1,5,2,0,0,0
2025-05-21,201.29,Apple,-0.0231,0.8463477710883415,0.0,0,Apple market update,0.6931471805599453,17.89663142120463,2,5,2,0,0,0
2025-05-22,200.56,Apple,-0.0036,-0.610838468916498,0.0,0,Apple market update,0.6931471805599453,17.660162255032482,3,5,2,0,0,0
2025-05-23,194.5,Apple,-0.0302,1.2759167066582797,0.0,1,Apple market update,0.6931471805599453,18.177754052902092,4,5,2,0,1,0
2025-05-27,199.42,Apple,0.0253,-0.8610806334222667,0.0,1,Apple market update,0.6931471805599453,17.84600082713359,1,5,2,0,0,0
2025-05-28,199.63,Apple,0.001,-0.5572056211745001,0.0,0,Apple market update,0.6931471805599453,17.629693608403475,2,5,2,0,0,0
2025-05-29,199.16,Apple,-0.0023,0.34105370514150346,0.0,1,Apple market update,0.6931471805599453,17.755086491134485,3,5,2,0,0,0
2025-05-30,200.06,Apple,0.0045,0.8199067655898008,0.0,1,Apple market update,0.6931471805599453,18.07565060673686,4,5,2,0,1,0
2025-06-02,200.9,Apple,0.0042,-1.736726976260078,0.0,1,Apple market update,0.6931471805599453,17.38288038191099,0,6,2,1,0,0
2025-06-03,202.47,Apple,0.0078,0.6974693835144932,0.0,0,Apple market update,0.6931471805599453,17.652413408385193,1,6,2,0,0,0
2025-06-04,202.02,Apple,-0.0022,-0.14485387872732627,0.0,0,Apple market update,0.6931471805599453,17.590659470164063,2,6,2,0,0,0
2025-06-05,199.84,Apple,-0.0108,0.612029416649228,0.0,1,Apple market update,0.6931471805599453,17.825133864320946,3,6,2,0,0,0
2025-06-06,203.11,Apple,0.0164,-0.4279749370607871,0.0,0,Apple market update,0.6931471805599453,17.657276342953086,4,6,2,0,1,0
2025-06-09,200.65,Apple,-0.0121,1.115132393080381,0.0,1,Apple market update,0.6931471805599453,18.10408604750757,0,6,2,1,0,0
2025-06-10,201.87,Apple,0.0061,-0.7446352406479939,0.0,0,Apple market update,0.6931471805599453,17.816873246106756,1,6,2,0,0,0
2025-06-11,197.99,Apple,-0.0192,0.30030326782236183,0.0,1,Apple market update,0.6931471805599453,17.9262188510544,2,6,2,0,0,0
2025-06-12,198.41,Apple,0.0021,-0.8531237415523049,0.0,0,Apple market update,0.6931471805599453,17.59752967893173,3,6,2,0,0,0
2025-06-13,195.67,Apple,-0.0138,0.4243495723128113,0.0,1,Apple market update,0.6931471805599453,17.75606856017056,4,6,2,0,1,0
2025-06-16,197.64,Apple,0.01,-0.45751178181155455,0.0,0,Apple market update,0.6931471805599453,17.57719197641773,0,6,2,1,0,0
2025-06-17,194.87,Apple,-0.014,-0.25155757116815336,0.0,1,Apple market update,0.6931471805599453,17.4753782359406,1,6,2,0,0,0
2025-06-18,195.8,Apple,0.0048,0.4168653486469373,0.0,1,Apple market update,0.6931471805599453,17.63090593813782,2,6,2,0,0,0
2025-06-20,200.21,Apple,0.0225,1.795898710524828,0.0,1,Apple market update,0.6931471805599453,18.388297015661827,4,6,2,0,1,0
2025-06-23,200.7,Apple,0.0025,-1.4092710001836835,0.0,0,Apple market update,0.6931471805599453,17.837540684837364,0,6,2,1,0,0
2025-06-24,199.51,Apple,-0.006,-0.06567045772879385,0.0,1,Apple market update,0.6931471805599453,17.805679106432805,1,6,2,0,0,0
2025-06-25,200.76,Apple,0.0063,-0.812890658548393,0.0,0,Apple market update,0.6931471805599453,17.49246167651291,2,6,2,0,0,0
2025-06-26,200.21,Apple,-0.0028,0.6522100115118219,0.0,1,Apple market update,0.6931471805599453,17.743389215541725,3,6,2,0,0,0
2025-06-27,200.29,Apple,0.0004,0.9254075813931361,0.0,1,Apple market update,0.6931471805599453,18.108550242761577,4,6,2,0,1,0
2025-06-30,204.36,Apple,0.0203,0.5957138014149955,0.0,1,Apple market update,0.6931471805599453,18.336350870335053,0,6,2,1,0,0
2025-07-01,207.0,Apple,0.0129,-0.39125202606217097,0.0,1,Apple market update,0.6931471805599453,18.18228269465397,1,7,3,0,0,0
2025-07-02,211.6,Apple,0.0222,-0.37539642180848776,0.0,1,Apple market update,0.6931471805599453,18.034162029029495,2,7,3,0,0,0
2025-07-03,212.71,Apple,0.0052,-1.67366347336435,0.0,0,Apple market update,0.6931471805599453,17.36959499284233,3,7,3,0,0,0
2025-07-07,209.12,Apple,-0.0169,0.9191946937966818,0.0,1,Apple market update,0.6931471805599453,17.73210312701561,0,7,3,1,0,0
2025-07-08,209.18,Apple,0.0003,-0.4040654812194135,0.0,1,Apple market update,0.6931471805599453,17.57319055507122,1,7,3,0,0,0
2025-07-09,210.31,Apple,0.0054,0.35016723683429785,0.0,1,Apple market update,0.6931471805599453,17.702203468153154,2,7,3,0,0,0
2025-07-10,211.57,Apple,0.006,-0.2265575847170448,0.0,0,Apple market update,0.6931471805599453,17.60973155005596,3,7,3,0,0,0
2025-07-11,210.33,Apple,-0.0059,-0.27681033846656333,0.0,0,Apple market update,0.6931471805599453,17.498517829512632,4,7,3,0,1,0
2025-07-14,207.8,Apple,-0.012,-0.043675884243450015,0.0,1,Apple market update,0.6931471805599453,17.474963801795965,0,7,3,1,0,0
2025-07-15,208.28,Apple,0.0023,0.23906696481077178,0.0,1,Apple market update,0.6931471805599453,17.5602101933843,1,7,3,0,0,0
2025-07-16,209.33,Apple,0.005,0.31684110132599497,0.0,0,Apple market update,0.6931471805599453,17.676040270059044,2,7,3,0,0,0
2025-07-17,209.19,Apple,-0.0007,0.05007700337249087,0.0,1,Apple market update,0.6931471805599453,17.6881293342011,3,7,3,0,0,0
2025-07-18,210.35,Apple,0.0055,0.0672955170108446,0.0,1,Apple market update,0.6931471805599453,17.70681237474791,4,7,3,0,1,0
2025-07-21,211.64,Apple,0.0062,0.1431220105329999,0.0,1,Apple market update,0.6931471805599453,17.754708964481825,0,7,3,1,0,0
2025-07-22,213.55,Apple,0.009,-0.25155757116815336,0.0,0,Apple market update,0.6931471805599453,17.65289839691157,1,7,3,0,0,0
2025-07-23,213.3,Apple,-0.0012,0.05110912276180139,0.0,0,Apple market update,0.6931471805599453,17.66543049546293,2,7,3,0,0,0
2025-07-24,212.92,Apple,-0.0018,-0.03639435284223548,0.0,1,Apple market update,0.6931471805599453,17.644643159879184,3,7,3,0,0,0
2025-07-25,213.03,Apple,0.0006,-0.3363123907052288,0.0,1,Apple market update,0.6931471805599453,17.51108755835905,4,7,3,0,1,0
2025-07-28,213.2,Apple,0.0008,-0.14485387872732627,0.0,0,Apple market update,0.6931471805599453,17.449352902562797,0,7,3,1,0,0
2025-07-29,210.44,Apple,-0.013,0.7851657327790376,0.0,0,Apple market update,0.6931471805599453,17.755376350432392,1,7,3,0,0,0
2025-07-30,208.22,Apple,-0.0105,-0.3050319756701413,0.0,0,Apple market update,0.6931471805599453,17.633497593437813,2,7,3,0,0,0
2025-07-31,206.75,Apple,-0.0071,1.3987722672704928,0.0,0,Apple market update,0.6931471805599453,18.20622931891748,3,7,3,0,0,0
2025-08-01,201.58,Apple,-0.025,0.6689826474321162,3.469446951953614e-18,1,Apple market update,0.6931471805599453,18.464070648168505,4,8,3,0,1,0
2025-08-04,202.55,Apple,0.0048,-0.8556535560095576,0.0,0,Apple market update,0.6931471805599453,18.134454957268204,0,8,3,1,0,0
2025-08-05,202.12,Apple,-0.0021,-1.362244557627703,0.0,1,Apple market update,0.6931471805599453,17.603219016279095,1,8,3,0,0,0
2025-08-06,212.41,Apple,0.0509,2.085773070483184,3.469446951953614e-18,1,Apple market update,0.6931471805599453,18.502104967662245,2,8,3,0,0,0
2025-08-07,219.16,Apple,0.0318,-0.4719143302649647,0.0,1,Apple market update,0.6931471805599453,18.317814902893577,3,8,3,0,0,0
2025-08-08,228.44,Apple,0.0424,0.6075760676689007,3.469446951953614e-18,0,Apple market update,0.6931471805599453,18.550427492588195,4,8,3,0,1,0
2025-08-11,226.54,Apple,-0.0083,-1.5507384901217456,0.0,1,Apple market update,0.6931471805599453,17.939512639238103,0,8,3,1,0,0
2025-08-12,229.0,Apple,0.0109,-0.261034794940324,0.0,1,Apple market update,0.6931471805599453,17.83416488922883,1,8,3,0,0,0
2025-08-13,232.67,Apple,0.016,0.5964939447263442,0.0,0,Apple market update,0.6931471805599453,18.062268591941095,2,8,3,0,0,0
2025-08-14,232.12,Apple,-0.0024,-0.7706452164838797,0.0,0,Apple market update,0.6931471805599453,17.76514338360024,3,8,3,0,0,0
2025-08-15,230.94,Apple,-0.0051,0.21640403776302158,0.0,0,Apple market update,0.6931471805599453,17.841553099292902,4,8,3,0,1,0
2025-08-18,230.24,Apple,-0.003,-1.042536833141382,0.0,0,Apple market update,0.6931471805599453,17.43921664947143,0,8,3,1,0,0
2025-08-19,229.91,Apple,-0.0014,0.14878055585481129,0.0,0,Apple market update,0.6931471805599453,17.48934238731768,1,8,3,0,0,0
2025-08-20,225.37,Apple,-0.0197,0.20019221765145545,0.0,0,Apple market update,0.6931471805599453,17.559443875404465,2,8,3,0,0,0
2025-08-21,224.27,Apple,-0.0049,-0.8365438932775843,0.0,1,Apple market update,0.6931471805599453,17.237203170154864,3,8,3,0,0,0
2025-08-22,227.12,Apple,0.0127,0.8359199732052056,0.0,0,Apple market update,0.6931471805599453,17.564492168021353,4,8,3,0,1,0
2025-08-25,226.52,Apple,-0.0026,-0.8189679292189451,0.0,1,Apple market update,0.6931471805599453,17.24895248478031,0,8,3,1,0,0
2025-08-26,228.66,Apple,0.0095,1.3841243424246434,0.0,1,Apple market update,0.6931471805599453,17.815088311062794,1,8,3,0,0,0
2025-08-27,229.84,Apple,0.0051,-1.4246395482433136,0.0,1,Apple market update,0.6931471805599453,17.25783391993832,2,8,3,0,0,0
2025-08-28,231.9,Apple,0.009,0.5205002889177103,0.0,0,Apple market update,0.6931471805599453,17.455060603792802,3,8,3,0,0,0
2025-08-29,231.49,Apple,-0.0018,0.1088291919366041,0.0,0,Apple market update,0.6931471805599453,17.489743295700237,4,8,3,0,1,0
2025-09-02,229.07,Apple,-0.0104,0.3062095225307586,0.0,1,Apple market update,0.6931471805599453,17.601416922003228,1,9,3,0,0,0
2025-09-03,237.8,Apple,0.0381,1.0306519072478586,0.0,1,Apple market update,0.6931471805599453,18.0116262165796,2,9,3,0,0,0
2025-09-04,239.1,Apple,0.0055,-0.8679667715919938,0.0,0,Apple market update,0.6931471805599453,17.677279749610292,3,9,3,0,0,0
2025-09-05,239.01,Apple,-0.0004,0.3859817965920661,0.0,0,Apple market update,0.6931471805599453,17.820484617191433,4,9,3,0,1,0
2025-09-08,237.21,Apple,-0.0076,-0.28189127694340793,0.0,0,Apple market update,0.6931471805599453,17.707320672349578,0,9,3,1,0,0
2025-09-09,233.69,Apple,-0.0148,0.7770410190661748,0.0,0,Apple market update,0.6931471805599453,18.009910101353753,1,9,3,0,0,0
2025-09-10,226.15,Apple,-0.0323,0.6005844130200052,0.0,1,Apple market update,0.6931471805599453,18.239647968323084,2,9,3,0,0,0
2025-09-11,229.38,Apple,0.0143,-1.305973655795764,0.0,1,Apple market update,0.6931471805599453,17.731696904647205,3,9,3,0,0,0
2025-09-12,233.41,Apple,0.0176,0.29186733191654346,0.0,1,Apple market update,0.6931471805599453,17.837718043004102,4,9,3,0,1,0
2025-09-15,236.03,Apple,0.0112,-0.6942469538192572,0.0,1,Apple market update,0.6931471805599453,17.5696977919479,0,9,3,1,0,0
2025-09-16,237.48,Apple,0.0061,0.9967735052827318,0.0,1,Apple market update,0.6931471805599453,17.9653071873779,1,9,3,0,0,0
2025-09-17,238.32,Apple,0.0035,-0.8050416307745173,0.0,0,Apple market update,0.6931471805599453,17.655134920272314,2,9,3,0,0,0
2025-09-18,237.21,Apple,-0.0046,-0.11312305736739629,0.0,1,Apple market update,0.6931471805599453,17.60535691242841,3,9,3,0,0,0
2025-09-19,244.81,Apple,0.032,2.8589442870828017,0.0,1,Apple market update,0.6931471805599453,18.913798307404402,4,9,3,0,1,0
2025-09-22,255.36,Apple,0.0431,-1.1363880149119499,0.0,0,Apple market update,0.6931471805599453,18.47438643566818,0,9,3,1,0,0
2025-09-23,253.71,Apple,-0.0064,-1.4313014505719266,0.0,0,Apple market update,0.6931471805599453,17.914431316741833,1,9,3,0,0,0
2025-09-24,251.6,Apple,-0.0083,-0.919115275070747,0.0,1,Apple market update,0.6931471805599453,17.560385134278956,2,9,3,0,0,0
2025-09-25,256.15,Apple,0.0181,0.6891359669900253,0.0,0,Apple market update,0.6931471805599453,17.8265115721172,3,9,3,0,0,0
2025-09-26,254.74,Apple,-0.0055,-0.4623046147142468,0.0,0,Apple market update,0.6931471805599453,17.645809297692324,4,9,3,0,1,0
2025-09-29,253.71,Apple,-0.004,-0.34886782726791327,0.0,1,Apple market update,0.6931471805599453,17.50757745179067,0,9,3,1,0,0
2025-09-30,253.91,Apple,0.0008,-0.14626810339731158,0.0,1,Apple market update,0.6931471805599453,17.44528473079169,1,9,3,0,0,0
2025-10-01,254.73,Apple,0.0032,0.6650385848131434,0.0,1,Apple market update,0.6931471805599453,17.70147498880059,2,10,4,0,0,0
2025-10-02,256.4,Apple,0.0066,-0.3360069011158745,0.0,1,Apple market update,0.6931471805599453,17.56807350371972,3,10,4,0,0,0
2025-10-03,257.29,Apple,0.0035,0.3840214730299138,0.0,0,Apple market update,0.6931471805599453,17.710501355338465,4,10,4,0,1,0
2025-10-06,255.97,Apple,-0.0052,-0.2356459796575479,0.0,0,Apple market update,0.6931471805599453,17.61468062729881,0,10,4,1,0,0
2025-10-07,255.76,Apple,-0.0008,-0.8690552665839704,-3.469446951953614e-18,1,Apple market update,0.6931471805599453,17.279864287252124,1,10,4,0,0,0
2025-10-08,257.33,Apple,0.0062,0.3599003036904697,0.0,0,Apple market update,0.6931471805599453,17.412737910838572,2,10,4,0,0,0
2025-10-09,253.32,Apple,-0.0156,0.14533814006776316,0.0,0,Apple market update,0.6931471805599453,17.461534727866454,3,10,4,0,0,0
2025-10-10,244.58,Apple,-0.0345,1.1933742238552256,3.469446951953614e-18,1,Apple market update,0.6931471805599453,17.94263044290424,4,10,4,0,1,0
2025-10-13,246.96,Apple,0.0097,-1.2516191864679667,0.0,1,Apple market update,0.6931471805599453,17.456850217121282,0,10,4,1,0,0
2025-10-14,247.07,Apple,0.0004,-0.17330303503246527,0.0,1,Apple market update,0.6931471805599453,17.384423372217505,1,10,4,0,0,0
2025-10-15,248.64,Apple,0.0063,-0.10227410478567751,0.0,0,Apple market update,0.6931471805599453,17.33873679347112,2,10,4,0,0,0
2025-10-16,246.75,Apple,-0.0076,0.42818731121713477,0.0,1,Apple market update,0.6931471805599453,17.49879943890512,3,10,4,0,0,0
2025-10-17,251.58,Apple,0.0196,0.5558918653943156,0.0,1,Apple market update,0.6931471805599453,17.71032638540182,4,10,4,0,1,0
2025-10-20,261.5,Apple,0.0394,1.481490586502917,0.0,1,Apple market update,0.6931471805599453,18.320672556772948,0,10,4,1,0,0
2025-10-21,262.03,Apple,0.002,-1.666656174655874,0.0,0,Apple market update,0.6931471805599453,17.659166945767577,1,10,4,0,0,0
2025-10-22,257.72,Apple,-0.0164,-0.07826151005743903,0.0,1,Apple market update,0.6931471805599453,17.62251301216236,2,10,4,0,0,0
2025-10-23,258.85,Apple,0.0044,-0.8254142014795631,0.0,1,Apple market update,0.6931471805599453,17.304563157704223,3,10,4,0,0,0
2025-10-24,262.08,Apple,0.0125,0.4160081556697738,0.0,1,Apple market update,0.6931471805599453,17.459750871725984,4,10,4,0,1,0
2025-10-27,268.05,Apple,0.0228,0.427761273235925,0.0,1,Apple market update,0.6931471805599453,17.619685534214362,0,10,4,1,0,0
2025-10-28,268.24,Apple,0.0007,-0.1870819275024988,-3.469446951953614e-18,1,Apple market update,0.6931471805599453,17.54204221210383,1,10,4,0,0,0
2025-10-29,268.94,Apple,0.0026,0.5447022625160737,0.0,1,Apple market update,0.6931471805599453,17.74903476689875,2,10,4,0,0,0
2025-10-30,270.63,Apple,0.0063,0.8027055432434487,0.0,0,Apple market update,0.6931471805599453,18.062383069813155,3,10,4,0,0,0
2025-10-31,269.61,Apple,-0.0038,0.5507048974654947,0.0,0,Apple market update,0.6931471805599453,18.2717990038509,4,10,4,0,1,0
2025-11-03,268.29,Apple,-0.0049,-1.3844590548737943,0.0,1,Apple market update,0.6931471805599453,17.731418029077265,0,11,4,1,0,0
2025-11-04,269.28,Apple,0.0037,-0.030211257833507407,0.0,1,Apple market update,0.6931471805599453,17.712923372435796,1,11,4,0,0,0
2025-11-05,269.38,Apple,0.0004,-0.3014119329548095,0.0,0,Apple market update,0.6931471805599453,17.592471880470743,2,11,4,0,0,0
2025-11-06,269.01,Apple,-0.0014,0.4252030642404466,0.0,0,Apple market update,0.6931471805599453,17.75132823148786,3,11,4,0,0,0
2025-11-07,267.71,Apple,-0.0048,-0.13976983783096053,0.0,1,Apple market update,0.6931471805599453,17.69143790297135,4,11,4,0,1,0
2025-11-10,268.93,Apple,0.0045,-0.3931234454102259,0.0,1,Apple market update,0.6931471805599453,17.53667327920417,0,11,4,1,0,0
2025-11-11,274.74,Apple,0.0216,0.30711659463810603,0.0,0,Apple market update,0.6931471805599453,17.648670015236966,1,11,4,0,0,0
2025-11-12,272.96,Apple,-0.0065,0.13892924669753207,0.0,0,Apple market update,0.6931471805599453,17.69496906918103,2,11,4,0,0,0
2025-11-13,272.44,Apple,-0.0019,0.08259079625316004,0.0,0,Apple market update,0.6931471805599453,17.71955786187488,3,11,4,0,0,0
2025-11-14,271.9,Apple,-0.002,-0.09977795079714441,0.0,0,Apple market update,0.6931471805599453,17.674792927374263,4,11,4,0,1,0
2025-11-17,266.96,Apple,-0.0182,-0.1195457675834847,0.0,0,Apple market update,0.6931471805599453,17.62257965394797,0,11,4,1,0,0
2025-11-18,266.94,Apple,-0.0001,0.05626179229071962,0.0,1,Apple market update,0.6931471805599453,17.63711203662774,1,11,4,0,0,0
2025-11-19,268.06,Apple,0.0042,-0.30593777730181915,0.0,0,Apple market update,0.6931471805599453,17.51494661950463,2,11,4,0,0,0
2025-11-20,265.76,Apple,-0.0086,0.34105370514150346,0.0,1,Apple market update,0.6931471805599453,17.640309822036894,3,11,4,0,0,0
2025-11-21,270.99,Apple,0.0197,0.6578805118498251,0.0,1,Apple market update,0.6931471805599453,17.893569916496315,4,11,4,0,1,0
2025-11-24,275.41,Apple,0.0163,0.2900385531554231,0.0,1,Apple market update,0.6931471805599453,17.9988697823153,0,11,4,1,0,0
2025-11-25,276.46,Apple,0.0038,-0.8697811132820474,0.0,1,Apple market update,0.6931471805599453,17.663830980760878,1,11,4,0,0,0
2025-11-26,277.04,Apple,0.0021,-0.8795944051378659,0.0,1,Apple market update,0.6931471805599453,17.325006165983595,2,11,4,0,0,0
2025-11-28,278.33,Apple,0.0047,-1.303543359463534,0.0,1,Apple market update,0.6931471805599453,16.818000000344707,4,11,4,0,1,0
2025-12-01,282.58,Apple,0.0152,1.9642530185948237,0.0,1,Apple market update,0.6931471805599453,17.65684713722238,0,12,4,1,0,0
2025-12-02,285.66,Apple,0.0109,0.3816228229418804,0.0,0,Apple market update,0.6931471805599453,17.79835544655063,1,12,4,0,0,0
2025-12-03,283.62,Apple,-0.0071,-0.5384407622498084,0.0,0,Apple market update,0.6931471805599453,17.589160778690797,2,12,4,0,0,0
2025-12-04,280.18,Apple,-0.0121,0.0451671955003192,0.0,0,Apple market update,0.6931471805599453,17.599452456653243,3,12,4,0,0,0
2025-12-05,278.26,Apple,-0.0068,0.20473539446933453,0.0,0,Apple market update,0.6931471805599453,17.671297568698975,4,12,4,0,1,0
2025-12-08,277.37,Apple,-0.0032,-0.5476440273739049,0.0,0,Apple market update,0.6931471805599453,17.458654952570345,0,12,4,1,0,0
2025-12-09,276.67,Apple,-0.0026,-0.43746934399409315,0.0,1,Apple market update,0.6931471805599453,17.28726894539233,1,12,4,0,0,0
2025-12-10,278.26,Apple,0.0058,0.08588945683158257,0.0,0,Apple market update,0.6931471805599453,17.31317808277671,2,12,4,0,0,0
2025-12-11,277.51,Apple,-0.0027,0.03479146702670632,0.0,1,Apple market update,0.6931471805599453,17.319505202958087,3,12,4,0,0,0
2025-12-12,277.76,Apple,0.0009,0.46071201093876935,0.0,0,Apple market update,0.6931471805599453,17.492643819880936,4,12,4,0,1,0
2025-12-15,273.6,Apple,-0.015,0.6329922924920212,0.0,1,Apple market update,0.6931471805599453,17.735682292136648,0,12,4,1,0,0
2025-12-16,274.1,Apple,0.0018,-0.7569124092668646,0.0,0,Apple market update,0.6931471805599453,17.44380635348527,1,12,4,0,0,0
2025-12-17,271.34,Apple,-0.0101,0.7384050707040626,0.0,1,Apple market update,0.6931471805599453,17.730303742899704,2,12,4,0,0,0
2025-12-18,271.69,Apple,0.0013,0.09499596984578304,0.0,1,Apple market update,0.6931471805599453,17.759627034141154,3,12,4,0,0,0
2025-12-19,273.16,Apple,0.0054,2.343783039143775,0.0,0,Apple market update,0.6931471805599453,18.789703150258088,4,12,4,0,1,0
2025-12-22,270.47,Apple,-0.0099,-2.953433399972569,0.0,1,Apple market update,0.6931471805599453,17.41478803693042,0,12,4,1,0,0
2025-12-23,271.85,Apple,0.0051,-0.5407389437117103,0.0,1,Apple market update,0.6931471805599453,17.20470286623491,1,12,4,0,0,0
2025-12-24,273.3,Apple,0.0053,-1.2958563525168951,0.0,0,Apple market update,0.6931471805599453,16.700903330146133,2,12,4,0,0,0
2025-12-26,272.89,Apple,-0.0015,0.4869190332530952,0.0,1,Apple market update,0.6931471805599453,16.88457697934716,4,12,4,0,1,0
2025-12-29,273.25,Apple,0.0013,0.26911512743609783,-3.469446951953614e-18,0,Apple market update,0.6931471805599453,16.981626792906226,0,12,4,1,0,0
2025-12-30,272.57,Apple,-0.0025,-0.16330637579224352,-3.469446951953614e-18,0,Apple market update,0.6931471805599453,16.912878463402155,1,12,4,0,0,0
2025-12-31,271.36,Apple,-0.0045,0.550305311892255,-3.469446951953614e-18,0,Apple market update,0.6931471805599453,17.122162837075848,2,12,4,0,0,0
2026-01-02,270.51,Apple,-0.0031,0.8343764065590145,0.0,0,Apple market update,0.6931471805599453,17.448827115899213,4,1,1,0,1,0
2026-01-05,266.76,Apple,-0.0138,0.49680899514785215,0.0,0,Apple market update,0.6931471805599453,17.636452848777147,0,1,1,1,0,0
2026-01-06,261.87,Apple,-0.0183,0.3704628321385537,0.0,0,Apple market update,0.6931471805599453,17.77350262819086,1,1,1,0,0,0
2026-01-07,259.85,Apple,-0.0077,-0.19429015971397476,0.0,0,Apple market update,0.6931471805599453,17.69314501729213,2,1,1,0,0,0
2026-01-08,258.56,Apple,-0.005,0.12977320525480462,0.0,1,Apple market update,0.6931471805599453,17.735884616081737,3,1,1,0,0,0
2026-01-09,258.89,Apple,0.0013,-0.5977610818293962,0.0,1,Apple market update,0.6931471805599453,17.504315034267446,4,1,1,0,1,0
2026-01-12,259.77,Apple,0.0034,0.3368158394922036,0.0,1,Apple market update,0.6931471805599453,17.628018176083987,0,1,1,1,0,0
2026-01-13,260.57,Apple,0.0031,0.0451671955003192,0.0,0,Apple market update,0.6931471805599453,17.638282611334763,1,1,1,0,0,0
2026-01-14,259.48,Apple,-0.0042,-0.3360069011158745,0.0,0,Apple market update,0.6931471805599453,17.504874919491606,2,1,1,0,0,0
2026-01-15,257.73,Apple,-0.0067,-0.023511034502381217,0.0,0,Apple market update,0.6931471805599453,17.488987017687773,3,1,1,0,0,0
2026-01-16,255.06,Apple,-0.0104,1.4701746883945546,0.0,0,Apple market update,0.6931471805599453,18.094158059966198,4,1,1,0,1,0
2026-01-20,246.24,Apple,-0.0346,0.29369440323283963,3.469446951953614e-18,1,Apple market update,0.6931471805599453,18.20087537719508,1,1,1,0,0,0
2026-01-21,247.19,Apple,0.0039,-0.9975664826722219,0.0,1,Apple market update,0.6931471805599453,17.81630790378178,2,1,1,0,0,0
2026-01-22,247.89,Apple,0.0028,-0.8286417806687271,0.0,0,Apple market update,0.6931471805599453,17.497070816999475,3,1,1,0,0,0
2026-01-23,247.58,Apple,-0.0012,0.14509202524612413,0.0,1,Apple market update,0.6931471805599453,17.545747886988917,4,1,1,0,1,0
2026-01-26,254.94,Apple,0.0297,0.7576450361487023,0.0,1,Apple market update,0.6931471805599453,17.84031211526091,0,1,1,1,0,0
2026-01-27,257.79,Apple,0.0112,-0.2996038095283768,0.0,0,Apple market update,0.6931471805599453,17.720474728333198,1,1,1,0,0,0
2026-01-28,255.96,Apple,-0.0071,-0.4722352065865467,0.0,1,Apple market update,0.6931471805599453,17.536082483030814,2,1,1,0,0,0
2026-01-29,257.8,Apple,0.0072,1.2088908293886658,0.0,1,Apple market update,0.6931471805599453,18.023972199985895,3,1,1,0,0,0
2026-01-30,259.0,Apple,0.0046,0.814190898874098,0.0,1,Apple market update,0.6931471805599453,18.342107134125946,4,1,1,0,1,0
2026-02-02,269.51,Apple,0.0406,-0.5767517087902634,3.469446951953614e-18,0,Apple market update,0.6931471805599453,18.11840470912656,0,2,1,1,0,0
2026-02-03,268.98,Apple,-0.002,-0.34794712597575556,0.0,1,Apple market update,0.6931471805599453,17.980541905080486,1,2,1,0,0,0
2026-02-04,275.98,Apple,0.026,0.8680376426625397,0.0,0,Apple market update,0.6931471805599453,18.32136526463435,2,2,1,0,0,0
2026-02-05,275.4,Apple,-0.0021,-1.3737494461394544,0.0,1,Apple market update,0.6931471805599453,17.78537598435726,3,2,1,0,0,0
2026-02-06,277.6,Apple,0.008,-0.11033627138664659,0.0,0,Apple market update,0.6931471805599453,17.736560715772196,4,2,1,0,1,0
2026-02-09,274.37,Apple,-0.0117,-0.30775032988631146,0.0,0,Apple market update,0.6931471805599453,17.613768965489324,0,2,1,1,0,0
2026-02-10,273.43,Apple,-0.0034,-0.6753336632519601,0.0,1,Apple market update,0.6931471805599453,17.352895414240102,1,2,1,0,0,0
2026-02-11,275.25,Apple,0.0067,1.036031838408124,0.0,0,Apple market update,0.6931471805599453,17.765432268462582,2,2,1,0,0,0
2026-02-12,261.49,Apple,-0.05,1.1120469331546512,3.469446951953614e-18,0,Apple market update,0.6931471805599453,18.210912357491907,3,2,1,0,0,0
2026-02-13,255.54,Apple,-0.0227,-0.9468127343582201,0.0,1,Apple market update,0.6931471805599453,17.84603991072916,4,2,1,0,1,0
2026-02-17,263.64,Apple,0.0317,0.1173330130447441,3.469446951953614e-18,1,Apple market update,0.6931471805599453,17.88400898462746,1,2,1,0,0,0
2026-02-18,264.11,Apple,0.0018,-1.3741608822415736,0.0,0,Apple market update,0.6931471805599453,17.34783271784287,2,2,1,0,0,0
2026-02-19,260.34,Apple,-0.0143,-0.2556994463694211,0.0,1,Apple market update,0.6931471805599453,17.24449497904803,3,2,1,0,0,0
2026-02-20,264.34,Apple,0.0154,0.7955344158216844,0.0,1,Apple market update,0.6931471805599453,17.55485736421935,4,2,1,0,1,0
2026-02-23,265.93,Apple,0.006,-0.30050771310182955,0.0,1,Apple market update,0.6931471805599453,17.43472372639881,0,2,1,1,0,0
2026-02-24,271.89,Apple,0.0224,0.6042776840233745,0.0,1,Apple market update,0.6931471805599453,17.665968771004106,1,2,1,0,0,0
2026-02-25,273.98,Apple,0.0077,-0.8632537735267157,0.0,0,Apple market update,0.6931471805599453,17.3334326673243,2,2,1,0,0,0
2026-02-26,272.7,Apple,-0.0047,-0.09092534669985629,0.0,0,Apple market update,0.6931471805599453,17.29197313003998,3,2,1,0,0,0
2026-02-27,263.94,Apple,-0.0321,1.8953508864016602,0.0,1,Apple market update,0.6931471805599453,18.09725405691017,4,2,1,0,1,0
2026-03-02,264.48,Apple,0.002,-1.4030552579164146,0.0,0,Apple market update,0.6931471805599453,17.549074162862205,0,3,1,1,0,0
2026-03-03,263.51,Apple,-0.0037,-0.19631236161995388,0.0,0,Apple market update,0.6931471805599453,17.467956836130547,1,3,1,0,0,0
2026-03-04,262.28,Apple,-0.0047,0.10054074177323226,0.0,0,Apple market update,0.6931471805599453,17.499455381792348,2,3,1,0,0,0
2026-03-05,260.05,Apple,-0.0085,0.5796494198846684,0.0,0,Apple market update,0.6931471805599453,17.720682166080817,3,3,1,0,0,0
2026-03-06,257.22,Apple,-0.0109,-0.48348834567876225,0.0,1,Apple market update,0.6931471805599453,17.53200520343025,4,3,1,0,1,0
2026-03-09,259.64,Apple,0.0094,-0.17530747070505093,0.0,1,Apple market update,0.6931471805599453,17.458830275703757,0,3,1,1,0,0
2026-03-10,260.59,Apple,0.0037,-0.5740940638701978,0.0,0,Apple market update,0.6931471805599453,17.23620990081205,1,3,1,0,0,0
2026-03-11,260.57,Apple,-0.0001,-0.3915638407359338,0.0,0,Apple market update,0.6931471805599453,17.081991120852358,2,3,1,0,0,0
2026-03-12,255.52,Apple,-0.0194,1.1042358036391864,0.0,0,Apple market update,0.6931471805599453,17.52404559425006,3,3,1,0,0,0
2026-03-13,249.89,Apple,-0.0221,-0.2453576152744505,0.0,1,Apple market update,0.6931471805599453,17.424534813907,4,3,1,0,1,0
2026-03-16,252.59,Apple,0.0108,-0.35624487402764404,0.0,1,Apple market update,0.6931471805599453,17.283562557789377,0,3,1,1,0,0
2026-03-17,254.0,Apple,0.0056,0.04180094162332109,0.0,0,Apple market update,0.6931471805599453,17.29248312359081,1,3,1,0,0,0
2026-03-18,249.71,Apple,-0.0169,0.27603767010446045,0.0,0,Apple market update,0.6931471805599453,17.39228180967885,2,3,1,0,0,0
2026-03-19,248.73,Apple,-0.0039,-0.04827336822276324,0.0,0,Apple market update,0.6931471805599453,17.36696823313343,3,3,1,0,0,0
2026-03-20,247.76,Apple,-0.0039,2.1471422736437904,0.0,1,Apple market update,0.6931471805599453,18.296602823264937,4,3,1,0,1,0
2026-03-23,251.26,Apple,0.0141,-1.922819450066835,0.0,1,Apple market update,0.6931471805599453,17.51795018100505,0,3,1,1,0,0
2026-03-24,251.41,Apple,0.0006,0.2959758455796225,0.0,1,Apple market update,0.6931471805599453,17.625551799983825,1,3,1,0,0,0
2026-03-25,252.39,Apple,0.0039,-1.1900550212786447,0.0,1,Apple market update,0.6931471805599453,17.16459680212442,2,3,1,0,0,0
2026-03-26,252.66,Apple,0.0011,0.969107024880737,0.0,0,Apple market update,0.6931471805599453,17.54832797093539,3,3,1,0,0,0
2026-03-27,248.57,Apple,-0.0162,0.3684867340554651,0.0,0,Apple market update,0.6931471805599453,17.68462608325797,4,3,1,0,1,0
2026-03-30,246.4,Apple,-0.0087,-0.4983446724801296,0.0,1,Apple market update,0.6931471805599453,17.490448301506298,0,3,1,1,0,0
2026-03-31,253.56,Apple,0.029,0.5988324411331681,0.0,1,Apple market update,0.6931471805599453,17.719463104671895,1,3,1,0,0,0
2026-04-01,255.39,Apple,0.0073,-0.5499492360466994,0.0,1,Apple market update,0.6931471805599453,17.505873935519013,2,4,2,0,0,0
2026-04-02,255.68,Apple,0.0011,-0.6388523274254079,0.0,1,Apple market update,0.6931471805599453,17.258789971965502,3,4,2,0,0,0
2026-04-06,258.62,Apple,0.0115,-0.15250098068489998,0.0,0,Apple market update,0.6931471805599453,17.19411806556437,0,4,2,1,0,0
2026-04-07,253.27,Apple,-0.0207,1.782305379327702,3.469446951953614e-18,1,Apple market update,0.6931471805599453,17.945029211284652,1,4,2,0,0,0
2026-04-08,258.66,Apple,0.0213,-1.0753630777608807,0.0,1,Apple market update,0.6931471805599453,17.529882329209894,2,4,2,0,0,0
2026-04-09,260.25,Apple,0.0061,-0.9803233555264527,0.0,0,Apple market update,0.6931471805599453,17.152048557852172,3,4,2,0,0,0
2026-04-13,258.96,Apple,-0.0049,0.39467039503393997,0.0,0,Apple market update,0.6931471805599453,17.405527808801118,0,4,2,1,0,0
2026-04-14,258.59,Apple,-0.0014,0.7439998570322014,0.0,1,Apple market update,0.6931471805599453,17.694404837148152,1,4,2,0,0,0
2026-04-15,266.18,Apple,0.0294,0.10028903967946148,0.0,0,Apple market update,0.6931471805599453,17.725802085248933,2,4,2,0,0,0
2026-04-16,263.16,Apple,-0.0114,-0.35778431856537757,0.0,1,Apple market update,0.6931471805599453,17.584196561099258,3,4,2,0,0,0
2026-04-17,269.98,Apple,0.0259,0.8881403749412187,0.0,1,Apple market update,0.6931471805599453,17.93350981220968,4,4,2,0,1,0
2026-04-20,272.8,Apple,0.0104,-1.3307585634514247,0.0,0,Apple market update,0.6931471805599453,17.415291030284482,0,4,2,1,0,0
2026-04-21,265.93,Apple,-0.0252,0.8100227045316688,0.0,1,Apple market update,0.6931471805599453,17.73172080464912,1,4,2,0,0,0
2026-04-22,272.92,Apple,0.0263,-0.3781877809961861,0.0,1,Apple market update,0.6931471805599453,17.582489317183075,2,4,2,0,0,0
2026-04-23,273.18,Apple,0.001,-0.6688254368960207,0.0,0,Apple market update,0.6931471805599453,17.324054511767788,3,4,2,0,0,0
2026-04-24,270.81,Apple,-0.0087,0.360562148857123,0.0,0,Apple market update,0.6931471805599453,17.457222432056845,4,4,2,0,1,0
2026-04-27,267.36,Apple,-0.0127,0.23366099251875075,0.0,1,Apple market update,0.6931471805599453,17.540403689145837,0,4,2,1,0,0
2026-04-28,270.46,Apple,0.0116,-0.0752439884146958,0.0,0,Apple market update,0.6931471805599453,17.50486242547343,1,4,2,0,0,0
2026-04-29,269.92,Apple,-0.002,-0.7432349735602743,0.0,1,Apple market update,0.6931471805599453,17.218303366256265,2,4,2,0,0,0
2026-04-30,271.1,Apple,0.0044,2.509886118015959,0.0,1,Apple market update,0.6931471805599453,18.335647783151614,3,4,2,0,0,0
2026-05-01,279.88,Apple,0.0324,-0.35132458358948987,0.0,0,Apple market update,0.6931471805599453,18.196479145603746,4,5,2,0,1,0
2026-05-04,276.58,Apple,-0.0118,-1.37827731951908,0.0,1,Apple market update,0.6931471805599453,17.658577855500607,0,5,2,1,0,0
2026-05-05,283.92,Apple,0.0266,0.16151476351908628,0.0,1,Apple market update,0.6931471805599453,17.71367195365076,1,5,2,0,0,0
2026-05-06,287.25,Apple,0.0117,0.44810542782861573,0.0,0,Apple market update,0.6931471805599453,17.88173168780845,2,5,2,0,0,0
2026-05-07,287.18,Apple,-0.0002,-0.6589170096367923,0.0,1,Apple market update,0.6931471805599453,17.627145133073117,3,5,2,0,0,0
2026-05-08,293.05,Apple,0.0205,0.40999711435550446,0.0,0,Apple market update,0.6931471805599453,17.779989400764936,4,5,2,0,1,0
2026-05-11,292.68,Apple,-0.0013,-0.5694487188455786,0.0,1,Apple market update,0.6931471805599453,17.559051028070133,0,5,2,1,0,0
2026-05-12,294.8,Apple,0.0072,0.22469676474576752,0.0,1,Apple market update,0.6931471805599453,17.638660840627594,1,5,2,0,0,0
2026-05-13,298.87,Apple,0.0138,0.38074984926194433,0.0,0,Apple market update,0.6931471805599453,17.779828075394295,2,5,2,0,0,0
2026-05-14,298.21,Apple,-0.0022,-1.0360803930645455,0.0,1,Apple market update,0.6931471805599453,17.380098683983167,3,5,2,0,0,0
2026-05-15,300.23,Apple,0.0068,1.1000952112624913,0.0,0,Apple market update,0.6931471805599453,17.820346099406958,4,5,2,0,1,0
2026-05-18,297.84,Apple,-0.008,-1.198738403731144,0.0,1,Apple market update,0.6931471805599453,17.355977035935233,0,5,2,1,0,0
2026-05-19,298.97,Apple,0.0038,0.5348569725873876,0.0,1,Apple market update,0.6931471805599453,17.558963444675594,1,5,2,0,0,0
2026-05-20,302.25,Apple,0.011,-0.24624237894411047,0.0,1,Apple market update,0.6931471805599453,17.459125900322924,2,5,2,0,0,0
2026-05-21,304.99,Apple,0.0091,0.31932100251384565,0.0,1,Apple market update,0.6931471805599453,17.57589873947731,3,5,2,0,0,0
2026-05-22,308.82,Apple,0.0126,0.06088793407605416,0.0,0,Apple market update,0.6931471805599453,17.592176528153235,4,5,2,0,1,0
2026-05-26,308.33,Apple,-0.0016,0.2628638876087643,0.0,1,Apple market update,0.6931471805599453,17.686722006317694,1,5,2,0,0,0
2026-05-27,310.85,Apple,0.0082,0.14681419028204526,0.0,1,Apple market update,0.6931471805599453,17.736114660242702,2,5,2,0,0,0
2026-05-28,312.51,Apple,0.0053,-0.09977795079714441,0.0,0,Apple market update,0.6931471805599453,17.691292746734153,3,5,2,0,0,0
2026-05-29,312.06,Apple,-0.0014,0.9440808842277817,0.0,0,Apple market update,0.6931471805599453,18.064388598165642,4,5,2,0,1,0
2026-06-01,306.31,Apple,-0.0184,-0.934600333652665,0.0,1,Apple market update,0.6931471805599453,17.704262909838935,0,6,2,1,0,0
2026-06-02,315.2,Apple,0.029,-0.2265575847170448,0.0,0,Apple market update,0.6931471805599453,17.611779241004978,1,6,2,0,0,0
2026-06-03,310.26,Apple,-0.0157,0.35857593605696464,0.0,1,Apple market update,0.6931471805599453,17.744129112329578,2,6,2,0,0,0
2026-06-04,311.23,Apple,0.0031,-0.3131955840357607,0.0,0,Apple market update,0.6931471805599453,17.61925994209288,3,6,2,0,0,0
2026-06-05,307.34,Apple,-0.0125,0.9495649516193544,0.0,0,Apple market update,0.6931471805599453,17.994663392956443,4,6,2,0,1,0
2026-06-08,301.54,Apple,-0.0189,0.47011287774766897,3.469446951953614e-18,0,Apple market update,0.6931471805599453,18.171566620367557,0,6,2,1,0,0
2026-06-09,290.55,Apple,-0.0364,-0.262815765443921,3.469446951953614e-18,1,Apple market update,0.6931471805599453,18.06555889333958,1,6,2,0,0,0
2026-06-10,291.58,Apple,0.0035,-0.7355439051545737,0.0,1,Apple market update,0.6931471805599453,17.781894865627176,2,6,2,0,0,0
2026-06-11,295.63,Apple,0.0139,-0.5542350010477667,0.0,0,Apple market update,0.6931471805599453,17.566719086372238,3,6,2,0,0,0
2026-06-12,291.13,Apple,-0.0152,-0.23153738760591505,0.0,1,Apple market update,0.6931471805599453,17.47243744782309,4,6,2,0,1,0
2026-06-15,296.42,Apple,0.0182,0.4426167702137142,0.0,1,Apple market update,0.6931471805599453,17.638321971340204,0,6,2,1,0,0
2026-06-16,299.24,Apple,0.0095,-0.34580005800713826,0.0,0,Apple market update,0.6931471805599453,17.501245097012877,1,6,2,0,0,0
2026-06-17,295.95,Apple,-0.011,0.19875535928104263,0.0,1,Apple market update,0.6931471805599453,17.570765150289137,2,6,2,0,0,0
2026-06-18,298.01,Apple,0.007,1.6719008681936534,0.0,0,Apple market update,0.6931471805599453,18.26941823434331,3,6,2,0,0,0
2026-06-22,297.01,Apple,-0.0034,-1.6404660722611801,0.0,0,Apple market update,0.6931471805599453,17.61950061329393,0,6,2,1,0,0
2026-06-23,294.3,Apple,-0.0091,0.39661996144322414,0.0,0,Apple market update,0.6931471805599453,17.76696388919082,1,6,2,0,0,0
2026-06-24,293.08,Apple,-0.0041,0.07164102716320767,0.0,0,Apple market update,0.6931471805599453,17.78734658065284,2,6,2,0,0,0
2026-06-25,275.15,Apple,-0.0612,1.67718548221568,3.469446951953614e-18,1,Apple market update,0.6931471805599453,18.48846743095787,3,6,2,0,0,0
2026-06-26,283.78,Apple,0.0314,2.077014161356783,3.469446951953614e-18,0,Apple market update,0.6931471805599453,19.38299782799329,4,6,2,0,1,0
2026-06-29,281.74,Apple,-0.0072,-2.9485661914707957,0.0,1,Apple market update,0.6931471805599453,18.01161417335665,0,6,2,1,0,0
2026-06-30,289.36,Apple,0.027,-0.0347796255907788,0.0,1,Apple market update,0.6931471805599453,17.991438194731636,1,6,2,0,0,0
2026-07-01,294.38,Apple,0.0173,-0.6746479715017413,0.0,1,Apple market update,0.6931471805599453,17.730812202775557,2,7,3,0,0,0
2026-07-02,308.63,Apple,0.0484,1.0229380920358453,3.469446951953614e-18,1,Apple market update,0.6931471805599453,18.137691655537644,3,7,3,0,0,0
2026-07-06,312.66,Apple,0.0131,-0.8846933102393328,0.0,0,Apple market update,0.6931471805599453,17.79687306013123,0,7,3,1,0,0
2026-07-07,310.66,Apple,-0.0064,-0.5990998315871965,0.0,1,Apple market update,0.6931471805599453,17.564779335625943,1,7,3,0,0,0
2026-07-08,313.39,Apple,0.0088,-0.05505237658383587,0.0,1,Apple market update,0.6931471805599453,17.536941927571238,2,7,3,0,0,0
2026-07-09,316.22,Apple,0.009,0.40892174066139875,0.0,0,Apple market update,0.6931471805599453,17.689301981687297,3,7,3,0,0,0
2026-07-10,315.32,Apple,-0.0028,-0.8934510318572251,0.0,0,"The Cutthroat Smartphone Industry And DRAM Crisis Force A Player Out Of The U . S . Market , Giving Apple & Samsung Additional Room To Reap Profits | 美股半导体大跌 ！ 闪迪跌超10 % 存储板块领跌 _ 新闻频道 _ 中华网 | 还在找OKX Wallet Ondo代币化股票 开户教程怎么买 ？ 这份交易入口和避坑要点先收藏 『 欧易开户邀请码 _ EA888 』 - 链上小能手 | Stocks Down , US - Iran War Action Up : Stock Market Today | OKX App xStocks 行情到底值不值得做 ？ 费用 、 流动性和风险一次看懂 _ 美股代币化保姆级教程 - 链上小能手 | Here Why Oracle Stock Slumped Today | The Motley Fool |  [ 미국 특징주 ] 애플 , AI 투자 회의론 속 투자자 귀환 힘입어 시총 6000억달러 급증 | RSP Equal - Weight Trap : How a $10 , 000 Investment Lost $27 , 800 to Fees and Rebalancing Drag Over a Decade | Meta加码AI基建 ： 追加400亿美元 ！ 股价应声下跌 | Netflix Earnings Preview Q2 2026 : Ad Growth or Engagement Story ?  | Apple ( NASDAQ : AAPL ) Surges $600 Billion In Market Value As Investors Flee AI Spending Fears | 全球市场 ： 美股三大指数集体收跌 存储概念股普跌 国际油价大涨超9 % _ 东方财富网 | States sue to stop Paramount - Warner Bros blockbuster merger | States sue to stop Paramount - Warner Bros blockbuster merger |  [ 사설 ] 물가 흔든 반도체발 칩플레이션 , 부작용 최소화해야 | States sue to stop Paramount - Warner Bros blockbuster merger | Elon Musk et Sam Altman saffrontent publiquement sur X ( ex - Twitter ) après quApple a intenté une action en justice contre OpenAI , Elon Musk affuble son ancien partenaire du surnom « Scam Altman »  | ارتفاع القيمة السوقية لـ  أبل  بمقدار 650 مليار دولار منذ 25 يونيو | Morgan Stanley Warns of  Chipflation  as Hyperscalers Invest More in Compute Capacity : 2 No - Brainer Artificial Intelligence ( AI ) Chip Stocks to Buy Right Now | Apple  ın Broadcom ile çip anlaşmasının değerinin 30 milyar doları aşm | States sue to stop Paramount - Warner Bros blockbuster merger | FinancialContent - Marvell Technology , Vishay Intertechnology , and Allegro MicroSystems Stocks Trade Down , What You Need To Know | States sue to stop Paramount - Warner Bros blockbuster merger | States sue to stop Paramount - Warner Bros blockbuster merger | Wall Street closes lower as chip selloff and oil surge weigh on markets | OnePlus is ending its US operations pretty soon , says report | States sue to stop Paramount - Warner Bros blockbuster merger | States sue to stop Paramount - Warner Bros blockbuster merger | States sue to stop Paramount - Warner Bros blockbuster merger | Technology Stocks To Watch Now – July 13th | States sue to stop Paramount - Warner Bros blockbuster merger | States sue to stop Paramount - Warner Bros blockbuster merger | States sue to stop Paramount - Warner Bros blockbuster merger | AI Wants Power . Now Comes the Accounting .  | AI Chipmaker Syntiant Eyes $300M IPO - Orange County Business Journal | States sue to stop Paramount - Warner Bros blockbuster merger | 今夜 ， 存储芯片集体大跌 ！ 美联储 ， 加息突变 | States sue to stop Paramount - Warner Bros blockbuster merger | Investors Grapple with an Extraordinary Memory Chip Boom | States sue to stop Paramount - Warner Bros blockbuster merger | States sue to stop Paramount - Warner Bros blockbuster merger | States sue to stop Paramount - Warner Bros blockbuster merger | Bitget Onchain Synthetic Stocks Crypto _ Compare Fees , Liquidity , Dividends , and Platform Access ( Bitget Invitation Code _ FN1688 ) ation Code _ FN1688 ) - 303e5e0b 的部落格",3.784189633918261,17.345077729904705,4,7,3,0,1,0
2023-01-04,222.76,Microsoft,-0.0437,1.6243215693756416,0.0,0,Microsoft market update,0.6931471805599453,17.73992449770697,2,1,1,0,0,2
2023-01-05,216.16,Microsoft,-0.0296,-0.6358026659933413,0.0,1,Microsoft market update,0.6931471805599453,17.493975998991047,3,1,1,0,0,2
2023-01-06,218.7,Microsoft,0.0118,0.2688839547531673,0.0,1,Microsoft market update,0.6931471805599453,17.590879609214404,4,1,1,0,1,2
2023-01-09,220.83,Microsoft,0.0097,-1.2022959130741417,0.0,1,Microsoft market update,0.6931471805599453,17.12495081025605,0,1,1,1,0,2
2023-01-10,222.52,Microsoft,0.0076,-0.014166623898706151,0.0,1,Microsoft market update,0.6931471805599453,17.112602228964015,1,1,1,0,0,2
2023-01-11,229.24,Microsoft,0.0302,0.1710121492124376,0.0,1,Microsoft market update,0.6931471805599453,17.17133745667639,2,1,1,0,0,2
2023-01-12,231.91,Microsoft,0.0116,-0.11368082878816384,0.0,1,Microsoft market update,0.6931471805599453,17.121279456157836,3,1,1,0,0,2
2023-01-13,232.61,Microsoft,0.003,-0.6347867619715464,0.0,1,Microsoft market update,0.6931471805599453,16.875779837029686,4,1,1,0,1,2
2023-01-17,233.7,Microsoft,0.0047,0.8548510466044797,0.0,0,Microsoft market update,0.6931471805599453,17.211068769351474,1,1,1,0,0,2
2023-01-18,229.28,Microsoft,-0.0189,0.03557150253559349,0.0,0,Microsoft market update,0.6931471805599453,17.217664182280657,2,1,1,0,0,2
2023-01-19,225.51,Microsoft,-0.0165,-0.10810932747840137,0.0,1,Microsoft market update,0.6931471805599453,17.169721183339032,3,1,1,0,0,2
2023-01-20,233.57,Microsoft,0.0357,0.557485005703819,0.0,1,Microsoft market update,0.6931471805599453,17.381934229248476,4,1,1,0,1,2
2023-01-23,235.87,Microsoft,0.0098,-0.253923517141982,0.0,0,Microsoft market update,0.6931471805599453,17.27918186219637,0,1,1,1,0,2
2023-01-24,235.34,Microsoft,-0.0022,0.603695016710091,0.0,0,Microsoft market update,0.6931471805599453,17.510232933915823,1,1,1,0,0,2
2023-01-25,233.95,Microsoft,-0.0059,1.2427949974780321,3.469446951953614e-18,1,Microsoft market update,0.6931471805599453,18.01311244067899,2,1,1,0,0,2
2023-01-26,241.14,Microsoft,0.0307,-1.7247598014980237,0.0,1,Microsoft market update,0.6931471805599453,17.325696894529603,3,1,1,0,0,2
2023-01-27,241.29,Microsoft,0.0006,-0.601779059207563,0.0,0,Microsoft market update,0.6931471805599453,17.092613818398362,4,1,1,0,1,2
2023-01-30,235.99,Microsoft,-0.022,-0.04502705706807634,0.0,1,Microsoft market update,0.6931471805599453,17.06849408525763,0,1,1,1,0,2
2023-01-31,240.95,Microsoft,0.021,0.08538232377935516,0.0,1,Microsoft market update,0.6931471805599453,17.094205070559497,1,1,1,0,0,2
2023-02-01,245.75,Microsoft,0.0199,0.43711239606153907,0.0,1,Microsoft market update,0.6931471805599453,17.257846715966025,2,2,1,0,0,2
2023-02-02,257.28,Microsoft,0.0469,0.637958268360504,0.0,0,Microsoft market update,0.6931471805599453,17.50289892596163,3,2,1,0,0,2
2023-02-03,251.2,Microsoft,-0.0236,-0.8239806727219546,0.0,0,Microsoft market update,0.6931471805599453,17.18546839339236,4,2,1,0,1,2
2023-02-06,249.66,Microsoft,-0.0061,-0.6616473307321229,0.0,1,Microsoft market update,0.6931471805599453,16.929825591754128,0,2,1,1,0,2
2023-02-07,260.15,Microsoft,0.042,1.9141356002157353,0.0,0,Microsoft market update,0.6931471805599453,17.744221560947537,1,2,1,0,0,2
2023-02-08,259.35,Microsoft,-0.0031,0.20736089088378062,0.0,0,Microsoft market update,0.6931471805599453,17.817118311420725,2,2,1,0,0,2
2023-02-09,256.32,Microsoft,-0.0117,-0.6599406088414527,3.469446951953614e-18,0,Microsoft market update,0.6931471805599453,17.562071507142875,3,2,1,0,0,2
2023-02-10,255.82,Microsoft,-0.002,-1.275289898051858,0.0,1,Microsoft market update,0.6931471805599453,17.066601885926747,4,2,1,0,1,2
2023-02-13,263.81,Microsoft,0.0312,1.3423774703204578,0.0,1,Microsoft market update,0.6931471805599453,17.61393702461588,0,2,1,1,0,2
2023-02-14,264.64,Microsoft,0.0031,-0.47705263027094763,0.0,0,Microsoft market update,0.6931471805599453,17.427722254930128,1,2,1,0,0,2
2023-02-15,262.52,Microsoft,-0.008,-0.6402086712127787,0.0,0,Microsoft market update,0.6931471805599453,17.180126973938705,2,2,1,0,0,2
2023-02-16,255.53,Microsoft,-0.0266,0.07928669963987164,0.0,0,Microsoft market update,0.6931471805599453,17.203406567300277,3,2,1,0,0,2
2023-02-17,251.55,Microsoft,-0.0156,0.05317177461863065,0.0,0,Microsoft market update,0.6931471805599453,17.21671130628743,4,2,1,0,1,2
2023-02-21,246.29,Microsoft,-0.0209,-0.12654770106684557,0.0,0,Microsoft market update,0.6931471805599453,17.161808184859257,1,2,1,0,0,2
2023-02-22,245.16,Microsoft,-0.0046,-0.6021141246872671,0.0,1,Microsoft market update,0.6931471805599453,16.92863027782839,2,2,1,0,0,2
2023-02-23,248.34,Microsoft,0.013,0.6783399239989137,0.0,0,Microsoft market update,0.6931471805599453,17.190333197215306,3,2,1,0,0,2
2023-02-24,242.93,Microsoft,-0.0218,-0.39718256243055805,0.0,1,Microsoft market update,0.6931471805599453,17.03402235658296,4,2,1,0,1,2
2023-02-27,243.84,Microsoft,0.0038,-0.4204024335074183,0.0,0,Microsoft market update,0.6931471805599453,16.869039977436554,0,2,1,1,0,2
2023-02-28,243.12,Microsoft,-0.003,0.17319741617605935,0.0,0,Microsoft market update,0.6931471805599453,16.928625831615538,1,2,1,0,0,2
2023-03-01,240.05,Microsoft,-0.0126,0.5358639341385916,0.0,1,Microsoft market update,0.6931471805599453,17.13206832959078,2,3,1,0,0,2
2023-03-02,244.77,Microsoft,0.0197,-0.261034794940324,0.0,1,Microsoft market update,0.6931471805599453,17.026684841954687,3,3,1,0,0,2
2023-03-03,248.85,Microsoft,0.0166,0.5644392935065652,0.0,1,Microsoft market update,0.6931471805599453,17.241728986081373,4,3,1,0,1,2
2023-03-06,250.39,Microsoft,0.0062,-0.6297121142054851,0.0,0,Microsoft market update,0.6931471805599453,16.99812899628671,0,3,1,1,0,2
2023-03-07,247.73,Microsoft,-0.0106,-0.28908162882170607,0.0,0,Microsoft market update,0.6931471805599453,16.88231625049783,1,3,1,0,0,2
2023-03-08,247.3,Microsoft,-0.0018,-0.5506081899020234,0.0,0,Microsoft market update,0.6931471805599453,16.668538120944987,2,3,1,0,0,2
2023-03-09,245.95,Microsoft,-0.0054,1.0762473440485605,0.0,0,Microsoft market update,0.6931471805599453,17.098427317694526,3,3,1,0,0,2
2023-03-10,242.31,Microsoft,-0.0148,0.177318587089034,0.0,1,Microsoft market update,0.6931471805599453,17.159569560879895,4,3,1,0,1,2
2023-03-13,247.51,Microsoft,0.0214,0.43477887175207536,3.469446951953614e-18,1,Microsoft market update,0.6931471805599453,17.32225946704035,0,3,1,1,0,2
2023-03-14,254.21,Microsoft,0.0271,0.040245386464556755,0.0,1,Microsoft market update,0.6931471805599453,17.33064063890883,1,3,1,0,0,2
2023-03-15,258.74,Microsoft,0.0178,0.8046247586335911,0.0,1,Microsoft market update,0.6931471805599453,17.644760486651393,2,3,1,0,0,2
2023-03-16,269.23,Microsoft,0.0405,0.462595875519952,3.469446951953614e-18,1,Microsoft market update,0.6931471805599453,17.818631264973813,3,3,1,0,0,2
2023-03-17,272.38,Microsoft,0.0117,0.6222515582759486,0.0,0,Microsoft market update,0.6931471805599453,18.057231491828173,4,3,1,0,1,2
2023-03-20,265.36,Microsoft,-0.0258,-1.2117974187464116,0.0,1,Microsoft market update,0.6931471805599453,17.58750340805138,0,3,1,1,0,2
2023-03-21,266.87,Microsoft,0.0057,-0.5917438345903496,0.0,0,Microsoft market update,0.6931471805599453,17.35816991438817,1,3,1,0,0,2
2023-03-22,265.42,Microsoft,-0.0054,0.04206008407280716,0.0,1,Microsoft market update,0.6931471805599453,17.367232080073222,2,3,1,0,0,2
2023-03-23,270.65,Microsoft,0.0197,0.1448458799917046,0.0,1,Microsoft market update,0.6931471805599453,17.415856595555667,3,3,1,0,0,2
2023-03-24,273.49,Microsoft,0.0105,-0.6784210681181941,0.0,0,Microsoft market update,0.6931471805599453,17.153839170343677,4,3,1,0,1,2
2023-03-27,269.4,Microsoft,-0.0149,-0.10950090861168962,0.0,0,Microsoft market update,0.6931471805599453,17.105411358862366,0,3,1,1,0,2
2023-03-28,268.28,Microsoft,-0.0042,-0.5256687459315704,0.0,1,Microsoft market update,0.6931471805599453,16.901019593802893,1,3,1,0,0,2
2023-03-29,273.43,Microsoft,0.0192,0.3698043565129782,0.0,1,Microsoft market update,0.6931471805599453,17.037860381505258,2,3,1,0,0,2
2023-03-30,276.88,Microsoft,0.0126,0.01492929382457841,0.0,1,Microsoft market update,0.6931471805599453,17.036520144742518,3,3,1,0,0,2
2023-03-31,281.02,Microsoft,0.015,0.6945106561081874,0.0,0,Microsoft market update,0.6931471805599453,17.304901980881787,4,3,1,0,1,2
2023-04-03,279.98,Microsoft,-0.0037,-0.7132698944782793,0.0,0,Microsoft market update,0.6931471805599453,17.029707493883333,0,4,2,1,0,2
2023-04-04,279.93,Microsoft,-0.0002,0.11508552185731699,0.0,0,Microsoft market update,0.6931471805599453,17.066826505807924,1,4,2,0,0,2
2023-04-05,277.16,Microsoft,-0.0099,-0.3999962283856488,0.0,1,Microsoft market update,0.6931471805599453,16.909494181837047,2,4,2,0,0,2
2023-04-06,284.24,Microsoft,0.0255,0.7695914323637728,0.0,0,Microsoft market update,0.6931471805599453,17.209021843790694,3,4,2,0,0,2
2023-04-10,282.08,Microsoft,-0.0076,-0.6561890026268786,0.0,0,Microsoft market update,0.6931471805599453,16.95547308047392,0,4,2,1,0,2
2023-04-11,275.69,Microsoft,-0.0227,0.4432508774537114,0.0,1,Microsoft market update,0.6931471805599453,17.12153978640252,1,4,2,0,0,2
2023-04-12,276.33,Microsoft,0.0023,0.030365556457704897,0.0,1,Microsoft market update,0.6931471805599453,17.126177687743134,2,4,2,0,0,2
2023-04-13,282.52,Microsoft,0.0224,-0.309261757395173,0.0,0,Microsoft market update,0.6931471805599453,17.002800809276845,3,4,2,0,0,2
2023-04-14,278.92,Microsoft,-0.0128,-0.36240795035557316,0.0,1,Microsoft market update,0.6931471805599453,16.85945668679648,4,4,2,0,1,2
2023-04-17,281.51,Microsoft,0.0093,0.34572694727812203,0.0,0,Microsoft market update,0.6931471805599453,16.986716033436377,0,4,2,1,0,2
2023-04-18,281.09,Microsoft,-0.0015,-0.4270272553098275,0.0,1,Microsoft market update,0.6931471805599453,16.81930033249474,1,4,2,0,0,2
2023-04-19,281.17,Microsoft,0.0003,-0.4119078108109417,0.0,0,Microsoft market update,0.6931471805599453,16.657526282442614,2,4,2,0,0,2
2023-04-20,278.89,Microsoft,-0.0081,0.7804012181544332,0.0,0,Microsoft market update,0.6931471805599453,16.96157484379222,3,4,2,0,0,2
2023-04-21,278.55,Microsoft,-0.0012,-0.1664436012771079,0.0,0,Microsoft market update,0.6931471805599453,16.89173471522022,4,4,2,0,1,2
2023-04-24,274.66,Microsoft,-0.014,0.5398864539003031,0.0,0,Microsoft market update,0.6931471805599453,17.096835259683406,0,4,2,1,0,2
2023-04-25,268.47,Microsoft,-0.0225,1.3312612123998597,0.0,1,Microsoft market update,0.6931471805599453,17.639187499741045,1,4,2,0,0,2
2023-04-26,287.91,Microsoft,0.0724,0.8767760665294224,0.0,1,Microsoft market update,0.6931471805599453,17.983712600255288,2,4,2,0,0,2
2023-04-27,297.13,Microsoft,0.032,-0.8556535560095576,0.0,1,Microsoft market update,0.6931471805599453,17.654158267381355,3,4,2,0,0,2
2023-04-28,299.5,Microsoft,0.008,-0.6259958656957143,0.0,0,Microsoft market update,0.6931471805599453,17.411989622225974,4,4,2,0,1,2
2023-05-01,297.85,Microsoft,-0.0055,-1.3786891708899567,0.0,0,Microsoft market update,0.6931471805599453,16.873940643965568,0,5,2,1,0,2
2023-05-02,297.7,Microsoft,-0.0005,0.5646376128917547,0.0,0,Microsoft market update,0.6931471805599453,17.08904125876834,1,5,2,0,0,2
2023-05-03,296.72,Microsoft,-0.0033,-0.42355515731964366,0.0,1,Microsoft market update,0.6931471805599453,16.92282002850758,2,5,2,0,0,2
2023-05-04,297.7,Microsoft,0.0033,0.03687089130618645,0.0,1,Microsoft market update,0.6931471805599453,16.92990996513374,3,5,2,0,0,2
2023-05-05,302.81,Microsoft,0.0172,0.5884821493992893,0.0,0,Microsoft market update,0.6931471805599453,17.154729729205474,4,5,2,0,1,2
2023-05-08,300.86,Microsoft,-0.0064,-0.7247363514039805,0.0,0,Microsoft market update,0.6931471805599453,16.87509053597193,0,5,2,1,0,2
2023-05-09,299.25,Microsoft,-0.0053,0.020960863226383568,0.0,1,Microsoft market update,0.6931471805599453,16.87613133827872,1,5,2,0,0,2
2023-05-10,304.43,Microsoft,0.0173,0.8735880338675212,0.0,0,Microsoft market update,0.6931471805599453,17.219304598720587,2,5,2,0,0,2
2023-05-11,302.28,Microsoft,-0.007,0.15344289987544288,0.0,0,Microsoft market update,0.6931471805599453,17.27120246958734,3,5,2,0,0,2
2023-05-12,301.17,Microsoft,-0.0037,-1.2157627410065301,0.0,1,Microsoft market update,0.6931471805599453,16.799913951402544,4,5,2,0,1,2
2023-05-15,301.65,Microsoft,0.0016,-0.48993833498053646,-3.469446951953614e-18,1,Microsoft market update,0.6931471805599453,16.608912487378607,0,5,2,1,0,2
2023-05-16,303.87,Microsoft,0.0074,1.2190208206922137,0.0,1,Microsoft market update,0.6931471805599453,17.101308348807404,1,5,2,0,0,2
2023-05-17,306.74,Microsoft,0.0095,-0.2327105724908206,0.0,1,Microsoft market update,0.6931471805599453,17.0066040429469,2,5,2,0,0,2
2023-05-18,311.16,Microsoft,0.0144,0.3145839072798318,0.0,0,Microsoft market update,0.6931471805599453,17.121517789284947,3,5,2,0,0,2
2023-05-19,310.98,Microsoft,-0.0006,0.044132024243473046,-3.469446951953614e-18,1,Microsoft market update,0.6931471805599453,17.131393340476567,4,5,2,0,1,2
2023-05-22,313.76,Microsoft,0.0089,-0.3350906438554052,0.0,0,Microsoft market update,0.6931471805599453,16.998373680106877,0,5,2,1,0,2
2023-05-23,307.97,Microsoft,-0.0184,0.6368134389625426,0.0,0,Microsoft market update,0.6931471805599453,17.242934367190895,1,5,2,0,0,2
2023-05-24,306.6,Microsoft,-0.0045,-0.7136167819754221,0.0,1,Microsoft market update,0.6931471805599453,16.96760111565016,2,5,2,0,0,2
2023-05-25,318.39,Microsoft,0.0385,1.494027613916619,0.0,1,Microsoft market update,0.6931471805599453,17.583702476265785,3,5,2,0,0,2
2023-05-26,325.2,Microsoft,0.0214,-0.4267114324404314,0.0,0,Microsoft market update,0.6931471805599453,17.416394541936807,4,5,2,0,1,2
2023-05-30,323.55,Microsoft,-0.005,-0.5575358695082411,0.0,0,Microsoft market update,0.6931471805599453,17.200005934429537,1,5,2,0,0,2
2023-05-31,320.8,Microsoft,-0.0085,1.1065975159247536,0.0,1,Microsoft market update,0.6931471805599453,17.643077486114603,2,5,2,0,0,2
2023-06-01,324.89,Microsoft,0.0128,-1.3836343325728848,0.0,1,Microsoft market update,0.6931471805599453,17.102938127704054,3,6,2,0,0,2
2023-06-02,327.65,Microsoft,0.0085,-0.07168319062393368,0.0,1,Microsoft market update,0.6931471805599453,17.06874147031191,4,6,2,0,1,2
2023-06-05,328.17,Microsoft,0.0016,-0.4983446724801296,0.0,0,Microsoft market update,0.6931471805599453,16.874550955402487,0,6,2,1,0,2
2023-06-06,325.97,Microsoft,-0.0067,-0.09700772137805336,0.0,0,Microsoft market update,0.6931471805599453,16.83085921598213,1,6,2,0,0,2
2023-06-07,315.91,Microsoft,-0.0309,1.6562647861097117,0.0,1,Microsoft market update,0.6931471805599453,17.522158734155465,2,6,2,0,0,2
2023-06-08,317.74,Microsoft,0.0058,-1.4292185651756326,0.0,1,Microsoft market update,0.6931471805599453,16.963006421655454,3,6,2,0,0,2
2023-06-09,319.24,Microsoft,0.0047,-0.06785498181285385,0.0,1,Microsoft market update,0.6931471805599453,16.930313970546514,4,6,2,0,1,2
2023-06-12,324.18,Microsoft,0.0155,0.21022109639061357,0.0,1,Microsoft market update,0.6931471805599453,17.00435186865795,0,6,2,1,0,2
2023-06-13,326.56,Microsoft,0.0074,-0.128231379385187,0.0,1,Microsoft market update,0.6931471805599453,16.94888518131726,1,6,2,0,0,2
2023-06-14,329.54,Microsoft,0.0091,0.33971642852493233,0.0,1,Microsoft market update,0.6931471805599453,17.073753277608393,2,6,2,0,0,2
2023-06-15,340.05,Microsoft,0.0319,1.013326540478263,0.0,0,Microsoft market update,0.6931471805599453,17.476481697781775,3,6,2,0,0,2
2023-06-16,334.42,Microsoft,-0.0166,0.4767699893927721,0.0,0,Microsoft market update,0.6931471805599453,17.6560805468,4,6,2,0,1,2
2023-06-20,330.24,Microsoft,-0.0125,-1.450508415272292,0.0,0,Microsoft market update,0.6931471805599453,17.087942353436397,1,6,2,0,0,2
2023-06-21,325.85,Microsoft,-0.0133,-0.11061479466669015,0.0,1,Microsoft market update,0.6931471805599453,17.039087355923524,2,6,2,0,0,2
2023-06-22,331.86,Microsoft,0.0184,-0.1510829450672461,0.0,0,Microsoft market update,0.6931471805599453,16.97492512654387,3,6,2,0,0,2
2023-06-23,327.28,Microsoft,-0.0138,-0.027796714350376235,0.0,0,Microsoft market update,0.6931471805599453,16.95737146344494,4,6,2,0,1,2
2023-06-26,321.0,Microsoft,-0.0192,-0.17444821845048455,0.0,1,Microsoft market update,0.6931471805599453,16.884521220377184,0,6,2,1,0,2
2023-06-27,326.84,Microsoft,0.0182,0.3368158394922036,0.0,1,Microsoft market update,0.6931471805599453,17.008210812203174,1,6,2,0,0,2
2023-06-28,328.09,Microsoft,0.0038,-0.47127268457694577,0.0,0,Microsoft market update,0.6931471805599453,16.824134426669055,2,6,2,0,0,2
2023-06-29,327.31,Microsoft,-0.0024,-0.44858659584545857,0.0,1,Microsoft market update,0.6931471805599453,16.648547474693398,3,6,2,0,0,2
2023-06-30,332.67,Microsoft,0.0164,1.13759590043379,0.0,0,Microsoft market update,0.6931471805599453,17.10513561501458,4,6,2,0,1,2
2023-07-03,330.18,Microsoft,-0.0075,-1.889825988088402,0.0,1,Microsoft market update,0.6931471805599453,16.34193504012121,0,7,3,1,0,2
2023-07-05,330.33,Microsoft,0.0005,0.9450498712723459,0.0,1,Microsoft market update,0.6931471805599453,16.715414572534094,2,7,3,0,0,2
2023-07-06,333.38,Microsoft,0.0092,1.0950543021702146,0.0,0,Microsoft market update,0.6931471805599453,17.153455737492393,3,7,3,0,0,2
2023-07-07,329.43,Microsoft,-0.0119,-0.7344964864963719,0.0,0,Microsoft market update,0.6931471805599453,16.870209656419018,4,7,3,0,1,2
2023-07-10,324.16,Microsoft,-0.016,1.0891054081958804,0.0,1,Microsoft market update,0.6931471805599453,17.30567687434907,0,7,3,1,0,2
2023-07-11,324.79,Microsoft,0.0019,-0.5286112990569227,0.0,1,Microsoft market update,0.6931471805599453,17.100106742823307,1,7,3,0,0,2
2023-07-12,329.41,Microsoft,0.0142,0.3184195849632276,0.0,1,Microsoft market update,0.6931471805599453,17.216551294024814,2,7,3,0,0,2
2023-07-13,334.74,Microsoft,0.0162,-0.9788276472667137,0.0,1,Microsoft market update,0.6931471805599453,16.83920818042107,3,7,3,0,0,2
2023-07-14,337.26,Microsoft,0.0075,0.8209441049417104,0.0,1,Microsoft market update,0.6931471805599453,17.160232856968424,4,7,3,0,1,2
2023-07-17,337.74,Microsoft,0.0014,-0.8592706913710264,0.0,1,Microsoft market update,0.6931471805599453,16.829274332472217,0,7,3,1,0,2
2023-07-18,351.18,Microsoft,0.0398,2.5832319007956115,3.469446951953614e-18,0,Microsoft market update,0.6931471805599453,17.985868196713902,1,7,3,0,0,2
2023-07-19,346.87,Microsoft,-0.0123,-1.257624780538409,0.0,0,Microsoft market update,0.6931471805599453,17.497690142995733,2,7,3,0,0,2
2023-07-20,338.85,Microsoft,-0.0231,-0.4134789371993702,0.0,0,Microsoft market update,0.6931471805599453,17.33533213252196,3,7,3,0,0,2
2023-07-21,335.82,Microsoft,-0.0089,1.7175210692229188,0.0,1,Microsoft market update,0.6931471805599453,18.05547524665638,4,7,3,0,1,2
2023-07-24,337.13,Microsoft,0.0039,-2.2765333315470633,0.0,1,Microsoft market update,0.6931471805599453,17.099353599566957,0,7,3,1,0,2
2023-07-25,342.87,Microsoft,0.017,1.111311505659558,0.0,0,Microsoft market update,0.6931471805599453,17.544516588851586,1,7,3,0,0,2
2023-07-26,329.96,Microsoft,-0.0376,0.8614562475327289,0.0,0,Microsoft market update,0.6931471805599453,17.882547316379153,2,7,3,0,0,2
2023-07-27,323.08,Microsoft,-0.0209,-1.004335082233701,0.0,1,Microsoft market update,0.6931471805599453,17.495230718522524,3,7,3,0,0,2
2023-07-28,330.55,Microsoft,0.0231,-0.857461665602316,0.0,0,Microsoft market update,0.6931471805599453,17.164884715377166,4,7,3,0,1,2
2023-07-31,328.16,Microsoft,-0.0072,-0.28099390411624137,0.0,1,Microsoft market update,0.6931471805599453,17.052069156983688,0,7,3,1,0,2
2023-08-01,328.57,Microsoft,0.0013,-0.8542077279103953,0.0,0,Microsoft market update,0.6931471805599453,16.72306173430897,1,8,3,0,0,2
2023-08-02,319.93,Microsoft,-0.0263,1.0443006394525498,0.0,0,Microsoft market update,0.6931471805599453,17.139153558498936,2,8,3,0,0,2
2023-08-03,319.11,Microsoft,-0.0026,-1.0857256211243083,0.0,1,Microsoft market update,0.6931471805599453,16.719878411953292,3,8,3,0,0,2
2023-08-04,320.2,Microsoft,0.0034,0.6811379942437215,0.0,1,Microsoft market update,0.6931471805599453,16.982735171768812,4,8,3,0,1,2
2023-08-07,322.48,Microsoft,0.0071,-0.7555070478901154,0.0,0,Microsoft market update,0.6931471805599453,16.691417142314872,0,8,3,1,0,2
2023-08-08,318.51,Microsoft,-0.0123,0.6009735192030119,0.0,0,Microsoft market update,0.6931471805599453,16.921334184099535,1,8,3,0,0,2
2023-08-09,314.78,Microsoft,-0.0117,0.02357767709226548,0.0,1,Microsoft market update,0.6931471805599453,16.923378886281245,2,8,3,0,0,2
2023-08-10,315.47,Microsoft,0.0022,-0.26400377956237453,0.0,0,Microsoft market update,0.6931471805599453,16.816911782608102,3,8,3,0,0,2
2023-08-11,313.59,Microsoft,-0.0059,0.5060345520393909,0.0,1,Microsoft market update,0.6931471805599453,17.008268295735903,4,8,3,0,1,2
2023-08-14,316.55,Microsoft,0.0094,-0.6650634869702652,0.0,0,Microsoft market update,0.6931471805599453,16.751285852403832,0,8,3,1,0,2
2023-08-15,314.42,Microsoft,-0.0067,-0.25895858929713705,0.0,0,Microsoft market update,0.6931471805599453,16.646739640557524,1,8,3,0,0,2
2023-08-16,313.66,Microsoft,-0.0024,0.5245553950593185,0.0,0,Microsoft market update,0.6931471805599453,16.84559116503874,2,8,3,0,0,2
2023-08-17,310.21,Microsoft,-0.011,0.08791670672325569,0.0,0,Microsoft market update,0.6931471805599453,16.872206266519264,3,8,3,0,0,2
2023-08-18,309.82,Microsoft,-0.0013,0.4087065939999439,0.0,1,Microsoft market update,0.6931471805599453,17.02453808717354,4,8,3,0,1,2
2023-08-21,315.11,Microsoft,0.0171,-0.058857987649245644,0.0,1,Microsoft market update,0.6931471805599453,16.995229709228617,0,8,3,1,0,2
2023-08-22,315.67,Microsoft,0.0018,-1.041396683075069,0.0,1,Microsoft market update,0.6931471805599453,16.59337291262798,1,8,3,0,0,2
2023-08-23,320.12,Microsoft,0.0141,0.709441127447837,0.0,0,Microsoft market update,0.6931471805599453,16.86792562393494,2,8,3,0,0,2
2023-08-24,313.24,Microsoft,-0.0215,0.26448649196338947,0.0,1,Microsoft market update,0.6931471805599453,16.963165359429112,3,8,3,0,0,2
2023-08-25,316.18,Microsoft,0.0094,-0.1695850261501016,0.0,1,Microsoft market update,0.6931471805599453,16.89208987716373,4,8,3,0,1,2
2023-08-28,316.89,Microsoft,0.0022,-0.9893100152016902,0.0,1,Microsoft market update,0.6931471805599453,16.510711965726355,0,8,3,1,0,2
2023-08-29,321.5,Microsoft,0.0146,0.6843040806269018,0.0,1,Microsoft market update,0.6931471805599453,16.77481745975526,1,8,3,0,0,2
2023-08-30,321.87,Microsoft,0.0012,-0.6111745069509411,0.0,0,Microsoft market update,0.6931471805599453,16.53825894292082,2,8,3,0,0,2
2023-08-31,320.86,Microsoft,-0.0031,1.3506035448378015,0.0,1,Microsoft market update,0.6931471805599453,17.08929118586477,3,8,3,0,0,2
2023-09-01,321.74,Microsoft,0.0027,-1.4542756758828317,0.0,1,Microsoft market update,0.6931471805599453,16.519686664443327,4,9,3,0,1,2
2023-09-05,326.53,Microsoft,0.0149,0.5680058691619655,0.0,0,Microsoft market update,0.6931471805599453,16.736190621404468,1,9,3,0,0,2
2023-09-06,325.87,Microsoft,-0.002,-0.13075923069018128,0.0,0,Microsoft market update,0.6931471805599453,16.679755120581547,2,9,3,0,0,2
2023-09-07,322.97,Microsoft,-0.0089,0.1409034116198044,0.0,1,Microsoft market update,0.6931471805599453,16.726828134779904,3,9,3,0,0,2
2023-09-08,327.23,Microsoft,0.0132,0.17586503365344142,0.0,1,Microsoft market update,0.6931471805599453,16.787467474370466,4,9,3,0,1,2
2023-09-11,330.83,Microsoft,0.011,-0.41662385136673613,0.0,0,Microsoft market update,0.6931471805599453,16.623906783150122,0,9,3,1,0,2
2023-09-12,324.79,Microsoft,-0.0183,0.16785139868557278,0.0,1,Microsoft market update,0.6931471805599453,16.681447365905534,1,9,3,0,0,2
2023-09-13,328.99,Microsoft,0.0129,-0.13976983783096053,0.0,1,Microsoft market update,0.6931471805599453,16.621558294391132,2,9,3,0,0,2
2023-09-14,331.57,Microsoft,0.0079,0.5346555162559224,0.0,0,Microsoft market update,0.6931471805599453,16.824504554842743,3,9,3,0,0,2
2023-09-15,323.27,Microsoft,-0.025,1.5028420087607053,0.0,0,Microsoft market update,0.6931471805599453,17.44463472634214,4,9,3,0,1,2
2023-09-18,322.13,Microsoft,-0.0035,-1.9791833991337935,0.0,0,Microsoft market update,0.6931471805599453,16.63892314880356,0,9,3,1,0,2
2023-09-19,321.73,Microsoft,-0.0012,-0.03343496109885615,0.0,0,Microsoft market update,0.6931471805599453,16.619228511297806,1,9,3,0,0,2
2023-09-20,314.02,Microsoft,-0.024,0.6775930635359461,0.0,0,Microsoft market update,0.6931471805599453,16.8806056812215,2,9,3,0,0,2
2023-09-21,312.81,Microsoft,-0.0039,1.250149797102921,0.0,0,Microsoft market update,0.6931471805599453,17.38674324526181,3,9,3,0,0,2
2023-09-22,310.34,Microsoft,-0.0079,-1.3003050704579133,0.0,1,Microsoft market update,0.6931471805599453,16.881137343072286,4,9,3,0,1,2
2023-09-25,310.86,Microsoft,0.0017,-0.4722352065865467,0.0,0,Microsoft market update,0.6931471805599453,16.696729500795886,0,9,3,1,0,2
2023-09-26,305.57,Microsoft,-0.017,0.9795912921682395,0.0,1,Microsoft market update,0.6931471805599453,17.084988276257455,1,9,3,0,0,2
2023-09-27,306.21,Microsoft,0.0021,-0.7879778237589956,0.0,1,Microsoft market update,0.6931471805599453,16.781304158635002,2,9,3,0,0,2
2023-09-28,307.04,Microsoft,0.0027,0.05497486178940354,0.0,1,Microsoft market update,0.6931471805599453,16.79529641049229,3,9,3,0,0,2
2023-09-29,309.1,Microsoft,0.0067,0.5382784675869836,0.0,1,Microsoft market update,0.6931471805599453,16.99968317198289,4,9,3,0,1,2
2023-10-02,315.03,Microsoft,0.0192,-0.4078270329653429,0.0,0,Microsoft market update,0.6931471805599453,16.839344310243625,0,10,4,1,0,2
2023-10-03,306.79,Microsoft,-0.0261,0.0764866679205712,0.0,1,Microsoft market update,0.6931471805599453,16.86162701028541,1,10,4,0,0,2
2023-10-04,312.25,Microsoft,0.0178,-0.021104186877520203,0.0,1,Microsoft market update,0.6931471805599453,16.84661484986105,2,10,4,0,0,2
2023-10-05,312.64,Microsoft,0.0013,-0.5136020436841569,0.0,1,Microsoft market update,0.6931471805599453,16.64669838144979,3,10,4,0,0,2
2023-10-06,320.37,Microsoft,0.0247,1.0401710268451885,0.0,1,Microsoft market update,0.6931471805599453,17.06097382349199,4,10,4,0,1,2
2023-10-09,322.88,Microsoft,0.0078,-0.6602818808956167,0.0,0,Microsoft market update,0.6931471805599453,16.805788031108786,0,10,4,1,0,2
2023-10-10,321.48,Microsoft,-0.0043,0.10431247797694815,0.0,1,Microsoft market update,0.6931471805599453,16.838716986664004,1,10,4,0,0,2
2023-10-11,325.42,Microsoft,0.0123,-0.04556776612198366,0.0,0,Microsoft market update,0.6931471805599453,16.81439789905406,2,10,4,0,0,2
2023-10-12,324.19,Microsoft,-0.0038,-0.08210801181999722,0.0,0,Microsoft market update,0.6931471805599453,16.77629423187913,3,10,4,0,0,2
2023-10-13,320.83,Microsoft,-0.0104,0.24398992396063646,0.0,1,Microsoft market update,0.6931471805599453,16.863474732776538,4,10,4,0,1,2
2023-10-16,325.64,Microsoft,0.015,0.149026214982828,0.0,0,Microsoft market update,0.6931471805599453,16.913709208193183,0,10,4,1,0,2
2023-10-17,325.07,Microsoft,-0.0017,-0.48509950454295725,0.0,0,Microsoft market update,0.6931471805599453,16.724513287537256,1,10,4,0,0,2
2023-10-18,323.16,Microsoft,-0.0059,0.6089325494804742,0.0,1,Microsoft market update,0.6931471805599453,16.957660877155693,2,10,4,0,0,2
2023-10-19,324.35,Microsoft,0.0037,0.22256767577678724,0.0,0,Microsoft market update,0.6931471805599453,17.036468254233554,3,10,4,0,0,2
2023-10-20,319.79,Microsoft,-0.014,0.015717041342316267,0.0,1,Microsoft market update,0.6931471805599453,17.035493809409243,4,10,4,0,1,2
2023-10-23,322.39,Microsoft,0.0081,-0.05125349081709232,0.0,1,Microsoft market update,0.6931471805599453,17.00905630810628,0,10,4,1,0,2
2023-10-24,323.57,Microsoft,0.0037,0.6387211003131577,0.0,1,Microsoft market update,0.6931471805599453,17.25444039844251,1,10,4,0,0,2
2023-10-25,333.5,Microsoft,0.0307,1.3914014422591146,0.0,0,Microsoft market update,0.6931471805599453,17.8238214650709,2,10,4,0,0,2
2023-10-26,320.99,Microsoft,-0.0375,-0.9735973206741355,3.469446951953614e-18,1,Microsoft market update,0.6931471805599453,17.448573371187603,3,10,4,0,0,2
2023-10-27,322.87,Microsoft,0.0059,-0.6111745069509411,0.0,1,Microsoft market update,0.6931471805599453,17.21191316303504,4,10,4,0,1,2
2023-10-30,330.21,Microsoft,0.0227,-0.6952817401036147,0.0,1,Microsoft market update,0.6931471805599453,16.94350283502005,0,10,4,1,0,2
2023-10-31,330.99,Microsoft,0.0024,-0.2977969511183871,0.0,1,Microsoft market update,0.6931471805599453,16.824420671129403,1,10,4,0,0,2
2023-11-01,338.79,Microsoft,0.0235,0.8398587442527837,0.0,1,Microsoft market update,0.6931471805599453,17.15337051022264,2,11,4,0,0,2
2023-11-02,340.99,Microsoft,0.0065,-0.3679668023914204,0.0,1,Microsoft market update,0.6931471805599453,17.007964416772005,3,11,4,0,0,2
2023-11-03,345.37,Microsoft,0.0129,-0.05967435097205136,0.0,1,Microsoft market update,0.6931471805599453,16.97835349535003,4,11,4,0,1,2
2023-11-06,349.03,Microsoft,0.0106,0.03946715824613492,0.0,1,Microsoft market update,0.6931471805599453,16.986384549848346,0,11,4,1,0,2
2023-11-07,352.94,Microsoft,0.0112,0.22776806350172826,0.0,1,Microsoft market update,0.6931471805599453,17.067198179607583,1,11,4,0,0,2
2023-11-08,355.56,Microsoft,0.0074,0.11108372785203284,0.0,0,Microsoft market update,0.6931471805599453,17.102710267931258,2,11,4,0,0,2
2023-11-09,353.1,Microsoft,-0.0069,-0.17846073715308414,0.0,1,Microsoft market update,0.6931471805599453,17.028259692938217,3,11,4,0,0,2
2023-11-10,361.89,Microsoft,0.0249,0.32988156086098214,0.0,0,Microsoft market update,0.6931471805599453,17.149217545996976,4,11,4,0,1,2
2023-11-13,358.96,Microsoft,-0.0081,-0.8792304729005065,-3.469446951953614e-18,1,Microsoft market update,0.6931471805599453,16.81056765363697,0,11,4,1,0,2
2023-11-14,362.48,Microsoft,0.0098,0.8323162929248185,0.0,1,Microsoft market update,0.6931471805599453,17.136361610864675,1,11,4,0,0,2
2023-11-15,362.62,Microsoft,0.0004,-0.06130800454548522,0.0,1,Microsoft market update,0.6931471805599453,17.106152509290567,2,11,4,0,0,2
2023-11-16,369.0,Microsoft,0.0176,0.0495607451024196,0.0,0,Microsoft market update,0.6931471805599453,17.118076620940645,3,11,4,0,0,2
2023-11-17,362.8,Microsoft,-0.0168,0.9841787683976686,0.0,1,Microsoft market update,0.6931471805599453,17.508307354264513,4,11,4,0,1,2
2023-11-20,370.25,Microsoft,0.0205,0.69210322791846,0.0,0,Microsoft market update,0.6931471805599453,17.775658763665213,0,11,4,1,0,2
2023-11-21,365.96,Microsoft,-0.0116,-1.5554423785676788,0.0,1,Microsoft market update,0.6931471805599453,17.1627127879813,1,11,4,0,0,2
2023-11-22,370.65,Microsoft,0.0128,-0.5054765902098862,0.0,0,Microsoft market update,0.6931471805599453,16.965906279857276,2,11,4,0,0,2
2023-11-24,370.24,Microsoft,-0.0011,-2.0300299263100143,-3.469446951953614e-18,1,Microsoft market update,0.6931471805599453,16.135601623352628,4,11,4,0,1,2
2023-11-27,371.39,Microsoft,0.0031,1.8410656584052236,0.0,1,Microsoft market update,0.6931471805599453,16.91466551579309,0,11,4,1,0,2
2023-11-28,375.41,Microsoft,0.0108,-0.19602337122262556,0.0,0,Microsoft market update,0.6931471805599453,16.833645067098992,1,11,4,0,0,2
2023-11-29,371.63,Microsoft,-0.0101,0.8848052867056405,0.0,1,Microsoft market update,0.6931471805599453,17.18154355643181,2,11,4,0,0,2
2023-11-30,371.69,Microsoft,0.0002,0.157360624355263,0.0,0,Microsoft market update,0.6931471805599453,17.235019292126193,3,11,4,0,0,2
2023-12-01,367.37,Microsoft,-0.0116,0.22114700550467054,0.0,0,Microsoft market update,0.6931471805599453,17.313244669940346,4,12,4,0,1,2
2023-12-04,362.1,Microsoft,-0.0143,-0.0607633160224197,0.0,1,Microsoft market update,0.6931471805599453,17.283222663039346,0,12,4,1,0,2
2023-12-05,365.42,Microsoft,0.0092,-0.8549305686778409,0.0,0,Microsoft market update,0.6931471805599453,16.953826918329792,1,12,4,0,0,2
2023-12-06,361.77,Microsoft,-0.01,-0.20702948316446734,0.0,1,Microsoft market update,0.6931471805599453,16.868667090573798,2,12,4,0,0,2
2023-12-07,363.88,Microsoft,0.0058,0.24469219974092174,0.0,1,Microsoft market update,0.6931471805599453,16.956161066036568,3,12,4,0,0,2
2023-12-08,367.1,Microsoft,0.0088,-0.3461066761499241,0.0,0,Microsoft market update,0.6931471805599453,16.818933234419227,4,12,4,0,1,2
2023-12-11,364.22,Microsoft,-0.0078,0.8145378219222753,0.0,1,Microsoft market update,0.6931471805599453,17.137260646325235,0,12,4,1,0,2
2023-12-12,367.24,Microsoft,0.0083,-0.2717395345336626,0.0,0,Microsoft market update,0.6931471805599453,17.027897414944746,1,12,4,0,0,2
2023-12-14,358.96,Microsoft,-0.0225,0.8545116738324324,0.0,1,Microsoft market update,0.6931471805599453,17.583143450539716,3,12,4,0,0,2
2023-12-15,363.66,Microsoft,0.0131,1.4488867687819538,0.0,1,Microsoft market update,0.6931471805599453,18.178638494424955,4,12,4,0,1,2
2023-12-18,365.55,Microsoft,0.0052,-2.8205042876846886,0.0,1,Microsoft market update,0.6931471805599453,16.897553592300333,0,12,4,1,0,2
2023-12-19,366.15,Microsoft,0.0016,-0.13104027595958756,0.0,0,Microsoft market update,0.6931471805599453,16.840981277817026,1,12,4,0,0,2
2023-12-20,363.56,Microsoft,-0.0071,0.6371951263282569,0.0,1,Microsoft market update,0.6931471805599453,17.085714314620144,2,12,4,0,0,2
2023-12-21,366.42,Microsoft,0.0079,-1.0269836478376373,0.0,1,Microsoft market update,0.6931471805599453,16.68952712930582,3,12,4,0,0,2
2023-12-22,367.44,Microsoft,0.0028,-0.07250439751135504,-3.469446951953614e-18,1,Microsoft market update,0.6931471805599453,16.655027580262683,4,12,4,0,1,2
2023-12-26,367.52,Microsoft,0.0002,-0.7784163751411184,0.0,0,Microsoft market update,0.6931471805599453,16.354992273731803,1,12,4,0,0,2
2023-12-27,366.94,Microsoft,-0.0016,0.4335048464015823,-3.469446951953614e-18,1,Microsoft market update,0.6931471805599453,16.517234188455994,2,12,4,0,0,2
2023-12-28,368.13,Microsoft,0.0032,-0.08596125813594388,-3.469446951953614e-18,1,Microsoft market update,0.6931471805599453,16.47765649667379,3,12,4,0,0,2
2023-12-29,368.87,Microsoft,0.002,0.6937702399655794,0.0,0,Microsoft market update,0.6931471805599453,16.745679839122506,4,12,4,0,1,2
2024-01-02,363.8,Microsoft,-0.0137,0.7683469076636211,0.0,0,Microsoft market update,0.6931471805599453,17.044677289346534,1,1,1,0,0,2
2024-01-03,363.54,Microsoft,-0.0007,-0.2201281078846019,0.0,0,Microsoft market update,0.6931471805599453,16.95462867787514,2,1,1,0,0,2
2024-01-04,360.93,Microsoft,-0.0072,-0.2447679476646934,0.0,0,Microsoft market update,0.6931471805599453,16.855331532538056,3,1,1,0,0,2
2024-01-05,360.74,Microsoft,-0.0005,0.03114730568602361,0.0,1,Microsoft market update,0.6931471805599453,16.860252066927934,4,1,1,0,1,2
2024-01-08,367.55,Microsoft,0.0189,0.2679589915789303,0.0,1,Microsoft market update,0.6931471805599453,16.956813998063904,0,1,1,1,0,2
2024-01-09,368.63,Microsoft,0.0029,-0.2598481816320786,0.0,1,Microsoft market update,0.6931471805599453,16.851904861244837,1,1,1,0,0,2
2024-01-10,375.47,Microsoft,0.0186,0.5344540385747064,0.0,1,Microsoft market update,0.6931471805599453,17.05474575707709,2,1,1,0,0,2
2024-01-11,377.3,Microsoft,0.0049,0.24516024439085324,0.0,1,Microsoft market update,0.6931471805599453,17.1423722851448,3,1,1,0,0,2
2024-01-12,381.07,Microsoft,0.01,-0.650059445394286,0.0,1,Microsoft market update,0.6931471805599453,16.891033245830045,4,1,1,0,1,2
2024-01-16,382.83,Microsoft,0.0046,0.5957138014149955,0.0,0,Microsoft market update,0.6931471805599453,17.118812123276456,1,1,1,0,0,2
2024-01-17,382.05,Microsoft,-0.002,-0.518162061644726,0.0,1,Microsoft market update,0.6931471805599453,16.917137749357806,2,1,1,0,0,2
2024-01-18,386.36,Microsoft,0.0113,0.15049953312706724,0.0,1,Microsoft market update,0.6931471805599453,16.96790895923778,3,1,1,0,0,2
2024-01-19,391.07,Microsoft,0.0122,0.5920037104908834,0.0,0,Microsoft market update,0.6931471805599453,17.194158978605717,4,1,1,0,1,2
2024-01-22,388.95,Microsoft,-0.0054,-0.19920418009055543,0.0,1,Microsoft market update,0.6931471805599453,17.111973191098468,0,1,1,1,0,2
2024-01-23,391.3,Microsoft,0.006,-0.7122294497595275,0.0,1,Microsoft market update,0.6931471805599453,16.83719811002504,1,1,1,0,0,2
2024-01-24,394.89,Microsoft,0.0092,0.5072612634033766,0.0,1,Microsoft market update,0.6931471805599453,17.02905222145571,2,1,1,0,0,2
2024-01-25,397.15,Microsoft,0.0057,-0.4286069025229105,0.0,0,Microsoft market update,0.6931471805599453,16.86104205784177,3,1,1,0,0,2
2024-01-26,396.23,Microsoft,-0.0023,-0.42355515731964366,0.0,1,Microsoft market update,0.6931471805599453,16.694894447506893,4,1,1,0,1,2
2024-01-29,401.91,Microsoft,0.0143,0.8178303266603839,0.0,0,Microsoft market update,0.6931471805599453,17.014599956205064,0,1,1,1,0,2
2024-01-30,400.8,Microsoft,-0.0028,0.7990360175620767,0.0,0,Microsoft market update,0.6931471805599453,17.32638714629899,1,1,1,0,0,2
2024-01-31,390.0,Microsoft,-0.0269,0.9076938748198675,3.469446951953614e-18,1,Microsoft market update,0.6931471805599453,17.6840225608953,2,1,1,0,0,2
2024-02-01,396.08,Microsoft,0.0156,-1.1519848200000178,0.0,1,Microsoft market update,0.6931471805599453,17.23839444490442,3,2,1,0,0,2
2024-02-02,403.38,Microsoft,0.0184,-0.19746867128043832,0.0,0,Microsoft market update,0.6931471805599453,17.156841190968237,4,2,1,0,1,2
2024-02-05,397.92,Microsoft,-0.0135,-0.26935677929713164,0.0,0,Microsoft market update,0.6931471805599453,17.048380053112957,0,2,1,1,0,2
2024-02-06,397.76,Microsoft,-0.0004,-0.8343870153603754,0.0,1,Microsoft market update,0.6931471805599453,16.726915177393465,1,2,1,0,0,2
2024-02-07,406.16,Microsoft,0.0211,0.515012163547157,0.0,1,Microsoft market update,0.6931471805599453,16.921911777495318,2,2,1,0,0,2
2024-02-08,406.22,Microsoft,0.0001,-0.1167510402287393,-3.469446951953614e-18,1,Microsoft market update,0.6931471805599453,16.870704471451,3,2,1,0,0,2
2024-02-09,412.53,Microsoft,0.0156,0.11558518294668794,0.0,0,Microsoft market update,0.6931471805599453,16.908042855498852,4,2,1,0,1,2
2024-02-12,407.35,Microsoft,-0.0126,-0.08293313958538397,0.0,0,Microsoft market update,0.6931471805599453,16.869648569903195,0,2,1,1,0,2
2024-02-13,398.58,Microsoft,-0.0215,0.7028201330964865,0.0,1,Microsoft market update,0.6931471805599453,17.14144189716807,1,2,1,0,0,2
2024-02-14,402.43,Microsoft,0.0097,-0.8053980212136902,0.0,0,Microsoft market update,0.6931471805599453,16.831104329630545,2,2,1,0,0,2
2024-02-15,399.55,Microsoft,-0.0072,0.19347793321507703,0.0,0,Microsoft market update,0.6931471805599453,16.898589614752932,3,2,1,0,0,2
2024-02-16,397.09,Microsoft,-0.0061,0.07419282274535807,0.0,0,Microsoft market update,0.6931471805599453,16.919940318289743,4,2,1,0,1,2
2024-02-20,395.84,Microsoft,-0.0031,0.24188159174230764,0.0,0,Microsoft market update,0.6931471805599453,17.006311999495832,1,2,1,0,0,2
2024-02-21,395.24,Microsoft,-0.0015,-0.7049554813482011,0.0,1,Microsoft market update,0.6931471805599453,16.734302444168847,2,2,1,0,0,2
2024-02-22,404.55,Microsoft,0.0235,0.9542294143443765,0.0,0,Microsoft market update,0.6931471805599453,17.111714060452936,3,2,1,0,0,2
2024-02-23,403.26,Microsoft,-0.0032,-1.2994958742537175,0.0,0,Microsoft market update,0.6931471805599453,16.60642416175987,4,2,1,0,1,2
2024-02-26,400.51,Microsoft,-0.0068,0.0017550318881902574,0.0,0,Microsoft market update,0.6931471805599453,16.600120546871754,0,2,1,1,0,2
2024-02-27,400.45,Microsoft,-0.0001,-0.21342443486917761,0.0,1,Microsoft market update,0.6931471805599453,16.512553804182705,1,2,1,0,0,2
2024-02-28,400.69,Microsoft,0.0006,-0.2950890349643178,0.0,1,Microsoft market update,0.6931471805599453,16.39444634009284,2,2,1,0,0,2
2024-02-29,406.51,Microsoft,0.0145,2.058183308555825,0.0,1,Microsoft market update,0.6931471805599453,17.27959825947619,3,2,1,0,0,2
2024-03-01,408.33,Microsoft,0.0045,-1.4870539256820408,0.0,0,Microsoft market update,0.6931471805599453,16.696022814771013,4,3,1,0,1,2
2024-03-04,407.76,Microsoft,-0.0014,-0.015498976647409672,0.0,0,Microsoft market update,0.6931471805599453,16.683182218281843,0,3,1,1,0,2
2024-03-05,395.71,Microsoft,-0.0296,1.0652594404382856,0.0,0,Microsoft market update,0.6931471805599453,17.10835038176541,1,3,1,0,0,2
2024-03-06,395.16,Microsoft,-0.0014,-0.4773740771485116,0.0,1,Microsoft market update,0.6931471805599453,16.922072906826077,2,3,1,0,0,2
2024-03-07,402.08,Microsoft,0.0175,-0.4527269613880395,0.0,0,Microsoft market update,0.6931471805599453,16.745022951021237,3,3,1,0,0,2
2024-03-08,399.21,Microsoft,-0.0071,-0.0845843243196188,0.0,0,Microsoft market update,0.6931471805599453,16.706004586162898,4,3,1,0,1,2
2024-03-11,397.54,Microsoft,-0.0042,-0.2744228156415344,0.0,1,Microsoft market update,0.6931471805599453,16.59562098363456,0,3,1,1,0,2
2024-03-12,408.12,Microsoft,0.0266,0.8458363151875149,0.0,0,Microsoft market update,0.6931471805599453,16.927112972090224,1,3,1,0,0,2
2024-03-13,407.94,Microsoft,-0.0004,-0.7035717775568978,0.0,1,Microsoft market update,0.6931471805599453,16.65551847244042,2,3,1,0,0,2
2024-03-14,417.89,Microsoft,0.0244,1.655516484777383,0.0,0,Microsoft market update,0.6931471805599453,17.346486913224503,3,3,1,0,0,2
2024-03-15,409.24,Microsoft,-0.0207,0.7165873879785292,0.0,1,Microsoft market update,0.6931471805599453,17.623947051037607,4,3,1,0,1,2
2024-03-18,410.12,Microsoft,0.0022,-1.9828995628842259,0.0,1,Microsoft market update,0.6931471805599453,16.816528885683898,0,3,1,1,0,2
2024-03-19,414.14,Microsoft,0.0098,-0.01683218353729331,0.0,1,Microsoft market update,0.6931471805599453,16.803104857853203,1,3,1,0,0,2
2024-03-20,417.9,Microsoft,0.0091,-0.2601447824363495,0.0,1,Microsoft market update,0.6931471805599453,16.69807978849182,2,3,1,0,0,2
2024-03-21,421.97,Microsoft,0.0097,0.46781914209028713,0.0,0,Microsoft market update,0.6931471805599453,16.874039257964675,3,3,1,0,0,2
2024-03-22,421.35,Microsoft,-0.0015,-0.4815561326280494,0.0,0,Microsoft market update,0.6931471805599453,16.686161408558423,4,3,1,0,1,2
2024-03-25,415.57,Microsoft,-0.0137,0.07852344214927057,0.0,0,Microsoft market update,0.6931471805599453,16.70923784643213,0,3,1,1,0,2
2024-03-26,414.38,Microsoft,-0.0029,-0.1847798842576092,0.0,0,Microsoft market update,0.6931471805599453,16.63245109756314,1,3,1,0,0,2
2024-03-27,414.16,Microsoft,-0.0005,0.01519191037865821,0.0,0,Microsoft market update,0.6931471805599453,16.631218693635308,2,3,1,0,0,2
2024-03-28,413.46,Microsoft,-0.0017,0.6972846005780917,-3.469446951953614e-18,1,Microsoft market update,0.6931471805599453,16.90068130655439,3,3,1,0,0,2
2024-04-01,417.25,Microsoft,0.0092,-0.7600766021228275,0.0,0,Microsoft market update,0.6931471805599453,16.607656840709115,0,4,2,1,0,2
2024-04-02,414.17,Microsoft,-0.0074,0.259614651063554,0.0,0,Microsoft market update,0.6931471805599453,16.70098149308922,1,4,2,0,0,2
2024-04-03,413.2,Microsoft,-0.0023,-0.19862553790099866,0.0,0,Microsoft market update,0.6931471805599453,16.619010383693382,2,4,2,0,0,2
2024-04-04,410.67,Microsoft,-0.0061,0.42861325495837727,0.0,1,Microsoft market update,0.6931471805599453,16.779282549531114,3,4,2,0,0,2
2024-04-05,418.18,Microsoft,0.0183,-0.39937072119977546,0.0,0,Microsoft market update,0.6931471805599453,16.622186708353635,4,4,2,0,1,2
2024-04-08,417.27,Microsoft,-0.0022,-0.3760164762293456,0.0,1,Microsoft market update,0.6931471805599453,16.47383823038031,0,4,2,1,0,2
2024-04-09,418.93,Microsoft,0.004,-0.33447998192874273,0.0,0,Microsoft market update,0.6931471805599453,16.340991251535286,1,4,2,0,0,2
2024-04-10,415.96,Microsoft,-0.0071,0.6755376565709512,0.0,1,Microsoft market update,0.6931471805599453,16.601546028588018,2,4,2,0,0,2
2024-04-11,420.55,Microsoft,0.011,0.28293585572807,0.0,0,Microsoft market update,0.6931471805599453,16.704013960459864,3,4,2,0,0,2
2024-04-12,414.62,Microsoft,-0.0141,0.19803653854213804,0.0,0,Microsoft market update,0.6931471805599453,16.773219053751937,4,4,2,0,1,2
2024-04-15,406.51,Microsoft,-0.0196,0.15270746643482805,0.0,1,Microsoft market update,0.6931471805599453,16.824825221817004,0,4,2,1,0,2
2024-04-16,407.43,Microsoft,0.0023,-0.48703407293605805,0.0,0,Microsoft market update,0.6931471805599453,16.63483978573381,1,4,2,0,0,2
2024-04-17,404.74,Microsoft,-0.0066,-0.1290736852834501,0.0,0,Microsoft market update,0.6931471805599453,16.579027064320062,2,4,2,0,0,2
2024-04-18,397.3,Microsoft,-0.0184,0.7284371118310149,0.0,0,Microsoft market update,0.6931471805599453,16.861455840107173,3,4,2,0,0,2
2024-04-19,392.24,Microsoft,-0.0127,0.9460183389527886,0.0,1,Microsoft market update,0.6931471805599453,17.23539232754686,4,4,2,0,1,2
2024-04-22,394.05,Microsoft,0.0046,-1.0619704436291921,0.0,1,Microsoft market update,0.6931471805599453,16.825485964799164,0,4,2,1,0,2
2024-04-23,400.54,Microsoft,0.0165,-0.6575527168993253,0.0,1,Microsoft market update,0.6931471805599453,16.571366375235492,1,4,2,0,0,2
2024-04-24,402.01,Microsoft,0.0037,-0.09617732465090988,0.0,0,Microsoft market update,0.6931471805599453,16.527904710433234,2,4,2,0,0,2
2024-04-25,392.16,Microsoft,-0.0245,2.268019190061295,0.0,1,Microsoft market update,0.6931471805599453,17.518946081600948,3,4,2,0,0,2
2024-04-26,399.31,Microsoft,0.0182,-0.8111052359385343,0.0,0,Microsoft market update,0.6931471805599453,17.206479170346213,4,4,2,0,1,2
2024-04-29,395.31,Microsoft,-0.01,-1.0784306377510657,0.0,0,Microsoft market update,0.6931471805599453,16.79012649268083,0,4,2,1,0,2
2024-04-30,382.62,Microsoft,-0.0321,0.9722905280906554,0.0,1,Microsoft market update,0.6931471805599453,17.17523993787732,1,4,2,0,0,2
2024-05-01,388.13,Microsoft,0.0144,-0.5139275267253536,0.0,1,Microsoft market update,0.6931471805599453,16.975167065612823,2,5,2,0,0,2
2024-05-02,390.98,Microsoft,0.0073,-0.7404361851306984,0.0,1,Microsoft market update,0.6931471805599453,16.689606186487975,3,5,2,0,0,2
2024-05-03,399.65,Microsoft,0.0222,-0.020836930310801912,0.0,1,Microsoft market update,0.6931471805599453,16.674661134298407,4,5,2,0,1,2
2024-05-06,406.41,Microsoft,0.0169,-0.05044031857972655,0.0,0,Microsoft market update,0.6931471805599453,16.648523940853117,0,5,2,1,0,2
2024-05-07,402.28,Microsoft,-0.0102,0.43711239606153907,0.0,1,Microsoft market update,0.6931471805599453,16.812152467673823,1,5,2,0,0,2
2024-05-08,403.46,Microsoft,0.0029,-1.3573229460569256,0.0,1,Microsoft market update,0.6931471805599453,16.282957418865667,2,5,2,0,0,2
2024-05-09,405.21,Microsoft,0.0043,0.5759076183943482,0.0,1,Microsoft market update,0.6931471805599453,16.502657193960616,3,5,2,0,0,2
2024-05-10,407.59,Microsoft,0.0059,-0.22451001001203166,0.0,0,Microsoft market update,0.6931471805599453,16.410936966597475,4,5,2,0,1,2
2024-05-13,406.59,Microsoft,-0.0025,0.381841004880655,0.0,1,Microsoft market update,0.6931471805599453,16.552485120610886,0,5,2,1,0,2
2024-05-14,409.38,Microsoft,0.0069,-0.03854924020583105,0.0,1,Microsoft market update,0.6931471805599453,16.530821072424395,1,5,2,0,0,2
2024-05-15,416.53,Microsoft,0.0175,0.9756271598887609,0.0,0,Microsoft market update,0.6931471805599453,16.91738059004458,2,5,2,0,0,2
2024-05-16,414.48,Microsoft,-0.0049,-0.6148733037013759,0.0,0,Microsoft market update,0.6931471805599453,16.679430018432445,3,5,2,0,0,2
2024-05-17,413.71,Microsoft,-0.0019,-0.33386946099094506,0.0,1,Microsoft market update,0.6931471805599453,16.54676940934061,4,5,2,0,1,2
2024-05-20,418.76,Microsoft,0.0122,0.1695539666383077,0.0,1,Microsoft market update,0.6931471805599453,16.604962604232533,0,5,2,1,0,2
2024-05-21,422.4,Microsoft,0.0087,0.7140252213977762,0.0,1,Microsoft market update,0.6931471805599453,16.881389084271916,1,5,2,0,0,2
2024-05-22,423.86,Microsoft,0.0034,-0.43746934399409315,0.0,0,Microsoft market update,0.6931471805599453,16.709968456206614,2,5,2,0,0,2
2024-05-23,420.39,Microsoft,-0.0082,-0.11061479466669015,0.0,1,Microsoft market update,0.6931471805599453,16.66110000118853,3,5,2,0,0,2
2024-05-24,423.5,Microsoft,0.0074,-0.9672559364843831,0.0,1,Microsoft market update,0.6931471805599453,16.288285667290065,4,5,2,0,1,2
2024-05-28,423.66,Microsoft,0.0004,0.7275282734363301,0.0,0,Microsoft market update,0.6931471805599453,16.57031717402958,1,5,2,0,0,2
2024-05-29,422.53,Microsoft,-0.0027,-0.015498976647409672,0.0,0,Microsoft market update,0.6931471805599453,16.557453264034578,2,5,2,0,0,2
2024-05-30,408.25,Microsoft,-0.0338,1.4681417003064552,0.0,1,Microsoft market update,0.6931471805599453,17.16170605762279,3,5,2,0,0,2
2024-05-31,408.71,Microsoft,0.0011,1.2923093715412317,0.0,0,Microsoft market update,0.6931471805599453,17.68661366824672,4,5,2,0,1,2
2024-06-03,407.12,Microsoft,-0.0039,-2.3755617288073,0.0,1,Microsoft market update,0.6931471805599453,16.676836827961655,0,6,2,1,0,2
2024-06-04,409.63,Microsoft,0.0062,-0.5074246609695635,0.0,1,Microsoft market update,0.6931471805599453,16.479183911871242,1,6,2,0,0,2
2024-06-05,417.45,Microsoft,0.0191,0.4500017004657107,0.0,1,Microsoft market update,0.6931471805599453,16.648017829280377,2,6,2,0,0,2
2024-06-06,417.95,Microsoft,0.0012,-0.33692347564334024,0.0,0,Microsoft market update,0.6931471805599453,16.514271143892632,3,6,2,0,0,2
2024-06-07,417.29,Microsoft,-0.0016,-0.21226046161423223,-3.469446951953614e-18,1,Microsoft market update,0.6931471805599453,16.42717474075539,4,6,2,0,1,2
2024-06-10,421.25,Microsoft,0.0095,0.0866499158857268,0.0,1,Microsoft market update,0.6931471805599453,16.45334578397218,0,6,2,1,0,2
2024-06-11,425.99,Microsoft,0.0112,0.12206942564432165,0.0,1,Microsoft market update,0.6931471805599453,16.49317721882203,1,6,2,0,0,2
2024-06-12,434.24,Microsoft,0.0194,1.0762473440485605,0.0,1,Microsoft market update,0.6931471805599453,16.923061493384935,2,6,2,0,0,2
2024-06-13,434.75,Microsoft,0.0012,-0.8759567340776312,0.0,1,Microsoft market update,0.6931471805599453,16.585633805918548,3,6,2,0,0,2
2024-06-14,435.72,Microsoft,0.0022,-0.41065154832903034,0.0,1,Microsoft market update,0.6931471805599453,16.42425601828273,4,6,2,0,1,2
2024-06-17,441.43,Microsoft,0.0131,1.066617788315941,0.0,0,Microsoft market update,0.6931471805599453,16.84998270793424,0,6,2,1,0,2
2024-06-18,439.43,Microsoft,-0.0045,-0.4996400983603469,0.0,0,Microsoft market update,0.6931471805599453,16.655319807015655,1,6,2,0,0,2
2024-06-20,438.8,Microsoft,-0.0014,0.40245688797577567,0.0,1,Microsoft market update,0.6931471805599453,16.805094016239774,3,6,2,0,0,2
2024-06-21,442.82,Microsoft,0.0092,1.3311315294443113,0.0,0,Microsoft market update,0.6931471805599453,17.34735896714601,4,6,2,0,1,2
2024-06-24,440.74,Microsoft,-0.0047,-1.8930248847564624,0.0,1,Microsoft market update,0.6931471805599453,16.58269099425499,0,6,2,1,0,2
2024-06-25,443.97,Microsoft,0.0073,0.09903005407044854,0.0,1,Microsoft market update,0.6931471805599453,16.613608693268418,1,6,2,0,0,2
2024-06-26,445.16,Microsoft,0.0027,0.03323048998925576,0.0,1,Microsoft market update,0.6931471805599453,16.619295151910038,2,6,2,0,0,2
2024-06-27,445.84,Microsoft,0.0015,-0.2699522578235558,0.0,0,Microsoft market update,0.6931471805599453,16.510563391374646,3,6,2,0,0,2
2024-06-28,440.03,Microsoft,-0.013,1.5676804078279336,0.0,1,Microsoft market update,0.6931471805599453,17.160571391738877,4,6,2,0,1,2
2024-07-01,449.66,Microsoft,0.0219,-1.2213204810734803,0.0,1,Microsoft market update,0.6931471805599453,16.68697134758484,0,7,3,1,0,2
2024-07-02,452.17,Microsoft,0.0056,-0.6037899922385318,0.0,1,Microsoft market update,0.6931471805599453,16.453124060047738,1,7,3,0,0,2
2024-07-03,453.64,Microsoft,0.0032,-0.8872454608928542,-3.469446951953614e-18,1,Microsoft market update,0.6931471805599453,16.111353070767468,2,7,3,0,0,2
2024-07-05,460.33,Microsoft,0.0147,1.183658936849245,0.0,0,Microsoft market update,0.6931471805599453,16.588118092527104,4,7,3,0,1,2
2024-07-08,459.03,Microsoft,-0.0028,-0.5420529788027368,-3.469446951953614e-18,0,Microsoft market update,0.6931471805599453,16.377555779425222,0,7,3,1,0,2
2024-07-09,452.43,Microsoft,-0.0144,0.7306165104752878,0.0,1,Microsoft market update,0.6931471805599453,16.660838516959565,1,7,3,0,0,2
2024-07-10,459.04,Microsoft,0.0146,0.1637105026647477,0.0,0,Microsoft market update,0.6931471805599453,16.716717898327104,2,7,3,0,0,2
2024-07-11,447.66,Microsoft,-0.0248,0.6234052905595197,0.0,0,Microsoft market update,0.6931471805599453,16.955827949744886,3,7,3,0,0,2
2024-07-12,446.53,Microsoft,-0.0025,-0.9025961565943488,0.0,1,Microsoft market update,0.6931471805599453,16.608165414445896,4,7,3,0,1,2
2024-07-15,446.94,Microsoft,0.0009,-0.309261757395173,0.0,0,Microsoft market update,0.6931471805599453,16.48477841914695,0,7,3,1,0,2
2024-07-16,442.56,Microsoft,-0.0098,0.46343255502925046,0.0,0,Microsoft market update,0.6931471805599453,16.659006210378056,1,7,3,0,0,2
2024-07-17,436.66,Microsoft,-0.0133,0.6193641280367425,0.0,0,Microsoft market update,0.6931471805599453,16.89641088980604,2,7,3,0,0,2
2024-07-18,433.56,Microsoft,-0.0071,-0.10338440307384775,0.0,0,Microsoft market update,0.6931471805599453,16.85021356150528,3,7,3,0,0,2
2024-07-19,430.35,Microsoft,-0.0074,0.036611080557454254,0.0,1,Microsoft market update,0.6931471805599453,16.85719091317555,4,7,3,0,1,2
2024-07-22,436.09,Microsoft,0.0133,-0.7289157781501109,0.0,1,Microsoft market update,0.6931471805599453,16.576077368232635,0,7,3,1,0,2
2024-07-23,437.97,Microsoft,0.0043,-0.4802687041921171,0.0,0,Microsoft market update,0.6931471805599453,16.38866470237805,1,7,3,0,0,2
2024-07-24,422.26,Microsoft,-0.0359,1.707607857269157,0.0,0,Microsoft market update,0.6931471805599453,17.104128877281912,2,7,3,0,0,2
2024-07-25,411.93,Microsoft,-0.0245,0.30393999808092337,0.0,1,Microsoft market update,0.6931471805599453,17.214832882805606,3,7,3,0,0,2
2024-07-26,418.69,Microsoft,0.0164,-0.6168926673056145,0.0,1,Microsoft market update,0.6931471805599453,16.976070636011585,4,7,3,0,1,2
2024-07-29,420.13,Microsoft,0.0034,-1.1480800256388402,0.0,0,Microsoft market update,0.6931471805599453,16.531912519156602,0,7,3,1,0,2
2024-07-30,416.38,Microsoft,-0.0089,1.8234210394649182,0.0,0,Microsoft market update,0.6931471805599453,17.302506389650798,1,7,3,0,0,2
2024-07-31,411.88,Microsoft,-0.0108,0.7026358800980762,0.0,0,Microsoft market update,0.6931471805599453,17.57418192091644,2,7,3,0,0,2
2024-08-01,410.66,Microsoft,-0.003,-0.9022299106639148,0.0,0,Microsoft market update,0.6931471805599453,17.22653948454694,3,8,3,0,0,2
2024-08-02,402.17,Microsoft,-0.0207,-0.05722618779718529,0.0,0,Microsoft market update,0.6931471805599453,17.19779355172881,4,8,3,0,1,2
2024-08-05,389.04,Microsoft,-0.0327,0.8285333935797614,0.0,1,Microsoft market update,0.6931471805599453,17.521964693659193,0,8,3,1,0,2
2024-08-06,393.43,Microsoft,0.0113,-1.261232188730224,0.0,0,Microsoft market update,0.6931471805599453,17.032244129846223,1,8,3,0,0,2
2024-08-07,392.27,Microsoft,-0.003,-0.48445493393580646,0.0,1,Microsoft market update,0.6931471805599453,16.84326950838073,2,8,3,0,0,2
2024-08-08,396.46,Microsoft,0.0107,-0.03935788809582341,0.0,1,Microsoft market update,0.6931471805599453,16.82134171569328,3,8,3,0,0,2
2024-08-09,399.74,Microsoft,0.0083,-0.10532875286326286,0.0,1,Microsoft market update,0.6931471805599453,16.77440772254719,4,8,3,0,1,2
2024-08-12,400.52,Microsoft,0.0019,-0.3528612034625105,0.0,1,Microsoft market update,0.6931471805599453,16.63467872873187,0,8,3,1,0,2
2024-08-13,407.6,Microsoft,0.0177,0.39510380196059575,0.0,1,Microsoft market update,0.6931471805599453,16.781520517409383,1,8,3,0,0,2
2024-08-14,410.41,Microsoft,0.0069,-0.1425929200600665,0.0,1,Microsoft market update,0.6931471805599453,16.720606766002344,2,8,3,0,0,2
2024-08-15,415.26,Microsoft,0.0118,0.3463936375644699,0.0,0,Microsoft market update,0.6931471805599453,16.84815805252729,3,8,3,0,0,2
2024-08-16,412.74,Microsoft,-0.0061,0.25891768621315153,0.0,1,Microsoft market update,0.6931471805599453,16.941200389346097,4,8,3,0,1,2
2024-08-19,415.76,Microsoft,0.0073,-1.0421567460535133,0.0,1,Microsoft market update,0.6931471805599453,16.53904039555751,0,8,3,1,0,2
2024-08-20,418.98,Microsoft,0.0078,0.20759939952767023,0.0,0,Microsoft market update,0.6931471805599453,16.61203557026927,1,8,3,0,0,2
2024-08-21,418.33,Microsoft,-0.0016,-0.03343496109885615,0.0,0,Microsoft market update,0.6931471805599453,16.592296770901154,2,8,3,0,0,2
2024-08-22,409.86,Microsoft,-0.0203,0.4941355142463413,0.0,1,Microsoft market update,0.6931471805599453,16.778817827140934,3,8,3,0,0,2
2024-08-23,411.08,Microsoft,0.003,-0.10255162763075182,0.0,0,Microsoft market update,0.6931471805599453,16.732946152815263,4,8,3,0,1,2
2024-08-26,407.83,Microsoft,-0.0079,-0.8846933102393328,0.0,1,Microsoft market update,0.6931471805599453,16.39214529770824,0,8,3,1,0,2
2024-08-27,408.17,Microsoft,0.0008,0.08512870912684975,0.0,0,Microsoft market update,0.6931471805599453,16.417674253248233,1,8,3,0,0,2
2024-08-28,404.98,Microsoft,-0.0078,0.27165623082624535,0.0,1,Microsoft market update,0.6931471805599453,16.515710089713878,2,8,3,0,0,2
2024-08-29,407.46,Microsoft,0.0061,0.36694837553774556,0.0,1,Microsoft market update,0.6931471805599453,16.651379255799075,3,8,3,0,0,2
2024-08-30,411.43,Microsoft,0.0097,0.901419920714629,0.0,0,Microsoft market update,0.6931471805599453,17.006328454915366,4,8,3,0,1,2
2024-09-03,403.83,Microsoft,-0.0185,-0.4591085023516148,0.0,0,Microsoft market update,0.6931471805599453,16.82680121966222,1,9,3,0,0,2
2024-09-04,403.3,Microsoft,-0.0013,-0.7632437443892074,0.0,0,Microsoft market update,0.6931471805599453,16.532573422724365,2,9,3,0,0,2
2024-09-05,402.8,Microsoft,-0.0012,-0.1510829450672461,0.0,0,Microsoft market update,0.6931471805599453,16.468435641384033,3,9,3,0,0,2
2024-09-06,396.2,Microsoft,-0.0164,0.8259496619473291,0.0,1,Microsoft market update,0.6931471805599453,16.791524751647852,4,9,3,0,1,2
2024-09-09,400.16,Microsoft,0.01,-0.6425836630749683,0.0,1,Microsoft market update,0.6931471805599453,16.54304313901052,0,9,3,1,0,2
2024-09-10,408.53,Microsoft,0.0209,0.6444324786400162,0.0,1,Microsoft market update,0.6931471805599453,16.790749316614196,1,9,3,0,0,2
2024-09-11,417.25,Microsoft,0.0213,-0.02592065198613488,0.0,1,Microsoft market update,0.6931471805599453,16.773899207530288,2,9,3,0,0,2
2024-09-12,421.15,Microsoft,0.0094,-0.25244453847964987,0.0,1,Microsoft market update,0.6931471805599453,16.671733664692674,3,9,3,0,0,2
2024-09-13,424.69,Microsoft,0.0084,-0.2239253027753187,0.0,1,Microsoft market update,0.6931471805599453,16.5802309685689,4,9,3,0,1,2
2024-09-16,425.43,Microsoft,0.0017,-0.34702674227814845,0.0,1,Microsoft market update,0.6931471805599453,16.44269055911563,0,9,3,1,0,2
2024-09-17,429.19,Microsoft,0.0088,0.7962352692065171,0.0,0,Microsoft market update,0.6931471805599453,16.753306521077548,1,9,3,0,0,2
2024-09-18,424.91,Microsoft,-0.01,0.021746263593259936,0.0,1,Microsoft market update,0.6931471805599453,16.75456670724036,2,9,3,0,0,2
2024-09-19,432.68,Microsoft,0.0183,0.3741899752333242,0.0,0,Microsoft market update,0.6931471805599453,16.8931269658016,3,9,3,0,0,2
2024-09-20,429.31,Microsoft,-0.0078,2.1533260605927835,0.0,0,Microsoft market update,0.6931471805599453,17.825877337194072,4,9,3,0,1,2
2024-09-23,427.57,Microsoft,-0.004,-2.839115005944946,0.0,0,Microsoft market update,0.6931471805599453,16.532117445981587,0,9,3,1,0,2
2024-09-24,423.29,Microsoft,-0.01,0.3211225888352553,0.0,1,Microsoft market update,0.6931471805599453,16.649652940918415,1,9,3,0,0,2
2024-09-25,426.19,Microsoft,0.0069,-0.617902835744482,0.0,0,Microsoft market update,0.6931471805599453,16.410496646756958,2,9,3,0,0,2
2024-09-26,425.4,Microsoft,-0.0019,0.22209423267463935,0.0,0,Microsoft market update,0.6931471805599453,16.48910740000069,3,9,3,0,0,2
2024-09-27,422.16,Microsoft,-0.0076,0.09019491389317331,0.0,1,Microsoft market update,0.6931471805599453,16.516610058819715,4,9,3,0,1,2
2024-09-30,424.41,Microsoft,0.0053,0.3292091896087021,0.0,0,Microsoft market update,0.6931471805599453,16.637323933302834,0,9,3,1,0,2
2024-10-01,414.93,Microsoft,-0.0223,0.3463936375644699,0.0,0,Microsoft market update,0.6931471805599453,16.76482714853577,1,10,4,0,0,2
2024-10-02,411.42,Microsoft,-0.0085,-0.35624487402764404,0.0,0,Microsoft market update,0.6931471805599453,16.623846479706796,2,10,4,0,0,2
2024-10-03,410.83,Microsoft,-0.0014,-0.4921992047871749,0.0,0,Microsoft market update,0.6931471805599453,16.431913270079956,3,10,4,0,0,2
2024-10-04,410.36,Microsoft,-0.0012,0.8587493100322304,0.0,0,Microsoft market update,0.6931471805599453,16.76884151761276,4,10,4,0,1,2
2024-10-07,403.93,Microsoft,-0.0157,0.24445813566074157,0.0,1,Microsoft market update,0.6931471805599453,16.856206684687454,0,10,4,1,0,2
2024-10-08,409.03,Microsoft,0.0126,-0.20470822772653316,0.0,1,Microsoft market update,0.6931471805599453,16.771945767450326,1,10,4,0,0,2
2024-10-09,411.74,Microsoft,0.0066,-0.6469990574631876,0.0,0,Microsoft market update,0.6931471805599453,16.521846023080016,2,10,4,0,0,2
2024-10-10,410.14,Microsoft,-0.0039,-0.18852183469690492,0.0,1,Microsoft market update,0.6931471805599453,16.443680332669075,3,10,4,0,0,2
2024-10-11,410.62,Microsoft,0.0012,0.0736827231035116,0.0,1,Microsoft market update,0.6931471805599453,16.464864763753756,4,10,4,0,1,2
2024-10-14,413.4,Microsoft,0.0068,0.43605205406909503,0.0,0,Microsoft market update,0.6931471805599453,16.628107003295295,0,10,4,1,0,2
2024-10-15,413.0,Microsoft,-0.001,0.34394798826718287,0.0,0,Microsoft market update,0.6931471805599453,16.754683114893954,1,10,4,0,0,2
2024-10-16,410.42,Microsoft,-0.0063,-0.507749464555436,0.0,1,Microsoft market update,0.6931471805599453,16.556924675130926,2,10,4,0,0,2
2024-10-17,411.01,Microsoft,0.0014,-0.10144174314455125,0.0,1,Microsoft market update,0.6931471805599453,16.511488245308595,3,10,4,0,0,2
2024-10-18,412.43,Microsoft,0.0035,0.39228491875364896,0.0,1,Microsoft market update,0.6931471805599453,16.657234699863867,4,10,4,0,1,2
2024-10-21,413.04,Microsoft,0.0015,-0.48187807893298307,0.0,1,Microsoft market update,0.6931471805599453,16.469182078186588,0,10,4,1,0,2
2024-10-22,421.65,Microsoft,0.0208,1.4243829403140924,0.0,0,Microsoft market update,0.6931471805599453,17.05349076641324,1,10,4,0,0,2
2024-10-23,418.78,Microsoft,-0.0068,-0.6722491905675037,0.0,1,Microsoft market update,0.6931471805599453,16.793811840667775,2,10,4,0,0,2
2024-10-24,418.91,Microsoft,0.0003,-0.9590652687758248,0.0,1,Microsoft market update,0.6931471805599453,16.424226567107585,3,10,4,0,0,2
2024-10-25,422.29,Microsoft,0.0081,0.5731457574789233,0.0,0,Microsoft market update,0.6931471805599453,16.642770983212113,4,10,4,0,1,2
2024-10-28,420.75,Microsoft,-0.0036,-0.31895571876353707,0.0,1,Microsoft market update,0.6931471805599453,16.515689931879376,0,10,4,1,0,2
2024-10-29,426.03,Microsoft,0.0126,0.4535784481755731,0.0,1,Microsoft market update,0.6931471805599453,16.685912064516135,1,10,4,0,0,2
2024-10-30,426.61,Microsoft,0.0013,1.2867293347869788,0.0,0,Microsoft market update,0.6931471805599453,17.20830947101193,2,10,4,0,0,2
2024-10-31,400.78,Microsoft,-0.0605,1.449249824672048,0.0,1,Microsoft market update,0.6931471805599453,17.80395744176394,3,10,4,0,0,2
2024-11-01,404.75,Microsoft,0.0099,-1.9689767553736666,0.0,0,Microsoft market update,0.6931471805599453,17.003118642387502,4,11,4,0,1,2
2024-11-04,402.86,Microsoft,-0.0047,-0.5361443368203856,0.0,1,Microsoft market update,0.6931471805599453,16.79472216369645,0,11,4,1,0,2
2024-11-05,405.82,Microsoft,0.0073,-0.27293175335853137,0.0,1,Microsoft market update,0.6931471805599453,16.68488569937611,1,11,4,0,0,2
2024-11-06,414.42,Microsoft,0.0212,1.0409364912069405,0.0,1,Microsoft market update,0.6931471805599453,17.09949228048155,2,11,4,0,0,2
2024-11-07,419.6,Microsoft,0.0125,-0.7604283611576518,0.0,0,Microsoft market update,0.6931471805599453,16.806320788112178,3,11,4,0,0,2
2024-11-08,416.75,Microsoft,-0.0068,-0.4178828107825773,0.0,0,Microsoft market update,0.6931471805599453,16.64231523383418,4,11,4,0,1,2
2024-11-11,412.28,Microsoft,-0.0107,0.9414943759086432,0.0,1,Microsoft market update,0.6931471805599453,17.01431840113293,0,11,4,1,0,2
2024-11-12,417.24,Microsoft,0.012,-0.602784363674558,0.0,1,Microsoft market update,0.6931471805599453,16.780845529333877,1,11,4,0,0,2
2024-11-13,419.38,Microsoft,0.0051,0.2838537816464308,0.0,1,Microsoft market update,0.6931471805599453,16.88366585995125,2,11,4,0,0,2
2024-11-14,421.04,Microsoft,0.004,0.8690480617204039,0.0,0,Microsoft market update,0.6931471805599453,17.224904290912153,3,11,4,0,0,2
2024-11-15,409.32,Microsoft,-0.0279,-0.16245149749158266,0.0,1,Microsoft market update,0.6931471805599453,17.156519091596806,4,11,4,0,1,2
2024-11-18,410.06,Microsoft,0.0018,-0.3350906438554052,0.0,1,Microsoft market update,0.6931471805599453,17.023406362430933,0,11,4,1,0,2
2024-11-19,412.07,Microsoft,0.0049,-0.8050416307745173,0.0,0,Microsoft market update,0.6931471805599453,16.713271669438843,1,11,4,0,0,2
2024-11-20,409.8,Microsoft,-0.0055,0.16590381727780046,0.0,0,Microsoft market update,0.6931471805599453,16.769988503972222,2,11,4,0,0,2
2024-11-21,408.03,Microsoft,-0.0043,0.2244603127590409,0.0,1,Microsoft market update,0.6931471805599453,16.849511216350844,3,11,4,0,0,2
2024-11-22,412.11,Microsoft,0.01,0.4713628499015921,0.0,1,Microsoft market update,0.6931471805599453,17.026942787889926,4,11,4,0,1,2
2024-11-25,413.88,Microsoft,0.0043,0.30121308493668963,0.0,1,Microsoft market update,0.6931471805599453,17.136621656003474,0,11,4,1,0,2
2024-11-26,422.97,Microsoft,0.022,-0.4226089673303587,0.0,0,Microsoft market update,0.6931471805599453,16.97076055439751,1,11,4,0,0,2
2024-11-27,418.03,Microsoft,-0.0117,-0.6374965613270998,0.0,1,Microsoft market update,0.6931471805599453,16.724180598690044,2,11,4,0,0,2
2024-11-29,418.5,Microsoft,0.0011,-0.29809800634698475,0.0,1,Microsoft market update,0.6931471805599453,16.604950313181174,4,11,4,0,1,2
2024-12-02,425.93,Microsoft,0.0178,0.5682038154391545,0.0,1,Microsoft market update,0.6931471805599453,16.821549583994216,0,12,4,1,0,2
2024-12-03,426.14,Microsoft,0.0005,-0.2441784199153934,0.0,1,Microsoft market update,0.6931471805599453,16.722520956096297,1,12,4,0,0,2
2024-12-04,432.29,Microsoft,0.0144,0.8931315752168714,0.0,1,Microsoft market update,0.6931471805599453,17.07396860755565,2,12,4,0,0,2
2024-12-05,437.43,Microsoft,0.0119,-0.4639040067647576,0.0,1,Microsoft market update,0.6931471805599453,16.892721476970276,3,12,4,0,0,2
2024-12-06,438.37,Microsoft,0.0021,-0.3596328175175275,0.0,1,Microsoft market update,0.6931471805599453,16.75048387880484,4,12,4,0,1,2
2024-12-09,440.79,Microsoft,0.0055,0.06294058462594548,0.0,0,Microsoft market update,0.6931471805599453,16.767520854861626,0,12,4,1,0,2
2024-12-10,438.13,Microsoft,-0.006,-0.07634078753533151,0.0,1,Microsoft market update,0.6931471805599453,16.73163133502649,1,12,4,0,0,2
2024-12-11,443.73,Microsoft,0.0128,0.11957797766302432,0.0,1,Microsoft market update,0.6931471805599453,16.77043130569321,2,12,4,0,0,2
2024-12-12,444.29,Microsoft,0.0013,0.22989154818230192,0.0,0,Microsoft market update,0.6931471805599453,16.852135271557177,3,12,4,0,0,2
2024-12-13,442.03,Microsoft,-0.0051,-0.06594340299852677,0.0,1,Microsoft market update,0.6931471805599453,16.820093597675644,4,12,4,0,1,2
2024-12-16,446.3,Microsoft,0.0097,0.41943464336729547,0.0,1,Microsoft market update,0.6931471805599453,16.97670646362047,0,12,4,1,0,2
2024-12-17,449.13,Microsoft,0.0064,-0.08018391803917387,0.0,0,Microsoft market update,0.6931471805599453,16.939350209484953,1,12,4,0,0,2
2024-12-18,432.26,Microsoft,-0.0376,0.20664519220229158,0.0,0,Microsoft market update,0.6931471805599453,17.011915840614105,2,12,4,0,0,2
2024-12-19,431.91,Microsoft,-0.0008,-0.14683403571542006,0.0,0,Microsoft market update,0.6931471805599453,16.949425309805175,3,12,4,0,0,2
2024-12-20,431.48,Microsoft,-0.001,2.3418541034886595,0.0,0,Microsoft market update,0.6931471805599453,17.978505504142277,4,12,4,0,1,2
2024-12-23,430.15,Microsoft,-0.0031,-2.713528082626415,0.0,1,Microsoft market update,0.6931471805599453,16.767943865585618,0,12,4,1,0,2
2024-12-24,434.18,Microsoft,0.0094,-2.3270806628147684,0.0,0,Microsoft market update,0.6931471805599453,15.784648972715866,1,12,4,0,0,2
2024-12-26,432.97,Microsoft,-0.0028,0.36342753956457796,0.0,0,Microsoft market update,0.6931471805599453,15.918937266932103,3,12,4,0,0,2
2024-12-27,425.48,Microsoft,-0.0173,1.8709216442084593,0.0,0,Microsoft market update,0.6931471805599453,16.71239997414993,4,12,4,0,1,2
2024-12-30,419.85,Microsoft,-0.0132,-0.8300772113166002,0.0,0,Microsoft market update,0.6931471805599453,16.39259377078278,0,12,4,1,0,2
2024-12-31,416.56,Microsoft,-0.0078,0.0358314473103951,0.0,0,Microsoft market update,0.6931471805599453,16.39924400005074,1,12,4,0,0,2
2025-01-02,413.67,Microsoft,-0.0069,0.6337571439580392,0.0,1,Microsoft market update,0.6931471805599453,16.64261711703715,3,1,1,0,0,2
2025-01-03,418.39,Microsoft,0.0114,-0.01816624469405561,0.0,1,Microsoft market update,0.6931471805599453,16.628695309196022,4,1,1,0,1,2
2025-01-06,422.83,Microsoft,0.0106,0.5540979812117001,0.0,0,Microsoft market update,0.6931471805599453,16.8395193070759,0,1,1,1,0,2
2025-01-07,417.42,Microsoft,-0.0128,-0.3159224853384887,0.0,1,Microsoft market update,0.6931471805599453,16.71358044243751,1,1,1,0,0,2
2025-01-08,419.58,Microsoft,0.0052,-0.4773740771485116,0.0,0,Microsoft market update,0.6931471805599453,16.52719421672378,2,1,1,0,0,2
2025-01-10,414.04,Microsoft,-0.0132,0.7565714346600296,0.0,0,Microsoft market update,0.6931471805599453,16.821247665836587,4,1,1,0,1,2
2025-01-13,412.3,Microsoft,-0.0042,-0.34702674227814845,0.0,0,Microsoft market update,0.6931471805599453,16.683682206900475,0,1,1,1,0,2
2025-01-14,410.8,Microsoft,-0.0036,-0.08375857707635967,0.0,1,Microsoft market update,0.6931471805599453,16.644946246243617,1,1,1,0,0,2
2025-01-15,421.31,Microsoft,0.0256,0.3979185808059972,0.0,0,Microsoft market update,0.6931471805599453,16.79296688924522,2,1,1,0,0,2
2025-01-16,419.6,Microsoft,-0.0041,-0.6456398243830205,0.0,1,Microsoft market update,0.6931471805599453,16.54336345172214,3,1,1,0,0,2
2025-01-17,424.0,Microsoft,0.0105,1.3212468873209704,0.0,0,Microsoft market update,0.6931471805599453,17.081174582502815,4,1,1,0,1,2
2025-01-21,423.48,Microsoft,-0.0012,0.007034959620785564,0.0,1,Microsoft market update,0.6931471805599453,17.076897867759733,1,1,1,0,0,2
2025-01-22,440.97,Microsoft,0.0413,0.18408778274608836,0.0,1,Microsoft market update,0.6931471805599453,17.14068329593334,2,1,1,0,0,2
2025-01-23,441.47,Microsoft,0.0011,-1.0707661942161169,0.0,0,Microsoft market update,0.6931471805599453,16.727279586070186,3,1,1,0,0,2
2025-01-24,438.85,Microsoft,-0.0059,-0.4276590076190883,0.0,0,Microsoft market update,0.6931471805599453,16.559539106042468,4,1,1,0,1,2
2025-01-27,429.47,Microsoft,-0.0214,1.9454329233635146,0.0,1,Microsoft market update,0.6931471805599453,17.38919801989265,0,1,1,1,0,2
2025-01-28,441.96,Microsoft,0.0291,-1.0799653091929218,0.0,0,Microsoft market update,0.6931471805599453,16.972157767806447,1,1,1,0,0,2
2025-01-29,437.14,Microsoft,-0.0109,0.028279409397292038,0.0,0,Microsoft market update,0.6931471805599453,16.975968866066783,2,1,1,0,0,2
2025-01-30,410.12,Microsoft,-0.0618,1.9652234196016494,0.0,1,Microsoft market update,0.6931471805599453,17.815293511799208,3,1,1,0,0,2
2025-01-31,410.19,Microsoft,0.0002,-1.2094200218302673,0.0,0,Microsoft market update,0.6931471805599453,17.34662157521915,4,1,1,0,1,2
2025-02-03,406.1,Microsoft,-0.01,-0.7400865002237456,0.0,1,Microsoft market update,0.6931471805599453,17.061188028385086,0,2,1,1,0,2
2025-02-04,407.54,Microsoft,0.0035,-0.5767517087902634,0.0,1,Microsoft market update,0.6931471805599453,16.837500121800826,1,2,1,0,0,2
2025-02-05,408.44,Microsoft,0.0022,-0.5930799929808861,0.0,1,Microsoft market update,0.6931471805599453,16.60769974245842,2,2,1,0,0,2
2025-02-06,410.95,Microsoft,0.0061,0.017291617150287635,0.0,0,Microsoft market update,0.6931471805599453,16.607276773419144,3,2,1,0,0,2
2025-02-07,404.95,Microsoft,-0.0146,0.8633149422045319,0.0,1,Microsoft market update,0.6931471805599453,16.94607092681038,4,2,1,0,1,2
2025-02-10,407.39,Microsoft,0.006,-0.2327105724908206,0.0,0,Microsoft market update,0.6931471805599453,16.851323799546194,0,2,1,1,0,2
2025-02-11,406.62,Microsoft,-0.0019,-0.3473335015572876,-3.469446951953614e-18,0,Microsoft market update,0.6931471805599453,16.713663133304202,1,2,1,0,0,2
2025-02-12,404.24,Microsoft,-0.0058,0.15540272707034172,0.0,1,Microsoft market update,0.6931471805599453,16.766334426065576,2,2,1,0,0,2
2025-02-13,405.73,Microsoft,0.0037,0.5833838311956375,0.0,0,Microsoft market update,0.6931471805599453,16.98904171810677,3,2,1,0,0,2
2025-02-14,403.64,Microsoft,-0.0051,-0.10977932836012885,-3.469446951953614e-18,1,Microsoft market update,0.6931471805599453,16.940449303893534,4,2,1,0,1,2
2025-02-18,404.84,Microsoft,0.003,-0.14146327173455253,0.0,1,Microsoft market update,0.6931471805599453,16.879980383747363,1,2,1,0,0,2
2025-02-19,409.91,Microsoft,0.0125,0.323147386049138,0.0,1,Microsoft market update,0.6931471805599453,16.99831147803147,2,2,1,0,0,2
2025-02-20,412.08,Microsoft,0.0053,-0.048544116999484195,0.0,0,Microsoft market update,0.6931471805599453,16.97288116590595,3,2,1,0,0,2
2025-02-21,404.23,Microsoft,-0.019,0.4222141868167842,0.0,0,Microsoft market update,0.6931471805599453,17.130598010755783,4,2,1,0,1,2
2025-02-24,400.06,Microsoft,-0.0103,-0.08733905257293785,0.0,0,Microsoft market update,0.6931471805599453,17.090528540458962,0,2,1,1,0,2
2025-02-25,394.02,Microsoft,-0.0151,0.2907245454613267,0.0,1,Microsoft market update,0.6931471805599453,17.196076603045544,1,2,1,0,0,2
2025-02-26,395.84,Microsoft,0.0046,-1.0471007696491834,0.0,0,Microsoft market update,0.6931471805599453,16.792009093373963,2,2,1,0,0,2
2025-02-27,388.71,Microsoft,-0.018,0.21045926006322652,0.0,1,Microsoft market update,0.6931471805599453,16.8660813815538,3,2,1,0,0,2
2025-02-28,393.12,Microsoft,0.0114,1.1023145897373778,0.0,0,Microsoft market update,0.6931471805599453,17.307331426751077,4,2,1,0,1,2
2025-03-03,384.71,Microsoft,-0.0214,-0.923901331467902,0.0,1,Microsoft market update,0.6931471805599453,16.951339543938634,0,3,1,1,0,2
2025-03-04,384.82,Microsoft,0.0003,0.6335659602856197,0.0,1,Microsoft market update,0.6931471805599453,17.1945612010469,1,3,1,0,0,2
2025-03-05,397.11,Microsoft,0.0319,-0.5800769997111853,0.0,0,Microsoft market update,0.6931471805599453,16.96966015341214,2,3,1,0,0,2
2025-03-06,393.02,Microsoft,-0.0103,0.003868639334382187,0.0,0,Microsoft market update,0.6931471805599453,16.964161366852885,3,3,1,0,0,2
2025-03-07,389.48,Microsoft,-0.009,-0.12963539543321928,0.0,0,Microsoft market update,0.6931471805599453,16.90810185669664,4,3,1,0,1,2
2025-03-10,376.46,Microsoft,-0.0334,1.0047567773097774,0.0,1,Microsoft market update,0.6931471805599453,17.307160918061435,0,3,1,1,0,2
2025-03-11,376.74,Microsoft,0.0008,-0.1876577860475659,0.0,1,Microsoft market update,0.6931471805599453,17.229301671304878,1,3,1,0,0,2
2025-03-12,379.54,Microsoft,0.0074,-0.5810752879763031,0.0,0,Microsoft market update,0.6931471805599453,17.00407565916886,2,3,1,0,0,2
2025-03-13,375.08,Microsoft,-0.0117,-0.43240167988520695,0.0,1,Microsoft market update,0.6931471805599453,16.834617551679536,3,3,1,0,0,2
2025-03-14,384.77,Microsoft,0.0258,-0.04935656906664079,0.0,1,Microsoft market update,0.6931471805599453,16.808880092447353,4,3,1,0,1,2
2025-03-17,384.91,Microsoft,0.0004,0.32494544222341953,0.0,0,Microsoft market update,0.6931471805599453,16.927883036614723,0,3,1,1,0,2
2025-03-18,379.78,Microsoft,-0.0133,-0.3605575438504624,0.0,1,Microsoft market update,0.6931471805599453,16.785253054223418,1,3,1,0,0,2
2025-03-19,384.04,Microsoft,0.0112,-0.02270844423479669,0.0,0,Microsoft market update,0.6931471805599453,16.7696653954739,2,3,1,0,0,2
2025-03-20,383.07,Microsoft,-0.0025,-0.08183303805482925,0.0,1,Microsoft market update,0.6931471805599453,16.73168547687522,3,3,1,0,0,2
2025-03-21,387.45,Microsoft,0.0114,1.8109339119135544,0.0,1,Microsoft market update,0.6931471805599453,17.496254533633696,4,3,1,0,1,2
2025-03-24,389.25,Microsoft,0.0047,-1.6087870694258297,0.0,1,Microsoft market update,0.6931471805599453,16.860247306054923,0,3,1,1,0,2
2025-03-25,391.31,Microsoft,0.0053,-0.7425350582450653,0.0,0,Microsoft market update,0.6931471805599453,16.573937029782993,1,3,1,0,0,2
2025-03-26,386.17,Microsoft,-0.0131,0.07291733047456536,0.0,1,Microsoft market update,0.6931471805599453,16.594851495106,2,3,1,0,0,2
2025-03-27,386.77,Microsoft,0.0016,-0.39937072119977546,0.0,0,Microsoft market update,0.6931471805599453,16.437770527084794,3,3,1,0,0,2
2025-03-28,375.11,Microsoft,-0.0302,1.1268374201852365,0.0,0,Microsoft market update,0.6931471805599453,16.889684304052636,4,3,1,0,1,2
2025-03-31,371.73,Microsoft,-0.009,1.2055475407844214,0.0,1,Microsoft market update,0.6931471805599453,17.376121915407214,0,3,1,1,0,2
2025-04-01,378.47,Microsoft,0.0181,-1.4798902778463263,0.0,0,Microsoft market update,0.6931471805599453,16.795596107480563,1,4,2,0,0,2
2025-04-02,378.42,Microsoft,-0.0001,-0.518488045545788,0.0,0,Microsoft market update,0.6931471805599453,16.593870159104842,2,4,2,0,0,2
2025-04-03,369.48,Microsoft,-0.0236,1.5229990079027613,0.0,0,Microsoft market update,0.6931471805599453,17.223286288101328,3,4,2,0,0,2
2025-04-04,356.33,Microsoft,-0.0356,1.2098647508756988,3.469446951953614e-18,0,Microsoft market update,0.6931471805599453,17.711605401053916,4,4,2,0,1,2
2025-04-07,354.37,Microsoft,-0.0055,0.08208282791878148,3.469446951953614e-18,0,Microsoft market update,0.6931471805599453,17.73599766163598,0,4,2,1,0,2
2025-04-08,351.11,Microsoft,-0.0092,-0.8843288641390779,3.469446951953614e-18,1,Microsoft market update,0.6931471805599453,17.395381210622595,1,4,2,0,0,2
2025-04-09,386.69,Microsoft,0.1013,0.8568859608066259,3.469446951953614e-18,0,Microsoft market update,0.6931471805599453,17.73151962846892,2,4,2,0,0,2
2025-04-10,377.63,Microsoft,-0.0234,-0.7198669645388752,3.469446951953614e-18,1,Microsoft market update,0.6931471805599453,17.45373864319134,3,4,2,0,0,2
2025-04-11,384.67,Microsoft,0.0186,-1.205064959449514,0.0,0,Microsoft market update,0.6931471805599453,16.986841884499107,4,4,2,0,1,2
2025-04-14,384.03,Microsoft,-0.0016,-0.5506081899020234,0.0,0,Microsoft market update,0.6931471805599453,16.773084006362307,0,4,2,1,0,2
2025-04-15,381.97,Microsoft,-0.0054,-0.28069485000350897,0.0,0,Microsoft market update,0.6931471805599453,16.66041418595316,1,4,2,0,0,2
2025-04-16,367.99,Microsoft,-0.0366,0.6370042923441077,0.0,0,Microsoft market update,0.6931471805599453,16.905088348318124,2,4,2,0,0,2
2025-04-17,364.2,Microsoft,-0.0103,-0.08541038134185,0.0,0,Microsoft market update,0.6931471805599453,16.8657405338025,3,4,2,0,0,2
2025-04-21,355.62,Microsoft,-0.0235,-0.020836930310801912,0.0,1,Microsoft market update,0.6931471805599453,16.850814492697467,0,4,2,1,0,2
2025-04-22,363.25,Microsoft,0.0214,-0.15505562833953643,0.0,1,Microsoft market update,0.6931471805599453,16.785155548076474,1,4,2,0,0,2
2025-04-23,370.74,Microsoft,0.0206,0.15613716453275964,0.0,1,Microsoft market update,0.6931471805599453,16.83815254549758,2,4,2,0,0,2
2025-04-24,383.53,Microsoft,0.0345,0.22280435472827406,0.0,1,Microsoft market update,0.6931471805599453,16.917056789355644,3,4,2,0,0,2
2025-04-25,388.03,Microsoft,0.0117,-0.4031258911062019,0.0,0,Microsoft market update,0.6931471805599453,16.75853806779216,4,4,2,0,1,2
2025-04-28,387.35,Microsoft,-0.0018,-0.33998101576481854,0.0,1,Microsoft market update,0.6931471805599453,16.6236715791539,0,4,2,1,0,2
2025-04-29,390.2,Microsoft,0.0074,-0.25155757116815336,0.0,1,Microsoft market update,0.6931471805599453,16.52182598855519,1,4,2,0,0,2
2025-04-30,391.41,Microsoft,0.0031,2.0677925212168,0.0,1,Microsoft market update,0.6931471805599453,17.411756524235543,2,4,2,0,0,2
2025-05-01,421.26,Microsoft,0.0763,1.1915479245742653,0.0,1,Microsoft market update,0.6931471805599453,17.8919983155488,3,5,2,0,0,2
2025-05-02,431.04,Microsoft,0.0232,-1.6413368568068458,0.0,1,Microsoft market update,0.6931471805599453,17.24164120618414,4,5,2,0,1,2
2025-05-05,431.92,Microsoft,0.002,-1.0965005761115898,0.0,0,Microsoft market update,0.6931471805599453,16.818024831676645,0,5,2,1,0,2
2025-05-06,429.09,Microsoft,-0.0066,-0.7456858228912633,0.0,1,Microsoft market update,0.6931471805599453,16.530483475011923,1,5,2,0,0,2
2025-05-07,429.13,Microsoft,0.0001,1.084033113645097,0.0,1,Microsoft market update,0.6931471805599453,16.963762224377287,2,5,2,0,0,2
2025-05-08,433.9,Microsoft,0.0111,0.040245386464556755,0.0,1,Microsoft market update,0.6931471805599453,16.972140740371717,3,5,2,0,0,2
2025-05-09,434.46,Microsoft,0.0013,-1.1057594536292195,0.0,1,Microsoft market update,0.6931471805599453,16.544943901396373,4,5,2,0,1,2
2025-05-12,444.88,Microsoft,0.024,1.0030378975546288,0.0,0,Microsoft market update,0.6931471805599453,16.9432312030478,0,5,2,1,0,2
2025-05-13,444.76,Microsoft,-0.0003,0.10782635914520507,0.0,1,Microsoft market update,0.6931471805599453,16.977553605379008,1,5,2,0,0,2
2025-05-14,448.53,Microsoft,0.0085,-0.43683538830934165,0.0,1,Microsoft market update,0.6931471805599453,16.806371033558683,2,5,2,0,0,2
2025-05-15,449.54,Microsoft,0.0023,0.2762680012009397,0.0,1,Microsoft market update,0.6931471805599453,16.906202995528755,3,5,2,0,0,2
2025-05-16,450.67,Microsoft,0.0025,0.22847614590221121,0.0,1,Microsoft market update,0.6931471805599453,16.9872864314483,4,5,2,0,1,2
2025-05-19,455.23,Microsoft,0.0101,-0.2771089366140825,0.0,0,Microsoft market update,0.6931471805599453,16.87592982600812,0,5,2,1,0,2
2025-05-20,454.54,Microsoft,-0.0015,-0.8394217799924383,0.0,0,Microsoft market update,0.6931471805599453,16.552588740836118,1,5,2,0,0,2
2025-05-21,448.98,Microsoft,-0.0122,0.5735405559514455,0.0,1,Microsoft market update,0.6931471805599453,16.771300710212685,2,5,2,0,0,2
2025-05-22,451.26,Microsoft,0.0051,-0.15079944190735942,0.0,0,Microsoft market update,0.6931471805599453,16.707303583159185,3,5,2,0,0,2
2025-05-23,446.61,Microsoft,-0.0103,-0.15477163994563783,0.0,1,Microsoft market update,0.6931471805599453,16.641847430839867,4,5,2,0,1,2
2025-05-27,457.04,Microsoft,0.0233,0.5691932365249014,0.0,0,Microsoft market update,0.6931471805599453,16.858808484374876,1,5,2,0,0,2
2025-05-28,453.74,Microsoft,-0.0072,-0.5273031396028015,0.0,1,Microsoft market update,0.6931471805599453,16.65378758930079,2,5,2,0,0,2
2025-05-29,455.05,Microsoft,0.0029,-0.5165326788449215,0.0,1,Microsoft market update,0.6931471805599453,16.452766337190276,3,5,2,0,0,2
2025-05-30,456.71,Microsoft,0.0037,2.111032935903438,0.0,1,Microsoft market update,0.6931471805599453,17.36427991285349,4,5,2,0,1,2
2025-06-02,458.31,Microsoft,0.0035,-1.8352821787282998,0.0,1,Microsoft market update,0.6931471805599453,16.62650842614497,0,6,2,1,0,2
2025-06-03,459.3,Microsoft,0.0022,-0.12570632859394446,-3.469446951953614e-18,1,Microsoft market update,0.6931471805599453,16.571957258458518,1,6,2,0,0,2
2025-06-04,460.19,Microsoft,0.0019,-0.26222196852710156,-3.469446951953614e-18,1,Microsoft market update,0.6931471805599453,16.46612237662722,2,6,2,0,0,2
2025-06-05,463.97,Microsoft,0.0082,0.8937960350960383,0.0,1,Microsoft market update,0.6931471805599453,16.817806294791144,3,6,2,0,0,2
2025-06-06,466.65,Microsoft,0.0058,-0.7136167819754221,0.0,1,Microsoft market update,0.6931471805599453,16.54242183212845,4,6,2,0,1,2
2025-06-09,469.0,Microsoft,0.005,0.2118876394508079,0.0,0,Microsoft market update,0.6931471805599453,16.617045091206794,0,6,2,1,0,2
2025-06-10,467.19,Microsoft,-0.0039,-0.16330637579224352,0.0,1,Microsoft market update,0.6931471805599453,16.548311971565862,1,6,2,0,0,2
2025-06-11,468.87,Microsoft,0.0036,0.18577647555209284,0.0,1,Microsoft market update,0.6931471805599453,16.6127431720954,2,6,2,0,0,2
2025-06-12,475.08,Microsoft,0.0132,0.389461920578253,0.0,0,Microsoft market update,0.6931471805599453,16.757346204029375,3,6,2,0,0,2
2025-06-13,471.2,Microsoft,-0.0082,-0.29900138284437294,0.0,1,Microsoft market update,0.6931471805599453,16.63775222683154,4,6,2,0,1,2
2025-06-16,475.34,Microsoft,0.0088,-0.17559395759336202,0.0,0,Microsoft market update,0.6931471805599453,16.56445321510427,0,6,2,1,0,2
2025-06-17,474.25,Microsoft,-0.0023,-0.01763251771128222,0.0,1,Microsoft market update,0.6931471805599453,16.55079329778336,1,6,2,0,0,2
2025-06-18,476.43,Microsoft,0.0046,0.3486142889004872,0.0,0,Microsoft market update,0.6931471805599453,16.67922463629001,2,6,2,0,0,2
2025-06-20,473.62,Microsoft,-0.0059,1.8069447327347232,0.0,1,Microsoft market update,0.6931471805599453,17.4418814558337,4,6,2,0,1,2
2025-06-23,482.15,Microsoft,0.018,-1.0696178087699246,0.0,1,Microsoft market update,0.6931471805599453,17.0289315723683,0,6,2,1,0,2
2025-06-24,486.23,Microsoft,0.0085,-0.2696545010378898,0.0,1,Microsoft market update,0.6931471805599453,16.92034837081275,1,6,2,0,0,2
2025-06-25,488.37,Microsoft,0.0044,-0.6280223691826452,0.0,1,Microsoft market update,0.6931471805599453,16.677431456845284,2,6,2,0,0,2
2025-06-26,493.51,Microsoft,0.0105,0.5515038162503864,0.0,0,Microsoft market update,0.6931471805599453,16.88722658971339,3,6,2,0,0,2
2025-06-27,492.01,Microsoft,-0.003,1.1690554551623642,0.0,1,Microsoft market update,0.6931471805599453,17.35760549781536,4,6,2,0,1,2
2025-06-30,493.47,Microsoft,0.003,-0.5051520368674286,0.0,0,Microsoft market update,0.6931471805599453,17.160807592911596,0,6,2,1,0,2
2025-07-01,488.15,Microsoft,-0.0108,-0.9143354362665069,0.0,0,Microsoft market update,0.6931471805599453,16.808509148409083,1,7,3,0,0,2
2025-07-02,487.2,Microsoft,-0.002,-0.5155554784969616,0.0,1,Microsoft market update,0.6931471805599453,16.607877458671954,2,7,3,0,0,2
2025-07-03,494.89,Microsoft,0.0158,-0.39218757634178325,0.0,0,Microsoft market update,0.6931471805599453,16.453481654985314,3,7,3,0,0,2
2025-07-07,493.78,Microsoft,-0.0022,0.017816203418992024,-3.469446951953614e-18,0,Microsoft market update,0.6931471805599453,16.453252808956858,0,7,3,1,0,2
2025-07-08,492.68,Microsoft,-0.0022,-0.4222936416891508,0.0,1,Microsoft market update,0.6931471805599453,16.28755154895722,1,7,3,0,0,2
2025-07-09,499.52,Microsoft,0.0139,1.1323702411201713,0.0,0,Microsoft market update,0.6931471805599453,16.741866011332444,2,7,3,0,0,2
2025-07-10,497.51,Microsoft,-0.004,-0.30956414840150737,0.0,1,Microsoft market update,0.6931471805599453,16.618392096971597,3,7,3,0,0,2
2025-07-11,499.33,Microsoft,0.0037,0.0130900245027112,0.0,0,Microsoft market update,0.6931471805599453,16.616413436836286,4,7,3,0,1,2
2025-07-14,499.03,Microsoft,-0.0006,-0.8075371308596008,-3.469446951953614e-18,1,Microsoft market update,0.6931471805599453,16.305305324752037,0,7,3,1,0,2
2025-07-15,501.81,Microsoft,0.0056,0.5604685400847903,0.0,0,Microsoft market update,0.6931471805599453,16.518695677056975,1,7,3,0,0,2
2025-07-16,501.61,Microsoft,-0.0004,0.057805022573076285,0.0,1,Microsoft market update,0.6931471805599453,16.53380154278364,2,7,3,0,0,2
2025-07-17,507.65,Microsoft,0.012,0.3881576075098976,0.0,0,Microsoft market update,0.6931471805599453,16.677888623195678,3,7,3,0,0,2
2025-07-18,506.01,Microsoft,-0.0032,0.5078743233731816,0.0,1,Microsoft market update,0.6931471805599453,16.8699692293175,4,7,3,0,1,2
2025-07-22,501.27,Microsoft,-0.0094,-0.018967091488490295,0.0,1,Microsoft market update,0.6931471805599453,16.44513792202714,1,7,3,0,0,2
2025-07-23,501.86,Microsoft,0.0012,0.4466292538872225,0.0,1,Microsoft market update,0.6931471805599453,16.612584615216353,2,7,3,0,0,2
2025-07-24,506.83,Microsoft,0.0099,-0.028601254235444594,0.0,1,Microsoft market update,0.6931471805599453,16.594764580157623,3,7,3,0,0,2
2025-07-25,509.64,Microsoft,0.0055,0.45735834336410475,0.0,0,Microsoft market update,0.6931471805599453,16.76654359059992,4,7,3,0,1,2
2025-07-28,508.44,Microsoft,-0.0024,-0.7526980723395217,0.0,1,Microsoft market update,0.6931471805599453,16.476329449252013,0,7,3,1,0,2
2025-07-29,508.51,Microsoft,0.0001,0.3794396504274736,0.0,1,Microsoft market update,0.6931471805599453,16.617002588530184,1,7,3,0,0,2
2025-07-30,509.17,Microsoft,0.0013,1.1707631018310987,0.0,1,Microsoft market update,0.6931471805599453,17.08813190604769,2,7,3,0,0,2
2025-07-31,529.27,Microsoft,0.0395,1.6133885994109147,3.469446951953614e-18,0,Microsoft market update,0.6931471805599453,17.7593674649521,3,7,3,0,0,2
2025-08-01,519.96,Microsoft,-0.0176,-1.4723171926540524,0.0,1,Microsoft market update,0.6931471805599453,17.18203371020182,4,8,3,0,1,2
2025-08-04,531.4,Microsoft,0.022,-0.33692347564334024,0.0,0,Microsoft market update,0.6931471805599453,17.048249878940915,0,8,3,1,0,2
2025-08-05,523.57,Microsoft,-0.0147,-0.724040288867261,0.0,0,Microsoft market update,0.6931471805599453,16.768940627444845,1,8,3,0,0,2
2025-08-06,520.78,Microsoft,-0.0053,0.29665975972742986,0.0,0,Microsoft market update,0.6931471805599453,16.876829287754997,2,8,3,0,0,2
2025-08-07,516.71,Microsoft,-0.0078,-0.735893117409657,0.0,1,Microsoft market update,0.6931471805599453,16.59303091219199,3,8,3,0,0,2
2025-08-08,517.9,Microsoft,0.0023,-0.07305204064964611,0.0,0,Microsoft market update,0.6931471805599453,16.5583486489395,4,8,3,0,1,2
2025-08-11,517.64,Microsoft,-0.0005,0.6805787154352224,0.0,1,Microsoft market update,0.6931471805599453,16.82091594573263,0,8,3,1,0,2
2025-08-12,525.05,Microsoft,0.0143,-0.1896743864891124,0.0,0,Microsoft market update,0.6931471805599453,16.742267870585206,1,8,3,0,0,2
2025-08-13,516.45,Microsoft,-0.0164,0.14779761594549107,0.0,1,Microsoft market update,0.6931471805599453,16.792019287520983,2,8,3,0,0,2
2025-08-14,518.34,Microsoft,0.0036,0.10330737682396283,0.0,0,Microsoft market update,0.6931471805599453,16.82460816618662,3,8,3,0,0,2
2025-08-15,516.05,Microsoft,-0.0044,0.5723559133470301,0.0,0,Microsoft market update,0.6931471805599453,17.04288223069533,4,8,3,0,1,2
2025-08-18,513.0,Microsoft,-0.0059,-0.138359594813169,0.0,0,Microsoft market update,0.6931471805599453,16.98353934675161,0,8,3,1,0,2
2025-08-19,505.73,Microsoft,-0.0142,-0.24889855842920774,0.0,0,Microsoft market update,0.6931471805599453,16.88267942800888,1,8,3,0,0,2
2025-08-20,501.71,Microsoft,-0.0079,0.6624045834619346,0.0,0,Microsoft market update,0.6931471805599453,17.13777298760942,2,8,3,0,0,2
2025-08-21,501.07,Microsoft,-0.0013,-1.0558632392706646,0.0,1,Microsoft market update,0.6931471805599453,16.73021177308699,3,8,3,0,0,2
2025-08-22,504.04,Microsoft,0.0059,0.7149406861749736,0.0,0,Microsoft market update,0.6931471805599453,17.00698233863151,4,8,3,0,1,2
2025-08-25,501.09,Microsoft,-0.0059,-0.2920835761034208,0.0,0,Microsoft market update,0.6931471805599453,16.88998936105421,0,8,3,1,0,2
2025-08-26,498.88,Microsoft,-0.0044,0.89959972463234,0.0,1,Microsoft market update,0.6931471805599453,17.244183700055594,1,8,3,0,0,2
2025-08-27,503.55,Microsoft,0.0094,-1.476943728395527,0.0,1,Microsoft market update,0.6931471805599453,16.66493884405471,2,8,3,0,0,2
2025-08-28,506.43,Microsoft,0.0057,0.12729136406573532,0.0,0,Microsoft market update,0.6931471805599453,16.706748662695844,3,8,3,0,0,2
2025-08-29,503.5,Microsoft,-0.0058,0.4065538074149809,0.0,0,Microsoft market update,0.6931471805599453,16.858202798087824,4,8,3,0,1,2
2025-09-02,501.94,Microsoft,-0.0031,-0.3676576768639653,0.0,1,Microsoft market update,0.6931471805599453,16.712968317413207,1,9,3,0,0,2
2025-09-03,502.17,Microsoft,0.0005,-0.25629170277094404,0.0,1,Microsoft market update,0.6931471805599453,16.60943877738107,2,9,3,0,0,2
2025-09-04,504.77,Microsoft,0.0052,-0.12010512754979949,0.0,0,Microsoft market update,0.6931471805599453,16.55696336184342,3,9,3,0,0,2
2025-09-05,491.88,Microsoft,-0.0255,1.7259411107730205,0.0,1,Microsoft market update,0.6931471805599453,17.281083978814525,4,9,3,0,1,2
2025-09-08,495.06,Microsoft,0.0065,-1.6313320684089931,0.0,1,Microsoft market update,0.6931471805599453,16.6351618219405,0,9,3,1,0,2
2025-09-09,495.27,Microsoft,0.0004,-0.38471209809602097,0.0,1,Microsoft market update,0.6931471805599453,16.483467734893882,1,9,3,0,0,2
2025-09-10,497.22,Microsoft,0.0039,1.0192236111999682,0.0,1,Microsoft market update,0.6931471805599453,16.888750066056208,2,9,3,0,0,2
2025-09-11,497.86,Microsoft,0.0013,-0.3402869637137251,0.0,1,Microsoft market update,0.6931471805599453,16.753698513815234,3,9,3,0,0,2
2025-09-12,506.69,Microsoft,0.0177,0.5867189034322133,0.0,1,Microsoft market update,0.6931471805599453,16.97781184085911,4,9,3,0,1,2
2025-09-15,512.12,Microsoft,0.0107,-0.8322314547683387,0.0,0,Microsoft market update,0.6931471805599453,16.657147208508686,0,9,3,1,0,2
2025-09-16,505.84,Microsoft,-0.0123,0.37681659093127895,0.0,1,Microsoft market update,0.6931471805599453,16.796733122981344,1,9,3,0,0,2
2025-09-17,506.81,Microsoft,0.0019,-0.5674600121342384,0.0,0,Microsoft market update,0.6931471805599453,16.57657064260481,2,9,3,0,0,2
2025-09-18,505.25,Microsoft,-0.0031,0.47490001451486347,0.0,1,Microsoft market update,0.6931471805599453,16.755397138036745,3,9,3,0,0,2
2025-09-19,514.67,Microsoft,0.0186,2.3251472173054513,0.0,0,Microsoft market update,0.6931471805599453,17.775830291556613,4,9,3,0,1,2
2025-09-22,511.21,Microsoft,-0.0067,-2.2917027449433394,0.0,0,Microsoft market update,0.6931471805599453,16.81170777341603,0,9,3,1,0,2
2025-09-23,506.03,Microsoft,-0.0101,-0.009377224348403691,0.0,1,Microsoft market update,0.6931471805599453,16.80117234394657,1,9,3,0,0,2
2025-09-24,506.94,Microsoft,0.0018,-0.9870613554683455,0.0,0,Microsoft market update,0.6931471805599453,16.420693503022505,2,9,3,0,0,2
2025-09-25,503.84,Microsoft,-0.0061,0.41300497631793476,0.0,1,Microsoft market update,0.6931471805599453,16.574665765729012,3,9,3,0,0,2
2025-09-26,508.24,Microsoft,0.0087,0.08791670672325569,0.0,1,Microsoft market update,0.6931471805599453,16.601330177081667,4,9,3,0,1,2
2025-09-29,511.36,Microsoft,0.0061,0.23342561337257697,0.0,1,Microsoft market update,0.6931471805599453,16.68442036932188,0,9,3,1,0,2
2025-09-30,514.69,Microsoft,0.0065,0.3100616731935139,0.0,1,Microsoft market update,0.6931471805599453,16.797559692898837,1,9,3,0,0,2
2025-10-01,516.44,Microsoft,0.0034,0.37112108420797446,0.0,0,Microsoft market update,0.6931471805599453,16.934888691627663,2,10,4,0,0,2
2025-10-02,512.49,Microsoft,-0.0076,-0.1516500553477455,0.0,1,Microsoft market update,0.6931471805599453,16.87059139245639,3,10,4,0,0,2
2025-10-03,514.09,Microsoft,0.0031,-0.8814146168262059,0.0,1,Microsoft market update,0.6931471805599453,16.531019605911126,4,10,4,0,1,2
2025-10-06,525.24,Microsoft,0.0217,0.8834695388637867,0.0,0,Microsoft market update,0.6931471805599453,16.87836867452505,0,10,4,1,0,2
2025-10-07,520.68,Microsoft,-0.0087,-0.9878107609264393,0.0,1,Microsoft market update,0.6931471805599453,16.49757270942641,1,10,4,0,0,2
2025-10-08,521.55,Microsoft,0.0017,-0.21896092640983053,-3.469446951953614e-18,0,Microsoft market update,0.6931471805599453,16.408030259544645,2,10,4,0,0,2
2025-10-09,519.11,Microsoft,-0.0047,0.8108918584127845,0.0,0,Microsoft market update,0.6931471805599453,16.724791352302073,3,10,4,0,0,2
2025-10-10,507.74,Microsoft,-0.0219,0.7090739115792959,0.0,1,Microsoft market update,0.6931471805599453,16.999123946953112,4,10,4,0,1,2
2025-10-13,510.81,Microsoft,0.006,-1.34586030379158,0.0,0,Microsoft market update,0.6931471805599453,16.474664659286073,0,10,4,1,0,2
2025-10-14,510.34,Microsoft,-0.0009,0.09044788817526833,0.0,0,Microsoft market update,0.6931471805599453,16.502289521890543,1,10,4,0,0,2
2025-10-15,510.2,Microsoft,-0.0003,0.02017515723531976,0.0,0,Microsoft market update,0.6931471805599453,16.50299751057133,2,10,4,0,0,2
2025-10-16,508.39,Microsoft,-0.0035,0.16712127950219569,0.0,1,Microsoft market update,0.6931471805599453,16.56018843371222,3,10,4,0,0,2
2025-10-17,510.35,Microsoft,0.0039,0.63643167399321,0.0,1,Microsoft market update,0.6931471805599453,16.804610939052914,4,10,4,0,1,2
2025-10-20,513.54,Microsoft,0.0063,-0.787623221887701,0.0,1,Microsoft market update,0.6931471805599453,16.501015241483717,0,10,4,1,0,2
2025-10-21,514.4,Microsoft,0.0017,0.17659194352875038,0.0,1,Microsoft market update,0.6931471805599453,16.561896529491374,1,10,4,0,0,2
2025-10-22,517.26,Microsoft,0.0056,0.517656567951788,0.0,1,Microsoft market update,0.6931471805599453,16.757984502450906,2,10,4,0,0,2
2025-10-24,520.31,Microsoft,0.0059,0.282247128909852,0.0,1,Microsoft market update,0.6931471805599453,16.558438787167177,4,10,4,0,1,2
2025-10-27,528.17,Microsoft,0.0151,0.4963979338775174,0.0,1,Microsoft market update,0.6931471805599453,16.74588803064836,0,10,4,1,0,2
2025-10-28,538.66,Microsoft,0.0198,1.1690554551623642,0.0,0,Microsoft market update,0.6931471805599453,17.216264541339935,1,10,4,0,0,2
2025-10-29,538.14,Microsoft,-0.001,0.48629920823973655,0.0,0,Microsoft market update,0.6931471805599453,17.399668209066693,2,10,4,0,0,2
2025-10-30,522.45,Microsoft,-0.0292,0.3526050792031699,0.0,0,Microsoft market update,0.6931471805599453,17.529645905020804,3,10,4,0,0,2
2025-10-31,514.55,Microsoft,-0.0151,-0.48059050778534634,0.0,0,Microsoft market update,0.6931471805599453,17.34205932956674,4,10,4,0,1,2
2025-11-03,513.78,Microsoft,-0.0015,-1.0838045882746328,0.0,0,Microsoft market update,0.6931471805599453,16.923441458907416,0,11,4,1,0,2
2025-11-04,511.09,Microsoft,-0.0052,-0.1544876862176312,0.0,0,Microsoft market update,0.6931471805599453,16.858064440305736,1,11,4,0,0,2
2025-11-05,503.97,Microsoft,-0.0139,0.2614720158627631,0.0,0,Microsoft market update,0.6931471805599453,16.952060781338634,2,11,4,0,0,2
2025-11-06,493.97,Microsoft,-0.0198,0.46343255502925046,0.0,0,Microsoft market update,0.6931471805599453,17.12629080598966,3,11,4,0,0,2
2025-11-07,493.69,Microsoft,-0.0006,-0.33203874403595807,0.0,1,Microsoft market update,0.6931471805599453,16.994389089819094,4,11,4,0,1,2
2025-11-10,502.82,Microsoft,0.0185,0.23366099251875075,0.0,1,Microsoft market update,0.6931471805599453,17.077503380217852,0,11,4,1,0,2
2025-11-11,505.48,Microsoft,0.0053,-0.9672559364843831,0.0,1,Microsoft market update,0.6931471805599453,16.7047706426251,1,11,4,0,0,2
2025-11-12,507.92,Microsoft,0.0048,0.9852843390096098,0.0,0,Microsoft market update,0.6931471805599453,17.095477756879607,2,11,4,0,0,2
2025-11-13,500.12,Microsoft,-0.0154,-0.11423873830212732,0.0,1,Microsoft market update,0.6931471805599453,17.045251186516985,3,11,4,0,0,2
2025-11-14,506.97,Microsoft,0.0137,0.3283123335112779,0.0,0,Microsoft market update,0.6931471805599453,17.165614660322248,4,11,4,0,1,2
2025-11-17,504.3,Microsoft,-0.0053,-1.0387376301349107,0.0,0,Microsoft market update,0.6931471805599453,16.764821910973293,0,11,4,1,0,2
2025-11-18,490.68,Microsoft,-0.027,1.3962772541407595,0.0,0,Microsoft market update,0.6931471805599453,17.336418035826878,1,11,4,0,0,2
2025-11-19,484.05,Microsoft,-0.0135,-0.9724774777949656,0.0,0,Microsoft market update,0.6931471805599453,16.961613562044278,2,11,4,0,0,2
2025-11-20,476.31,Microsoft,-0.016,0.38380353669740513,0.0,0,Microsoft market update,0.6931471805599453,17.104005762022485,3,11,4,0,0,2
2025-11-21,470.03,Microsoft,-0.0132,0.4529477413555116,0.0,1,Microsoft market update,0.6931471805599453,17.274007856417327,4,11,4,0,1,2
2025-11-24,471.9,Microsoft,0.004,0.22611488166298785,0.0,1,Microsoft market update,0.6931471805599453,17.35417743025391,0,11,4,1,0,2
2025-11-25,474.88,Microsoft,0.0063,-0.5292655936428404,0.0,1,Microsoft market update,0.6931471805599453,17.148421996777966,1,11,4,0,0,2
2025-11-26,483.35,Microsoft,0.0178,-0.20964356094919603,0.0,1,Microsoft market update,0.6931471805599453,17.062355611691782,2,11,4,0,0,2
2025-11-28,489.83,Microsoft,0.0134,-1.4798902778463263,0.0,0,Microsoft market update,0.6931471805599453,16.481814796152204,4,11,4,0,1,2
2025-12-01,484.58,Microsoft,-0.0107,1.2593673081991326,0.0,1,Microsoft market update,0.6931471805599453,16.992063303915213,0,12,4,1,0,2
2025-12-02,487.83,Microsoft,0.0067,-0.5217498527411816,0.0,0,Microsoft market update,0.6931471805599453,16.789135300972244,1,12,4,0,0,2
2025-12-03,475.61,Microsoft,-0.025,1.394153615532599,0.0,1,Microsoft market update,0.6931471805599453,17.359800589900203,2,12,4,0,0,2
2025-12-04,478.71,Microsoft,0.0065,-1.1348316148653268,0.0,1,Microsoft market update,0.6931471805599453,16.920913091870577,3,12,4,0,0,2
2025-12-05,481.02,Microsoft,0.0048,0.05214071301716546,0.0,1,Microsoft market update,0.6931471805599453,16.93384539014903,4,12,4,0,1,2
2025-12-08,488.84,Microsoft,0.0163,-0.057498068631609896,0.0,1,Microsoft market update,0.6931471805599453,16.90500185435496,0,12,4,1,0,2
2025-12-09,489.84,Microsoft,0.002,-1.0417766960316857,-3.469446951953614e-18,0,Microsoft market update,0.6931471805599453,16.50309277847188,1,12,4,0,0,2
2025-12-10,476.44,Microsoft,-0.0274,2.0661400050739545,0.0,1,Microsoft market update,0.6931471805599453,17.392234266608245,2,12,4,0,0,2
2025-12-11,481.33,Microsoft,0.0103,-0.9631583707416865,0.0,0,Microsoft market update,0.6931471805599453,17.021066100465852,3,12,4,0,0,2
2025-12-12,476.41,Microsoft,-0.0102,-0.37849810890143426,0.0,0,Microsoft market update,0.6931471805599453,16.871778084635555,4,12,4,0,1,2
2025-12-15,472.71,Microsoft,-0.0078,0.3030314497177033,0.0,1,Microsoft market update,0.6931471805599453,16.98215374213413,0,12,4,1,0,2
2025-12-16,474.28,Microsoft,0.0033,-0.34365471884463,0.0,0,Microsoft market update,0.6931471805599453,16.845914801345653,1,12,4,0,0,2
2025-12-17,474.01,Microsoft,-0.0006,0.4514752858866902,0.0,1,Microsoft market update,0.6931471805599453,17.015293304546848,2,12,4,0,0,2
2025-12-18,481.83,Microsoft,0.0165,0.4097820875493404,0.0,1,Microsoft market update,0.6931471805599453,17.16799030782646,3,12,4,0,0,2
2025-12-19,483.77,Microsoft,0.004,2.1037888147909873,0.0,0,Microsoft market update,0.6931471805599453,18.075879329838486,4,12,4,0,1,2
2025-12-22,482.77,Microsoft,-0.0021,-3.026286124131516,0.0,1,Microsoft market update,0.6931471805599453,16.646545118429696,0,12,4,1,0,2
2025-12-23,484.69,Microsoft,0.004,-0.3651859450877673,-3.469446951953614e-18,1,Microsoft market update,0.6931471805599453,16.502241850797105,1,12,4,0,0,2
2025-12-24,485.86,Microsoft,0.0024,-2.206563413301856,0.0,0,Microsoft market update,0.6931471805599453,15.582960428742677,2,12,4,0,0,2
2025-12-26,485.55,Microsoft,-0.0006,1.0351107143772789,-3.469446951953614e-18,0,Microsoft market update,0.6931471805599453,15.995046385523429,4,12,4,0,1,2
2025-12-29,484.94,Microsoft,-0.0013,0.5487061276618413,0.0,1,Microsoft market update,0.6931471805599453,16.20366775101898,0,12,4,1,0,2
2025-12-30,485.32,Microsoft,0.0008,0.6425306166786532,0.0,0,Microsoft market update,0.6931471805599453,16.45059579496856,1,12,4,0,0,2
2025-12-31,481.48,Microsoft,-0.0079,0.30779662241343536,0.0,0,Microsoft market update,0.6931471805599453,16.562884095158978,2,12,4,0,0,2
2026-01-02,470.84,Microsoft,-0.0221,1.2228907413709105,0.0,0,Microsoft market update,0.6931471805599453,17.05699295774374,4,1,1,0,1,2
2026-01-05,470.75,Microsoft,-0.0002,-0.014965933058027368,0.0,1,Microsoft market update,0.6931471805599453,17.04434863440667,0,1,1,1,0,2
2026-01-06,476.39,Microsoft,0.012,-0.22451001001203166,0.0,1,Microsoft market update,0.6931471805599453,16.9526426058272,1,1,1,0,0,2
2026-01-07,481.33,Microsoft,0.0104,0.28706313872099776,0.0,0,Microsoft market update,0.6931471805599453,17.05670353234071,2,1,1,0,0,2
2026-01-08,475.99,Microsoft,-0.0111,-0.8872454608928542,0.0,1,Microsoft market update,0.6931471805599453,16.71487514775368,3,1,1,0,0,2
2026-01-09,477.16,Microsoft,0.0024,0.06524731297624084,0.0,0,Microsoft market update,0.6931471805599453,16.732794739269487,4,1,1,0,1,2
2026-01-12,475.06,Microsoft,-0.0044,0.6270541134928848,0.0,0,Microsoft market update,0.6931471805599453,16.973357471802167,0,1,1,1,0,2
2026-01-13,468.58,Microsoft,-0.0136,0.5117524665458824,0.0,0,Microsoft market update,0.6931471805599453,17.16702040794318,1,1,1,0,0,2
2026-01-14,457.34,Microsoft,-0.024,-0.015232437770397752,0.0,0,Microsoft market update,0.6931471805599453,17.154275678764517,2,1,1,0,0,2
2026-01-15,454.64,Microsoft,-0.0059,-0.49640260543494313,0.0,1,Microsoft market update,0.6931471805599453,16.96077433076698,3,1,1,0,0,2
2026-01-16,457.82,Microsoft,0.007,0.9797496759393077,0.0,0,Microsoft market update,0.6931471805599453,17.349100796865443,4,1,1,0,1,2
2026-01-20,452.5,Microsoft,-0.0116,-0.7008061109544041,0.0,0,Microsoft market update,0.6931471805599453,17.078594675766983,1,1,1,0,0,2
2026-01-21,442.14,Microsoft,-0.0229,0.9461796997737266,0.0,1,Microsoft market update,0.6931471805599453,17.45258345441465,2,1,1,0,0,2
2026-01-22,449.14,Microsoft,0.0158,-1.0478619447707216,0.0,1,Microsoft market update,0.6931471805599453,17.048265658530973,3,1,1,0,0,2
2026-01-23,463.88,Microsoft,0.0328,1.0182937851173066,3.469446951953614e-18,1,Microsoft market update,0.6931471805599453,17.453102007150356,4,1,1,0,1,2
2026-01-26,468.19,Microsoft,0.0093,-0.6739624245436011,0.0,1,Microsoft market update,0.6931471805599453,17.192797721718833,0,1,1,1,0,2
2026-01-27,478.45,Microsoft,0.0219,0.011512179746325344,0.0,1,Microsoft market update,0.6931471805599453,17.190155215600953,1,1,1,0,0,2
2026-01-28,479.49,Microsoft,0.0022,0.6083513197057826,0.0,0,Microsoft market update,0.6931471805599453,17.423055247141402,2,1,1,0,0,2
2026-01-29,431.58,Microsoft,-0.0999,2.7563498008307885,3.469446951953614e-18,0,Microsoft market update,0.6931471805599453,18.674200635077852,3,1,1,0,0,2
2026-01-30,428.38,Microsoft,-0.0074,-1.9435422766148602,0.0,0,Microsoft market update,0.6931471805599453,17.885678558168998,4,1,1,0,1,2
2026-02-02,421.49,Microsoft,-0.0161,-0.8495128349546762,0.0,0,Microsoft market update,0.6931471805599453,17.558402255521443,0,2,1,1,0,2
2026-02-03,409.39,Microsoft,-0.0287,0.94843723916694,0.0,1,Microsoft market update,0.6931471805599453,17.933312840529776,1,2,1,0,0,2
2026-02-04,412.35,Microsoft,0.0072,-0.8068239482079241,0.0,0,Microsoft market update,0.6931471805599453,17.62244858754779,2,2,1,0,0,2
2026-02-05,391.92,Microsoft,-0.0495,0.9768966325969138,0.0,1,Microsoft market update,0.6931471805599453,18.00953756104492,3,2,1,0,0,2
2026-02-06,399.36,Microsoft,0.019,-0.551267287239816,0.0,1,Microsoft market update,0.6931471805599453,17.795478170976033,4,2,1,0,1,2
2026-02-09,411.77,Microsoft,0.0311,-0.4141076361340178,0.0,0,Microsoft market update,0.6931471805599453,17.63279424261707,0,2,1,1,0,2
2026-02-10,411.44,Microsoft,-0.0008,-0.01789936411532064,0.0,0,Microsoft market update,0.6931471805599453,17.619010295948275,1,2,1,0,0,2
2026-02-11,402.58,Microsoft,-0.0215,-0.12486526720999819,0.0,0,Microsoft market update,0.6931471805599453,17.564802870297846,2,2,1,0,0,2
2026-02-12,400.06,Microsoft,-0.0063,-0.08844190785239797,0.0,0,Microsoft market update,0.6931471805599453,17.52425148568213,3,2,1,0,0,2
2026-02-13,399.54,Microsoft,-0.0013,-0.45974743987031763,0.0,0,Microsoft market update,0.6931471805599453,17.344561606930352,4,2,1,0,1,2
2026-02-17,395.1,Microsoft,-0.0111,-0.14231045604506684,0.0,1,Microsoft market update,0.6931471805599453,17.283705964952393,1,2,1,0,0,2
2026-02-18,397.83,Microsoft,0.0069,-0.8387020887047766,0.0,0,Microsoft market update,0.6931471805599453,16.96067099207013,2,2,1,0,0,2
2026-02-19,397.6,Microsoft,-0.0006,0.5160296765393076,0.0,0,Microsoft market update,0.6931471805599453,17.15603751884457,3,2,1,0,0,2
2026-02-20,396.37,Microsoft,-0.0031,0.49351802540515194,0.0,0,Microsoft market update,0.6931471805599453,17.342318070901563,4,2,1,0,1,2
2026-02-23,383.64,Microsoft,-0.0321,0.6253266062763244,0.0,1,Microsoft market update,0.6931471805599453,17.582237257641395,0,2,1,1,0,2
2026-02-24,388.16,Microsoft,0.0118,-0.6300501714516225,0.0,1,Microsoft market update,0.6931471805599453,17.338474172550015,1,2,1,0,0,2
2026-02-25,399.73,Microsoft,0.0298,0.6565589294984673,0.0,1,Microsoft market update,0.6931471805599453,17.591152422661608,2,2,1,0,0,2
2026-02-26,400.85,Microsoft,0.0028,-0.6131914918811351,0.0,0,Microsoft market update,0.6931471805599453,17.353738648329877,3,2,1,0,0,2
2026-02-27,391.89,Microsoft,-0.0224,1.008813045512563,0.0,1,Microsoft market update,0.6931471805599453,17.754510413904274,4,2,1,0,1,2
2026-03-02,397.69,Microsoft,0.0148,-0.960553153091166,0.0,1,Microsoft market update,0.6931471805599453,17.384335990308813,0,3,1,1,0,2
2026-03-03,403.06,Microsoft,0.0135,0.21022109639061357,0.0,1,Microsoft market update,0.6931471805599453,17.45832515712769,1,3,1,0,0,2
2026-03-04,404.32,Microsoft,0.0031,-0.15250098068489998,0.0,1,Microsoft market update,0.6931471805599453,17.39368191802051,2,3,1,0,0,2
2026-03-05,409.79,Microsoft,0.0135,0.23953634882369326,0.0,0,Microsoft market update,0.6931471805599453,17.479105562511883,3,3,1,0,0,2
2026-03-06,408.08,Microsoft,-0.0042,-0.5820738998175571,0.0,1,Microsoft market update,0.6931471805599453,17.253486602888813,4,3,1,0,1,2
2026-03-09,408.53,Microsoft,0.0011,-0.06703552761260129,0.0,0,Microsoft market update,0.6931471805599453,17.221095002378718,0,3,1,1,0,2
2026-03-10,404.88,Microsoft,-0.0089,0.1509903968106832,0.0,0,Microsoft market update,0.6931471805599453,17.272029142753766,1,3,1,0,0,2
2026-03-11,404.0,Microsoft,-0.0022,-0.5601791482732165,0.0,0,Microsoft market update,0.6931471805599453,17.054663446585486,2,3,1,0,0,2
2026-03-12,400.99,Microsoft,-0.0075,0.19083393407104193,0.0,0,Microsoft market update,0.6931471805599453,17.121074077442614,3,3,1,0,0,2
2026-03-13,394.7,Microsoft,-0.0157,-0.022173555021969195,0.0,1,Microsoft market update,0.6931471805599453,17.10570192549579,4,3,1,0,1,2
2026-03-16,399.09,Microsoft,0.0111,0.10305602259793581,0.0,0,Microsoft market update,0.6931471805599453,17.13815887424699,0,3,1,1,0,2
2026-03-17,398.55,Microsoft,-0.0014,-0.1290736852834501,0.0,0,Microsoft market update,0.6931471805599453,17.082349576584683,1,3,1,0,0,2
2026-03-18,390.94,Microsoft,-0.0191,-0.01390025583484211,0.0,0,Microsoft market update,0.6931471805599453,17.070081696754297,2,3,1,0,0,2
2026-03-19,388.18,Microsoft,-0.0071,-0.06103564311663388,0.0,0,Microsoft market update,0.6931471805599453,17.03992306706938,3,3,1,0,0,2
2026-03-20,381.04,Microsoft,-0.0184,1.6844503734183858,0.0,1,Microsoft market update,0.6931471805599453,17.744453628330092,4,3,1,0,1,2
2026-03-23,382.17,Microsoft,0.003,-1.3799249515446164,0.0,0,Microsoft market update,0.6931471805599453,17.205987379222623,0,3,1,1,0,2
2026-03-24,371.93,Microsoft,-0.0268,0.92393803205405,0.0,0,Microsoft market update,0.6931471805599453,17.570496077413665,1,3,1,0,0,2
2026-03-25,370.24,Microsoft,-0.0046,-0.8178947021429438,0.0,0,Microsoft market update,0.6931471805599453,17.255325939133044,2,3,1,0,0,2
2026-03-26,365.18,Microsoft,-0.0137,0.4447296479761538,0.0,0,Microsoft market update,0.6931471805599453,17.42200250125116,3,3,1,0,0,2
2026-03-27,356.0,Microsoft,-0.0251,0.0914594659412953,0.0,1,Microsoft market update,0.6931471805599453,17.450023605778778,4,3,1,0,1,2
2026-03-30,358.18,Microsoft,0.0061,0.4470511336203221,0.0,1,Microsoft market update,0.6931471805599453,17.617651753180215,0,3,1,1,0,2
2026-03-31,369.37,Microsoft,0.0312,0.04439086695038321,0.0,0,Microsoft market update,0.6931471805599453,17.627589485647796,1,3,1,0,0,2
2026-04-01,368.57,Microsoft,-0.0022,-1.1138785496083354,0.0,1,Microsoft market update,0.6931471805599453,17.19709012925055,2,4,2,0,0,2
2026-04-02,372.65,Microsoft,0.0111,-0.5123004691996934,0.0,0,Microsoft market update,0.6931471805599453,16.997685094860547,3,4,2,0,0,2
2026-04-06,372.07,Microsoft,-0.0016,-1.0379782342630017,0.0,0,Microsoft market update,0.6931471805599453,16.597220121085915,0,4,2,1,0,2
2026-04-07,371.49,Microsoft,-0.0016,0.7315238385766178,0.0,1,Microsoft market update,0.6931471805599453,16.88092284686779,1,4,2,0,0,2
2026-04-08,373.52,Microsoft,0.0055,1.083584861412579,0.0,0,Microsoft market update,0.6931471805599453,17.31397986062428,2,4,2,0,0,2
2026-04-09,372.26,Microsoft,-0.0034,-0.2009409422686988,0.0,0,Microsoft market update,0.6931471805599453,17.231113709790616,3,4,2,0,0,2
2026-04-10,370.07,Microsoft,-0.0059,-0.19198115976696029,0.0,1,Microsoft market update,0.6931471805599453,17.151675109671714,4,4,2,0,1,2
2026-04-13,383.54,Microsoft,0.0364,0.6262865284624962,0.0,1,Microsoft market update,0.6931471805599453,17.39194336566051,0,4,2,1,0,2
2026-04-14,392.26,Microsoft,0.0227,0.14336836900355082,0.0,1,Microsoft market update,0.6931471805599453,17.439971510404682,1,4,2,0,0,2
2026-04-15,410.33,Microsoft,0.0461,0.4867124472383444,3.469446951953614e-18,1,Microsoft market update,0.6931471805599453,17.623580967261706,2,4,2,0,0,2
2026-04-16,419.35,Microsoft,0.022,-0.19053916556183492,0.0,1,Microsoft market update,0.6931471805599453,17.544629460951693,3,4,2,0,0,2
2026-04-17,421.88,Microsoft,0.006,0.4125755687435956,0.0,0,Microsoft market update,0.6931471805599453,17.698479574311268,4,4,2,0,1,2
2026-04-20,417.17,Microsoft,-0.0112,-1.4450722352205112,0.0,1,Microsoft market update,0.6931471805599453,17.13268123135119,0,4,2,1,0,2
2026-04-21,423.24,Microsoft,0.0146,0.403104348107803,0.0,1,Microsoft market update,0.6931471805599453,17.282760969566343,1,4,2,0,0,2
2026-04-22,431.98,Microsoft,0.0207,-0.2119695554504216,0.0,0,Microsoft market update,0.6931471805599453,17.19576349470454,2,4,2,0,0,2
2026-04-23,414.85,Microsoft,-0.0397,0.6874648063549176,0.0,1,Microsoft market update,0.6931471805599453,17.461169335727856,3,4,2,0,0,2
2026-04-24,423.7,Microsoft,0.0213,-0.8643408384865657,0.0,1,Microsoft market update,0.6931471805599453,17.12814630706589,4,4,2,0,1,2
2026-04-27,423.9,Microsoft,0.0005,0.3199967924131479,0.0,1,Microsoft market update,0.6931471805599453,17.245207961493072,0,4,2,1,0,2
2026-04-28,428.32,Microsoft,0.0104,-0.018433159448492078,0.0,0,Microsoft market update,0.6931471805599453,17.23120570399202,1,4,2,0,0,2
2026-04-29,423.54,Microsoft,-0.0112,0.5998059597423258,0.0,0,Microsoft market update,0.6931471805599453,17.460654950570348,2,4,2,0,0,2
2026-04-30,406.9,Microsoft,-0.0393,1.494381079013952,0.0,1,Microsoft market update,0.6931471805599453,18.0769135779169,3,4,2,0,0,2
2026-05-01,413.54,Microsoft,0.0163,-1.9996530484664565,0.0,0,Microsoft market update,0.6931471805599453,17.26143911533169,4,5,2,0,1,2
2026-05-04,412.73,Microsoft,-0.002,-0.2771089366140825,0.0,0,Microsoft market update,0.6931471805599453,17.1500872879142,0,5,2,1,0,2
2026-05-05,410.49,Microsoft,-0.0054,-0.21488018585912233,0.0,1,Microsoft market update,0.6931471805599453,17.062036607616676,1,5,2,0,0,2
2026-05-06,413.07,Microsoft,0.0063,0.43838403537961024,0.0,1,Microsoft market update,0.6931471805599453,17.226192848656307,2,5,2,0,0,2
2026-05-07,419.86,Microsoft,0.0165,0.3855463406873685,0.0,0,Microsoft market update,0.6931471805599453,17.36921157811117,3,5,2,0,0,2
2026-05-08,414.22,Microsoft,-0.0134,-0.10199661642360881,0.0,0,Microsoft market update,0.6931471805599453,17.323581340296386,4,5,2,0,1,2
2026-05-11,411.77,Microsoft,-0.0059,0.18939026321294072,0.0,0,Microsoft market update,0.6931471805599453,17.389481307197432,0,5,2,1,0,2
2026-05-12,406.89,Microsoft,-0.0119,0.2232776274622261,0.0,0,Microsoft market update,0.6931471805599453,17.468612589988307,1,5,2,0,0,2
2026-05-13,404.33,Microsoft,-0.0063,-0.6811678901011636,0.0,1,Microsoft market update,0.6931471805599453,17.205549279370572,2,5,2,0,0,2
2026-05-14,408.55,Microsoft,0.0104,-0.2236330015034416,0.0,1,Microsoft market update,0.6931471805599453,17.11421371962306,3,5,2,0,0,2
2026-05-15,421.01,Microsoft,0.0305,1.521260858989169,0.0,1,Microsoft market update,0.6931471805599453,17.742839842345973,4,5,2,0,1,2
2026-05-18,422.62,Microsoft,0.0038,-1.1480800256388402,0.0,0,Microsoft market update,0.6931471805599453,17.298721043255767,0,5,2,1,0,2
2026-05-19,416.52,Microsoft,-0.0144,0.0547173768433275,0.0,1,Microsoft market update,0.6931471805599453,17.31258465588836,1,5,2,0,0,2
2026-05-20,420.15,Microsoft,0.0087,-0.43303464027898597,0.0,0,Microsoft market update,0.6931471805599453,17.142846126916574,2,5,2,0,0,2
2026-05-21,419.09,Microsoft,-0.0025,0.32561928594536466,0.0,0,Microsoft market update,0.6931471805599453,17.262111454934008,3,5,2,0,0,2
2026-05-22,418.57,Microsoft,-0.0012,-0.8774113621684962,0.0,0,Microsoft market update,0.6931471805599453,16.924138431986137,4,5,2,0,1,2
2026-05-26,416.03,Microsoft,-0.0061,0.7844606550738707,0.0,0,Microsoft market update,0.6931471805599453,17.229887407635445,1,5,2,0,0,2
2026-05-27,412.67,Microsoft,-0.0081,-0.11479678591713734,0.0,1,Microsoft market update,0.6931471805599453,17.179404089450205,2,5,2,0,0,2
2026-05-28,426.99,Microsoft,0.0347,1.2172211482771642,0.0,1,Microsoft market update,0.6931471805599453,17.670973815022414,3,5,2,0,0,2
2026-05-29,450.24,Microsoft,0.0545,1.286330070388479,3.469446951953614e-18,1,Microsoft market update,0.6931471805599453,18.19320784703116,4,5,2,0,1,2
2026-06-01,460.52,Microsoft,0.0228,-1.025469597780283,0.0,0,Microsoft market update,0.6931471805599453,17.797598678487343,0,6,2,1,0,2
2026-06-02,441.31,Microsoft,-0.0417,-0.960553153091166,0.0,0,Microsoft market update,0.6931471805599453,17.427422597921776,1,6,2,0,0,2
2026-06-03,427.34,Microsoft,-0.0317,0.15515785428196693,0.0,1,Microsoft market update,0.6931471805599453,17.48002049791092,2,6,2,0,0,2
2026-06-04,428.05,Microsoft,0.0017,-0.966137975802146,0.0,0,Microsoft market update,0.6931471805599453,17.107618294214138,3,6,2,0,0,2
2026-06-05,416.67,Microsoft,-0.0266,0.6669177469437582,0.0,0,Microsoft market update,0.6931471805599453,17.364616348384356,4,6,2,0,1,2
2026-06-08,411.74,Microsoft,-0.0118,-0.1951566088579372,0.0,0,Microsoft market update,0.6931471805599453,17.283952203189255,0,6,2,1,0,2
2026-06-09,403.41,Microsoft,-0.0202,0.26633925624446264,0.0,0,Microsoft market update,0.6931471805599453,17.379883515151672,1,6,2,0,0,2
2026-06-10,397.36,Microsoft,-0.015,-0.19544549484257973,0.0,0,Microsoft market update,0.6931471805599453,17.299086409589776,2,6,2,0,0,2
2026-06-11,390.34,Microsoft,-0.0177,0.9400378369051113,0.0,1,Microsoft market update,0.6931471805599453,17.670414934643386,3,6,2,0,0,2
2026-06-12,390.74,Microsoft,0.001,-0.7872686564962624,0.0,1,Microsoft market update,0.6931471805599453,17.3670169927029,4,6,2,0,1,2
2026-06-15,399.76,Microsoft,0.0231,-0.18679405039341895,0.0,0,Microsoft market update,0.6931471805599453,17.289537030073728,0,6,2,1,0,2
2026-06-16,393.83,Microsoft,-0.0148,-0.044216250553696164,0.0,0,Microsoft market update,0.6931471805599453,17.265713985253687,1,6,2,0,0,2
2026-06-17,378.91,Microsoft,-0.0379,0.7400311037127092,0.0,1,Microsoft market update,0.6931471805599453,17.55288968167723,2,6,2,0,0,2
2026-06-18,379.4,Microsoft,0.0013,0.8949582560388799,0.0,0,Microsoft market update,0.6931471805599453,17.905080422772425,3,6,2,0,0,2
2026-06-22,367.34,Microsoft,-0.0318,-0.7233443716227222,0.0,1,Microsoft market update,0.6931471805599453,17.625968081918632,0,6,2,1,0,2
2026-06-23,373.94,Microsoft,0.018,-0.26133153580853297,0.0,0,Microsoft market update,0.6931471805599453,17.52045037622642,1,6,2,0,0,2
2026-06-24,365.46,Microsoft,-0.0227,0.2531000114348829,0.0,0,Microsoft market update,0.6931471805599453,17.611222216770287,2,6,2,0,0,2
2026-06-25,352.83,Microsoft,-0.0346,0.9991252160336908,3.469446951953614e-18,1,Microsoft market update,0.6931471805599453,18.007873765148883,3,6,2,0,0,2
2026-06-26,372.97,Microsoft,0.0571,2.3522270270729524,3.469446951953614e-18,0,Microsoft market update,0.6931471805599453,19.042340521051695,4,6,2,0,1,2
2026-06-29,368.57,Microsoft,-0.0118,-2.8343247080265583,3.469446951953614e-18,1,Microsoft market update,0.6931471805599453,17.751833923452068,0,6,2,1,0,2
2026-06-30,373.02,Microsoft,0.0121,-0.3292950472226032,0.0,1,Microsoft market update,0.6931471805599453,17.62096567470859,1,6,2,0,0,2
2026-07-01,384.28,Microsoft,0.0302,0.19251688748430315,0.0,1,Microsoft market update,0.6931471805599453,17.688081484276097,2,7,3,0,0,2
2026-07-02,390.49,Microsoft,0.0162,-0.3317337478879948,0.0,0,Microsoft market update,0.6931471805599453,17.556244547690437,3,7,3,0,0,2
2026-07-06,386.74,Microsoft,-0.0096,-0.534505107893351,0.0,1,Microsoft market update,0.6931471805599453,17.348452349047108,0,7,3,1,0,2
2026-07-07,388.84,Microsoft,0.0054,-0.39499614001336647,0.0,0,Microsoft market update,0.6931471805599453,17.1930127802475,1,7,3,0,0,2
2026-07-08,383.34,Microsoft,-0.0141,-0.3080525450548409,0.0,1,Microsoft market update,0.6931471805599453,17.070073977250495,2,7,3,0,0,2
2026-07-09,384.36,Microsoft,0.0027,0.4829900778348885,0.0,1,Microsoft market update,0.6931471805599453,17.252178070438372,3,7,3,0,0,2
2026-07-10,385.1,Microsoft,0.0019,-0.602784363674558,0.0,0,"  订单排到2031年 ！ 3年涨价约300 %， 科技巨头大幅采购 | Did Meta Signal The AI Boom Is Overbuilt ? Wall Street Cheered Anyway | 美对伊实施海上封锁 ！ 特朗普 ： 战事重新爆发 ； 油价涨10 %； 扩大消费 ！ 国务院发文 ； 中国首个禁售燃油车省份确认 ； 人大撤销蒋方舟硕士学位丨每经早参 | ASX to open higher ; Oil surges and Wall Street drops |  [ 미국 특징주 ] 애플 , AI 투자 회의론 속 투자자 귀환 힘입어 시총 6000억달러 급증 | RSP Equal - Weight Trap : How a $10 , 000 Investment Lost $27 , 800 to Fees and Rebalancing Drag Over a Decade | 美对伊实施海上封锁 ！ 特朗普 ： 战事重新爆发 ； 油价涨10 %； 扩大消费 ！ 国务院发文 ； 中国首个禁售燃油车省份确认 ； 人大撤销蒋方舟硕士学位丨每经早参 | Apple ( NASDAQ : AAPL ) Surges $600 Billion In Market Value As Investors Flee AI Spending Fears | Nvidia , Amazon , and Microsoft Stocks Just Did Something for the First Time in at Least 5 Years . Here What History Says Will Happen Next | SpaceX perdeu força um mês após estreia histórica na bolsa de valores ?  | 微软AI投入回报与估值受关注 7月底将发布新一期财报 - 经济观察网 － 专业财经新闻网站 | Elon Musk Says He Was  Clearly Wrong  About Anthropic Artificial Intelligence ( AI ) Models . Here Why That Outstanding News for Amazon and Alphabet Investors .  |  _ 和顺石油 ( 603353 ) 股吧 _ 东方财富网股吧 | 全球市场 ： 美股三大指数集体收跌 存储概念股普跌 国际油价大涨超9 % _ 东方财富网 | Microsoft ( NASDAQ : MSFT ) Stock Price Up 1 . 5 % – Still a Buy ?  | 微软AI投入回报与估值受关注 7月底将发布新一期财报 | 2026 - 07 - 13 | ROSEN , A LONGSTANDING LAW FIRM , Encourages Microsoft Investors to Secure Counsel Before Important Deadline in Securities Class Action - MSFT | TSX : MSFT | ارتفاع القيمة السوقية لـ  أبل  بمقدار 650 مليار دولار منذ 25 يونيو | A toxic stew drags stocks lower as we look at what can get the AI trade back on track | $MSFT Shareholder Alert : Microsoft 10 % Stock Drop Leads to Securities ...  | FinancialContent - Paylocity , Rapid7 , and Braze Shares Skyrocket , What You Need To Know | FinancialContent - Workiva , Wix , and Asure Software Stocks Trade Up , What You Need To Know | FinancialContent - Asana , Sprinklr , and Freshworks Shares Are Soaring , What You Need To Know |   그간 번 돈 다 토해내게 생겼다  블랙먼데이 정리 | AI Wants Power . Now Comes the Accounting .  | AI Chipmaker Syntiant Eyes $300M IPO - Orange County Business Journal | 韩国生育率又反弹了 ， 股市暴涨能  催生  吗 ？ |婴儿潮|人口出生率 | 今夜 ， 存储芯片集体大跌 ！ 美联储 ， 加息突变 | SK Hynix : csak egy napig villogott a koreai sztárrészvény Amerikában | Anthropic rolls out rupee pricing for Claude AI in India | How small - town India is powering the next startup revolution | Jim Cramer Says Buy 2 AI Stocks up 460 % and 1 , 300 % Since 2023 -- Wall Street Agrees | جريدة البلاد | ارتفاع القيمة السوقية لـ  أبل  650 مليار دولار في أقل من 3 أسابيع | Coursera Stock Can Rally from Oversold Levels on Merger Synergies | Should You Buy Microsoft Stock Before July 29 ?  | 3 Dividend Stocks Built for Long - Term Buy - and - Hold Investors | Meet the International ETF Quietly Beating the S & P 500 in 2026 | The Vanguard S & P 500 ETF Is Magnificent . These Investments Could Be Even Better .  | Apple $650 billion rally fueled by traders fleeing AI selloff | SpaceX stock slides toward $135 IPO price after Nasdaq debut | The Vanguard S & P 500 ETF Is Unstoppable , but This 1 Investment Could Be Safer Right Now | Cursor Sand : the Claude Cowork rival with a Musk catch | 2026 - 07 - 13 | Lost Money on Microsoft Corporation ( MSFT )? Urged to Join Class Action Before August 11 , 2026 - Contact Levi & Korsinsky | TSX : MSFT | 2026 - 07 - 13 | Deadline Alert : Microsoft Corporation ( MSFT ) Shareholders Who Lost Money Urged To Contact Glancy Prongay Wolke & Rotter LLP About Securities Fraud Lawsuit | TSX : MSFT | Stock Sector Outlooks : Morningstar Top Q3 Picks Across the Market | Mark Yusko compares SpaceX $2 trillion valuation to Dogecoin , warns lockup expiry could trigger deeper selloff | AI交易降温催生新赢家 ： 苹果今年领跑  七巨头 ， 低点反弹16 %， 市值激增6500亿美元 | The Vanguard S & P 500 ETF Is Magnificent . These Investments Could Be Even Better .  | Analyst compares SpaceX to Dogecoin , says stock is trading at a  silly  and unsustainable valuation | Should You Buy Microsoft Stock Before July 29 ?  | Meta Launches Paid AI API at One - Quarter Rival Cost as Stock Posts 15 % Weekly Surge | The Vanguard S & P 500 ETF Is Magnificent . These Investments Could Be Even Better .  | Retail investors are cashing out of Apple , Tesla , and chip stocks : Chart of the Day | 苹果股价上涨1 . 87 %， 创历史新高 ； 美股半导体 、 存储芯片股 ， 全线大跌 | Glassdoor Statistics By Industry And Demographics ( 2026 )  | AI Stocks Are War Stocks | Jim Cramer on Meta :  Zuckerberg Not a Bozo , You Can Quote Me on That   | Y Combinator Tom Blomfield joins Anthropic compute team | The Stock Market Keeps Climbing . But the U . S . Economy is Moving at a Slower Pace | 巴菲特給年輕投資人的4個勸告 | 台股 | 巴菲特 | 美股 | Agilysys vs . HubSpot : Which Software Stock Is a Better Buy in 2026 ? ",4.127134385045092,17.0187528535571,4,7,3,0,1,2
2023-01-04,16.24,Infosys,-0.0071,-0.12935452306925663,0.0,0,Infosys market update,0.6931471805599453,16.16119354964281,2,1,1,0,0,1
2023-01-05,15.87,Infosys,-0.0232,-1.252819630092155,0.0,1,Infosys market update,0.6931471805599453,15.674975559302291,3,1,1,0,0,1
2023-01-06,15.98,Infosys,0.0074,0.838489697495906,0.0,1,Infosys market update,0.6931471805599453,16.003313221477118,4,1,1,0,1,1
2023-01-09,16.15,Infosys,0.0107,0.501939808499695,0.0,0,Infosys market update,0.6931471805599453,16.193026948372477,0,1,1,1,0,1
2023-01-10,16.0,Infosys,-0.0094,-0.31198454266475206,0.0,1,Infosys market update,0.6931471805599453,16.068653379212954,1,1,1,0,0,1
2023-01-11,16.26,Infosys,0.0163,-0.1198254302942048,0.0,1,Infosys market update,0.6931471805599453,16.016306638771276,2,1,1,0,0,1
2023-01-12,16.51,Infosys,0.0155,0.48712559695050306,0.0,1,Infosys market update,0.6931471805599453,16.20000747228856,3,1,1,0,0,1
2023-01-13,16.62,Infosys,0.0065,-0.09700772137805336,0.0,1,Infosys market update,0.6931471805599453,16.156229331197654,4,1,1,0,1,1
2023-01-17,16.76,Infosys,0.0081,-0.9003992322684302,0.0,1,Infosys market update,0.6931471805599453,15.809407963911207,1,1,1,0,0,1
2023-01-18,16.83,Infosys,0.0043,-0.37322734547360453,0.0,1,Infosys market update,0.6931471805599453,15.66212130942751,2,1,1,0,0,1
2023-01-19,16.88,Infosys,0.0032,-0.835105828287521,0.0,0,Infosys market update,0.6931471805599453,15.340392476486986,3,1,1,0,0,1
2023-01-20,16.85,Infosys,-0.0016,0.74111433398962,0.0,1,Infosys market update,0.6931471805599453,15.628085376806228,4,1,1,0,1,1
2023-01-23,17.1,Infosys,0.0144,-0.907360698468682,0.0,0,Infosys market update,0.6931471805599453,15.278557836712245,0,1,1,1,0,1
2023-01-24,16.96,Infosys,-0.0079,1.212227729467478,0.0,0,Infosys market update,0.6931471805599453,15.767942394509742,1,1,1,0,0,1
2023-01-25,16.71,Infosys,-0.0148,0.4211456059960796,0.0,1,Infosys market update,0.6931471805599453,15.925166148329856,2,1,1,0,0,1
2023-01-26,17.0,Infosys,0.0172,-0.7198669645388752,0.0,0,Infosys market update,0.6931471805599453,15.647371922503371,3,1,1,0,0,1
2023-01-27,16.75,Infosys,-0.0148,-0.3627164750964306,0.0,1,Infosys market update,0.6931471805599453,15.50396314213169,4,1,1,0,1,1
2023-01-30,16.77,Infosys,0.0016,1.2176366221402333,0.0,1,Infosys market update,0.6931471805599453,15.995736021152963,0,1,1,1,0,1
2023-01-31,16.87,Infosys,0.0059,-0.2545153535625425,0.0,1,Infosys market update,0.6931471805599453,15.892837490433157,1,1,1,0,0,1
2023-02-01,17.07,Infosys,0.0117,-0.027260525487865197,0.0,1,Infosys market update,0.6931471805599453,15.875476296435119,2,2,1,0,0,1
2023-02-02,17.51,Infosys,0.0258,0.7309794949434074,0.0,0,Infosys market update,0.6931471805599453,16.158940141225543,3,2,1,0,0,1
2023-02-03,17.3,Infosys,-0.0118,-1.6222149214262995,0.0,0,Infosys market update,0.6931471805599453,15.517017220623272,4,2,1,0,1,1
2023-02-06,16.89,Infosys,-0.0239,0.8879737655782554,0.0,1,Infosys market update,0.6931471805599453,15.866295519028204,0,2,1,1,0,1
2023-02-07,17.08,Infosys,0.0112,-0.42071754610592954,0.0,1,Infosys market update,0.6931471805599453,15.701155101106373,1,2,1,0,0,1
2023-02-08,17.2,Infosys,0.0068,-0.3500959230702499,0.0,1,Infosys market update,0.6931471805599453,15.56249944865357,2,2,1,0,0,1
2023-02-09,17.36,Infosys,0.0094,-0.4980209053284435,0.0,0,Infosys market update,0.6931471805599453,15.3683994943429,3,2,1,0,0,1
2023-02-10,17.2,Infosys,-0.0093,2.1081393756610303,0.0,0,Infosys market update,0.6931471805599453,16.278461348916043,4,2,1,0,1,1
2023-02-13,17.07,Infosys,-0.0073,-1.8366389985134717,0.0,1,Infosys market update,0.6931471805599453,15.540061455751983,0,2,1,1,0,1
2023-02-14,17.16,Infosys,0.0053,0.28706313872099776,0.0,1,Infosys market update,0.6931471805599453,15.64416447900426,1,2,1,0,0,1
2023-02-15,17.26,Infosys,0.0058,0.8238800529628936,0.0,0,Infosys market update,0.6931471805599453,15.96642367992598,2,2,1,0,0,1
2023-02-16,17.16,Infosys,-0.0057,-0.7066859272831437,0.0,0,Infosys market update,0.6931471805599453,15.693753639938908,3,2,1,0,0,1
2023-02-17,17.12,Infosys,-0.0021,-0.34978884617978534,0.0,0,Infosys market update,0.6931471805599453,15.555134448358244,4,2,1,0,1,1
2023-02-21,16.86,Infosys,-0.0152,1.6482294936413686,0.0,0,Infosys market update,0.6931471805599453,16.24265575918225,1,2,1,0,0,1
2023-02-22,16.71,Infosys,-0.009,-0.9394064903334974,0.0,1,Infosys market update,0.6931471805599453,15.880726519171041,2,2,1,0,0,1
2023-02-23,16.78,Infosys,0.0043,-0.13807765004174583,0.0,0,Infosys market update,0.6931471805599453,15.82152095608254,3,2,1,0,0,1
2023-02-24,16.45,Infosys,-0.0198,1.1543294678638032,0.0,0,Infosys market update,0.6931471805599453,16.285447468217814,4,2,1,0,1,1
2023-02-27,16.3,Infosys,-0.0093,-1.6044633330926714,0.0,0,Infosys market update,0.6931471805599453,15.651303020932314,0,2,1,1,0,1
2023-02-28,16.1,Infosys,-0.0121,0.6253266062763244,-3.469446951953614e-18,1,Infosys market update,0.6931471805599453,15.891170081822304,1,2,1,0,0,1
2023-03-01,16.17,Infosys,0.0045,-1.5687235899384606,0.0,1,Infosys market update,0.6931471805599453,15.272659622951727,2,3,1,0,0,1
2023-03-02,16.24,Infosys,0.0039,0.9543900431076797,0.0,1,Infosys market update,0.6931471805599453,15.650170021175429,3,3,1,0,0,1
2023-03-03,16.32,Infosys,0.005,0.21830259278827668,0.0,1,Infosys market update,0.6931471805599453,15.727302530897303,4,3,1,0,1,1
2023-03-06,16.39,Infosys,0.0044,0.24469219974092174,-3.469446951953614e-18,0,Infosys market update,0.6931471805599453,15.814785561387216,0,3,1,1,0,1
2023-03-07,16.35,Infosys,-0.0022,-0.7947221916322484,0.0,0,Infosys market update,0.6931471805599453,15.508480652000793,1,3,1,0,0,1
2023-03-08,16.3,Infosys,-0.0033,-0.34672001828449645,0.0,0,Infosys market update,0.6931471805599453,15.37108366197457,2,3,1,0,0,1
2023-03-09,15.9,Infosys,-0.0242,0.8934638355008139,0.0,0,Infosys market update,0.6931471805599453,15.722665177080387,3,3,1,0,0,1
2023-03-10,15.87,Infosys,-0.0023,0.030104906033409325,0.0,0,Infosys market update,0.6931471805599453,15.72711035258362,4,3,1,0,1,1
2023-03-13,15.5,Infosys,-0.0232,1.6273698754350436,0.0,1,Infosys market update,0.6931471805599453,16.404889904415423,0,3,1,1,0,1
2023-03-14,15.55,Infosys,0.0035,-1.498031314944725,0.0,0,Infosys market update,0.6931471805599453,15.816666316424534,1,3,1,0,0,1
2023-03-15,15.19,Infosys,-0.0231,1.6789783764706117,0.0,1,Infosys market update,0.6931471805599453,16.518601884144555,2,3,1,0,0,1
2023-03-16,15.43,Infosys,0.0154,-1.7553982408619853,0.0,0,Infosys market update,0.6931471805599453,15.817369000069743,3,3,1,0,0,1
2023-03-17,15.16,Infosys,-0.0175,1.7722835887793755,0.0,1,Infosys market update,0.6931471805599453,16.563492821714814,4,3,1,0,1,1
2023-03-20,15.19,Infosys,0.0024,-1.2568235469902218,0.0,0,Infosys market update,0.6931471805599453,16.075522227748532,0,3,1,1,0,1
2023-03-21,15.16,Infosys,-0.0024,0.8084571910332428,0.0,0,Infosys market update,0.6931471805599453,16.39127818634169,1,3,1,0,0,1
2023-03-22,14.9,Infosys,-0.0172,-1.141450433465546,0.0,1,Infosys market update,0.6931471805599453,15.949819119411334,2,3,1,0,0,1
2023-03-23,15.2,Infosys,0.0205,1.277656626039317,0.0,0,Infosys market update,0.6931471805599453,16.468224284486766,3,3,1,0,0,1
2023-03-24,15.08,Infosys,-0.0083,-2.0155220085728365,0.0,1,Infosys market update,0.6931471805599453,15.644887051277268,4,3,1,0,1,1
2023-03-27,15.27,Infosys,0.0131,1.5765644460937815,0.0,0,Infosys market update,0.6931471805599453,16.299049689792344,0,3,1,1,0,1
2023-03-28,15.05,Infosys,-0.0147,-0.5611709700794121,0.0,1,Infosys market update,0.6931471805599453,16.081245030914115,1,3,1,0,0,1
2023-03-29,15.22,Infosys,0.0113,-0.5282842054800286,0.0,1,Infosys market update,0.6931471805599453,15.875858598358638,2,3,1,0,0,1
2023-03-30,15.38,Infosys,0.0106,-0.5704435571314762,-3.469446951953614e-18,1,Infosys market update,0.6931471805599453,15.654583069207755,3,3,1,0,0,1
2023-03-31,15.65,Infosys,0.0175,0.7402116860518491,0.0,0,Infosys market update,0.6931471805599453,15.941883513597654,4,3,1,0,1,1
2023-04-03,15.63,Infosys,-0.0011,0.03765012265851744,0.0,0,Infosys market update,0.6931471805599453,15.949250991445117,0,4,2,1,0,1
2023-04-04,15.59,Infosys,-0.0029,-0.28908162882170607,-3.469446951953614e-18,0,Infosys market update,0.6931471805599453,15.833382633165005,1,4,2,0,0,1
2023-04-05,15.55,Infosys,-0.0023,-0.7844334465360978,0.0,0,Infosys market update,0.6931471805599453,15.531054887802314,2,4,2,0,0,1
2023-04-06,15.48,Infosys,-0.0046,0.5418945248921277,0.0,1,Infosys market update,0.6931471805599453,15.736952501390947,3,4,2,0,0,1
2023-04-10,15.61,Infosys,0.0081,0.7665675597126623,0.0,1,Infosys market update,0.6931471805599453,16.0351705682301,0,4,2,1,0,1
2023-04-11,15.66,Infosys,0.0035,0.6272459607912979,0.0,0,Infosys market update,0.6931471805599453,16.275817176292804,1,4,2,0,0,1
2023-04-12,15.32,Infosys,-0.0218,0.9380939578904508,3.469446951953614e-18,0,Infosys market update,0.6931471805599453,16.646321076369222,2,4,2,0,0,1
2023-04-13,13.82,Infosys,-0.0978,2.0243297909295586,3.469446951953614e-18,0,Infosys market update,0.6931471805599453,17.51471158589337,3,4,2,0,0,1
2023-04-14,13.62,Infosys,-0.0143,-1.1379450112489469,0.0,1,Infosys market update,0.6931471805599453,17.074706529848335,4,4,2,0,1,1
2023-04-17,13.63,Infosys,0.0007,-1.0768965606246776,0.0,0,Infosys market update,0.6931471805599453,16.65884899919694,0,4,2,1,0,1
2023-04-18,13.43,Infosys,-0.0151,0.5029643184107861,0.0,0,Infosys market update,0.6931471805599453,16.848943206851164,1,4,2,0,0,1
2023-04-19,13.3,Infosys,-0.0094,-0.20238920166763144,0.0,1,Infosys market update,0.6931471805599453,16.76558107128634,2,4,2,0,0,1
2023-04-20,13.33,Infosys,0.002,-0.3071460050425386,0.0,1,Infosys market update,0.6931471805599453,16.64290707586562,3,4,2,0,0,1
2023-04-21,13.35,Infosys,0.0013,-2.15893032190717,0.0,0,Infosys market update,0.6931471805599453,15.748248765203208,4,4,2,0,1,1
2023-04-24,13.3,Infosys,-0.0034,1.3065757677109797,0.0,0,Infosys market update,0.6931471805599453,16.27952557270234,0,4,2,1,0,1
2023-04-25,13.27,Infosys,-0.002,0.5861307888580346,-3.469446951953614e-18,1,Infosys market update,0.6931471805599453,16.50337172512487,1,4,2,0,0,1
2023-04-26,13.33,Infosys,0.0041,-0.7091100753532067,0.0,1,Infosys market update,0.6931471805599453,16.229780217585468,2,4,2,0,0,1
2023-04-27,13.74,Infosys,0.031,0.11558518294668794,0.0,1,Infosys market update,0.6931471805599453,16.267067314230076,3,4,2,0,0,1
2023-04-28,13.95,Infosys,0.015,0.03192875200917845,0.0,0,Infosys market update,0.6931471805599453,16.272266416298148,4,4,2,0,1,1
2023-05-01,13.9,Infosys,-0.0032,-1.079197899179256,-3.469446951953614e-18,1,Infosys market update,0.6931471805599453,15.855613509543614,0,5,2,1,0,1
2023-05-02,13.95,Infosys,0.0032,0.7825203000271127,0.0,0,Infosys market update,0.6931471805599453,16.160513267795935,1,5,2,0,0,1
2023-05-03,13.8,Infosys,-0.0103,-0.2660841528417018,0.0,0,Infosys market update,0.6931471805599453,16.053269195038173,2,5,2,0,0,1
2023-05-04,13.73,Infosys,-0.0052,0.7061335735575514,0.0,0,Infosys market update,0.6931471805599453,16.326434227481048,3,5,2,0,0,1
2023-05-05,13.69,Infosys,-0.0033,-0.21691970171285715,-3.469446951953614e-18,1,Infosys market update,0.6931471805599453,16.237548491713873,4,5,2,0,1,1
2023-05-08,13.7,Infosys,0.0007,0.20569052398093146,0.0,1,Infosys market update,0.6931471805599453,16.309756873639685,0,5,2,1,0,1
2023-05-09,13.7,Infosys,0.0007,0.12406034727345973,-3.469446951953614e-18,1,Infosys market update,0.6931471805599453,16.35030208995952,1,5,2,0,0,1
2023-05-10,13.73,Infosys,0.002,0.5489060994013899,0.0,0,Infosys market update,0.6931471805599453,16.559030922050145,2,5,2,0,0,1
2023-05-11,13.49,Infosys,-0.0176,0.08766341261421723,0.0,1,Infosys market update,0.6931471805599453,16.585596212642578,3,5,2,0,0,1
2023-05-12,13.53,Infosys,0.0033,-0.9998213514458807,0.0,1,Infosys market update,0.6931471805599453,16.200127241031844,4,5,2,0,1,1
2023-05-15,13.77,Infosys,0.0172,-0.5035298063186965,0.0,0,Infosys market update,0.6931471805599453,16.003941136748477,0,5,2,1,0,1
2023-05-16,13.56,Infosys,-0.015,0.9904871743588691,0.0,1,Infosys market update,0.6931471805599453,16.396832912602168,1,5,2,0,0,1
2023-05-17,13.63,Infosys,0.0053,-1.3762186289840115,0.0,0,Infosys market update,0.6931471805599453,15.859830105255236,2,5,2,0,0,1
2023-05-18,13.6,Infosys,-0.0026,0.5144013948639936,-3.469446951953614e-18,1,Infosys market update,0.6931471805599453,16.0545913681452,3,5,2,0,0,1
2023-05-19,13.69,Infosys,0.0066,-0.6226212455472874,0.0,1,Infosys market update,0.6931471805599453,15.813633714056056,4,5,2,0,1,1
2023-05-22,14.05,Infosys,0.0262,0.8602724560135008,0.0,0,Infosys market update,0.6931471805599453,16.151182300691588,0,5,2,1,0,1
2023-05-23,13.94,Infosys,-0.0077,-0.9694928541701727,0.0,1,Infosys market update,0.6931471805599453,15.77754725808832,1,5,2,0,0,1
2023-05-24,13.96,Infosys,0.0019,-0.05695434128347303,0.0,1,Infosys market update,0.6931471805599453,15.748943330159276,2,5,2,0,0,1
2023-05-25,14.05,Infosys,0.0064,0.7633604096112145,0.0,1,Infosys market update,0.6931471805599453,16.045890590196663,3,5,2,0,0,1
2023-05-26,14.24,Infosys,0.0134,-0.9979422017102068,0.0,1,Infosys market update,0.6931471805599453,15.661095271820198,4,5,2,0,1,1
2023-05-30,14.27,Infosys,0.0019,0.11608471907381503,-3.469446951953614e-18,1,Infosys market update,0.6931471805599453,15.698557125244745,1,5,2,0,0,1
2023-05-31,14.32,Infosys,0.0038,0.8155781980944093,0.0,1,Infosys market update,0.6931471805599453,16.01728045632673,2,5,2,0,0,1
2023-06-01,14.4,Infosys,0.0053,-0.30775032988631146,0.0,0,Infosys market update,0.6931471805599453,15.894439593335186,3,6,2,0,0,1
2023-06-02,14.37,Infosys,-0.0019,-0.12206397567775101,0.0,0,Infosys market update,0.6931471805599453,15.841221759123142,4,6,2,0,1,1
2023-06-05,14.01,Infosys,-0.0253,1.4966179665611696,0.0,1,Infosys market update,0.6931471805599453,16.45852440736517,0,6,2,1,0,1
2023-06-06,14.23,Infosys,0.0156,-0.29689399623100543,0.0,0,Infosys market update,0.6931471805599453,16.339710113812405,1,6,2,0,0,1
2023-06-08,14.04,Infosys,-0.0128,0.8509444504395436,0.0,1,Infosys market update,0.6931471805599453,16.144815573021095,3,6,2,0,0,1
2023-06-09,14.05,Infosys,0.0006,-0.5243618754414633,0.0,1,Infosys market update,0.6931471805599453,15.94089308972151,4,6,2,0,1,1
2023-06-12,14.38,Infosys,0.0233,0.3341345310026927,0.0,1,Infosys market update,0.6931471805599453,16.063512846798027,0,6,2,1,0,1
2023-06-13,14.42,Infosys,0.0025,-1.2440242146403184,0.0,0,Infosys market update,0.6931471805599453,15.58084066148565,1,6,2,0,0,1
2023-06-14,14.15,Infosys,-0.0183,2.2497294284863125,0.0,1,Infosys market update,0.6931471805599453,16.562518681282995,2,6,2,0,0,1
2023-06-15,14.21,Infosys,0.0039,-1.2676528642401057,0.0,1,Infosys market update,0.6931471805599453,16.07024914640207,3,6,2,0,0,1
2023-06-16,14.4,Infosys,0.0134,1.5658753161747134,0.0,0,Infosys market update,0.6931471805599453,16.719445529328027,4,6,2,0,1,1
2023-06-20,14.23,Infosys,-0.012,-2.115960013074972,0.0,0,Infosys market update,0.6931471805599453,15.846549491615095,1,6,2,0,0,1
2023-06-21,14.0,Infosys,-0.016,1.6303039901032883,0.0,1,Infosys market update,0.6931471805599453,16.525691886600182,2,6,2,0,0,1
2023-06-22,14.07,Infosys,0.0052,-0.6453001064232332,0.0,0,Infosys market update,0.6931471805599453,16.276201441869105,3,6,2,0,0,1
2023-06-23,13.83,Infosys,-0.0175,-0.8376228262908841,0.0,1,Infosys market update,0.6931471805599453,15.953539471204166,4,6,2,0,1,1
2023-06-26,14.1,Infosys,0.0197,0.02645225945425487,0.0,1,Infosys market update,0.6931471805599453,15.956646854546182,0,6,2,1,0,1
2023-06-27,14.21,Infosys,0.0077,-0.17358927879115119,0.0,1,Infosys market update,0.6931471805599453,15.884093482673965,1,6,2,0,0,1
2023-06-28,14.33,Infosys,0.0083,-0.116192509198255,0.0,1,Infosys market update,0.6931471805599453,15.833116721720724,2,6,2,0,0,1
2023-06-29,14.46,Infosys,0.0095,0.17659194352875038,0.0,1,Infosys market update,0.6931471805599453,15.894064330693842,3,6,2,0,0,1
2023-06-30,14.62,Infosys,0.0107,1.1637797313353937,0.0,1,Infosys market update,0.6931471805599453,16.36213151016091,4,6,2,0,1,1
2023-07-03,14.68,Infosys,0.0044,-1.4900068516010088,0.0,1,Infosys market update,0.6931471805599453,15.777266074907015,0,7,3,1,0,1
2023-07-05,14.79,Infosys,0.0074,1.5344257327685045,0.0,0,Infosys market update,0.6931471805599453,16.4119213873987,2,7,3,0,0,1
2023-07-06,14.62,Infosys,-0.0117,-1.8190274155404906,0.0,0,Infosys market update,0.6931471805599453,15.681774504061,3,7,3,0,0,1
2023-07-07,14.6,Infosys,-0.0012,-0.556215091500951,0.0,0,Infosys market update,0.6931471805599453,15.465821855598106,4,7,3,0,1,1
2023-07-10,14.56,Infosys,-0.0025,0.681324383299385,-3.469446951953614e-18,1,Infosys market update,0.6931471805599453,15.728750072331504,0,7,3,1,0,1
2023-07-11,14.77,Infosys,0.0144,0.32494544222341953,0.0,0,Infosys market update,0.6931471805599453,15.847795107373143,1,7,3,0,0,1
2023-07-12,14.62,Infosys,-0.0105,-0.1715863017540668,0.0,1,Infosys market update,0.6931471805599453,15.77597161295432,2,7,3,0,0,1
2023-07-13,15.27,Infosys,0.0448,1.5176629576792382,0.0,1,Infosys market update,0.6931471805599453,16.402921222493234,3,7,3,0,0,1
2023-07-14,15.5,Infosys,0.0149,-0.35778431856537757,0.0,1,Infosys market update,0.6931471805599453,16.261303908829877,4,7,3,0,1,1
2023-07-17,15.73,Infosys,0.0147,0.2575230142766398,0.0,1,Infosys market update,0.6931471805599453,16.353831663385833,0,7,3,1,0,1
2023-07-18,16.26,Infosys,0.0341,1.6626648565634576,0.0,0,Infosys market update,0.6931471805599453,17.048103905927753,1,7,3,0,0,1
2023-07-19,16.11,Infosys,-0.0095,-0.4671054631737615,0.0,0,Infosys market update,0.6931471805599453,16.865622156710625,2,7,3,0,0,1
2023-07-20,14.75,Infosys,-0.0841,1.5169656962231606,3.469446951953614e-18,1,Infosys market update,0.6931471805599453,17.492266847580822,3,7,3,0,0,1
2023-07-21,14.83,Infosys,0.0049,-2.2667666421262433,0.0,0,Infosys market update,0.6931471805599453,16.541282857549703,4,7,3,0,1,1
2023-07-24,14.75,Infosys,-0.0049,-1.0126240879511885,0.0,1,Infosys market update,0.6931471805599453,16.15069845629463,0,7,3,1,0,1
2023-07-25,14.9,Infosys,0.0099,-0.7565610143178224,0.0,1,Infosys market update,0.6931471805599453,15.859052993840137,1,7,3,0,0,1
2023-07-26,15.12,Infosys,0.0147,0.673479986454118,0.0,1,Infosys market update,0.6931471805599453,16.118705564922976,2,7,3,0,0,1
2023-07-27,15.13,Infosys,0.0006,0.448737726733826,0.0,0,Infosys market update,0.6931471805599453,16.286977379846455,3,7,3,0,0,1
2023-07-28,14.97,Infosys,-0.0102,-0.6897666494065554,0.0,1,Infosys market update,0.6931471805599453,16.020725460788885,4,7,3,0,1,1
2023-07-31,15.15,Infosys,0.0122,-0.8243390000579202,0.0,1,Infosys market update,0.6931471805599453,15.703186235445523,0,7,3,1,0,1
2023-08-01,15.28,Infosys,0.0084,0.3330162284400986,0.0,0,Infosys market update,0.6931471805599453,15.825360968878616,1,8,3,0,0,1
2023-08-02,15.03,Infosys,-0.0167,1.1599198537626272,0.0,0,Infosys market update,0.6931471805599453,16.291746475363684,2,8,3,0,0,1
2023-08-03,15.02,Infosys,-0.0006,-0.4078270329653429,-3.469446951953614e-18,1,Infosys market update,0.6931471805599453,16.131446234000276,3,8,3,0,0,1
2023-08-04,15.2,Infosys,0.0121,-0.9553481395734685,0.0,1,Infosys market update,0.6931471805599453,15.763276270111366,4,8,3,0,1,1
2023-08-07,15.26,Infosys,0.0042,-0.6118466911196395,0.0,0,Infosys market update,0.6931471805599453,15.526367408234371,0,8,3,1,0,1
2023-08-08,15.25,Infosys,-0.0006,0.36408818318174263,0.0,0,Infosys market update,0.6931471805599453,15.660905734321137,1,8,3,0,0,1
2023-08-09,15.2,Infosys,-0.0036,0.6104816194743807,0.0,1,Infosys market update,0.6931471805599453,15.894714696466206,2,8,3,0,0,1
2023-08-10,15.35,Infosys,0.0096,0.33167341715384174,0.0,0,Infosys market update,0.6931471805599453,16.01642841783962,3,8,3,0,0,1
2023-08-11,15.17,Infosys,-0.0113,-0.7243883019736628,0.0,1,Infosys market update,0.6931471805599453,15.736996419141207,4,8,3,0,1,1
2023-08-14,15.34,Infosys,0.0108,-0.6034547467049507,0.0,1,Infosys market update,0.6931471805599453,15.503242141706865,0,8,3,1,0,1
2023-08-15,15.58,Infosys,0.016,2.0946449281216273,0.0,0,Infosys market update,0.6931471805599453,16.406569984488396,1,8,3,0,0,1
2023-08-17,15.44,Infosys,-0.0093,-0.9080942563157696,0.0,0,Infosys market update,0.6931471805599453,15.634658352675098,3,8,3,0,0,1
2023-08-18,15.21,Infosys,-0.0147,-0.31168187026908056,0.0,1,Infosys market update,0.6931471805599453,15.510318684750356,4,8,3,0,1,1
2023-08-21,15.35,Infosys,0.0096,0.650316025071591,0.0,1,Infosys market update,0.6931471805599453,15.760463248802722,0,8,3,1,0,1
2023-08-22,15.45,Infosys,0.0065,-1.4055405339842177,0.0,1,Infosys market update,0.6931471805599453,15.211161261680044,1,8,3,0,0,1
2023-08-23,15.71,Infosys,0.0165,1.0352642680413915,0.0,0,Infosys market update,0.6931471805599453,15.623307568905028,2,8,3,0,0,1
2023-08-24,15.58,Infosys,-0.0081,-0.6688254368960207,0.0,1,Infosys market update,0.6931471805599453,15.364943868829654,3,8,3,0,0,1
2023-08-25,15.69,Infosys,0.007,-0.007783216381369939,0.0,1,Infosys market update,0.6931471805599453,15.354955313078031,4,8,3,0,1,1
2023-08-28,15.76,Infosys,0.0046,0.37506590945965335,0.0,1,Infosys market update,0.6931471805599453,15.49384019010299,0,8,3,1,0,1
2023-08-29,15.85,Infosys,0.0052,0.9885969766867583,0.0,1,Infosys market update,0.6931471805599453,15.885924094567724,1,8,3,0,0,1
2023-08-30,15.96,Infosys,0.0075,-1.386934128224363,0.0,0,Infosys market update,0.6931471805599453,15.344475887008176,2,8,3,0,0,1
2023-08-31,15.8,Infosys,-0.0103,0.8769437033675352,0.0,1,Infosys market update,0.6931471805599453,15.689080555964328,3,8,3,0,0,1
2023-09-01,15.94,Infosys,0.0086,-0.5217498527411816,-3.469446951953614e-18,1,Infosys market update,0.6931471805599453,15.486062572399835,4,9,3,0,1,1
2023-09-05,16.16,Infosys,0.0143,0.2204362865919891,0.0,0,Infosys market update,0.6931471805599453,15.56408430376471,1,9,3,0,0,1
2023-09-06,15.99,Infosys,-0.0107,-0.3250327463930133,0.0,0,Infosys market update,0.6931471805599453,15.434760375829601,2,9,3,0,0,1
2023-09-07,15.94,Infosys,-0.0034,0.4260561781727237,-3.469446951953614e-18,1,Infosys market update,0.6931471805599453,15.593965412012183,3,9,3,0,0,1
2023-09-08,16.15,Infosys,0.0131,-0.037202178746927196,0.0,1,Infosys market update,0.6931471805599453,15.572816771631905,4,9,3,0,1,1
2023-09-11,16.33,Infosys,0.0113,-0.27144156745865755,0.0,1,Infosys market update,0.6931471805599453,15.463515315980686,0,9,3,1,0,1
2023-09-12,16.43,Infosys,0.0061,0.6527778344277749,0.0,0,Infosys market update,0.6931471805599453,15.714628695213417,1,9,3,0,0,1
2023-09-13,16.37,Infosys,-0.0033,-1.256022463506835,-3.469446951953614e-18,1,Infosys market update,0.6931471805599453,15.227082970028153,2,9,3,0,0,1
2023-09-14,16.47,Infosys,0.0061,-0.8879749772323922,0.0,0,Infosys market update,0.6931471805599453,14.885071925397444,3,9,3,0,0,1
2023-09-15,16.15,Infosys,-0.0199,3.611764091993157,0.0,1,Infosys market update,0.6931471805599453,16.646951803368996,4,9,3,0,1,1
2023-09-18,16.15,Infosys,0.0006,-3.0651802881728907,0.0,1,Infosys market update,0.6931471805599453,15.187782310250975,0,9,3,1,0,1
2023-09-19,16.18,Infosys,0.0017,-0.5621631149792087,-3.469446951953614e-18,1,Infosys market update,0.6931471805599453,14.969684004055711,1,9,3,0,0,1
2023-09-20,16.27,Infosys,0.0056,1.082538499132962,0.0,0,Infosys market update,0.6931471805599453,15.402314442467885,2,9,3,0,0,1
2023-09-21,16.14,Infosys,-0.0084,0.3811863852966933,0.0,1,Infosys market update,0.6931471805599453,15.543655701077165,3,9,3,0,0,1
2023-09-22,16.17,Infosys,0.0023,-0.13160247025144123,0.0,0,Infosys market update,0.6931471805599453,15.486852461707834,4,9,3,0,1,1
2023-09-25,16.02,Infosys,-0.0096,-0.1490991506118301,0.0,0,Infosys market update,0.6931471805599453,15.423527661527311,0,9,3,1,0,1
2023-09-26,15.71,Infosys,-0.0193,0.46489586626080676,0.0,1,Infosys market update,0.6931471805599453,15.59831353731557,1,9,3,0,0,1
2023-09-27,15.86,Infosys,0.0098,1.3452096366564048,0.0,0,Infosys market update,0.6931471805599453,16.146887265782958,2,9,3,0,0,1
2023-09-28,15.43,Infosys,-0.0275,1.374162237629005,0.0,1,Infosys market update,0.6931471805599453,16.708517784404787,3,9,3,0,0,1
2023-09-29,15.56,Infosys,0.0088,-1.6074895476292197,0.0,1,Infosys market update,0.6931471805599453,16.07308792932543,4,9,3,0,1,1
2023-10-02,15.63,Infosys,0.0041,-1.8552170081119648,0.0,0,Infosys market update,0.6931471805599453,15.326210642915772,0,10,4,1,0,1
2023-10-03,15.46,Infosys,-0.0105,1.0128601541533455,0.0,1,Infosys market update,0.6931471805599453,15.728750072331504,1,10,4,0,0,1
2023-10-04,15.86,Infosys,0.0259,0.21853978382309594,0.0,1,Infosys market update,0.6931471805599453,15.80595707470696,2,10,4,0,0,1
2023-10-05,16.02,Infosys,0.0097,-0.9527483431299268,0.0,1,Infosys market update,0.6931471805599453,15.438752948632864,3,10,4,0,0,1
2023-10-06,16.18,Infosys,0.0102,0.21853978382309594,0.0,0,Infosys market update,0.6931471805599453,15.515995211011742,4,10,4,0,1,1
2023-10-09,16.15,Infosys,-0.0022,1.1367260320673875,0.0,1,Infosys market update,0.6931471805599453,15.97222570766686,0,10,4,1,0,1
2023-10-10,16.24,Infosys,0.0056,0.6419596819645896,0.0,0,Infosys market update,0.6931471805599453,16.218927015478187,1,10,4,0,0,1
2023-10-11,16.02,Infosys,-0.0134,0.9196859600338458,0.0,0,Infosys market update,0.6931471805599453,16.581647323522837,2,10,4,0,0,1
2023-10-12,14.97,Infosys,-0.0653,1.2877935891524566,3.469446951953614e-18,1,Infosys market update,0.6931471805599453,17.10452423591109,3,10,4,0,0,1
2023-10-13,15.37,Infosys,0.0267,-1.7705627366306183,0.0,1,Infosys market update,0.6931471805599453,16.39639390780686,4,10,4,0,1,1
2023-10-16,15.65,Infosys,0.0183,-1.4538569397790295,0.0,1,Infosys market update,0.6931471805599453,15.826954402449774,0,10,4,1,0,1
2023-10-17,15.78,Infosys,0.0081,-0.07634078753533151,0.0,0,Infosys market update,0.6931471805599453,15.79104899367089,1,10,4,0,0,1
2023-10-18,15.59,Infosys,-0.0121,-0.41977231482118105,0.0,0,Infosys market update,0.6931471805599453,15.626337253428469,2,10,4,0,0,1
2023-10-19,15.55,Infosys,-0.0029,-0.6091588192078583,0.0,0,Infosys market update,0.6931471805599453,15.390543550674941,3,10,4,0,0,1
2023-10-20,15.44,Infosys,-0.007,0.5314293086599379,0.0,0,Infosys market update,0.6931471805599453,15.592190398956234,4,10,4,0,1,1
2023-10-23,15.26,Infosys,-0.0112,0.9229576698451661,0.0,1,Infosys market update,0.6931471805599453,15.956258959271631,0,10,4,1,0,1
2023-10-24,15.46,Infosys,0.013,-1.0811167028256414,0.0,0,Infosys market update,0.6931471805599453,15.538723663148948,1,10,4,0,0,1
2023-10-25,15.09,Infosys,-0.0238,-0.43366774283519804,0.0,0,Infosys market update,0.6931471805599453,15.368822676164415,2,10,4,0,0,1
2023-10-26,15.04,Infosys,-0.0037,0.9868625470239296,0.0,1,Infosys market update,0.6931471805599453,15.760177219924154,3,10,4,0,0,1
2023-10-27,15.15,Infosys,0.0074,-0.5760870819302824,0.0,1,Infosys market update,0.6931471805599453,15.53679409222448,4,10,4,0,1,1
2023-10-30,15.2,Infosys,0.0036,0.003340442045284422,0.0,0,Infosys market update,0.6931471805599453,15.531054887802314,0,10,4,1,0,1
2023-10-31,15.13,Infosys,-0.0048,-0.4492231836694626,0.0,0,Infosys market update,0.6931471805599453,15.355277011580254,1,10,4,0,0,1
2023-11-01,15.11,Infosys,-0.0012,0.6316530526612674,0.0,1,Infosys market update,0.6931471805599453,15.597775260887206,2,11,4,0,0,1
2023-11-02,15.38,Infosys,0.0177,1.1080719873335445,0.0,0,Infosys market update,0.6931471805599453,16.041484656548686,3,11,4,0,0,1
2023-11-03,15.37,Infosys,-0.0006,-0.15505562833953643,0.0,1,Infosys market update,0.6931471805599453,15.975863775808989,4,11,4,0,1,1
2023-11-06,15.54,Infosys,0.0108,-1.9241985317173906,0.0,0,Infosys market update,0.6931471805599453,15.19654134072846,0,11,4,1,0,1
2023-11-07,15.47,Infosys,-0.0042,-0.8430224328280597,0.0,0,Infosys market update,0.6931471805599453,14.871737477901492,1,11,4,0,0,1
2023-11-08,15.36,Infosys,-0.0071,0.38271348685804824,-3.469446951953614e-18,0,Infosys market update,0.6931471805599453,15.01366677871875,2,11,4,0,0,1
2023-11-09,15.08,Infosys,-0.0186,1.8715767307404447,0.0,1,Infosys market update,0.6931471805599453,15.807417995147167,3,11,4,0,0,1
2023-11-10,15.32,Infosys,0.0165,-0.9412566696929494,0.0,0,Infosys market update,0.6931471805599453,15.444653249770347,4,11,4,0,1,1
2023-11-13,15.25,Infosys,-0.0048,-0.2666788604948153,0.0,1,Infosys market update,0.6931471805599453,15.337166105364739,0,11,4,1,0,1
2023-11-14,15.59,Infosys,0.0224,1.0306519072478586,0.0,1,Infosys market update,0.6931471805599453,15.747321927525615,1,11,4,0,0,1
2023-11-15,16.0,Infosys,0.026,0.9395520630266617,0.0,0,Infosys market update,0.6931471805599453,16.118505666890297,2,11,4,0,0,1
2023-11-16,15.91,Infosys,-0.0052,-1.3712816221845008,0.0,1,Infosys market update,0.6931471805599453,15.58359207049785,3,11,4,0,0,1
2023-11-17,16.13,Infosys,0.0139,-0.83402766378578,0.0,1,Infosys market update,0.6931471805599453,15.262288589790987,4,11,4,0,1,1
2023-11-20,16.16,Infosys,0.0017,0.46071201093876935,0.0,0,Infosys market update,0.6931471805599453,15.435374133807676,0,11,4,1,0,1
2023-11-21,16.07,Infosys,-0.0057,-0.1715863017540668,0.0,1,Infosys market update,0.6931471805599453,15.3635412549354,1,11,4,0,0,1
2023-11-22,16.2,Infosys,0.008,0.39033097432098823,0.0,0,Infosys market update,0.6931471805599453,15.508499049061237,2,11,4,0,0,1
2023-11-24,16.1,Infosys,-0.0063,-1.716797232998879,0.0,0,Infosys market update,0.6931471805599453,14.824708949537568,4,11,4,0,1,1
2023-11-27,16.01,Infosys,-0.0057,0.8054964676583894,0.0,1,Infosys market update,0.6931471805599453,15.139238052956781,0,11,4,1,0,1
2023-11-28,16.25,Infosys,0.015,1.4386894447884644,0.0,0,Infosys market update,0.6931471805599453,15.730062863187017,1,11,4,0,0,1
2023-11-29,16.24,Infosys,-0.0006,-0.29028198640524,0.0,0,Infosys market update,0.6931471805599453,15.613765717773465,2,11,4,0,0,1
2023-11-30,16.17,Infosys,-0.004,-0.2093529684733058,0.0,1,Infosys market update,0.6931471805599453,15.527757914839308,3,11,4,0,0,1
2023-12-01,16.34,Infosys,0.0103,-0.3822248036908211,0.0,0,Infosys market update,0.6931471805599453,15.377018146460358,4,12,4,0,1,1
2023-12-04,16.3,Infosys,-0.0023,0.4260561781727237,0.0,0,Infosys market update,0.6931471805599453,15.53623954547262,0,12,4,1,0,1
2023-12-05,16.09,Infosys,-0.013,-0.26816624276422735,0.0,1,Infosys market update,0.6931471805599453,15.428163496658364,1,12,4,0,0,1
2023-12-06,16.3,Infosys,0.0132,0.812802551143137,0.0,0,Infosys market update,0.6931471805599453,15.745770449547924,2,12,4,0,0,1
2023-12-07,16.25,Infosys,-0.0028,-1.8059696342525986,-3.469446951953614e-18,1,Infosys market update,0.6931471805599453,15.021481664354036,3,12,4,0,0,1
2023-12-08,16.49,Infosys,0.0142,0.8089791770302195,0.0,0,Infosys market update,0.6931471805599453,15.337449920213698,4,12,4,0,1,1
2023-12-11,16.04,Infosys,-0.0268,1.5027247872731937,0.0,1,Infosys market update,0.6931471805599453,15.957551358815614,0,12,4,1,0,1
2023-12-12,16.17,Infosys,0.008,-1.121626282276074,0.0,0,Infosys market update,0.6931471805599453,15.524069742392772,1,12,4,0,0,1
2023-12-13,16.1,Infosys,-0.0046,1.2170826349958286,0.0,1,Infosys market update,0.6931471805599453,16.0155756527638,2,12,4,0,0,1
2023-12-14,16.93,Infosys,0.0515,1.102018833257712,0.0,1,Infosys market update,0.6931471805599453,16.45665150106281,3,12,4,0,0,1
2023-12-15,17.2,Infosys,0.0163,-1.358142837464012,0.0,1,Infosys market update,0.6931471805599453,15.927213678131917,4,12,4,0,1,1
2023-12-18,17.32,Infosys,0.007,-1.3421821597482735,0.0,0,Infosys market update,0.6931471805599453,15.404378552810273,0,12,4,1,0,1
2023-12-19,17.31,Infosys,-0.0005,0.20210640656024065,0.0,0,Infosys market update,0.6931471805599453,15.475223436465596,1,12,4,0,0,1
2023-12-20,16.97,Infosys,-0.0197,0.43244251391233757,0.0,0,Infosys market update,0.6931471805599453,15.636990790427516,2,12,4,0,0,1
2023-12-21,16.96,Infosys,-0.0005,0.596298939133821,0.0,1,Infosys market update,0.6931471805599453,15.864995472030545,3,12,4,0,0,1
2023-12-22,17.29,Infosys,0.019,-0.24948920527545115,0.0,0,Infosys market update,0.6931471805599453,15.764003226586288,4,12,4,0,1,1
2023-12-26,17.0,Infosys,-0.0165,-1.5166669351122195,0.0,1,Infosys market update,0.6931471805599453,15.167782929121602,1,12,4,0,0,1
2023-12-27,17.14,Infosys,0.0081,0.3150355550012734,0.0,0,Infosys market update,0.6931471805599453,15.282924200889907,2,12,4,0,0,1
2023-12-28,17.1,Infosys,-0.0022,-0.701842963921857,0.0,0,Infosys market update,0.6931471805599453,15.012066223195808,3,12,4,0,0,1
2023-12-29,16.94,Infosys,-0.0097,-0.3645683655661797,0.0,0,Infosys market update,0.6931471805599453,14.868009446730806,4,12,4,0,1,1
2024-01-02,16.66,Infosys,-0.0163,2.553601481340465,0.0,0,Infosys market update,0.6931471805599453,16.008682601533444,1,1,1,0,0,1
2024-01-03,16.62,Infosys,-0.0022,0.831113489686229,0.0,1,Infosys market update,0.6931471805599453,16.333916536880643,2,1,1,0,0,1
2024-01-04,16.65,Infosys,0.0017,-1.560579149375754,0.0,1,Infosys market update,0.6931471805599453,15.7187519189397,3,1,1,0,0,1
2024-01-05,16.68,Infosys,0.0017,1.1136637979198318,0.0,1,Infosys market update,0.6931471805599453,16.164902993492703,4,1,1,0,1,1
2024-01-08,16.96,Infosys,0.0166,-0.8549305686778409,0.0,0,Infosys market update,0.6931471805599453,15.835547179002186,0,1,1,1,0,1
2024-01-09,16.82,Infosys,-0.0082,-0.5423815771914513,0.0,0,Infosys market update,0.6931471805599453,15.624798993247266,1,1,1,0,0,1
2024-01-10,16.68,Infosys,-0.0082,1.8819286950605976,0.0,1,Infosys market update,0.6931471805599453,16.42356368625183,2,1,1,0,0,1
2024-01-11,17.34,Infosys,0.0398,0.7184153478322383,0.0,1,Infosys market update,0.6931471805599453,16.701835304412302,3,1,1,0,0,1
2024-01-12,18.06,Infosys,0.0414,0.44515194493557925,0.0,0,Infosys market update,0.6931471805599453,16.868681253374533,4,1,1,0,1,1
2024-01-16,17.94,Infosys,-0.0066,-1.1806028739072243,0.0,1,Infosys market update,0.6931471805599453,16.411511329829075,1,1,1,0,0,1
2024-01-17,18.01,Infosys,0.0036,-0.4434990169444543,0.0,1,Infosys market update,0.6931471805599453,16.23793000344719,2,1,1,0,0,1
2024-01-18,18.27,Infosys,0.0148,-0.3286857243881553,0.0,1,Infosys market update,0.6931471805599453,16.10721679015461,3,1,1,0,0,1
2024-01-19,18.42,Infosys,0.0081,-0.5727661038585847,0.0,0,Infosys market update,0.6931471805599453,15.885028144693095,4,1,1,0,1,1
2024-01-22,18.31,Infosys,-0.006,-0.7982771506366612,0.0,0,Infosys market update,0.6931471805599453,15.577377841051215,0,1,1,1,0,1
2024-01-23,18.24,Infosys,-0.004,1.0849292786400244,0.0,1,Infosys market update,0.6931471805599453,16.011056059775154,1,1,1,0,0,1
2024-01-24,18.42,Infosys,0.0101,0.4119312781183203,0.0,1,Infosys market update,0.6931471805599453,16.16460712564765,2,1,1,0,0,1
2024-01-25,18.51,Infosys,0.005,-0.940886560142216,0.0,1,Infosys market update,0.6931471805599453,15.802082825903272,3,1,1,0,0,1
2024-01-26,18.63,Infosys,0.0065,-0.638174372168654,0.0,0,Infosys market update,0.6931471805599453,15.555327574778872,4,1,1,0,1,1
2024-01-29,18.59,Infosys,-0.0025,-0.18046955019476185,-3.469446951953614e-18,0,Infosys market update,0.6931471805599453,15.480156283052182,0,1,1,1,0,1
2024-01-30,18.38,Infosys,-0.0109,0.510528641662203,0.0,0,Infosys market update,0.6931471805599453,15.673323181943067,1,1,1,0,0,1
2024-01-31,18.3,Infosys,-0.0045,0.09247053307003153,0.0,1,Infosys market update,0.6931471805599453,15.701716349130383,2,1,1,0,0,1
2024-02-01,18.6,Infosys,0.0166,0.5869149009460854,0.0,1,Infosys market update,0.6931471805599453,15.9258814428477,3,2,1,0,0,1
2024-02-02,18.75,Infosys,0.0079,-0.7762952186649186,0.0,0,Infosys market update,0.6931471805599453,15.626729621803316,4,2,1,0,1,1
2024-02-05,18.71,Infosys,-0.0025,-1.3569130569264087,-3.469446951953614e-18,1,Infosys market update,0.6931471805599453,15.09777712606798,0,2,1,1,0,1
2024-02-06,18.99,Infosys,0.0153,1.7577864141422765,0.0,0,Infosys market update,0.6931471805599453,15.836978780329458,1,2,1,0,0,1
2024-02-07,18.83,Infosys,-0.0087,-0.7104961010848524,0.0,0,Infosys market update,0.6931471805599453,15.562813135820464,2,2,1,0,0,1
2024-02-08,18.6,Infosys,-0.0117,0.48319706629294124,0.0,0,Infosys market update,0.6931471805599453,15.744957500503073,3,2,1,0,0,1
2024-02-09,18.52,Infosys,-0.0045,-0.39437176677166147,0.0,1,Infosys market update,0.6931471805599453,15.589666150870606,4,2,1,0,1,1
2024-02-12,18.56,Infosys,0.002,-0.8473480492075067,-3.469446951953614e-18,0,Infosys market update,0.6931471805599453,15.263182433876128,0,2,1,1,0,1
2024-02-13,18.3,Infosys,-0.0139,1.204292156093612,0.0,1,Infosys market update,0.6931471805599453,15.749073507398665,1,2,1,0,0,1
2024-02-14,18.6,Infosys,0.0161,0.25984691773829705,0.0,1,Infosys market update,0.6931471805599453,15.842487198140269,2,2,1,0,0,1
2024-02-15,18.72,Infosys,0.0064,-0.9579497427978024,-3.469446951953614e-18,1,Infosys market update,0.6931471805599453,15.473262521243843,3,2,1,0,0,1
2024-02-16,18.86,Infosys,0.0079,0.14853486639370042,0.0,0,Infosys market update,0.6931471805599453,15.523272467725128,4,2,1,0,1,1
2024-02-20,18.45,Infosys,-0.022,0.8154048429843838,0.0,0,Infosys market update,0.6931471805599453,15.841973306654143,1,2,1,0,0,1
2024-02-21,18.23,Infosys,-0.012,-0.522729092792825,0.0,1,Infosys market update,0.6931471805599453,15.638688103149027,2,2,1,0,0,1
2024-02-22,18.72,Infosys,0.0268,0.1804643026414693,0.0,0,Infosys market update,0.6931471805599453,15.701094406772276,3,2,1,0,0,1
2024-02-23,18.53,Infosys,-0.0098,-1.147299514305425,0.0,0,Infosys market update,0.6931471805599453,15.257287165050402,4,2,1,0,1,1
2024-02-26,18.42,Infosys,-0.006,0.5184694929659128,0.0,1,Infosys market update,0.6931471805599453,15.453672166754492,0,2,1,1,0,1
2024-02-27,18.43,Infosys,0.0005,-1.5859147589792373,-3.469446951953614e-18,0,Infosys market update,0.6931471805599453,14.82765713892001,1,2,1,0,0,1
2024-02-28,18.38,Infosys,-0.0025,1.1380306736942247,-3.469446951953614e-18,1,Infosys market update,0.6931471805599453,15.284421465437456,2,2,1,0,0,1
2024-02-29,18.39,Infosys,0.0005,0.9245913122707581,0.0,0,Infosys market update,0.6931471805599453,15.64919557257628,3,2,1,0,0,1
2024-03-01,18.27,Infosys,-0.0065,-0.02618855827282953,0.0,0,Infosys market update,0.6931471805599453,15.632255442440274,4,3,1,0,1,1
2024-03-04,18.25,Infosys,-0.0015,0.2852298644502184,0.0,0,Infosys market update,0.6931471805599453,15.735634071203984,0,3,1,1,0,1
2024-03-05,17.78,Infosys,-0.0258,0.2709635289923876,0.0,1,Infosys market update,0.6931471805599453,15.833422513783708,1,3,1,0,0,1
2024-03-06,17.81,Infosys,0.0021,0.5376751217448544,0.0,1,Infosys market update,0.6931471805599453,16.037590444682124,2,3,1,0,0,1
2024-03-07,17.87,Infosys,0.0031,0.48629920823973655,0.0,0,Infosys market update,0.6931471805599453,16.22102229715734,3,3,1,0,0,1
2024-03-08,17.75,Infosys,-0.0067,-0.7872686564962624,0.0,0,Infosys market update,0.6931471805599453,15.917606172408725,4,3,1,0,1,1
2024-03-11,17.71,Infosys,-0.0021,0.13076507755385752,-3.469446951953614e-18,1,Infosys market update,0.6931471805599453,15.960751661273292,0,3,1,1,0,1
2024-03-12,17.89,Infosys,0.0104,0.7461610545398571,0.0,0,Infosys market update,0.6931471805599453,16.250517766061964,1,3,1,0,0,1
2024-03-13,17.87,Infosys,-0.0015,-1.1999239035680518,0.0,1,Infosys market update,0.6931471805599453,15.785555812315266,2,3,1,0,0,1
2024-03-14,18.12,Infosys,0.0139,0.4462072815002438,0.0,0,Infosys market update,0.6931471805599453,15.952855492862444,3,3,1,0,0,1
2024-03-15,17.72,Infosys,-0.0219,1.1227494779326728,0.0,0,Infosys market update,0.6931471805599453,16.40298139231807,4,3,1,0,1,1
2024-03-18,17.66,Infosys,-0.0031,-1.8470528198219505,0.0,0,Infosys market update,0.6931471805599453,15.659894260487624,0,3,1,1,0,1
2024-03-19,17.37,Infosys,-0.0167,1.0378726624302055,0.0,1,Infosys market update,0.6931471805599453,16.073202986659147,1,3,1,0,0,1
2024-03-20,17.44,Infosys,0.0042,0.05007700337249087,0.0,0,Infosys market update,0.6931471805599453,16.08529359806054,2,3,1,0,0,1
2024-03-21,16.78,Infosys,-0.038,2.0105110797565033,0.0,0,Infosys market update,0.6931471805599453,16.946865828961567,3,3,1,0,0,1
2024-03-22,16.33,Infosys,-0.0269,-1.0911094557664676,0.0,0,Infosys market update,0.6931471805599453,16.5254590228898,4,3,1,0,1,1
2024-03-25,16.25,Infosys,-0.0051,-0.4815561326280494,0.0,1,Infosys market update,0.6931471805599453,16.337592641644594,0,3,1,1,0,1
2024-03-26,16.36,Infosys,0.0068,-0.4355679035517473,0.0,1,Infosys market update,0.6931471805599453,16.166971620970134,1,3,1,0,0,1
2024-03-27,16.39,Infosys,0.0023,-1.400985234124826,0.0,1,Infosys market update,0.6931471805599453,15.61962686602158,2,3,1,0,0,1
2024-03-28,16.52,Infosys,0.0079,0.389461920578253,0.0,0,Infosys market update,0.6931471805599453,15.764216936779839,3,3,1,0,0,1
2024-04-01,16.2,Infosys,-0.0195,1.7434623421014555,0.0,0,Infosys market update,0.6931471805599453,16.496641738200864,0,4,2,1,0,1
2024-04-03,16.33,Infosys,0.008,-0.9283247498591087,0.0,1,Infosys market update,0.6931471805599453,15.998343289953064,2,4,2,0,0,1
2024-04-04,16.36,Infosys,0.0017,0.9134533980080477,0.0,1,Infosys market update,0.6931471805599453,16.358410999418837,3,4,2,0,0,1
2024-04-05,16.43,Infosys,0.0045,-1.8761378873951857,0.0,1,Infosys market update,0.6931471805599453,15.601788531205862,4,4,2,0,1,1
2024-04-08,16.46,Infosys,0.0017,0.9579202631779407,0.0,1,Infosys market update,0.6931471805599453,15.980739926317916,0,4,2,1,0,1
2024-04-09,16.76,Infosys,0.0185,1.0882113504346038,0.0,0,Infosys market update,0.6931471805599453,16.415819708478736,1,4,2,0,0,1
2024-04-10,16.59,Infosys,-0.0104,-0.3893818817696448,0.0,0,Infosys market update,0.6931471805599453,16.262455788022756,2,4,2,0,0,1
2024-04-11,16.53,Infosys,-0.0033,0.39661996144322414,0.0,0,Infosys market update,0.6931471805599453,16.409959044490382,3,4,2,0,0,1
2024-04-12,16.33,Infosys,-0.0123,0.7147576292657104,0.0,0,Infosys market update,0.6931471805599453,16.68668256346533,4,4,2,0,1,1
2024-04-15,15.91,Infosys,-0.0254,-1.137166438540873,0.0,0,Infosys market update,0.6931471805599453,16.246867070363674,0,4,2,1,0,1
2024-04-16,15.71,Infosys,-0.0127,0.3682670432461528,0.0,0,Infosys market update,0.6931471805599453,16.38301825546599,1,4,2,0,0,1
2024-04-17,15.62,Infosys,-0.0059,0.6930295296934639,0.0,0,Infosys market update,0.6931471805599453,16.65072783398342,2,4,2,0,0,1
2024-04-18,15.21,Infosys,-0.026,1.5050676631252318,3.469446951953614e-18,1,Infosys market update,0.6931471805599453,17.271918748855924,3,4,2,0,0,1
2024-04-19,15.49,Infosys,0.0182,-1.6916644360842268,0.0,1,Infosys market update,0.6931471805599453,16.599428672091523,4,4,2,0,1,1
2024-04-22,15.94,Infosys,0.0291,0.5497057757181816,0.0,0,Infosys market update,0.6931471805599453,16.808474051983403,0,4,2,1,0,1
2024-04-23,15.81,Infosys,-0.0081,-1.9977890646894836,0.0,0,Infosys market update,0.6931471805599453,15.993937449548035,1,4,2,0,0,1
2024-04-24,15.7,Infosys,-0.007,0.5037835305315981,0.0,0,Infosys market update,0.6931471805599453,16.184351540324524,2,4,2,0,0,1
2024-04-25,15.67,Infosys,-0.0018,0.011512179746325344,0.0,0,Infosys market update,0.6931471805599453,16.181755755150668,3,4,2,0,0,1
2024-04-26,15.61,Infosys,-0.0041,-0.4776955596935529,0.0,1,Infosys market update,0.6931471805599453,15.995362998634242,4,4,2,0,1,1
2024-04-29,15.64,Infosys,0.0018,-0.44667768639508143,0.0,0,Infosys market update,0.6931471805599453,15.820565377104648,0,4,2,1,0,1
2024-04-30,15.4,Infosys,-0.0153,1.0628420364221742,0.0,1,Infosys market update,0.6931471805599453,16.244649091706183,1,4,2,0,0,1
2024-05-01,15.45,Infosys,0.0036,-1.2572241450058128,0.0,1,Infosys market update,0.6931471805599453,15.756580583927633,2,5,2,0,0,1
2024-05-02,15.55,Infosys,0.006,0.5869149009460854,0.0,1,Infosys market update,0.6931471805599453,15.98075139861387,3,5,2,0,0,1
2024-05-03,15.6,Infosys,0.0036,-1.9049230929829413,-3.469446951953614e-18,1,Infosys market update,0.6931471805599453,15.210591454177802,4,5,2,0,1,1
2024-05-06,15.64,Infosys,0.0024,0.1285326707083395,-3.469446951953614e-18,1,Infosys market update,0.6931471805599453,15.252902181758754,0,5,2,1,0,1
2024-05-07,15.78,Infosys,0.0094,1.764201180017861,0.0,0,Infosys market update,0.6931471805599453,15.995159473142367,1,5,2,0,0,1
2024-05-08,15.75,Infosys,-0.0023,-1.580751002519659,0.0,0,Infosys market update,0.6931471805599453,15.371358013235806,2,5,2,0,0,1
2024-05-09,15.64,Infosys,-0.007,2.196228918036794,0.0,0,Infosys market update,0.6931471805599453,16.325792595328828,3,5,2,0,0,1
2024-05-10,15.55,Infosys,-0.0059,-0.4450879069772978,0.0,1,Infosys market update,0.6931471805599453,16.151598219717567,4,5,2,0,1,1
2024-05-13,15.59,Infosys,0.003,-1.4246395482433136,0.0,1,Infosys market update,0.6931471805599453,15.594404452809671,0,5,2,1,0,1
2024-05-14,15.62,Infosys,0.0018,1.1484331733991706,0.0,1,Infosys market update,0.6931471805599453,16.05574151564527,1,5,2,0,0,1
2024-05-15,15.71,Infosys,0.0059,-2.0681141824744382,0.0,1,Infosys market update,0.6931471805599453,15.206718079719563,2,5,2,0,0,1
2024-05-16,15.89,Infosys,0.0111,2.2543410141485105,0.0,0,Infosys market update,0.6931471805599453,16.19073263459587,3,5,2,0,0,1
2024-05-17,15.78,Infosys,-0.0064,-0.772056842368684,0.0,0,Infosys market update,0.6931471805599453,15.893200691824429,4,5,2,0,1,1
2024-05-21,15.67,Infosys,-0.007,0.669170252670338,-3.469446951953614e-18,1,Infosys market update,0.6931471805599453,15.881068796033007,1,5,2,0,0,1
2024-05-22,15.91,Infosys,0.0153,0.1768341876308721,-3.469446951953614e-18,1,Infosys market update,0.6931471805599453,15.942026626282082,2,5,2,0,0,1
2024-05-23,16.03,Infosys,0.0075,0.27165623082624535,0.0,0,Infosys market update,0.6931471805599453,16.04005853906567,3,5,2,0,0,1
2024-05-24,16.0,Infosys,-0.0023,0.015979555753921893,0.0,0,Infosys market update,0.6931471805599453,16.03916077108357,4,5,2,0,1,1
2024-05-28,15.96,Infosys,-0.0023,0.5751189265950831,-3.469446951953614e-18,0,Infosys market update,0.6931471805599453,16.258553090549643,1,5,2,0,0,1
2024-05-29,15.69,Infosys,-0.0167,-0.7664138366969692,0.0,0,Infosys market update,0.6931471805599453,15.9630546916165,2,5,2,0,0,1
2024-05-30,15.55,Infosys,-0.0094,0.7269827567996534,0.0,1,Infosys market update,0.6931471805599453,16.24483411127165,3,5,2,0,0,1
2024-05-31,15.75,Infosys,0.013,0.5955187151826724,0.0,1,Infosys market update,0.6931471805599453,16.472534165953093,4,5,2,0,1,1
2024-06-03,15.84,Infosys,0.006,-1.303543359463534,0.0,0,Infosys market update,0.6931471805599453,15.96556211285226,0,6,2,1,0,1
2024-06-04,15.79,Infosys,-0.003,0.08968886947028927,0.0,1,Infosys market update,0.6931471805599453,15.992849951263267,1,6,2,0,0,1
2024-06-05,16.12,Infosys,0.0208,-0.4087682188494836,0.0,1,Infosys market update,0.6931471805599453,15.832172164620472,2,6,2,0,0,1
2024-06-06,16.49,Infosys,0.0227,-0.026456498765346902,0.0,1,Infosys market update,0.6931471805599453,15.815097009785918,3,6,2,0,0,1
2024-06-07,16.93,Infosys,0.0268,1.0361853129047578,0.0,0,Infosys market update,0.6931471805599453,16.22768530120636,4,6,2,0,1,1
2024-06-10,16.77,Infosys,-0.0094,-1.41964947954513,0.0,0,Infosys market update,0.6931471805599453,15.672480353868018,0,6,2,1,0,1
2024-06-11,16.73,Infosys,-0.0028,-0.264597996779187,0.0,1,Infosys market update,0.6931471805599453,15.565840382812508,1,6,2,0,0,1
2024-06-12,16.79,Infosys,0.0039,0.1409034116198044,0.0,0,Infosys market update,0.6931471805599453,15.6129042915397,2,6,2,0,0,1
2024-06-13,16.74,Infosys,-0.0028,0.34506002833652366,0.0,0,Infosys market update,0.6931471805599453,15.739905330949119,3,6,2,0,0,1
2024-06-14,16.73,Infosys,-0.0011,-0.04232556819061438,0.0,1,Infosys market update,0.6931471805599453,15.71681193861749,4,6,2,0,1,1
2024-06-17,16.87,Infosys,0.0084,-0.12178403658060101,0.0,0,Infosys market update,0.6931471805599453,15.663760783013073,0,6,2,1,0,1
2024-06-18,16.84,Infosys,-0.0017,1.3124854414377114,0.0,1,Infosys market update,0.6931471805599453,16.197655257341832,1,6,2,0,0,1
2024-06-20,17.18,Infosys,0.0201,1.1709053307542034,0.0,0,Infosys market update,0.6931471805599453,16.668849487540673,3,6,2,0,0,1
2024-06-21,16.98,Infosys,-0.0115,0.7090739115792959,0.0,1,Infosys market update,0.6931471805599453,16.943239966521258,4,6,2,0,1,1
2024-06-24,17.05,Infosys,0.0044,-2.956680014458775,0.0,1,Infosys market update,0.6931471805599453,15.56623985128161,0,6,2,1,0,1
2024-06-25,17.24,Infosys,0.011,1.0450643348155222,0.0,0,Infosys market update,0.6931471805599453,15.982631076655913,1,6,2,0,0,1
2024-06-26,17.13,Infosys,-0.0065,0.006507580419290256,0.0,1,Infosys market update,0.6931471805599453,15.978074790066655,2,6,2,0,0,1
2024-06-27,17.51,Infosys,0.0225,0.09398617731588668,0.0,0,Infosys market update,0.6931471805599453,16.007085986642373,3,6,2,0,0,1
2024-06-28,17.51,Infosys,-0.0005,0.17901305402984583,0.0,1,Infosys market update,0.6931471805599453,16.06893702391478,4,6,2,0,1,1
2024-07-01,17.64,Infosys,0.0075,-0.42292432848189815,0.0,1,Infosys market update,0.6931471805599453,15.902945194577887,0,7,3,1,0,1
2024-07-02,18.08,Infosys,0.0251,0.6911764658381963,0.0,1,Infosys market update,0.6931471805599453,16.169900409525763,1,7,3,0,0,1
2024-07-03,18.21,Infosys,0.0073,-0.9680014281042283,-3.469446951953614e-18,1,Infosys market update,0.6931471805599453,15.79684314441917,2,7,3,0,0,1
2024-07-05,18.27,Infosys,0.0031,0.177076402148835,0.0,1,Infosys market update,0.6931471805599453,15.857976993227622,4,7,3,0,1,1
2024-07-08,18.33,Infosys,0.0036,0.8833025014678421,0.0,0,Infosys market update,0.6931471805599453,16.20527293918392,0,7,3,1,0,1
2024-07-09,18.14,Infosys,-0.0103,0.385110786784614,0.0,1,Infosys market update,0.6931471805599453,16.34815133832398,1,7,3,0,0,1
2024-07-10,18.21,Infosys,0.0036,0.7393085984164364,0.0,1,Infosys market update,0.6931471805599453,16.635024671049678,2,7,3,0,0,1
2024-07-11,18.7,Infosys,0.0268,-0.37539642180848776,0.0,1,Infosys market update,0.6931471805599453,16.4868484332775,3,7,3,0,0,1
2024-07-12,19.18,Infosys,0.0256,-0.8096775555153573,0.0,0,Infosys market update,0.6931471805599453,16.17480683702906,4,7,3,0,1,1
2024-07-15,19.09,Infosys,-0.0044,0.2647181831524479,0.0,1,Infosys market update,0.6931471805599453,16.27010412361165,0,7,3,1,0,1
2024-07-16,19.42,Infosys,0.0172,-1.2600293816363226,0.0,0,Infosys market update,0.6931471805599453,15.780873273051471,1,7,3,0,0,1
2024-07-17,19.3,Infosys,-0.0063,1.67718548221568,0.0,1,Infosys market update,0.6931471805599453,16.48198855265209,2,7,3,0,0,1
2024-07-18,20.92,Infosys,0.0838,2.430549269481677,3.469446951953614e-18,0,Infosys market update,0.6931471805599453,17.55736429156831,3,7,3,0,0,1
2024-07-19,20.38,Infosys,-0.0256,-2.2497127152730294,0.0,1,Infosys market update,0.6931471805599453,16.615440881124734,4,7,3,0,1,1
2024-07-22,20.49,Infosys,0.0051,-1.67366347336435,0.0,1,Infosys market update,0.6931471805599453,15.950812567349624,0,7,3,1,0,1
2024-07-23,20.76,Infosys,0.0133,0.4443072582005562,0.0,0,Infosys market update,0.6931471805599453,16.117325454433107,1,7,3,0,0,1
2024-07-24,20.55,Infosys,-0.01,-0.6205982045444615,0.0,1,Infosys market update,0.6931471805599453,15.877182781273557,2,7,3,0,0,1
2024-07-25,20.69,Infosys,0.0069,0.9421413500725011,0.0,1,Infosys market update,0.6931471805599453,16.249430971480713,3,7,3,0,0,1
2024-07-26,21.43,Infosys,0.0354,0.8599340888799086,0.0,0,Infosys market update,0.6931471805599453,16.58685481868293,4,7,3,0,1,1
2024-07-29,21.25,Infosys,-0.0083,-1.4803113652698445,0.0,1,Infosys market update,0.6931471805599453,16.006135740451533,0,7,3,1,0,1
2024-07-30,21.26,Infosys,0.0004,-0.754804585612501,0.0,0,Infosys market update,0.6931471805599453,15.715062732677064,1,7,3,0,0,1
2024-07-31,20.81,Infosys,-0.0212,2.294580565079603,0.0,1,Infosys market update,0.6931471805599453,16.719714048213998,2,7,3,0,0,1
2024-08-01,20.97,Infosys,0.0077,-1.3556836158174017,0.0,0,Infosys market update,0.6931471805599453,16.19130903022598,3,8,3,0,0,1
2024-08-02,20.47,Infosys,-0.0238,0.06217108633457368,0.0,0,Infosys market update,0.6931471805599453,16.208018709884946,4,8,3,0,1,1
2024-08-05,19.55,Infosys,-0.0446,0.7830496902835237,0.0,1,Infosys market update,0.6931471805599453,16.51313331507961,0,8,3,1,0,1
2024-08-06,19.73,Infosys,0.0091,-1.025091177841696,0.0,0,Infosys market update,0.6931471805599453,16.117765696529343,1,8,3,0,0,1
2024-08-07,19.71,Infosys,-0.001,-0.27651177538667204,0.0,1,Infosys market update,0.6931471805599453,16.006560668004983,2,8,3,0,0,1
2024-08-08,19.87,Infosys,0.0081,-0.19775783571816516,0.0,1,Infosys market update,0.6931471805599453,15.924911428460293,3,8,3,0,0,1
2024-08-09,20.02,Infosys,0.0076,-0.12935452306925663,0.0,1,Infosys market update,0.6931471805599453,15.868929043030457,4,8,3,0,1,1
2024-08-12,20.03,Infosys,0.0005,1.0151908722973069,0.0,1,Infosys market update,0.6931471805599453,16.272489244136885,0,8,3,1,0,1
2024-08-13,20.3,Infosys,0.0131,-1.0795815856124913,0.0,1,Infosys market update,0.6931471805599453,15.855665514321306,1,8,3,0,0,1
2024-08-14,20.45,Infosys,0.0074,-0.9419969993185766,0.0,1,Infosys market update,0.6931471805599453,15.492663378971804,2,8,3,0,0,1
2024-08-15,20.52,Infosys,0.0037,0.6387211003131577,0.0,1,Infosys market update,0.6931471805599453,15.738035243309184,3,8,3,0,0,1
2024-08-16,20.69,Infosys,0.0082,-0.7001150569671913,-3.469446951953614e-18,1,Infosys market update,0.6931471805599453,15.467835722804649,4,8,3,0,1,1
2024-08-19,20.93,Infosys,0.0114,0.04723594277849431,0.0,1,Infosys market update,0.6931471805599453,15.478849551552356,0,8,3,1,0,1
2024-08-20,20.97,Infosys,0.0022,0.16760805545527388,0.0,1,Infosys market update,0.6931471805599453,15.536293224729413,1,8,3,0,0,1
2024-08-21,21.22,Infosys,0.0117,0.8634838206572866,0.0,0,Infosys market update,0.6931471805599453,15.875221347264867,2,8,3,0,0,1
2024-08-22,21.0,Infosys,-0.0102,-1.54262444385991,0.0,0,Infosys market update,0.6931471805599453,15.26782694865375,3,8,3,0,0,1
2024-08-26,21.1,Infosys,0.0045,0.09978554048505572,0.0,1,Infosys market update,0.6931471805599453,15.334805139411657,0,8,3,1,0,1
2024-08-27,21.44,Infosys,0.016,1.441001364878217,0.0,1,Infosys market update,0.6931471805599453,15.926717325165866,1,8,3,0,0,1
2024-08-28,21.62,Infosys,0.0088,-0.23976141907837886,0.0,1,Infosys market update,0.6931471805599453,15.829373170803427,2,8,3,0,0,1
2024-08-29,21.81,Infosys,0.0087,-0.6825421702171449,0.0,1,Infosys market update,0.6931471805599453,15.565788266463095,3,8,3,0,0,1
2024-08-30,21.89,Infosys,0.0034,0.28201749948745686,0.0,0,Infosys market update,0.6931471805599453,15.667894805871496,4,8,3,0,1,1
2024-09-03,21.6,Infosys,-0.0129,-0.23535228174661318,0.0,1,Infosys market update,0.6931471805599453,15.572195546524995,1,9,3,0,0,1
2024-09-04,21.68,Infosys,0.0035,-0.09092534669985629,0.0,0,Infosys market update,0.6931471805599453,15.530749069205404,2,9,3,0,0,1
2024-09-05,21.53,Infosys,-0.0069,0.32876081316241573,0.0,0,Infosys market update,0.6931471805599453,15.651303020932314,3,9,3,0,0,1
2024-09-06,21.19,Infosys,-0.0157,0.48133336345831673,0.0,1,Infosys market update,0.6931471805599453,15.832717721928098,4,9,3,0,1,1
2024-09-09,21.27,Infosys,0.0035,-1.2728767388478317,0.0,1,Infosys market update,0.6931471805599453,15.338300881775186,0,9,3,1,0,1
2024-09-10,21.56,Infosys,0.0137,0.8817984750754241,0.0,0,Infosys market update,0.6931471805599453,15.684910004465817,1,9,3,0,0,1
2024-09-11,21.55,Infosys,-0.0004,-0.37570643133294845,0.0,1,Infosys market update,0.6931471805599453,15.536597352768945,2,9,3,0,0,1
2024-09-12,21.86,Infosys,0.0144,0.042837311441204645,0.0,0,Infosys market update,0.6931471805599453,15.545979735950489,3,9,3,0,0,1
2024-09-13,21.81,Infosys,-0.0022,-0.16074267755105623,-3.469446951953614e-18,0,Infosys market update,0.6931471805599453,15.478186063411751,4,9,3,0,1,1
2024-09-16,21.8,Infosys,-0.0004,0.6413885734877945,0.0,0,Infosys market update,0.6931471805599453,15.724653131034794,0,9,3,1,0,1
2024-09-17,21.6,Infosys,-0.0095,1.07204082991589,0.0,0,Infosys market update,0.6931471805599453,16.152758009813475,1,9,3,0,0,1
2024-09-18,21.13,Infosys,-0.0213,-0.9960639761896004,0.0,1,Infosys market update,0.6931471805599453,15.76877942228168,2,9,3,0,0,1
2024-09-19,21.33,Infosys,0.0093,-0.28878162719408235,0.0,1,Infosys market update,0.6931471805599453,15.653055841549232,3,9,3,0,0,1
2024-09-20,21.48,Infosys,0.0071,2.747537730434417,0.0,0,Infosys market update,0.6931471805599453,16.899304119658243,4,9,3,0,1,1
2024-09-23,21.33,Infosys,-0.007,-3.109248344272115,0.0,0,Infosys market update,0.6931471805599453,15.404807189765625,0,9,3,1,0,1
2024-09-24,21.23,Infosys,-0.0048,0.9104936405312679,0.0,0,Infosys market update,0.6931471805599453,15.763604178652344,1,9,3,0,0,1
2024-09-25,21.21,Infosys,-0.0009,0.6883934137123139,-3.469446951953614e-18,1,Infosys market update,0.6931471805599453,16.029428467513853,2,9,3,0,0,1
2024-09-26,21.59,Infosys,0.0177,0.4713628499015921,0.0,0,Infosys market update,0.6931471805599453,16.206829801454454,3,9,3,0,0,1
2024-09-27,21.05,Infosys,-0.0248,-0.29749593102348604,0.0,0,Infosys market update,0.6931471805599453,16.087842710858826,4,9,3,0,1,1
2024-09-30,20.94,Infosys,-0.0054,0.4694875857256216,0.0,1,Infosys market update,0.6931471805599453,16.264522377713106,0,9,3,1,0,1
2024-10-01,21.05,Infosys,0.0054,-0.8430224328280597,0.0,0,Infosys market update,0.6931471805599453,15.939746314441052,1,10,4,0,0,1
2024-10-02,20.98,Infosys,-0.0031,-1.1916324721526024,0.0,1,Infosys market update,0.6931471805599453,15.478129172510847,2,10,4,0,0,1
2024-10-03,21.07,Infosys,0.004,0.9922181101677766,0.0,1,Infosys market update,0.6931471805599453,15.87178594954185,3,10,4,0,0,1
2024-10-04,21.43,Infosys,0.017,0.45189610268335423,0.0,1,Infosys market update,0.6931471805599453,16.0413227001321,4,10,4,0,1,1
2024-10-07,21.54,Infosys,0.0053,-0.5253419746078399,0.0,1,Infosys market update,0.6931471805599453,15.836978780329458,0,10,4,1,0,1
2024-10-08,21.92,Infosys,0.0179,0.0775053135195191,0.0,0,Infosys market update,0.6931471805599453,15.85964883326661,1,10,4,0,0,1
2024-10-09,21.88,Infosys,-0.0021,-1.508187078674694,-3.469446951953614e-18,0,Infosys market update,0.6931471805599453,15.267007516549235,2,10,4,0,0,1
2024-10-10,21.29,Infosys,-0.0266,1.426469173742367,0.0,1,Infosys market update,0.6931471805599453,15.8522926106728,3,10,4,0,0,1
2024-10-11,21.56,Infosys,0.0124,-1.0730639675918525,0.0,1,Infosys market update,0.6931471805599453,15.437983346078791,4,10,4,0,1,1
2024-10-14,21.96,Infosys,0.0188,0.8604416160750509,0.0,0,Infosys market update,0.6931471805599453,15.775605482856605,0,10,4,1,0,1
2024-10-15,21.64,Infosys,-0.0146,1.0005347646057752,0.0,0,Infosys market update,0.6931471805599453,16.172839580052305,1,10,4,0,0,1
2024-10-16,21.53,Infosys,-0.0052,0.7041093939436065,0.0,0,Infosys market update,0.6931471805599453,16.44513071146852,2,10,4,0,0,1
2024-10-17,21.3,Infosys,-0.0105,0.46823638920188343,0.0,0,Infosys market update,0.6931471805599453,16.621231846703076,3,10,4,0,0,1
2024-10-18,21.16,Infosys,-0.0066,-0.9863120977876818,0.0,0,Infosys market update,0.6931471805599453,16.24098571241894,4,10,4,0,1,1
2024-10-21,20.87,Infosys,-0.0138,-0.20007240449563587,0.0,0,Infosys market update,0.6931471805599453,16.158460036791688,0,10,4,1,0,1
2024-10-22,20.83,Infosys,-0.0018,-1.517515757019823,0.0,1,Infosys market update,0.6931471805599453,15.561889219556381,1,10,4,0,0,1
2024-10-23,20.88,Infosys,0.0023,-0.6074800701904761,0.0,0,Infosys market update,0.6931471805599453,15.326674121783142,2,10,4,0,0,1
2024-10-24,20.73,Infosys,-0.0072,1.151887060340414,0.0,0,Infosys market update,0.6931471805599453,15.789536165784057,3,10,4,0,0,1
2024-10-25,20.58,Infosys,-0.0073,-0.22304850364786186,0.0,1,Infosys market update,0.6931471805599453,15.69845063141847,4,10,4,0,1,1
2024-10-28,20.75,Infosys,0.0082,-1.3479050363581182,-3.469446951953614e-18,0,Infosys market update,0.6931471805599453,15.173199919328376,0,10,4,1,0,1
2024-10-29,20.7,Infosys,-0.0023,1.91713879252314,0.0,0,Infosys market update,0.6931471805599453,15.989045744315003,1,10,4,0,0,1
2024-10-30,20.08,Infosys,-0.0299,-0.07387376319692321,0.0,0,Infosys market update,0.6931471805599453,15.954010907978907,2,10,4,0,0,1
2024-10-31,19.88,Infosys,-0.0099,0.057547899760816465,0.0,0,Infosys market update,0.6931471805599453,15.969027151613112,3,10,4,0,0,1
2024-11-01,19.74,Infosys,-0.0072,0.21260144200335884,0.0,0,Infosys market update,0.6931471805599453,16.043964709310032,4,11,4,0,1,1
2024-11-04,19.7,Infosys,-0.0019,0.6527778344277749,0.0,0,Infosys market update,0.6931471805599453,16.295145084501694,0,11,4,1,0,1
2024-11-05,19.69,Infosys,-0.0005,-0.5730980399633739,-3.469446951953614e-18,1,Infosys market update,0.6931471805599453,16.072931011623943,1,11,4,0,0,1
2024-11-06,20.35,Infosys,0.0333,1.5038966339682187,0.0,1,Infosys market update,0.6931471805599453,16.69357921998054,2,11,4,0,0,1
2024-11-07,20.59,Infosys,0.0117,-0.947554169431731,0.0,1,Infosys market update,0.6931471805599453,16.328445794503605,3,11,4,0,0,1
2024-11-08,20.68,Infosys,0.0046,-1.203086882142908,0.0,1,Infosys market update,0.6931471805599453,15.862299896517762,4,11,4,0,1,1
2024-11-11,20.96,Infosys,0.0133,-0.6195871708353251,0.0,0,Infosys market update,0.6931471805599453,15.622503571979914,0,11,4,1,0,1
2024-11-12,20.94,Infosys,-0.0009,-1.1857201150725019,0.0,1,Infosys market update,0.6931471805599453,15.16327222918859,1,11,4,0,0,1
2024-11-13,20.96,Infosys,0.0009,0.8769437033675352,0.0,0,Infosys market update,0.6931471805599453,15.507836541567693,2,11,4,0,0,1
2024-11-14,20.75,Infosys,-0.01,0.34572694727812203,0.0,0,Infosys market update,0.6931471805599453,15.635079889927155,3,11,4,0,0,1
2024-11-15,20.47,Infosys,-0.0133,0.5648359115160678,0.0,1,Infosys market update,0.6931471805599453,15.850242479967354,4,11,4,0,1,1
2024-11-18,20.54,Infosys,0.0033,-1.1943944504705233,0.0,1,Infosys market update,0.6931471805599453,15.387537526624131,0,11,4,1,0,1
2024-11-19,20.66,Infosys,0.006,0.5894610197237937,0.0,1,Infosys market update,0.6931471805599453,15.612771698539188,1,11,4,0,0,1
2024-11-20,20.91,Infosys,0.012,0.6706704174503358,0.0,0,Infosys market update,0.6931471805599453,15.871248500943228,2,11,4,0,0,1
2024-11-21,20.88,Infosys,-0.0014,-0.6307263941925425,0.0,1,Infosys market update,0.6931471805599453,15.627317885854747,3,11,4,0,0,1
2024-11-22,21.67,Infosys,0.0378,0.8874738459587901,0.0,1,Infosys market update,0.6931471805599453,15.97637089853122,4,11,4,0,1,1
2024-11-25,21.72,Infosys,0.0022,0.7892147042301592,0.0,1,Infosys market update,0.6931471805599453,16.284101578804695,0,11,4,1,0,1
2024-11-26,22.04,Infosys,0.0149,-1.2256924253086605,0.0,0,Infosys market update,0.6931471805599453,15.808781414628479,1,11,4,0,0,1
2024-11-27,21.62,Infosys,-0.019,0.5755133135962984,0.0,0,Infosys market update,0.6931471805599453,16.028291395694268,2,11,4,0,0,1
2024-11-29,20.99,Infosys,-0.0295,-1.252819630092155,0.0,1,Infosys market update,0.6931471805599453,15.542002529304648,4,11,4,0,1,1
2024-12-02,21.11,Infosys,0.0059,0.11633444029382518,0.0,0,Infosys market update,0.6931471805599453,15.57959062942994,0,12,4,1,0,1
2024-12-03,21.03,Infosys,-0.0036,0.870730850833114,0.0,1,Infosys market update,0.6931471805599453,15.921557637523248,1,12,4,0,0,1
2024-12-04,21.41,Infosys,0.0181,-0.8745026930342521,0.0,1,Infosys market update,0.6931471805599453,15.584751886224007,2,12,4,0,0,1
2024-12-05,21.74,Infosys,0.0151,0.07036391189785704,0.0,0,Infosys market update,0.6931471805599453,15.604700228085223,3,12,4,0,0,1
2024-12-09,22.02,Infosys,0.0131,0.7459810510045763,0.0,1,Infosys market update,0.6931471805599453,15.65478970209227,0,12,4,1,0,1
2024-12-10,22.1,Infosys,0.0035,0.1431220105329999,0.0,1,Infosys market update,0.6931471805599453,15.702716712830824,1,12,4,0,0,1
2024-12-11,22.21,Infosys,0.0052,-0.1499491403374777,0.0,0,Infosys market update,0.6931471805599453,15.63899492834876,2,12,4,0,0,1
2024-12-12,22.11,Infosys,-0.0047,-0.1776003384925551,0.0,1,Infosys market update,0.6931471805599453,15.564867096150225,3,12,4,0,0,1
2024-12-13,22.25,Infosys,0.0065,-0.6674569486031141,0.0,0,Infosys market update,0.6931471805599453,15.306953137208465,4,12,4,0,1,1
2024-12-16,22.2,Infosys,-0.0021,1.8787649652345706,0.0,0,Infosys market update,0.6931471805599453,16.104209787044127,0,12,4,1,0,1
2024-12-17,21.99,Infosys,-0.0094,-2.2273720629655798,0.0,0,Infosys market update,0.6931471805599453,15.174074202375584,1,12,4,0,0,1
2024-12-18,21.54,Infosys,-0.0208,1.11087010233605,0.0,1,Infosys market update,0.6931471805599453,15.619034058830067,2,12,4,0,0,1
2024-12-19,22.27,Infosys,0.034,1.0378726624302055,0.0,0,Infosys market update,0.6931471805599453,16.032363564418514,3,12,4,0,0,1
2024-12-20,21.61,Infosys,-0.0295,0.7644300781024052,0.0,1,Infosys market update,0.6931471805599453,16.329709064982055,4,12,4,0,1,1
2024-12-23,21.66,Infosys,0.0022,-2.738674361778792,0.0,0,Infosys market update,0.6931471805599453,15.102702834085745,0,12,4,1,0,1
2024-12-24,21.65,Infosys,-0.0004,-1.4517638277400393,0.0,0,Infosys market update,0.6931471805599453,14.534131021921581,1,12,4,0,0,1
2024-12-26,21.53,Infosys,-0.0057,1.2744430998578207,-3.469446951953614e-18,0,Infosys market update,0.6931471805599453,15.05106952552168,3,12,4,0,0,1
2024-12-27,21.38,Infosys,-0.0071,0.6068004965573809,0.0,0,Infosys market update,0.6931471805599453,15.283362094756503,4,12,4,0,1,1
2024-12-30,21.02,Infosys,-0.0169,0.29483545699707553,0.0,0,Infosys market update,0.6931471805599453,15.390522850388386,0,12,4,1,0,1
2024-12-31,20.84,Infosys,-0.0081,-1.8407115411555346,0.0,1,Infosys market update,0.6931471805599453,14.65028793462606,1,12,4,0,0,1
2025-01-02,21.51,Infosys,0.0319,2.37370258792913,0.0,1,Infosys market update,0.6931471805599453,15.695921877314259,3,1,1,0,0,1
2025-01-03,21.52,Infosys,0.0004,-1.3898234324547423,0.0,1,Infosys market update,0.6931471805599453,15.153323719680204,4,1,1,0,1,1
2025-01-06,21.63,Infosys,0.0053,0.6347127705370351,0.0,0,Infosys market update,0.6931471805599453,15.397084037901346,0,1,1,1,0,1
2025-01-07,21.5,Infosys,-0.0062,0.16785139868557278,0.0,1,Infosys market update,0.6931471805599453,15.454585133686338,1,1,1,0,0,1
2025-01-08,21.66,Infosys,0.0075,0.4912521908204389,0.0,0,Infosys market update,0.6931471805599453,15.640011623045966,2,1,1,0,0,1
2025-01-10,21.59,Infosys,-0.0035,0.47344432602540787,0.0,0,Infosys market update,0.6931471805599453,15.818206170369766,4,1,1,0,1,1
2025-01-13,21.58,Infosys,-0.0004,1.1110172490169612,0.0,0,Infosys market update,0.6931471805599453,16.263217204921343,0,1,1,1,0,1
2025-01-14,21.41,Infosys,-0.0079,0.4924884336529914,0.0,1,Infosys market update,0.6931471805599453,16.449081507740768,1,1,1,0,0,1
2025-01-15,21.77,Infosys,0.0169,-1.065027608075253,0.0,0,Infosys market update,0.6931471805599453,16.037958880527686,2,1,1,0,0,1
2025-01-16,20.51,Infosys,-0.0577,2.107334642866879,3.469446951953614e-18,0,Infosys market update,0.6931471805599453,16.947638287544812,3,1,1,0,0,1
2025-01-17,20.15,Infosys,-0.0176,-1.3556836158174017,0.0,0,Infosys market update,0.6931471805599453,16.4191406159346,4,1,1,0,1,1
2025-01-21,20.11,Infosys,-0.0019,0.739489251137531,0.0,1,Infosys market update,0.6931471805599453,16.706121231762207,1,1,1,0,0,1
2025-01-22,20.55,Infosys,0.0217,-1.6618443425480083,0.0,1,Infosys market update,0.6931471805599453,16.046771600097212,2,1,1,0,0,1
2025-01-23,20.71,Infosys,0.0079,0.3875051210870764,0.0,0,Infosys market update,0.6931471805599453,16.190583833389265,3,1,1,0,0,1
2025-01-24,20.62,Infosys,-0.0046,-0.8963749734150867,0.0,0,Infosys market update,0.6931471805599453,15.845315458564164,4,1,1,0,1,1
2025-01-27,20.48,Infosys,-0.0065,0.6031121692618853,0.0,0,Infosys market update,0.6931471805599453,16.07611684175256,0,1,1,1,0,1
2025-01-28,20.47,Infosys,-0.0005,1.0730933921804304,0.0,1,Infosys market update,0.6931471805599453,16.504670183724446,1,1,1,0,0,1
2025-01-29,20.63,Infosys,0.0079,-1.4471623159440494,0.0,1,Infosys market update,0.6931471805599453,15.937939867183943,2,1,1,0,0,1
2025-01-30,20.75,Infosys,0.0055,-0.5282842054800286,0.0,1,Infosys market update,0.6931471805599453,15.732521548593786,3,1,1,0,0,1
2025-01-31,20.87,Infosys,0.006,0.9142746966990213,0.0,1,Infosys market update,0.6931471805599453,16.092952289295848,4,1,1,0,1,1
2025-02-03,20.91,Infosys,0.0018,0.3247207758748987,0.0,1,Infosys market update,0.6931471805599453,16.211859271820284,0,2,1,1,0,1
2025-02-04,21.28,Infosys,0.0177,-0.2899818443465137,0.0,0,Infosys market update,0.6931471805599453,16.09566607826044,1,2,1,0,0,1
2025-02-05,21.21,Infosys,-0.0031,0.053687107323992865,0.0,0,Infosys market update,0.6931471805599453,16.109145820437735,2,2,1,0,0,1
2025-02-06,21.15,Infosys,-0.0031,-0.12851211344239313,0.0,0,Infosys market update,0.6931471805599453,16.053578569590915,3,2,1,0,0,1
2025-02-07,20.76,Infosys,-0.0184,0.08512870912684975,0.0,1,Infosys market update,0.6931471805599453,16.07914700479146,4,2,1,0,1,1
2025-02-10,20.8,Infosys,0.0018,-0.0845843243196188,-3.469446951953614e-18,1,Infosys market update,0.6931471805599453,16.040123406728632,0,2,1,1,0,1
2025-02-11,20.89,Infosys,0.0046,-0.18736983938689272,0.0,0,Infosys market update,0.6931471805599453,15.962353822592023,1,2,1,0,0,1
2025-02-12,20.68,Infosys,-0.01,-0.9586933899027905,0.0,0,Infosys market update,0.6931471805599453,15.592866965966147,2,2,1,0,0,1
2025-02-13,20.67,Infosys,-0.0005,1.2743090733811586,0.0,0,Infosys market update,0.6931471805599453,16.109730863466684,3,2,1,0,0,1
2025-02-14,20.51,Infosys,-0.0078,-0.8901644075222886,0.0,0,Infosys market update,0.6931471805599453,15.766848947428501,4,2,1,0,1,1
2025-02-18,20.36,Infosys,-0.0074,1.0679750998048354,0.0,0,Infosys market update,0.6931471805599453,16.193175386511296,1,2,1,0,0,1
2025-02-19,20.17,Infosys,-0.0093,0.16712127950219569,0.0,1,Infosys market update,0.6931471805599453,16.250403883327245,2,2,1,0,0,1
2025-02-20,20.3,Infosys,0.0066,-0.13357123978246677,0.0,0,Infosys market update,0.6931471805599453,16.19288776760325,3,2,1,0,0,1
2025-02-21,20.13,Infosys,-0.0084,0.6394836224091945,0.0,0,Infosys market update,0.6931471805599453,16.43859826350325,4,2,1,0,1,1
2025-02-24,19.81,Infosys,-0.0161,-0.237702843283157,0.0,0,Infosys market update,0.6931471805599453,16.341990999602086,0,2,1,1,0,1
2025-02-25,19.75,Infosys,-0.0029,-0.7933012299970872,0.0,0,Infosys market update,0.6931471805599453,16.036343257604774,1,2,1,0,0,1
2025-02-27,19.49,Infosys,-0.013,0.2771890550668265,0.0,0,Infosys market update,0.6931471805599453,16.138545225801543,3,2,1,0,0,1
2025-02-28,19.11,Infosys,-0.0195,1.309598799727699,0.0,0,Infosys market update,0.6931471805599453,16.671152892858206,4,2,1,0,1,1
2025-03-03,18.86,Infosys,-0.0134,-1.434636035817126,0.0,0,Infosys market update,0.6931471805599453,16.10966027298433,0,3,1,1,0,1
2025-03-04,18.74,Infosys,-0.0061,0.8398587442527837,0.0,1,Infosys market update,0.6931471805599453,16.43859826350325,1,3,1,0,0,1
2025-03-05,19.08,Infosys,0.0178,-0.24683239623834274,0.0,0,Infosys market update,0.6931471805599453,16.338515576569122,2,3,1,0,0,1
2025-03-06,18.78,Infosys,-0.0155,-0.24064419006238674,0.0,1,Infosys market update,0.6931471805599453,16.24084420466598,3,3,1,0,0,1
2025-03-07,18.89,Infosys,0.0056,0.8719078801472075,0.0,0,Infosys market update,0.6931471805599453,16.583287786008277,4,3,1,0,1,1
2025-03-10,18.49,Infosys,-0.0211,-0.2881817292541426,0.0,0,Infosys market update,0.6931471805599453,16.467709796022476,0,3,1,1,0,1
2025-03-11,18.04,Infosys,-0.0242,0.579255894506371,0.0,0,Infosys market update,0.6931471805599453,16.688792728274837,1,3,1,0,0,1
2025-03-12,17.59,Infosys,-0.0248,-0.36951296027845026,0.0,0,Infosys market update,0.6931471805599453,16.542866596316255,2,3,1,0,0,1
2025-03-13,17.39,Infosys,-0.0114,-0.8755931687832107,0.0,1,Infosys market update,0.6931471805599453,16.2055112045909,3,3,1,0,0,1
2025-03-14,17.5,Infosys,0.006,-0.8828714468297084,0.0,1,Infosys market update,0.6931471805599453,15.865433300352437,4,3,1,0,1,1
2025-03-17,17.66,Infosys,0.0092,0.6672933529785646,0.0,0,Infosys market update,0.6931471805599453,16.122535878541306,0,3,1,1,0,1
2025-03-18,17.54,Infosys,-0.0065,0.6822560496218248,0.0,1,Infosys market update,0.6931471805599453,16.38586076607849,1,3,1,0,0,1
2025-03-19,17.66,Infosys,0.0065,-0.7706452164838797,0.0,0,Infosys market update,0.6931471805599453,16.088749329141212,2,3,1,0,0,1
2025-03-20,17.17,Infosys,-0.0275,1.6551956798897924,0.0,1,Infosys market update,0.6931471805599453,16.77955095739561,3,3,1,0,0,1
2025-03-21,17.42,Infosys,0.0144,-0.07826151005743903,0.0,1,Infosys market update,0.6931471805599453,16.742835556393434,4,3,1,0,1,1
2025-03-24,17.68,Infosys,0.0147,-2.1891979132944086,-3.469446951953614e-18,1,Infosys market update,0.6931471805599453,15.832518162315587,0,3,1,1,0,1
2025-03-25,17.91,Infosys,0.0129,1.086869418395953,0.0,0,Infosys market update,0.6931471805599453,16.267024233625655,1,3,1,0,0,1
2025-03-26,17.74,Infosys,-0.009,-1.166072970713507,0.0,1,Infosys market update,0.6931471805599453,15.815787266942225,2,3,1,0,0,1
2025-03-27,17.75,Infosys,0.0005,-0.4279749370607871,0.0,0,Infosys market update,0.6931471805599453,15.648012178525201,3,3,1,0,0,1
2025-03-28,17.28,Infosys,-0.0268,0.6013625451212294,0.0,1,Infosys market update,0.6931471805599453,15.878073071962651,4,3,1,0,1,1
2025-03-31,17.35,Infosys,0.0044,1.1357106428492154,0.0,0,Infosys market update,0.6931471805599453,16.33386818293361,0,3,1,1,0,1
2025-04-01,17.31,Infosys,-0.0027,0.25076811153225176,0.0,1,Infosys market update,0.6931471805599453,16.42373313094,1,4,2,0,0,1
2025-04-02,17.49,Infosys,0.0104,-0.8505957222983268,0.0,0,Infosys market update,0.6931471805599453,16.096085290411544,2,4,2,0,0,1
2025-04-03,16.5,Infosys,-0.0566,1.2561196556762342,0.0,0,Infosys market update,0.6931471805599453,16.60491343912065,3,4,2,0,0,1
2025-04-04,15.77,Infosys,-0.0444,0.4661492446916572,0.0,1,Infosys market update,0.6931471805599453,16.780216504488777,4,4,2,0,1,1
2025-04-07,15.96,Infosys,0.0121,0.488158080826727,3.469446951953614e-18,0,Infosys market update,0.6931471805599453,16.964388763898675,0,4,2,1,0,1
2025-04-08,15.61,Infosys,-0.0215,-1.498031314944725,3.469446951953614e-18,1,Infosys market update,0.6931471805599453,16.376197073179892,1,4,2,0,0,1
2025-04-09,16.79,Infosys,0.0755,1.1777187954610937,3.469446951953614e-18,0,Infosys market update,0.6931471805599453,16.850357817928824,2,4,2,0,0,1
2025-04-10,16.15,Infosys,-0.0385,0.5737379243026632,3.469446951953614e-18,0,Infosys market update,0.6931471805599453,17.069166520438483,3,4,2,0,0,1
2025-04-11,16.05,Infosys,-0.0059,-1.3758070041352939,0.0,1,Infosys market update,0.6931471805599453,16.532421453577246,4,4,2,0,1,1
2025-04-14,16.17,Infosys,0.0077,0.7369585100560516,0.0,1,Infosys market update,0.6931471805599453,16.81831779483773,0,4,2,1,0,1
2025-04-15,16.19,Infosys,0.0012,-0.4600669620553194,0.0,0,Infosys market update,0.6931471805599453,16.638447812819717,1,4,2,0,0,1
2025-04-16,15.77,Infosys,-0.0264,0.6089325494804742,0.0,0,Infosys market update,0.6931471805599453,16.87161805753227,2,4,2,0,0,1
2025-04-17,15.35,Infosys,-0.0265,-0.04827336822276324,0.0,1,Infosys market update,0.6931471805599453,16.846325234048397,3,4,2,0,0,1
2025-04-21,15.77,Infosys,0.0273,0.005716256000068142,0.0,1,Infosys market update,0.6931471805599453,16.841495616199254,0,4,2,1,0,1
2025-04-22,16.03,Infosys,0.0169,-1.7048766911123634,0.0,1,Infosys market update,0.6931471805599453,16.16300218836427,1,4,2,0,0,1
2025-04-23,16.38,Infosys,0.0219,0.48712559695050306,0.0,1,Infosys market update,0.6931471805599453,16.34676797042833,2,4,2,0,0,1
2025-04-24,16.51,Infosys,0.0075,-0.546327554270857,0.0,1,Infosys market update,0.6931471805599453,16.134529964791746,3,4,2,0,0,1
2025-04-25,16.55,Infosys,0.0023,-0.7632437443892074,0.0,0,Infosys market update,0.6931471805599453,15.840232019474499,4,4,2,0,1,1
2025-04-28,16.48,Infosys,-0.004,0.008879713362185562,0.0,1,Infosys market update,0.6931471805599453,15.836647573385816,0,4,2,1,0,1
2025-04-29,16.71,Infosys,0.0138,0.09423867319602779,0.0,1,Infosys market update,0.6931471805599453,15.865729369673954,1,4,2,0,0,1
2025-04-30,16.74,Infosys,0.0017,-0.2256798432840812,0.0,0,Infosys market update,0.6931471805599453,15.773561141380352,2,4,2,0,0,1
2025-05-02,17.0,Infosys,0.0159,0.38423938482871595,0.0,0,Infosys market update,0.6931471805599453,16.006102185847958,4,5,2,0,1,1
2025-05-05,16.97,Infosys,-0.0017,-1.1809962836571897,-3.469446951953614e-18,0,Infosys market update,0.6931471805599453,15.54884628374865,0,5,2,1,0,1
2025-05-06,16.9,Infosys,-0.0045,0.9765793483597046,0.0,0,Infosys market update,0.6931471805599453,15.935782214131399,1,5,2,0,0,1
2025-05-07,16.84,Infosys,-0.0034,-1.0857256211243083,-3.469446951953614e-18,0,Infosys market update,0.6931471805599453,15.516433343035594,2,5,2,0,0,1
2025-05-08,16.63,Infosys,-0.0124,1.750135747294122,0.0,0,Infosys market update,0.6931471805599453,16.252040795475722,3,5,2,0,0,1
2025-05-12,17.73,Infosys,0.0663,1.5272787411515563,0.0,0,Infosys market update,0.6931471805599453,16.603572758576224,0,5,2,1,0,1
2025-05-13,17.48,Infosys,-0.0145,-1.6096522748755608,0.0,1,Infosys market update,0.6931471805599453,15.967237993177473,1,5,2,0,0,1
2025-05-14,17.55,Infosys,0.0044,0.032970209613225325,0.0,1,Infosys market update,0.6931471805599453,15.97286188039926,2,5,2,0,0,1
2025-05-15,17.8,Infosys,0.0141,-0.16159693141991982,0.0,0,Infosys market update,0.6931471805599453,15.904791161930923,3,5,2,0,0,1
2025-05-16,17.41,Infosys,-0.0219,1.1660630707205875,0.0,1,Infosys market update,0.6931471805599453,16.373830373107456,4,5,2,0,1,1
2025-05-19,17.43,Infosys,0.0011,-0.8257726750942163,0.0,0,Infosys market update,0.6931471805599453,16.055624431479398,0,5,2,1,0,1
2025-05-20,17.34,Infosys,-0.0049,-0.7386881242177338,-3.469446951953614e-18,0,Infosys market update,0.6931471805599453,15.770734484537728,1,5,2,0,0,1
2025-05-21,17.27,Infosys,-0.0044,0.2943791153516433,0.0,0,Infosys market update,0.6931471805599453,15.877704333409236,2,5,2,0,0,1
2025-05-22,17.15,Infosys,-0.0066,0.17295472754272767,0.0,1,Infosys market update,0.6931471805599453,15.9371732349103,3,5,2,0,0,1
2025-05-23,17.22,Infosys,0.0039,0.5015298505026018,0.0,1,Infosys market update,0.6931471805599453,16.126708553198956,4,5,2,0,1,1
2025-05-27,17.58,Infosys,0.021,-0.27979789814104794,0.0,0,Infosys market update,0.6931471805599453,16.014333967597803,1,5,2,0,0,1
2025-05-28,17.46,Infosys,-0.007,-0.7989885804783238,-3.469446951953614e-18,1,Infosys market update,0.6931471805599453,15.706496920589398,2,5,2,0,0,1
2025-05-29,17.55,Infosys,0.0054,0.6554254020070337,0.0,0,Infosys market update,0.6931471805599453,15.958701364088043,3,5,2,0,0,1
2025-05-30,17.54,Infosys,-0.0007,0.9919035186093482,0.0,0,Infosys market update,0.6931471805599453,16.352258347878273,4,5,2,0,1,1
2025-06-03,17.4,Infosys,-0.0082,0.7238884654839333,0.0,0,Infosys market update,0.6931471805599453,16.233172895929172,1,6,2,0,0,1
2025-06-04,17.21,Infosys,-0.0105,-1.0296346612327114,0.0,1,Infosys market update,0.6931471805599453,15.83595831135798,2,6,2,0,0,1
2025-06-05,17.29,Infosys,0.0045,0.6264784541026815,0.0,1,Infosys market update,0.6931471805599453,16.076325394479774,3,6,2,0,0,1
2025-06-06,17.55,Infosys,0.0151,-1.0379782342630017,-3.469446951953614e-18,1,Infosys market update,0.6931471805599453,15.6758474123768,4,6,2,0,1,1
2025-06-09,17.64,Infosys,0.0049,-0.450815276022879,-3.469446951953614e-18,1,Infosys market update,0.6931471805599453,15.499443696131177,0,6,2,1,0,1
2025-06-10,17.85,Infosys,0.012,1.3975252176355353,0.0,1,Infosys market update,0.6931471805599453,16.071611929902865,1,6,2,0,0,1
2025-06-11,17.95,Infosys,0.0054,1.2062445871415652,0.0,0,Infosys market update,0.6931471805599453,16.55836152632662,2,6,2,0,0,1
2025-06-12,17.9,Infosys,-0.0027,-0.8111052359385343,0.0,0,Infosys market update,0.6931471805599453,16.245837906317256,3,6,2,0,0,1
2025-06-13,17.76,Infosys,-0.0075,-0.19775783571816516,0.0,1,Infosys market update,0.6931471805599453,16.164206132745672,4,6,2,0,1,1
2025-06-16,18.08,Infosys,0.0179,-0.2108062793661008,-3.469446951953614e-18,0,Infosys market update,0.6931471805599453,16.077700752719462,0,6,2,1,0,1
2025-06-17,18.0,Infosys,-0.0043,0.15662663882115896,0.0,0,Infosys market update,0.6931471805599453,16.13090338070469,1,6,2,0,0,1
2025-06-18,17.77,Infosys,-0.0129,0.2123635364799957,0.0,0,Infosys market update,0.6931471805599453,16.2057310915131,2,6,2,0,0,1
2025-06-20,17.05,Infosys,-0.0407,2.7171532111116425,0.0,1,Infosys market update,0.6931471805599453,17.435230189155643,4,6,2,0,1,1
2025-06-23,17.45,Infosys,0.0238,-2.156534780271784,0.0,1,Infosys market update,0.6931471805599453,16.541584091938464,0,6,2,1,0,1
2025-06-24,17.65,Infosys,0.011,-1.4204807792747633,0.0,1,Infosys market update,0.6931471805599453,15.986128862273876,1,6,2,0,0,1
2025-06-25,17.85,Infosys,0.0115,0.5600710067307556,0.0,1,Infosys market update,0.6931471805599453,16.19935309746089,2,6,2,0,0,1
2025-06-26,17.94,Infosys,0.0049,0.7187807242153257,0.0,0,Infosys market update,0.6931471805599453,16.4777053542749,3,6,2,0,0,1
2025-06-27,17.86,Infosys,-0.0043,-0.138359594813169,0.0,1,Infosys market update,0.6931471805599453,16.418355860929253,4,6,2,0,1,1
2025-06-30,17.87,Infosys,0.0005,-0.13441551702559096,-3.469446951953614e-18,1,Infosys market update,0.6931471805599453,16.36050058508312,0,6,2,1,0,1
2025-07-01,18.23,Infosys,0.02,0.4373243943397007,0.0,0,Infosys market update,0.6931471805599453,16.52423393243444,1,7,3,0,0,1
2025-07-02,18.21,Infosys,-0.0011,-1.2003191449800366,0.0,1,Infosys market update,0.6931471805599453,16.059226468705873,2,7,3,0,0,1
2025-07-03,18.28,Infosys,0.0042,-1.9523154728283674,-3.469446951953614e-18,0,Infosys market update,0.6931471805599453,15.266492101046168,3,7,3,0,0,1
2025-07-07,18.15,Infosys,-0.0074,1.722865655870886,0.0,1,Infosys market update,0.6931471805599453,15.989170888643551,0,7,3,1,0,1
2025-07-08,18.22,Infosys,0.0037,0.5493059796802109,0.0,0,Infosys market update,0.6931471805599453,16.19805229338989,1,7,3,0,0,1
2025-07-09,18.15,Infosys,-0.0037,0.5015298505026018,0.0,0,Infosys market update,0.6931471805599453,16.387573095133106,2,7,3,0,0,1
2025-07-10,17.45,Infosys,-0.0383,1.756781808220515,0.0,1,Infosys market update,0.6931471805599453,17.12631999571819,3,7,3,0,0,1
2025-07-11,17.54,Infosys,0.005,-1.3104327161380345,0.0,0,Infosys market update,0.6931471805599453,16.61651671531446,4,7,3,0,1,1
2025-07-14,17.37,Infosys,-0.0099,-0.3192592356876758,0.0,1,Infosys market update,0.6931471805599453,16.489328187092386,0,7,3,1,0,1
2025-07-15,17.57,Infosys,0.0117,-0.07058872932975875,-3.469446951953614e-18,1,Infosys market update,0.6931471805599453,16.455538915978824,1,7,3,0,0,1
2025-07-16,17.84,Infosys,0.0154,0.313680298168975,0.0,0,Infosys market update,0.6931471805599453,16.57014538170521,2,7,3,0,0,1
2025-07-17,17.81,Infosys,-0.0016,-0.3800502791503386,0.0,0,Infosys market update,0.6931471805599453,16.420272243481307,3,7,3,0,0,1
2025-07-18,17.56,Infosys,-0.0141,-0.8618048668257392,0.0,0,Infosys market update,0.6931471805599453,16.088337331814603,4,7,3,0,1,1
2025-07-21,17.54,Infosys,-0.0011,0.44515194493557925,0.0,1,Infosys market update,0.6931471805599453,16.25518454566179,0,7,3,1,0,1
2025-07-22,17.61,Infosys,0.0038,1.2315667695475943,0.0,1,Infosys market update,0.6931471805599453,16.753110467071778,1,7,3,0,0,1
2025-07-23,17.79,Infosys,0.0104,0.7004234213475603,0.0,0,Infosys market update,0.6931471805599453,17.023919839164396,2,7,3,0,0,1
2025-07-24,17.05,Infosys,-0.0417,-1.3405484089217659,0.0,0,Infosys market update,0.6931471805599453,16.501703690851024,3,7,3,0,0,1
2025-07-25,16.75,Infosys,-0.0175,0.6811379942437215,0.0,0,Infosys market update,0.6931471805599453,16.764559997867334,4,7,3,0,1,1
2025-07-28,16.55,Infosys,-0.0121,0.34994546308122226,0.0,1,Infosys market update,0.6931471805599453,16.893523080182685,0,7,3,1,0,1
2025-07-29,16.6,Infosys,0.0029,-1.5953959122364876,0.0,0,Infosys market update,0.6931471805599453,16.263381525678945,1,7,3,0,0,1
2025-07-30,16.35,Infosys,-0.0151,0.3735327646516829,0.0,0,Infosys market update,0.6931471805599453,16.401679411791946,2,7,3,0,0,1
2025-07-31,16.12,Infosys,-0.0136,0.48236897805164225,0.0,0,Infosys market update,0.6931471805599453,16.5834887304352,3,7,3,0,0,1
2025-08-01,15.82,Infosys,-0.0185,0.6052483961799473,0.0,1,Infosys market update,0.6931471805599453,16.815155218142944,4,8,3,0,1,1
2025-08-04,15.89,Infosys,0.0043,-0.2265575847170448,0.0,0,Infosys market update,0.6931471805599453,16.72273948755376,0,8,3,1,0,1
2025-08-05,15.62,Infosys,-0.017,0.5473057352487842,0.0,0,Infosys market update,0.6931471805599453,16.9307976743746,1,8,3,0,0,1
2025-08-06,15.5,Infosys,-0.008,-0.7324026305834359,0.0,0,Infosys market update,0.6931471805599453,16.648282687052422,2,8,3,0,0,1
2025-08-07,15.45,Infosys,-0.0031,0.3868524145633818,0.0,0,Infosys market update,0.6931471805599453,16.791881657767128,3,8,3,0,0,1
2025-08-08,15.42,Infosys,-0.0019,-0.8923551598616893,0.0,0,Infosys market update,0.6931471805599453,16.448111446692415,4,8,3,0,1,1
2025-08-11,15.41,Infosys,-0.0006,0.9397140021544184,0.0,1,Infosys market update,0.6931471805599453,16.81930033249474,0,8,3,1,0,1
2025-08-12,15.5,Infosys,0.0056,-0.22334073512794175,0.0,1,Infosys market update,0.6931471805599453,16.728029740987886,1,8,3,0,0,1
2025-08-13,15.8,Infosys,0.0193,1.019998097449969,0.0,0,Infosys market update,0.6931471805599453,17.133641534628584,2,8,3,0,0,1
2025-08-14,15.78,Infosys,-0.0012,-1.013755794257712,0.0,1,Infosys market update,0.6931471805599453,16.742701697268398,3,8,3,0,0,1
2025-08-15,15.97,Infosys,0.0122,-1.8181258383051888,0.0,0,Infosys market update,0.6931471805599453,16.012835241400822,4,8,3,0,1,1
2025-08-18,15.82,Infosys,-0.0091,0.5546961311617764,0.0,1,Infosys market update,0.6931471805599453,16.22390515580541,0,8,3,1,0,1
2025-08-19,16.01,Infosys,0.0116,1.3081536633384319,0.0,1,Infosys market update,0.6931471805599453,16.755904577828407,1,8,3,0,0,1
2025-08-20,16.4,Infosys,0.0247,0.5099164345154993,0.0,1,Infosys market update,0.6931471805599453,16.94881110869878,2,8,3,0,0,1
2025-08-21,16.44,Infosys,0.0024,-0.3507101827365305,0.0,1,Infosys market update,0.6931471805599453,16.80994704234598,3,8,3,0,0,1
2025-08-22,16.72,Infosys,0.017,1.3049964264655178,0.0,0,Infosys market update,0.6931471805599453,17.34049958368211,4,8,3,0,1,1
2025-08-25,16.71,Infosys,-0.0006,-1.7101712570252348,0.0,0,Infosys market update,0.6931471805599453,16.659687173374476,0,8,3,1,0,1
2025-08-26,16.61,Infosys,-0.0063,-0.38440106240931543,0.0,1,Infosys market update,0.6931471805599453,16.50812226308118,1,8,3,0,0,1
2025-08-27,16.74,Infosys,0.0081,-0.944218872449372,0.0,0,Infosys market update,0.6931471805599453,16.144240963965867,2,8,3,0,0,1
2025-08-28,16.39,Infosys,-0.0207,2.315425387557648,0.0,0,Infosys market update,0.6931471805599453,17.15965426147798,3,8,3,0,0,1
2025-08-29,16.22,Infosys,-0.0106,-1.2656453710041626,0.0,1,Infosys market update,0.6931471805599453,16.668134353233064,4,8,3,0,1,1
2025-09-02,16.29,Infosys,0.0042,-0.6459795784660275,0.0,0,Infosys market update,0.6931471805599453,16.418429920734503,1,9,3,0,0,1
2025-09-03,16.05,Infosys,-0.0148,0.9022466801729139,0.0,0,Infosys market update,0.6931471805599453,16.773727914666882,2,9,3,0,0,1
2025-09-04,16.0,Infosys,-0.003,-0.6175660768819963,0.0,0,Infosys market update,0.6931471805599453,16.534678790729902,3,9,3,0,0,1
2025-09-05,15.8,Infosys,-0.0127,1.085078595488978,0.0,1,Infosys market update,0.6931471805599453,16.968417548618003,4,9,3,0,1,1
2025-09-08,16.19,Infosys,0.025,0.24516024439085324,0.0,1,Infosys market update,0.6931471805599453,17.056065718597395,0,9,3,1,0,1
2025-09-09,16.4,Infosys,0.0131,-1.3848714726752531,0.0,0,Infosys market update,0.6931471805599453,16.51552193412128,1,9,3,0,0,1
2025-09-10,16.37,Infosys,-0.0018,0.47760050342529103,0.0,1,Infosys market update,0.6931471805599453,16.695427914095983,2,9,3,0,0,1
2025-09-11,16.46,Infosys,0.0053,1.3018333977297774,0.0,0,Infosys market update,0.6931471805599453,17.224596774118073,3,9,3,0,0,1
2025-09-12,16.36,Infosys,-0.0064,-2.063398602397193,0.0,0,Infosys market update,0.6931471805599453,16.377910591736704,4,9,3,0,1,1
2025-09-15,16.32,Infosys,-0.0024,0.9468249989720859,0.0,1,Infosys market update,0.6931471805599453,16.75217205498373,0,9,3,1,0,1
2025-09-16,16.45,Infosys,0.0083,-0.14089865529653156,0.0,1,Infosys market update,0.6931471805599453,16.691862326837402,1,9,3,0,0,1
2025-09-17,17.05,Infosys,0.0363,1.4389329534959754,0.0,0,Infosys market update,0.6931471805599453,17.282832733218342,2,9,3,0,0,1
2025-09-18,16.94,Infosys,-0.0062,-2.1369281914887996,0.0,0,Infosys market update,0.6931471805599453,16.399191154510916,3,9,3,0,0,1
2025-09-19,16.36,Infosys,-0.0341,3.0512020386490395,3.469446951953614e-18,1,Infosys market update,0.6931471805599453,17.817743504517438,4,9,3,0,1,1
2025-09-22,16.54,Infosys,0.0106,-2.840179957124702,0.0,0,Infosys market update,0.6931471805599453,16.52317408431744,0,9,3,1,0,1
2025-09-23,16.28,Infosys,-0.0157,-0.6815114058059317,0.0,1,Infosys market update,0.6931471805599453,16.25997717152666,1,9,3,0,0,1
2025-09-24,16.42,Infosys,0.0089,0.9874934424156971,0.0,0,Infosys market update,0.6931471805599453,16.651637359660445,2,9,3,0,0,1
2025-09-25,15.95,Infosys,-0.0288,0.1349750382138688,0.0,0,Infosys market update,0.6931471805599453,16.696460345955593,3,9,3,0,0,1
2025-09-26,15.93,Infosys,-0.0012,0.24492623598233865,0.0,0,Infosys market update,0.6931471805599453,16.78405152604329,4,9,3,0,1,1
2025-09-29,15.74,Infosys,-0.0121,0.005716256000068142,0.0,0,Infosys market update,0.6931471805599453,16.779251574756504,0,9,3,1,0,1
2025-09-30,15.69,Infosys,-0.0031,-0.9694928541701727,0.0,1,Infosys market update,0.6931471805599453,16.405617785620734,1,9,3,0,0,1
2025-10-01,15.79,Infosys,0.0061,0.46823638920188343,0.0,0,Infosys market update,0.6931471805599453,16.58177941435548,2,10,4,0,0,1
2025-10-02,15.57,Infosys,-0.0134,-0.3698222979123044,0.0,1,Infosys market update,0.6931471805599453,16.43573457748646,3,10,4,0,0,1
2025-10-03,15.65,Infosys,0.005,0.264254773427508,0.0,1,Infosys market update,0.6931471805599453,16.530874018541606,4,10,4,0,1,1
2025-10-06,16.09,Infosys,0.0283,0.850604351591471,0.0,0,Infosys market update,0.6931471805599453,16.864333307507085,0,10,4,1,0,1
2025-10-07,15.81,Infosys,-0.018,-0.8538463624861412,0.0,1,Infosys market update,0.6931471805599453,16.53539057670272,1,10,4,0,0,1
2025-10-08,16.14,Infosys,0.0214,-0.34641332957539905,0.0,1,Infosys market update,0.6931471805599453,16.398095868368983,2,10,4,0,0,1
2025-10-09,16.45,Infosys,0.0191,1.1612074219506103,0.0,0,Infosys market update,0.6931471805599453,16.865063227592866,3,10,4,0,0,1
2025-10-10,15.99,Infosys,-0.0281,-0.8636160918515202,0.0,1,Infosys market update,0.6931471805599453,16.532368589329515,4,10,4,0,1,1
2025-10-13,16.18,Infosys,0.0121,-1.0830364352344866,0.0,0,Infosys market update,0.6931471805599453,16.114067649441502,0,10,4,1,0,1
2025-10-14,15.89,Infosys,-0.0179,1.5792540181900703,0.0,0,Infosys market update,0.6931471805599453,16.76946209630299,1,10,4,0,0,1
2025-10-15,15.85,Infosys,-0.0024,0.546705250657368,0.0,0,Infosys market update,0.6931471805599453,16.977320712926968,2,10,4,0,0,1
2025-10-16,15.5,Infosys,-0.0225,0.6848622448257744,0.0,1,Infosys market update,0.6931471805599453,17.241689973744982,3,10,4,0,0,1
2025-10-17,15.75,Infosys,0.0162,-2.1116803773806803,0.0,1,Infosys market update,0.6931471805599453,16.370767013742604,4,10,4,0,1,1
2025-10-20,16.31,Infosys,0.0355,1.0859742328517545,0.0,1,Infosys market update,0.6931471805599453,16.80486760286464,0,10,4,1,0,1
2025-10-21,16.79,Infosys,0.0296,0.5531006452511337,0.0,1,Infosys market update,0.6931471805599453,17.015276995989595,1,10,4,0,0,1
2025-10-22,16.85,Infosys,0.0034,-0.1499491403374777,0.0,1,Infosys market update,0.6931471805599453,16.95157422042362,2,10,4,0,0,1
2025-10-23,16.9,Infosys,0.0034,-1.2548211196391315,0.0,0,Infosys market update,0.6931471805599453,16.464433419929346,3,10,4,0,0,1
2025-10-24,16.86,Infosys,-0.0029,-1.3100271589162036,0.0,0,Infosys market update,0.6931471805599453,15.954694096767826,4,10,4,0,1,1
2025-10-27,16.68,Infosys,-0.0105,0.778279699210653,0.0,0,Infosys market update,0.6931471805599453,16.257831592995473,0,10,4,1,0,1
2025-10-28,16.53,Infosys,-0.0088,0.8180034529637333,0.0,0,Infosys market update,0.6931471805599453,16.57762593822941,1,10,4,0,0,1
2025-10-29,16.52,Infosys,-0.0006,-0.337534701600217,0.0,0,Infosys market update,0.6931471805599453,16.443665890464214,2,10,4,0,0,1
2025-10-30,16.29,Infosys,-0.0142,0.07061939995114085,0.0,0,Infosys market update,0.6931471805599453,16.46362680285231,3,10,4,0,0,1
2025-10-31,16.22,Infosys,-0.0042,-0.10950090861168962,0.0,0,Infosys market update,0.6931471805599453,16.415188378961776,4,10,4,0,1,1
2025-11-03,16.06,Infosys,-0.0097,-0.22597238885738655,0.0,0,Infosys market update,0.6931471805599453,16.32297754866629,0,11,4,1,0,1
2025-11-04,15.96,Infosys,-0.0067,-0.3329539439220111,0.0,1,Infosys market update,0.6931471805599453,16.190667536792443,1,11,4,0,0,1
2025-11-05,16.07,Infosys,0.0074,-0.36086585661310044,0.0,0,Infosys market update,0.6931471805599453,16.047984404322953,2,11,4,0,0,1
2025-11-06,15.84,Infosys,-0.0146,0.28614671612319326,0.0,1,Infosys market update,0.6931471805599453,16.151685250648708,3,11,4,0,0,1
2025-11-07,16.15,Infosys,0.0198,-0.6334327286012031,0.0,1,Infosys market update,0.6931471805599453,15.906695500204366,4,11,4,0,1,1
2025-11-10,16.41,Infosys,0.0158,0.5281976190809392,0.0,1,Infosys market update,0.6931471805599453,16.10702469343757,0,11,4,1,0,1
2025-11-11,16.65,Infosys,0.0149,-0.12402451688858185,0.0,1,Infosys market update,0.6931471805599453,16.053055777498006,1,11,4,0,0,1
2025-11-12,16.73,Infosys,0.0047,0.4104270961019334,0.0,0,Infosys market update,0.6931471805599453,16.206060831266246,2,11,4,0,0,1
2025-11-13,16.6,Infosys,-0.0076,-0.13469701196348668,0.0,0,Infosys market update,0.6931471805599453,16.14813016527365,3,11,4,0,0,1
2025-11-14,16.3,Infosys,-0.0183,0.24516024439085324,0.0,1,Infosys market update,0.6931471805599453,16.235754323326354,4,11,4,0,1,1
2025-11-17,16.42,Infosys,0.0072,-0.18248006613872395,0.0,1,Infosys market update,0.6931471805599453,16.159870886999478,0,11,4,1,0,1
2025-11-18,16.59,Infosys,0.0107,0.8205983902933026,0.0,1,Infosys market update,0.6931471805599453,16.48074378979564,1,11,4,0,0,1
2025-11-19,16.94,Infosys,0.0212,-1.5490291276610981,0.0,0,Infosys market update,0.6931471805599453,15.870621112284452,2,11,4,0,0,1
2025-11-20,16.77,Infosys,-0.0104,1.1613504268665793,0.0,1,Infosys market update,0.6931471805599453,16.337632786967454,3,11,4,0,0,1
2025-11-21,17.33,Infosys,0.0333,0.7484995101633739,0.0,0,Infosys market update,0.6931471805599453,16.628341166494064,4,11,4,0,1,1
2025-11-24,16.9,Infosys,-0.0243,-0.6873567144840843,0.0,1,Infosys market update,0.6931471805599453,16.363000772331926,0,11,4,1,0,1
2025-11-25,16.91,Infosys,0.0006,-0.5204447004156394,0.0,1,Infosys market update,0.6931471805599453,16.16050368305576,1,11,4,0,0,1
2025-11-26,17.05,Infosys,0.0081,-0.6031195371839224,0.0,1,Infosys market update,0.6931471805599453,15.926935266562529,2,11,4,0,0,1
2025-11-28,17.11,Infosys,0.0034,-1.9801122071892074,0.0,0,Infosys market update,0.6931471805599453,15.120839139677638,4,11,4,0,1,1
2025-12-01,17.08,Infosys,-0.0017,1.0091246862862644,0.0,0,Infosys market update,0.6931471805599453,15.52178493937601,0,12,4,1,0,1
2025-12-02,17.04,Infosys,-0.0023,0.4957811760447389,0.0,1,Infosys market update,0.6931471805599453,15.709044269853653,1,12,4,0,0,1
2025-12-03,17.29,Infosys,0.0144,0.30121308493668963,0.0,1,Infosys market update,0.6931471805599453,15.81870543827798,2,12,4,0,0,1
2025-12-04,17.9,Infosys,0.0357,2.095375192770233,0.0,0,Infosys market update,0.6931471805599453,16.722395278880356,3,12,4,0,0,1
2025-12-05,17.69,Infosys,-0.012,-1.726088105344834,0.0,0,Infosys market update,0.6931471805599453,16.034529351051898,4,12,4,0,1,1
2025-12-08,17.35,Infosys,-0.0194,-0.6297121142054851,0.0,1,Infosys market update,0.6931471805599453,15.790910297434703,0,12,4,1,0,1
2025-12-09,17.37,Infosys,0.0017,1.9456115258768159,0.0,1,Infosys market update,0.6931471805599453,16.620627032399216,1,12,4,0,0,1
2025-12-10,17.69,Infosys,0.018,-1.257624780538409,0.0,0,Infosys market update,0.6931471805599453,16.132353621289344,2,12,4,0,0,1
2025-12-11,17.42,Infosys,-0.0149,0.6429111433327223,0.0,0,Infosys market update,0.6931471805599453,16.37942099131562,3,12,4,0,0,1
2025-12-12,17.4,Infosys,-0.0011,-1.262034247750185,0.0,0,Infosys market update,0.6931471805599453,15.889424475439666,4,12,4,0,1,1
2025-12-16,17.39,Infosys,-0.0006,1.353806163498347,0.0,1,Infosys market update,0.6931471805599453,16.458759163327823,1,12,4,0,0,1
2025-12-17,17.83,Infosys,0.0253,0.34706009933431536,0.0,1,Infosys market update,0.6931471805599453,16.586529361025573,2,12,4,0,0,1
2025-12-18,18.77,Infosys,0.0527,1.4900164733917733,3.469446951953614e-18,1,Infosys market update,0.6931471805599453,17.200798757028128,3,12,4,0,0,1
2025-12-19,19.79,Infosys,0.0542,3.0043138616975567,3.469446951953614e-18,0,Infosys market update,0.6931471805599453,18.592158729489366,4,12,4,0,1,1
2025-12-22,18.75,Infosys,-0.0524,-3.235700014063419,3.469446951953614e-18,0,Infosys market update,0.6931471805599453,16.99101117329769,0,12,4,1,0,1
2025-12-23,18.18,Infosys,-0.0308,-1.4984540348960116,0.0,1,Infosys market update,0.6931471805599453,16.40265041346994,1,12,4,0,0,1
2025-12-24,18.27,Infosys,0.0054,0.012564212487849166,0.0,1,Infosys market update,0.6931471805599453,16.400451137304938,2,12,4,0,0,1
2025-12-26,18.39,Infosys,0.0064,-1.8825213384129587,0.0,0,Infosys market update,0.6931471805599453,15.640704964464884,4,12,4,0,1,1
2025-12-29,18.04,Infosys,-0.0192,-0.036663593898578914,0.0,0,Infosys market update,0.6931471805599453,15.619791472338784,0,12,4,1,0,1
2025-12-30,17.66,Infosys,-0.0212,0.33368728704072204,0.0,0,Infosys market update,0.6931471805599453,15.742296281121412,1,12,4,0,0,1
2025-12-31,17.44,Infosys,-0.0122,-1.080732867798671,0.0,1,Infosys market update,0.6931471805599453,15.324929441344715,2,12,4,0,0,1
2026-01-02,17.77,Infosys,0.0185,1.4810156573815454,0.0,0,Infosys market update,0.6931471805599453,15.935097985654508,4,1,1,0,1,1
2026-01-05,17.31,Infosys,-0.0259,1.5874081294266487,0.0,1,Infosys market update,0.6931471805599453,16.59425535513182,0,1,1,1,0,1
2026-01-06,17.72,Infosys,0.0238,-0.7826626256821289,0.0,1,Infosys market update,0.6931471805599453,16.29262870596186,1,1,1,0,0,1
2026-01-07,17.84,Infosys,0.0072,-0.7372903299649055,0.0,0,Infosys market update,0.6931471805599453,16.00828089655825,2,1,1,0,0,1
2026-01-08,17.66,Infosys,-0.0104,-0.4683870435605504,0.0,0,Infosys market update,0.6931471805599453,15.825280560414296,3,1,1,0,0,1
2026-01-09,17.45,Infosys,-0.0116,-0.4078270329653429,0.0,0,Infosys market update,0.6931471805599453,15.664957162345639,4,1,1,0,1,1
2026-01-12,17.42,Infosys,-0.0017,1.6767633395024677,0.0,0,Infosys market update,0.6931471805599453,16.365861646547504,0,1,1,1,0,1
2026-01-13,17.15,Infosys,-0.0157,1.1018709364922668,0.0,1,Infosys market update,0.6931471805599453,16.8069085018679,1,1,1,0,0,1
2026-01-14,18.94,Infosys,0.1045,1.5368395778496304,3.469446951953614e-18,0,Infosys market update,0.6931471805599453,17.442698128753268,2,1,1,0,0,1
2026-01-15,18.42,Infosys,-0.0274,-1.7053176939763997,0.0,0,Infosys market update,0.6931471805599453,16.764035965770116,3,1,1,0,0,1
2026-01-16,18.24,Infosys,-0.0101,-1.0357009359864346,0.0,0,Infosys market update,0.6931471805599453,16.36438533186939,4,1,1,0,1,1
2026-01-20,17.82,Infosys,-0.0225,-0.945700858148856,0.0,1,Infosys market update,0.6931471805599453,15.999920150797816,1,1,1,0,0,1
2026-01-21,17.92,Infosys,0.0055,0.1404100538012424,0.0,0,Infosys market update,0.6931471805599453,16.046803817453544,2,1,1,0,0,1
2026-01-22,17.9,Infosys,-0.0011,-0.6125190194273383,0.0,0,Infosys market update,0.6931471805599453,15.809707479202409,3,1,1,0,0,1
2026-01-23,17.85,Infosys,-0.0027,-1.346269174916186,0.0,1,Infosys market update,0.6931471805599453,15.285134756683103,4,1,1,0,1,1
2026-01-26,18.16,Infosys,0.017,0.45735834336410475,0.0,0,Infosys market update,0.6931471805599453,15.456912339312101,0,1,1,1,0,1
2026-01-27,17.86,Infosys,-0.0162,1.083584861412579,0.0,0,Infosys market update,0.6931471805599453,15.88996480875804,1,1,1,0,0,1
2026-01-28,17.55,Infosys,-0.0175,0.25682530687946875,0.0,0,Infosys market update,0.6931471805599453,15.98218440014501,2,1,1,0,0,1
2026-01-29,17.37,Infosys,-0.01,1.348935814686449,0.0,0,Infosys market update,0.6931471805599453,16.532447884653163,3,1,1,0,0,1
2026-01-30,17.21,Infosys,-0.0096,0.3461714328665924,0.0,1,Infosys market update,0.6931471805599453,16.659867521785987,4,1,1,0,1,1
2026-02-02,17.95,Infosys,0.0432,-0.48929269351819055,3.469446951953614e-18,0,Infosys market update,0.6931471805599453,16.469020162808985,0,2,1,1,0,1
2026-02-03,16.95,Infosys,-0.0556,1.7365579016631278,3.469446951953614e-18,0,Infosys market update,0.6931471805599453,17.198177336963774,1,2,1,0,0,1
2026-02-04,16.39,Infosys,-0.0335,0.2640230275390862,3.469446951953614e-18,1,Infosys market update,0.6931471805599453,17.293224468401327,2,2,1,0,0,1
2026-02-05,16.44,Infosys,0.0036,-2.0988604318646034,0.0,1,Infosys market update,0.6931471805599453,16.428722541203932,3,2,1,0,0,1
2026-02-06,16.48,Infosys,0.0024,0.19827617447566678,0.0,0,Infosys market update,0.6931471805599453,16.498072064687076,4,2,1,0,1,1
2026-02-09,15.96,Infosys,-0.0315,-0.9150703914615134,0.0,1,Infosys market update,0.6931471805599453,16.145535802677006,0,2,1,1,0,1
2026-02-10,16.26,Infosys,0.0184,-0.05967435097205136,0.0,0,Infosys market update,0.6931471805599453,16.115903349620883,1,2,1,0,0,1
2026-02-11,15.43,Infosys,-0.0512,0.584365345967539,0.0,0,Infosys market update,0.6931471805599453,16.339068928932114,2,2,1,0,0,1
2026-02-12,13.91,Infosys,-0.0984,2.195773149934927,3.469446951953614e-18,1,Infosys market update,0.6931471805599453,17.29328313472861,3,2,1,0,0,1
2026-02-13,14.41,Infosys,0.0359,-1.2624353335497935,0.0,1,Infosys market update,0.6931471805599453,16.803125021073463,4,2,1,0,1,1
2026-02-17,14.44,Infosys,0.002,0.40526098220002926,3.469446951953614e-18,1,Infosys market update,0.6931471805599453,16.95402200009373,1,2,1,0,0,1
2026-02-18,14.73,Infosys,0.0203,-1.1699949302573196,0.0,0,Infosys market update,0.6931471805599453,16.501083425931675,2,2,1,0,0,1
2026-02-19,14.24,Infosys,-0.0332,0.548506134850292,0.0,1,Infosys market update,0.6931471805599453,16.709664100335,3,2,1,0,0,1
2026-02-20,14.34,Infosys,0.0069,-0.3302092957115065,0.0,0,Infosys market update,0.6931471805599453,16.578421412854336,4,2,1,0,1,1
2026-02-23,13.62,Infosys,-0.0505,1.019998097449969,3.469446951953614e-18,0,Infosys market update,0.6931471805599453,16.984023224155607,0,2,1,1,0,1
2026-02-24,13.55,Infosys,-0.005,0.1639543239317,0.0,1,Infosys market update,0.6931471805599453,17.040018532459452,1,2,1,0,0,1
2026-02-25,13.94,Infosys,0.0289,0.36782758695428647,3.469446951953614e-18,1,Infosys market update,0.6931471805599453,17.176042217617212,2,2,1,0,0,1
2026-02-26,14.39,Infosys,0.0323,-1.0398770018841061,0.0,0,Infosys market update,0.6931471805599453,16.774750046184227,3,2,1,0,0,1
2026-02-27,14.13,Infosys,-0.0177,-0.3286857243881553,0.0,0,Infosys market update,0.6931471805599453,16.644095619791635,4,2,1,0,1,1
2026-03-02,13.89,Infosys,-0.0173,-1.2213204810734803,0.0,1,Infosys market update,0.6931471805599453,16.170621780092723,0,3,1,1,0,1
2026-03-03,13.92,Infosys,0.0021,0.2360132385673387,0.0,1,Infosys market update,0.6931471805599453,16.25464382601532,1,3,1,0,0,1
2026-03-04,14.03,Infosys,0.0077,1.3641416981875685,0.0,1,Infosys market update,0.6931471805599453,16.811717768717735,2,3,1,0,0,1
2026-03-05,14.1,Infosys,0.0049,-0.7854963767067287,0.0,1,Infosys market update,0.6931471805599453,16.50894114472282,3,3,1,0,0,1
2026-03-06,14.13,Infosys,0.0028,0.09398617731588668,0.0,0,Infosys market update,0.6931471805599453,16.537950133661237,4,3,1,0,1,1
2026-03-09,14.11,Infosys,-0.0014,-0.09590059466585346,0.0,0,Infosys market update,0.6931471805599453,16.494667404032494,0,3,1,1,0,1
2026-03-10,13.74,Infosys,-0.0264,0.454839240515744,0.0,0,Infosys market update,0.6931471805599453,16.66545960504176,1,3,1,0,0,1
2026-03-11,13.58,Infosys,-0.0121,-0.2965930815315417,0.0,0,Infosys market update,0.6931471805599453,16.546841057737723,2,3,1,0,0,1
2026-03-12,13.16,Infosys,-0.031,0.18529413873233908,0.0,0,Infosys market update,0.6931471805599453,16.611119824936065,3,3,1,0,0,1
2026-03-13,12.99,Infosys,-0.0126,-1.1586315314087636,0.0,0,Infosys market update,0.6931471805599453,16.16273444821099,4,3,1,0,1,1
2026-03-16,12.98,Infosys,-0.0008,1.8166571248853904,0.0,0,Infosys market update,0.6931471805599453,16.9300564914545,0,3,1,1,0,1
2026-03-17,12.92,Infosys,-0.0045,-0.04232556819061438,0.0,0,Infosys market update,0.6931471805599453,16.906952976780286,1,3,1,0,0,1
2026-03-18,12.65,Infosys,-0.0212,0.390765354817989,3.469446951953614e-18,1,Infosys market update,0.6931471805599453,17.05213203325645,2,3,1,0,0,1
2026-03-19,12.77,Infosys,0.0101,-0.10144174314455125,3.469446951953614e-18,1,Infosys market update,0.6931471805599453,17.0066945179783,3,3,1,0,0,1
2026-03-20,12.84,Infosys,0.0054,3.0601114032035808,0.0,1,Infosys market update,0.6931471805599453,18.430428093810246,4,3,1,0,1,1
2026-03-23,13.02,Infosys,0.0137,-3.4832844011524977,0.0,0,Infosys market update,0.6931471805599453,16.587042534544988,0,3,1,1,0,1
2026-03-24,12.8,Infosys,-0.0165,-0.9531196320135555,0.0,1,Infosys market update,0.6931471805599453,16.2197403615554,1,3,1,0,0,1
2026-03-25,12.89,Infosys,0.0069,0.08309863592411888,3.469446951953614e-18,0,Infosys market update,0.6931471805599453,16.244560975118013,2,3,1,0,0,1
2026-03-26,12.88,Infosys,-0.0008,-0.6729343755761749,0.0,0,Infosys market update,0.6931471805599453,15.984621513837526,3,3,1,0,0,1
2026-03-27,12.56,Infosys,-0.0251,0.7818142098826029,0.0,1,Infosys market update,0.6931471805599453,16.289263654150187,4,3,1,0,1,1
2026-03-30,12.97,Infosys,0.0327,-0.1870819275024988,0.0,1,Infosys market update,0.6931471805599453,16.211649835359307,0,3,1,1,0,1
2026-03-31,13.22,Infosys,0.0196,1.0407834245937109,0.0,0,Infosys market update,0.6931471805599453,16.626183590684807,1,3,1,0,0,1
2026-04-01,13.02,Infosys,-0.0155,-0.4292390100961169,0.0,1,Infosys market update,0.6931471805599453,16.457876764346697,2,4,2,0,0,1
2026-04-02,13.45,Infosys,0.0331,-0.5907420936054937,0.0,0,Infosys market update,0.6931471805599453,16.228921295556688,3,4,2,0,0,1
2026-04-06,13.41,Infosys,-0.0029,-0.529592794653665,0.0,1,Infosys market update,0.6931471805599453,16.02301555468275,0,4,2,1,0,1
2026-04-07,13.66,Infosys,0.019,1.5406257314227103,0.0,1,Infosys market update,0.6931471805599453,16.660553711905827,1,4,2,0,0,1
2026-04-08,13.7,Infosys,0.0029,-0.7115360014155332,0.0,0,Infosys market update,0.6931471805599453,16.386036720715087,2,4,2,0,0,1
2026-04-09,13.47,Infosys,-0.0171,1.1860575668947453,0.0,0,Infosys market update,0.6931471805599453,16.863882766278522,3,4,2,0,0,1
2026-04-10,13.01,Infosys,-0.0342,-0.2099341882754608,0.0,1,Infosys market update,0.6931471805599453,16.777675758381157,4,4,2,0,1,1
2026-04-13,13.67,Infosys,0.0512,-0.6534633092516301,3.469446951953614e-18,0,Infosys market update,0.6931471805599453,16.525139578741197,0,4,2,1,0,1
2026-04-14,13.65,Infosys,-0.0021,-0.03531773104572437,0.0,1,Infosys market update,0.6931471805599453,16.50471094569891,1,4,2,0,0,1
2026-04-15,14.01,Infosys,0.0265,0.27557692671609985,0.0,1,Infosys market update,0.6931471805599453,16.604249473417383,2,4,2,0,0,1
2026-04-16,14.08,Infosys,0.0049,0.050593129238916706,0.0,1,Infosys market update,0.6931471805599453,16.61655316399554,3,4,2,0,0,1
2026-04-17,14.15,Infosys,0.0056,-0.37229827181641517,0.0,0,Infosys market update,0.6931471805599453,16.469512867239022,4,4,2,0,1,1
2026-04-20,13.91,Infosys,-0.0173,-0.21051554748295356,0.0,0,Infosys market update,0.6931471805599453,16.383102651090944,0,4,2,1,0,1
2026-04-21,13.77,Infosys,-0.0099,1.0091246862862644,0.0,0,Infosys market update,0.6931471805599453,16.784005284577848,1,4,2,0,0,1
2026-04-22,13.19,Infosys,-0.0419,0.31074067644717807,0.0,0,Infosys market update,0.6931471805599453,16.897397637589084,2,4,2,0,0,1
2026-04-23,12.67,Infosys,-0.0401,1.0709876440757127,0.0,0,Infosys market update,0.6931471805599453,17.325015139542735,3,4,2,0,0,1
2026-04-24,12.59,Infosys,-0.0062,-0.9803233555264527,0.0,0,Infosys market update,0.6931471805599453,16.947175756903185,4,4,2,0,1,1
2026-04-27,12.02,Infosys,-0.0451,-0.2884816606718757,3.469446951953614e-18,0,Infosys market update,0.6931471805599453,16.831555181824772,0,4,2,1,0,1
2026-04-28,11.99,Infosys,-0.0024,-0.2239253027753187,0.0,1,Infosys market update,0.6931471805599453,16.740133489744487,1,4,2,0,0,1
2026-04-29,12.08,Infosys,0.0073,-0.5744261437062687,0.0,1,Infosys market update,0.6931471805599453,16.51731469294547,2,4,2,0,0,1
2026-04-30,12.2,Infosys,0.0097,-0.31077406414003483,0.0,1,Infosys market update,0.6931471805599453,16.393285089391114,3,4,2,0,0,1
2026-05-01,12.22,Infosys,0.0016,-1.1648971108287756,0.0,0,Infosys market update,0.6931471805599453,15.942527359449343,4,5,2,0,1,1
2026-05-04,11.98,Infosys,-0.0192,0.8556992029227016,0.0,1,Infosys market update,0.6931471805599453,16.278120557965924,0,5,2,1,0,1
2026-05-05,12.2,Infosys,0.018,-0.29629220196200723,0.0,1,Infosys market update,0.6931471805599453,16.159554338746393,1,5,2,0,0,1
2026-05-06,12.37,Infosys,0.0144,1.0987622480953534,0.0,0,Infosys market update,0.6931471805599453,16.59924944789573,2,5,2,0,0,1
2026-05-07,12.3,Infosys,-0.0055,-0.8318723227299664,0.0,1,Infosys market update,0.6931471805599453,16.27873389808113,3,5,2,0,0,1
2026-05-08,12.56,Infosys,0.0207,0.25286694587030695,0.0,0,Infosys market update,0.6931471805599453,16.36936793390668,4,5,2,0,1,1
2026-05-11,12.04,Infosys,-0.0413,-0.21575405485712518,0.0,0,Infosys market update,0.6931471805599453,16.28094561065955,0,5,2,1,0,1
2026-05-12,11.8,Infosys,-0.0203,-0.38440106240931543,0.0,0,Infosys market update,0.6931471805599453,16.12946092090693,1,5,2,0,0,1
2026-05-13,11.61,Infosys,-0.0158,0.5662234209047341,0.0,0,Infosys market update,0.6931471805599453,16.345191461795405,2,5,2,0,0,1
2026-05-14,11.41,Infosys,-0.0169,-0.14824947270414351,0.0,1,Infosys market update,0.6931471805599453,16.282109048182694,3,5,2,0,0,1
2026-05-15,11.81,Infosys,0.0352,1.1604922227562378,0.0,1,Infosys market update,0.6931471805599453,16.748734301886344,4,5,2,0,1,1
2026-05-18,12.32,Infosys,0.0431,0.5277932716100244,3.469446951953614e-18,1,Infosys market update,0.6931471805599453,16.948867752959462,0,5,2,1,0,1
2026-05-19,12.45,Infosys,0.0103,-0.010174689242014938,3.469446951953614e-18,1,Infosys market update,0.6931471805599453,16.937994462157405,1,5,2,0,0,1
2026-05-20,12.5,Infosys,0.0039,0.6184006657666302,0.0,0,Infosys market update,0.6931471805599453,17.175052299108778,2,5,2,0,0,1
2026-05-21,12.37,Infosys,-0.0102,-1.303948314823721,0.0,1,Infosys market update,0.6931471805599453,16.667938178648363,3,5,2,0,0,1
2026-05-22,12.4,Infosys,0.0024,0.25984691773829705,0.0,0,Infosys market update,0.6931471805599453,16.7613801449022,4,5,2,0,1,1
2026-05-26,11.82,Infosys,-0.0466,0.43159222552479676,3.469446951953614e-18,1,Infosys market update,0.6931471805599453,16.922846860817852,1,5,2,0,0,1
2026-05-27,12.13,Infosys,0.0257,-1.0288770436534969,0.0,1,Infosys market update,0.6931471805599453,16.52599120314303,2,5,2,0,0,1
2026-05-28,12.43,Infosys,0.025,1.880812802289032,3.469446951953614e-18,0,Infosys market update,0.6931471805599453,17.324237132004036,3,5,2,0,0,1
2026-05-29,12.38,Infosys,-0.0039,-0.479946936274543,0.0,1,Infosys market update,0.6931471805599453,17.136935787016238,4,5,2,0,1,1
2026-06-01,13.13,Infosys,0.0601,0.5527015639938087,3.469446951953614e-18,0,Infosys market update,0.6931471805599453,17.34721270245774,0,6,2,1,0,1
2026-06-02,12.8,Infosys,-0.0246,-1.025469597780283,3.469446951953614e-18,0,Infosys market update,0.6931471805599453,16.951608982626908,1,6,2,0,0,1
2026-06-03,12.2,Infosys,-0.0474,-0.6760194998012803,3.469446951953614e-18,1,Infosys market update,0.6931471805599453,16.690526178260523,2,6,2,0,0,1
2026-06-04,12.3,Infosys,0.0088,-0.44667768639508143,0.0,0,Infosys market update,0.6931471805599453,16.515696651202692,3,6,2,0,0,1
2026-06-05,12.14,Infosys,-0.0135,-1.5052227203400004,0.0,0,Infosys market update,0.6931471805599453,15.924462478383159,4,6,2,0,1,1
2026-06-08,12.02,Infosys,-0.0097,1.0226288463142594,0.0,0,Infosys market update,0.6931471805599453,16.331188947227105,0,6,2,1,0,1
2026-06-09,11.98,Infosys,-0.0033,-0.4065726149883134,0.0,0,Infosys market update,0.6931471805599453,16.171314185880405,1,6,2,0,0,1
2026-06-10,11.76,Infosys,-0.0184,0.19707770445716355,0.0,0,Infosys market update,0.6931471805599453,16.240189470708323,2,6,2,0,0,1
2026-06-11,11.6,Infosys,-0.0136,-0.23388431619190586,0.0,1,Infosys market update,0.6931471805599453,16.144981077086985,3,6,2,0,0,1
2026-06-12,11.74,Infosys,0.0121,-0.8361843221359568,0.0,0,Infosys market update,0.6931471805599453,15.822824991206867,4,6,2,0,1,1
2026-06-15,11.6,Infosys,-0.0119,1.6804534058316225,3.469446951953614e-18,1,Infosys market update,0.6931471805599453,16.525492292454256,0,6,2,1,0,1
2026-06-16,11.97,Infosys,0.0319,0.45168570581290785,0.0,0,Infosys market update,0.6931471805599453,16.69497869799578,1,6,2,0,0,1
2026-06-17,11.7,Infosys,-0.0226,1.462748405486436,0.0,0,Infosys market update,0.6931471805599453,17.296753754987446,2,6,2,0,0,1
2026-06-18,10.57,Infosys,-0.0966,1.612291313887608,3.469446951953614e-18,1,Infosys market update,0.6931471805599453,17.967523234662437,3,6,2,0,0,1
2026-06-22,10.77,Infosys,0.0189,-1.6204802326184997,3.469446951953614e-18,1,Infosys market update,0.6931471805599453,17.326473767631292,0,6,2,1,0,1
2026-06-23,10.79,Infosys,0.0019,0.10330737682396283,0.0,1,Infosys market update,0.6931471805599453,17.35907810082814,1,6,2,0,0,1
2026-06-24,10.93,Infosys,0.013,-1.097656764287624,0.0,0,"Companies should focus on business growth , profitability rather than just share price : NSE chief | NSE CEO Ashishkumar Chauhan Stock Market Tips | कंपन्यांनी केवळ समभागांच्या किमतींमागे धावू नये , एनएसईचे आशिषकुमार चौहान यांचे प्रतिपादन",1.0986122886681098,16.93510075539727,2,6,2,0,0,1
2026-06-25,10.57,Infosys,-0.0329,0.6182079141061397,0.0,1,"Companies should focus on business growth , profitability rather than just share price : NSE chief | NSE CEO Ashishkumar Chauhan Stock Market Tips | कंपन्यांनी केवळ समभागांच्या किमतींमागे धावू नये , एनएसईचे आशिषकुमार चौहान यांचे प्रतिपादन",1.0986122886681098,17.172104533740146,3,6,2,0,0,1
2026-06-26,10.78,Infosys,0.0199,-1.2720726528426503,0.0,0,"Companies should focus on business growth , profitability rather than just share price : NSE chief | NSE CEO Ashishkumar Chauhan Stock Market Tips | कंपन्यांनी केवळ समभागांच्या किमतींमागे धावू नये , एनएसईचे आशिषकुमार चौहान यांचे प्रतिपादन",1.0986122886681098,16.677968605823494,4,6,2,0,1,1
2026-06-29,10.7,Infosys,-0.0074,0.00756220250266732,0.0,0,"शेयर बाजारों में गिरावट , सेंसेक्स 372 अंक टूटा | Stock Market Highlights , Jun 29 : Sensex falls 372 pts to settle at 76 , 728 , Nifty closes below 24 , 000 ; Kotak Bank , M & M top losers | China , India see large companies lose market cap share , hinting at lag in AI race | Indian markets open flat as investors track US - Iran developments | Indian Markets Flat on US - Iran Developments | Sensex Today | Stock Market Live : Sensex , Nifty trade flat ; FMCG , metal , pharma gain | Sensex , Nifty trade flat ; Dr Reddy tops gainers , Kotak Bank leads losses | Raja Venkatraman recommends three stocks for 29 June | India , China see top firms lose market cap share in AI lag | Stock Market Today Live , June 29 : Sensex , Nifty set for flat - to - negative opening ; volatility likely ahead of F & O expiry | China , India see top firms lose market cap share in AI lag",2.4849066497880004,16.673858368198697,0,6,2,1,0,1
2026-06-30,10.49,Infosys,-0.0196,0.10355869946785422,0.0,1,"Indian Stock Market Declines : IT Shares , Monsoon Concerns Weigh on Sensex , Nifty | Indian equity benchmarks open higher amid mixed global cues | Stock markets decline for second day as IT shares lead losses | Sensex Falls 249 Points , Nifty Slips 80 As IT Stocks Drag Markets Ahead Of Key US - Iran Talks | IT stocks : TCS , Infosys , Persistent , Zensar Tech hit 52 week lows ; decoding the crash | Indian Equity Markets Open Higher on Mixed Global Cues | Indian equity benchmarks open higher amid mixed global cues | Sensex rises over 200 points , Nifty above 24 , 000 ; Maruti Suzuki shares jump 3 % ",2.1972245773362196,16.706515504243246,1,6,2,0,0,1
2026-07-01,10.65,Infosys,0.0153,1.1670610989545755,0.0,1,"Indian Stock Market Declines : IT Shares , Monsoon Concerns Weigh on Sensex , Nifty | Indian equity benchmarks open higher amid mixed global cues | Stock markets decline for second day as IT shares lead losses | Sensex Falls 249 Points , Nifty Slips 80 As IT Stocks Drag Markets Ahead Of Key US - Iran Talks | IT stocks : TCS , Infosys , Persistent , Zensar Tech hit 52 week lows ; decoding the crash | Indian Equity Markets Open Higher on Mixed Global Cues | Indian equity benchmarks open higher amid mixed global cues | Sensex rises over 200 points , Nifty above 24 , 000 ; Maruti Suzuki shares jump 3 % ",2.1972245773362196,17.176007500218052,2,7,3,0,0,1
2026-07-02,11.16,Infosys,0.0479,-0.882142958418122,0.0,0,"Indian Stock Market Declines : IT Shares , Monsoon Concerns Weigh on Sensex , Nifty | Indian equity benchmarks open higher amid mixed global cues | Stock markets decline for second day as IT shares lead losses | Sensex Falls 249 Points , Nifty Slips 80 As IT Stocks Drag Markets Ahead Of Key US - Iran Talks | IT stocks : TCS , Infosys , Persistent , Zensar Tech hit 52 week lows ; decoding the crash | Indian Equity Markets Open Higher on Mixed Global Cues | Indian equity benchmarks open higher amid mixed global cues | Sensex rises over 200 points , Nifty above 24 , 000 ; Maruti Suzuki shares jump 3 % ",2.1972245773362196,16.836159857950356,3,7,3,0,0,1
2026-07-06,10.88,Infosys,-0.0251,-0.42481724115951286,0.0,1,"  Ignored every stop los : Man claims he lost Rs 57 lakh due to recent rout in TCS , Infosys shares ; seeks help from internet | FII stake in India 10 biggest stocks hits 20 - year low . Time to go against the crowd ?  | इंफोसिस में 1 , 040 रुपये पर खरीदने वाले निवेशक क्या करें ? एक्सपर्ट ने दी वेट एंड वॉच की सलाह | Indian equities open higher amid monsoon revival , FII inflows | Navi eyes Rs 3 , 000 - crore IPO ; inside IT CEO pay | Corporate trust in AI declines - The HinduBusinessLine | इंफोसिस में 1 , 040 रुपये पर खरीदने वाले निवेशक क्या करें ? एक्सपर्ट ने दी वेट एंड वॉच की सलाह",2.0794415416798357,16.669460406842767,0,7,3,1,0,1
2026-07-07,11.27,Infosys,0.0358,0.18505292628338985,0.0,0,"দরপতনের শীর্ষে ইন্টারন্যাশনাল লিজিং | इंफोसिस में 1 , 040 रुपये पर खरीदने वाले निवेशक क्या करें ? एक्सपर्ट ने दी वेट एंड वॉच की सलाह | Sensex , Nifty End Lower as Profit Booking Snaps Four - Day Rally | Stock Market Highlights for July 7 : Sensex drops 104 pts , Nifty closes at 24 , 399 ending 4 - day gaining streak | ঢাকা স্টক এক্সচেঞ্জ পিএলসি আজকের শেয়ারবাজার | Stock Market Today : सेंसेक्स - निफ्टी में तेजी के साथ कारोबार शुरू , रुपया 15 पैसे चढ़कर 95 . 28 प्रति डॉलर पर | IT stocks power Nifty ; Trent crashes 12 % as midday trade holds gains | TCS , Infosys and other Indian IT stocks rise up to 4 % after AI worries trigger Kospi selloff | IT stocks are beginning to offer bank FD - like dividend yields . But is that a trap for investors ? ",2.302585092994046,16.7336488441139,1,7,3,0,0,1
2026-07-08,10.93,Infosys,-0.0302,2.0338967758746875,0.0,1,"BT Opening Bell | Sensex , Nifty open lower as crude rises on renewed US Iran attacks | Infosys to PFC - Jay Thakkar suggests 3 stocks to buy or sell for short - term in F & O segment | Top stocks to buy today : Stock recommendations for July 8 , 2026 - check list | Sensex , Nifty Snap Four - Day Rally on Profit Booking ; IT Stocks Limit Losses | Stock recommendations for 8 July from MarketSmith India",1.791759469228055,17.60676384453479,2,7,3,0,0,1
2026-07-09,11.13,Infosys,0.0183,-2.835921113581324,3.469446951953614e-18,0,"स्थानीय शेयर बाजार में तेजी लौटी , सेंसेक्स 238 अंक चढ़ा - Naya India - Hindi News , Latest Hindi News , Breaking News , Hindi Samachar | Closing Bell : Nifty Rebounds to 23 , 962 as Realty Surges and Morgan Stanley Turns Bullish on India | Market Outlook : बढ़त के साथ बंद हुए सेंसेक्स - निफ्टी , जानिए 10 जुलाई को कैसी रह सकती है बाजार की चाल | লেনদেনের শীর্ষে ইস্টার্ন হাউজিং | Indian Stock Markets Rebound : Sensex , Nifty Gain Amid Global Cues , FII Inflows | Stock Market Highlights , July 9 : Sensex ends 238 points higher ; Nifty closes above 23 , 950 | Sensex jumps over 300 points , Nifty nears 24 , 000 as Indian markets rebound despite spike in crude oil prices | Sensex jumps over 300 points , Nifty nears 24 , 000 as Indian markets rebound despite spike in crude oil prices | Sensex jumps over 300 points , Nifty nears 24 , 000 as Indian markets rebound despite spike in crude oil prices | Sensex jumps over 300 points , Nifty nears 24 , 000 as Indian markets rebound despite spike in crude oil prices | Sensex jumps over 300 points , Nifty nears 24 , 000 as Indian markets rebound despite spike in crude oil prices | Sensex jumps over 300 points , Nifty nears 24 , 000 as Indian markets rebound despite spike in crude oil prices | Sensex jumps over 300 points , Nifty nears 24 , 000 as Indian markets rebound despite spike in crude oil prices | Sensex jumps over 300 points , Nifty nears 24 , 000 as Indian markets rebound despite spike in crude oil prices | How to trade TCS shares before Q1 results ? Key levels and 5 things to watch out for | Sensex jumps over 300 points , Nifty nears 24 , 000 as Indian markets rebound despite spike in crude oil prices | शेयर बाजार में लौटी रौनक , अब अमेरिकी सेना का बयान बना तेजी का कारण , Nifty 24000 के पार - nifty sensex rises four key factors behind market gain | Sensex jumps over 300 points , Nifty nears 24 , 000 as Indian markets rebound despite spike in crude oil prices | Sensex jumps over 300 points , Nifty nears 24 , 000 as Indian markets rebound despite spike in crude oil prices | Sensex jumps over 300 points , Nifty nears 24 , 000 as Indian markets rebound despite spike in crude oil prices | Stock market today : BSE Sensex rebounds nearly 500 points ; Nifty50 reclaims 24 , 000 in early trade | Share Market Opening : भारी गिरावट के एक दिन बाद शेयर बाजार में तेजी , सेंसेक्स 500 अंक उछला , जान लीजिए वजह | Sensex rises over 550 points , Nifty reclaims 24 , 000 in a sharp rebound . What lies ahead ?  | TCS shares dip 2 % ahead of Q1 earnings today . What can shareholders expect ? ",3.2188758248682006,16.31503492969971,3,7,3,0,0,1
2026-07-10,10.94,Infosys,-0.0171,0.6889503563749291,0.0,0,"Global stocks rise on Friday , ending the week on a quiet note | Asian Markets Wrap | China dips , India gains with South Korea and Japan | Closing Bell : Sensex Surges Over 825 Points , Nifty Reclaims 24 , 200 as TCS - Led IT Rally , Lower Crude Prices and Positive Global Cues Lift Markets | TCS shares close 1 % higher after Q1 earnings beat ; valuation zooms ₹7 , 706 cr | Markets rally for 2nd day ; Sensex jumps over 800 points | Why Are IT Stocks Rising Today ? TCS Earnings , Global Tech Rally Lift Sensex , Nifty | IT शेअर्सच्या जोरावर शेअर बाजारात मोठी तेजी ; अवघ्या काही मिनिटांत गुंतवणूकदारांची ₹४ . ५९ लाख कोटींची कमाई ...  | Indian Stock Market Surges : Sensex Jumps 700 Points on IT Sector Rally , TCS Q1 Results | Sensex Today | Stock Market Live : Sensex up 700 pts , Nifty above 24 , 150 ; Dixon , Cupid , TCS , Kalyan Jeweller most active | Sensex surges 653 points , Nifty above 24 , 100 amid positive global cues , TCS jumps 4 % | Markets | शेयर बाजार में तेजी , सेंसेक्स 830 अंक चढ़ा , निफ्टी 24 , 200 के पार - domestic markets rally in early trade bse climbs 830 points | Markets surge in early trade on buying in IT stocks ; Sensex jumps nearly 700 points | Share Market Today : बाजार में उछाल , सेंसेक्स 700 अंक चढ़ा ; रुपया भी मजबूत होकर 95 . 32 प्रति डॉलर पर | Stock Market Today : IT शेयरों के दम पर बाजार गुलजार , सेंसेक्स 810 अंक ऊपर , निफ्टी का दोहरा शतक",2.70805020110221,16.581074728207675,4,7,3,0,1,1
2023-01-04,2.25,Wipro,-0.0042,-0.8672412916241702,0.0,0,Wipro market update,0.6931471805599453,15.355555733261523,2,1,1,0,0,4
2023-01-05,2.2,Wipro,-0.0192,-0.41662385136673613,0.0,1,Wipro market update,0.6931471805599453,15.191956835503566,3,1,1,0,0,4
2023-01-06,2.23,Wipro,0.013,1.0218554980728776,0.0,1,Wipro market update,0.6931471805599453,15.598363985878983,4,1,1,0,1,4
2023-01-09,2.27,Wipro,0.0172,-0.7791237189500659,0.0,0,Wipro market update,0.6931471805599453,15.298069416110195,0,1,1,1,0,4
2023-01-10,2.26,Wipro,-0.0021,0.1992344280456456,0.0,1,Wipro market update,0.6931471805599453,15.367743208402244,1,1,1,0,0,4
2023-01-11,2.29,Wipro,0.0127,0.4535784481755731,0.0,1,Wipro market update,0.6931471805599453,15.537955854093543,2,1,1,0,0,4
2023-01-12,2.32,Wipro,0.0104,-0.3679668023914204,0.0,0,Wipro market update,0.6931471805599453,15.392590760867652,3,1,1,0,0,4
2023-01-13,2.29,Wipro,-0.0103,-0.5282842054800286,0.0,1,Wipro market update,0.6931471805599453,15.187199020373106,4,1,1,0,1,4
2023-01-17,2.34,Wipro,0.0209,2.4021686774028295,0.0,1,Wipro market update,0.6931471805599453,16.24768436894574,1,1,1,0,0,4
2023-01-18,2.38,Wipro,0.0164,-0.134978541498104,0.0,1,Wipro market update,0.6931471805599453,16.18963470483663,2,1,1,0,0,4
2023-01-19,2.4,Wipro,0.0101,-1.0999701446830672,0.0,0,Wipro market update,0.6931471805599453,15.764701177530439,3,1,1,0,0,4
2023-01-20,2.39,Wipro,-0.004,0.5636458082800526,0.0,0,Wipro market update,0.6931471805599453,15.979431221095911,4,1,1,0,1,4
2023-01-23,2.39,Wipro,-0.002,-0.6084872115241684,0.0,1,Wipro market update,0.6931471805599453,15.743780457241918,0,1,1,1,0,4
2023-01-24,2.39,Wipro,0.0004,0.44388477557266354,0.0,0,Wipro market update,0.6931471805599453,15.910111734521276,1,1,1,0,0,4
2023-01-25,2.36,Wipro,-0.012,-0.5525859123915015,0.0,1,Wipro market update,0.6931471805599453,15.695586260819463,2,1,1,0,0,4
2023-01-26,2.38,Wipro,0.0061,0.540288237939283,0.0,0,Wipro market update,0.6931471805599453,15.90078517910955,3,1,1,0,0,4
2023-01-27,2.35,Wipro,-0.0101,-1.933861862428111,0.0,1,Wipro market update,0.6931471805599453,15.11690068414696,4,1,1,0,1,4
2023-01-30,2.37,Wipro,0.0061,1.7356418759218217,0.0,0,Wipro market update,0.6931471805599453,15.845630675631154,0,1,1,1,0,4
2023-01-31,2.35,Wipro,-0.0081,-0.5420529788027368,0.0,1,Wipro market update,0.6931471805599453,15.63498262787019,1,1,1,0,0,4
2023-02-01,2.36,Wipro,0.0061,-0.1807566624911318,0.0,1,Wipro market update,0.6931471805599453,15.559759219297549,2,2,1,0,0,4
2023-02-02,2.44,Wipro,0.0346,0.5178598317301352,0.0,0,Wipro market update,0.6931471805599453,15.75586257489554,3,2,1,0,0,4
2023-02-03,2.39,Wipro,-0.0196,-1.1809962836571897,0.0,0,Wipro market update,0.6931471805599453,15.29861420194453,4,2,1,0,1,4
2023-02-06,2.33,Wipro,-0.0261,-0.324120294367253,0.0,0,Wipro market update,0.6931471805599453,15.169643490446852,0,2,1,1,0,4
2023-02-08,2.35,Wipro,0.0082,-0.5351606919780444,0.0,0,Wipro market update,0.6931471805599453,14.859033232526253,2,2,1,0,0,4
2023-02-09,2.35,Wipro,-0.002,-0.9713579671210313,0.0,1,Wipro market update,0.6931471805599453,14.484570455185123,3,2,1,0,0,4
2023-02-10,2.35,Wipro,0.002,0.8869737889915269,0.0,0,Wipro market update,0.6931471805599453,14.833419170567359,4,2,1,0,1,4
2023-02-13,2.34,Wipro,-0.0041,0.3145839072798318,0.0,0,Wipro market update,0.6931471805599453,14.948395762677114,0,2,1,1,0,4
2023-02-15,2.37,Wipro,0.0123,-0.06239779362714656,0.0,0,Wipro market update,0.6931471805599453,14.86961385515128,2,2,1,0,0,4
2023-02-16,2.36,Wipro,-0.004,0.4005132044170711,0.0,0,Wipro market update,0.6931471805599453,15.018663326152465,3,2,1,0,0,4
2023-02-17,2.33,Wipro,-0.0142,0.9012545236674456,0.0,0,Wipro market update,0.6931471805599453,15.373529062795729,4,2,1,0,1,4
2023-02-21,2.3,Wipro,-0.0124,-0.027796714350376235,0.0,0,Wipro market update,0.6931471805599453,15.355941527383848,1,2,1,0,0,4
2023-02-22,2.28,Wipro,-0.0084,-0.03935788809582341,0.0,1,Wipro market update,0.6931471805599453,15.333973101710011,2,2,1,0,0,4
2023-02-23,2.29,Wipro,0.0042,-1.5370806457015664,0.0,0,Wipro market update,0.6931471805599453,14.72907798500772,3,2,1,0,0,4
2023-02-24,2.26,Wipro,-0.0147,0.30121308493668963,0.0,0,Wipro market update,0.6931471805599453,14.838752899035333,4,2,1,0,1,4
2023-02-27,2.24,Wipro,-0.0064,0.8904713057939435,0.0,0,Wipro market update,0.6931471805599453,15.18902383793524,0,2,1,1,0,4
2023-03-01,2.25,Wipro,0.0021,-1.2117974187464116,0.0,1,Wipro market update,0.6931471805599453,14.914323159901674,2,3,1,0,0,4
2023-03-02,2.27,Wipro,0.0128,0.7131093058076873,0.0,1,Wipro market update,0.6931471805599453,15.19033969385772,3,3,1,0,0,4
2023-03-03,2.31,Wipro,0.0148,-1.8697620104995603,0.0,1,Wipro market update,0.6931471805599453,14.43651759814966,4,3,1,0,1,4
2023-03-06,2.33,Wipro,0.0104,0.5144013948639936,0.0,0,Wipro market update,0.6931471805599453,14.631229733233605,0,3,1,1,0,4
2023-03-07,2.29,Wipro,-0.0165,0.5078743233731816,0.0,1,Wipro market update,0.6931471805599453,14.823322847322611,1,3,1,0,0,4
2023-03-08,2.31,Wipro,0.0084,-0.3522464496102535,0.0,0,Wipro market update,0.6931471805599453,14.6838711757199,2,3,1,0,0,4
2023-03-09,2.27,Wipro,-0.0187,0.5215148754088134,0.0,0,Wipro market update,0.6931471805599453,14.881531126408,3,3,1,0,0,4
2023-03-10,2.25,Wipro,-0.0085,-0.08871770775408547,0.0,0,Wipro market update,0.6931471805599453,14.84090714295539,4,3,1,0,1,4
2023-03-13,2.24,Wipro,-0.0043,1.2451137563675623,0.0,0,Wipro market update,0.6931471805599453,15.34482264260379,0,3,1,1,0,4
2023-03-14,2.24,Wipro,-0.0021,-0.757966812545546,0.0,0,Wipro market update,0.6931471805599453,15.052550856236426,1,3,1,0,0,4
2023-03-15,2.18,Wipro,-0.0258,0.46426886962253233,0.0,1,Wipro market update,0.6931471805599453,15.227131720778011,2,3,1,0,0,4
2023-03-16,2.21,Wipro,0.0154,-0.16872785737010962,0.0,0,Wipro market update,0.6931471805599453,15.156336992666413,3,3,1,0,0,4
2023-03-17,2.19,Wipro,-0.0087,-0.11451774484651095,0.0,0,Wipro market update,0.6931471805599453,15.1060098967627,4,3,1,0,1,4
2023-03-20,2.17,Wipro,-0.0109,0.024100633051689895,0.0,0,Wipro market update,0.6931471805599453,15.108208544875724,0,3,1,1,0,4
2023-03-21,2.14,Wipro,-0.0111,-0.6148733037013759,0.0,0,Wipro market update,0.6931471805599453,14.870171307413834,1,3,1,0,0,4
2023-03-22,2.1,Wipro,-0.0201,1.306049481369138,0.0,1,Wipro market update,0.6931471805599453,15.401188627642927,2,3,1,0,0,4
2023-03-23,2.12,Wipro,0.0091,-0.6303882647803467,0.0,0,Wipro market update,0.6931471805599453,15.157330690351877,3,3,1,0,0,4
2023-03-24,2.12,Wipro,-0.0023,-0.8161067213971942,0.0,1,Wipro market update,0.6931471805599453,14.84284200258841,4,3,1,0,1,4
2023-03-27,2.13,Wipro,0.0045,0.38576408088703434,0.0,0,Wipro market update,0.6931471805599453,14.98594757130214,0,3,1,1,0,4
2023-03-28,2.09,Wipro,-0.0181,1.4414876828957515,0.0,1,Wipro market update,0.6931471805599453,15.578081661330756,1,3,1,0,0,4
2023-03-29,2.11,Wipro,0.0092,-2.68378622400105,-3.469446951953614e-18,1,Wipro market update,0.6931471805599453,14.386377668850825,2,3,1,0,0,4
2023-03-30,2.11,Wipro,0.0023,2.031278047862991,0.0,1,Wipro market update,0.6931471805599453,15.25823274666651,3,3,1,0,0,4
2023-03-31,2.15,Wipro,0.0205,-0.9829422667908995,0.0,1,Wipro market update,0.6931471805599453,14.879324686226648,4,3,1,0,1,4
2023-04-03,2.16,Wipro,0.0022,-0.1153549716410444,0.0,0,Wipro market update,0.6931471805599453,14.82871055406186,0,4,2,1,0,4
2023-04-10,2.17,Wipro,0.0067,0.5572859363561561,0.0,1,Wipro market update,0.6931471805599453,14.767554845495543,0,4,2,1,0,4
2023-04-11,2.19,Wipro,0.0066,-0.25540337066960594,0.0,0,Wipro market update,0.6931471805599453,14.664293457991215,1,4,2,0,0,4
2023-04-12,2.16,Wipro,-0.0132,1.7700923581162136,0.0,0,Wipro market update,0.6931471805599453,15.409388235416724,2,4,2,0,0,4
2023-04-13,2.09,Wipro,-0.0311,1.5356905626149546,0.0,0,Wipro market update,0.6931471805599453,16.04466448049189,3,4,2,0,0,4
2023-04-14,2.08,Wipro,-0.0069,-1.613980593380316,0.0,1,Wipro market update,0.6931471805599453,15.406336537943655,4,4,2,0,1,4
2023-04-17,2.09,Wipro,0.0046,1.0739950925871329,0.0,1,Wipro market update,0.6931471805599453,15.835281842589216,0,4,2,1,0,4
2023-04-18,2.13,Wipro,0.0184,-0.8712332467970677,0.0,0,Wipro market update,0.6931471805599453,15.499647881903071,1,4,2,0,0,4
2023-04-19,2.08,Wipro,-0.0226,-0.5947510006378477,0.0,1,Wipro market update,0.6931471805599453,15.26927686788769,2,4,2,0,0,4
2023-04-20,2.12,Wipro,0.0208,0.3783471406012182,0.0,0,Wipro market update,0.6931471805599453,15.409510109820832,3,4,2,0,0,4
2023-04-21,2.12,Wipro,-0.0023,-0.3210810764739641,0.0,1,Wipro market update,0.6931471805599453,15.281678612475591,4,4,2,0,1,4
2023-04-24,2.19,Wipro,0.0363,0.9837047442217313,0.0,0,Wipro market update,0.6931471805599453,15.671683696786271,0,4,2,1,0,4
2023-04-25,2.14,Wipro,-0.0219,-2.2278568471459734,0.0,1,Wipro market update,0.6931471805599453,14.741276656428779,1,4,2,0,0,4
2023-04-26,2.16,Wipro,0.0089,0.8245701820837741,-3.469446951953614e-18,1,Wipro market update,0.6931471805599453,15.063806707920289,2,4,2,0,0,4
2023-04-27,2.25,Wipro,0.0399,0.1460763020025901,0.0,1,Wipro market update,0.6931471805599453,15.112864683041387,3,4,2,0,0,4
2023-04-28,2.26,Wipro,0.0021,0.7393085984164364,0.0,1,Wipro market update,0.6931471805599453,15.399794956609362,4,4,2,0,1,4
2023-05-01,2.27,Wipro,0.0085,0.15221702634903253,0.0,0,Wipro market update,0.6931471805599453,15.45127896044705,0,5,2,1,0,4
2023-05-02,2.27,Wipro,-0.0021,-0.7660614585176617,0.0,0,Wipro market update,0.6931471805599453,15.155918298050649,1,5,2,0,0,4
2023-05-03,2.24,Wipro,-0.0148,0.2900385531554231,0.0,0,Wipro market update,0.6931471805599453,15.26115838037711,2,5,2,0,0,4
2023-05-04,2.23,Wipro,-0.0043,0.8237074801128915,0.0,0,Wipro market update,0.6931471805599453,15.583284835154357,3,5,2,0,0,4
2023-05-05,2.22,Wipro,-0.0022,-1.5503110923898191,-3.469446951953614e-18,0,Wipro market update,0.6931471805599453,14.97264360983066,4,5,2,0,1,4
2023-05-08,2.22,Wipro,-0.0022,-1.5584381615844949,-3.469446951953614e-18,1,Wipro market update,0.6931471805599453,14.358416656251032,0,5,2,1,0,4
2023-05-09,2.23,Wipro,0.0065,1.246340083369767,0.0,1,Wipro market update,0.6931471805599453,14.862900076073759,1,5,2,0,0,4
2023-05-10,2.24,Wipro,0.0022,0.4552593206710244,0.0,0,Wipro market update,0.6931471805599453,15.033859823952676,2,5,2,0,0,4
2023-05-12,2.23,Wipro,-0.0043,-0.47095191520868845,-3.469446951953614e-18,1,Wipro market update,0.6931471805599453,14.515236550605856,4,5,2,0,1,4
2023-05-15,2.26,Wipro,0.0151,1.0626908395870454,0.0,0,Wipro market update,0.6931471805599453,14.939270965220242,0,5,2,1,0,4
2023-05-16,2.24,Wipro,-0.0106,-0.9242697472389536,0.0,0,Wipro market update,0.6931471805599453,14.583208933868601,1,5,2,0,0,4
2023-05-17,2.23,Wipro,-0.0021,1.036645657277356,0.0,0,Wipro market update,0.6931471805599453,14.995948886300672,2,5,2,0,0,4
2023-05-18,2.23,Wipro,-0.0022,-0.7954328914288977,0.0,1,Wipro market update,0.6931471805599453,14.689478586484425,3,5,2,0,0,4
2023-05-19,2.24,Wipro,0.0043,0.7638953212299748,0.0,1,Wipro market update,0.6931471805599453,14.986629847438925,4,5,2,0,1,4
2023-05-22,2.29,Wipro,0.0258,-0.921323451464454,-3.469446951953614e-18,0,Wipro market update,0.6931471805599453,14.631671956545006,0,5,2,1,0,4
2023-05-23,2.26,Wipro,-0.0146,0.8671951991311023,0.0,1,Wipro market update,0.6931471805599453,14.972140465324179,1,5,2,0,0,4
2023-05-24,2.27,Wipro,0.0064,0.822671702018558,0.0,0,Wipro market update,0.6931471805599453,15.29388283529362,2,5,2,0,0,4
2023-05-25,2.27,Wipro,-0.0021,-1.1719573101713643,0.0,1,Wipro market update,0.6931471805599453,14.840261356919882,3,5,2,0,0,4
2023-05-26,2.33,Wipro,0.0275,0.030626173202770838,0.0,0,Wipro market update,0.6931471805599453,14.844916023688024,4,5,2,0,1,4
2023-05-30,2.31,Wipro,-0.0082,-0.12010512754979949,0.0,1,Wipro market update,0.6931471805599453,14.792482757097956,1,5,2,0,0,4
2023-05-31,2.34,Wipro,0.0124,1.344437691311114,0.0,1,Wipro market update,0.6931471805599453,15.340697135531265,2,5,2,0,0,4
2023-06-01,2.37,Wipro,0.0102,-1.1817832152418848,0.0,1,Wipro market update,0.6931471805599453,14.88304523491677,3,6,2,0,0,4
2023-06-02,2.38,Wipro,0.0041,1.9460579436881964,0.0,0,Wipro market update,0.6931471805599453,15.712980631561951,4,6,2,0,1,4
2023-06-05,2.31,Wipro,-0.0263,-1.5417711331708135,0.0,0,Wipro market update,0.6931471805599453,15.1060098967627,0,6,2,1,0,4
2023-06-07,2.33,Wipro,0.0062,1.2109771392211661,0.0,0,Wipro market update,0.6931471805599453,14.961006750597342,2,6,2,0,0,4
2023-06-08,2.28,Wipro,-0.0186,-0.06512467024291874,0.0,0,Wipro market update,0.6931471805599453,14.929340140736599,3,6,2,0,0,4
2023-06-13,2.27,Wipro,-0.0063,-0.6894222642862735,0.0,0,Wipro market update,0.6931471805599453,15.294657763930706,1,6,2,0,0,4
2023-06-14,2.26,Wipro,-0.0042,0.6803922519409245,0.0,0,Wipro market update,0.6931471805599453,15.55720422474224,2,6,2,0,0,4
2023-06-15,2.26,Wipro,-0.0021,0.33659253811354617,0.0,0,Wipro market update,0.6931471805599453,15.680830385147047,3,6,2,0,0,4
2023-06-16,2.24,Wipro,-0.0064,0.032970209613225325,0.0,0,Wipro market update,0.6931471805599453,15.686420182813611,4,6,2,0,1,4
2023-06-20,2.22,Wipro,-0.0086,-0.07086229309673638,0.0,0,Wipro market update,0.6931471805599453,15.65256217567042,1,6,2,0,0,4
2023-06-21,2.22,Wipro,-0.0022,-1.5932394831757861,0.0,1,Wipro market update,0.6931471805599453,15.023395997938673,2,6,2,0,0,4
2023-06-22,2.22,Wipro,0.0022,0.4807117255404948,0.0,0,Wipro market update,0.6931471805599453,15.204551394066545,3,6,2,0,0,4
2023-06-23,2.19,Wipro,-0.013,-1.5336722742652142,-3.469446951953614e-18,1,Wipro market update,0.6931471805599453,14.601146213789333,4,6,2,0,1,4
2023-06-26,2.22,Wipro,0.0131,1.0142589489720952,0.0,1,Wipro market update,0.6931471805599453,15.004268501083136,0,6,2,1,0,4
2023-06-27,2.23,Wipro,0.0043,-1.1340536384345101,0.0,1,Wipro market update,0.6931471805599453,14.565699951168627,1,6,2,0,0,4
2023-06-28,2.24,Wipro,0.0043,0.37681659093127895,0.0,1,Wipro market update,0.6931471805599453,14.70529344070264,2,6,2,0,0,4
2023-06-29,2.26,Wipro,0.0064,0.8834695388637867,0.0,1,Wipro market update,0.6931471805599453,15.05260890294721,3,6,2,0,0,4
2023-06-30,2.26,Wipro,0.0043,0.6235975104863983,0.0,1,Wipro market update,0.6931471805599453,15.291782953690237,4,6,2,0,1,4
2023-07-03,2.3,Wipro,0.0148,-1.257624780538409,-3.469446951953614e-18,0,Wipro market update,0.6931471805599453,14.80356402836607,0,7,3,1,0,4
2023-07-05,2.29,Wipro,-0.0042,0.5007096702682999,0.0,0,Wipro market update,0.6931471805599453,14.992749475215954,2,7,3,0,0,4
2023-07-06,2.28,Wipro,-0.0021,1.0028815540380862,0.0,0,Wipro market update,0.6931471805599453,15.391019539037528,3,7,3,0,0,4
2023-07-07,2.28,Wipro,-0.0021,-0.8401416176974675,0.0,0,Wipro market update,0.6931471805599453,15.06735910850695,4,7,3,0,1,4
2023-07-10,2.25,Wipro,-0.0147,0.4663580614458175,0.0,1,Wipro market update,0.6931471805599453,15.242707150385364,0,7,3,1,0,4
2023-07-11,2.26,Wipro,0.0043,-0.9209553300815303,-3.469446951953614e-18,1,Wipro market update,0.6931471805599453,14.887916096647658,1,7,3,0,0,4
2023-07-12,2.27,Wipro,0.0085,-1.4639170684041785,0.0,1,Wipro market update,0.6931471805599453,14.314223721158315,2,7,3,0,0,4
2023-07-13,2.3,Wipro,0.0127,2.9646650044193126,0.0,1,Wipro market update,0.6931471805599453,15.682748642918174,3,7,3,0,0,4
2023-07-14,2.36,Wipro,0.025,0.18577647555209284,0.0,1,Wipro market update,0.6931471805599453,15.747234992435212,4,7,3,0,1,4
2023-07-17,2.42,Wipro,0.0264,-1.1196879529794845,0.0,1,Wipro market update,0.6931471805599453,15.314508632351107,0,7,3,1,0,4
2023-07-18,2.44,Wipro,0.0079,-0.537456364916504,0.0,1,Wipro market update,0.6931471805599453,15.105679682211052,1,7,3,0,0,4
2023-07-19,2.45,Wipro,0.0039,0.82973789029933,0.0,0,Wipro market update,0.6931471805599453,15.430373925961305,2,7,3,0,0,4
2023-07-20,2.36,Wipro,-0.0391,1.5655366434092288,0.0,1,Wipro market update,0.6931471805599453,16.079438083208895,3,7,3,0,0,4
2023-07-21,2.38,Wipro,0.0081,-1.400985234124826,0.0,0,Wipro market update,0.6931471805599453,15.532079597598011,4,7,3,0,1,4
2023-07-24,2.35,Wipro,-0.0101,-3.038316110134606,0.0,1,Wipro market update,0.6931471805599453,14.093446036307148,0,7,3,1,0,4
2023-07-25,2.36,Wipro,0.002,1.1293147743401566,0.0,0,Wipro market update,0.6931471805599453,14.546435584321783,1,7,3,0,0,4
2023-07-27,2.34,Wipro,-0.0081,0.42264145328473973,0.0,0,Wipro market update,0.6931471805599453,15.209376432694784,3,7,3,0,0,4
2023-07-28,2.32,Wipro,-0.0062,-1.9310991678877314,0.0,1,Wipro market update,0.6931471805599453,14.426797254696236,4,7,3,0,1,4
2023-07-31,2.35,Wipro,0.0103,0.5572859363561561,0.0,1,Wipro market update,0.6931471805599453,14.638896654390878,0,7,3,1,0,4
2023-08-01,2.37,Wipro,0.0082,-0.08348339683043203,-3.469446951953614e-18,0,Wipro market update,0.6931471805599453,14.600234138257333,1,8,3,0,0,4
2023-08-02,2.33,Wipro,-0.0162,0.5715657394296559,0.0,0,Wipro market update,0.6931471805599453,14.81819951222052,2,8,3,0,0,4
2023-08-03,2.31,Wipro,-0.0082,-1.1007415690000477,0.0,1,Wipro market update,0.6931471805599453,14.392910691335985,3,8,3,0,0,4
2023-08-04,2.35,Wipro,0.0187,0.9945757919366635,0.0,1,Wipro market update,0.6931471805599453,14.787576903606444,4,8,3,0,1,4
2023-08-07,2.37,Wipro,0.0082,-1.177063867282325,0.0,1,Wipro market update,0.6931471805599453,14.331921156682698,0,8,3,1,0,4
2023-08-08,2.39,Wipro,0.0081,1.4729213061502282,0.0,1,Wipro market update,0.6931471805599453,14.938360396347756,1,8,3,0,0,4
2023-08-09,2.4,Wipro,0.004,-1.3454514703597267,0.0,1,Wipro market update,0.6931471805599453,14.41412780424917,2,8,3,0,0,4
2023-08-10,2.41,Wipro,0.004,0.9492428199109632,0.0,0,Wipro market update,0.6931471805599453,14.789391099502707,3,8,3,0,0,4
2023-08-11,2.38,Wipro,-0.01,0.798161241393887,0.0,1,Wipro market update,0.6931471805599453,15.100823965793982,4,8,3,0,1,4
2023-08-14,2.39,Wipro,0.002,-1.54262444385991,0.0,0,Wipro market update,0.6931471805599453,14.493443080383363,0,8,3,1,0,4
2023-08-16,2.4,Wipro,0.004,1.674122481331213,0.0,0,Wipro market update,0.6931471805599453,15.29861420194453,2,8,3,0,0,4
2023-08-17,2.39,Wipro,-0.004,-0.9334921044624341,-3.469446951953614e-18,0,Wipro market update,0.6931471805599453,14.938945857224631,3,8,3,0,0,4
2023-08-18,2.37,Wipro,-0.008,0.012038264238422183,0.0,1,Wipro market update,0.6931471805599453,14.936536767414472,4,8,3,0,1,4
2023-08-21,2.39,Wipro,0.0081,-2.662992050396511,0.0,1,Wipro market update,0.6931471805599453,13.75788250444911,0,8,3,1,0,4
2023-08-22,2.39,Wipro,0.002,2.634130447277621,0.0,1,Wipro market update,0.6931471805599453,14.941997707568435,1,8,3,0,0,4
2023-08-23,2.44,Wipro,0.02,-0.2447679476646934,0.0,0,Wipro market update,0.6931471805599453,14.842770407840426,2,8,3,0,0,4
2023-08-24,2.38,Wipro,-0.0275,0.4457852164233566,0.0,1,Wipro market update,0.6931471805599453,15.009918060303914,3,8,3,0,0,4
2023-08-25,2.39,Wipro,0.0061,-0.7558583336303136,0.0,0,Wipro market update,0.6931471805599453,14.71851380086204,4,8,3,0,1,4
2023-08-28,2.38,Wipro,-0.002,-0.6084872115241684,-3.469446951953614e-18,1,Wipro market update,0.6931471805599453,14.482930102982344,0,8,3,1,0,4
2023-08-29,2.39,Wipro,0.004,-0.6324175825365478,0.0,0,Wipro market update,0.6931471805599453,14.238292199059575,1,8,3,0,0,4
2023-08-30,2.37,Wipro,-0.01,2.593186756553813,0.0,0,Wipro market update,0.6931471805599453,15.400246062760031,2,8,3,0,0,4
2023-08-31,2.35,Wipro,-0.0101,0.8633149422045319,0.0,1,Wipro market update,0.6931471805599453,15.739058380773193,3,8,3,0,0,4
2023-09-01,2.42,Wipro,0.0307,-2.68378622400105,0.0,1,Wipro market update,0.6931471805599453,14.547205629229387,4,9,3,0,1,4
2023-09-05,2.49,Wipro,0.0278,1.6838199215536822,0.0,0,Wipro market update,0.6931471805599453,15.251452096864881,1,9,3,0,0,4
2023-09-06,2.46,Wipro,-0.0116,-1.1476897513261823,-3.469446951953614e-18,1,Wipro market update,0.6931471805599453,14.807576813711767,2,9,3,0,0,4
2023-09-07,2.48,Wipro,0.0078,-0.0752439884146958,-3.469446951953614e-18,1,Wipro market update,0.6931471805599453,14.772021887555873,3,9,3,0,0,4
2023-09-08,2.49,Wipro,0.0058,-1.0938041050847391,0.0,1,Wipro market update,0.6931471805599453,14.349545353102172,4,9,3,0,1,4
2023-09-11,2.52,Wipro,0.0116,0.9569581606923859,0.0,0,Wipro market update,0.6931471805599453,14.72811490345779,0,9,3,1,0,4
2023-09-12,2.5,Wipro,-0.0076,1.1894382855358383,0.0,1,Wipro market update,0.6931471805599453,15.207439266296662,1,9,3,0,0,4
2023-09-13,2.51,Wipro,0.0058,-1.192815952829906,-3.469446951953614e-18,1,Wipro market update,0.6931471805599453,14.745467875172872,2,9,3,0,0,4
2023-09-14,2.54,Wipro,0.0095,-0.6232958810437097,0.0,0,Wipro market update,0.6931471805599453,14.504248532245116,3,9,3,0,0,4
2023-09-15,2.5,Wipro,-0.0132,2.5419247507998763,0.0,0,Wipro market update,0.6931471805599453,15.638671951846206,4,9,3,0,1,4
2023-09-19,2.5,Wipro,-0.0038,0.10129565812542729,0.0,0,Wipro market update,0.6931471805599453,14.45462437779178,1,9,3,0,0,4
2023-09-20,2.49,Wipro,-0.0038,0.11108372785203284,0.0,0,Wipro market update,0.6931471805599453,14.490188731560995,2,9,3,0,0,4
2023-09-21,2.44,Wipro,-0.0193,0.3490581149305122,0.0,0,Wipro market update,0.6931471805599453,14.618767409072296,3,9,3,0,0,4
2023-09-22,2.41,Wipro,-0.0118,-0.27412453306860357,-3.469446951953614e-18,0,Wipro market update,0.6931471805599453,14.508458218621447,4,9,3,0,1,4
2023-09-25,2.38,Wipro,-0.012,0.02880114845368829,-3.469446951953614e-18,0,Wipro market update,0.6931471805599453,14.512451034869985,0,9,3,1,0,4
2023-09-26,2.34,Wipro,-0.0161,-1.186114010583132,0.0,1,Wipro market update,0.6931471805599453,14.053109918766918,1,9,3,0,0,4
2023-09-27,2.38,Wipro,0.0143,2.8296611716728295,0.0,0,Wipro market update,0.6931471805599453,15.34508263041616,2,9,3,0,0,4
2023-09-28,2.33,Wipro,-0.0202,-0.28189127694340793,0.0,0,Wipro market update,0.6931471805599453,15.23194631857326,3,9,3,0,0,4
2023-09-29,2.32,Wipro,-0.0021,0.2128393188740482,0.0,0,Wipro market update,0.6931471805599453,15.306930632178027,4,9,3,0,1,4
2023-10-03,2.31,Wipro,-0.0041,-1.1011273369469632,0.0,1,Wipro market update,0.6931471805599453,14.207553321415745,1,10,4,0,0,4
2023-10-04,2.34,Wipro,0.0124,0.8854727933345383,0.0,0,Wipro market update,0.6931471805599453,14.555732622918239,2,10,4,0,0,4
2023-10-06,2.37,Wipro,0.0123,0.7610406691479156,0.0,0,Wipro market update,0.6931471805599453,14.224437002064738,4,10,4,0,1,4
2023-10-09,2.34,Wipro,-0.0121,-0.3856454175525895,0.0,1,Wipro market update,0.6931471805599453,14.0724764311489,0,10,4,1,0,4
2023-10-10,2.35,Wipro,0.0041,1.050401065844756,0.0,1,Wipro market update,0.6931471805599453,14.491206853712614,1,10,4,0,0,4
2023-10-11,2.41,Wipro,0.0245,1.723993997400897,0.0,0,Wipro market update,0.6931471805599453,15.214375823134992,2,10,4,0,0,4
2023-10-12,2.33,Wipro,-0.0319,-0.15960415799607883,0.0,0,Wipro market update,0.6931471805599453,15.147032157312047,3,10,4,0,0,4
2023-10-16,2.36,Wipro,0.0103,-0.4815561326280494,0.0,0,Wipro market update,0.6931471805599453,15.002988364750596,0,10,4,1,0,4
2023-10-17,2.34,Wipro,-0.0061,-0.5960884545678713,0.0,0,Wipro market update,0.6931471805599453,14.77209873080452,1,10,4,0,0,4
2023-10-18,2.26,Wipro,-0.0328,2.047426831391846,0.0,0,Wipro market update,0.6931471805599453,15.651924827120698,2,10,4,0,0,4
2023-10-19,2.24,Wipro,-0.0106,-1.3124610666107417,0.0,0,Wipro market update,0.6931471805599453,15.141205562573559,3,10,4,0,0,4
2023-10-20,2.21,Wipro,-0.0128,-0.3769468231594217,0.0,0,Wipro market update,0.6931471805599453,14.99244129940168,4,10,4,0,1,4
2023-10-23,2.18,Wipro,-0.0152,0.3301056330548408,0.0,1,Wipro market update,0.6931471805599453,15.113465660850341,0,10,4,1,0,4
2023-10-24,2.18,Wipro,0.0022,1.6620259704944993,0.0,0,Wipro market update,0.6931471805599453,15.807486210288474,1,10,4,0,0,4
2023-10-25,2.18,Wipro,-0.0022,-1.963880475249068,0.0,0,Wipro market update,0.6931471805599453,15.009251494809325,2,10,4,0,0,4
2023-10-26,2.15,Wipro,-0.0132,0.8762730634827627,0.0,1,Wipro market update,0.6931471805599453,15.353581568845021,3,10,4,0,0,4
2023-10-27,2.16,Wipro,0.0067,-1.5018371619608066,-3.469446951953614e-18,1,Wipro market update,0.6931471805599453,14.763687866147402,4,10,4,0,1,4
2023-10-30,2.18,Wipro,0.0067,-1.1574577988402523,0.0,1,Wipro market update,0.6931471805599453,14.315801486169294,0,10,4,1,0,4
2023-10-31,2.18,Wipro,0.0022,1.5262387318082424,0.0,0,Wipro market update,0.6931471805599453,14.946719424978411,1,10,4,0,0,4
2023-11-01,2.18,Wipro,-0.0022,0.8056707598900004,0.0,1,Wipro market update,0.6931471805599453,15.261346837341518,2,11,4,0,0,4
2023-11-02,2.21,Wipro,0.0132,-0.638174372168654,-3.469446951953614e-18,1,Wipro market update,0.6931471805599453,15.014511322159024,3,11,4,0,0,4
2023-11-03,2.22,Wipro,0.0043,-0.7565610143178224,0.0,0,Wipro market update,0.6931471805599453,14.722882031247519,4,11,4,0,1,4
2023-11-06,2.21,Wipro,-0.0043,-0.6578937358503951,0.0,0,Wipro market update,0.6931471805599453,14.468669250707388,0,11,4,1,0,4
2023-11-07,2.2,Wipro,-0.0043,1.533159945109822,0.0,0,Wipro market update,0.6931471805599453,15.102758041512482,1,11,4,0,0,4
2023-11-08,2.19,Wipro,-0.0022,-1.490850886414952,-3.469446951953614e-18,0,Wipro market update,0.6931471805599453,14.517518862545549,2,11,4,0,0,4
2023-11-09,2.16,Wipro,-0.0131,2.0135069814782396,0.0,1,Wipro market update,0.6931471805599453,15.380578731736215,3,11,4,0,0,4
2023-11-10,2.18,Wipro,0.0089,-1.8702171791392341,0.0,0,Wipro market update,0.6931471805599453,14.626618980523132,4,11,4,0,1,4
2023-11-13,2.17,Wipro,-0.0066,0.1922765531359254,0.0,1,Wipro market update,0.6931471805599453,14.693642828296081,0,11,4,1,0,4
2023-11-14,2.21,Wipro,0.0199,0.2882080641226203,0.0,1,Wipro market update,0.6931471805599453,14.798188476141078,1,11,4,0,0,4
2023-11-15,2.25,Wipro,0.0152,0.4920764415641118,0.0,0,Wipro market update,0.6931471805599453,14.983960117069731,2,11,4,0,0,4
2023-11-17,2.26,Wipro,0.0085,-1.9067559076757032,-3.469446951953614e-18,1,Wipro market update,0.6931471805599453,14.661293414169114,4,11,4,0,1,4
2023-11-20,2.28,Wipro,0.0064,0.9545506575757011,0.0,1,Wipro market update,0.6931471805599453,15.038815584845779,0,11,4,1,0,4
2023-11-21,2.28,Wipro,0.0021,-1.560579149375754,-3.469446951953614e-18,0,Wipro market update,0.6931471805599453,14.423753775740181,1,11,4,0,0,4
2023-11-22,2.28,Wipro,-0.0021,0.12580077572922094,0.0,0,Wipro market update,0.6931471805599453,14.465019803796562,2,11,4,0,0,4
2023-11-24,2.26,Wipro,-0.0105,-0.47866022134262787,0.0,0,Wipro market update,0.6931471805599453,14.278238407803377,4,11,4,0,1,4
2023-11-27,2.25,Wipro,-0.0021,1.0031942274440622,0.0,1,Wipro market update,0.6931471805599453,14.676627211783684,0,11,4,1,0,4
2023-11-28,2.27,Wipro,0.0085,0.347948359796915,0.0,1,Wipro market update,0.6931471805599453,14.804754681434751,1,11,4,0,0,4
2023-11-29,2.3,Wipro,0.0127,0.05806211250878932,0.0,1,Wipro market update,0.6931471805599453,14.81995904282127,2,11,4,0,0,4
2023-11-30,2.33,Wipro,0.0125,0.966396616472962,0.0,1,Wipro market update,0.6931471805599453,15.20255488778732,3,11,4,0,0,4
2023-12-01,2.34,Wipro,0.0062,-1.6662185439555999,0.0,0,Wipro market update,0.6931471805599453,14.541319004697062,4,12,4,0,1,4
2023-12-04,2.31,Wipro,-0.0123,1.3255458849717867,-3.469446951953614e-18,0,Wipro market update,0.6931471805599453,15.081105415917873,0,12,4,1,0,4
2023-12-05,2.3,Wipro,-0.0041,-1.9278777866225256,0.0,1,Wipro market update,0.6931471805599453,14.299910683560581,1,12,4,0,0,4
2023-12-06,2.38,Wipro,0.0354,1.5416568310235403,0.0,1,Wipro market update,0.6931471805599453,14.93790480079677,2,12,4,0,0,4
2023-12-07,2.39,Wipro,0.002,-0.6483588685713187,0.0,1,Wipro market update,0.6931471805599453,14.687222664675422,3,12,4,0,0,4
2023-12-08,2.4,Wipro,0.006,1.3001176655343798,0.0,0,Wipro market update,0.6931471805599453,15.215609446633172,4,12,4,0,1,4
2023-12-11,2.38,Wipro,-0.012,-0.3750864476550359,0.0,1,Wipro market update,0.6931471805599453,15.067587862874655,0,12,4,1,0,4
2023-12-12,2.39,Wipro,0.0081,-0.2619251226009728,0.0,1,Wipro market update,0.6931471805599453,14.961896939220319,1,12,4,0,0,4
2023-12-13,2.42,Wipro,0.01,0.035311524235149355,0.0,1,Wipro market update,0.6931471805599453,14.968421935756073,2,12,4,0,0,4
2023-12-14,2.5,Wipro,0.0317,0.23765814106384925,0.0,1,Wipro market update,0.6931471805599453,15.053131171776064,3,12,4,0,0,4
2023-12-15,2.53,Wipro,0.0154,0.661462969633641,0.0,1,Wipro market update,0.6931471805599453,15.307875407651569,4,12,4,0,1,4
2023-12-18,2.55,Wipro,0.0057,-1.3283144922032117,0.0,0,Wipro market update,0.6931471805599453,14.790674166480091,0,12,4,1,0,4
2023-12-19,2.52,Wipro,-0.0094,0.1270430100108018,0.0,0,Wipro market update,0.6931471805599453,14.832406878728309,1,12,4,0,0,4
2023-12-20,2.48,Wipro,-0.019,0.692473803842425,0.0,1,Wipro market update,0.6931471805599453,15.099883206183014,2,12,4,0,0,4
2023-12-21,2.5,Wipro,0.0078,0.05909014363497084,0.0,1,Wipro market update,0.6931471805599453,15.115429975891212,3,12,4,0,0,4
2023-12-22,2.61,Wipro,0.0442,1.554321624203811,0.0,1,Wipro market update,0.6931471805599453,15.759275693837111,4,12,4,0,1,4
2023-12-26,2.64,Wipro,0.0147,-2.6329536452490605,0.0,1,Wipro market update,0.6931471805599453,14.599412558413583,1,12,4,0,0,4
2023-12-27,2.67,Wipro,0.0109,0.3490581149305122,0.0,0,Wipro market update,0.6931471805599453,14.727954299651376,2,12,4,0,0,4
2024-01-02,2.62,Wipro,-0.018,1.8698916783617439,0.0,0,Wipro market update,0.6931471805599453,15.738239954563944,1,1,1,0,0,4
2024-01-03,2.57,Wipro,-0.0201,0.8101965681946798,0.0,0,Wipro market update,0.6931471805599453,16.054751189980422,2,1,1,0,0,4
2024-01-04,2.57,Wipro,-0.0019,-2.6811834668210843,0.0,1,Wipro market update,0.6931471805599453,14.864652801396188,3,1,1,0,0,4
2024-01-05,2.6,Wipro,0.0131,1.5153376235845695,0.0,1,Wipro market update,0.6931471805599453,15.490511653890126,4,1,1,0,1,4
2024-01-08,2.61,Wipro,0.0018,0.16127064263424604,0.0,0,Wipro market update,0.6931471805599453,15.545501178080785,0,1,1,1,0,4
2024-01-09,2.57,Wipro,-0.0129,-0.8549305686778409,0.0,1,Wipro market update,0.6931471805599453,15.216201045794678,1,1,1,0,0,4
2024-01-10,2.58,Wipro,0.0037,1.0552664215694276,0.0,0,Wipro market update,0.6931471805599453,15.637023147122548,2,1,1,0,0,4
2024-01-11,2.58,Wipro,-0.0019,-0.2619251226009728,0.0,1,Wipro market update,0.6931471805599453,15.531288685993458,3,1,1,0,0,4
2024-01-12,3.01,Wipro,0.1695,3.518363780009406,3.469446951953614e-18,0,Wipro market update,0.6931471805599453,17.233466756220746,4,1,1,0,1,4
2024-01-16,2.76,Wipro,-0.0844,-2.397451829186849,0.0,0,Wipro market update,0.6931471805599453,16.211604299889036,1,1,1,0,0,4
2024-01-17,2.73,Wipro,-0.0104,-0.39937072119977546,0.0,1,Wipro market update,0.6931471805599453,16.054516775879808,2,1,1,0,0,4
2024-01-18,2.77,Wipro,0.0158,-0.8734125474688877,0.0,0,Wipro market update,0.6931471805599453,15.718006217982818,3,1,1,0,0,4
2024-01-22,2.76,Wipro,-0.0052,-0.8542077279103953,0.0,0,Wipro market update,0.6931471805599453,15.427864414896952,0,1,1,1,0,4
2024-01-23,2.73,Wipro,-0.0101,0.22019932339167742,0.0,1,Wipro market update,0.6931471805599453,15.505754148474416,1,1,1,0,0,4
2024-01-24,2.76,Wipro,0.0123,-0.5774164794154588,0.0,0,Wipro market update,0.6931471805599453,15.281817087829854,2,1,1,0,0,4
2024-01-25,2.76,Wipro,-0.0035,0.014141239861168423,0.0,0,Wipro market update,0.6931471805599453,15.28020034766125,3,1,1,0,0,4
2024-01-26,2.75,Wipro,-0.0017,0.31571283066139744,-3.469446951953614e-18,1,Wipro market update,0.6931471805599453,15.3955610594685,4,1,1,0,1,4
2024-01-29,2.76,Wipro,0.0017,-1.2488194640068793,0.0,0,Wipro market update,0.6931471805599453,14.910918050086805,0,1,1,1,0,4
2024-01-30,2.72,Wipro,-0.014,0.6746026327934941,0.0,1,Wipro market update,0.6931471805599453,15.17103664322419,1,1,1,0,0,4
2024-01-31,2.72,Wipro,0.0018,0.3977022048325861,0.0,1,Wipro market update,0.6931471805599453,15.318965761218298,2,1,1,0,0,4
2024-02-01,2.74,Wipro,0.0071,-0.7028801432942453,0.0,1,Wipro market update,0.6931471805599453,15.04772119534863,3,2,1,0,0,4
2024-02-02,2.77,Wipro,0.0123,1.0741453315226566,0.0,0,Wipro market update,0.6931471805599453,15.476705847083075,4,2,1,0,1,4
2024-02-06,2.86,Wipro,0.0295,0.882299955224312,0.0,0,Wipro market update,0.6931471805599453,15.50759719484318,1,2,1,0,0,4
2024-02-07,2.84,Wipro,-0.0067,-0.7449853983535917,0.0,0,Wipro market update,0.6931471805599453,15.220332469108836,2,2,1,0,0,4
2024-02-08,2.81,Wipro,-0.0085,-2.5227706220718122,0.0,1,Wipro market update,0.6931471805599453,14.126812228507829,3,2,1,0,0,4
2024-02-09,2.82,Wipro,0.0017,0.05188286503336924,0.0,1,Wipro market update,0.6931471805599453,14.139621710199725,4,2,1,0,1,4
2024-02-12,2.88,Wipro,0.0205,1.680874598948188,0.0,0,Wipro market update,0.6931471805599453,14.842483977579404,0,2,1,1,0,4
2024-02-14,2.95,Wipro,0.0251,-0.44604166789446026,0.0,1,Wipro market update,0.6931471805599453,15.015174391997638,2,2,1,0,0,4
2024-02-15,2.97,Wipro,0.0082,-1.4159105035020207,0.0,1,Wipro market update,0.6931471805599453,14.461566655099245,3,2,1,0,0,4
2024-02-16,3.09,Wipro,0.0405,2.92874015957356,0.0,0,Wipro market update,0.6931471805599453,15.809557732770484,4,2,1,0,1,4
2024-02-20,3.04,Wipro,-0.0171,0.948598384064599,0.0,0,Wipro market update,0.6931471805599453,16.184538701078658,1,2,1,0,0,4
2024-02-21,2.97,Wipro,-0.0237,-2.75233365911647,0.0,1,Wipro market update,0.6931471805599453,14.948589005554059,2,2,1,0,0,4
2024-02-22,3.04,Wipro,0.0243,0.009406479189171887,0.0,1,Wipro market update,0.6931471805599453,14.945169538181197,3,2,1,0,0,4
2024-02-23,3.05,Wipro,0.0047,-0.840861601826705,0.0,0,Wipro market update,0.6931471805599453,14.62118297615356,4,2,1,0,1,4
2024-02-26,3.04,Wipro,-0.0047,-0.40093475499721687,0.0,0,Wipro market update,0.6931471805599453,14.463451668807995,0,2,1,1,0,4
2024-02-27,3.03,Wipro,-0.0032,-0.3781877809961861,0.0,0,Wipro market update,0.6931471805599453,14.314223721158315,1,2,1,0,0,4
2024-02-28,2.96,Wipro,-0.0222,1.1791349417528232,0.0,1,Wipro market update,0.6931471805599453,14.7890134133471,2,2,1,0,0,4
2024-02-29,2.98,Wipro,0.0049,-0.5964229080306332,0.0,1,Wipro market update,0.6931471805599453,14.558019643980353,3,2,1,0,0,4
2024-03-01,2.99,Wipro,0.0032,-0.2356459796575479,0.0,1,Wipro market update,0.6931471805599453,14.462195387893335,4,3,1,0,1,4
2024-03-04,3.01,Wipro,0.0064,1.0272619276465842,0.0,0,Wipro market update,0.6931471805599453,14.870937297226716,0,3,1,1,0,4
2024-03-05,2.94,Wipro,-0.0224,0.5434994546442921,0.0,0,Wipro market update,0.6931471805599453,15.077431747354044,1,3,1,0,0,4
2024-03-06,2.93,Wipro,-0.0016,0.9813327471159972,0.0,1,Wipro market update,0.6931471805599453,15.466397660190548,2,3,1,0,0,4
2024-03-07,2.98,Wipro,0.0148,-0.8676040132726335,0.0,0,Wipro market update,0.6931471805599453,15.132240723708511,3,3,1,0,0,4
2024-03-08,2.97,Wipro,-0.0032,0.17562267115068655,0.0,0,Wipro market update,0.6931471805599453,15.192814879503707,4,3,1,0,1,4
2024-03-11,2.95,Wipro,-0.0065,-0.7541022689328191,-3.469446951953614e-18,1,Wipro market update,0.6931471805599453,14.902118076864047,0,3,1,1,0,4
2024-03-12,2.97,Wipro,0.0065,0.7066852408285615,0.0,0,Wipro market update,0.6931471805599453,15.175461200418042,1,3,1,0,0,4
2024-03-13,2.89,Wipro,-0.0259,-0.6541445157168506,-3.469446951953614e-18,1,Wipro market update,0.6931471805599453,14.922686407783926,2,3,1,0,0,4
2024-03-14,2.93,Wipro,0.015,1.3280161989162274,0.0,1,Wipro market update,0.6931471805599453,15.46355380193553,3,3,1,0,0,4
2024-03-15,2.95,Wipro,0.0049,0.2836243404900301,-3.469446951953614e-18,0,Wipro market update,0.6931471805599453,15.566309307772443,4,3,1,0,1,4
2024-03-18,2.91,Wipro,-0.0131,-1.9541642446586702,0.0,0,Wipro market update,0.6931471805599453,14.772636468271775,0,3,1,1,0,4
2024-03-19,2.86,Wipro,-0.0165,1.7166972666488725,0.0,0,Wipro market update,0.6931471805599453,15.492382981605775,1,3,1,0,0,4
2024-03-21,2.81,Wipro,-0.0185,1.9647824024611238,0.0,0,Wipro market update,0.6931471805599453,15.891094794799907,3,3,1,0,0,4
2024-03-22,2.72,Wipro,-0.0325,0.6603324075021044,0.0,1,Wipro market update,0.6931471805599453,16.14536065941667,4,3,1,0,1,4
2024-03-25,2.73,Wipro,0.0035,-1.675416829875625,0.0,0,Wipro market update,0.6931471805599453,15.480042721987152,0,3,1,1,0,4
2024-03-26,2.72,Wipro,-0.0018,-1.0696178087699246,0.0,1,Wipro market update,0.6931471805599453,15.067073091940637,1,3,1,0,0,4
2024-03-27,2.74,Wipro,0.0071,1.1923910687625903,0.0,1,Wipro market update,0.6931471805599453,15.547732491367082,2,3,1,0,0,4
2024-03-28,2.76,Wipro,0.0088,-0.48800183899907956,-3.469446951953614e-18,0,Wipro market update,0.6931471805599453,15.35744042458341,3,3,1,0,0,4
2024-04-01,2.72,Wipro,-0.0157,-0.7840792094245624,0.0,0,Wipro market update,0.6931471805599453,15.055217523710393,0,4,2,1,0,4
2024-04-02,2.7,Wipro,-0.0088,2.214498435868669,0.0,1,Wipro market update,0.6931471805599453,16.018938189849123,1,4,2,0,0,4
2024-04-03,2.74,Wipro,0.0143,0.6216744266525629,0.0,1,Wipro market update,0.6931471805599453,16.25731840451905,2,4,2,0,0,4
2024-04-04,2.76,Wipro,0.0105,-0.5070998931354622,0.0,1,Wipro market update,0.6931471805599453,16.059852048514152,3,4,2,0,0,4
2024-04-05,2.77,Wipro,0.0017,-1.5179402250006113,0.0,0,Wipro market update,0.6931471805599453,15.463130374946012,4,4,2,0,1,4
2024-04-08,2.7,Wipro,-0.0243,2.1626715711408173,0.0,1,Wipro market update,0.6931471805599453,16.40059438810771,0,4,2,1,0,4
2024-04-09,2.73,Wipro,0.0107,-1.3914752945404032,0.0,0,Wipro market update,0.6931471805599453,15.857172477620031,1,4,2,0,0,4
2024-04-10,2.68,Wipro,-0.0194,0.37856569186939326,0.0,1,Wipro market update,0.6931471805599453,15.997441108970992,2,4,2,0,0,4
2024-04-11,2.68,Wipro,0.0018,-0.5302473041155468,0.0,0,Wipro market update,0.6931471805599453,15.791284733133283,3,4,2,0,0,4
2024-04-12,2.63,Wipro,-0.0215,0.6062186086911194,0.0,0,Wipro market update,0.6931471805599453,16.023323436424725,4,4,2,0,1,4
2024-04-15,2.56,Wipro,-0.0256,0.6601439140879919,0.0,0,Wipro market update,0.6931471805599453,16.277489788374595,0,4,2,1,0,4
2024-04-16,2.53,Wipro,-0.0113,-2.16948231685426,0.0,0,Wipro market update,0.6931471805599453,15.377311850640684,1,4,2,0,0,4
2024-04-17,2.52,Wipro,-0.0019,-0.16102739415309486,0.0,0,Wipro market update,0.6931471805599453,15.309448052586543,2,4,2,0,0,4
2024-04-18,2.48,Wipro,-0.0171,1.1863395428513277,0.0,1,Wipro market update,0.6931471805599453,15.787394867414642,3,4,2,0,0,4
2024-04-19,2.52,Wipro,0.0174,1.401637019769575,0.0,1,Wipro market update,0.6931471805599453,16.361402627218506,4,4,2,0,1,4
2024-04-22,2.65,Wipro,0.0514,-0.48735662592780227,0.0,0,Wipro market update,0.6931471805599453,16.171352112072437,0,4,2,1,0,4
2024-04-23,2.65,Wipro,-0.0018,-1.3544545141154714,0.0,0,Wipro market update,0.6931471805599453,15.643409234559218,1,4,2,0,0,4
2024-04-24,2.63,Wipro,-0.0073,-0.01763251771128222,0.0,0,Wipro market update,0.6931471805599453,15.62974897191474,2,4,2,0,0,4
2024-04-25,2.62,Wipro,-0.0055,0.9716542774892861,0.0,1,Wipro market update,0.6931471805599453,16.01460017281409,3,4,2,0,0,4
2024-04-26,2.63,Wipro,0.0037,-0.973970675461157,0.0,0,Wipro market update,0.6931471805599453,15.639220949849856,4,4,2,0,1,4
2024-04-29,2.62,Wipro,-0.0018,-0.01816624469405561,0.0,0,Wipro market update,0.6931471805599453,15.625306553365968,0,4,2,1,0,4
2024-04-30,2.59,Wipro,-0.011,0.6948807539455286,0.0,0,Wipro market update,0.6931471805599453,15.893826591497376,1,4,2,0,0,4
2024-05-01,2.59,Wipro,-0.0019,-0.03209115242888979,0.0,0,Wipro market update,0.6931471805599453,15.874672986346503,2,5,2,0,0,4
2024-05-02,2.58,Wipro,-0.0019,-0.12122426204051961,0.0,1,Wipro market update,0.6931471805599453,15.821816865765532,3,5,2,0,0,4
2024-05-03,2.6,Wipro,0.0056,0.010722797535446358,0.0,1,Wipro market update,0.6931471805599453,15.818907773196646,4,5,2,0,1,4
2024-05-06,2.63,Wipro,0.013,-1.433802162341011,0.0,1,Wipro market update,0.6931471805599453,15.257854621308251,0,5,2,1,0,4
2024-05-07,2.64,Wipro,0.0037,0.1010440509891676,0.0,0,Wipro market update,0.6931471805599453,15.289541262388866,1,5,2,0,0,4
2024-05-08,2.62,Wipro,-0.0073,-1.3043533077942453,-3.469446951953614e-18,0,Wipro market update,0.6931471805599453,14.782190555715317,2,5,2,0,0,4
2024-05-09,2.59,Wipro,-0.0128,-0.2571803498922125,0.0,0,Wipro market update,0.6931471805599453,14.678232144507737,3,5,2,0,0,4
2024-05-10,2.56,Wipro,-0.0112,0.9814909776280238,0.0,1,Wipro market update,0.6931471805599453,15.06730191173775,4,5,2,0,1,4
2024-05-13,2.58,Wipro,0.0075,1.0042881552876226,0.0,1,Wipro market update,0.6931471805599453,15.466128992639884,0,5,2,1,0,4
2024-05-14,2.6,Wipro,0.0093,-0.6412263081957529,0.0,1,Wipro market update,0.6931471805599453,15.21821970628209,1,5,2,0,0,4
2024-05-15,2.62,Wipro,0.0055,-1.6365494346165639,0.0,0,Wipro market update,0.6931471805599453,14.57003548843319,2,5,2,0,0,4
2024-05-17,2.59,Wipro,-0.0092,-2.360680414433937,0.0,0,Wipro market update,0.6931471805599453,14.71494033956466,4,5,2,0,1,4
2024-05-21,2.6,Wipro,0.0019,-0.40719975304630457,0.0,1,Wipro market update,0.6931471805599453,15.360346160559681,1,5,2,0,0,4
2024-05-22,2.6,Wipro,0.0019,0.30393999808092337,0.0,1,Wipro market update,0.6931471805599453,15.47110679335763,2,5,2,0,0,4
2024-05-23,2.63,Wipro,0.0092,0.18746373026458857,0.0,0,Wipro market update,0.6931471805599453,15.536203757700548,3,5,2,0,0,4
2024-05-24,2.62,Wipro,-0.0018,-0.03262857320625133,-3.469446951953614e-18,0,Wipro market update,0.6931471805599453,15.516834795495967,4,5,2,0,1,4
2024-05-28,2.58,Wipro,-0.0147,-0.42166309693405396,0.0,0,Wipro market update,0.6931471805599453,15.351388255890345,1,5,2,0,0,4
2024-05-29,2.53,Wipro,-0.0205,-1.138723733042729,0.0,0,Wipro market update,0.6931471805599453,14.911051802466542,2,5,2,0,0,4
2024-05-30,2.46,Wipro,-0.0266,1.2644970211227782,0.0,1,Wipro market update,0.6931471805599453,15.423587745031384,3,5,2,0,0,4
2024-05-31,2.48,Wipro,0.0059,0.7050297483827083,0.0,1,Wipro market update,0.6931471805599453,15.696257381208412,4,5,2,0,1,4
2024-06-03,2.53,Wipro,0.0233,-2.025345870227226,0.0,0,Wipro market update,0.6931471805599453,14.868288659255581,0,6,2,1,0,4
2024-06-04,2.5,Wipro,-0.0152,1.8408749097434012,0.0,1,Wipro market update,0.6931471805599453,15.647259835541705,1,6,2,0,0,4
2024-06-05,2.56,Wipro,0.027,-0.6064732530656862,0.0,1,Wipro market update,0.6931471805599453,15.412430648358722,2,6,2,0,0,4
2024-06-06,2.64,Wipro,0.0281,1.6705240740809673,0.0,1,Wipro market update,0.6931471805599453,16.11042641742329,3,6,2,0,0,4
2024-06-07,2.7,Wipro,0.0255,0.11533536802574146,0.0,0,Wipro market update,0.6931471805599453,16.14759629616897,4,6,2,0,1,4
2024-06-10,2.67,Wipro,-0.0107,-2.7156200949939655,0.0,1,Wipro market update,0.6931471805599453,14.93562370432132,0,6,2,1,0,4
2024-06-11,2.68,Wipro,0.0036,0.8764407465895472,0.0,0,Wipro market update,0.6931471805599453,15.279969171256674,1,6,2,0,0,4
2024-06-13,2.7,Wipro,0.0054,-0.42450166692670255,0.0,0,Wipro market update,0.6931471805599453,15.14221440302102,3,6,2,0,0,4
2024-06-14,2.66,Wipro,-0.0125,-0.09092534669985629,-3.469446951953614e-18,1,Wipro market update,0.6931471805599453,15.100768651485621,4,6,2,0,1,4
2024-06-17,2.69,Wipro,0.009,0.8280169383854029,0.0,1,Wipro market update,0.6931471805599453,15.424708641641757,0,6,2,1,0,4
2024-06-18,2.77,Wipro,0.0304,0.6542911882457559,0.0,1,Wipro market update,0.6931471805599453,15.67645414705681,1,6,2,0,0,4
2024-06-20,2.83,Wipro,0.0226,0.8722440347579911,0.0,0,Wipro market update,0.6931471805599453,16.019026525160307,3,6,2,0,0,4
2024-06-21,2.83,Wipro,-0.0017,1.1196772992784043,0.0,0,Wipro market update,0.6931471805599453,16.467822583269687,4,6,2,0,1,4
2024-06-24,2.8,Wipro,-0.0085,-3.158577832703032,0.0,1,Wipro market update,0.6931471805599453,14.932944927991008,0,6,2,1,0,4
2024-06-25,2.82,Wipro,0.0069,1.1501609642298307,0.0,0,Wipro market update,0.6931471805599453,15.39502540782209,1,6,2,0,0,4
2024-06-27,2.89,Wipro,0.0256,0.5356625844958273,0.0,1,Wipro market update,0.6931471805599453,15.06506868214216,3,6,2,0,0,4
2024-06-28,2.93,Wipro,0.0133,2.583757572063994,0.0,1,Wipro market update,0.6931471805599453,16.221951124608402,4,6,2,0,1,4
2024-07-01,2.98,Wipro,0.0148,-1.5018371619608066,0.0,1,Wipro market update,0.6931471805599453,15.632092875204139,0,7,3,1,0,4
2024-07-02,3.09,Wipro,0.0372,-1.0315293533711465,0.0,0,Wipro market update,0.6931471805599453,15.23412713259496,1,7,3,0,0,4
2024-07-03,3.07,Wipro,-0.0062,-1.719007810233548,0.0,0,Wipro market update,0.6931471805599453,14.549416211026994,2,7,3,0,0,4
2024-07-08,3.08,Wipro,0.0047,-1.0938041050847391,-3.469446951953614e-18,0,Wipro market update,0.6931471805599453,14.620378435281728,0,7,3,1,0,4
2024-07-09,3.07,Wipro,-0.0047,1.3612132558518855,-3.469446951953614e-18,1,Wipro market update,0.6931471805599453,15.176179627934335,1,7,3,0,0,4
2024-07-10,3.07,Wipro,0.0016,-0.5754225988283731,0.0,1,Wipro market update,0.6931471805599453,14.953087437245497,2,7,3,0,0,4
2024-07-11,3.12,Wipro,0.0156,1.347908712107154,0.0,1,Wipro market update,0.6931471805599453,15.502872196153081,3,7,3,0,0,4
2024-07-12,3.23,Wipro,0.0354,0.7002389311238966,0.0,0,Wipro market update,0.6931471805599453,15.77357525460881,4,7,3,0,1,4
2024-07-15,3.21,Wipro,-0.006,-0.9062606374216562,0.0,1,Wipro market update,0.6931471805599453,15.42442853525552,0,7,3,1,0,4
2024-07-16,3.22,Wipro,0.0015,-0.6945918463315662,0.0,1,Wipro market update,0.6931471805599453,15.156336992666413,1,7,3,0,0,4
2024-07-17,3.22,Wipro,0.0015,0.3492799899491814,0.0,1,Wipro market update,0.6931471805599453,15.284996740014611,2,7,3,0,0,4
2024-07-18,3.31,Wipro,0.0284,2.116163647597245,0.0,0,Wipro market update,0.6931471805599453,16.199085694382998,3,7,3,0,0,4
2024-07-19,2.93,Wipro,-0.1161,1.67517933521953,3.469446951953614e-18,0,Wipro market update,0.6931471805599453,16.899244597077853,4,7,3,0,1,4
2024-07-22,2.89,Wipro,-0.0148,-2.6159225606619847,0.0,0,Wipro market update,0.6931471805599453,15.749781953010494,0,7,3,1,0,4
2024-07-23,2.87,Wipro,-0.0067,-1.3939542211177598,0.0,0,Wipro market update,0.6931471805599453,15.205348881823138,1,7,3,0,0,4
2024-07-24,2.82,Wipro,-0.0151,-0.06185283041107688,0.0,1,Wipro market update,0.6931471805599453,15.174896359345446,2,7,3,0,0,4
2024-07-25,2.89,Wipro,0.0256,0.15049953312706724,0.0,1,Wipro market update,0.6931471805599453,15.22566816345353,3,7,3,0,0,4
2024-07-26,2.98,Wipro,0.0299,0.9439193358586606,0.0,0,Wipro market update,0.6931471805599453,15.598700244610377,4,7,3,0,1,4
2024-07-30,2.96,Wipro,-0.0065,1.2677290368645155,0.0,0,Wipro market update,0.6931471805599453,15.327071218482068,1,7,3,0,0,4
2024-08-01,2.93,Wipro,-0.0097,-2.036125013715794,0.0,0,Wipro market update,0.6931471805599453,14.818492982401104,3,8,3,0,0,4
2024-08-02,2.85,Wipro,-0.0295,0.16931083202759734,0.0,0,Wipro market update,0.6931471805599453,14.876559772169973,4,8,3,0,1,4
2024-08-05,2.72,Wipro,-0.0439,1.6497323980639094,3.469446951953614e-18,1,Wipro market update,0.6931471805599453,15.564814929050648,0,8,3,1,0,4
2024-08-06,2.81,Wipro,0.0336,-0.592745899408003,0.0,0,Wipro market update,0.6931471805599453,15.335111505191596,1,8,3,0,0,4
2024-08-07,2.77,Wipro,-0.0137,-1.4626583581127823,0.0,1,Wipro market update,0.6931471805599453,14.761904021793285,2,8,3,0,0,4
2024-08-08,2.8,Wipro,0.0104,-1.2720726528426503,0.0,1,Wipro market update,0.6931471805599453,14.267732653627268,3,8,3,0,0,4
2024-08-09,2.82,Wipro,0.0051,1.6726417404009133,0.0,0,Wipro market update,0.6931471805599453,14.96671561300704,4,8,3,0,1,4
2024-08-12,2.77,Wipro,-0.0171,-1.5902220850251332,0.0,1,Wipro market update,0.6931471805599453,14.338818551789624,0,8,3,1,0,4
2024-08-13,2.81,Wipro,0.0139,0.8567164711491758,0.0,1,Wipro market update,0.6931471805599453,14.674850336829936,1,8,3,0,0,4
2024-08-14,2.81,Wipro,0.0017,-0.8011237462087857,-3.469446951953614e-18,1,Wipro market update,0.6931471805599453,14.366172666795563,2,8,3,0,0,4
2024-08-15,2.85,Wipro,0.012,-0.35101736551420964,-3.469446951953614e-18,1,Wipro market update,0.6931471805599453,14.227090929674777,3,8,3,0,0,4
2024-08-16,2.91,Wipro,0.0236,0.8250876086069717,0.0,1,Wipro market update,0.6931471805599453,14.549800161701729,4,8,3,0,1,4
2024-08-19,2.96,Wipro,0.0149,0.6974693835144932,0.0,1,Wipro market update,0.6931471805599453,14.819372876547954,0,8,3,1,0,4
2024-08-20,2.97,Wipro,0.0033,-0.9220598046178267,0.0,1,Wipro market update,0.6931471805599453,14.464079217919926,1,8,3,0,0,4
2024-08-21,3.01,Wipro,0.0146,-0.03935788809582341,0.0,0,Wipro market update,0.6931471805599453,14.442091028668381,2,8,3,0,0,4
2024-08-22,2.95,Wipro,-0.0192,0.7493981305986741,0.0,0,Wipro market update,0.6931471805599453,14.73316076533272,3,8,3,0,0,4
2024-08-23,2.95,Wipro,-0.0016,0.040504729084001996,0.0,1,Wipro market update,0.6931471805599453,14.74167280570459,4,8,3,0,1,4
2024-08-26,2.98,Wipro,0.0098,-1.335650773745809,0.0,0,Wipro market update,0.6931471805599453,14.221509523545176,0,8,3,1,0,4
2024-08-27,2.97,Wipro,-0.0016,0.2984823624016363,0.0,1,Wipro market update,0.6931471805599453,14.330129577697413,1,8,3,0,0,4
2024-08-28,3.06,Wipro,0.0291,2.663584725246988,0.0,1,Wipro market update,0.6931471805599453,15.530281165669217,2,8,3,0,0,4
2024-08-29,3.1,Wipro,0.0126,-1.329536358353727,0.0,0,Wipro market update,0.6931471805599453,15.012579888051668,3,8,3,0,0,4
2024-08-30,3.09,Wipro,-0.0016,-0.38284641492528004,0.0,0,Wipro market update,0.6931471805599453,14.861636208914884,4,8,3,0,1,4
2024-09-03,3.05,Wipro,-0.014,-0.3856454175525895,0.0,0,Wipro market update,0.6931471805599453,14.709637886101126,1,9,3,0,0,4
2024-09-04,3.02,Wipro,-0.011,0.75424315884242,0.0,1,Wipro market update,0.6931471805599453,15.00274434334993,2,9,3,0,0,4
2024-09-05,3.03,Wipro,0.0048,-0.6270089551033693,0.0,0,Wipro market update,0.6931471805599453,14.76019475314206,3,9,3,0,0,4
2024-09-06,3.01,Wipro,-0.0079,0.4337172425459278,0.0,0,Wipro market update,0.6931471805599453,14.922488093520615,4,9,3,0,1,4
2024-09-09,2.99,Wipro,-0.0064,0.0503350828524021,0.0,1,Wipro market update,0.6931471805599453,14.934709806781994,0,9,3,1,0,4
2024-09-10,3.04,Wipro,0.0193,0.37440899591027227,0.0,0,Wipro market update,0.6931471805599453,15.073346636448898,1,9,3,0,0,4
2024-09-11,2.98,Wipro,-0.0221,0.02723552633130421,0.0,1,Wipro market update,0.6931471805599453,15.076695391359504,2,9,3,0,0,4
2024-09-12,3.06,Wipro,0.0275,-0.47962520403171566,0.0,1,Wipro market update,0.6931471805599453,14.88955723431047,3,9,3,0,0,4
2024-09-13,3.15,Wipro,0.0314,-1.0353215159602431,-3.469446951953614e-18,1,Wipro market update,0.6931471805599453,14.490188731560995,4,9,3,0,1,4
2024-09-16,3.16,Wipro,0.003,-0.610838468916498,0.0,0,Wipro market update,0.6931471805599453,14.253766134056512,0,9,3,1,0,4
2024-09-17,3.13,Wipro,-0.0122,1.6219225167247575,0.0,0,Wipro market update,0.6931471805599453,14.929011787533305,1,9,3,0,0,4
2024-09-18,3.06,Wipro,-0.02,-0.04881490006503894,0.0,1,Wipro market update,0.6931471805599453,14.90353398195988,2,9,3,0,0,4
2024-09-19,3.11,Wipro,0.0157,0.5764989215268242,0.0,0,Wipro market update,0.6931471805599453,15.12346519800545,3,9,3,0,0,4
2024-09-23,3.09,Wipro,-0.0062,-2.1240523946993104,0.0,1,Wipro market update,0.6931471805599453,14.474687736229987,0,9,3,1,0,4
2024-09-24,3.11,Wipro,0.0047,1.1895790072608257,0.0,0,Wipro market update,0.6931471805599453,14.954112815114952,1,9,3,0,0,4
2024-09-26,3.17,Wipro,0.0217,0.5362665694509076,0.0,0,Wipro market update,0.6931471805599453,15.319543731540495,3,9,3,0,0,4
2024-09-27,3.11,Wipro,-0.0197,-0.15250098068489998,0.0,1,Wipro market update,0.6931471805599453,15.254871877100014,4,9,3,0,1,4
2024-09-30,3.12,Wipro,0.0015,-0.011504480321818037,0.0,1,Wipro market update,0.6931471805599453,15.243474794052181,0,9,3,1,0,4
2024-10-01,3.16,Wipro,0.0154,-0.20325857521559715,0.0,0,Wipro market update,0.6931471805599453,15.159732403404817,1,10,4,0,0,4
2024-10-02,3.12,Wipro,-0.0137,-0.4619848431818844,0.0,0,Wipro market update,0.6931471805599453,14.979161555155386,2,10,4,0,0,4
2024-10-03,3.07,Wipro,-0.0169,0.4611308074511939,0.0,1,Wipro market update,0.6931471805599453,15.152404831449227,3,10,4,0,0,4
2024-10-04,3.1,Wipro,0.0094,0.040245386464556755,-3.469446951953614e-18,0,Wipro market update,0.6931471805599453,15.160722734467402,4,10,4,0,1,4
2024-10-07,3.07,Wipro,-0.0078,-1.811368923346412,0.0,0,Wipro market update,0.6931471805599453,14.43393473112124,0,10,4,1,0,4
2024-10-08,3.06,Wipro,-0.0031,2.0171798089609982,0.0,1,Wipro market update,0.6931471805599453,15.298795731288905,1,10,4,0,0,4
2024-10-09,3.09,Wipro,0.0078,-1.40719814084679,0.0,0,Wipro market update,0.6931471805599453,14.748934081784062,2,10,4,0,0,4
2024-10-10,3.02,Wipro,-0.0234,1.727374336811233,0.0,1,Wipro market update,0.6931471805599453,15.473738825043979,3,10,4,0,0,4
2024-10-11,3.06,Wipro,0.0159,-1.326278801776333,0.0,1,Wipro market update,0.6931471805599453,14.957374207850297,4,10,4,0,1,4
2024-10-14,3.17,Wipro,0.0361,0.028279409397292038,0.0,0,Wipro market update,0.6931471805599453,14.961197572023732,0,10,4,1,0,4
2024-10-15,3.07,Wipro,-0.0333,1.7019011532397863,-3.469446951953614e-18,1,Wipro market update,0.6931471805599453,15.67393144962954,1,10,4,0,0,4
2024-10-16,3.09,Wipro,0.0063,-1.2125901837744675,0.0,0,Wipro market update,0.6931471805599453,15.203952860605245,2,10,4,0,0,4
2024-10-17,3.05,Wipro,-0.0109,1.2496060635492232,3.469446951953614e-18,1,Wipro market update,0.6931471805599453,15.709856849717402,3,10,4,0,0,4
2024-10-18,3.22,Wipro,0.0535,-0.11423873830212732,0.0,0,Wipro market update,0.6931471805599453,15.659577964988449,4,10,4,0,1,4
2024-10-21,3.18,Wipro,-0.012,-1.5447583867220847,0.0,0,Wipro market update,0.6931471805599453,15.051272975392768,0,10,4,1,0,4
2024-10-22,3.17,Wipro,-0.003,0.9141104667054264,0.0,1,Wipro market update,0.6931471805599453,15.411579705351146,1,10,4,0,0,4
2024-10-23,3.18,Wipro,0.003,0.02357767709226548,-3.469446951953614e-18,0,Wipro market update,0.6931471805599453,15.413604570979436,2,10,4,0,0,4
2024-10-24,3.17,Wipro,-0.003,-0.14513665439375803,-3.469446951953614e-18,0,Wipro market update,0.6931471805599453,15.351775660843773,3,10,4,0,0,4
2024-10-25,3.15,Wipro,-0.0046,0.5562902759809063,-3.469446951953614e-18,1,Wipro market update,0.6931471805599453,15.563527278363352,4,10,4,0,1,4
2024-10-28,3.25,Wipro,0.029,-0.9601811266871696,0.0,0,Wipro market update,0.6931471805599453,15.193520951576092,0,10,4,1,0,4
2024-10-29,3.24,Wipro,-0.0015,0.7578239091725721,0.0,0,Wipro market update,0.6931471805599453,15.488111233114164,1,10,4,0,0,4
2024-10-30,3.21,Wipro,-0.0089,-0.3781877809961861,0.0,0,Wipro market update,0.6931471805599453,15.338911382271538,2,10,4,0,0,4
2024-10-31,3.12,Wipro,-0.0299,-0.09700772137805336,0.0,1,Wipro market update,0.6931471805599453,15.29515886853516,3,10,4,0,0,4
2024-11-01,3.13,Wipro,0.0031,-0.7393872394981168,0.0,0,Wipro market update,0.6931471805599453,15.010039206308925,4,11,4,0,1,4
2024-11-04,3.09,Wipro,-0.0108,-1.6126816968346922,0.0,1,Wipro market update,0.6931471805599453,14.372380293231657,0,11,4,1,0,4
2024-11-05,3.14,Wipro,0.014,1.3418620282480536,0.0,1,Wipro market update,0.6931471805599453,14.919442339674916,1,11,4,0,0,4
2024-11-06,3.28,Wipro,0.046,1.4517890356037182,0.0,0,Wipro market update,0.6931471805599453,15.516250811353519,2,11,4,0,0,4
2024-11-07,3.27,Wipro,-0.0029,-0.5934141225387521,0.0,1,Wipro market update,0.6931471805599453,15.286330103891007,3,11,4,0,0,4
2024-11-08,3.29,Wipro,0.0074,-0.8589088129180921,0.0,1,Wipro market update,0.6931471805599453,14.955520995144047,4,11,4,0,1,4
2024-11-11,3.37,Wipro,0.0219,2.2790597623849393,0.0,0,Wipro market update,0.6931471805599453,15.952206460269908,0,11,4,1,0,4
2024-11-12,3.33,Wipro,-0.0114,-0.6307263941925425,0.0,0,Wipro market update,0.6931471805599453,15.70823102916686,1,11,4,0,0,4
2024-11-13,3.3,Wipro,-0.0072,0.31300231670758877,0.0,0,Wipro market update,0.6931471805599453,15.822515940769929,2,11,4,0,0,4
2024-11-14,3.27,Wipro,-0.0116,-1.1849324361637028,-3.469446951953614e-18,0,Wipro market update,0.6931471805599453,15.36366884661498,3,11,4,0,0,4
2024-11-15,3.23,Wipro,-0.0103,0.48712559695050306,0.0,0,Wipro market update,0.6931471805599453,15.547414036986252,4,11,4,0,1,4
2024-11-18,3.22,Wipro,-0.003,0.994418709420986,0.0,1,Wipro market update,0.6931471805599453,15.942002775590275,0,11,4,1,0,4
2024-11-19,3.27,Wipro,0.0164,-2.138838138243756,0.0,1,Wipro market update,0.6931471805599453,15.057530598727395,1,11,4,0,0,4
2024-11-20,3.31,Wipro,0.0103,1.3311315294443113,0.0,0,Wipro market update,0.6931471805599453,15.599809096875529,2,11,4,0,0,4
2024-11-21,3.27,Wipro,-0.0131,-0.5142530455363882,0.0,1,Wipro market update,0.6931471805599453,15.399589841068085,3,11,4,0,0,4
2024-11-22,3.36,Wipro,0.028,1.8098646151106266,0.0,1,Wipro market update,0.6931471805599453,16.163642561461774,4,11,4,0,1,4
2024-11-25,3.4,Wipro,0.0129,-0.8843288641390779,0.0,1,Wipro market update,0.6931471805599453,15.822972764181097,0,11,4,1,0,4
2024-11-26,3.41,Wipro,0.0042,0.1961184055117676,-3.469446951953614e-18,0,Wipro market update,0.6931471805599453,15.89144608575385,1,11,4,0,0,4
2024-11-27,3.38,Wipro,-0.0099,-0.15931961481577553,0.0,0,Wipro market update,0.6931471805599453,15.824234661589571,2,11,4,0,0,4
2024-11-29,3.36,Wipro,-0.0057,-2.007115199084358,0.0,1,Wipro market update,0.6931471805599453,15.005121015794215,4,11,4,0,1,4
2024-12-02,3.39,Wipro,0.01,0.8053221589060259,0.0,1,Wipro market update,0.6931471805599453,15.319543731540495,0,12,4,1,0,4
2024-12-03,3.4,Wipro,0.0028,0.4121460655681941,0.0,1,Wipro market update,0.6931471805599453,15.473205349539477,1,12,4,0,0,4
2024-12-04,3.42,Wipro,0.0056,-0.4841327021638752,0.0,1,Wipro market update,0.6931471805599453,15.284352410243685,2,12,4,0,0,4
2024-12-05,3.47,Wipro,0.014,1.0813419008741751,0.0,0,Wipro market update,0.6931471805599453,15.716453376501502,3,12,4,0,0,4
2024-12-06,3.36,Wipro,-0.0332,0.9667156997568384,3.469446951953614e-18,1,Wipro market update,0.6931471805599453,16.099218697094262,4,12,4,0,1,4
2024-12-09,3.45,Wipro,0.0287,-1.1971582608493514,0.0,1,Wipro market update,0.6931471805599453,15.635501249560427,0,12,4,1,0,4
2024-12-10,3.48,Wipro,0.0084,-1.2700630948852223,0.0,0,Wipro market update,0.6931471805599453,15.142161331521226,1,12,4,0,0,4
2024-12-12,3.5,Wipro,0.0055,-1.5640067109289704,0.0,1,Wipro market update,0.6931471805599453,14.747399404270723,3,12,4,0,0,4
2024-12-13,3.53,Wipro,0.0082,0.615314267931191,0.0,1,Wipro market update,0.6931471805599453,14.983151584142808,4,12,4,0,1,4
2024-12-16,3.54,Wipro,0.0027,0.1605380999677855,0.0,1,Wipro market update,0.6931471805599453,15.037844068164233,0,12,4,1,0,4
2024-12-17,3.56,Wipro,0.0054,1.0286495145790926,0.0,0,Wipro market update,0.6931471805599453,15.447179714842525,1,12,4,0,0,4
2024-12-18,3.49,Wipro,-0.0189,-0.43937206436008236,0.0,1,Wipro market update,0.6931471805599453,15.275032378700475,2,12,4,0,0,4
2024-12-19,3.57,Wipro,0.022,0.4202903145343701,0.0,0,Wipro market update,0.6931471805599453,15.431944143516528,3,12,4,0,0,4
2024-12-20,3.51,Wipro,-0.0162,0.6558033207200759,0.0,0,Wipro market update,0.6931471805599453,15.684323810941308,4,12,4,0,1,4
2024-12-23,3.48,Wipro,-0.0082,-1.3532257517990898,0.0,1,Wipro market update,0.6931471805599453,15.156781663696961,0,12,4,1,0,4
2024-12-24,3.49,Wipro,0.0028,-2.448490882198417,0.0,0,Wipro market update,0.6931471805599453,14.106238736321192,1,12,4,0,0,4
2024-12-26,3.47,Wipro,-0.0055,1.1821051303923331,0.0,1,Wipro market update,0.6931471805599453,14.582326792939071,3,12,4,0,0,4
2024-12-27,3.51,Wipro,0.0111,-0.34794712597575556,0.0,0,Wipro market update,0.6931471805599453,14.444386381695086,4,12,4,0,1,4
2024-12-30,3.4,Wipro,-0.0301,0.4313795947235388,0.0,0,Wipro market update,0.6931471805599453,14.605739529915775,0,12,4,1,0,4
2025-01-02,3.43,Wipro,0.0085,0.33323994033496085,0.0,0,Wipro market update,0.6931471805599453,14.683199527920179,3,1,1,0,0,4
2025-01-03,3.37,Wipro,-0.0196,0.546705250657368,0.0,0,Wipro market update,0.6931471805599453,14.89105924814443,4,1,1,0,1,4
2025-01-06,3.34,Wipro,-0.0086,0.6972846005780917,0.0,0,Wipro market update,0.6931471805599453,15.160514325205044,0,1,1,1,0,4
2025-01-07,3.33,Wipro,-0.0029,0.1807060741633962,0.0,1,Wipro market update,0.6931471805599453,15.22302835028577,1,1,1,0,0,4
2025-01-08,3.38,Wipro,0.0145,-0.865790771722256,0.0,1,Wipro market update,0.6931471805599453,14.889488907320702,2,1,1,0,0,4
2025-01-10,3.39,Wipro,0.0028,1.0645043543903168,0.0,0,Wipro market update,0.6931471805599453,15.314307593695387,4,1,1,0,1,4
2025-01-13,3.29,Wipro,-0.0284,0.2700395458957194,0.0,0,Wipro market update,0.6931471805599453,15.411681046068656,0,1,1,1,0,4
2025-01-14,3.27,Wipro,-0.0058,-1.4350530293499413,0.0,1,Wipro market update,0.6931471805599453,14.850011256568992,1,1,1,0,0,4
2025-01-15,3.31,Wipro,0.0118,1.0712886179840646,0.0,0,Wipro market update,0.6931471805599453,15.277770325851959,2,1,1,0,0,4
2025-01-16,3.17,Wipro,-0.0407,0.9341999209010821,0.0,1,Wipro market update,0.6931471805599453,15.64666716708919,3,1,1,0,0,4
2025-01-17,3.31,Wipro,0.0424,0.5790591011007202,3.469446951953614e-18,1,Wipro market update,0.6931471805599453,15.867658109528309,4,1,1,0,1,4
2025-01-21,3.39,Wipro,0.0233,-0.4693486030885213,0.0,1,Wipro market update,0.6931471805599453,15.684292949129851,1,1,1,0,0,4
2025-01-22,3.52,Wipro,0.0398,0.7740293302303256,0.0,1,Wipro market update,0.6931471805599453,15.98566091393003,2,1,1,0,0,4
2025-01-23,3.6,Wipro,0.0219,-1.0020775512395839,0.0,1,Wipro market update,0.6931471805599453,15.599271625086157,3,1,1,0,0,4
2025-01-24,3.63,Wipro,0.008,0.5576840541514221,0.0,0,Wipro market update,0.6931471805599453,15.811557039527635,4,1,1,0,1,4
2025-01-27,3.52,Wipro,-0.0292,-0.18996261139473983,0.0,1,Wipro market update,0.6931471805599453,15.73287439632116,0,1,1,1,0,4
2025-01-28,3.58,Wipro,0.0164,0.7132925250096012,0.0,1,Wipro market update,0.6931471805599453,16.008972621469887,1,1,1,0,0,4
2025-01-29,3.61,Wipro,0.0082,2.052689306019422,0.0,0,Wipro market update,0.6931471805599453,16.891420960791113,2,1,1,0,0,4
2025-01-31,3.6,Wipro,-0.0027,0.060117649331276495,0.0,1,Wipro market update,0.6931471805599453,15.618259586837045,4,1,1,0,1,4
2025-02-03,3.61,Wipro,0.0027,0.09196506330680151,0.0,1,Wipro market update,0.6931471805599453,15.64645884881144,0,2,1,1,0,4
2025-02-04,3.65,Wipro,0.0109,-0.6490389909035084,0.0,0,Wipro market update,0.6931471805599453,15.395499268150532,1,2,1,0,0,4
2025-02-05,3.64,Wipro,-0.0027,1.173747491057639,0.0,0,Wipro market update,0.6931471805599453,15.86794067881971,2,2,1,0,0,4
2025-02-06,3.63,Wipro,-0.0027,-1.0822684308128476,0.0,0,Wipro market update,0.6931471805599453,15.450050950201215,3,2,1,0,0,4
2025-02-07,3.6,Wipro,-0.0081,-0.19833626902748294,0.0,1,Wipro market update,0.6931471805599453,15.368145499263536,4,2,1,0,1,4
2025-02-10,3.62,Wipro,0.0054,-1.342999261271751,0.0,0,Wipro market update,0.6931471805599453,14.844880301122325,0,2,1,1,0,4
2025-02-11,3.61,Wipro,-0.0027,-0.3101690359262544,0.0,0,Wipro market update,0.6931471805599453,14.721185541644239,1,2,1,0,0,4
2025-02-12,3.56,Wipro,-0.0136,0.45777787253498825,0.0,0,Wipro market update,0.6931471805599453,14.893103819822194,2,2,1,0,0,4
2025-02-18,3.61,Wipro,0.0138,1.1045311900534758,0.0,0,Wipro market update,0.6931471805599453,15.592664043921843,1,2,1,0,0,4
2025-02-19,3.6,Wipro,-0.0027,-1.0984277423334454,-3.469446951953614e-18,0,Wipro market update,0.6931471805599453,15.16824839408683,2,2,1,0,0,4
2025-02-20,3.57,Wipro,-0.0082,-0.006986673253537584,0.0,0,Wipro market update,0.6931471805599453,15.158610581532123,3,2,1,0,0,4
2025-02-21,3.41,Wipro,-0.044,0.9934759256395067,0.0,0,Wipro market update,0.6931471805599453,15.55279641780203,4,2,1,0,1,4
2025-02-24,3.34,Wipro,-0.0201,-1.6448215247290838,0.0,0,Wipro market update,0.6931471805599453,14.900936622586114,0,2,1,1,0,4
2025-02-25,3.31,Wipro,-0.0088,-0.5335220004636252,0.0,0,Wipro market update,0.6931471805599453,14.693559713174526,1,2,1,0,0,4
2025-02-26,3.3,Wipro,-0.003,1.5606747471787885,0.0,0,Wipro market update,0.6931471805599453,15.34032718032862,2,2,1,0,0,4
2025-02-27,3.29,Wipro,-0.003,-0.30050771310182955,0.0,0,Wipro market update,0.6931471805599453,15.22016066682143,3,2,1,0,0,4
2025-02-28,3.21,Wipro,-0.0268,0.47780807564608413,0.0,0,Wipro market update,0.6931471805599453,15.400143556502448,4,2,1,0,1,4
2025-03-03,3.19,Wipro,-0.0061,0.4279743040088328,0.0,0,Wipro market update,0.6931471805599453,15.560126182095658,0,3,1,1,0,4
2025-03-04,3.16,Wipro,-0.0092,-1.152375504577596,0.0,1,Wipro market update,0.6931471805599453,15.114284594420818,1,3,1,0,0,4
2025-03-05,3.25,Wipro,0.0311,0.26123994129750283,0.0,0,Wipro market update,0.6931471805599453,15.208234455246872,2,3,1,0,0,4
2025-03-06,3.22,Wipro,-0.012,-0.709803015644425,0.0,0,Wipro market update,0.6931471805599453,14.93438321228763,3,3,1,0,0,4
2025-03-07,3.2,Wipro,-0.0061,1.280997715539586,0.0,0,Wipro market update,0.6931471805599453,15.454235585250805,4,3,1,0,1,4
2025-03-10,3.12,Wipro,-0.0245,-0.25540337066960594,0.0,0,Wipro market update,0.6931471805599453,15.350957629846016,0,3,1,1,0,4
2025-03-11,3.08,Wipro,-0.0126,0.7990360175620767,0.0,0,Wipro market update,0.6931471805599453,15.662799494648846,1,3,1,0,0,4
2025-03-12,3.02,Wipro,-0.0191,1.6096548543298448,0.0,0,Wipro market update,0.6931471805599453,16.33229540549394,2,3,1,0,0,4
2025-03-13,2.97,Wipro,-0.0162,-2.1863085956939803,0.0,1,Wipro market update,0.6931471805599453,15.423507632890365,3,3,1,0,0,4
2025-03-14,3.01,Wipro,0.0132,-1.061588465073322,0.0,0,Wipro market update,0.6931471805599453,15.013787471459018,4,3,1,0,1,4
2025-03-17,2.99,Wipro,-0.0065,1.6247573864868448,0.0,0,Wipro market update,0.6931471805599453,15.690354411964654,0,3,1,1,0,4
2025-03-18,2.94,Wipro,-0.0164,-0.8297182987836328,0.0,1,Wipro market update,0.6931471805599453,15.370703666694604,1,3,1,0,0,4
2025-03-19,3.01,Wipro,0.0233,-0.5734300119996435,0.0,0,Wipro market update,0.6931471805599453,15.14827254087095,2,3,1,0,0,4
2025-03-20,2.94,Wipro,-0.0228,2.34206089497905,0.0,1,Wipro market update,0.6931471805599453,16.177477241708115,3,3,1,0,0,4
2025-03-21,2.97,Wipro,0.01,-0.8556535560095576,0.0,1,Wipro market update,0.6931471805599453,15.847926134609832,4,3,1,0,1,4
2025-03-24,3.07,Wipro,0.033,-0.6582347909564096,0.0,1,Wipro market update,0.6931471805599453,15.593576869024897,0,3,1,1,0,4
2025-03-25,3.08,Wipro,0.0032,-1.0722978946095043,0.0,0,Wipro market update,0.6931471805599453,15.179508439722314,1,3,1,0,0,4
2025-03-26,3.04,Wipro,-0.0127,0.9697441758450842,0.0,1,Wipro market update,0.6931471805599453,15.563527278363352,2,3,1,0,0,4
2025-03-27,3.07,Wipro,0.0097,-0.2851843456152204,0.0,0,Wipro market update,0.6931471805599453,15.4491338324077,3,3,1,0,0,4
2025-03-28,2.97,Wipro,-0.0319,-1.776372676048976,0.0,1,Wipro market update,0.6931471805599453,14.738419739501445,4,3,1,0,1,4
2025-03-31,3.0,Wipro,0.0099,2.2745955823204063,0.0,0,Wipro market update,0.6931471805599453,15.732815597011859,0,3,1,1,0,4
2025-04-02,3.03,Wipro,0.0098,-0.005129267244816406,0.0,0,Wipro market update,0.6931471805599453,15.19028911601854,2,4,2,0,0,4
2025-04-03,2.86,Wipro,-0.055,0.9700626668301472,0.0,0,Wipro market update,0.6931471805599453,15.57445426514403,3,4,2,0,0,4
2025-04-04,2.73,Wipro,-0.0445,1.113076018133314,0.0,1,Wipro market update,0.6931471805599453,16.02037267269544,4,4,2,0,1,4
2025-04-07,2.79,Wipro,0.0215,1.0572391837089326,3.469446951953614e-18,0,Wipro market update,0.6931471805599453,16.44204704221148,0,4,2,1,0,4
2025-04-08,2.72,Wipro,-0.0246,-0.5266492747201904,3.469446951953614e-18,1,Wipro market update,0.6931471805599453,16.237282234513703,1,4,2,0,0,4
2025-04-09,2.83,Wipro,0.0396,0.12182042073606672,3.469446951953614e-18,0,Wipro market update,0.6931471805599453,16.27702071525191,2,4,2,0,0,4
2025-04-10,2.78,Wipro,-0.0173,-0.6341096730999801,3.469446951953614e-18,0,Wipro market update,0.6931471805599453,16.03169873969141,3,4,2,0,0,4
2025-04-14,2.79,Wipro,0.0035,-0.4087682188494836,0.0,0,Wipro market update,0.6931471805599453,15.724845782108284,0,4,2,1,0,4
2025-04-15,2.76,Wipro,-0.0105,1.4020103279477825,0.0,0,Wipro market update,0.6931471805599453,16.299016310286806,1,4,2,0,0,4
2025-04-16,2.68,Wipro,-0.0319,-1.2125901837744675,3.469446951953614e-18,0,Wipro market update,0.6931471805599453,15.829052786382102,2,4,2,0,0,4
2025-04-17,2.65,Wipro,-0.011,-0.8513178303468094,0.0,1,Wipro market update,0.6931471805599453,15.501076016125543,3,4,2,0,0,4
2025-04-21,2.67,Wipro,0.0074,1.271492118206221,0.0,1,Wipro market update,0.6931471805599453,16.016716200334713,0,4,2,1,0,4
2025-04-22,2.72,Wipro,0.0184,0.5810261140580822,0.0,1,Wipro market update,0.6931471805599453,16.238470968192054,1,4,2,0,0,4
2025-04-23,2.77,Wipro,0.0217,-0.04881490006503894,0.0,1,Wipro market update,0.6931471805599453,16.21296036792244,2,4,2,0,0,4
2025-04-24,2.79,Wipro,0.0071,-1.0841887205287102,0.0,0,Wipro market update,0.6931471805599453,15.794219884637531,3,4,2,0,0,4
2025-04-25,2.77,Wipro,-0.007,-0.754804585612501,0.0,1,Wipro market update,0.6931471805599453,15.503149668148225,4,4,2,0,1,4
2025-04-28,2.78,Wipro,0.0035,0.7513735618726333,0.0,1,Wipro market update,0.6931471805599453,15.795049026132556,0,4,2,1,0,4
2025-04-29,2.81,Wipro,0.0106,-0.5282842054800286,0.0,0,Wipro market update,0.6931471805599453,15.589683113389038,1,4,2,0,0,4
2025-04-30,2.8,Wipro,-0.0035,-0.08761471474568498,0.0,0,Wipro market update,0.6931471805599453,15.549446863043078,2,4,2,0,0,4
2025-05-02,2.84,Wipro,0.014,-0.4037522490601911,0.0,0,Wipro market update,0.6931471805599453,15.33050613390908,4,5,2,0,1,4
2025-05-06,2.83,Wipro,-0.0034,0.6432915928282079,0.0,1,Wipro market update,0.6931471805599453,15.390874696996832,1,5,2,0,0,4
2025-05-07,2.84,Wipro,0.0035,0.32539469725337106,0.0,0,Wipro market update,0.6931471805599453,15.510098299115008,2,5,2,0,0,4
2025-05-08,2.74,Wipro,-0.0345,1.6775020179022941,0.0,1,Wipro market update,0.6931471805599453,16.211385700764254,3,5,2,0,0,4
2025-05-09,2.76,Wipro,0.0071,-2.6396747519477137,0.0,1,Wipro market update,0.6931471805599453,15.047137730889423,4,5,2,0,1,4
2025-05-12,2.93,Wipro,0.0603,1.8441145500067153,0.0,0,Wipro market update,0.6931471805599453,15.82764989638615,0,5,2,1,0,4
2025-05-14,2.91,Wipro,-0.0067,-0.7516453070375572,0.0,1,Wipro market update,0.6931471805599453,14.9036687255649,2,5,2,0,0,4
2025-05-15,2.94,Wipro,0.0101,1.0581489529077388,0.0,0,Wipro market update,0.6931471805599453,15.325702776607946,3,5,2,0,0,4
2025-05-16,2.9,Wipro,-0.0133,-0.278303679899351,0.0,0,Wipro market update,0.6931471805599453,15.213906646893669,4,5,2,0,1,4
2025-05-19,2.89,Wipro,-0.0034,-0.9840652113433309,0.0,0,Wipro market update,0.6931471805599453,14.834610914739125,0,5,2,1,0,4
2025-05-20,2.85,Wipro,-0.0136,-0.3141042344680422,0.0,0,Wipro market update,0.6931471805599453,14.709392477390093,1,5,2,0,0,4
2025-05-21,2.84,Wipro,-0.0034,0.8806278175257173,0.0,0,Wipro market update,0.6931471805599453,15.05550695085217,2,5,2,0,0,4
2025-05-22,2.79,Wipro,-0.0172,1.2759167066582797,0.0,1,Wipro market update,0.6931471805599453,15.573109993837274,3,5,2,0,0,4
2025-05-23,2.8,Wipro,0.0035,-0.5178361135252342,0.0,1,Wipro market update,0.6931471805599453,15.37161119376479,4,5,2,0,1,4
2025-05-27,2.84,Wipro,0.014,-1.5721569438401561,0.0,0,Wipro market update,0.6931471805599453,14.751447434303573,1,5,2,0,0,4
2025-05-28,2.8,Wipro,-0.0138,2.0631610275545937,0.0,1,Wipro market update,0.6931471805599453,15.639075656177994,2,5,2,0,0,4
2025-05-29,2.83,Wipro,0.0105,-1.8443342027999443,0.0,0,Wipro market update,0.6931471805599453,14.897180464931035,3,5,2,0,0,4
2025-05-30,2.82,Wipro,-0.0035,0.9939473794046128,0.0,0,Wipro market update,0.6931471805599453,15.291577293510054,4,5,2,0,1,4
2025-06-02,2.81,Wipro,-0.0035,1.2731023679777407,0.0,0,Wipro market update,0.6931471805599453,15.807936313553851,0,6,2,1,0,4
2025-06-03,2.77,Wipro,-0.0139,-1.5170913270572863,0.0,1,Wipro market update,0.6931471805599453,15.211532700422552,1,6,2,0,0,4
2025-06-04,2.78,Wipro,0.0035,1.0751966485949132,0.0,1,Wipro market update,0.6931471805599453,15.64096282930356,2,6,2,0,0,4
2025-06-05,2.8,Wipro,0.007,-1.3474960144545138,-3.469446951953614e-18,1,Wipro market update,0.6931471805599453,15.11594769398675,3,6,2,0,0,4
2025-06-06,2.83,Wipro,0.0105,-0.5947510006378477,0.0,1,Wipro market update,0.6931471805599453,14.885586531472713,4,6,2,0,1,4
2025-06-09,2.88,Wipro,0.0173,2.0449984177421556,0.0,1,Wipro market update,0.6931471805599453,15.76423118250231,0,6,2,1,0,4
2025-06-10,2.91,Wipro,0.0102,-1.2716706661607153,0.0,1,Wipro market update,0.6931471805599453,15.270257878177981,1,6,2,0,0,4
2025-06-11,2.94,Wipro,0.0101,0.6402458348713612,0.0,1,Wipro market update,0.6931471805599453,15.516287320355456,2,6,2,0,0,4
2025-06-12,2.96,Wipro,0.0067,0.20377980327276032,0.0,0,Wipro market update,0.6931471805599453,15.58781550929904,3,6,2,0,0,4
2025-06-13,2.91,Wipro,-0.0166,-1.4121745915156287,0.0,1,Wipro market update,0.6931471805599453,15.035780145407733,4,6,2,0,1,4
2025-06-16,2.97,Wipro,0.0202,-0.3482539911169485,0.0,0,Wipro market update,0.6931471805599453,14.897790530833683,0,6,2,1,0,4
2025-06-17,2.96,Wipro,-0.0033,-0.6952817401036147,0.0,0,Wipro market update,0.6931471805599453,14.629325941413287,1,6,2,0,0,4
2025-06-18,2.92,Wipro,-0.0132,1.2438865634477092,0.0,0,Wipro market update,0.6931471805599453,15.132723025777747,2,6,2,0,0,4
2025-06-20,2.91,Wipro,-0.0034,1.66532420921526,0.0,1,Wipro market update,0.6931471805599453,15.828251375963804,4,6,2,0,1,4
2025-06-23,2.96,Wipro,0.0168,-2.037532505933212,0.0,1,Wipro market update,0.6931471805599453,14.994258165401996,0,6,2,1,0,4
2025-06-24,3.01,Wipro,0.0166,0.8536629661091518,0.0,1,Wipro market update,0.6931471805599453,15.328988299395531,1,6,2,0,0,4
2025-06-25,3.02,Wipro,0.0033,0.514605006175298,-3.469446951953614e-18,1,Wipro market update,0.6931471805599453,15.523834250119544,2,6,2,0,0,4
2025-06-26,3.03,Wipro,0.0032,-0.47063118148971933,0.0,0,Wipro market update,0.6931471805599453,15.340065953050914,3,6,2,0,0,4
2025-06-27,2.98,Wipro,-0.0162,0.7902694962639353,0.0,0,Wipro market update,0.6931471805599453,15.648204175423121,4,6,2,0,1,4
2025-06-30,2.96,Wipro,-0.0066,-0.4623046147142468,0.0,1,Wipro market update,0.6931471805599453,15.467529109596148,0,6,2,1,0,4
2025-07-01,3.0,Wipro,0.0132,-0.06758179605462267,0.0,1,Wipro market update,0.6931471805599453,15.434859394534515,1,7,3,0,0,4
2025-07-02,3.02,Wipro,0.0065,0.27119445678362497,0.0,1,Wipro market update,0.6931471805599453,15.532708285434085,2,7,3,0,0,4
2025-07-03,3.05,Wipro,0.0097,-1.4275529382203271,0.0,0,Wipro market update,0.6931471805599453,14.974339855974376,3,7,3,0,0,4
2025-07-07,3.02,Wipro,-0.0096,0.6360498313923215,0.0,1,Wipro market update,0.6931471805599453,15.21863769957127,0,7,3,1,0,4
2025-07-08,3.03,Wipro,0.0032,0.9555140443089899,0.0,0,Wipro market update,0.6931471805599453,15.596563078509401,1,7,3,0,0,4
2025-07-09,3.01,Wipro,-0.0065,-0.049898375235544246,0.0,0,Wipro market update,0.6931471805599453,15.570606215711456,2,7,3,0,0,4
2025-07-10,2.86,Wipro,-0.0489,2.626613561143867,3.469446951953614e-18,0,Wipro market update,0.6931471805599453,16.75065388719038,3,7,3,0,0,4
2025-07-11,2.85,Wipro,-0.0034,-1.4354700607469812,0.0,0,Wipro market update,0.6931471805599453,16.188833758634253,4,7,3,0,1,4
2025-07-14,2.82,Wipro,-0.0103,-0.40719975304630457,0.0,1,Wipro market update,0.6931471805599453,16.028838226218106,0,7,3,1,0,4
2025-07-15,2.84,Wipro,0.0069,0.42328217539541435,0.0,1,Wipro market update,0.6931471805599453,16.186968608589225,1,7,3,0,0,4
2025-07-16,2.9,Wipro,0.0207,0.4140780772462643,0.0,1,Wipro market update,0.6931471805599453,16.341439262259197,2,7,3,0,0,4
2025-07-17,3.0,Wipro,0.0338,-0.4738401230065618,0.0,0,Wipro market update,0.6931471805599453,16.156469948310484,3,7,3,0,0,4
2025-07-18,2.94,Wipro,-0.0196,-1.897140536271151,0.0,0,Wipro market update,0.6931471805599453,15.389922355604067,4,7,3,0,1,4
2025-07-21,2.91,Wipro,-0.01,0.4537886377451748,0.0,0,Wipro market update,0.6931471805599453,15.560283410652671,0,7,3,1,0,4
2025-07-22,2.89,Wipro,-0.0067,0.4252030642404466,0.0,1,Wipro market update,0.6931471805599453,15.719139463789825,1,7,3,0,0,4
2025-07-23,2.93,Wipro,0.0136,0.4951642189980224,0.0,0,Wipro market update,0.6931471805599453,15.906114690462664,2,7,3,0,0,4
2025-07-24,2.88,Wipro,-0.0167,-1.0417766960316857,0.0,0,Wipro market update,0.6931471805599453,15.504147930330756,3,7,3,0,0,4
2025-07-25,2.87,Wipro,-0.0034,0.6187861098704099,0.0,0,Wipro market update,0.6931471805599453,15.741349332185452,4,7,3,0,1,4
2025-07-28,2.77,Wipro,-0.0355,0.9966166149523816,0.0,1,Wipro market update,0.6931471805599453,16.13688806227577,0,7,3,1,0,4
2025-07-29,2.8,Wipro,0.0108,-0.6286981589537505,0.0,0,Wipro market update,0.6931471805599453,15.893676411299628,1,7,3,0,0,4
2025-07-30,2.75,Wipro,-0.0179,0.10807711450965594,0.0,0,Wipro market update,0.6931471805599453,15.928036354924062,2,7,3,0,0,4
2025-07-31,2.72,Wipro,-0.0109,0.09095374091647615,0.0,0,Wipro market update,0.6931471805599453,15.955835629117535,3,7,3,0,0,4
2025-08-01,2.68,Wipro,-0.0147,-0.7635958311752536,0.0,0,Wipro market update,0.6931471805599453,15.66152159988989,4,8,3,0,1,4
2025-08-04,2.67,Wipro,-0.0037,1.6892757868653738,0.0,1,Wipro market update,0.6931471805599453,16.368340696542205,0,8,3,1,0,4
2025-08-05,2.68,Wipro,0.0037,-0.6983880565836436,0.0,0,Wipro market update,0.6931471805599453,16.098780406871647,1,8,3,0,0,4
2025-08-06,2.64,Wipro,-0.0149,-0.18909804102887645,0.0,1,Wipro market update,0.6931471805599453,16.02035061930661,2,8,3,0,0,4
2025-08-07,2.66,Wipro,0.0076,0.06959725262019267,0.0,0,Wipro market update,0.6931471805599453,16.03999366719462,3,8,3,0,0,4
2025-08-11,2.65,Wipro,-0.0038,1.8221670363026723,0.0,1,Wipro market update,0.6931471805599453,16.319059112651164,0,8,3,1,0,4
2025-08-12,2.68,Wipro,0.0113,0.1992344280456456,0.0,1,Wipro market update,0.6931471805599453,16.38873336509013,1,8,3,0,0,4
2025-08-13,2.73,Wipro,0.0187,-0.15505562833953643,0.0,0,Wipro market update,0.6931471805599453,16.323083459716916,2,8,3,0,0,4
2025-08-14,2.71,Wipro,-0.0073,-0.7362423660173624,0.0,1,Wipro market update,0.6931471805599453,16.03918241352639,3,8,3,0,0,4
2025-08-15,2.73,Wipro,0.0074,-2.397451829186849,0.0,1,Wipro market update,0.6931471805599453,15.01728123939642,4,8,3,0,1,4
2025-08-18,2.75,Wipro,0.0073,-0.6253206531186002,0.0,0,Wipro market update,0.6931471805599453,14.775397416892359,0,8,3,1,0,4
2025-08-20,2.79,Wipro,0.0145,-1.4819960944645552,0.0,1,Wipro market update,0.6931471805599453,15.278534683477888,2,8,3,0,0,4
2025-08-21,2.8,Wipro,0.0036,0.3082498427708336,0.0,1,Wipro market update,0.6931471805599453,15.39097815773802,3,8,3,0,0,4
2025-08-22,2.82,Wipro,0.0071,1.537069286118756,0.0,1,Wipro market update,0.6931471805599453,16.026879190439367,4,8,3,0,1,4
2025-08-25,2.83,Wipro,0.0035,-1.3791010600173073,-3.469446951953614e-18,0,Wipro market update,0.6931471805599453,15.488730643076549,0,8,3,1,0,4
2025-08-26,2.78,Wipro,-0.0177,-1.4388076751301353,0.0,1,Wipro market update,0.6931471805599453,14.925557553801575,1,8,3,0,0,4
2025-08-27,2.81,Wipro,0.0108,0.8482218870110583,0.0,0,Wipro market update,0.6931471805599453,15.257996435073451,2,8,3,0,0,4
2025-08-28,2.8,Wipro,-0.0036,-0.09562389914115052,0.0,0,Wipro market update,0.6931471805599453,15.214746070002551,3,8,3,0,0,4
2025-08-29,2.76,Wipro,-0.0143,0.8502641894763896,0.0,0,Wipro market update,0.6931471805599453,15.548050844367001,4,8,3,0,1,4
2025-09-03,2.77,Wipro,0.0036,-1.3565032055101809,0.0,0,Wipro market update,0.6931471805599453,14.821203506491829,2,9,3,0,0,4
2025-09-04,2.73,Wipro,-0.0144,1.0155014056676936,0.0,0,Wipro market update,0.6931471805599453,15.224886722823152,3,9,3,0,0,4
2025-09-08,2.75,Wipro,0.0073,-0.05967435097205136,0.0,1,Wipro market update,0.6931471805599453,15.544028619994176,0,9,3,1,0,4
2025-09-09,2.77,Wipro,0.0073,-0.7975658668177731,0.0,1,Wipro market update,0.6931471805599453,15.236641275360512,1,9,3,0,0,4
2025-09-10,2.81,Wipro,0.0144,2.161817274991798,0.0,0,Wipro market update,0.6931471805599453,16.173672353441013,2,9,3,0,0,4
2025-09-11,2.79,Wipro,-0.0071,-0.004598886966199441,0.0,0,Wipro market update,0.6931471805599453,16.164979332277014,3,9,3,0,0,4
2025-09-12,2.77,Wipro,-0.0072,-2.391972146973745,0.0,0,Wipro market update,0.6931471805599453,15.14610746693155,4,9,3,0,1,4
2025-09-15,2.76,Wipro,-0.0036,2.9045573627531924,0.0,1,Wipro market update,0.6931471805599453,16.48034708732056,0,9,3,1,0,4
2025-09-16,2.78,Wipro,0.0072,-1.8679417222627401,-3.469446951953614e-18,1,Wipro market update,0.6931471805599453,15.72736165525669,1,9,3,0,0,4
2025-09-17,2.88,Wipro,0.036,1.6847655083278263,0.0,0,Wipro market update,0.6931471805599453,16.432044778841444,2,9,3,0,0,4
2025-09-18,2.86,Wipro,-0.0069,-2.3315172379732787,0.0,0,Wipro market update,0.6931471805599453,15.446514444045937,3,9,3,0,0,4
2025-09-19,2.8,Wipro,-0.021,1.647155149377879,0.0,0,Wipro market update,0.6931471805599453,16.13355562728626,4,9,3,0,1,4
2025-09-22,2.79,Wipro,-0.0036,-2.2775108643267843,0.0,0,Wipro market update,0.6931471805599453,15.176897539683052,0,9,3,1,0,4
2025-09-23,2.73,Wipro,-0.0215,0.995831957552434,0.0,0,Wipro market update,0.6931471805599453,15.572109234729796,1,9,3,0,0,4
2025-09-24,2.72,Wipro,-0.0037,1.1501609642298307,0.0,0,Wipro market update,0.6931471805599453,16.034181400190793,2,9,3,0,0,4
2025-09-25,2.67,Wipro,-0.0184,-0.680824410611086,0.0,0,Wipro market update,0.6931471805599453,15.771258018756491,3,9,3,0,0,4
2025-09-26,2.65,Wipro,-0.0075,2.106207310004736,0.0,1,Wipro market update,0.6931471805599453,16.680353716430425,4,9,3,0,1,4
2025-09-29,2.66,Wipro,0.0038,-1.8985131162875326,0.0,0,Wipro market update,0.6931471805599453,15.913234086057644,0,9,3,1,0,4
2025-09-30,2.63,Wipro,-0.0113,-0.3596328175175275,0.0,0,Wipro market update,0.6931471805599453,15.770946761175741,1,9,3,0,0,4
2025-10-02,2.62,Wipro,-0.0038,0.3610032536347705,0.0,0,Wipro market update,0.6931471805599453,16.017424235377952,3,10,4,0,0,4
2025-10-06,2.66,Wipro,0.0153,-0.11172923292167979,0.0,0,Wipro market update,0.6931471805599453,16.01583045097552,0,10,4,1,0,4
2025-10-07,2.63,Wipro,-0.0113,0.27142535739302304,0.0,1,Wipro market update,0.6931471805599453,16.11381660890226,1,10,4,0,0,4
2025-10-08,2.66,Wipro,0.0114,-0.19775783571816516,0.0,1,Wipro market update,0.6931471805599453,16.032156535254668,2,10,4,0,0,4
2025-10-09,2.72,Wipro,0.0226,0.17222648349646036,0.0,0,Wipro market update,0.6931471805599453,16.0913307451508,3,10,4,0,0,4
2025-10-10,2.66,Wipro,-0.0221,0.3417219989351044,0.0,1,Wipro market update,0.6931471805599453,16.216963223005752,4,10,4,0,1,4
2025-10-13,2.69,Wipro,0.0113,0.11583496662707372,0.0,1,Wipro market update,0.6931471805599453,16.254382082475555,0,10,4,1,0,4
2025-10-14,2.73,Wipro,0.0149,0.902081358376858,0.0,1,Wipro market update,0.6931471805599453,16.609597833800002,1,10,4,0,0,4
2025-10-15,2.74,Wipro,0.0037,-0.30533387438983217,0.0,0,Wipro market update,0.6931471805599453,16.487657273823853,2,10,4,0,0,4
2025-10-16,2.67,Wipro,-0.0255,-0.7226485996633967,0.0,0,Wipro market update,0.6931471805599453,16.208895766604787,3,10,4,0,0,4
2025-10-17,2.64,Wipro,-0.0112,-0.519792338983775,0.0,0,Wipro market update,0.6931471805599453,16.006605386719247,4,10,4,0,1,4
2025-10-21,2.69,Wipro,0.0189,-0.9900598640322309,0.0,1,Wipro market update,0.6931471805599453,15.929546865158215,1,10,4,0,0,4
2025-10-22,2.72,Wipro,0.0112,0.2900385531554231,0.0,0,Wipro market update,0.6931471805599453,16.03482284044833,2,10,4,0,0,4
2025-10-23,2.71,Wipro,-0.0037,-1.2801202723877616,0.0,0,Wipro market update,0.6931471805599453,15.537401951397223,3,10,4,0,0,4
2025-10-24,2.69,Wipro,-0.0074,1.2623389912461702,0.0,0,Wipro market update,0.6931471805599453,16.048938587421162,4,10,4,0,1,4
2025-10-27,2.67,Wipro,-0.0074,-1.0949595124419744,0.0,1,Wipro market update,0.6931471805599453,15.62594473104025,0,10,4,1,0,4
2025-10-28,2.68,Wipro,0.0037,-0.1819054592270157,0.0,0,Wipro market update,0.6931471805599453,15.550258837808446,1,10,4,0,0,4
2025-10-29,2.67,Wipro,-0.0037,1.157485204029021,0.0,0,Wipro market update,0.6931471805599453,16.0155756527638,2,10,4,0,0,4
2025-10-31,2.63,Wipro,-0.015,-1.1018989844217626,0.0,0,Wipro market update,0.6931471805599453,15.790202647249094,4,10,4,0,1,4
2025-11-03,2.61,Wipro,-0.0076,-0.8817787692701298,0.0,0,Wipro market update,0.6931471805599453,15.450460454529257,0,11,4,1,0,4
2025-11-04,2.58,Wipro,-0.0115,-0.34365471884463,0.0,1,Wipro market update,0.6931471805599453,15.314218230206881,1,11,4,0,0,4
2025-11-05,2.63,Wipro,0.0194,0.08360634698934107,0.0,0,Wipro market update,0.6931471805599453,15.339216492810003,2,11,4,0,0,4
2025-11-06,2.61,Wipro,-0.0076,0.015717041342316267,0.0,0,Wipro market update,0.6931471805599453,15.338257260331662,3,11,4,0,0,4
2025-11-07,2.6,Wipro,-0.0038,1.6959658143775218,0.0,1,Wipro market update,0.6931471805599453,16.048220354534692,4,11,4,0,1,4
2025-11-10,2.62,Wipro,0.0077,-1.6435144874185779,0.0,1,Wipro market update,0.6931471805599453,15.397001774015619,0,11,4,1,0,4
2025-11-11,2.67,Wipro,0.0191,-0.6341096730999801,0.0,0,Wipro market update,0.6931471805599453,15.151747965375572,1,11,4,0,0,4
2025-11-12,2.66,Wipro,-0.0037,-0.044486485117623126,0.0,0,Wipro market update,0.6931471805599453,15.12783566807745,2,11,4,0,0,4
2025-11-14,2.65,Wipro,-0.0038,-0.6952817401036147,-3.469446951953614e-18,0,Wipro market update,0.6931471805599453,15.35396812519332,4,11,4,0,1,4
2025-11-17,2.63,Wipro,-0.0075,1.3773210937992992,0.0,0,Wipro market update,0.6931471805599453,15.91698275774115,0,11,4,1,0,4
2025-11-19,2.69,Wipro,0.0228,-0.8196835967124741,0.0,0,Wipro market update,0.6931471805599453,15.706738368031765,2,11,4,0,0,4
2025-11-21,2.7,Wipro,0.0037,-0.9945620611377815,0.0,0,Wipro market update,0.6931471805599453,15.75259631491656,4,11,4,0,1,4
2025-11-26,2.69,Wipro,-0.0037,1.2222003138250521,0.0,1,Wipro market update,0.6931471805599453,16.09950399214375,2,11,4,0,0,4
2025-11-28,2.72,Wipro,0.0112,-2.0652843670493906,0.0,0,Wipro market update,0.6931471805599453,15.251785089201286,4,11,4,0,1,4
2025-12-02,2.73,Wipro,0.0037,-0.8071805212701669,0.0,1,Wipro market update,0.6931471805599453,15.012972512634226,1,12,4,0,0,4
2025-12-03,2.77,Wipro,0.0147,0.9468249989720859,0.0,1,Wipro market update,0.6931471805599453,15.387226042255325,2,12,4,0,0,4
2025-12-04,2.82,Wipro,0.0181,1.1968809891430818,0.0,1,Wipro market update,0.6931471805599453,15.869865162443007,3,12,4,0,0,4
2025-12-05,2.85,Wipro,0.0106,-0.5830728352590298,0.0,0,Wipro market update,0.6931471805599453,15.643794962563723,4,12,4,0,1,4
2025-12-08,2.83,Wipro,-0.007,-0.05098239910716239,0.0,1,Wipro market update,0.6931471805599453,15.617501011727875,0,12,4,1,0,4
2025-12-09,2.86,Wipro,0.0106,0.5937620310356873,0.0,1,Wipro market update,0.6931471805599453,15.84451383435182,1,12,4,0,0,4
2025-12-10,2.89,Wipro,0.0105,0.5644392935065652,0.0,0,Wipro market update,0.6931471805599453,16.059544609038348,2,12,4,0,0,4
2025-12-11,2.83,Wipro,-0.0208,0.10481483920105274,0.0,0,Wipro market update,0.6931471805599453,16.092736919059735,3,12,4,0,0,4
2025-12-12,2.78,Wipro,-0.0177,-0.14938244587264204,0.0,1,Wipro market update,0.6931471805599453,16.029220829743533,4,12,4,0,1,4
2025-12-15,2.82,Wipro,0.0144,-1.9416970707827277,0.0,0,Wipro market update,0.6931471805599453,15.241530552820514,0,12,4,1,0,4
2025-12-16,2.8,Wipro,-0.0071,0.42818731121713477,0.0,1,Wipro market update,0.6931471805599453,15.401577688804359,1,12,4,0,0,4
2025-12-17,2.85,Wipro,0.0179,1.1543294678638032,0.0,1,Wipro market update,0.6931471805599453,15.865471923061488,2,12,4,0,0,4
2025-12-18,2.86,Wipro,0.0035,-0.07634078753533151,0.0,1,Wipro market update,0.6931471805599453,15.829573358954265,3,12,4,0,0,4
2025-12-19,3.06,Wipro,0.0699,3.728995438273856,3.469446951953614e-18,0,Wipro market update,0.6931471805599453,17.667925820629186,4,12,4,0,1,4
2025-12-22,3.02,Wipro,-0.0131,-3.555433103040642,0.0,0,Wipro market update,0.6931471805599453,15.742776696838732,0,12,4,1,0,4
2025-12-23,2.97,Wipro,-0.0166,-0.859632606475262,0.0,0,Wipro market update,0.6931471805599453,15.411640511014037,1,12,4,0,0,4
2025-12-24,2.91,Wipro,-0.0202,-0.4128503801994182,0.0,1,Wipro market update,0.6931471805599453,15.249523318642847,2,12,4,0,0,4
2025-12-26,2.92,Wipro,0.0034,-2.929669100492769,0.0,0,Wipro market update,0.6931471805599453,13.892009455291364,4,12,4,0,1,4
2025-12-29,2.89,Wipro,-0.0103,1.9271084856018106,0.0,0,Wipro market update,0.6931471805599453,14.712700424249892,0,12,4,1,0,4
2025-12-30,2.86,Wipro,-0.0104,1.145116826565412,-3.469446951953614e-18,0,Wipro market update,0.6931471805599453,15.172608058833715,1,12,4,0,0,4
2025-12-31,2.84,Wipro,-0.007,-1.097656764287624,0.0,1,Wipro market update,0.6931471805599453,14.748580134421779,2,12,4,0,0,4
2026-01-02,2.92,Wipro,0.0282,1.499086856132436,0.0,0,Wipro market update,0.6931471805599453,15.36700172237526,4,1,1,0,1,4
2026-01-05,2.86,Wipro,-0.0205,0.3211225888352553,0.0,1,Wipro market update,0.6931471805599453,15.48451860702891,0,1,1,1,0,4
2026-01-06,2.9,Wipro,0.014,-0.6980427652858519,0.0,1,Wipro market update,0.6931471805599453,15.215066839773788,1,1,1,0,0,4
2026-01-07,2.93,Wipro,0.0103,-1.2869725622910353,0.0,0,Wipro market update,0.6931471805599453,14.714899658581265,2,1,1,0,0,4
2026-01-08,2.91,Wipro,-0.0068,1.8779264540494496,0.0,0,Wipro market update,0.6931471805599453,15.511713333672661,3,1,1,0,0,4
2026-01-09,2.87,Wipro,-0.0137,-0.29749593102348604,0.0,1,Wipro market update,0.6931471805599453,15.392652732162155,4,1,1,0,1,4
2026-01-12,2.91,Wipro,0.0139,-0.6894222642862735,0.0,0,Wipro market update,0.6931471805599453,15.126488794330989,0,1,1,1,0,4
2026-01-13,2.88,Wipro,-0.0103,1.4550481409364202,0.0,1,Wipro market update,0.6931471805599453,15.724756870840041,1,1,1,0,0,4
2026-01-14,3.03,Wipro,0.0521,2.4993977650282595,3.469446951953614e-18,0,Wipro market update,0.6931471805599453,16.83652556263737,2,1,1,0,0,4
2026-01-15,2.97,Wipro,-0.0198,-2.8577747853387843,0.0,0,Wipro market update,0.6931471805599453,15.529957104153025,3,1,1,0,0,4
2026-01-16,2.75,Wipro,-0.0741,2.071421862528861,0.0,0,Wipro market update,0.6931471805599453,16.4216978972575,4,1,1,0,1,4
2026-01-20,2.6,Wipro,-0.0545,-2.2084960458810348,0.0,0,Wipro market update,0.6931471805599453,15.501428099377968,1,1,1,0,0,4
2026-01-22,2.61,Wipro,0.0038,-1.1461290269863749,0.0,0,Wipro market update,0.6931471805599453,15.333074599715266,3,1,1,0,0,4
2026-01-23,2.58,Wipro,-0.0115,-0.27114363543424364,0.0,1,Wipro market update,0.6931471805599453,15.223933515685808,4,1,1,0,1,4
2026-01-26,2.61,Wipro,0.0116,-0.6334327286012031,0.0,0,Wipro market update,0.6931471805599453,14.97888040627927,0,1,1,1,0,4
2026-01-28,2.55,Wipro,-0.023,0.16663438418264548,0.0,0,Wipro market update,0.6931471805599453,16.10135642864204,2,1,1,0,0,4
2026-01-29,2.53,Wipro,-0.0078,-0.4075133752727321,0.0,0,Wipro market update,0.6931471805599453,15.941191513413981,3,1,1,0,0,4
2026-01-30,2.52,Wipro,-0.004,-0.3141042344680422,0.0,1,Wipro market update,0.6931471805599453,15.815976665980996,4,1,1,0,1,4
2026-02-02,2.69,Wipro,0.0675,1.6077848165094217,3.469446951953614e-18,0,Wipro market update,0.6931471805599453,16.484612078242385,0,2,1,1,0,4
2026-02-03,2.56,Wipro,-0.0483,0.4424053546412608,3.469446951953614e-18,0,Wipro market update,0.6931471805599453,16.650393155100865,1,2,1,0,0,4
2026-02-05,2.55,Wipro,-0.0039,-0.21925266945454056,0.0,0,Wipro market update,0.6931471805599453,16.371690887328946,3,2,1,0,0,4
2026-02-06,2.51,Wipro,-0.0157,-0.19660138682343695,0.0,0,Wipro market update,0.6931471805599453,16.290510043467417,4,2,1,0,1,4
2026-02-09,2.44,Wipro,-0.0279,-0.2453576152744505,0.0,1,Wipro market update,0.6931471805599453,16.19103946717397,0,2,1,1,0,4
2026-02-10,2.5,Wipro,0.0246,-0.6619887836006119,0.0,0,Wipro market update,0.6931471805599453,15.935254078979902,1,2,1,0,0,4
2026-02-11,2.39,Wipro,-0.044,1.2753809947717343,3.469446951953614e-18,0,Wipro market update,0.6931471805599453,16.452630368944806,2,2,1,0,0,4
2026-02-12,2.28,Wipro,-0.046,1.3784568531806252,0.0,1,Wipro market update,0.6931471805599453,17.016165424837673,3,2,1,0,0,4
2026-02-13,2.34,Wipro,0.0263,-1.6815584040402838,3.469446951953614e-18,0,Wipro market update,0.6931471805599453,16.348095722522373,4,2,1,0,1,4
2026-02-17,2.29,Wipro,-0.0214,-0.2421161740839156,0.0,1,Wipro market update,0.6931471805599453,16.249799211615315,1,2,1,0,0,4
2026-02-18,2.3,Wipro,0.0044,-0.8412216488025391,0.0,0,Wipro market update,0.6931471805599453,15.925772363190234,2,2,1,0,0,4
2026-02-19,2.24,Wipro,-0.0261,0.42200051805061106,0.0,1,Wipro market update,0.6931471805599453,16.083411137675768,3,2,1,0,0,4
2026-02-20,2.26,Wipro,0.0089,-1.5708691502629977,0.0,0,Wipro market update,0.6931471805599453,15.463938580041633,4,2,1,0,1,4
2026-02-23,2.19,Wipro,-0.031,2.030855259647422,0.0,0,Wipro market update,0.6931471805599453,16.335583317870128,0,2,1,1,0,4
2026-02-24,2.14,Wipro,-0.0228,0.17392530401976597,0.0,1,Wipro market update,0.6931471805599453,16.39544712101287,1,2,1,0,0,4
2026-02-25,2.2,Wipro,0.028,0.55190314952473,3.469446951953614e-18,1,Wipro market update,0.6931471805599453,16.60534969504168,2,2,1,0,0,4
2026-02-26,2.25,Wipro,0.0227,-0.46166510727330845,0.0,0,Wipro market update,0.6931471805599453,16.424955228887757,3,2,1,0,0,4
2026-02-27,2.22,Wipro,-0.0133,-0.450815276022879,0.0,0,Wipro market update,0.6931471805599453,16.248553663083637,4,2,1,0,1,4
2026-03-02,2.16,Wipro,-0.027,0.15882778283822074,0.0,1,Wipro market update,0.6931471805599453,16.302556667475294,0,3,1,1,0,4
2026-03-03,2.2,Wipro,0.0185,0.18601759993554756,3.469446951953614e-18,0,Wipro market update,0.6931471805599453,16.36716430381675,1,3,1,0,0,4
2026-03-05,2.22,Wipro,0.0091,0.7941319082389859,0.0,1,Wipro market update,0.6931471805599453,16.913194588955587,3,3,1,0,0,4
2026-03-06,2.32,Wipro,0.045,-0.43366774283519804,3.469446951953614e-18,0,Wipro market update,0.6931471805599453,16.743194210515046,4,3,1,0,1,4
2026-03-09,2.31,Wipro,-0.0043,0.40741521017518967,0.0,1,Wipro market update,0.6931471805599453,16.894935837968077,0,3,1,1,0,4
2026-03-10,2.55,Wipro,0.1039,1.7998174761754904,3.469446951953614e-18,0,Wipro market update,0.6931471805599453,17.654216376946785,1,3,1,0,0,4
2026-03-11,2.37,Wipro,-0.0706,-0.14174563188328454,3.469446951953614e-18,0,Wipro market update,0.6931471805599453,17.59361583329204,2,3,1,0,0,4
2026-03-12,2.3,Wipro,-0.0295,-1.8122693443236497,3.469446951953614e-18,0,Wipro market update,0.6931471805599453,16.86642211316749,3,3,1,0,0,4
2026-03-13,2.26,Wipro,-0.0174,-0.8358247875909752,0.0,0,Wipro market update,0.6931471805599453,16.544487003234742,4,3,1,0,1,4
2026-03-16,2.21,Wipro,-0.0221,0.7488590106640846,0.0,1,Wipro market update,0.6931471805599453,16.835364598280325,0,3,1,1,0,4
2026-03-17,2.22,Wipro,0.0045,-1.9777904781329287,0.0,0,Wipro market update,0.6931471805599453,16.03030225918391,1,3,1,0,0,4
2026-03-18,2.19,Wipro,-0.0135,1.4451306210525687,0.0,0,Wipro market update,0.6931471805599453,16.624063555086046,2,3,1,0,0,4
2026-03-20,2.15,Wipro,-0.0183,0.8545116738324324,0.0,1,Wipro market update,0.6931471805599453,16.515226189501057,4,3,1,0,1,4
2026-03-23,2.16,Wipro,0.0047,-0.5624939017485626,0.0,0,Wipro market update,0.6931471805599453,16.29696132640071,0,3,1,1,0,4
2026-03-24,2.1,Wipro,-0.0278,-0.8876102007037954,0.0,0,Wipro market update,0.6931471805599453,15.955082599402346,1,3,1,0,0,4
2026-03-25,2.09,Wipro,-0.0048,0.34194471252823944,3.469446951953614e-18,0,Wipro market update,0.6931471805599453,16.080798790014043,2,3,1,0,0,4
2026-03-27,2.08,Wipro,-0.0048,1.5753302692109794,0.0,0,Wipro market update,0.6931471805599453,16.181380355145826,4,3,1,0,1,4
2026-03-30,2.07,Wipro,-0.0048,0.1727120092226365,0.0,1,Wipro market update,0.6931471805599453,16.240764597754254,0,3,1,1,0,4
2026-03-31,2.12,Wipro,0.0242,-0.03801031287360682,0.0,0,Wipro market update,0.6931471805599453,16.219315696688653,1,3,1,0,0,4
2026-04-01,2.11,Wipro,-0.0047,-0.32533696750344715,0.0,1,Wipro market update,0.6931471805599453,16.089850588382795,2,4,2,0,0,4
2026-04-02,2.16,Wipro,0.0237,0.17610736654643533,0.0,1,Wipro market update,0.6931471805599453,16.150524214986824,3,4,2,0,0,4
2026-04-06,2.19,Wipro,0.0139,-0.5860715834255207,0.0,1,Wipro market update,0.6931471805599453,15.923418193446695,0,4,2,1,0,4
2026-04-07,2.25,Wipro,0.0274,1.001317368918806,0.0,0,Wipro market update,0.6931471805599453,16.320954940609138,1,4,2,0,0,4
2026-04-09,2.26,Wipro,0.0044,1.7877367479478747,0.0,0,Wipro market update,0.6931471805599453,16.38829078932557,3,4,2,0,0,4
2026-04-10,2.17,Wipro,-0.0398,-0.5328667746315227,3.469446951953614e-18,1,Wipro market update,0.6931471805599453,16.181192602283243,4,4,2,0,1,4
2026-04-13,2.24,Wipro,0.0323,0.8154048429843838,0.0,0,Wipro market update,0.6931471805599453,16.499834914005753,0,4,2,1,0,4
2026-04-14,2.21,Wipro,-0.0134,-0.8549305686778409,0.0,1,Wipro market update,0.6931471805599453,16.170564848700444,1,4,2,0,0,4
2026-04-15,2.27,Wipro,0.0271,0.10230177035676231,0.0,0,Wipro market update,0.6931471805599453,16.20273096567975,2,4,2,0,0,4
2026-04-16,2.16,Wipro,-0.0485,1.596741624988368,3.469446951953614e-18,1,Wipro market update,0.6931471805599453,16.866232832159824,3,4,2,0,0,4
2026-04-17,2.19,Wipro,0.0139,-2.407427116779284,0.0,0,Wipro market update,0.6931471805599453,15.83877862706082,4,4,2,0,1,4
2026-04-20,2.14,Wipro,-0.0228,0.030626173202770838,0.0,0,Wipro market update,0.6931471805599453,15.843474709364582,0,4,2,1,0,4
2026-04-21,2.13,Wipro,-0.0047,1.4954410284961672,0.0,0,Wipro market update,0.6931471805599453,16.460251775071566,1,4,2,0,0,4
2026-04-22,2.11,Wipro,-0.0094,-0.1290736852834501,0.0,0,Wipro market update,0.6931471805599453,16.40446944298435,2,4,2,0,0,4
2026-04-23,2.03,Wipro,-0.0379,1.4158888619166425,0.0,1,Wipro market update,0.6931471805599453,16.984977669400884,3,4,2,0,0,4
2026-04-24,2.04,Wipro,0.0049,-2.393964206499487,0.0,1,Wipro market update,0.6931471805599453,15.964874655507254,4,4,2,0,1,4
2026-04-27,2.05,Wipro,0.0049,-0.2239253027753187,0.0,0,Wipro market update,0.6931471805599453,15.873422108814184,0,4,2,1,0,4
2026-04-28,2.03,Wipro,-0.0098,-0.09396444960514638,0.0,0,Wipro market update,0.6931471805599453,15.830800303718704,1,4,2,0,0,4
2026-04-29,2.02,Wipro,-0.0049,0.05523231377691981,0.0,1,Wipro market update,0.6931471805599453,15.844908156071662,2,4,2,0,0,4
2026-04-30,2.04,Wipro,0.0099,0.11158439063495737,0.0,0,Wipro market update,0.6931471805599453,15.880701160668378,3,4,2,0,0,4
2026-05-01,2.03,Wipro,-0.0049,-2.0960154166044274,0.0,0,Wipro market update,0.6931471805599453,15.017672022804883,4,5,2,0,1,4
2026-05-04,1.99,Wipro,-0.0197,2.04943368668028,0.0,0,Wipro market update,0.6931471805599453,15.898495937825286,0,5,2,1,0,4
2026-05-06,2.0,Wipro,0.005,0.43562775357284356,0.0,0,Wipro market update,0.6931471805599453,15.757326766842208,2,5,2,0,0,4
2026-05-07,1.98,Wipro,-0.01,1.839252628024548,0.0,0,Wipro market update,0.6931471805599453,16.535489395807907,3,5,2,0,0,4
2026-05-08,1.95,Wipro,-0.0152,-0.09811539951897565,0.0,0,Wipro market update,0.6931471805599453,16.491354390445427,4,5,2,0,1,4
2026-05-11,1.9,Wipro,-0.0256,-0.1355417043614091,0.0,0,Wipro market update,0.6931471805599453,16.43303784201228,0,5,2,1,0,4
2026-05-12,1.86,Wipro,-0.0211,-0.2571803498922125,0.0,0,Wipro market update,0.6931471805599453,16.329069531304963,1,5,2,0,0,4
2026-05-13,1.82,Wipro,-0.0215,1.32463487388477,0.0,1,Wipro market update,0.6931471805599453,16.868397959241705,2,5,2,0,0,4
2026-05-14,1.85,Wipro,0.0165,-0.05288076138642493,0.0,1,Wipro market update,0.6931471805599453,16.84135007557111,3,5,2,0,0,4
2026-05-15,1.89,Wipro,0.0216,-1.2865691858401012,3.469446951953614e-18,1,Wipro market update,0.6931471805599453,16.341271281757976,4,5,2,0,1,4
2026-05-18,1.94,Wipro,0.0265,0.2531000114348829,0.0,0,Wipro market update,0.6931471805599453,16.432030167610854,0,5,2,1,0,4
2026-05-19,1.93,Wipro,-0.0052,-1.0604427520523583,0.0,1,Wipro market update,0.6931471805599453,16.022762580892014,1,5,2,0,0,4
2026-05-20,1.97,Wipro,0.0207,-0.42323972514468683,0.0,1,Wipro market update,0.6931471805599453,15.856744003621003,2,5,2,0,0,4
2026-05-21,1.98,Wipro,0.0051,-0.19053916556183492,0.0,1,Wipro market update,0.6931471805599453,15.77780025536953,3,5,2,0,0,4
2026-05-22,2.01,Wipro,0.0152,-0.011238453808779659,0.0,1,Wipro market update,0.6931471805599453,15.766550526965784,4,5,2,0,1,4
2026-05-26,2.06,Wipro,0.0249,0.9772138609033427,0.0,0,Wipro market update,0.6931471805599453,16.15378137338769,1,5,2,0,0,4
2026-05-27,2.05,Wipro,-0.0049,0.37594144792015355,0.0,1,Wipro market update,0.6931471805599453,16.292989775878073,2,5,2,0,0,4
2026-05-28,2.43,Wipro,0.1854,1.7547707261075043,3.469446951953614e-18,0,Wipro market update,0.6931471805599453,17.030759854922103,3,5,2,0,0,4
2026-05-29,2.36,Wipro,-0.0288,-0.3295997614863377,3.469446951953614e-18,1,Wipro market update,0.6931471805599453,16.899784749132802,4,5,2,0,1,4
2026-06-01,2.41,Wipro,0.0212,-0.2911826232459957,3.469446951953614e-18,0,Wipro market update,0.6931471805599453,16.783177714673055,0,6,2,1,0,4
2026-06-02,2.21,Wipro,-0.083,-1.2974735417556167,3.469446951953614e-18,0,Wipro market update,0.6931471805599453,16.278614666961595,1,6,2,0,0,4
2026-06-03,2.13,Wipro,-0.0362,-2.053508559877486,0.0,0,Wipro market update,0.6931471805599453,15.436679590941576,2,6,2,0,0,4
2026-06-04,2.07,Wipro,-0.0282,1.375426481242761,3.469446951953614e-18,1,Wipro market update,0.6931471805599453,15.99887294196943,3,6,2,0,0,4
2026-06-05,2.1,Wipro,0.0145,-0.5025568968877434,3.469446951953614e-18,1,Wipro ( NYSE : WIT ) Shares Gap Down – Time to Sell ? ,0.6931471805599453,15.803056221970916,4,6,2,0,1,4
2026-06-08,2.18,Wipro,0.0381,1.6754962585642879,3.469446951953614e-18,0,Wipro ( NYSE : WIT ) Shares Gap Down – Time to Sell ? ,0.6931471805599453,16.503358119776173,0,6,2,1,0,4
2026-06-09,2.16,Wipro,-0.0092,-0.8372631453541921,3.469446951953614e-18,0,"Ahead of Market : 10 things that will decide stock market action on Wednesday | Wipro shares hit fresh 52 week low ahead of buyback opening ; buy , add or wait ?  | IndiGo shares gain 2 % after analyst meet . Why Goldman , Morgan Stanley , others see up to 38 % upside ?  | RVNL shares jump 3 % after securing Rs 221 crore Railway contract",1.6094379124341003,16.18077002941107,1,6,2,0,0,4
2026-06-10,2.1,Wipro,-0.0278,-1.708405787984605,3.469446951953614e-18,1,"Secondaries Edge : Secondaries Boom Faces Quality Squeeze as New Liquidity Machines Multiply | Will AI - led tech unwinding pause Rs 60 , 000 crore FII selloff in Indian IT stocks ?  | Wipro ₹15 , 000 crore buyback opens tomorrow : Should you tender your shares ? Key details explained | Sensex up over 500 pts , Nifty nears 23 , 400 : Reliance , FMCG stocks among key factors driving gains despite Iran tensions | Four IT stocks in India with strong growth plans",1.791759469228055,15.50072380886684,2,6,2,0,0,4
2026-06-11,2.15,Wipro,0.0238,1.2775228481728087,3.469446951953614e-18,1,"Stock Market Highlights , June 11 : Sensex , Nifty end lower as West Asia tensions weigh ; IT stocks extend losing streak | IT Stocks Crash Today : TCS , Infosys , Wipro चे शेअर्स नीचांकी पातळीवर ; ५ मोठी कारणे !  | Wipro Buyback 2026 : Wipro Rs 15 , 000 crore buyback opens - what it means for retail investors | Taking Stock : Nifty ends near 23 , 150 in volatile trade ; pharma , private banks rally | Wipro Rs 15 , 000 Crore Buyback Opens Today : Check Eligibility , Tender Process , Key Dates And Potential Gains | Global Tech Stocks Sell - Off ; अखेर बुल रनचा फुगा फुटला ... Share Market मध्ये त्सुनामीचे संकेत ; IT कंपन्यांना आली उपरती , गुंतवणूकदारांचा हिरमोड | Sensex Drops 450 Points In Early Trade , Nifty Slips Below 23 , 100 As Oil Prices Surge On West Asia Tensions | Momentum Stocks : HCLTech , LTIMindtree , Zensar Tech , RVNL , Kalyan Jewellers hit 52 - week low | Wipro Rs 15 , 000 crore buyback opens today : Analysts expect 7 - 8 % returns for retail investors . Here how | Daily Voice : AI stocks in a late - cycle momentum trade , not headed for a structural collapse ; Rishabh Nahar warns against complacency at current valuations",2.3978952727983707,16.019037566525565,3,6,2,0,0,4
2026-06-12,2.2,Wipro,0.0233,-1.1656809800893637,3.469446951953614e-18,1,Cognizant dropped from Nasdaq - 100 Index for the first time in over two decades | Nifty in control of FIIs ? The unlucky 13 bluechips facing the hardest institutional selloff,1.0986122886681098,15.56788814105138,4,6,2,0,1,4
2026-06-15,2.3,Wipro,0.0455,2.204862628497599,3.469446951953614e-18,1,Wipro announces center of excellence in Bengaluru for Claude models,0.6931471805599453,16.526715843216447,0,6,2,1,0,4
2026-06-16,2.37,Wipro,0.0304,-0.3271630338009921,3.469446951953614e-18,1,Wipro announces center of excellence in Bengaluru for Claude models,0.6931471805599453,16.396568018975465,1,6,2,0,0,4
2026-06-17,2.48,Wipro,0.0464,0.4385958935492977,3.469446951953614e-18,0,"FinancialContent - Kyndryl and Everforth Shares Plummet , What You Need To Know | FinancialContent - EPAM , Gartner , and Accenture Shares Plummet , What You Need To Know | International Markets Wrap | Dow Opens Higher as Kevin Warsh Leads First Fed Meeting | Guardian Wealth Advisors LLC NC Purchases 8 , 857 Shares of ServiceNow , Inc . $NOW | Guardian Wealth Advisors LLC NC Has $1 . 70 Million Stock Position in ServiceNow , Inc . $NOW | Markets : Four - Day Winning Streak : Sensex Gains 347 Pts , but Stalled Monsoon Caps Upside – The Indian Awaaz | लगातार चौथे दिन बाजार में रौनक : सेंसेक्स 347 अंक उछला , लेकिन कम बारिश ने बढ़ाई चिंता – The Indian Awaaz | Barbara Oil Co . Acquires 5 , 060 Shares of ServiceNow , Inc . $NOW | Vedanta Iron and Steel shares rally 16 % in 3 days as Azim Premji - backed fund buys shares worth Rs 102 crore | Wipro Rs 15 , 000 crore buyback closes today : Should retail investors participate ? Analysts weigh in | Nifty IT rises 4 . 3 % in three sessions to cross 29 , 000 : Infosys , Tech Mahindra , Wipro & TCS lead gains | Sensex Up 272 Points , Nifty Continues Bull Run As Crude Slips Below $80 Per Barrel After Peace Agreement | Stocks to watch : GIC , Wipro , Prime Focus among shares in focus today ; check list here | Stocks in news : Prime Focus , Groww , GIC RE , Wipro , Nykaa",2.70805020110221,16.560811648775438,2,6,2,0,0,4
2026-06-18,2.39,Wipro,-0.0363,1.5518191135857633,3.469446951953614e-18,0,"AI jitters trigger another sell - off in IT stocks | Wipro ( NYSE : WIT ) Stock Price Down 6 . 2 % – Time to Sell ?  | Infosys , Wipro ADRs slide after Accenture weak outlook sparks fresh concerns over IT demand | Stock market today : Which are the top gainers and losers in BSE Sensex and Nifty50 today ? Check list | निफ्टी में जल्द हासिल हो सकते हैं 24250 - 24400 के टारगेट , इस शेयर में दिख रहा दमदार कमाई का मौका | Sensex down 300 pts from day high , Nifty below 24 , 050 : 5 key reasons behind markets turning red",1.9459101490553132,17.20352816673426,3,6,2,0,0,4
2026-06-22,2.24,Wipro,-0.0628,-2.2327068449087637,3.469446951953614e-18,1,"FinancialContent - Why Accenture ( ACN ) Stock Is Down Today | Stock Market Highlights , June 22 : Sensex gains 291 pts , Nifty closes above 24 , 100 ; most sectors end higher | Stocks To Watch Today On June 22 : Reliance , Tata Motors , Sun Pharma , Bharat Forge , Voltas Among Stocks in Focus",1.3862943611198906,16.270670890430875,0,6,2,1,0,4
2026-06-23,2.29,Wipro,0.0223,0.7449006623714878,3.469446951953614e-18,0,"Ahead of Market : 10 things that will decide stock market action on Wednesday | Nifty , Sensex , Borader Market Slump on Global Selloff : Tuesday Market Report | लगातार तेजी के बाद फिसला बाजार , सेंसेक्स 893 अंक गिरा ; आईटी , मेटल और पीएसयू बैंक के शेयरों में भारी गिरावट | sensex - falls - 893 - points - it - metal - psu - bank - stocks - decline | शेयर बाजार में भारी गिरावट : सेंसेक्स 500 अंक फिसला , निफ्टी 24 , 000 के नीचे ; जानिए गिरावट की 3 बड़ी वजह | Top Gainers & Losers on June 23 : Vedanta , Hindustan Zinc , Infosys , TCS , Bank of Baroda among top losers | Sensex tumbles 900 points , Nifty closes below 23 , 900 amid sell - off in IT stocks | Markets | Taking Stock : Nifty slips below 23 , 850 , Sensex sheds 893 pts ; pharma outperforms | Why Accenture ( ACN ) Stock Is Down Today",2.1972245773362196,16.55991203881775,1,6,2,0,0,4
2026-06-24,2.19,Wipro,-0.0437,1.5206810748396096,3.469446951953614e-18,0,"Research Analyst Updated EPS Estimates for June 24th ( ALTG , APGE , BAESY , BARC , BNZL , BRBY , CBRS , CLYM , COUR , DGE )  | Research Analyst Updated EPS Estimates for June 24th ( ALTG , APGE , BAESY , BARC , BNZL , BRBY , CBRS , CLYM , COUR , DGE )  | Vodafone Idea , Roto Pumps , YES Bank among most traded stocks on NSE today , 24 June 2026 | Bajaj Auto share buyback : Stock turns ex date , falls 2 %; tender period , retail quota , entitlement ratio | Nifty , Sensex , Broader Market Slump on Global Selloff : Tuesday Market Report",1.791759469228055,17.188246769100065,2,6,2,0,0,4
2026-06-26,2.27,Wipro,0.0365,-1.6574739689565339,3.469446951953614e-18,0,Wipro Rs 1 crore - plus club shrinks to 101 in FY26 amid aggressive cost optimization,0.6931471805599453,15.831386571661804,4,6,2,0,1,4
2026-06-29,2.17,Wipro,-0.0441,0.19995281372489518,3.469446951953614e-18,1,"Stock Market Highlights , Jun 29 : Sensex falls 372 pts to settle at 76 , 728 , Nifty closes below 24 , 000 ; Kotak Bank , M & M top losers",0.6931471805599453,15.901406351079732,0,6,2,1,0,4
2026-06-30,2.25,Wipro,0.0369,1.2493341329291603,3.469446951953614e-18,0,"Stock Market Highlights , Jun 29 : Sensex falls 372 pts to settle at 76 , 728 , Nifty closes below 24 , 000 ; Kotak Bank , M & M top losers",0.6931471805599453,16.407184308705023,1,6,2,0,0,4
2026-07-01,1.87,Wipro,-0.1689,2.229284133176796,3.469446951953614e-18,1,"Stock Market Highlights , Jun 29 : Sensex falls 372 pts to settle at 76 , 728 , Nifty closes below 24 , 000 ; Kotak Bank , M & M top losers",0.6931471805599453,17.378415735244047,2,7,3,0,0,4
2026-07-02,1.89,Wipro,0.0107,-2.189679603209133,3.469446951953614e-18,0,"Stock Market Highlights , Jun 29 : Sensex falls 372 pts to settle at 76 , 728 , Nifty closes below 24 , 000 ; Kotak Bank , M & M top losers",0.6931471805599453,16.467928309761973,3,7,3,0,0,4
2026-07-06,1.84,Wipro,-0.0265,0.7846369497804438,0.0,1,"Indian equities open higher amid monsoon revival , FII inflows | Navi eyes Rs 3 , 000 - crore IPO ; inside IT CEO pay",1.0986122886681098,16.773701958642924,0,7,3,1,0,4
2026-07-07,1.85,Wipro,0.0054,-1.0501463600456373,0.0,0,"TCS , Infosys and other Indian IT stocks rise up to 4 % after AI worries trigger Kospi selloff | Vedanta Iron and Steel , Vedanta Aluminium , 2 other stocks drop up to 5 %. What spooking investors ?  | IT stocks are beginning to offer bank FD - like dividend yields . But is that a trap for investors ? ",1.3862943611198906,16.368449695996613,1,7,3,0,0,4
2026-07-08,1.83,Wipro,-0.0108,-0.7787700288164472,0.0,1,"पश्चिम एशिया तनाव का असर , शेयर बाजार में गिरावट , सेंसेक्स और निफ्टी भी दबाव में | Google Cloud big India AI bet ; Swiggy crosses key ownership threshold",1.0986122886681098,16.06825403921157,2,7,3,0,0,4
2026-07-09,1.85,Wipro,0.0109,-1.0436773168095392,0.0,1,How to trade TCS shares before Q1 results ? Key levels and 5 things to watch out for | TCS shares dip 2 % ahead of Q1 earnings today . What can shareholders expect ? ,1.0986122886681098,15.6655705385905,3,7,3,0,0,4
2026-07-10,1.87,Wipro,0.0108,2.331755332550603,0.0,0,"Global stocks rise on Friday , ending the week on a quiet note | Closing Bell : Sensex Surges Over 825 Points , Nifty Reclaims 24 , 200 as TCS - Led IT Rally , Lower Crude Prices and Positive Global Cues Lift Markets | TCS shares close 1 % higher after Q1 earnings beat ; valuation zooms ₹7 , 706 cr | Why Are IT Stocks Rising Today ? TCS Earnings , Global Tech Rally Lift Sensex , Nifty | शुरुआती कारोबार में शेयर बाजार में तेजी , सेंसेक्स और निफ्टी में जोरदार उछाल | AI , Iran war risks weigh on Indian IT firm earnings outlook",1.9459101490553132,16.68943112289568,4,7,3,0,1,4
2023-01-03,1161.91,Reliance,-0.0073,0.9254075813931361,0.0,0,Reliance market update,0.6931471805599453,15.851383236975154,1,1,1,0,0,3
2023-01-04,1144.42,Reliance,-0.0151,0.5035787604686895,0.0,0,Reliance market update,0.6931471805599453,16.041742760860856,2,1,1,0,0,3
2023-01-05,1142.37,Reliance,-0.0018,0.9756271598887609,0.0,1,Reliance market update,0.6931471805599453,16.428304577804212,3,1,1,0,0,3
2023-01-06,1152.76,Reliance,0.0091,-1.8925677835102632,0.0,1,Reliance market update,0.6931471805599453,15.663902061778282,4,1,1,0,1,3
2023-01-09,1179.97,Reliance,0.0236,1.2901857677391764,0.0,0,Reliance market update,0.6931471805599453,16.187878583598085,0,1,1,1,0,3
2023-01-10,1162.53,Reliance,-0.0148,-0.7442851193167315,0.0,0,Reliance market update,0.6931471805599453,15.900827679568113,1,1,1,0,0,3
2023-01-11,1147.87,Reliance,-0.0126,0.9083530318307714,0.0,0,Reliance market update,0.6931471805599453,16.25868803103332,2,1,1,0,0,3
2023-01-12,1123.08,Reliance,-0.0216,1.0759472087400472,0.0,0,Reliance market update,0.6931471805599453,16.688440759042372,3,1,1,0,0,3
2023-01-13,1121.27,Reliance,-0.0016,0.4110718891276807,0.0,0,Reliance market update,0.6931471805599453,16.841703363002097,4,1,1,0,1,3
2023-01-16,1110.59,Reliance,-0.0095,-1.0730639675918525,0.0,1,Reliance market update,0.6931471805599453,16.427332931685715,0,1,1,1,0,3
2023-01-17,1126.36,Reliance,0.0142,-0.6118466911196395,0.0,0,Reliance market update,0.6931471805599453,16.190509424481963,1,1,1,0,0,3
2023-01-18,1124.49,Reliance,-0.0017,0.5861307888580346,0.0,0,Reliance market update,0.6931471805599453,16.414362295306276,2,1,1,0,0,3
2023-01-19,1123.29,Reliance,-0.0011,-0.29749593102348604,0.0,0,Reliance market update,0.6931471805599453,16.29540927228328,3,1,1,0,0,3
2023-01-20,1109.93,Reliance,-0.0119,0.5851501909015836,0.0,0,Reliance market update,0.6931471805599453,16.51890239237147,4,1,1,0,1,3
2023-01-23,1104.32,Reliance,-0.0051,-0.8036164342295804,0.0,0,Reliance market update,0.6931471805599453,16.209226107878262,0,1,1,1,0,3
2023-01-24,1097.8,Reliance,-0.0059,1.027878765908453,0.0,0,Reliance market update,0.6931471805599453,16.618189252029666,1,1,1,0,0,3
2023-01-25,1082.62,Reliance,-0.0138,-0.7421851551415845,0.0,0,Reliance market update,0.6931471805599453,16.33199815501827,2,1,1,0,0,3
2023-01-27,1062.08,Reliance,-0.019,1.7491263878674737,0.0,1,Reliance market update,0.6931471805599453,17.06708494987888,4,1,1,0,1,3
2023-01-30,1072.26,Reliance,0.0096,-0.43620157483100236,0.0,0,Reliance market update,0.6931471805599453,16.89614007530233,0,1,1,1,0,3
2023-01-31,1069.58,Reliance,-0.0025,0.1260492844758621,0.0,0,Reliance market update,0.6931471805599453,16.93750514956969,1,1,1,0,0,3
2023-02-01,1063.24,Reliance,-0.0059,-0.4056321738746688,0.0,0,Reliance market update,0.6931471805599453,16.778089327571312,2,2,1,0,0,3
2023-02-02,1057.36,Reliance,-0.0055,-0.9029624392772053,0.0,1,Reliance market update,0.6931471805599453,16.43017741505454,3,2,1,0,0,3
2023-02-03,1058.29,Reliance,0.0009,1.4414876828957515,0.0,0,Reliance market update,0.6931471805599453,17.022296635458964,4,2,1,0,1,3
2023-02-06,1050.31,Reliance,-0.0075,-1.3100271589162036,-3.469446951953614e-18,0,Reliance market update,0.6931471805599453,16.5126939283556,0,2,1,1,0,3
2023-02-07,1047.79,Reliance,-0.0024,0.07036391189785704,0.0,1,Reliance market update,0.6931471805599453,16.532549307423096,1,2,1,0,0,3
2023-02-08,1068.72,Reliance,0.02,0.8545116738324324,0.0,1,Reliance market update,0.6931471805599453,16.86763890207062,2,2,1,0,0,3
2023-02-09,1070.58,Reliance,0.0017,-1.2225123801252644,0.0,0,Reliance market update,0.6931471805599453,16.3936619226184,3,2,1,0,0,3
2023-02-10,1061.76,Reliance,-0.0082,-0.5126258091705667,0.0,0,Reliance market update,0.6931471805599453,16.194171670949114,4,2,1,0,1,3
2023-02-13,1055.72,Reliance,-0.0057,-0.09092534669985629,0.0,1,Reliance market update,0.6931471805599453,16.152738014831538,0,2,1,1,0,3
2023-02-14,1080.6,Reliance,0.0236,0.829393829115185,0.0,1,Reliance market update,0.6931471805599453,16.477301858544422,1,2,1,0,0,3
2023-02-15,1105.07,Reliance,0.0226,1.9866829871339657,0.0,0,Reliance market update,0.6931471805599453,17.327163214927822,2,2,1,0,0,3
2023-02-16,1104.2,Reliance,-0.0008,-1.670158598641203,0.0,1,Reliance market update,0.6931471805599453,16.66416223299436,3,2,1,0,0,3
2023-02-17,1108.82,Reliance,0.0042,-0.9851884883347252,0.0,0,Reliance market update,0.6931471805599453,16.28441662850258,4,2,1,0,1,3
2023-02-20,1097.09,Reliance,-0.0106,-0.75199619241204,0.0,1,Reliance market update,0.6931471805599453,15.99445099451989,0,2,1,1,0,3
2023-02-21,1106.04,Reliance,0.0082,1.029573974555435,0.0,0,Reliance market update,0.6931471805599453,16.404145867657466,1,2,1,0,0,3
2023-02-22,1080.96,Reliance,-0.0227,-0.483166220963765,0.0,0,Reliance market update,0.6931471805599453,16.21561575072611,2,2,1,0,0,3
2023-02-23,1075.78,Reliance,-0.0048,-0.27979789814104794,0.0,1,Reliance market update,0.6931471805599453,16.10317600448302,3,2,1,0,0,3
2023-02-24,1083.14,Reliance,0.0068,-0.09590059466585346,0.0,0,Reliance market update,0.6931471805599453,16.059836466787065,4,2,1,0,1,3
2023-02-27,1075.94,Reliance,-0.0066,0.45693872245136025,0.0,0,Reliance market update,0.6931471805599453,16.231398978800968,0,2,1,1,0,3
2023-02-28,1055.36,Reliance,-0.0191,1.6211584502846246,0.0,1,Reliance market update,0.6931471805599453,16.90628202006232,1,2,1,0,0,3
2023-03-01,1065.06,Reliance,0.0092,-1.6269884679540796,0.0,0,Reliance market update,0.6931471805599453,16.26229521078924,2,3,1,0,0,3
2023-03-02,1056.95,Reliance,-0.0076,-0.548961074277646,0.0,1,Reliance market update,0.6931471805599453,16.04912449352133,3,3,1,0,0,3
2023-03-03,1083.92,Reliance,0.0255,1.1233340494493067,0.0,1,Reliance market update,0.6931471805599453,16.4995281419645,4,3,1,0,1,3
2023-03-06,1094.5,Reliance,0.0098,-0.945700858148856,0.0,1,Reliance market update,0.6931471805599453,16.135141245836905,0,3,1,1,0,3
2023-03-08,1098.43,Reliance,0.0036,1.0978730484586101,0.0,0,Reliance market update,0.6931471805599453,16.57442230026204,2,3,1,0,0,3
2023-03-09,1072.03,Reliance,-0.024,0.09221781413513737,0.0,0,Reliance market update,0.6931471805599453,16.602687909283635,3,3,1,0,0,3
2023-03-10,1055.42,Reliance,-0.0155,-0.5054765902098862,0.0,0,Reliance market update,0.6931471805599453,16.405834621791357,4,3,1,0,1,3
2023-03-13,1038.07,Reliance,-0.0164,-0.09534723807581483,0.0,0,Reliance market update,0.6931471805599453,16.36273396572591,0,3,1,1,0,3
2023-03-14,1034.18,Reliance,-0.0037,0.5939572989235692,0.0,0,Reliance market update,0.6931471805599453,16.589817989876057,1,3,1,0,0,3
2023-03-15,1016.51,Reliance,-0.0171,0.7811078493195087,0.0,0,Reliance market update,0.6931471805599453,16.894137898114785,2,3,1,0,0,3
2023-03-16,1011.44,Reliance,-0.005,-0.4292390100961169,0.0,0,Reliance market update,0.6931471805599453,16.725857041636587,3,3,1,0,0,3
2023-03-17,1010.17,Reliance,-0.0013,1.494734469791217,0.0,0,Reliance market update,0.6931471805599453,17.34228905404172,4,3,1,0,1,3
2023-03-20,1000.24,Reliance,-0.0098,-1.41964947954513,0.0,1,Reliance market update,0.6931471805599453,16.787185254749957,0,3,1,1,0,3
2023-03-21,1031.34,Reliance,0.0311,0.25566191041413294,0.0,1,Reliance market update,0.6931471805599453,16.878918349008675,1,3,1,0,0,3
2023-03-22,1034.48,Reliance,0.003,-1.6921042886792366,0.0,0,Reliance market update,0.6931471805599453,16.20611522787689,2,3,1,0,0,3
2023-03-23,1021.39,Reliance,-0.0127,1.0010043681591565,0.0,0,Reliance market update,0.6931471805599453,16.60356475829855,3,3,1,0,0,3
2023-03-24,1001.17,Reliance,-0.0198,-0.7056475508908291,0.0,1,Reliance market update,0.6931471805599453,16.331265307941745,4,3,1,0,1,3
2023-03-27,1016.73,Reliance,0.0155,0.3455046663772503,0.0,1,Reliance market update,0.6931471805599453,16.458440664403366,0,3,1,1,0,3
2023-03-28,1021.48,Reliance,0.0047,-0.27651177538667204,0.0,0,Reliance market update,0.6931471805599453,16.347334587609364,1,3,1,0,0,3
2023-03-29,1015.44,Reliance,-0.0059,1.0122381167727383,0.0,1,Reliance market update,0.6931471805599453,16.74958368101151,2,3,1,0,0,3
2023-03-31,1059.22,Reliance,0.0431,1.0167430008999485,0.0,1,Reliance market update,0.6931471805599453,17.153810808448807,4,3,1,0,1,3
2023-04-03,1059.4,Reliance,0.0002,-2.370101129057554,0.0,0,Reliance market update,0.6931471805599453,16.14697888524939,0,4,2,1,0,3
2023-04-05,1056.86,Reliance,-0.0024,1.1394791437962246,0.0,1,Reliance market update,0.6931471805599453,16.604398781162878,2,4,2,0,0,3
2023-04-06,1063.94,Reliance,0.0067,0.34105370514150346,0.0,0,Reliance market update,0.6931471805599453,16.72976413914537,3,4,2,0,0,3
2023-04-10,1056.4,Reliance,-0.0071,-0.9143354362665069,0.0,1,Reliance market update,0.6931471805599453,16.37748696211471,0,4,2,1,0,3
2023-04-11,1061.63,Reliance,0.0049,-0.5312293369224533,-3.469446951953614e-18,1,Reliance market update,0.6931471805599453,16.17091274377512,1,4,2,0,0,3
2023-04-12,1066.31,Reliance,0.0044,1.336957591531916,0.0,1,Reliance market update,0.6931471805599453,16.715782480438797,2,4,2,0,0,3
2023-04-13,1070.33,Reliance,0.0038,-0.9968151554987184,0.0,1,Reliance market update,0.6931471805599453,16.331448145934502,3,4,2,0,0,3
2023-04-17,1075.76,Reliance,0.0051,0.9380939578904508,0.0,0,Reliance market update,0.6931471805599453,16.701956843487586,0,4,2,1,0,3
2023-04-18,1063.44,Reliance,-0.0114,-1.3931277611236594,0.0,1,Reliance market update,0.6931471805599453,16.157852470380952,1,4,2,0,0,3
2023-04-19,1068.74,Reliance,0.005,0.4407131925453192,0.0,0,Reliance market update,0.6931471805599453,16.322951069150864,2,4,2,0,0,3
2023-04-20,1066.03,Reliance,-0.0025,-1.4325516360887807,0.0,1,Reliance market update,0.6931471805599453,15.76246744471278,3,4,2,0,0,3
2023-04-21,1067.38,Reliance,0.0013,0.24445813566074157,0.0,1,Reliance market update,0.6931471805599453,15.849865556097,4,4,2,0,1,3
2023-04-24,1071.47,Reliance,0.0038,1.294032879112616,0.0,1,Reliance market update,0.6931471805599453,16.37553913591691,0,4,2,1,0,3
2023-04-25,1079.67,Reliance,0.0077,-0.8745026930342521,0.0,0,Reliance market update,0.6931471805599453,16.038633199903344,1,4,2,0,0,3
2023-04-26,1073.33,Reliance,-0.0059,-0.16473186687336794,0.0,1,Reliance market update,0.6931471805599453,15.96934445100109,2,4,2,0,0,3
2023-04-27,1080.12,Reliance,0.0063,0.17877107595508515,0.0,1,Reliance market update,0.6931471805599453,16.03113438180418,3,4,2,0,0,3
2023-04-28,1099.86,Reliance,0.0183,1.302360972196726,0.0,1,Reliance market update,0.6931471805599453,16.560548917821215,4,4,2,0,1,3
2023-05-02,1109.2,Reliance,0.0085,-0.4645440129833663,-3.469446951953614e-18,0,Reliance market update,0.6931471805599453,16.3790593966956,1,5,2,0,0,3
2023-05-03,1099.68,Reliance,-0.0086,-1.546039209251906,0.0,1,Reliance market update,0.6931471805599453,15.770220871734704,2,5,2,0,0,3
2023-05-04,1112.36,Reliance,0.0115,0.5302180683730293,0.0,0,Reliance market update,0.6931471805599453,15.971361368211378,3,5,2,0,0,3
2023-05-05,1109.52,Reliance,-0.0026,0.05188286503336924,0.0,1,Reliance market update,0.6931471805599453,15.984174010768548,4,5,2,0,1,3
2023-05-08,1123.22,Reliance,0.0123,0.13695312337620277,0.0,1,Reliance market update,0.6931471805599453,16.029677794430803,0,5,2,1,0,3
2023-05-09,1126.7,Reliance,0.0031,-0.9029624392772053,0.0,1,Reliance market update,0.6931471805599453,15.68187056849014,1,5,2,0,0,3
2023-05-10,1134.44,Reliance,0.0069,1.280997715539586,-3.469446951953614e-18,0,Reliance market update,0.6931471805599453,16.20172478126143,2,5,2,0,0,3
2023-05-11,1127.04,Reliance,-0.0065,-0.058857987649245644,0.0,1,Reliance market update,0.6931471805599453,16.172381258906803,3,5,2,0,0,3
2023-05-12,1128.88,Reliance,0.0016,-1.080732867798671,0.0,1,Reliance market update,0.6931471805599453,15.755020555387365,4,5,2,0,1,3
2023-05-15,1131.1,Reliance,0.002,-0.0280648600988896,0.0,0,Reliance market update,0.6931471805599453,15.737324716414918,0,5,2,1,0,3
2023-05-16,1115.0,Reliance,-0.0142,0.6341394529357445,0.0,0,Reliance market update,0.6931471805599453,15.980812084869903,1,5,2,0,0,3
2023-05-17,1108.41,Reliance,-0.0059,0.042837311441204645,0.0,0,Reliance market update,0.6931471805599453,15.990144999844178,2,5,2,0,0,3
2023-05-18,1106.02,Reliance,-0.0022,0.4757313399417167,0.0,1,Reliance market update,0.6931471805599453,16.169314482573586,3,5,2,0,0,3
2023-05-19,1109.61,Reliance,0.0032,-0.6945918463315662,0.0,1,Reliance market update,0.6931471805599453,15.901238300020134,4,5,2,0,1,3
2023-05-22,1115.54,Reliance,0.0053,-0.1922696629792486,0.0,0,Reliance market update,0.6931471805599453,15.821696629391974,0,5,2,1,0,3
2023-05-23,1115.34,Reliance,-0.0002,-0.5116498965530136,-3.469446951953614e-18,0,Reliance market update,0.6931471805599453,15.622492738220345,1,5,2,0,0,3
2023-05-24,1108.84,Reliance,-0.0058,0.7380435363125062,0.0,0,Reliance market update,0.6931471805599453,15.908886439230278,2,5,2,0,0,3
2023-05-25,1108.7,Reliance,-0.0001,0.8848052867056405,0.0,1,Reliance market update,0.6931471805599453,16.256801731759957,3,5,2,0,0,3
2023-05-26,1138.94,Reliance,0.0273,0.2626319774850047,0.0,1,Reliance market update,0.6931471805599453,16.35128940932602,4,5,2,0,1,3
2023-05-29,1145.35,Reliance,0.0056,-0.5994346090269163,0.0,0,Reliance market update,0.6931471805599453,16.119125620357686,0,5,2,1,0,3
2023-05-30,1145.05,Reliance,-0.0003,0.3399393717945463,0.0,0,Reliance market update,0.6931471805599453,16.244067731340085,1,5,2,0,0,3
2023-05-31,1122.31,Reliance,-0.0199,2.0300939515318697,0.0,0,Reliance market update,0.6931471805599453,17.115336789192117,2,5,2,0,0,3
2023-06-01,1119.29,Reliance,-0.0027,-1.5704399619697573,0.0,0,Reliance market update,0.6931471805599453,16.49603148194487,3,6,2,0,0,3
2023-06-02,1115.63,Reliance,-0.0033,0.2244603127590409,0.0,1,Reliance market update,0.6931471805599453,16.57556131994878,4,6,2,0,1,3
2023-06-05,1125.65,Reliance,0.009,-0.9612973165545173,0.0,1,Reliance market update,0.6931471805599453,16.2050696355822,0,6,2,1,0,3
2023-06-06,1126.61,Reliance,0.0008,-0.9743440671632247,0.0,1,Reliance market update,0.6931471805599453,15.829521180437803,1,6,2,0,0,3
2023-06-07,1135.15,Reliance,0.0076,0.8169644502051043,0.0,1,Reliance market update,0.6931471805599453,16.148871770221184,2,6,2,0,0,3
2023-06-08,1135.83,Reliance,0.0006,0.42157310943061893,0.0,0,Reliance market update,0.6931471805599453,16.306325552391307,3,6,2,0,0,3
2023-06-09,1127.79,Reliance,-0.0071,-1.7960853455100094,0.0,1,Reliance market update,0.6931471805599453,15.586560218531538,4,6,2,0,1,3
2023-06-12,1128.79,Reliance,0.0009,0.2357781403163054,0.0,1,Reliance market update,0.6931471805599453,15.670553073050526,0,6,2,1,0,3
2023-06-13,1145.46,Reliance,0.0148,1.3819855023630752,0.0,1,Reliance market update,0.6931471805599453,16.235702404411242,1,6,2,0,0,3
2023-06-14,1159.55,Reliance,0.0123,0.4426167702137142,0.0,1,Reliance market update,0.6931471805599453,16.40157246870793,2,6,2,0,0,3
2023-06-15,1159.87,Reliance,0.0003,-0.29178322336974394,0.0,1,Reliance market update,0.6931471805599453,16.284753080040986,3,6,2,0,0,3
2023-06-16,1171.16,Reliance,0.0097,1.7086432994416527,0.0,0,Reliance market update,0.6931471805599453,17.000688120836873,4,6,2,0,1,3
2023-06-19,1159.53,Reliance,-0.0099,-2.8014129871293023,0.0,1,Reliance market update,0.6931471805599453,15.732220647565011,0,6,2,1,0,3
2023-06-20,1161.94,Reliance,0.0021,0.06499114057149805,0.0,1,Reliance market update,0.6931471805599453,15.750084841041492,1,6,2,0,0,3
2023-06-21,1165.21,Reliance,0.0028,0.03375094996509351,0.0,0,Reliance market update,0.6931471805599453,15.755920465528943,2,6,2,0,0,3
2023-06-22,1152.12,Reliance,-0.0112,0.25193440720723603,0.0,0,Reliance market update,0.6931471805599453,15.846177604101925,3,6,2,0,0,3
2023-06-23,1142.69,Reliance,-0.0082,-0.3516318369633029,0.0,0,Reliance market update,0.6931471805599453,15.706899803485996,4,6,2,0,1,3
2023-06-26,1133.97,Reliance,-0.0076,1.5580683596348606,0.0,1,Reliance market update,0.6931471805599453,16.352468714624077,0,6,2,1,0,3
2023-06-27,1134.38,Reliance,0.0004,-0.6887336027519991,0.0,1,Reliance market update,0.6931471805599453,16.08654997719415,1,6,2,0,0,3
2023-06-28,1149.39,Reliance,0.0132,0.4243495723128113,0.0,1,Reliance market update,0.6931471805599453,16.24508127923543,2,6,2,0,0,3
2023-06-30,1158.82,Reliance,0.0082,-0.028869502625491286,0.0,1,Reliance market update,0.6931471805599453,16.227089597703493,4,6,2,0,1,3
2023-07-03,1188.56,Reliance,0.0257,0.24117831218159788,0.0,0,Reliance market update,0.6931471805599453,16.313200814814426,0,7,3,1,0,3
2023-07-04,1176.32,Reliance,-0.0103,-1.0634987289524955,0.0,0,Reliance market update,0.6931471805599453,15.902628063907038,1,7,3,0,0,3
2023-07-05,1174.39,Reliance,-0.0016,0.6255186299234015,0.0,1,Reliance market update,0.6931471805599453,16.142599270080794,2,7,3,0,0,3
2023-07-06,1199.04,Reliance,0.021,1.5102105046025383,0.0,0,Reliance market update,0.6931471805599453,16.76614022992493,3,7,3,0,0,3
2023-07-07,1196.7,Reliance,-0.002,-0.9272183983616648,0.0,1,Reliance market update,0.6931471805599453,16.408917887928776,4,7,3,0,1,3
2023-07-10,1242.79,Reliance,0.0385,2.108702438477977,0.0,1,Reliance market update,0.6931471805599453,17.3192650393834,0,7,3,1,0,3
2023-07-11,1256.27,Reliance,0.0108,-1.2974735417556167,0.0,1,Reliance market update,0.6931471805599453,16.814704283774102,1,7,3,0,0,3
2023-07-12,1257.65,Reliance,0.0011,-0.16359140461454597,0.0,0,Reliance market update,0.6931471805599453,16.745841858576032,2,7,3,0,0,3
2023-07-13,1246.41,Reliance,-0.0089,-0.6297121142054851,0.0,0,Reliance market update,0.6931471805599453,16.502196493047038,3,7,3,0,0,3
2023-07-14,1245.36,Reliance,-0.0008,0.09550067519109308,0.0,1,Reliance market update,0.6931471805599453,16.53180303135774,4,7,3,0,1,3
2023-07-17,1270.81,Reliance,0.0204,0.9713360678675839,0.0,1,Reliance market update,0.6931471805599453,16.916505187358574,0,7,3,1,0,3
2023-07-18,1281.6,Reliance,0.0085,0.40784576745426043,0.0,1,Reliance market update,0.6931471805599453,17.068490721945395,1,7,3,0,0,3
2023-07-19,1291.32,Reliance,0.0076,1.0387923632871554,0.0,0,Reliance market update,0.6931471805599453,17.482199539647656,2,7,3,0,0,3
2023-07-20,1289.76,Reliance,-0.0012,-0.008845751800154946,0.0,0,Reliance market update,0.6931471805599453,17.471805480681493,3,7,3,0,0,3
2023-07-21,1249.83,Reliance,-0.031,-0.638174372168654,0.0,0,Reliance market update,0.6931471805599453,17.224981585099886,4,7,3,0,1,3
2023-07-24,1224.55,Reliance,-0.0202,-0.6276845284134539,0.0,0,Reliance market update,0.6931471805599453,16.982160738151965,0,7,3,1,0,3
2023-07-25,1223.77,Reliance,-0.0006,-1.707523283624608,0.0,1,Reliance market update,0.6931471805599453,16.302583276796657,1,7,3,0,0,3
2023-07-26,1243.66,Reliance,0.0163,0.2025846644303949,0.0,0,Reliance market update,0.6931471805599453,16.373591226049694,2,7,3,0,0,3
2023-07-27,1232.09,Reliance,-0.0093,0.7429183122871756,0.0,1,Reliance market update,0.6931471805599453,16.66198261552167,3,7,3,0,0,3
2023-07-28,1244.47,Reliance,0.01,0.502144754482878,0.0,1,Reliance market update,0.6931471805599453,16.85180173543322,4,7,3,0,1,3
2023-07-31,1255.0,Reliance,0.0085,-2.1498324622365224,0.0,0,Reliance market update,0.6931471805599453,15.961579258371316,0,7,3,1,0,3
2023-08-01,1237.26,Reliance,-0.0141,0.2996206270088547,0.0,0,Reliance market update,0.6931471805599453,16.070651046117767,1,8,3,0,0,3
2023-08-02,1224.04,Reliance,-0.0107,0.7474205897846786,0.0,0,Reliance market update,0.6931471805599453,16.360901819767793,2,8,3,0,0,3
2023-08-03,1218.89,Reliance,-0.0042,-0.5834058856548422,0.0,1,Reliance market update,0.6931471805599453,16.134790611318564,3,8,3,0,0,3
2023-08-04,1235.46,Reliance,0.0136,1.9076548247522773,0.0,1,Reliance market update,0.6931471805599453,16.946018930424422,4,8,3,0,1,3
2023-08-07,1242.5,Reliance,0.0057,-2.9075950853713164,0.0,0,Reliance market update,0.6931471805599453,15.604411111049972,0,8,3,1,0,3
2023-08-08,1235.02,Reliance,-0.006,1.2317041364362795,0.0,1,Reliance market update,0.6931471805599453,16.102380106150267,1,8,3,0,0,3
2023-08-09,1243.16,Reliance,0.0066,0.4138635048140687,0.0,1,Reliance market update,0.6931471805599453,16.256690564794415,2,8,3,0,0,3
2023-08-10,1248.7,Reliance,0.0045,0.7653209958909056,0.0,1,Reliance market update,0.6931471805599453,16.55445194190307,3,8,3,0,0,3
2023-08-11,1253.97,Reliance,0.0042,0.9137819621061052,0.0,1,Reliance market update,0.6931471805599453,16.914671377123216,4,8,3,0,1,3
2023-08-14,1268.79,Reliance,0.0118,-2.049745440796616,0.0,0,Reliance market update,0.6931471805599453,16.07475099804264,0,8,3,1,0,3
2023-08-16,1267.75,Reliance,-0.0008,0.1831221689183026,0.0,0,Reliance market update,0.6931471805599453,16.13820342777008,2,8,3,0,0,3
2023-08-17,1249.47,Reliance,-0.0144,0.7535261765632897,0.0,1,Reliance market update,0.6931471805599453,16.430988128751935,3,8,3,0,0,3
2023-08-18,1258.72,Reliance,0.0074,0.7943072801155326,0.0,0,Reliance market update,0.6931471805599453,16.740819240611643,4,8,3,0,1,3
2023-08-21,1244.99,Reliance,-0.0109,-1.7611911816608217,0.0,0,Reliance market update,0.6931471805599453,16.037075056976448,0,8,3,1,0,3
2023-08-22,1244.69,Reliance,-0.0002,-0.45687334287905346,0.0,1,Reliance market update,0.6931471805599453,15.858423609204834,1,8,3,0,0,3
2023-08-23,1246.07,Reliance,0.0011,0.5527015639938087,0.0,0,Reliance market update,0.6931471805599453,16.068690362638815,2,8,3,0,0,3
2023-08-24,1225.13,Reliance,-0.0168,0.9972440940126973,0.0,0,Reliance market update,0.6931471805599453,16.464519703580113,3,8,3,0,0,3
2023-08-25,1219.47,Reliance,-0.0046,1.1272748530887766,0.0,0,Reliance market update,0.6931471805599453,16.916611392143732,4,8,3,0,1,3
2023-08-28,1207.32,Reliance,-0.01,-1.4526009588627835,0.0,0,Reliance market update,0.6931471805599453,16.347684546344517,0,8,3,1,0,3
2023-08-29,1195.76,Reliance,-0.0096,0.7558553540736156,0.0,0,Reliance market update,0.6931471805599453,16.64144127145334,1,8,3,0,0,3
2023-08-30,1194.62,Reliance,-0.001,-0.848791093201662,0.0,0,Reliance market update,0.6931471805599453,16.31439793698034,2,8,3,0,0,3
2023-08-31,1189.16,Reliance,-0.0046,1.40511804882501,0.0,1,Reliance market update,0.6931471805599453,16.88998936105421,3,8,3,0,0,3
2023-09-01,1191.95,Reliance,0.0023,-0.4546399282570295,0.0,0,Reliance market update,0.6931471805599453,16.712131802629838,4,9,3,0,1,3
2023-09-04,1190.99,Reliance,-0.0008,-1.666656174655874,-3.469446951953614e-18,1,Reliance market update,0.6931471805599453,16.05063307226157,0,9,3,1,0,3
2023-09-05,1197.36,Reliance,0.0054,-0.17903450999020715,0.0,1,Reliance market update,0.6931471805599453,15.976056973788296,1,9,3,0,0,3
2023-09-06,1199.88,Reliance,0.0021,-0.13047822000381873,-3.469446951953614e-18,1,Reliance market update,0.6931471805599453,15.919689955113446,2,9,3,0,0,3
2023-09-07,1201.51,Reliance,0.0014,1.2582854326624857,0.0,1,Reliance market update,0.6931471805599453,16.429438560000193,3,9,3,0,0,3
2023-09-08,1209.51,Reliance,0.0067,1.295489889236325,0.0,1,Reliance market update,0.6931471805599453,16.955745215875076,4,9,3,0,1,3
2023-09-11,1222.56,Reliance,0.0108,-1.4184028137110698,0.0,0,Reliance market update,0.6931471805599453,16.40109741282381,0,9,3,1,0,3
2023-09-12,1204.9,Reliance,-0.0144,0.5344540385747064,0.0,1,Reliance market update,0.6931471805599453,16.603952144406435,1,9,3,0,0,3
2023-09-13,1210.92,Reliance,0.005,-0.6168926673056145,0.0,1,Reliance market update,0.6931471805599453,16.365216554246956,2,9,3,0,0,3
2023-09-14,1212.03,Reliance,0.0009,-0.8552920440227388,0.0,1,Reliance market update,0.6931471805599453,16.03576099377397,3,9,3,0,0,3
2023-09-15,1214.28,Reliance,0.0019,2.3188597456515234,-3.469446951953614e-18,0,Reliance market update,0.6931471805599453,17.052956603969232,4,9,3,0,1,3
2023-09-18,1203.71,Reliance,-0.0087,-2.7287096331826532,-3.469446951953614e-18,0,Reliance market update,0.6931471805599453,15.832584686611415,0,9,3,1,0,3
2023-09-20,1176.88,Reliance,-0.0223,4.007596382370046,0.0,0,Reliance market update,0.6931471805599453,17.859997373853844,2,9,3,0,0,3
2023-09-21,1168.31,Reliance,-0.0073,-3.165810071447163,0.0,0,Reliance market update,0.6931471805599453,16.319090357559556,3,9,3,0,0,3
2023-09-22,1163.44,Reliance,-0.0042,1.1227494779326728,0.0,0,Reliance market update,0.6931471805599453,16.769211095138644,4,9,3,0,1,3
2023-09-25,1156.28,Reliance,-0.0062,-0.7695868796767632,0.0,1,Reliance market update,0.6931471805599453,16.472610212951576,0,9,3,1,0,3
2023-09-26,1157.29,Reliance,0.0009,-0.8974720576532402,-3.469446951953614e-18,1,Reliance market update,0.6931471805599453,16.126835645689745,1,9,3,0,0,3
2023-09-27,1170.34,Reliance,0.0113,0.40353586764398414,0.0,0,Reliance market update,0.6931471805599453,16.27704443004653,2,9,3,0,0,3
2023-09-28,1153.14,Reliance,-0.0147,0.5616606400649273,0.0,1,Reliance market update,0.6931471805599453,16.490923717905115,3,9,3,0,0,3
2023-09-29,1158.53,Reliance,0.0047,-0.4134789371993702,0.0,0,Reliance market update,0.6931471805599453,16.328519853224588,4,9,3,0,1,3
2023-10-03,1145.26,Reliance,-0.0114,-0.8607185717043012,0.0,0,Reliance market update,0.6931471805599453,15.996950883508248,1,10,4,0,0,3
2023-10-04,1143.29,Reliance,-0.0017,0.4013773052302752,0.0,0,Reliance market update,0.6931471805599453,16.146331928564127,2,10,4,0,0,3
2023-10-06,1145.19,Reliance,0.0017,-1.756289039635729,-3.469446951953614e-18,0,Reliance market update,0.6931471805599453,15.50763880846476,4,10,4,0,1,3
2023-10-09,1135.43,Reliance,-0.0085,0.8494135072587424,-3.469446951953614e-18,1,Reliance market update,0.6931471805599453,15.840611931404977,0,10,4,1,0,3
2023-10-10,1140.45,Reliance,0.0044,0.7727877935316837,-3.469446951953614e-18,1,Reliance market update,0.6931471805599453,16.141424700172212,1,10,4,0,0,3
2023-10-11,1158.55,Reliance,0.0159,-0.09258252247077534,0.0,1,Reliance market update,0.6931471805599453,16.09933262109342,2,10,4,0,0,3
2023-10-12,1160.7,Reliance,0.0019,0.6408172911546242,0.0,0,Reliance market update,0.6931471805599453,16.345585822019178,3,10,4,0,0,3
2023-10-16,1158.06,Reliance,-0.0022,-1.3778655059038851,0.0,1,Reliance market update,0.6931471805599453,15.595372363182767,0,10,4,1,0,3
2023-10-17,1163.59,Reliance,0.0048,0.7481399398659002,0.0,0,Reliance market update,0.6931471805599453,15.885934185205619,1,10,4,0,0,3
2023-10-18,1148.15,Reliance,-0.0133,0.3215727255012138,0.0,0,Reliance market update,0.6931471805599453,16.003618258139397,2,10,4,0,0,3
2023-10-19,1139.34,Reliance,-0.0077,0.7695914323637728,0.0,0,Reliance market update,0.6931471805599453,16.303126617318345,3,10,4,0,0,3
2023-10-20,1135.85,Reliance,-0.0031,-0.7784163751411184,0.0,0,Reliance market update,0.6931471805599453,16.00305655974073,4,10,4,0,1,3
2023-10-23,1118.12,Reliance,-0.0156,-0.31774200305234523,0.0,0,Reliance market update,0.6931471805599453,15.876528803133697,0,10,4,1,0,3
2023-10-25,1115.52,Reliance,-0.0023,0.9878088070774361,0.0,0,Reliance market update,0.6931471805599453,16.268297601950337,2,10,4,0,0,3
2023-10-26,1099.99,Reliance,-0.0139,0.6985776965541945,0.0,1,Reliance market update,0.6931471805599453,16.53828745369034,3,10,4,0,0,3
2023-10-27,1119.4,Reliance,0.0177,-0.6654053015333796,0.0,1,Reliance market update,0.6931471805599453,16.28115665850524,4,10,4,0,1,3
2023-10-30,1142.47,Reliance,0.0206,0.9052199025027797,0.0,0,Reliance market update,0.6931471805599453,16.637681095220962,0,10,4,1,0,3
2023-10-31,1130.32,Reliance,-0.0106,-0.7049554813482011,0.0,1,Reliance market update,0.6931471805599453,16.36561480852414,1,10,4,0,0,3
2023-11-01,1135.01,Reliance,0.0042,-0.5591876495364504,0.0,1,Reliance market update,0.6931471805599453,16.148546385407133,2,11,4,0,0,3
2023-11-02,1146.28,Reliance,0.0099,0.08157473086326407,-3.469446951953614e-18,0,Reliance market update,0.6931471805599453,16.172783153498596,3,11,4,0,0,3
2023-11-03,1146.03,Reliance,-0.0002,-0.4520895905534113,0.0,1,Reliance market update,0.6931471805599453,15.995945756939753,4,11,4,0,1,3
2023-11-06,1155.56,Reliance,0.0083,0.49001514778101796,-3.469446951953614e-18,0,Reliance market update,0.6931471805599453,16.180817366453546,0,11,4,1,0,3
2023-11-07,1148.06,Reliance,-0.0065,-1.1003558382456902,0.0,1,Reliance market update,0.6931471805599453,15.75571948589983,1,11,4,0,0,3
2023-11-08,1154.03,Reliance,0.0052,0.339270465344042,0.0,0,Reliance market update,0.6931471805599453,15.880408730671956,2,11,4,0,0,3
2023-11-09,1141.51,Reliance,-0.0109,1.4811344022214041,0.0,1,Reliance market update,0.6931471805599453,16.49059745675235,3,11,4,0,0,3
2023-11-10,1143.66,Reliance,0.0019,-1.5936706926726318,0.0,0,Reliance market update,0.6931471805599453,15.86126022426068,4,11,4,0,1,3
2023-11-13,1143.51,Reliance,-0.0001,-1.7447206472749788,-3.469446951953614e-18,1,Reliance market update,0.6931471805599453,15.164832536540338,0,11,4,1,0,3
2023-11-15,1164.19,Reliance,0.0181,2.578023172935014,0.0,1,Reliance market update,0.6931471805599453,16.31863761995376,2,11,4,0,0,3
2023-11-16,1166.29,Reliance,0.0018,0.20545178486440388,0.0,0,Reliance market update,0.6931471805599453,16.39078420528895,3,11,4,0,0,3
2023-11-17,1163.74,Reliance,-0.0022,-1.3507692452368658,0.0,0,Reliance market update,0.6931471805599453,15.864316974624964,4,11,4,0,1,3
2023-11-20,1160.68,Reliance,-0.0026,-1.4001574892091544,0.0,1,Reliance market update,0.6931471805599453,15.317404906958084,0,11,4,1,0,3
2023-11-21,1175.28,Reliance,0.0126,1.4675432959849266,0.0,1,Reliance market update,0.6931471805599453,15.921405478248957,1,11,4,0,0,3
2023-11-22,1179.87,Reliance,0.0039,0.11808161506568582,0.0,1,Reliance market update,0.6931471805599453,15.95966423852175,2,11,4,0,0,3
2023-11-23,1183.48,Reliance,0.0031,0.017291617150287635,-3.469446951953614e-18,0,Reliance market update,0.6931471805599453,15.9592807940821,3,11,4,0,0,3
2023-11-24,1182.69,Reliance,-0.0007,-0.6051313345161524,-3.469446951953614e-18,1,Reliance market update,0.6931471805599453,15.724977059960565,4,11,4,0,1,3
2023-11-28,1182.93,Reliance,0.0002,1.705846096292675,0.0,1,Reliance market update,0.6931471805599453,16.439611960320192,1,11,4,0,0,3
2023-11-29,1186.05,Reliance,0.0026,-0.2356459796575479,-3.469446951953614e-18,0,Reliance market update,0.6931471805599453,16.3437406310892,2,11,4,0,0,3
2023-11-30,1174.56,Reliance,-0.0097,1.924757675564091,0.0,1,Reliance market update,0.6931471805599453,17.163306635473013,3,11,4,0,0,3
2023-12-01,1182.89,Reliance,0.0071,-1.71856561803385,0.0,1,Reliance market update,0.6931471805599453,16.478761630110327,4,12,4,0,1,3
2023-12-04,1195.68,Reliance,0.0108,0.23436696128357912,0.0,1,Reliance market update,0.6931471805599453,16.56220380540241,0,12,4,1,0,3
2023-12-05,1204.35,Reliance,0.0073,-0.5286112990569227,0.0,1,Reliance market update,0.6931471805599453,16.356610456896515,1,12,4,0,0,3
2023-12-06,1215.89,Reliance,0.0096,0.6684197187829786,0.0,0,Reliance market update,0.6931471805599453,16.61415943289482,2,12,4,0,0,3
2023-12-07,1213.89,Reliance,-0.0016,-1.756289039635729,-3.469446951953614e-18,0,Reliance market update,0.6931471805599453,15.912558321508854,3,12,4,0,0,3
2023-12-08,1213.24,Reliance,-0.0005,0.5908305863511151,0.0,1,Reliance market update,0.6931471805599453,16.138378065099165,4,12,4,0,1,3
2023-12-11,1215.02,Reliance,0.0015,-0.953862320385757,-3.469446951953614e-18,0,Reliance market update,0.6931471805599453,15.770824778374882,0,12,4,1,0,3
2023-12-12,1197.58,Reliance,-0.0144,0.6830010481297606,0.0,1,Reliance market update,0.6931471805599453,16.03440149318097,1,12,4,0,0,3
2023-12-13,1202.47,Reliance,0.0041,0.24305316623717804,0.0,1,Reliance market update,0.6931471805599453,16.121209099144533,2,12,4,0,0,3
2023-12-14,1217.39,Reliance,0.0124,1.2945628432458411,0.0,1,Reliance market update,0.6931471805599453,16.647096401889748,3,12,4,0,0,3
2023-12-15,1232.93,Reliance,0.0128,-0.1488158899974588,0.0,1,Reliance market update,0.6931471805599453,16.583849826551646,4,12,4,0,1,3
2023-12-18,1245.48,Reliance,0.0102,-0.2935858665275458,0.0,1,Reliance market update,0.6931471805599453,16.466298033903946,0,12,4,1,0,3
2023-12-19,1263.81,Reliance,0.0147,0.45756811941505987,0.0,0,Reliance market update,0.6931471805599453,16.638115180946627,1,12,4,0,0,3
2023-12-20,1248.52,Reliance,-0.0121,0.15638191674123522,0.0,1,Reliance market update,0.6931471805599453,16.69114779399412,2,12,4,0,0,3
2023-12-21,1266.01,Reliance,0.014,-0.6558481644373231,0.0,1,Reliance market update,0.6931471805599453,16.4376727508618,3,12,4,0,0,3
2023-12-22,1267.24,Reliance,0.001,0.48712559695050306,0.0,1,Reliance market update,0.6931471805599453,16.621400161930325,4,12,4,0,1,3
2023-12-26,1273.67,Reliance,0.0051,-1.9583262494494058,0.0,1,Reliance market update,0.6931471805599453,15.82582506737229,1,12,4,0,0,3
2023-12-27,1278.01,Reliance,0.0034,0.5505051151972067,0.0,1,Reliance market update,0.6931471805599453,16.035165787792867,2,12,4,0,0,3
2023-12-28,1287.25,Reliance,0.0072,0.7470608099529075,0.0,0,Reliance market update,0.6931471805599453,16.325324187608246,3,12,4,0,0,3
2023-12-29,1277.07,Reliance,-0.0079,-0.31168187026908056,0.0,1,Reliance market update,0.6931471805599453,16.20101897490084,4,12,4,0,1,3
2024-01-01,1279.69,Reliance,0.0021,-2.3423756191144,0.0,1,Reliance market update,0.6931471805599453,15.209411168089236,0,1,1,1,0,3
2024-01-02,1290.29,Reliance,0.0083,1.4897802256949348,0.0,0,Reliance market update,0.6931471805599453,15.82356363780626,1,1,1,0,0,3
2024-01-03,1276.26,Reliance,-0.0109,0.51093667058249,0.0,1,Reliance market update,0.6931471805599453,16.016897239493336,2,1,1,0,0,3
2024-01-04,1282.85,Reliance,0.0052,0.17877107595508515,0.0,1,Reliance market update,0.6931471805599453,16.07860391708224,3,1,1,0,0,3
2024-01-05,1288.31,Reliance,0.0043,-0.4415935227321901,0.0,0,Reliance market update,0.6931471805599453,15.905695061826608,4,1,1,0,1,3
2024-01-08,1278.26,Reliance,-0.0078,-0.09894652003769984,0.0,0,Reliance market update,0.6931471805599453,15.861221179961687,0,1,1,1,0,3
2024-01-09,1274.88,Reliance,-0.0026,-0.9309075251318748,0.0,1,Reliance market update,0.6931471805599453,15.502478793906985,1,1,1,0,0,3
2024-01-10,1309.26,Reliance,0.027,1.7177269548089724,0.0,1,Reliance market update,0.6931471805599453,16.222702572735592,2,1,1,0,0,3
2024-01-11,1343.7,Reliance,0.0263,1.8000131644326804,0.0,1,Reliance market update,0.6931471805599453,16.982075855449356,3,1,1,0,0,3
2024-01-12,1354.39,Reliance,0.008,-1.182176737078245,0.0,1,Reliance market update,0.6931471805599453,16.52437143038368,4,1,1,0,1,3
2024-01-15,1377.51,Reliance,0.0171,-1.421312230350652,0.0,0,Reliance market update,0.6931471805599453,15.968503979707283,0,1,1,1,0,3
2024-01-16,1358.25,Reliance,-0.014,0.1531977856115214,0.0,0,Reliance market update,0.6931471805599453,16.020375319069416,1,1,1,0,0,3
2024-01-17,1345.35,Reliance,-0.0095,0.761933221487046,0.0,1,Reliance market update,0.6931471805599453,16.31673197849659,2,1,1,0,0,3
2024-01-18,1351.65,Reliance,0.0047,-0.43651846379482845,0.0,0,Reliance market update,0.6931471805599453,16.145656244517752,3,1,1,0,0,3
2024-01-19,1351.16,Reliance,-0.0004,0.054459858931222835,0.0,0,Reliance market update,0.6931471805599453,16.159497157529024,4,1,1,0,1,3
2024-01-23,1312.74,Reliance,-0.0284,1.5773493544403283,0.0,1,Reliance market update,0.6931471805599453,16.81401004923721,1,1,1,0,0,3
2024-01-24,1327.86,Reliance,0.0115,0.2481998235709827,0.0,1,Reliance market update,0.6931471805599453,16.902870283853158,2,1,1,0,0,3
2024-01-25,1336.95,Reliance,0.0068,-1.5687235899384606,0.0,1,Reliance market update,0.6931471805599453,16.284361756016317,3,1,1,0,0,3
2024-01-29,1430.8,Reliance,0.0702,1.6848705398178707,3.469446951953614e-18,0,Reliance market update,0.6931471805599453,16.989114460386098,0,1,1,1,0,3
2024-01-30,1390.85,Reliance,-0.0279,-1.3540448889682344,0.0,1,Reliance market update,0.6931471805599453,16.46125824287225,1,1,1,0,0,3
2024-01-31,1409.63,Reliance,0.0135,0.20234554995387743,0.0,1,Reliance market update,0.6931471805599453,16.532205088956683,2,1,1,0,0,3
2024-02-02,1440.33,Reliance,0.0218,0.9761033170954831,0.0,0,Reliance market update,0.6931471805599453,16.793719643325712,4,2,1,0,1,3
2024-02-05,1421.88,Reliance,-0.0128,-1.9712947980724154,0.0,0,Reliance market update,0.6931471805599453,15.991901049567241,0,2,1,1,0,3
2024-02-06,1410.79,Reliance,-0.0078,0.0866499158857268,0.0,1,Reliance market update,0.6931471805599453,16.018052638951787,1,2,1,0,0,3
2024-02-07,1424.97,Reliance,0.0101,0.08918269718817286,0.0,1,Reliance market update,0.6931471805599453,16.04515596532283,2,2,1,0,0,3
2024-02-08,1432.85,Reliance,0.0055,1.140492364955821,0.0,1,Reliance market update,0.6931471805599453,16.502993019146274,3,2,1,0,0,3
2024-02-09,1443.34,Reliance,0.0073,-0.39968345707114317,0.0,0,Reliance market update,0.6931471805599453,16.345772829834946,4,2,1,0,1,3
2024-02-12,1435.04,Reliance,-0.0058,-1.5997116324527847,0.0,1,Reliance market update,0.6931471805599453,15.713794515171465,0,2,1,1,0,3
2024-02-13,1447.64,Reliance,0.0088,0.39033097432098823,0.0,1,Reliance market update,0.6931471805599453,15.85875416329427,1,2,1,0,0,3
2024-02-14,1463.72,Reliance,0.0111,-0.1951566088579372,0.0,0,Reliance market update,0.6931471805599453,15.778121750662631,2,2,1,0,0,3
2024-02-15,1453.08,Reliance,-0.0073,0.8677007119230142,0.0,0,Reliance market update,0.6931471805599453,16.118773721016847,3,2,1,0,0,3
2024-02-16,1443.17,Reliance,-0.0068,-0.045297394456599055,0.0,1,Reliance market update,0.6931471805599453,16.094571003531016,4,2,1,0,1,3
2024-02-19,1456.44,Reliance,0.0092,-0.9665105924643397,0.0,0,Reliance market update,0.6931471805599453,15.722060292679979,0,2,1,1,0,3
2024-02-20,1453.5,Reliance,-0.002,0.1639543239317,0.0,0,Reliance market update,0.6931471805599453,15.778066676637929,1,2,1,0,0,3
2024-02-21,1450.21,Reliance,-0.0023,1.4162590545347524,0.0,1,Reliance market update,0.6931471805599453,16.358709150202152,2,2,1,0,0,3
2024-02-22,1464.09,Reliance,0.0096,0.9468249989720859,0.0,1,Reliance market update,0.6931471805599453,16.732942259611256,3,2,1,0,0,3
2024-02-23,1475.83,Reliance,0.008,-0.6402086712127787,0.0,0,Reliance market update,0.6931471805599453,16.485414694937703,4,2,1,0,1,3
2024-02-26,1469.6,Reliance,-0.0042,-1.6483086405307776,0.0,0,Reliance market update,0.6931471805599453,15.832159653230448,0,2,1,1,0,3
2024-02-27,1467.95,Reliance,-0.0011,0.9258971663667027,0.0,0,Reliance market update,0.6931471805599453,16.197465362990314,1,2,1,0,0,3
2024-02-28,1438.28,Reliance,-0.0202,-0.5794116539537327,0.0,1,Reliance market update,0.6931471805599453,15.972832972235175,2,2,1,0,0,3
2024-02-29,1443.39,Reliance,0.0036,2.2955052971131766,0.0,1,Reliance market update,0.6931471805599453,16.977984355801063,3,2,1,0,0,3
2024-03-01,1474.35,Reliance,0.0214,-1.6780480137180165,0.0,1,Reliance market update,0.6931471805599453,16.311433554367103,4,3,1,0,1,3
2024-03-04,1489.44,Reliance,0.0102,-0.4896154963983752,0.0,0,Reliance market update,0.6931471805599453,16.120534773878013,0,3,1,1,0,3
2024-03-05,1482.32,Reliance,-0.0048,-0.892720413797049,0.0,1,Reliance market update,0.6931471805599453,15.77668489992422,1,3,1,0,0,3
2024-03-06,1485.09,Reliance,0.0019,0.2605435530168427,0.0,0,Reliance market update,0.6931471805599453,15.870361847439735,2,3,1,0,0,3
2024-03-07,1461.3,Reliance,-0.016,0.18263918551867225,0.0,0,Reliance market update,0.6931471805599453,15.933659099138353,3,3,1,0,0,3
2024-03-11,1449.12,Reliance,-0.0083,0.7818142098826029,0.0,1,Reliance market update,0.6931471805599453,16.238287427711644,0,3,1,1,0,3
2024-03-12,1457.84,Reliance,0.006,-0.45687334287905346,0.0,0,Reliance market update,0.6931471805599453,16.059690707581968,1,3,1,0,0,3
2024-03-13,1415.11,Reliance,-0.0293,0.9136176874956106,0.0,0,Reliance market update,0.6931471805599453,16.41983853031314,2,3,1,0,0,3
2024-03-14,1414.42,Reliance,-0.0005,0.8121079836476045,0.0,0,Reliance market update,0.6931471805599453,16.737117328441645,3,3,1,0,0,3
2024-03-15,1401.33,Reliance,-0.0093,0.10832783842505163,0.0,1,Reliance market update,0.6931471805599453,16.771660641039926,4,3,1,0,1,3
2024-03-18,1422.32,Reliance,0.015,-1.8407115411555346,0.0,0,Reliance market update,0.6931471805599453,16.031381647930488,0,3,1,1,0,3
2024-03-19,1408.27,Reliance,-0.0099,-0.25362765142409477,0.0,1,Reliance market update,0.6931471805599453,15.928841922084338,1,3,1,0,0,3
2024-03-20,1426.55,Reliance,0.013,0.0846213835331172,0.0,1,Reliance market update,0.6931471805599453,15.954259030157143,2,3,1,0,0,3
2024-03-21,1433.69,Reliance,0.005,1.0688793990502294,0.0,1,Reliance market update,0.6931471805599453,16.380993388488363,3,3,1,0,0,3
2024-03-22,1437.69,Reliance,0.0028,1.0217007883046747,0.0,0,Reliance market update,0.6931471805599453,16.78733986832273,4,3,1,0,1,3
2024-03-26,1424.4,Reliance,-0.0092,-1.3758070041352939,0.0,1,Reliance market update,0.6931471805599453,16.250518291644518,1,3,1,0,0,3
2024-03-27,1475.06,Reliance,0.0356,0.9081882650145623,0.0,0,Reliance market update,0.6931471805599453,16.60830899374703,2,3,1,0,0,3
2024-03-28,1468.15,Reliance,-0.0047,0.7506554670551212,0.0,0,Reliance market update,0.6931471805599453,16.89991123072132,3,3,1,0,0,3
2024-04-01,1467.08,Reliance,-0.0007,-3.0816755379918006,-3.469446951953614e-18,1,Reliance market update,0.6931471805599453,15.42772082387266,0,4,2,1,0,3
2024-04-02,1469.23,Reliance,0.0015,1.4037513508599428,0.0,0,Reliance market update,0.6931471805599453,16.002703542256754,1,4,2,0,0,3
2024-04-03,1454.07,Reliance,-0.0103,-0.6202611572514626,0.0,0,Reliance market update,0.6931471805599453,15.762604720085108,2,4,2,0,0,3
2024-04-04,1445.49,Reliance,-0.0059,1.7307476685113032,0.0,0,Reliance market update,0.6931471805599453,16.488988154699094,3,4,2,0,0,3
2024-04-05,1442.7,Reliance,-0.0019,-1.6776093873155644,0.0,1,Reliance market update,0.6931471805599453,15.82269036445329,4,4,2,0,1,3
2024-04-08,1468.27,Reliance,0.0177,0.31706667719166215,0.0,0,Reliance market update,0.6931471805599453,15.938624308441842,0,4,2,1,0,3
2024-04-09,1446.21,Reliance,-0.015,-0.4257641769621665,0.0,1,Reliance market update,0.6931471805599453,15.771571159289845,1,4,2,0,0,3
2024-04-10,1461.95,Reliance,0.0109,0.6656025316504071,0.0,0,Reliance market update,0.6931471805599453,16.02798832281747,2,4,2,0,0,3
2024-04-12,1449.67,Reliance,-0.0084,1.3073648960805242,0.0,0,Reliance market update,0.6931471805599453,16.55963633916223,4,4,2,0,1,3
2024-04-15,1447.37,Reliance,-0.0016,-0.478338631789703,0.0,1,Reliance market update,0.6931471805599453,16.372897779026285,0,4,2,1,0,3
2024-04-16,1448.28,Reliance,0.0006,-0.8315132272779685,0.0,0,Reliance market update,0.6931471805599453,16.052616420826087,1,4,2,0,0,3
2024-04-18,1446.88,Reliance,-0.001,1.6910554965215534,0.0,1,Reliance market update,0.6931471805599453,16.760249123829084,3,4,2,0,0,3
2024-04-19,1452.61,Reliance,0.004,-0.4828441319325961,0.0,1,Reliance market update,0.6931471805599453,16.571828818709097,4,4,2,0,1,3
2024-04-22,1462.22,Reliance,0.0066,-1.0857256211243083,0.0,0,Reliance market update,0.6931471805599453,16.152532149524397,0,4,2,1,0,3
2024-04-23,1441.94,Reliance,-0.0139,0.8764407465895472,0.0,0,Reliance market update,0.6931471805599453,16.49691249376667,1,4,2,0,0,3
2024-04-24,1432.9,Reliance,-0.0063,-0.865790771722256,0.0,1,Reliance market update,0.6931471805599453,16.163334468937162,2,4,2,0,0,3
2024-04-25,1442.58,Reliance,0.0068,1.0563289495764894,0.0,0,Reliance market update,0.6931471805599453,16.584588562339448,3,4,2,0,0,3
2024-04-26,1435.24,Reliance,-0.0051,-1.3519973288467322,0.0,1,Reliance market update,0.6931471805599453,16.05769246087407,4,4,2,0,1,3
2024-04-29,1447.57,Reliance,0.0086,-0.6770485261389358,0.0,1,Reliance market update,0.6931471805599453,15.79623267747163,0,4,2,1,0,3
2024-04-30,1449.52,Reliance,0.0013,1.143961848922448,0.0,0,Reliance market update,0.6931471805599453,16.255617085268746,1,4,2,0,0,3
2024-05-02,1449.08,Reliance,-0.0003,0.613189430356071,0.0,0,Reliance market update,0.6931471805599453,16.49053103413595,3,5,2,0,0,3
2024-05-03,1416.91,Reliance,-0.0222,0.4565190097612312,0.0,0,Reliance market update,0.6931471805599453,16.661986098440767,4,5,2,0,1,3
2024-05-06,1402.61,Reliance,-0.0101,-2.0615134608614207,0.0,0,Reliance market update,0.6931471805599453,15.816207684240986,0,5,2,1,0,3
2024-05-07,1384.78,Reliance,-0.0127,1.6207216821331765,0.0,1,Reliance market update,0.6931471805599453,16.490863516402264,1,5,2,0,0,3
2024-05-08,1401.65,Reliance,0.0122,-1.1138785496083354,0.0,0,Reliance market update,0.6931471805599453,16.06036091813731,2,5,2,0,0,3
2024-05-09,1377.51,Reliance,-0.0172,0.41279028447854277,0.0,1,Reliance market update,0.6931471805599453,16.214279358217333,3,5,2,0,0,3
2024-05-10,1390.65,Reliance,0.0095,-0.10532875286326286,0.0,0,Reliance market update,0.6931471805599453,16.167371125916848,4,5,2,0,1,3
2024-05-13,1385.99,Reliance,-0.0034,-0.5588572217465566,0.0,1,Reliance market update,0.6931471805599453,15.950460242813941,0,5,2,1,0,3
2024-05-14,1403.15,Reliance,0.0124,-0.41379326892439683,0.0,0,Reliance market update,0.6931471805599453,15.78796540135664,1,5,2,0,0,3
2024-05-15,1399.4,Reliance,-0.0027,-0.9183795106057867,0.0,1,Reliance market update,0.6931471805599453,15.434212427136853,2,5,2,0,0,3
2024-05-16,1408.37,Reliance,0.0064,2.4201913667433996,0.0,1,Reliance market update,0.6931471805599453,16.504158751511497,3,5,2,0,0,3
2024-05-17,1418.59,Reliance,0.0073,-0.7741753744696243,0.0,1,Reliance market update,0.6931471805599453,16.205783857180695,4,5,2,0,1,3
2024-05-21,1419.01,Reliance,0.0003,0.07979537665578915,0.0,1,Reliance market update,0.6931471805599453,16.229290722443587,1,5,2,0,0,3
2024-05-22,1443.25,Reliance,0.0171,-0.20238920166763144,0.0,1,Reliance market update,0.6931471805599453,16.14586693420919,2,5,2,0,0,3
2024-05-23,1468.34,Reliance,0.0174,0.8926330709566698,0.0,0,Reliance market update,0.6931471805599453,16.49709774857951,3,5,2,0,0,3
2024-05-24,1462.61,Reliance,-0.0039,-1.8014744646343326,0.0,0,Reliance market update,0.6931471805599453,15.77486943749741,4,5,2,0,1,3
2024-05-27,1448.78,Reliance,-0.0095,-0.16102739415309486,0.0,0,Reliance market update,0.6931471805599453,15.706966180597624,0,5,2,1,0,3
2024-05-28,1438.85,Reliance,-0.0069,0.4411363727188027,0.0,0,Reliance market update,0.6931471805599453,15.872215956294031,1,5,2,0,0,3
2024-05-29,1423.61,Reliance,-0.0106,-0.1332898832216906,0.0,0,Reliance market update,0.6931471805599453,15.814766058782196,2,5,2,0,0,3
2024-05-30,1407.87,Reliance,-0.0111,1.418108808360365,0.0,1,Reliance market update,0.6931471805599453,16.396246873812366,3,5,2,0,0,3
2024-05-31,1413.36,Reliance,0.0039,1.9982106647825226,0.0,1,Reliance market update,0.6931471805599453,17.251747906395018,4,5,2,0,1,3
2024-06-03,1492.33,Reliance,0.0559,-0.9520058759634048,0.0,0,Reliance market update,0.6931471805599453,16.88486232367077,0,6,2,1,0,3
2024-06-04,1380.63,Reliance,-0.0749,1.3119609571271886,3.469446951953614e-18,1,Reliance market update,0.6931471805599453,17.41853521145076,1,6,2,0,0,3
2024-06-05,1403.82,Reliance,0.0168,-1.8461464597750388,0.0,1,Reliance market update,0.6931471805599453,16.67570319515006,2,6,2,0,0,3
2024-06-06,1414.54,Reliance,0.0076,0.07623192568993045,0.0,1,Reliance market update,0.6931471805599453,16.697834631050014,3,6,2,0,0,3
2024-06-07,1452.43,Reliance,0.0268,0.11907931472471361,0.0,1,Reliance market update,0.6931471805599453,16.736449078116483,4,6,2,0,1,3
2024-06-10,1453.87,Reliance,0.001,-1.7442762278930262,0.0,0,Reliance market update,0.6931471805599453,16.040324469747322,0,6,2,1,0,3
2024-06-11,1439.32,Reliance,-0.01,0.6283966335969481,0.0,1,Reliance market update,0.6931471805599453,16.28148096004089,1,6,2,0,0,3
2024-06-12,1445.89,Reliance,0.0046,-0.39437176677166147,0.0,1,Reliance market update,0.6931471805599453,16.1262367223258,2,6,2,0,0,3
2024-06-13,1447.79,Reliance,0.0013,-0.22948565852489408,0.0,1,Reliance market update,0.6931471805599453,16.032664225188178,3,6,2,0,0,3
2024-06-14,1459.94,Reliance,0.0084,-0.2950890349643178,0.0,1,Reliance market update,0.6931471805599453,15.91450947628057,4,6,2,0,1,3
2024-06-18,1463.38,Reliance,0.0024,-0.3144071883131472,0.0,0,Reliance market update,0.6931471805599453,15.789142455365345,1,6,2,0,0,3
2024-06-19,1441.27,Reliance,-0.0151,0.5093040307499456,0.0,1,Reliance market update,0.6931471805599453,15.981803307557358,2,6,2,0,0,3
2024-06-20,1456.14,Reliance,0.0103,1.4881255619910276,0.0,0,Reliance market update,0.6931471805599453,16.595185178325668,3,6,2,0,0,3
2024-06-21,1436.87,Reliance,-0.0132,1.5887447060419126,0.0,0,Reliance market update,0.6931471805599453,17.254978233325474,4,6,2,0,1,3
2024-06-24,1424.3,Reliance,-0.0088,-2.782901701645995,0.0,1,Reliance market update,0.6931471805599453,15.999130454324913,0,6,2,1,0,3
2024-06-25,1436.82,Reliance,0.0088,-0.5970919229386923,0.0,1,Reliance market update,0.6931471805599453,15.767883634382475,1,6,2,0,0,3
2024-06-26,1495.98,Reliance,0.0412,2.551094489635395,3.469446951953614e-18,1,Reliance market update,0.6931471805599453,16.907229282599612,2,6,2,0,0,3
2024-06-27,1512.31,Reliance,0.0109,0.6599554016956645,0.0,1,Reliance market update,0.6931471805599453,17.161302024557173,3,6,2,0,0,3
2024-06-28,1546.75,Reliance,0.0228,0.07061939995114085,0.0,0,Reliance market update,0.6931471805599453,17.18133416683383,4,6,2,0,1,3
2024-07-01,1541.56,Reliance,-0.0034,-2.8791603603864013,0.0,1,Reliance market update,0.6931471805599453,15.859882667986149,0,7,3,1,0,3
2024-07-02,1546.53,Reliance,0.0032,0.02671338219803318,0.0,0,Reliance market update,0.6931471805599453,15.863106235318742,1,7,3,0,0,3
2024-07-03,1533.93,Reliance,-0.0081,0.4157937978744909,0.0,1,Reliance market update,0.6931471805599453,16.018233436346144,2,7,3,0,0,3
2024-07-04,1535.51,Reliance,0.001,-0.726825410836874,0.0,1,Reliance market update,0.6931471805599453,15.737885485108437,3,7,3,0,0,3
2024-07-05,1569.7,Reliance,0.0223,1.4253650167951544,0.0,1,Reliance market update,0.6931471805599453,16.322644263027478,4,7,3,0,1,3
2024-07-08,1581.82,Reliance,0.0077,-0.6619887836006119,0.0,0,Reliance market update,0.6931471805599453,16.066887300331366,0,7,3,1,0,3
2024-07-09,1571.33,Reliance,-0.0066,-0.8075371308596008,0.0,0,Reliance market update,0.6931471805599453,15.755690463344992,1,7,3,0,0,3
2024-07-10,1565.35,Reliance,-0.0038,0.08309863592411888,0.0,0,Reliance market update,0.6931471805599453,15.78046380224682,2,7,3,0,0,3
2024-07-11,1561.82,Reliance,-0.0023,1.270149098793502,0.0,1,Reliance market update,0.6931471805599453,16.29548397601643,3,7,3,0,0,3
2024-07-12,1577.7,Reliance,0.0102,0.2235142212567489,0.0,1,Reliance market update,0.6931471805599453,16.374657343791014,4,7,3,0,1,3
2024-07-15,1578.19,Reliance,0.0003,-2.141226450584919,0.0,0,Reliance market update,0.6931471805599453,15.488803445471556,0,7,3,1,0,3
2024-07-16,1557.47,Reliance,-0.0131,1.383872853297259,0.0,1,Reliance market update,0.6931471805599453,16.054819159792476,1,7,3,0,0,3
2024-07-18,1567.77,Reliance,0.0066,0.6989469878050205,0.0,0,Reliance market update,0.6931471805599453,16.32497769779371,3,7,3,0,0,3
2024-07-19,1536.62,Reliance,-0.0199,0.19035282738461404,0.0,0,Reliance market update,0.6931471805599453,16.391201327046822,4,7,3,0,1,3
2024-07-22,1482.79,Reliance,-0.035,1.0153461457137143,0.0,0,Reliance market update,0.6931471805599453,16.794827687217488,0,7,3,1,0,3
2024-07-23,1470.17,Reliance,-0.0085,-0.20964356094919603,0.0,1,Reliance market update,0.6931471805599453,16.708769532724503,1,7,3,0,0,3
2024-07-24,1477.88,Reliance,0.0052,-1.0765131341986764,0.0,0,Reliance market update,0.6931471805599453,16.293171269231397,2,7,3,0,0,3
2024-07-25,1474.62,Reliance,-0.0022,0.1475518050856771,0.0,1,Reliance market update,0.6931471805599453,16.342828099306818,3,7,3,0,0,3
2024-07-26,1491.04,Reliance,0.0111,-0.6172293540693351,0.0,1,Reliance market update,0.6931471805599453,16.103990742788096,4,7,3,0,1,3
2024-07-29,1501.99,Reliance,0.0073,-0.6952817401036147,0.0,0,Reliance market update,0.6931471805599453,15.835540546449831,0,7,3,1,0,3
2024-07-30,1495.12,Reliance,-0.0046,0.24492623598233865,0.0,0,Reliance market update,0.6931471805599453,15.923078930501902,1,7,3,0,0,3
2024-07-31,1487.49,Reliance,-0.0051,0.529208111955604,-3.469446951953614e-18,1,Reliance market update,0.6931471805599453,16.123813970162406,2,7,3,0,0,3
2024-08-01,1497.24,Reliance,0.0066,0.1946785846071464,0.0,0,Reliance market update,0.6931471805599453,16.191738507819835,3,8,3,0,0,3
2024-08-02,1481.46,Reliance,-0.0105,-0.1061625630178862,0.0,0,Reliance market update,0.6931471805599453,16.144567070776528,4,8,3,0,1,3
2024-08-05,1430.08,Reliance,-0.0347,1.2517799771212001,0.0,1,Reliance market update,0.6931471805599453,16.651467487885657,0,8,3,1,0,3
2024-08-06,1438.7,Reliance,0.006,-1.3108383109830333,0.0,1,Reliance market update,0.6931471805599453,16.141439744949963,1,8,3,0,0,3
2024-08-07,1447.37,Reliance,0.006,-0.5800769997111853,-3.469446951953614e-18,0,Reliance market update,0.6931471805599453,15.916538551645214,2,8,3,0,0,3
2024-08-08,1431.86,Reliance,-0.0107,1.0432309164514928,0.0,1,Reliance market update,0.6931471805599453,16.33217367426585,3,8,3,0,0,3
2024-08-09,1456.73,Reliance,0.0174,-1.7176813487651306,0.0,0,Reliance market update,0.6931471805599453,15.648056341076037,4,8,3,0,1,3
2024-08-12,1443.22,Reliance,-0.0093,0.6978388944346262,0.0,1,Reliance market update,0.6931471805599453,15.917763064997375,0,8,3,1,0,3
2024-08-13,1446.19,Reliance,0.0021,-0.6921783599222847,0.0,0,Reliance market update,0.6931471805599453,15.650499521358245,1,8,3,0,0,3
2024-08-14,1444.43,Reliance,-0.0012,0.0193891454094642,0.0,1,Reliance market update,0.6931471805599453,15.650882843743444,2,8,3,0,0,3
2024-08-16,1460.59,Reliance,0.0112,1.0235564231547596,0.0,1,Reliance market update,0.6931471805599453,16.058016823918813,4,8,3,0,1,3
2024-08-19,1475.66,Reliance,0.0103,0.9649600421145829,0.0,1,Reliance market update,0.6931471805599453,16.440015586026917,0,8,3,1,0,3
2024-08-20,1483.14,Reliance,0.0051,-1.2736809750467988,0.0,1,Reliance market update,0.6931471805599453,15.945147109888367,1,8,3,0,0,3
2024-08-21,1485.84,Reliance,0.0018,-0.19169269134637817,0.0,0,Reliance market update,0.6931471805599453,15.86578033624337,2,8,3,0,0,3
2024-08-22,1485.3,Reliance,-0.0004,0.7610406691479156,0.0,1,Reliance market update,0.6931471805599453,16.16170891426079,3,8,3,0,0,3
2024-08-23,1487.13,Reliance,0.0012,-0.3044282836986631,0.0,1,Reliance market update,0.6931471805599453,16.04009681149575,4,8,3,0,1,3
2024-08-26,1499.65,Reliance,0.0084,-0.1083875746938134,0.0,0,Reliance market update,0.6931471805599453,15.992091854754364,0,8,3,1,0,3
2024-08-27,1487.6,Reliance,-0.008,-0.8923551598616893,0.0,0,Reliance market update,0.6931471805599453,15.648277124579991,1,8,3,0,0,3
2024-08-28,1485.47,Reliance,-0.0014,1.0766974519699215,0.0,1,Reliance market update,0.6931471805599453,16.078344645224778,2,8,3,0,0,3
2024-08-29,1507.9,Reliance,0.0151,2.9907636484457245,0.0,0,Reliance market update,0.6931471805599453,17.461883239741507,3,8,3,0,0,3
2024-08-30,1496.7,Reliance,-0.0074,0.23130593484412576,0.0,1,Reliance market update,0.6931471805599453,17.544108942446837,4,8,3,0,1,3
2024-09-02,1503.27,Reliance,0.0044,-2.860978532956831,0.0,0,Reliance market update,0.6931471805599453,16.235065289230057,0,9,3,1,0,3
2024-09-03,1496.2,Reliance,-0.0047,-0.05695434128347303,0.0,1,Reliance market update,0.6931471805599453,16.206454544639392,1,9,3,0,0,3
2024-09-04,1501.58,Reliance,0.0036,0.2577555283633118,0.0,0,Reliance market update,0.6931471805599453,16.299024989065433,2,9,3,0,0,3
2024-09-05,1480.19,Reliance,-0.0142,0.7837553076362765,0.0,0,Reliance market update,0.6931471805599453,16.604475025284046,3,9,3,0,0,3
2024-09-06,1452.28,Reliance,-0.0189,0.46802777700141923,0.0,0,Reliance market update,0.6931471805599453,16.78048610555252,4,9,3,0,1,3
2024-09-09,1449.93,Reliance,-0.0016,-1.897140536271151,0.0,0,Reliance market update,0.6931471805599453,16.01387881438351,0,9,3,1,0,3
2024-09-10,1449.01,Reliance,-0.0006,0.47344432602540787,0.0,0,Reliance market update,0.6931471805599453,16.192113569057298,1,9,3,0,0,3
2024-09-11,1439.07,Reliance,-0.0069,-0.2421161740839156,0.0,1,Reliance market update,0.6931471805599453,16.093823757353302,2,9,3,0,0,3
2024-09-12,1467.13,Reliance,0.0195,1.9430198079409546,0.0,0,Reliance market update,0.6931471805599453,16.922309003914986,3,9,3,0,0,3
2024-09-13,1460.02,Reliance,-0.0048,-2.2501993032714087,0.0,0,Reliance market update,0.6931471805599453,15.980134920426705,4,9,3,0,1,3
2024-09-16,1458.75,Reliance,-0.0009,-1.1955787162826212,0.0,1,Reliance market update,0.6931471805599453,15.516939511587752,0,9,3,1,0,3
2024-09-17,1459.69,Reliance,0.0006,0.22422383242279428,-3.469446951953614e-18,0,Reliance market update,0.6931471805599453,15.596433018356397,1,9,3,0,0,3
2024-09-18,1450.92,Reliance,-0.006,0.9319245228664039,0.0,1,Reliance market update,0.6931471805599453,15.964328314312342,2,9,3,0,0,3
2024-09-19,1457.09,Reliance,0.0043,1.6359402126450904,0.0,1,Reliance market update,0.6931471805599453,16.64612659074946,3,9,3,0,0,3
2024-09-20,1473.2,Reliance,0.0111,1.4589026617985053,0.0,1,Reliance market update,0.6931471805599453,17.24618003908027,4,9,3,0,1,3
2024-09-23,1480.59,Reliance,0.005,-2.777093984502488,0.0,0,Reliance market update,0.6931471805599453,15.993927712623876,0,9,3,1,0,3
2024-09-24,1476.62,Reliance,-0.0027,1.5953005874192319,0.0,1,Reliance market update,0.6931471805599453,16.656776393511308,1,9,3,0,0,3
2024-09-25,1481.16,Reliance,0.0031,-2.1407487099885527,0.0,1,Reliance market update,0.6931471805599453,15.771230009541174,2,9,3,0,0,3
2024-09-26,1485.12,Reliance,0.0027,2.2448095124725413,0.0,1,Reliance market update,0.6931471805599453,16.7503775026092,3,9,3,0,0,3
2024-09-27,1513.11,Reliance,0.0188,0.25193440720723603,0.0,0,Reliance market update,0.6931471805599453,16.840679247630156,4,9,3,0,1,3
2024-09-30,1463.93,Reliance,-0.0325,0.7009767824276198,0.0,0,Reliance market update,0.6931471805599453,17.111673852166604,0,9,3,1,0,3
2024-10-01,1452.28,Reliance,-0.008,-1.27891217175847,0.0,0,Reliance market update,0.6931471805599453,16.614719485013783,1,10,4,0,0,3
2024-10-03,1394.93,Reliance,-0.0395,1.9501590678918364,0.0,0,Reliance market update,0.6931471805599453,17.446689260023003,3,10,4,0,0,3
2024-10-04,1374.65,Reliance,-0.0145,-0.0296744530947356,0.0,0,Reliance market update,0.6931471805599453,17.428396182042587,4,10,4,0,1,3
2024-10-07,1358.99,Reliance,-0.0114,-1.3197709178564805,0.0,1,Reliance market update,0.6931471805599453,16.91476199793263,0,10,4,1,0,3
2024-10-08,1385.39,Reliance,0.0194,-0.6859804059036304,0.0,0,Reliance market update,0.6931471805599453,16.6499472122948,1,10,4,0,0,3
2024-10-09,1362.83,Reliance,-0.0163,-0.4428637099334922,0.0,0,Reliance market update,0.6931471805599453,16.47651184803552,2,10,4,0,0,3
2024-10-10,1359.31,Reliance,-0.0026,1.1138107123420777,0.0,1,Reliance market update,0.6931471805599453,16.92272369458138,3,10,4,0,0,3
2024-10-11,1360.35,Reliance,0.0008,-2.412420679314182,0.0,1,Reliance market update,0.6931471805599453,15.89246438284104,4,10,4,0,1,3
2024-10-14,1360.77,Reliance,0.0003,1.0678243385533484,0.0,0,Reliance market update,0.6931471805599453,16.31870177160829,0,10,4,1,0,3
2024-10-15,1332.52,Reliance,-0.0208,2.316898223569828,0.0,1,Reliance market update,0.6931471805599453,17.334870014549463,1,10,4,0,0,3
2024-10-16,1342.48,Reliance,0.0075,-1.3397317596059595,0.0,1,Reliance market update,0.6931471805599453,16.812963300662094,2,10,4,0,0,3
2024-10-17,1344.81,Reliance,0.0017,-0.656870787458496,0.0,1,Reliance market update,0.6931471805599453,16.559163460743434,3,10,4,0,0,3
2024-10-18,1347.66,Reliance,0.0021,-0.6517609255843335,0.0,1,Reliance market update,0.6931471805599453,16.30726479277037,4,10,4,0,1,3
2024-10-21,1357.48,Reliance,0.0073,0.40827622871654423,0.0,0,Reliance market update,0.6931471805599453,16.45937126145756,0,10,4,1,0,3
2024-10-22,1331.85,Reliance,-0.0189,0.32269761278040576,0.0,0,Reliance market update,0.6931471805599453,16.57754130289617,1,10,4,0,0,3
2024-10-23,1327.06,Reliance,-0.0036,0.23507267716265612,0.0,1,Reliance market update,0.6931471805599453,16.6612767258022,2,10,4,0,0,3
2024-10-24,1328.33,Reliance,0.001,0.6556143708933767,0.0,0,Reliance market update,0.6931471805599453,16.913615964388274,3,10,4,0,0,3
2024-10-25,1316.48,Reliance,-0.0089,-0.4473138472155797,0.0,1,Reliance market update,0.6931471805599453,16.738537559735615,4,10,4,0,1,3
2024-10-28,1322.93,Reliance,0.0049,-1.3865215215729845,0.0,1,Reliance market update,0.6931471805599453,16.197308876244904,0,10,4,1,0,3
2024-10-29,1328.53,Reliance,0.0042,0.2863758619845527,0.0,1,Reliance market update,0.6931471805599453,16.30111379840999,1,10,4,0,0,3
2024-10-30,1332.39,Reliance,0.0029,0.0130900245027112,0.0,0,Reliance market update,0.6931471805599453,16.299118364620604,2,10,4,0,0,3
2024-10-31,1320.65,Reliance,-0.0088,-0.6473389560478938,0.0,1,Reliance market update,0.6931471805599453,16.048922513224383,3,10,4,0,0,3
2024-11-01,1327.19,Reliance,0.005,-3.089385750110093,-3.469446951953614e-18,0,Reliance market update,0.6931471805599453,14.570381050676971,4,11,4,0,1,3
2024-11-04,1291.0,Reliance,-0.0273,4.290105780605055,3.469446951953614e-18,1,Reliance market update,0.6931471805599453,16.801035463133783,0,11,4,1,0,3
2024-11-05,1294.12,Reliance,0.0024,-0.5041785913090953,0.0,1,Reliance market update,0.6931471805599453,16.604678580905308,1,11,4,0,0,3
2024-11-06,1314.0,Reliance,0.0154,0.7340619998160998,0.0,0,Reliance market update,0.6931471805599453,16.889370321717724,2,11,4,0,0,3
2024-11-07,1294.47,Reliance,-0.0149,-1.98987406617863,0.0,0,Reliance market update,0.6931471805599453,16.07852027491959,3,11,4,0,0,3
2024-11-08,1272.76,Reliance,-0.0168,1.7244041096007063,0.0,0,Reliance market update,0.6931471805599453,16.801919857335744,4,11,4,0,1,3
2024-11-11,1261.8,Reliance,-0.0086,-1.9315595201395497,0.0,1,Reliance market update,0.6931471805599453,16.018999142048372,0,11,4,1,0,3
2024-11-12,1263.34,Reliance,0.0012,0.4381721538698964,0.0,0,Reliance market update,0.6931471805599453,16.183048961059054,1,11,4,0,0,3
2024-11-13,1241.33,Reliance,-0.0174,0.8084571910332428,0.0,1,Reliance market update,0.6931471805599453,16.498833135863247,2,11,4,0,0,3
2024-11-14,1256.75,Reliance,0.0124,-0.37663667214165614,0.0,0,Reliance market update,0.6931471805599453,16.35020956796814,3,11,4,0,0,3
2024-11-18,1249.96,Reliance,-0.0054,0.21759084862006328,0.0,0,Reliance market update,0.6931471805599453,16.427094791596847,0,11,4,1,0,3
2024-11-19,1231.02,Reliance,-0.0151,0.12381159066500648,0.0,0,Reliance market update,0.6931471805599453,16.467607289577664,1,11,4,0,0,3
2024-11-21,1212.53,Reliance,-0.015,0.8063677636643504,0.0,1,Reliance market update,0.6931471805599453,16.782526640180425,3,11,4,0,0,3
2024-11-22,1254.57,Reliance,0.0347,0.153687983931872,0.0,1,Reliance market update,0.6931471805599453,16.834566605237008,4,11,4,0,1,3
2024-11-25,1275.98,Reliance,0.0171,0.879289001366299,0.0,1,Reliance market update,0.6931471805599453,17.18015950874425,0,11,4,1,0,3
2024-11-26,1284.61,Reliance,0.0068,-2.6009915883638097,0.0,0,Reliance market update,0.6931471805599453,16.039870074634475,1,11,4,0,0,3
2024-11-27,1282.13,Reliance,-0.0019,0.10857853089837378,0.0,0,Reliance market update,0.6931471805599453,16.074430765082436,2,11,4,0,0,3
2024-11-28,1259.92,Reliance,-0.0173,1.124648628254364,0.0,1,Reliance market update,0.6931471805599453,16.52538662449257,3,11,4,0,0,3
2024-11-29,1281.14,Reliance,0.0168,-0.3256412238330323,0.0,1,Reliance market update,0.6931471805599453,16.395902220757232,4,11,4,0,1,3
2024-12-02,1297.94,Reliance,0.0131,-0.46134540698760745,0.0,1,Reliance market update,0.6931471805599453,16.215599150949135,0,12,4,1,0,3
2024-12-03,1311.97,Reliance,0.0108,1.0658632786450326,0.0,0,Reliance market update,0.6931471805599453,16.64101680793518,1,12,4,0,0,3
2024-12-04,1297.74,Reliance,-0.0108,0.40418296621584376,0.0,1,Reliance market update,0.6931471805599453,16.79147579458874,2,12,4,0,0,3
2024-12-05,1310.73,Reliance,0.01,-0.3831572736319067,0.0,0,Reliance market update,0.6931471805599453,16.64037882558617,3,12,4,0,0,3
2024-12-06,1300.32,Reliance,-0.0079,-1.5798909103495835,0.0,0,Reliance market update,0.6931471805599453,16.016894805198817,4,12,4,0,1,3
2024-12-09,1284.06,Reliance,-0.0125,1.1978616249360483,0.0,0,Reliance market update,0.6931471805599453,16.499951098205486,0,12,4,1,0,3
2024-12-10,1273.85,Reliance,-0.008,0.2533330493705844,0.0,0,Reliance market update,0.6931471805599453,16.59082867700946,1,12,4,0,0,3
2024-12-11,1267.26,Reliance,-0.0052,-0.8139623505986675,0.0,0,Reliance market update,0.6931471805599453,16.277180480679412,2,12,4,0,0,3
2024-12-12,1252.09,Reliance,-0.012,1.4113165087416257,0.0,1,Reliance market update,0.6931471805599453,16.85558569250736,3,12,4,0,0,3
2024-12-13,1261.95,Reliance,0.0079,0.8051478336301379,0.0,0,Reliance market update,0.6931471805599453,17.169973466076446,4,12,4,0,1,3
2024-12-16,1257.44,Reliance,-0.0036,-2.5410920133536075,0.0,0,Reliance market update,0.6931471805599453,16.065410019297886,0,12,4,1,0,3
2024-12-17,1234.64,Reliance,-0.0181,1.4810156573815454,0.0,1,Reliance market update,0.6931471805599453,16.675583003953722,1,12,4,0,0,3
2024-12-18,1242.52,Reliance,0.0064,-0.8325906233939419,0.0,0,Reliance market update,0.6931471805599453,16.354761758984093,2,12,4,0,0,3
2024-12-19,1219.91,Reliance,-0.0182,0.3202220036910681,0.0,0,Reliance market update,0.6931471805599453,16.47189223639487,3,12,4,0,0,3
2024-12-20,1194.98,Reliance,-0.0204,0.9012545236674456,0.0,1,Reliance market update,0.6931471805599453,16.82676656247862,4,12,4,0,1,3
2024-12-23,1211.83,Reliance,0.0141,-1.760299537086707,0.0,1,Reliance market update,0.6931471805599453,16.123364247497058,0,12,4,1,0,3
2024-12-24,1212.28,Reliance,0.0004,-1.0379782342630017,0.0,0,Reliance market update,0.6931471805599453,15.722816192548326,1,12,4,0,0,3
2024-12-26,1206.13,Reliance,-0.0051,0.9997518187723965,0.0,1,Reliance market update,0.6931471805599453,16.119712243568078,3,12,4,0,0,3
2024-12-27,1210.6,Reliance,0.0037,-0.9298004005553803,0.0,0,Reliance market update,0.6931471805599453,15.761477562546139,4,12,4,0,1,3
2024-12-30,1200.33,Reliance,-0.0085,0.6035007542472152,0.0,1,Reliance market update,0.6931471805599453,15.992392622292247,0,12,4,1,0,3
2024-12-31,1205.04,Reliance,0.0039,-0.8300772113166002,0.0,1,Reliance market update,0.6931471805599453,15.672663807491496,1,12,4,0,0,3
2025-01-01,1210.79,Reliance,0.0048,-0.20267895802264663,0.0,1,Reliance market update,0.6931471805599453,15.58920635703338,2,1,1,0,0,3
2025-01-02,1231.17,Reliance,0.0168,2.219517859650143,0.0,1,Reliance market update,0.6931471805599453,16.555464834892685,3,1,1,0,0,3
2025-01-03,1240.44,Reliance,0.0075,0.024100633051689895,0.0,0,Reliance market update,0.6931471805599453,16.557711139781652,4,1,1,0,1,3
2025-01-06,1207.57,Reliance,-0.0265,-0.10421748889941712,0.0,1,Reliance market update,0.6931471805599453,16.511270002886693,0,1,1,1,0,3
2025-01-07,1230.23,Reliance,0.0188,-1.0013253367394317,0.0,1,Reliance market update,0.6931471805599453,16.12512151169451,1,1,1,0,0,3
2025-01-08,1254.66,Reliance,0.0199,1.5738705140712224,0.0,0,Reliance market update,0.6931471805599453,16.778026217632924,2,1,1,0,0,3
2025-01-09,1244.01,Reliance,-0.0085,-1.0711490636201173,0.0,0,Reliance market update,0.6931471805599453,16.36454197142903,3,1,1,0,0,3
2025-01-10,1231.27,Reliance,-0.0102,-1.1743133983817913,0.0,0,Reliance market update,0.6931471805599453,15.909881721149196,4,1,1,0,1,3
2025-01-13,1229.23,Reliance,-0.0017,1.2986645582948473,0.0,0,Reliance market update,0.6931471805599453,16.437629671081783,0,1,1,1,0,3
2025-01-14,1228.14,Reliance,-0.0009,-0.11312305736739629,0.0,1,Reliance market update,0.6931471805599453,16.387761425177715,1,1,1,0,0,3
2025-01-15,1241.48,Reliance,0.0109,-0.8114622473837868,0.0,1,Reliance market update,0.6931471805599453,16.075068831764195,2,1,1,0,0,3
2025-01-16,1255.61,Reliance,0.0114,0.9786406966066221,0.0,1,Reliance market update,0.6931471805599453,16.4629330872454,3,1,1,0,0,3
2025-01-17,1291.2,Reliance,0.0283,1.7434623421014555,0.0,1,Reliance market update,0.6931471805599453,17.19535756719044,4,1,1,0,1,3
2025-01-20,1294.27,Reliance,0.0024,-1.8357344134134141,0.0,0,Reliance market update,0.6931471805599453,16.457438406552136,0,1,1,1,0,3
2025-01-21,1262.79,Reliance,-0.0243,0.1135857882620541,0.0,1,Reliance market update,0.6931471805599453,16.493993044118554,1,1,1,0,0,3
2025-01-22,1266.17,Reliance,0.0027,-0.9055274471961671,0.0,0,Reliance market update,0.6931471805599453,16.145087179989766,2,1,1,0,0,3
2025-01-23,1252.83,Reliance,-0.0105,-0.41756801768609214,0.0,0,Reliance market update,0.6931471805599453,15.98120811850594,3,1,1,0,0,3
2025-01-24,1235.63,Reliance,-0.0137,1.2137550128631687,0.0,0,Reliance market update,0.6931471805599453,16.471282488521076,4,1,1,0,1,3
2025-01-27,1218.82,Reliance,-0.0136,-1.0383579136700878,0.0,1,Reliance market update,0.6931471805599453,16.070586765600506,0,1,1,1,0,3
2025-01-28,1223.83,Reliance,0.0041,0.2836243404900301,0.0,1,Reliance market update,0.6931471805599453,16.17334358543865,1,1,1,0,0,3
2025-01-29,1224.92,Reliance,0.0009,-1.4739990381514172,0.0,1,Reliance market update,0.6931471805599453,15.595223930087784,2,1,1,0,0,3
2025-01-30,1242.32,Reliance,0.0142,1.11557273384161,0.0,1,Reliance market update,0.6931471805599453,16.042214106955445,3,1,1,0,0,3
2025-01-31,1254.27,Reliance,0.0096,-0.8876102007037954,0.0,0,Reliance market update,0.6931471805599453,15.700246121500836,4,1,1,0,1,3
2025-02-01,1253.77,Reliance,-0.0004,0.2204362865919891,0.0,0,Reliance market update,0.6931471805599453,15.778201124979518,5,2,1,0,0,3
2025-02-03,1235.23,Reliance,-0.0148,0.6796462117519891,0.0,1,Reliance market update,0.6931471805599453,16.040387698953705,0,2,1,1,0,3
2025-02-04,1274.2,Reliance,0.0315,1.4368620126368588,0.0,0,Reliance market update,0.6931471805599453,16.6303844038287,1,2,1,0,0,3
2025-02-05,1267.26,Reliance,-0.0054,-1.2893936101335566,0.0,1,Reliance market update,0.6931471805599453,16.12923626324441,2,2,1,0,0,3
2025-02-06,1270.58,Reliance,0.0026,-0.02244098253249607,0.0,0,Reliance market update,0.6931471805599453,16.11368614335349,3,2,1,0,0,3
2025-02-07,1255.85,Reliance,-0.0116,-0.3201699976663117,0.0,0,Reliance market update,0.6931471805599453,15.986195384466841,4,2,1,0,1,3
2025-02-10,1242.92,Reliance,-0.0103,-0.5907420936054937,0.0,0,Reliance market update,0.6931471805599453,15.75726537127211,0,2,1,1,0,3
2025-02-11,1224.28,Reliance,-0.015,0.6249425001425921,0.0,0,Reliance market update,0.6931471805599453,15.997025155021005,1,2,1,0,0,3
2025-02-12,1206.13,Reliance,-0.0148,2.0260273465361958,0.0,0,Reliance market update,0.6931471805599453,16.86628271118191,2,2,1,0,0,3
2025-02-13,1205.69,Reliance,-0.0004,-2.1872715450155815,0.0,1,Reliance market update,0.6931471805599453,15.956895498550473,3,2,1,0,0,3
2025-02-14,1206.83,Reliance,0.0009,0.5039882786232686,0.0,1,Reliance market update,0.6931471805599453,16.14747443699792,4,2,1,0,1,3
2025-02-17,1214.41,Reliance,0.0063,-0.5987650901484737,0.0,1,Reliance market update,0.6931471805599453,15.915573509293573,0,2,1,1,0,3
2025-02-18,1214.91,Reliance,0.0004,-0.5191401206962297,0.0,1,Reliance market update,0.6931471805599453,15.713617705444792,1,2,1,0,0,3
2025-02-19,1216.94,Reliance,0.0017,-0.16872785737010962,0.0,1,Reliance market update,0.6931471805599453,15.642852559672233,2,2,1,0,0,3
2025-02-20,1222.44,Reliance,0.0045,0.5918082404120047,0.0,0,Reliance market update,0.6931471805599453,15.869067849210301,3,2,1,0,0,3
2025-02-21,1217.63,Reliance,-0.0039,-0.30412649044499507,0.0,0,Reliance market update,0.6931471805599453,15.747615277671102,4,2,1,0,1,3
2025-02-24,1204.15,Reliance,-0.0111,0.11783211223940378,0.0,0,Reliance market update,0.6931471805599453,15.785764687416245,0,2,1,1,0,3
2025-02-25,1193.69,Reliance,-0.0087,1.183235308079529,0.0,1,Reliance market update,0.6931471805599453,16.262384981402015,1,2,1,0,0,3
2025-02-27,1196.76,Reliance,0.0026,0.008616279339969534,0.0,0,Reliance market update,0.6931471805599453,16.25865866369527,3,2,1,0,0,3
2025-02-28,1189.82,Reliance,-0.0058,1.6591479036883423,0.0,0,Reliance market update,0.6931471805599453,16.95132207137534,4,2,1,0,1,3
2025-03-03,1161.22,Reliance,-0.024,-0.6425836630749683,3.469446951953614e-18,0,Reliance market update,0.6931471805599453,16.7028186832825,0,3,1,1,0,3
2025-03-04,1151.95,Reliance,-0.008,-1.177063867282325,0.0,1,Reliance market update,0.6931471805599453,16.247137204322488,1,3,1,0,0,3
2025-03-05,1165.53,Reliance,0.0118,-0.7059936400769443,0.0,1,Reliance market update,0.6931471805599453,15.974698147933987,2,3,1,0,0,3
2025-03-06,1199.24,Reliance,0.0289,1.2650361091179871,0.0,1,Reliance market update,0.6931471805599453,16.487450908824393,3,3,1,0,0,3
2025-03-07,1239.1,Reliance,0.0332,0.3523835835090155,0.0,0,Reliance market update,0.6931471805599453,16.617352574617787,4,3,1,0,1,3
2025-03-10,1227.8,Reliance,-0.0091,-0.8376228262908841,0.0,1,Reliance market update,0.6931471805599453,16.29465497124254,0,3,1,1,0,3
2025-03-11,1236.62,Reliance,0.0072,-0.4273431137024077,0.0,1,Reliance market update,0.6931471805599453,16.12703943581002,1,3,1,0,0,3
2025-03-12,1246.29,Reliance,0.0078,0.4567288775806892,0.0,0,Reliance market update,0.6931471805599453,16.29854512316159,2,3,1,0,0,3
2025-03-13,1237.22,Reliance,-0.0073,-0.5967573974872772,0.0,0,Reliance market update,0.6931471805599453,16.067357044808062,3,3,1,0,0,3
2025-03-17,1228.24,Reliance,-0.0073,1.3706173705213542,0.0,0,Reliance market update,0.6931471805599453,16.627375160104855,0,3,1,1,0,3
2025-03-19,1236.47,Reliance,0.0067,0.005716256000068142,0.0,1,Reliance market update,0.6931471805599453,16.59819811488147,2,3,1,0,0,3
2025-03-20,1258.28,Reliance,0.0176,-0.012835125165438097,0.0,1,Reliance market update,0.6931471805599453,16.586315064437336,3,3,1,0,0,3
2025-03-21,1265.42,Reliance,0.0057,0.7951838890613776,0.0,1,Reliance market update,0.6931471805599453,16.89653802837952,4,3,1,0,1,3
2025-03-24,1290.95,Reliance,0.0202,-0.16787100101107888,0.0,0,Reliance market update,0.6931471805599453,16.826097945914015,0,3,1,1,0,3
2025-03-25,1274.44,Reliance,-0.0128,-1.016775305963502,0.0,0,Reliance market update,0.6931471805599453,16.43392047498128,1,3,1,0,0,3
2025-03-26,1262.15,Reliance,-0.0096,-0.31956278781222613,0.0,1,Reliance market update,0.6931471805599453,16.306626887719922,2,3,1,0,0,3
2025-03-27,1267.26,Reliance,0.004,0.5737379243026632,0.0,0,Reliance market update,0.6931471805599453,16.525429478588688,3,3,1,0,0,3
2025-03-28,1264.18,Reliance,-0.0024,0.49906825190063026,0.0,0,Reliance market update,0.6931471805599453,16.71402297945002,4,3,1,0,1,3
2025-04-01,1241.88,Reliance,-0.0176,-1.0501463600456373,0.0,0,Reliance market update,0.6931471805599453,16.308687001881758,1,4,2,0,0,3
2025-04-02,1240.44,Reliance,-0.0012,-0.450815276022879,0.0,0,Reliance market update,0.6931471805599453,16.132254046169397,2,4,2,0,0,3
2025-04-03,1238.01,Reliance,-0.002,-0.8061109116615793,0.0,0,Reliance market update,0.6931471805599453,15.821623996390493,3,4,2,0,0,3
2025-04-04,1194.39,Reliance,-0.0352,2.0460874862723455,3.469446951953614e-18,0,Reliance market update,0.6931471805599453,16.700794561828292,4,4,2,0,1,3
2025-04-07,1155.72,Reliance,-0.0324,0.5590768084090891,3.469446951953614e-18,1,Reliance market update,0.6931471805599453,16.913623727515056,0,4,2,1,0,3
2025-04-08,1172.08,Reliance,0.0142,-0.3131955840357607,0.0,1,Reliance market update,0.6931471805599453,16.788743662820025,1,4,2,0,0,3
2025-04-09,1175.2,Reliance,0.0027,-1.6374195308835684,0.0,1,Reliance market update,0.6931471805599453,16.14016091264405,2,4,2,0,0,3
2025-04-11,1208.51,Reliance,0.0283,0.25984691773829705,0.0,1,Reliance market update,0.6931471805599453,16.233586550565715,4,4,2,0,1,3
2025-04-15,1229.48,Reliance,0.0174,0.46677562672136225,0.0,0,Reliance market update,0.6931471805599453,16.409162189637517,1,4,2,0,0,3
2025-04-16,1228.69,Reliance,-0.0006,-1.2464211644099124,0.0,1,Reliance market update,0.6931471805599453,15.925537680393381,2,4,2,0,0,3
2025-04-17,1263.59,Reliance,0.0284,1.5117269677892107,3.469446951953614e-18,1,Reliance market update,0.6931471805599453,16.549774295766003,3,4,2,0,0,3
2025-04-21,1284.41,Reliance,0.0165,-1.010361674346664,0.0,0,Reliance market update,0.6931471805599453,16.160193471266627,0,4,2,1,0,3
2025-04-22,1280.14,Reliance,-0.0033,0.5871108781274208,0.0,1,Reliance market update,0.6931471805599453,16.38442956439483,1,4,2,0,0,3
2025-04-23,1288.87,Reliance,0.0068,-0.565472598409243,0.0,1,Reliance market update,0.6931471805599453,16.165064061503735,2,4,2,0,0,3
2025-04-24,1290.46,Reliance,0.0012,0.015454492884232724,0.0,0,Reliance market update,0.6931471805599453,16.1639234315993,3,4,2,0,0,3
2025-04-25,1289.27,Reliance,-0.0009,0.8209441049417104,0.0,1,Reliance market update,0.6931471805599453,16.484890129256282,4,4,2,0,1,3
2025-04-28,1357.08,Reliance,0.0526,1.8180121885865888,0.0,1,Reliance market update,0.6931471805599453,17.25286296476691,0,4,2,1,0,3
2025-04-29,1387.72,Reliance,0.0226,0.1357170502718312,0.0,1,Reliance market update,0.6931471805599453,17.297949036636844,1,4,2,0,0,3
2025-04-30,1392.97,Reliance,0.0038,-0.6320792726937292,0.0,1,Reliance market update,0.6931471805599453,17.05343366610464,2,4,2,0,0,3
2025-05-02,1407.64,Reliance,0.0105,-1.6912246218196318,0.0,1,Reliance market update,0.6931471805599453,16.381062964324496,4,5,2,0,1,3
2025-05-05,1419.05,Reliance,0.0081,-0.04773197353183444,0.0,0,Reliance market update,0.6931471805599453,16.355981991326676,0,5,2,1,0,3
2025-05-06,1408.73,Reliance,-0.0073,0.2882080641226203,0.0,0,Reliance market update,0.6931471805599453,16.4605583375236,1,5,2,0,0,3
2025-05-07,1393.96,Reliance,-0.0105,-0.1050508851340199,0.0,1,Reliance market update,0.6931471805599453,16.413758541788805,2,5,2,0,0,3
2025-05-08,1394.95,Reliance,0.0007,0.4802971880395025,0.0,0,Reliance market update,0.6931471805599453,16.59471335888254,3,5,2,0,0,3
2025-05-09,1365.41,Reliance,-0.0212,-0.4178828107825773,0.0,1,Reliance market update,0.6931471805599453,16.43063410307772,4,5,2,0,1,3
2025-05-12,1424.2,Reliance,0.0431,-0.639530427104428,0.0,0,Reliance market update,0.6931471805599453,16.183329118064993,0,5,2,1,0,3
2025-05-13,1403.58,Reliance,-0.0145,0.19083393407104193,0.0,1,Reliance market update,0.6931471805599453,16.2498163928437,1,5,2,0,0,3
2025-05-14,1412.2,Reliance,0.0061,-1.7898050485414407,0.0,1,Reliance market update,0.6931471805599453,15.532934516333126,2,5,2,0,0,3
2025-05-15,1441.75,Reliance,0.0209,2.82100945073831,0.0,1,Reliance market update,0.6931471805599453,16.820064406754554,3,5,2,0,0,3
2025-05-16,1443.93,Reliance,0.0015,-1.9740777296711234,0.0,0,Reliance market update,0.6931471805599453,16.016804178836143,4,5,2,0,1,3
2025-05-19,1428.46,Reliance,-0.0107,-0.9792015189406448,0.0,0,Reliance market update,0.6931471805599453,15.63938090991022,0,5,2,1,0,3
2025-05-20,1412.4,Reliance,-0.0112,1.4551687279233465,0.0,1,Reliance market update,0.6931471805599453,16.237704662949206,1,5,2,0,0,3
2025-05-21,1416.96,Reliance,0.0032,-1.5439046953779842,0.0,0,Reliance market update,0.6931471805599453,15.629743105266586,2,5,2,0,0,3
2025-05-22,1397.33,Reliance,-0.0139,1.6360484129243538,0.0,1,Reliance market update,0.6931471805599453,16.311560473640103,3,5,2,0,0,3
2025-05-23,1414.58,Reliance,0.0123,-1.5906530274455912,0.0,1,Reliance market update,0.6931471805599453,15.683441250331484,4,5,2,0,1,3
2025-05-26,1422.52,Reliance,0.0056,-0.7530490668942541,0.0,0,Reliance market update,0.6931471805599453,15.393033564723728,0,5,2,1,0,3
2025-05-27,1409.92,Reliance,-0.0089,2.205994996397744,0.0,0,Reliance market update,0.6931471805599453,16.352409778422498,1,5,2,0,0,3
2025-05-28,1400.8,Reliance,-0.0065,-1.8711276323204142,0.0,1,Reliance market update,0.6931471805599453,15.59799582104866,2,5,2,0,0,3
2025-05-29,1405.66,Reliance,0.0035,1.9668981576166182,0.0,1,Reliance market update,0.6931471805599453,16.438142149313038,3,5,2,0,0,3
2025-05-30,1408.73,Reliance,0.0022,0.021484497416219384,0.0,0,Reliance market update,0.6931471805599453,16.43934438151519,4,5,2,0,1,3
2025-06-02,1401.6,Reliance,-0.0051,-1.3642968323340041,0.0,0,Reliance market update,0.6931471805599453,15.907210285152841,0,6,2,1,0,3
2025-06-03,1393.47,Reliance,-0.0058,0.8396876693731004,0.0,1,Reliance market update,0.6931471805599453,16.23611217046634,1,6,2,0,0,3
2025-06-04,1411.31,Reliance,0.0128,-0.844824132175843,0.0,1,Reliance market update,0.6931471805599453,15.910681245490217,2,6,2,0,0,3
2025-06-05,1430.05,Reliance,0.0133,1.2889900924265212,0.0,1,Reliance market update,0.6931471805599453,16.434133229165187,3,6,2,0,0,3
2025-06-06,1431.14,Reliance,0.0008,-1.3270929649782868,0.0,1,Reliance market update,0.6931471805599453,15.917466976835483,4,6,2,0,1,3
2025-06-09,1436.4,Reliance,0.0037,-0.07908519278985941,0.0,0,Reliance market update,0.6931471805599453,15.880488757959908,0,6,2,1,0,3
2025-06-10,1426.18,Reliance,-0.0071,0.027757535377103588,0.0,1,Reliance market update,0.6931471805599453,15.884040534453206,1,6,2,0,0,3
2025-06-11,1436.49,Reliance,0.0072,0.10983152187810773,0.0,0,Reliance market update,0.6931471805599453,15.919120306465125,2,6,2,0,0,3
2025-06-12,1429.26,Reliance,-0.005,0.21117357885915877,0.0,0,Reliance market update,0.6931471805599453,15.993452073007038,3,6,2,0,0,3
2025-06-13,1415.67,Reliance,-0.0095,0.2769588321671099,0.0,1,Reliance market update,0.6931471805599453,16.09352392356104,4,6,2,0,1,3
2025-06-16,1425.49,Reliance,0.0069,-0.36148258812144435,0.0,0,Reliance market update,0.6931471805599453,15.950634410691286,0,6,2,1,0,3
2025-06-17,1418.95,Reliance,-0.0046,0.5358639341385916,0.0,0,Reliance market update,0.6931471805599453,16.154099657592507,1,6,2,0,0,3
2025-06-18,1417.86,Reliance,-0.0008,-1.135998859000121,0.0,1,Reliance market update,0.6931471805599453,15.71488839198933,2,6,2,0,0,3
2025-06-19,1421.03,Reliance,0.0022,1.0161223109006423,0.0,1,Reliance market update,0.6931471805599453,16.118818489647477,3,6,2,0,0,3
2025-06-20,1453.65,Reliance,0.023,2.4095623315627077,0.0,0,Reliance market update,0.6931471805599453,17.183173079331933,4,6,2,0,1,3
2025-06-23,1444.33,Reliance,-0.0064,-3.209347148649338,0.0,0,Reliance market update,0.6931471805599453,15.605448202009493,0,6,2,1,0,3
2025-06-24,1438.38,Reliance,-0.0041,2.300120405026678,0.0,1,Reliance market update,0.6931471805599453,16.612959256837065,1,6,2,0,0,3
2025-06-25,1454.74,Reliance,0.0114,-1.9237387991125503,0.0,1,Reliance market update,0.6931471805599453,15.833854584781381,2,6,2,0,0,3
2025-06-26,1482.5,Reliance,0.0191,1.6034867280976663,0.0,1,Reliance market update,0.6931471805599453,16.50048958789587,3,6,2,0,0,3
2025-06-27,1502.43,Reliance,0.0134,-0.7167404029148621,0.0,0,Reliance market update,0.6931471805599453,16.223990793677626,4,6,2,0,1,3
2025-06-30,1487.75,Reliance,-0.0098,-0.7233443716227222,0.0,1,Reliance market update,0.6931471805599453,15.944875906711832,0,6,2,1,0,3
2025-07-01,1515.31,Reliance,0.0185,0.5505051151972067,0.0,0,Reliance market update,0.6931471805599453,16.15428523642054,1,7,3,0,0,3
2025-07-02,1505.8,Reliance,-0.0063,-1.2584261641578522,0.0,0,Reliance market update,0.6931471805599453,15.665696627284788,2,7,3,0,0,3
2025-07-03,1504.8,Reliance,-0.0007,1.3996446589025135,0.0,1,Reliance market update,0.6931471805599453,16.23883360542765,3,7,3,0,0,3
2025-07-04,1514.22,Reliance,0.0063,-1.3733380477842687,0.0,1,Reliance market update,0.6931471805599453,15.70311067233564,4,7,3,0,1,3
2025-07-07,1528.3,Reliance,0.0093,0.2603113687091953,0.0,0,Reliance market update,0.6931471805599453,15.796660291701148,0,7,3,1,0,3
2025-07-08,1524.44,Reliance,-0.0025,-0.010706503230332972,0.0,0,Reliance market update,0.6931471805599453,15.785592208245259,1,7,3,0,0,3
2025-07-09,1505.99,Reliance,-0.0121,0.5586789830244384,0.0,0,Reliance market update,0.6931471805599453,15.998259872366042,2,7,3,0,0,3
2025-07-10,1504.21,Reliance,-0.0012,0.33882439993971336,0.0,0,Reliance market update,0.6931471805599453,16.122797579546567,3,7,3,0,0,3
2025-07-11,1482.4,Reliance,-0.0145,-0.8524012671656751,0.0,0,Reliance market update,0.6931471805599453,15.794439812311104,4,7,3,0,1,3
2025-07-14,1471.0,Reliance,-0.0077,0.9000963225911423,0.0,1,Reliance market update,0.6931471805599453,16.14880398640808,0,7,3,1,0,3
2025-07-15,1472.68,Reliance,0.0011,-0.6131914918811351,0.0,1,Reliance market update,0.6931471805599453,15.911373403960507,1,7,3,0,0,3
2025-07-16,1472.88,Reliance,0.0001,0.6425306166786532,0.0,0,Reliance market update,0.6931471805599453,16.158275903606302,2,7,3,0,0,3
2025-07-17,1463.76,Reliance,-0.0062,0.3526050792031699,0.0,0,Reliance market update,0.6931471805599453,16.28822771685033,3,7,3,0,0,3
2025-07-18,1463.36,Reliance,-0.0003,-0.35624487402764404,0.0,0,Reliance market update,0.6931471805599453,16.147297010684124,4,7,3,0,1,3
2025-07-21,1416.37,Reliance,-0.0321,1.8413517387950105,0.0,0,Reliance market update,0.6931471805599453,16.926477957340737,0,7,3,1,0,3
2025-07-22,1400.7,Reliance,-0.0111,-0.23505861877028236,0.0,1,Reliance market update,0.6931471805599453,16.830865099413412,1,7,3,0,0,3
2025-07-23,1412.4,Reliance,0.0084,-2.1546190505697593,0.0,0,Reliance market update,0.6931471805599453,15.93832248425824,2,7,3,0,0,3
2025-07-24,1390.89,Reliance,-0.0152,1.3878922367379292,0.0,0,Reliance market update,0.6931471805599453,16.506109908175013,3,7,3,0,0,3
2025-07-25,1379.78,Reliance,-0.008,-0.5615016491455286,0.0,0,Reliance market update,0.6931471805599453,16.288236911540167,4,7,3,0,1,3
2025-07-28,1375.72,Reliance,-0.0029,-1.1007415690000477,0.0,1,Reliance market update,0.6931471805599453,15.862992024152238,0,7,3,1,0,3
2025-07-29,1404.97,Reliance,0.0213,0.8362628114741241,0.0,0,Reliance market update,0.6931471805599453,16.190423103212563,1,7,3,0,0,3
2025-07-30,1398.03,Reliance,-0.0049,-1.0353215159602431,0.0,0,Reliance market update,0.6931471805599453,15.790958704606437,2,7,3,0,0,3
2025-07-31,1378.3,Reliance,-0.0141,2.010596756741472,0.0,1,Reliance market update,0.6931471805599453,16.652588659509185,3,7,3,0,0,3
2025-08-01,1381.77,Reliance,0.0025,-1.2934316964712993,0.0,1,Reliance market update,0.6931471805599453,16.149707877461047,4,8,3,0,1,3
2025-08-04,1399.41,Reliance,0.0128,-1.26604679458024,0.0,0,Reliance market update,0.6931471805599453,15.658093202758009,0,8,3,1,0,3
2025-08-05,1379.78,Reliance,-0.014,0.9816491942204288,0.0,1,Reliance market update,0.6931471805599453,16.04724101174258,1,8,3,0,0,3
2025-08-06,1380.87,Reliance,0.0008,-1.2074398867876026,0.0,0,Reliance market update,0.6931471805599453,15.579267078981953,2,8,3,0,0,3
2025-08-07,1377.5,Reliance,-0.0024,1.318244250716711,0.0,0,Reliance market update,0.6931471805599453,16.115763533685577,3,8,3,0,0,3
2025-08-08,1356.09,Reliance,-0.0155,-0.3168320858273254,0.0,1,Reliance market update,0.6931471805599453,15.98953553816322,4,8,3,0,1,3
2025-08-11,1374.33,Reliance,0.0135,0.34839233787889073,0.0,0,Reliance market update,0.6931471805599453,16.117844319377184,0,8,3,1,0,3
2025-08-12,1368.58,Reliance,-0.0042,0.5342525395397357,0.0,1,Reliance market update,0.6931471805599453,16.320600889888816,1,8,3,0,0,3
2025-08-13,1370.76,Reliance,0.0016,-1.2764969846122498,0.0,0,Reliance market update,0.6931471805599453,15.824666696769668,2,8,3,0,0,3
2025-08-14,1367.48,Reliance,-0.0024,-0.10144174314455125,-3.469446951953614e-18,1,Reliance market update,0.6931471805599453,15.77927872770649,3,8,3,0,0,3
2025-08-18,1375.34,Reliance,0.0058,1.2432044150428354,0.0,1,Reliance market update,0.6931471805599453,16.28234742820783,0,8,3,1,0,3
2025-08-19,1413.56,Reliance,0.0278,0.5257702444148886,0.0,0,Reliance market update,0.6931471805599453,16.48167709005815,1,8,3,0,0,3
2025-08-20,1406.5,Reliance,-0.005,-1.286165846964971,0.0,1,Reliance market update,0.6931471805599453,15.981776605007658,2,8,3,0,0,3
2025-08-21,1418.24,Reliance,0.0084,0.6099008674846538,0.0,0,Reliance market update,0.6931471805599453,16.21534249966275,3,8,3,0,0,3
2025-08-22,1402.71,Reliance,-0.0109,-1.6148467153758255,0.0,1,Reliance market update,0.6931471805599453,15.576616470926213,4,8,3,0,1,3
2025-08-25,1406.1,Reliance,0.0024,0.0894357993152098,0.0,0,Reliance market update,0.6931471805599453,15.603832124370804,0,8,3,1,0,3
2025-08-26,1378.53,Reliance,-0.0196,1.6931467962101248,0.0,1,Reliance market update,0.6931471805599453,16.31244952817609,1,8,3,0,0,3
2025-08-28,1379.52,Reliance,0.0007,0.22658736077841685,0.0,0,Reliance market update,0.6931471805599453,16.392830316307407,3,8,3,0,0,3
2025-08-29,1350.95,Reliance,-0.0207,0.8999308050159521,0.0,0,Reliance market update,0.6931471805599453,16.74717582586646,4,8,3,0,1,3
2025-09-01,1347.67,Reliance,-0.0024,-1.3177391804692975,0.0,1,Reliance market update,0.6931471805599453,16.234298683511373,0,9,3,1,0,3
2025-09-02,1360.21,Reliance,0.0093,0.08386015431281672,0.0,1,Reliance market update,0.6931471805599453,16.259335370448028,1,9,3,0,0,3
2025-09-03,1366.28,Reliance,0.0045,-0.9949374844570231,0.0,0,Reliance market update,0.6931471805599453,15.875713723128513,2,9,3,0,0,3
2025-09-04,1353.04,Reliance,-0.0097,1.285264914239365,0.0,1,Reliance market update,0.6931471805599453,16.397481756841383,3,9,3,0,0,3
2025-09-05,1368.67,Reliance,0.0116,-2.025345870227226,0.0,1,Reliance market update,0.6931471805599453,15.569494775522735,4,9,3,0,1,3
2025-09-08,1372.16,Reliance,0.0025,0.502759460421171,0.0,0,Reliance market update,0.6931471805599453,15.759521905436324,0,9,3,1,0,3
2025-09-09,1369.87,Reliance,-0.0017,0.8511144761449608,0.0,1,Reliance market update,0.6931471805599453,16.093234456658852,1,9,3,0,0,3
2025-09-10,1370.66,Reliance,0.0006,-0.5797443088577913,0.0,1,Reliance market update,0.6931471805599453,15.868456162040141,2,9,3,0,0,3
2025-09-11,1376.93,Reliance,0.0046,0.5912217087236155,-3.469446951953614e-18,1,Reliance market update,0.6931471805599453,16.09442499848877,3,9,3,0,0,3
2025-09-12,1388.58,Reliance,0.0085,-0.7177822633487525,0.0,1,Reliance market update,0.6931471805599453,15.817445724840603,4,9,3,0,1,3
2025-09-15,1392.86,Reliance,0.0031,-0.8203994104349647,0.0,1,Reliance market update,0.6931471805599453,15.501297843021971,0,9,3,1,0,3
2025-09-16,1398.83,Reliance,0.0043,1.1819638069168183,-3.469446951953614e-18,1,Reliance market update,0.6931471805599453,15.977333838880009,1,9,3,0,0,3
2025-09-17,1407.29,Reliance,0.006,-0.3651859450877673,-3.469446951953614e-18,1,Reliance market update,0.6931471805599453,15.832999299313961,2,9,3,0,0,3
2025-09-18,1408.49,Reliance,0.0008,0.5668177567568308,0.0,0,Reliance market update,0.6931471805599453,16.04902881245016,3,9,3,0,0,3
2025-09-19,1400.92,Reliance,-0.0054,0.9281801479985631,0.0,0,Reliance market update,0.6931471805599453,16.415334957208763,4,9,3,0,1,3
2025-09-22,1384.2,Reliance,-0.0119,-1.4101004086192497,0.0,0,Reliance market update,0.6931471805599453,15.864231388898238,0,9,3,1,0,3
2025-09-23,1383.4,Reliance,-0.0006,1.439906638314689,0.0,0,Reliance market update,0.6931471805599453,16.455617550776033,1,9,3,0,0,3
2025-09-24,1376.64,Reliance,-0.0049,-2.0926980064269514,0.0,0,Reliance market update,0.6931471805599453,15.594313114431392,2,9,3,0,0,3
2025-09-25,1366.08,Reliance,-0.0077,1.580149575507527,0.0,1,Reliance market update,0.6931471805599453,16.250100979739525,3,9,3,0,0,3
2025-09-26,1371.26,Reliance,0.0038,-0.3648771376572436,0.0,0,Reliance market update,0.6931471805599453,16.105932984694856,4,9,3,0,1,3
2025-09-29,1366.48,Reliance,-0.0035,0.9252443569915606,0.0,0,Reliance market update,0.6931471805599453,16.471003508327808,0,9,3,1,0,3
2025-09-30,1357.72,Reliance,-0.0064,0.08588945683158257,0.0,1,Reliance market update,0.6931471805599453,16.496852925615208,1,9,3,0,0,3
2025-10-01,1362.4,Reliance,0.0034,-0.494138485841028,0.0,0,Reliance market update,0.6931471805599453,16.30423632230804,2,10,4,0,0,3
2025-10-03,1357.13,Reliance,-0.0039,0.1845704132757041,0.0,1,Reliance market update,0.6931471805599453,16.368258705551746,4,10,4,0,1,3
2025-10-06,1368.67,Reliance,0.0085,-0.07469579517579465,0.0,1,Reliance market update,0.6931471805599453,16.332931266749465,0,10,4,1,0,3
2025-10-07,1378.43,Reliance,0.0071,-0.240349898117215,0.0,0,Reliance market update,0.6931471805599453,16.235348857391095,1,10,4,0,0,3
2025-10-08,1361.11,Reliance,-0.0126,-0.7174349402312548,0.0,1,Reliance market update,0.6931471805599453,15.958523199855923,2,10,4,0,0,3
2025-10-09,1371.46,Reliance,0.0076,0.10907982154671841,0.0,1,Reliance market update,0.6931471805599453,15.99328429945178,3,10,4,0,0,3
2025-10-10,1375.34,Reliance,0.0028,-0.8455450682291168,0.0,0,Reliance market update,0.6931471805599453,15.66759421172514,4,10,4,0,1,3
2025-10-13,1368.67,Reliance,-0.0048,0.46823638920188343,-3.469446951953614e-18,1,Reliance market update,0.6931471805599453,15.843748669639687,0,10,4,1,0,3
2025-10-14,1369.57,Reliance,0.0007,0.6522100115118219,0.0,0,Reliance market update,0.6931471805599453,16.09464021025511,1,10,4,0,0,3
2025-10-15,1367.98,Reliance,-0.0012,0.2971155696666528,0.0,1,Reliance market update,0.6931471805599453,16.202688973475865,2,10,4,0,0,3
2025-10-16,1391.86,Reliance,0.0175,0.3368158394922036,0.0,1,Reliance market update,0.6931471805599453,16.326404347933785,3,10,4,0,0,3
2025-10-17,1410.28,Reliance,0.0132,1.1249406240146729,0.0,1,Reliance market update,0.6931471805599453,16.7774565490609,4,10,4,0,1,3
2025-10-20,1460.05,Reliance,0.0353,0.6396742045442155,0.0,0,Reliance market update,0.6931471805599453,17.02320324398371,0,10,4,1,0,3
2025-10-21,1458.46,Reliance,-0.0011,-3.9274680780726774,0.0,0,Reliance market update,0.6931471805599453,14.541207209884467,1,10,4,0,0,3
2025-10-23,1441.73,Reliance,-0.0115,4.252939884625667,0.0,1,Reliance market update,0.6931471805599453,16.74441320780844,3,10,4,0,0,3
2025-10-24,1444.92,Reliance,0.0022,-1.6557268911360232,0.0,1,Reliance market update,0.6931471805599453,16.087722831494634,4,10,4,0,1,3
2025-10-27,1477.27,Reliance,0.0224,0.94843723916694,0.0,1,Reliance market update,0.6931471805599453,16.462668418083137,0,10,4,1,0,3
2025-10-28,1480.06,Reliance,0.0019,0.5827946775635436,0.0,1,Reliance market update,0.6931471805599453,16.685202056891555,1,10,4,0,0,3
2025-10-29,1497.28,Reliance,0.0116,-1.0224432750267967,0.0,0,Reliance market update,0.6931471805599453,16.290766287071406,2,10,4,0,0,3
2025-10-30,1481.65,Reliance,-0.0104,-0.6286981589537505,0.0,0,Reliance market update,0.6931471805599453,16.047529828747034,3,10,4,0,0,3
2025-10-31,1479.56,Reliance,-0.0014,-0.14570230962602143,0.0,0,Reliance market update,0.6931471805599453,15.985484292115748,4,10,4,0,1,3
2025-11-03,1477.87,Reliance,-0.0011,-0.0752439884146958,0.0,0,Reliance market update,0.6931471805599453,15.949923832772802,0,11,4,1,0,3
2025-11-04,1466.32,Reliance,-0.0078,0.4504228402624514,0.0,1,Reliance market update,0.6931471805599453,16.11887604637059,1,11,4,0,0,3
2025-11-06,1489.21,Reliance,0.0156,1.2732364878941738,0.0,0,Reliance market update,0.6931471805599453,16.635261870593563,3,11,4,0,0,3
2025-11-07,1471.2,Reliance,-0.0121,-1.8893691575202998,0.0,1,Reliance market update,0.6931471805599453,15.872420918227512,4,11,4,0,1,3
2025-11-10,1482.45,Reliance,0.0076,-0.25007999204307907,0.0,1,Reliance market update,0.6931471805599453,15.771150221415388,0,11,4,1,0,3
2025-11-11,1486.53,Reliance,0.0028,0.040245386464556755,0.0,1,Reliance market update,0.6931471805599453,15.779472081880021,1,11,4,0,0,3
2025-11-12,1504.54,Reliance,0.0121,1.3539341438039945,0.0,0,Reliance market update,0.6931471805599453,16.331953018824642,2,11,4,0,0,3
2025-11-13,1503.95,Reliance,-0.0004,-1.3902363413072856,0.0,1,Reliance market update,0.6931471805599453,15.789097573094105,3,11,4,0,0,3
2025-11-14,1511.91,Reliance,0.0053,0.18818639973147472,0.0,0,Reliance market update,0.6931471805599453,15.854497745869047,4,11,4,0,1,3
2025-11-17,1511.31,Reliance,-0.0004,-0.6966619626619286,0.0,1,Reliance market update,0.6931471805599453,15.585606559606289,0,11,4,1,0,3
2025-11-18,1512.41,Reliance,0.0007,1.5284335494071273,0.0,0,Reliance market update,0.6931471805599453,16.217492287993103,1,11,4,0,0,3
2025-11-19,1511.91,Reliance,-0.0003,-1.6697206616263864,-3.469446951953614e-18,1,Reliance market update,0.6931471805599453,15.554636712571549,2,11,4,0,0,3
2025-11-20,1541.97,Reliance,0.0199,2.5909224464641074,0.0,0,Reliance market update,0.6931471805599453,16.71537737257501,3,11,4,0,0,3
2025-11-21,1539.48,Reliance,-0.0016,-1.6100849348783446,0.0,0,Reliance market update,0.6931471805599453,16.078863225736452,4,11,4,0,1,3
2025-11-24,1528.83,Reliance,-0.0069,1.5694835433227567,0.0,1,Reliance market update,0.6931471805599453,16.72970473964823,0,11,4,1,0,3
2025-11-25,1532.61,Reliance,0.0025,-0.5243618754414633,0.0,1,Reliance market update,0.6931471805599453,16.52579047140934,1,11,4,0,0,3
2025-11-26,1562.67,Reliance,0.0196,-0.15960415799607883,0.0,0,Reliance market update,0.6931471805599453,16.4584389567424,2,11,4,0,0,3
2025-11-27,1556.2,Reliance,-0.0041,-0.937187490710398,0.0,1,Reliance market update,0.6931471805599453,16.097346263626264,3,11,4,0,0,3
2025-11-28,1560.29,Reliance,0.0026,-0.21779430303199787,0.0,0,Reliance market update,0.6931471805599453,16.008225984342445,4,11,4,0,1,3
2025-12-01,1558.89,Reliance,-0.0009,0.0067712870604954315,0.0,0,Reliance market update,0.6931471805599453,16.003832737395964,0,12,4,1,0,3
2025-12-02,1539.18,Reliance,-0.0126,0.636240762398457,0.0,0,Reliance market update,0.6931471805599453,16.248171793575832,1,12,4,0,0,3
2025-12-03,1531.72,Reliance,-0.0049,-1.5854842361734456,0.0,0,Reliance market update,0.6931471805599453,15.6223037851454,2,12,4,0,0,3
2025-12-04,1528.53,Reliance,-0.0021,1.6043692975853012,0.0,1,Reliance market update,0.6931471805599453,16.28935044642246,3,12,4,0,0,3
2025-12-05,1533.51,Reliance,0.0033,-0.38875878364997446,0.0,1,Reliance market update,0.6931471805599453,16.136256440980933,4,12,4,0,1,3
2025-12-08,1535.9,Reliance,0.0016,0.28729217736910584,0.0,0,Reliance market update,0.6931471805599453,16.240445310364894,0,12,4,1,0,3
2025-12-09,1522.36,Reliance,-0.0088,0.0647349354976524,0.0,1,Reliance market update,0.6931471805599453,16.25820292500398,1,12,4,0,0,3
2025-12-10,1529.83,Reliance,0.0049,-0.9453303064492745,0.0,1,Reliance market update,0.6931471805599453,15.893905301942523,2,12,4,0,0,3
2025-12-11,1537.89,Reliance,0.0053,-1.358142837464012,0.0,1,Reliance market update,0.6931471805599453,15.364390921332513,3,12,4,0,0,3
2025-12-12,1549.34,Reliance,0.0074,0.22989154818230192,0.0,0,Reliance market update,0.6931471805599453,15.446055344833582,4,12,4,0,1,3
2025-12-15,1549.04,Reliance,-0.0002,0.33480520439240097,-3.469446951953614e-18,0,Reliance market update,0.6931471805599453,15.568969850215584,0,12,4,1,0,3
2025-12-16,1535.2,Reliance,-0.0089,1.6936692034878233,0.0,1,Reliance market update,0.6931471805599453,16.277818520120093,1,12,4,0,0,3
2025-12-17,1537.29,Reliance,0.0014,-1.286165846964971,-3.469446951953614e-18,0,Reliance market update,0.6931471805599453,15.77794766704768,2,12,4,0,0,3
2025-12-19,1557.9,Reliance,0.0134,1.781315891370001,0.0,1,Reliance market update,0.6931471805599453,16.45007753530658,4,12,4,0,1,3
2025-12-22,1568.15,Reliance,0.0066,-0.8139623505986675,-3.469446951953614e-18,0,Reliance market update,0.6931471805599453,16.136412174549196,0,12,4,1,0,3
2025-12-23,1563.47,Reliance,-0.003,-0.791880852260181,0.0,0,Reliance market update,0.6931471805599453,15.831288528959066,1,12,4,0,0,3
2025-12-24,1551.03,Reliance,-0.008,0.42989052111117576,0.0,1,Reliance market update,0.6931471805599453,15.992049998707513,2,12,4,0,0,3
2025-12-26,1552.02,Reliance,0.0006,-2.903295829048403,-3.469446951953614e-18,0,Reliance market update,0.6931471805599453,14.653405491930876,4,12,4,0,1,3
2025-12-29,1538.49,Reliance,-0.0087,2.1859409424200624,0.0,0,Reliance market update,0.6931471805599453,15.602610186981353,0,12,4,1,0,3
2025-12-30,1532.71,Reliance,-0.0038,0.9824400684639774,0.0,1,Reliance market update,0.6931471805599453,15.992065765825144,1,12,4,0,0,3
2025-12-31,1563.17,Reliance,0.0199,-1.0965005761115898,0.0,1,Reliance market update,0.6931471805599453,15.568499919167973,2,12,4,0,0,3
2026-01-01,1568.35,Reliance,0.0033,0.2882080641226203,0.0,1,Reliance market update,0.6931471805599453,15.673077898613847,3,1,1,0,0,3
2026-01-02,1584.97,Reliance,0.0106,0.09625749471922312,0.0,0,Reliance market update,0.6931471805599453,15.702918180180314,4,1,1,0,1,3
2026-01-05,1570.84,Reliance,-0.0089,0.714208350405674,0.0,0,Reliance market update,0.6931471805599453,15.979405144390764,0,1,1,1,0,3
2026-01-06,1500.66,Reliance,-0.0447,2.565893857871615,3.469446951953614e-18,0,Reliance market update,0.6931471805599453,17.126678412600693,1,1,1,0,0,3
2026-01-07,1497.28,Reliance,-0.0023,-2.1598888122047923,0.0,0,Reliance market update,0.6931471805599453,16.23136549524851,2,1,1,0,0,3
2026-01-08,1463.83,Reliance,-0.0223,0.9805413856856375,0.0,1,Reliance market update,0.6931471805599453,16.620002722404557,3,1,1,0,0,3
2026-01-09,1468.51,Reliance,0.0032,-1.7172392716945788,0.0,1,Reliance market update,0.6931471805599453,15.93601150597995,4,1,1,0,1,3
2026-01-12,1476.37,Reliance,0.0054,0.18384642339471985,0.0,0,Reliance market update,0.6931471805599453,15.999733872862834,0,1,1,1,0,3
2026-01-13,1446.11,Reliance,-0.0205,1.049791961492052,0.0,1,Reliance market update,0.6931471805599453,16.41818253954824,1,1,1,0,0,3
2026-01-14,1452.09,Reliance,0.0041,-1.2468207872666817,0.0,0,Reliance market update,0.6931471805599453,15.934384929722082,2,1,1,0,0,3
2026-01-16,1451.19,Reliance,-0.0006,0.005716256000068142,0.0,0,Reliance market update,0.6931471805599453,16.658508930918508,4,1,1,0,1,3
2026-01-19,1407.09,Reliance,-0.0304,0.4584069943529786,0.0,0,Reliance market update,0.6931471805599453,16.83069078808308,0,1,1,1,0,3
2026-01-20,1387.58,Reliance,-0.0139,-1.1270585571511709,0.0,1,Reliance market update,0.6931471805599453,16.394931540651417,1,1,1,0,0,3
2026-01-21,1398.14,Reliance,0.0076,0.7088902764701007,0.0,0,Reliance market update,0.6931471805599453,16.66925988203179,2,1,1,0,0,3
2026-01-22,1396.05,Reliance,-0.0015,-0.2432943905131308,0.0,0,Reliance market update,0.6931471805599453,16.570552099973803,3,1,1,0,0,3
2026-01-23,1379.72,Reliance,-0.0117,-1.2098161610951905,0.0,0,Reliance market update,0.6931471805599453,16.10174297174173,4,1,1,0,1,3
2026-01-27,1374.15,Reliance,-0.004,2.25317115433948,0.0,1,Reliance market update,0.6931471805599453,17.085170633679343,1,1,1,0,0,3
2026-01-28,1390.27,Reliance,0.0117,-2.091750525873517,0.0,0,Reliance market update,0.6931471805599453,16.22440493639173,2,1,1,0,0,3
2026-01-29,1384.6,Reliance,-0.0041,1.5205650939183393,0.0,1,Reliance market update,0.6931471805599453,16.852705452793373,3,1,1,0,0,3
2026-01-30,1388.98,Reliance,0.0032,-1.5665789824097658,0.0,0,Reliance market update,0.6931471805599453,16.23497481157604,4,1,1,0,1,3
2026-02-02,1384.0,Reliance,-0.0036,0.8540024964902468,3.469446951953614e-18,1,Reliance market update,0.6931471805599453,16.569882227719503,0,2,1,1,0,3
2026-02-03,1430.49,Reliance,0.0336,1.1968809891430818,0.0,1,Reliance market update,0.6931471805599453,17.052468786293634,1,2,1,0,0,3
2026-02-04,1450.1,Reliance,0.0137,-2.5615093833671096,0.0,0,Reliance market update,0.6931471805599453,15.935780654142848,2,2,1,0,0,3
2026-02-05,1436.76,Reliance,-0.0092,0.8772789307926677,0.0,1,Reliance market update,0.6931471805599453,16.280525591496694,3,2,1,0,0,3
2026-02-06,1444.12,Reliance,0.0051,-0.912498691905497,0.0,1,Reliance market update,0.6931471805599453,15.929027990288537,4,2,1,0,1,3
2026-02-09,1454.87,Reliance,0.0074,-0.9338614773679775,0.0,0,Reliance market update,0.6931471805599453,15.569198586705479,0,2,1,1,0,3
2026-02-10,1451.79,Reliance,-0.0021,1.402756698741975,0.0,1,Reliance market update,0.6931471805599453,16.143727432147863,1,2,1,0,0,3
2026-02-11,1461.94,Reliance,0.007,-0.9527483431299268,0.0,0,Reliance market update,0.6931471805599453,15.776573605487497,2,2,1,0,0,3
2026-02-12,1442.23,Reliance,-0.0135,1.1202628882390677,0.0,0,Reliance market update,0.6931471805599453,16.225639780794452,3,2,1,0,0,3
2026-02-13,1413.07,Reliance,-0.0202,-0.07305204064964611,0.0,1,Reliance market update,0.6931471805599453,16.19094584672857,4,2,1,0,1,3
2026-02-16,1430.49,Reliance,0.0123,-1.5281388640479385,0.0,0,Reliance market update,0.6931471805599453,15.58987205639089,0,2,1,1,0,3
2026-02-17,1416.45,Reliance,-0.0098,1.4562536237088968,0.0,1,Reliance market update,0.6931471805599453,16.18870610678335,1,2,1,0,0,3
2026-02-18,1434.67,Reliance,0.0129,-1.67366347336435,0.0,0,Reliance market update,0.6931471805599453,15.524087130392772,2,2,1,0,0,3
2026-02-19,1403.01,Reliance,-0.0221,1.8153009173837087,0.0,1,Reliance market update,0.6931471805599453,16.290759471589105,3,2,1,0,0,3
2026-02-20,1412.87,Reliance,0.007,-0.9698658029470215,0.0,1,Reliance market update,0.6931471805599453,15.916917949212424,4,2,1,0,1,3
2026-02-23,1421.43,Reliance,0.0061,-0.1203848593512482,0.0,1,Reliance market update,0.6931471805599453,15.86434558749617,0,2,1,1,0,3
2026-02-24,1422.22,Reliance,0.0006,1.1892975524990692,0.0,0,Reliance market update,0.6931471805599453,16.343589238772402,1,2,1,0,0,3
2026-02-25,1392.06,Reliance,-0.0212,-0.3940596332924412,0.0,1,Reliance market update,0.6931471805599453,16.188441619929172,2,2,1,0,0,3
2026-02-26,1400.33,Reliance,0.0059,1.1030537648895833,0.0,0,Reliance market update,0.6931471805599453,16.62995228305252,3,2,1,0,0,3
2026-02-27,1387.48,Reliance,-0.0092,-0.848791093201662,0.0,0,Reliance market update,0.6931471805599453,16.303033864650995,4,2,1,0,1,3
2026-03-02,1351.75,Reliance,-0.0258,1.6303039901032883,0.0,0,Reliance market update,0.6931471805599453,16.98219681322605,0,3,1,1,0,3
2026-03-04,1338.81,Reliance,-0.0096,0.8051478336301379,0.0,1,Reliance market update,0.6931471805599453,17.296597035502277,2,3,1,0,0,3
2026-03-05,1383.01,Reliance,0.033,-0.5794116539537327,0.0,1,Reliance market update,0.6931471805599453,17.071972414467808,3,3,1,0,0,3
2026-03-06,1398.33,Reliance,0.0111,-0.7671187023405998,0.0,1,Reliance market update,0.6931471805599453,16.776235772442675,4,3,1,0,1,3
2026-03-09,1417.45,Reliance,0.0137,0.6571254361226481,3.469446951953614e-18,0,Reliance market update,0.6931471805599453,17.029205907310867,0,3,1,1,0,3
2026-03-10,1402.32,Reliance,-0.0107,-0.829000583460553,0.0,0,Reliance market update,0.6931471805599453,16.709833388969788,1,3,1,0,0,3
2026-03-11,1383.8,Reliance,-0.0132,0.502144754482878,0.0,1,Reliance market update,0.6931471805599453,16.8996239699562,2,3,1,0,0,3
2026-03-12,1385.79,Reliance,0.0014,-0.0936879952753129,0.0,0,Reliance market update,0.6931471805599453,16.857169853185166,3,3,1,0,0,3
2026-03-13,1374.35,Reliance,-0.0083,-0.4951086085037266,0.0,1,Reliance market update,0.6931471805599453,16.664197159571373,4,3,1,0,1,3
2026-03-16,1388.68,Reliance,0.0104,0.7220658834682105,0.0,1,Reliance market update,0.6931471805599453,16.943927747232273,0,3,1,1,0,3
2026-03-17,1391.17,Reliance,0.0018,-0.4699898209960045,0.0,1,Reliance market update,0.6931471805599453,16.76035708565048,1,3,1,0,0,3
2026-03-18,1401.62,Reliance,0.0075,-1.7247598014980237,0.0,0,Reliance market update,0.6931471805599453,16.073027989669892,2,3,1,0,0,3
2026-03-19,1378.43,Reliance,-0.0165,1.3388952278755466,0.0,1,Reliance market update,0.6931471805599453,16.61877238856034,3,3,1,0,0,3
2026-03-20,1407.89,Reliance,0.0214,0.8471998799836339,0.0,0,Reliance market update,0.6931471805599453,16.950783836445066,4,3,1,0,1,3
2026-03-23,1401.32,Reliance,-0.0047,-0.4921992047871749,0.0,1,Reliance market update,0.6931471805599453,16.75887290513885,0,3,1,1,0,3
2026-03-24,1405.3,Reliance,0.0028,-0.03182249338251814,0.0,1,Reliance market update,0.6931471805599453,16.73979484154998,1,3,1,0,0,3
2026-03-25,1406.6,Reliance,0.0009,0.07674137781158347,0.0,0,Reliance market update,0.6931471805599453,16.76212254286374,2,3,1,0,0,3
2026-03-27,1341.9,Reliance,-0.046,0.5283997605966649,3.469446951953614e-18,0,Reliance market update,0.6931471805599453,16.962525889359263,4,3,1,0,1,3
2026-03-30,1337.71,Reliance,-0.0031,0.14164321926691503,0.0,1,Reliance market update,0.6931471805599453,17.009842101240515,0,3,1,1,0,3
2026-04-01,1362.9,Reliance,0.0188,-1.3515879299397853,0.0,0,Reliance market update,0.6931471805599453,16.483059546423554,2,4,2,0,0,3
2026-04-02,1344.28,Reliance,-0.0137,0.9841787683976686,0.0,0,Reliance market update,0.6931471805599453,16.873280666043755,3,4,2,0,0,3
2026-04-06,1298.7,Reliance,-0.0339,0.8160981652689127,3.469446951953614e-18,0,Reliance market update,0.6931471805599453,17.192240436696977,0,4,2,1,0,3
2026-04-07,1298.6,Reliance,-0.0001,-0.0626703267440955,0.0,1,Reliance market update,0.6931471805599453,17.16150959183665,1,4,2,0,0,3
2026-04-08,1341.6,Reliance,0.0331,-0.6818549577262667,0.0,0,Reliance market update,0.6931471805599453,16.898224974747258,2,4,2,0,0,3
2026-04-09,1323.88,Reliance,-0.0132,-0.1173097093955863,0.0,1,Reliance market update,0.6931471805599453,16.84687012491141,3,4,2,0,0,3
2026-04-10,1343.99,Reliance,0.0152,-0.16131214544239247,0.0,0,Reliance market update,0.6931471805599453,16.778950088463986,4,4,2,0,1,3
2026-04-13,1309.05,Reliance,-0.026,0.9959889164725929,0.0,1,Reliance market update,0.6931471805599453,17.174262057870266,0,4,2,1,0,3
2026-04-15,1337.91,Reliance,0.0221,-1.5949645501075025,0.0,0,Reliance market update,0.6931471805599453,16.544263634612353,2,4,2,0,0,3
2026-04-16,1337.12,Reliance,-0.0006,1.6309553074911602,0.0,1,Reliance market update,0.6931471805599453,17.223717084743736,3,4,2,0,0,3
2026-04-17,1358.72,Reliance,0.0162,-1.9223598336244612,0.0,0,Reliance market update,0.6931471805599453,16.44517433455396,4,4,2,0,1,3
2026-04-20,1357.03,Reliance,-0.0012,-0.030211257833507407,0.0,0,Reliance market update,0.6931471805599453,16.426663146624076,0,4,2,1,0,3
2026-04-21,1347.07,Reliance,-0.0073,1.6652179177797795,0.0,1,Reliance market update,0.6931471805599453,17.122163899595396,1,4,2,0,0,3
2026-04-22,1355.83,Reliance,0.0065,-2.45200863028329,0.0,0,Reliance market update,0.6931471805599453,16.06953063144193,2,4,2,0,0,3
2026-04-23,1337.22,Reliance,-0.0137,1.3312612123998597,0.0,0,Reliance market update,0.6931471805599453,16.61188172261763,3,4,2,0,0,3
2026-04-24,1321.69,Reliance,-0.0116,-0.8643408384865657,0.0,1,Reliance market update,0.6931471805599453,16.278921402839547,4,4,2,0,1,3
2026-04-27,1359.51,Reliance,0.0286,1.7643012093695436,3.469446951953614e-18,1,Reliance market update,0.6931471805599453,17.021224098775946,0,4,2,1,0,3
2026-04-28,1382.51,Reliance,0.0169,1.255577788820158,0.0,1,Reliance market update,0.6931471805599453,17.52975800630315,1,4,2,0,0,3
2026-04-29,1418.84,Reliance,0.0263,-0.7657091167655395,0.0,1,Reliance market update,0.6931471805599453,17.234618058303088,2,4,2,0,0,3
2026-04-30,1424.22,Reliance,0.0038,0.053687107323992865,0.0,0,Reliance market update,0.6931471805599453,17.24813819349296,3,4,2,0,0,3
2026-05-04,1456.37,Reliance,0.0226,0.005716256000068142,0.0,1,Reliance market update,0.6931471805599453,16.99505082468476,0,5,2,1,0,3
2026-05-05,1456.86,Reliance,0.0003,-0.03612514602977873,0.0,0,Reliance market update,0.6931471805599453,16.97435362083246,1,5,2,0,0,3
2026-05-06,1431.28,Reliance,-0.0176,-1.2962605934331402,0.0,0,Reliance market update,0.6931471805599453,16.470285642516934,2,5,2,0,0,3
2026-05-07,1429.59,Reliance,-0.0012,0.8465182246210232,0.0,0,Reliance market update,0.6931471805599453,16.802045868812037,3,5,2,0,0,3
2026-05-08,1428.59,Reliance,-0.0007,-2.0239414116898877,0.0,0,Reliance market update,0.6931471805599453,15.974583876743395,4,5,2,0,1,3
2026-05-11,1381.81,Reliance,-0.0327,1.3845015066186428,0.0,0,Reliance market update,0.6931471805599453,16.54086274602629,0,5,2,1,0,3
2026-05-12,1357.72,Reliance,-0.0174,1.1624940474011025,0.0,0,Reliance market update,0.6931471805599453,17.00835040933675,1,5,2,0,0,3
2026-05-13,1352.55,Reliance,-0.0038,-1.4509268482004092,0.0,1,Reliance market update,0.6931471805599453,16.44003348734521,2,5,2,0,0,3
2026-05-14,1355.53,Reliance,0.0022,0.5921991603339866,0.0,0,Reliance market update,0.6931471805599453,16.666393922439546,3,5,2,0,0,3
2026-05-15,1330.25,Reliance,-0.0187,0.3870700078683794,0.0,0,Reliance market update,0.6931471805599453,16.810051772488986,4,5,2,0,1,3
2026-05-18,1329.75,Reliance,-0.0004,-1.107304682957419,0.0,0,Reliance market update,0.6931471805599453,16.38218719205505,0,5,2,1,0,3
2026-05-19,1316.61,Reliance,-0.0099,1.2566613533951017,0.0,1,Reliance market update,0.6931471805599453,16.891231783900857,1,5,2,0,0,3
2026-05-20,1353.44,Reliance,0.028,-1.2664482556910668,0.0,0,Reliance market update,0.6931471805599453,16.399396104124037,2,5,2,0,0,3
2026-05-21,1343.39,Reliance,-0.0074,0.6697329554973145,0.0,1,Reliance market update,0.6931471805599453,16.657545523902293,3,5,2,0,0,3
2026-05-22,1348.27,Reliance,0.0036,-2.1321560586237154,0.0,1,Reliance market update,0.6931471805599453,15.77642388015721,4,5,2,0,1,3
2026-05-25,1360.71,Reliance,0.0092,-0.1173097093955863,0.0,0,Reliance market update,0.6931471805599453,15.72506372945849,0,5,2,1,0,3
2026-05-26,1350.06,Reliance,-0.0078,1.7022129428914656,0.0,0,Reliance market update,0.6931471805599453,16.437984569883785,1,5,2,0,0,3
2026-05-27,1344.28,Reliance,-0.0043,-0.09009722380282817,0.0,0,Reliance market update,0.6931471805599453,16.396873624315567,2,5,2,0,0,3
2026-05-29,1315.12,Reliance,-0.0217,0.005716256000068142,0.0,0,Reliance market update,0.6931471805599453,17.568168431911964,4,5,2,0,1,3
2026-06-01,1313.92,Reliance,-0.0009,-2.9637193108376203,0.0,0,Reliance market update,0.6931471805599453,16.185810746437102,0,6,2,1,0,3
2026-06-02,1308.55,Reliance,-0.0041,1.8394435700201723,0.0,0,Reliance market update,0.6931471805599453,16.96408348220336,1,6,2,0,0,3
2026-06-03,1307.16,Reliance,-0.0011,-0.3862678075299301,0.0,0,Reliance market update,0.6931471805599453,16.811857342667608,2,6,2,0,0,3
2026-06-04,1297.7,Reliance,-0.0072,0.4269089144059061,0.0,0,Reliance market update,0.6931471805599453,16.97141795645078,3,6,2,0,0,3
2026-06-05,1291.0,Reliance,-0.0052,-0.7195194235641238,0.0,0,Reliance market update,0.6931471805599453,16.693878558168706,4,6,2,0,1,3
2026-06-08,1263.3,Reliance,-0.0215,-0.1810438095415762,0.0,1,Reliance market update,0.6931471805599453,16.618553312675374,0,6,2,1,0,3
2026-06-09,1269.2,Reliance,0.0047,0.9111517817531923,0.0,0,Reliance market update,0.6931471805599453,16.97761347114761,1,6,2,0,0,3
2026-06-10,1258.8,Reliance,-0.0082,-0.2920835761034208,0.0,1,Reliance market update,0.6931471805599453,16.860642191042903,2,6,2,0,0,3
2026-06-11,1263.0,Reliance,0.0033,-1.2153660403460167,0.0,1,Reliance market update,0.6931471805599453,16.389456783500012,3,6,2,0,0,3
2026-06-12,1293.0,Reliance,0.0238,-0.2198362601909687,0.0,1,Reliance market update,0.6931471805599453,16.29948227083493,4,6,2,0,1,3
2026-06-15,1307.0,Reliance,0.0108,1.1017230273739793,0.0,1,Reliance market update,0.6931471805599453,16.740462041228053,0,6,2,1,0,3
2026-06-16,1328.8,Reliance,0.0167,0.0014906775174677296,0.0,1,Reliance market update,0.6931471805599453,16.733995845503795,1,6,2,0,0,3
2026-06-17,1332.7,Reliance,0.0029,-1.5558702333007208,0.0,0,Reliance market update,0.6931471805599453,16.121008504478382,2,6,2,0,0,3
2026-06-18,1328.1,Reliance,-0.0035,1.087913231020454,0.0,0,Reliance market update,0.6931471805599453,16.55599890715594,3,6,2,0,0,3
2026-06-19,1309.5,Reliance,-0.014,1.1770102931727795,0.0,1,Reliance market update,0.6931471805599453,17.029857543101688,4,6,2,0,1,3
2026-06-22,1326.5,Reliance,0.013,-1.651361875193684,0.0,0,Reliance market update,0.6931471805599453,16.375154636518513,0,6,2,1,0,3
2026-06-23,1309.5,Reliance,-0.0128,0.4646868901636986,0.0,1,Reliance market update,0.6931471805599453,16.549890080298717,1,6,2,0,0,3
2026-06-24,1313.6,Reliance,0.0031,-0.8661533466956469,0.0,1,Reliance market update,0.6931471805599453,16.21621261532766,2,6,2,0,0,3
2026-06-25,1318.1,Reliance,0.0034,0.3790027204415114,0.0,0,Reliance market update,0.6931471805599453,16.356668594626864,3,6,2,0,0,3
2026-06-29,1301.0,Reliance,-0.013,0.005716256000068142,0.0,0,Reliance market update,0.6931471805599453,16.437106099808048,0,6,2,1,0,3
2026-06-30,1293.9,Reliance,-0.0055,0.3570296978822113,0.0,1,Reliance market update,0.6931471805599453,16.568869568760242,1,6,2,0,0,3
2026-07-01,1308.0,Reliance,0.0109,-1.9824349065631306,0.0,0,Reliance market update,0.6931471805599453,15.761620972679367,2,7,3,0,0,3
2026-07-02,1303.5,Reliance,-0.0034,2.1534041763963594,0.0,1,Reliance market update,0.6931471805599453,16.694429481814456,3,7,3,0,0,3
2026-07-03,1304.0,Reliance,0.0004,-2.0085154596253387,-3.469446951953614e-18,1,Reliance market update,0.6931471805599453,15.874692120278414,4,7,3,0,1,3
2026-07-06,1321.3,Reliance,0.0133,-0.05967435097205136,0.0,0,Reliance market update,0.6931471805599453,15.845067023777576,0,7,3,1,0,3
2026-07-07,1308.4,Reliance,-0.0098,1.5312018408704933,0.0,0,Reliance market update,0.6931471805599453,16.478253372978468,1,7,3,0,0,3
2026-07-08,1275.9,Reliance,-0.0248,0.8448129742874385,0.0,1,Reliance market update,0.6931471805599453,16.80928436497403,2,7,3,0,0,3
2026-07-09,1279.8,Reliance,0.0031,-0.802547920269147,0.0,1,Reliance market update,0.6931471805599453,16.500084945875365,3,7,3,0,0,3
2026-07-10,1307.8,Reliance,0.0219,-1.4188183311554263,0.0,0,"Lynn Farmers Market Brings Affordable Produce to Community | A Smarter Alternative to the Vanguard S & P 500 ETF for Risk - Aware Investors | Jet . AI Closes Transaction with flyExclusive , Advancing Transition to a Pure - Play AI Infrastructure | Lynn Farmers Market Brings Affordable Produce to Community | Rosen Law Firm Encourages Elauwit Connection , Inc . Investors to Inquire About Securities Class Action Investigation | ATHA Energy Announces Corporate Activities Update | 2026 - 07 - 13 | Jet . AI Closes Transaction with flyExclusive , Advancing Transition to a Pure - Play AI Infrastructure | NDAQ : JTAI | Beneficient Closes $7 . 44 Million GP Primary Capital Transaction | States sue to stop Paramount - Warner Bros blockbuster merger | States sue to stop Paramount - Warner Bros blockbuster merger | July 13 : Market Recover from Early Losses , End Marginally Higher on IT Boost – The Indian Awaaz | Jet . AI Closes Transaction with flyExclusive , Advancing Transition to a Pure - Play AI Infrastructure | ALPHAMIN ANNOUNCES RECORD Q2 EBITDA GUIDANCE OF US$167 MILLION / EXPLORATION UPDATE | States sue to stop Paramount - Warner Bros blockbuster merger | Erasca Announces Proposed Public Offering of $500 Million of Common Stock | States sue to stop Paramount - Warner Bros blockbuster merger | FinancialContent - Marvell Technology , Vishay Intertechnology , and Allegro MicroSystems Stocks Trade Down , What You Need To Know | States sue to stop Paramount - Warner Bros blockbuster merger |  _ 九丰能源 ( 605090 ) 股吧 _ 东方财富网股吧 | States sue to stop Paramount - Warner Bros blockbuster merger | ATHA Energy Announces Corporate Activities Update | States sue to stop Paramount - Warner Bros blockbuster merger | States sue to stop Paramount - Warner Bros blockbuster merger | States sue to stop Paramount - Warner Bros blockbuster merger | States sue to stop Paramount - Warner Bros blockbuster merger | States sue to stop Paramount - Warner Bros blockbuster merger | States sue to stop Paramount - Warner Bros blockbuster merger | States sue to stop Paramount - Warner Bros blockbuster merger | States sue to stop Paramount - Warner Bros blockbuster merger | States sue to stop Paramount - Warner Bros blockbuster merger | States sue to stop Paramount - Warner Bros blockbuster merger | States sue to stop Paramount - Warner Bros blockbuster merger | States sue to stop Paramount - Warner Bros blockbuster merger | States sue to stop Paramount - Warner Bros blockbuster merger | Director / PDMR Shareholding | Company Announcement | States sue to stop Paramount - Warner Bros blockbuster merger | Il paradosso del mercato finanziario : sempre meno aziende decidono di quotarsi in borsa - PPN ADI | States sue to stop Paramount - Warner Bros blockbuster merger | States sue to stop Paramount - Warner Bros blockbuster merger | States sue to stop Paramount - Warner Bros blockbuster merger | IBC Advanced Alloys Corp .: IBC Announces Share - Based Compensation to Directors | States sue to stop Paramount - Warner Bros blockbuster merger | FinancialContent - Why Micron ( MU ) Shares Are Sliding Today | States sue to stop Paramount - Warner Bros blockbuster merger | Sherritt Provides Updates on Financial Position and Proposed Transaction ; Announces 2026 Annual Meeting Date and Second Quarter 2026 Filing Date | IT News Online - AI Computing + Optical Communication + PCB Resonance : RIGOL Debuts on HKEX , Ushering in a New A+H Era | States sue to stop Paramount - Warner Bros blockbuster merger | States sue to stop Paramount - Warner Bros blockbuster merger",3.8918202981106265,15.945233770012585,4,7,3,0,1,3
