date,close,volume,company,ticker,price_change,volume_change,high_low_ratio,target,headline,news_count,daily_range,price_range_pct
2023-01-04,124.25,89113600,Apple,AAPL,0.0103,-0.2052,1.0286,0,Apple stock market financial update,1.0,0,
2023-01-05,122.93,80962700,Apple,AAPL,-0.0106,-0.0915,1.0241,1,Apple stock market financial update,1.0,0,0.0106
2023-01-06,127.46,87754700,Apple,AAPL,0.0368,0.0839,1.0432,1,Apple stock market financial update,1.0,0,0.0369
2023-01-09,127.98,70790800,Apple,AAPL,0.0041,-0.1933,1.0271,1,Apple market update,1.0,0,0.0041
2023-01-10,128.55,63896200,Apple,AAPL,0.0045,-0.0974,1.0245,1,Apple market update,1.0,0,0.0045
2023-01-11,131.26,69458900,Apple,AAPL,0.0211,0.0871,1.0234,0,Apple market update,1.0,0,0.0211
2023-01-12,131.18,71379600,Apple,AAPL,-0.0006,0.0277,1.0215,1,Apple market update,1.0,0,0.0006
2023-01-13,132.51,57809700,Apple,AAPL,0.0101,-0.1901,1.0248,1,Apple market update,1.0,0,0.0101
2023-01-17,133.67,63646600,Apple,AAPL,0.0088,0.101,1.0236,0,Apple market update,1.0,0,0.0088
2023-01-18,132.95,69672800,Apple,AAPL,-0.0054,0.0947,1.0265,1,Apple market update,1.0,0,0.0054
2023-01-19,133.01,58280400,Apple,AAPL,0.0004,-0.1635,1.0185,1,Apple market update,1.0,0,0.0005
2023-01-20,135.57,80223600,Apple,AAPL,0.0192,0.3765,1.0283,1,Apple market update,1.0,0,0.0192
2023-01-23,138.76,81760300,Apple,AAPL,0.0235,0.0192,1.0393,1,Apple market update,1.0,0,0.0235
2023-01-24,140.15,66435100,Apple,AAPL,0.0101,-0.1874,1.0204,0,Apple market update,1.0,0,0.01
2023-01-25,139.49,65799300,Apple,AAPL,-0.0047,-0.0096,1.0261,1,Apple market update,1.0,0,0.0047
2023-01-26,141.56,54105100,Apple,AAPL,0.0148,-0.1777,1.0166,1,Apple market update,1.0,0,0.0148
2023-01-27,143.49,70555800,Apple,AAPL,0.0137,0.3041,1.029,0,Apple market update,1.0,0,0.0136
2023-01-30,140.61,64015300,Apple,AAPL,-0.0201,-0.0927,1.0189,1,Apple market update,1.0,0,0.0201
2023-01-31,141.88,65874500,Apple,AAPL,0.009,0.029,1.0145,1,Apple market update,1.0,0,0.009
2023-02-01,143.0,77663600,Apple,AAPL,0.0079,0.179,1.0374,1,Apple market update,1.0,0,0.0079
2023-02-02,148.3,118339000,Apple,AAPL,0.0371,0.5237,1.0203,1,Apple market update,1.0,0,0.0371
2023-02-03,151.92,154357300,Apple,AAPL,0.0244,0.3044,1.0646,0,Apple market update,1.0,0,0.0244
2023-02-06,149.2,69858300,Apple,AAPL,-0.0179,-0.5474,1.0154,1,Apple market update,1.0,0,0.0179
2023-02-07,152.07,83322600,Apple,AAPL,0.0192,0.1927,1.0305,0,Apple market update,1.0,0,0.0192
2023-02-08,149.38,64120100,Apple,AAPL,-0.0177,-0.2305,1.0226,0,Apple market update,1.0,0,0.0177
2023-02-09,148.35,56007100,Apple,AAPL,-0.0069,-0.1265,1.026,1,Apple market update,1.0,0,0.0069
2023-02-10,148.72,57450700,Apple,AAPL,0.0025,0.0258,1.0142,1,Apple market update,1.0,0,0.0025
2023-02-13,151.51,62199000,Apple,AAPL,0.0188,0.0826,1.0221,0,Apple market update,1.0,0,0.0188
2023-02-14,150.87,61707600,Apple,AAPL,-0.0042,-0.0079,1.0193,1,Apple market update,1.0,0,0.0042
2023-02-15,152.97,65573800,Apple,AAPL,0.0139,0.0627,1.0171,0,Apple market update,1.0,0,0.0139
2023-02-16,151.38,68167900,Apple,AAPL,-0.0104,0.0396,1.0194,0,Apple market update,1.0,0,0.0104
2023-02-17,150.23,59144100,Apple,AAPL,-0.0075,-0.1324,1.0143,0,Apple market update,1.0,0,0.0076
2023-02-21,146.22,58867200,Apple,AAPL,-0.0267,-0.0047,1.0195,1,Apple market update,1.0,0,0.0267
2023-02-22,146.65,51011300,Apple,AAPL,0.0029,-0.1335,1.019,1,Apple market update,1.0,0,0.0029
2023-02-23,147.13,48394200,Apple,AAPL,0.0033,-0.0513,1.0211,0,Apple market update,1.0,0,0.0033
2023-02-24,144.48,55469600,Apple,AAPL,-0.018,0.1462,1.0101,1,Apple market update,1.0,0,0.018
2023-02-27,145.67,44998500,Apple,AAPL,0.0082,-0.1888,1.0117,0,Apple market update,1.0,0,0.0082
2023-02-28,145.17,50547000,Apple,AAPL,-0.0034,0.1233,1.0153,0,Apple market update,1.0,0,0.0034
2023-03-01,143.1,55479000,Apple,AAPL,-0.0142,0.0976,1.0153,1,Apple market update,1.0,0,0.0143
2023-03-02,143.69,52238100,Apple,AAPL,0.0041,-0.0584,1.0195,1,Apple market update,1.0,0,0.0041
2023-03-03,148.74,70732300,Apple,AAPL,0.0351,0.354,1.0257,1,Apple market update,1.0,0,0.0351
2023-03-06,151.49,87558000,Apple,AAPL,0.0185,0.2379,1.0185,0,Apple market update,1.0,0,0.0185
2023-03-07,149.3,56182000,Apple,AAPL,-0.0145,-0.3583,1.0192,1,Apple market update,1.0,0,0.0145
2023-03-08,150.55,47204800,Apple,AAPL,0.0084,-0.1598,1.0108,0,Apple market update,1.0,0,0.0084
2023-03-09,148.3,53833600,Apple,AAPL,-0.0149,0.1404,1.0287,0,Apple market update,1.0,0,0.0149
2023-03-10,146.24,68572400,Apple,AAPL,-0.0139,0.2738,1.0226,1,Apple market update,1.0,0,0.0139
2023-03-13,148.18,84457100,Apple,AAPL,0.0133,0.2316,1.0368,1,Apple market update,1.0,0,0.0133
2023-03-14,150.27,73695900,Apple,AAPL,0.0141,-0.1274,1.022,1,Apple market update,1.0,0,0.0141
2023-03-15,150.67,77167900,Apple,AAPL,0.0026,0.0471,1.0222,1,Apple market update,1.0,0,0.0027
2023-03-16,153.48,76161100,Apple,AAPL,0.0187,-0.013,1.0318,0,Apple market update,1.0,0,0.0187
2023-03-17,152.65,98944600,Apple,AAPL,-0.0055,0.2991,1.0159,1,Apple market update,1.0,0,0.0054
2023-03-20,155.01,73641400,Apple,AAPL,0.0155,-0.2557,1.0238,1,Apple market update,1.0,0,0.0155
2023-03-21,156.86,73938300,Apple,AAPL,0.0119,0.004,1.0183,0,Apple market update,1.0,0,0.0119
2023-03-22,155.43,75701800,Apple,AAPL,-0.0091,0.0239,1.0274,1,Apple market update,1.0,0,0.0091
2023-03-23,156.52,67622100,Apple,AAPL,0.007,-0.1067,1.0245,1,Apple market update,1.0,0,0.007
2023-03-24,157.82,59196500,Apple,AAPL,0.0083,-0.1246,1.0158,0,Apple market update,1.0,0,0.0083
2023-03-27,155.88,52390300,Apple,AAPL,-0.0123,-0.115,1.0184,0,Apple market update,1.0,0,0.0123
2023-03-28,155.26,45992200,Apple,AAPL,-0.004,-0.1221,1.0161,1,Apple market update,1.0,0,0.004
2023-03-29,158.33,51305700,Apple,AAPL,0.0198,0.1155,1.0107,1,Apple market update,1.0,0,0.0198
2023-03-30,159.89,49501700,Apple,AAPL,0.0099,-0.0352,1.0074,1,Apple market update,1.0,0,0.0099
2023-03-31,162.4,68749800,Apple,AAPL,0.0156,0.3888,1.0191,1,Apple market update,1.0,0,0.0157
2023-04-03,163.65,56976200,Apple,AAPL,0.0077,-0.1713,1.0126,0,Apple market update,1.0,0,0.0077
2023-04-04,163.11,46278300,Apple,AAPL,-0.0032,-0.1878,1.0105,0,Apple market update,1.0,0,0.0033
2023-04-05,161.27,51511700,Apple,AAPL,-0.0113,0.1131,1.0201,1,Apple market update,1.0,0,0.0113
2023-04-06,162.16,45390100,Apple,AAPL,0.0055,-0.1188,1.0183,0,Apple market update,1.0,0,0.0055
2023-04-10,159.57,47716900,Apple,AAPL,-0.016,0.0513,1.0122,0,Apple market update,1.0,0,0.016
2023-04-11,158.36,47644200,Apple,AAPL,-0.0076,-0.0015,1.0115,0,Apple market update,1.0,0,0.0076
2023-04-12,157.67,50133100,Apple,AAPL,-0.0044,0.0522,1.0143,1,Apple market update,1.0,0,0.0044
2023-04-13,163.05,68445600,Apple,AAPL,0.0341,0.3653,1.0271,0,Apple market update,1.0,0,0.0341
2023-04-14,162.7,49386500,Apple,AAPL,-0.0021,-0.2785,1.0153,1,Apple market update,1.0,0,0.0021
2023-04-17,162.72,41516200,Apple,AAPL,0.0001,-0.1594,1.0083,1,Apple market update,1.0,0,0.0001
2023-04-18,163.94,49923000,Apple,AAPL,0.0075,0.2025,1.0106,1,Apple market update,1.0,0,0.0075
2023-04-19,165.08,47720200,Apple,AAPL,0.007,-0.0441,1.0158,0,Apple market update,1.0,0,0.007
2023-04-20,164.12,52456400,Apple,AAPL,-0.0058,0.0992,1.014,0,Apple market update,1.0,0,0.0058
2023-04-21,162.51,58337300,Apple,AAPL,-0.0098,0.1121,1.0119,1,Apple market update,1.0,0,0.0098
2023-04-24,162.82,41949600,Apple,AAPL,0.0019,-0.2809,1.0104,0,Apple market update,1.0,0,0.0019
2023-04-25,161.28,48714100,Apple,AAPL,-0.0094,0.1613,1.0158,0,Apple market update,1.0,0,0.0095
2023-04-26,161.27,45498800,Apple,AAPL,-0.0001,-0.066,1.0152,1,Apple market update,1.0,0,0.0001
2023-04-27,165.85,64902300,Apple,AAPL,0.0284,0.4265,1.0204,1,Apple market update,1.0,0,0.0284
2023-04-28,167.1,55275900,Apple,AAPL,0.0075,-0.1483,1.0117,0,Apple market update,1.0,0,0.0075
2023-05-01,167.01,52472900,Apple,AAPL,-0.0005,-0.0507,1.0107,0,Apple market update,1.0,0,0.0005
2023-05-02,165.98,48425700,Apple,AAPL,-0.0062,-0.0771,1.0168,0,Apple market update,1.0,0,0.0062
2023-05-03,164.91,65136000,Apple,AAPL,-0.0065,0.3451,1.0225,0,Apple market update,1.0,0,0.0064
2023-05-04,163.27,81235400,Apple,AAPL,-0.0099,0.2472,1.0166,1,Apple market update,1.0,0,0.0099
2023-05-05,170.93,113453200,Apple,AAPL,0.0469,0.3966,1.0207,0,Apple market update,1.0,0,0.0469
2023-05-08,170.86,55962800,Apple,AAPL,-0.0004,-0.5067,1.0101,0,Apple market update,1.0,0,0.0004
2023-05-09,169.16,45326900,Apple,AAPL,-0.01,-0.1901,1.0113,1,Apple market update,1.0,0,0.0099
2023-05-10,170.92,53724500,Apple,AAPL,0.0104,0.1853,1.0124,1,Apple market update,1.0,0,0.0104
2023-05-11,171.11,49514700,Apple,AAPL,0.0011,-0.0784,1.0141,0,Apple market update,1.0,0,0.0011
2023-05-12,170.18,45533100,Apple,AAPL,-0.0054,-0.0804,1.0179,0,Apple market update,1.0,0,0.0054
2023-05-15,169.69,37266700,Apple,AAPL,-0.0029,-0.1815,1.0101,0,Apple market update,1.0,0,0.0029
2023-05-16,169.69,42110300,Apple,AAPL,0.0,0.13,1.0078,1,Apple market update,1.0,0,0.0
2023-05-17,170.3,57951600,Apple,AAPL,0.0036,0.3762,1.0147,1,Apple market update,1.0,0,0.0036
2023-05-18,172.63,65496700,Apple,AAPL,0.0137,0.1302,1.0154,1,Apple market update,1.0,0,0.0137
2023-05-19,172.74,55809500,Apple,AAPL,0.0006,-0.1479,1.0083,0,Apple market update,1.0,0,0.0006
2023-05-22,171.79,43570900,Apple,AAPL,-0.0055,-0.2193,1.0073,0,Apple market update,1.0,0,0.0055
2023-05-23,169.19,50747300,Apple,AAPL,-0.0152,0.1647,1.0123,1,Apple market update,1.0,0,0.0151
2023-05-24,169.46,45143500,Apple,AAPL,0.0016,-0.1104,1.0111,1,Apple market update,1.0,0,0.0016
2023-05-25,170.6,56058300,Apple,AAPL,0.0067,0.2418,1.0129,1,Apple market update,1.0,0,0.0067
2023-05-26,173.0,54835000,Apple,AAPL,0.0141,-0.0218,1.0154,1,Apple market update,1.0,0,0.0141
2023-05-30,174.85,55964400,Apple,AAPL,0.0107,0.0206,1.0137,0,Apple market update,1.0,0,0.0107
2023-05-31,174.8,99625300,Apple,AAPL,-0.0003,0.7802,1.0147,1,Apple market update,1.0,0,0.0003
2023-06-01,177.6,68901800,Apple,AAPL,0.016,-0.3084,1.018,1,Apple market update,1.0,0,0.016
2023-06-02,178.45,61996900,Apple,AAPL,0.0048,-0.1002,1.0141,0,Apple market update,1.0,0,0.0048
2023-06-05,177.1,121946500,Apple,AAPL,-0.0076,0.967,1.0388,0,Apple market update,1.0,0,0.0076
2023-06-06,176.73,64848400,Apple,AAPL,-0.0021,-0.4682,1.0152,0,Apple market update,1.0,0,0.0021
2023-06-07,175.36,61944600,Apple,AAPL,-0.0078,-0.0448,1.0219,1,Apple market update,1.0,0,0.0078
2023-06-08,178.07,50214900,Apple,AAPL,0.0155,-0.1894,1.019,1,Apple market update,1.0,0,0.0155
2023-06-09,178.46,48900000,Apple,AAPL,0.0022,-0.0262,1.0089,1,Apple market update,1.0,0,0.0022
2023-06-12,181.25,54274900,Apple,AAPL,0.0156,0.1099,1.0161,0,Apple market update,1.0,0,0.0156
2023-06-13,180.78,54929100,Apple,AAPL,-0.0026,0.0121,1.0094,1,Apple market update,1.0,0,0.0026
2023-06-14,181.41,57462900,Apple,AAPL,0.0035,0.0461,1.013,1,Apple market update,1.0,0,0.0035
2023-06-15,183.44,65433200,Apple,AAPL,0.0112,0.1387,1.0149,0,Apple market update,1.0,0,0.0112
2023-06-16,182.36,101256200,Apple,AAPL,-0.0059,0.5475,1.0148,1,Apple market update,1.0,0,0.0059
2023-06-20,182.45,49799100,Apple,AAPL,0.0005,-0.5082,1.0092,0,Apple market update,1.0,0,0.0005
2023-06-21,181.42,49515700,Apple,AAPL,-0.0057,-0.0057,1.0154,1,Apple market update,1.0,0,0.0056
2023-06-22,184.41,51245300,Apple,AAPL,0.0165,0.0349,1.0184,0,Apple market update,1.0,0,0.0165
2023-06-23,184.1,53117000,Apple,AAPL,-0.0017,0.0365,1.0138,0,Apple market update,1.0,0,0.0017
2023-06-26,182.71,48088700,Apple,AAPL,-0.0076,-0.0947,1.0152,1,Apple market update,1.0,0,0.0076
2023-06-27,185.46,50730800,Apple,AAPL,0.0151,0.0549,1.0146,1,Apple market update,1.0,0,0.0151
2023-06-28,186.63,51216800,Apple,AAPL,0.0063,0.0096,1.0123,1,Apple market update,1.0,0,0.0063
2023-06-29,186.97,46347300,Apple,AAPL,0.0018,-0.0951,1.006,1,Apple market update,1.0,0,0.0018
2023-06-30,191.29,85213200,Apple,AAPL,0.0231,0.8386,1.0168,0,Apple market update,1.0,0,0.0231
2023-07-03,189.8,31458200,Apple,AAPL,-0.0078,-0.6308,1.0111,0,Apple market update,1.0,0,0.0078
2023-07-05,188.68,46920300,Apple,AAPL,-0.0059,0.4915,1.0124,1,Apple market update,1.0,0,0.0059
2023-07-06,189.16,45094300,Apple,AAPL,0.0025,-0.0389,1.0149,0,Apple market update,1.0,0,0.0025
2023-07-07,188.04,46815000,Apple,AAPL,-0.0059,0.0382,1.0128,0,Apple market update,1.0,0,0.0059
2023-07-10,186.0,59922200,Apple,AAPL,-0.0109,0.28,1.0158,0,Apple market update,1.0,0,0.0108
2023-07-11,185.48,46638100,Apple,AAPL,-0.0028,-0.2217,1.0145,1,Apple market update,1.0,0,0.0028
2023-07-12,187.15,60750200,Apple,AAPL,0.009,0.3026,1.0171,1,Apple market update,1.0,0,0.009
2023-07-13,187.91,41342300,Apple,AAPL,0.0041,-0.3195,1.0074,1,Apple market update,1.0,0,0.0041
2023-07-14,188.05,41616200,Apple,AAPL,0.0008,0.0066,1.0082,1,Apple market update,1.0,0,0.0007
2023-07-17,191.31,50520200,Apple,AAPL,0.0173,0.214,1.0131,0,Apple market update,1.0,0,0.0173
2023-07-18,191.05,48288200,Apple,AAPL,-0.0013,-0.0442,1.0099,1,Apple market update,1.0,0,0.0014
2023-07-19,192.4,80507300,Apple,AAPL,0.0071,0.6672,1.029,0,Apple market update,1.0,0,0.0071
2023-07-20,190.46,59581200,Apple,AAPL,-0.0101,-0.2599,1.0206,0,Apple market update,1.0,0,0.0101
2023-07-21,189.29,71951700,Apple,AAPL,-0.0062,0.2076,1.0196,1,Apple market update,1.0,0,0.0061
2023-07-24,190.09,45377800,Apple,AAPL,0.0042,-0.3693,1.0138,1,Apple market update,1.0,0,0.0042
2023-07-25,190.94,37283200,Apple,AAPL,0.0045,-0.1784,1.0079,1,Apple market update,1.0,0,0.0045
2023-07-26,191.81,47471900,Apple,AAPL,0.0045,0.2733,1.012,0,Apple market update,1.0,0,0.0046
2023-07-27,190.55,47460200,Apple,AAPL,-0.0066,-0.0002,1.0241,1,Apple market update,1.0,0,0.0066
2023-07-28,193.12,48291400,Apple,AAPL,0.0135,0.0175,1.0128,1,Apple market update,1.0,0,0.0135
2023-07-31,193.73,38824100,Apple,AAPL,0.0032,-0.196,1.0063,0,Apple market update,1.0,0,0.0032
2023-08-01,192.91,35175100,Apple,AAPL,-0.0043,-0.094,1.0074,0,Apple market update,1.0,0,0.0042
2023-08-02,189.92,50389300,Apple,AAPL,-0.0155,0.4325,1.0174,0,Apple market update,1.0,0,0.0155
2023-08-03,188.53,61235200,Apple,AAPL,-0.0073,0.2152,1.0088,0,Apple market update,1.0,0,0.0073
2023-08-04,179.47,115956800,Apple,AAPL,-0.048,0.8936,1.03,0,Apple market update,1.0,0,0.0481
2023-08-07,176.38,97576100,Apple,AAPL,-0.0173,-0.1585,1.0326,1,Apple market update,1.0,0,0.0172
2023-08-08,177.31,67823000,Apple,AAPL,0.0053,-0.3049,1.0151,0,Apple market update,1.0,0,0.0053
2023-08-09,175.73,60378500,Apple,AAPL,-0.009,-0.1098,1.0221,0,Apple market update,1.0,0,0.0089
2023-08-10,175.51,54686900,Apple,AAPL,-0.0012,-0.0943,1.0177,1,Apple market update,1.0,0,0.0013
2023-08-11,175.57,52036700,Apple,AAPL,0.0003,-0.0485,1.0117,1,Apple market update,1.0,0,0.0003
2023-08-14,177.22,43675600,Apple,AAPL,0.0094,-0.1607,1.0134,0,Apple market update,1.0,0,0.0094
2023-08-15,175.23,43622600,Apple,AAPL,-0.0112,-0.0012,1.0137,0,Apple market update,1.0,0,0.0112
2023-08-16,174.36,46964900,Apple,AAPL,-0.005,0.0766,1.0116,0,Apple market update,1.0,0,0.005
2023-08-17,171.83,66062900,Apple,AAPL,-0.0146,0.4066,1.0232,1,Apple market update,1.0,0,0.0145
2023-08-18,172.31,61172200,Apple,AAPL,0.0028,-0.074,1.0183,1,Apple market update,1.0,0,0.0028
2023-08-21,173.64,46311900,Apple,AAPL,0.0077,-0.2429,1.0138,1,Apple market update,1.0,0,0.0077
2023-08-22,175.02,42038900,Apple,AAPL,0.0079,-0.0923,1.0081,1,Apple market update,1.0,0,0.0079
2023-08-23,178.86,52722800,Apple,AAPL,0.0219,0.2541,1.0181,0,Apple market update,1.0,0,0.0219
2023-08-24,174.18,54945800,Apple,AAPL,-0.0262,0.0422,1.0289,1,Apple market update,1.0,0,0.0262
2023-08-25,176.38,51449600,Apple,AAPL,0.0126,-0.0636,1.0189,1,Apple market update,1.0,0,0.0126
2023-08-28,177.94,43820700,Apple,AAPL,0.0088,-0.1483,1.0114,1,Apple market update,1.0,0,0.0088
2023-08-29,181.82,53003900,Apple,AAPL,0.0218,0.2096,1.0301,1,Apple market update,1.0,0,0.0218
2023-08-30,185.31,60813900,Apple,AAPL,0.0192,0.1473,1.0168,1,Apple market update,1.0,0,0.0192
2023-08-31,185.52,60794500,Apple,AAPL,0.0012,-0.0003,1.0087,1,Apple market update,1.0,0,0.0011
2023-09-01,187.09,45766500,Apple,AAPL,0.0085,-0.2472,1.0087,1,Apple market update,1.0,0,0.0085
2023-09-05,187.33,45280000,Apple,AAPL,0.0013,-0.0106,1.0126,0,Apple market update,1.0,0,0.0013
2023-09-06,180.62,81755800,Apple,AAPL,-0.0358,0.8056,1.0407,0,Apple market update,1.0,0,0.0358
2023-09-07,175.34,112488800,Apple,AAPL,-0.0292,0.3759,1.0269,1,Apple market update,1.0,0,0.0292
2023-09-08,175.95,65551300,Apple,AAPL,0.0035,-0.4173,1.0138,1,Apple market update,1.0,0,0.0035
2023-09-11,177.12,58953100,Apple,AAPL,0.0066,-0.1007,1.0167,0,Apple market update,1.0,0,0.0066
2023-09-12,174.1,90370200,Apple,AAPL,-0.0171,0.5329,1.0304,0,Apple market update,1.0,0,0.0171
2023-09-13,172.03,84267900,Apple,AAPL,-0.0119,-0.0675,1.0191,1,Apple market update,1.0,0,0.0119
2023-09-14,173.54,60895800,Apple,AAPL,0.0088,-0.2774,1.0145,0,Apple market update,1.0,0,0.0088
2023-09-15,172.82,109259500,Apple,AAPL,-0.0042,0.7942,1.0154,1,Apple market update,1.0,0,0.0041
2023-09-18,175.75,67257600,Apple,AAPL,0.0169,-0.3844,1.0182,1,Apple market update,1.0,0,0.017
2023-09-19,176.83,51826900,Apple,AAPL,0.0062,-0.2294,1.0141,0,Apple market update,1.0,0,0.0061
2023-09-20,173.3,58436200,Apple,AAPL,-0.02,0.1275,1.0245,0,Apple market update,1.0,0,0.02
2023-09-21,171.76,63149100,Apple,AAPL,-0.0089,0.0807,1.014,1,Apple market update,1.0,0,0.0089
2023-09-22,172.61,56725400,Apple,AAPL,0.0049,-0.1017,1.0174,1,Apple market update,1.0,0,0.0049
2023-09-25,173.88,46172700,Apple,AAPL,0.0074,-0.186,1.0162,0,Apple market update,1.0,0,0.0074
2023-09-26,169.81,64588900,Apple,AAPL,-0.0234,0.3989,1.0206,0,Apple market update,1.0,0,0.0234
2023-09-27,168.3,66921800,Apple,AAPL,-0.0089,0.0361,1.0236,1,Apple market update,1.0,0,0.0089
2023-09-28,168.56,56294400,Apple,AAPL,0.0015,-0.1588,1.0263,1,Apple market update,1.0,0,0.0015
2023-09-29,169.07,51861100,Apple,AAPL,0.003,-0.0788,1.016,1,Apple market update,1.0,0,0.003
2023-10-02,171.58,52164500,Apple,AAPL,0.0148,0.0059,1.0197,0,Apple market update,1.0,0,0.0148
2023-10-03,170.25,49594600,Apple,AAPL,-0.0078,-0.0493,1.0165,1,Apple market update,1.0,0,0.0078
2023-10-04,171.49,53020300,Apple,AAPL,0.0073,0.0691,1.019,1,Apple market update,1.0,0,0.0073
2023-10-05,172.72,48527900,Apple,AAPL,0.0072,-0.0847,1.016,1,Apple market update,1.0,0,0.0072
2023-10-06,175.27,57266700,Apple,AAPL,0.0148,0.1801,1.0278,1,Apple market update,1.0,0,0.0148
2023-10-09,176.75,42390800,Apple,AAPL,0.0085,-0.2598,1.0185,0,Apple market update,1.0,0,0.0084
2023-10-10,176.16,43698000,Apple,AAPL,-0.0034,0.0308,1.0099,1,Apple market update,1.0,0,0.0033
2023-10-11,177.55,47551100,Apple,AAPL,0.0079,0.0882,1.0127,1,Apple market update,1.0,0,0.0079
2023-10-12,178.45,56743100,Apple,AAPL,0.0051,0.1933,1.0184,0,Apple market update,1.0,0,0.0051
2023-10-13,176.62,51427100,Apple,AAPL,-0.0103,-0.0937,1.0213,0,Apple market update,1.0,0,0.0103
2023-10-16,176.49,52517000,Apple,AAPL,-0.0007,0.0212,1.0146,0,Apple market update,1.0,0,0.0007
2023-10-17,174.94,57549400,Apple,AAPL,-0.0088,0.0958,1.0207,0,Apple market update,1.0,0,0.0088
2023-10-18,173.64,54764400,Apple,AAPL,-0.0074,-0.0484,1.0141,0,Apple market update,1.0,0,0.0074
2023-10-19,173.27,59302900,Apple,AAPL,-0.0022,0.0829,1.0151,0,Apple market update,1.0,0,0.0021
2023-10-20,170.72,64244000,Apple,AAPL,-0.0147,0.0833,1.0161,1,Apple market update,1.0,0,0.0147
2023-10-23,170.84,55980100,Apple,AAPL,0.0007,-0.1286,1.024,1,Apple market update,1.0,0,0.0007
2023-10-24,171.27,43816600,Apple,AAPL,0.0025,-0.2173,1.0129,0,Apple market update,1.0,0,0.0025
2023-10-25,168.96,57157000,Apple,AAPL,-0.0135,0.3045,1.0141,0,Apple market update,1.0,0,0.0135
2023-10-26,164.8,70625300,Apple,AAPL,-0.0246,0.2356,1.0345,1,Apple market update,1.0,0,0.0246
2023-10-27,166.12,58499100,Apple,AAPL,0.008,-0.1717,1.0128,1,Apple market update,1.0,0,0.008
2023-10-30,168.16,51131000,Apple,AAPL,0.0123,-0.126,1.0136,1,Apple market update,1.0,0,0.0123
2023-10-31,168.64,44846000,Apple,AAPL,0.0028,-0.1229,1.0179,1,Apple market update,1.0,0,0.0029
2023-11-01,171.8,56934900,Apple,AAPL,0.0187,0.2696,1.0242,1,Apple market update,1.0,0,0.0187
2023-11-02,175.35,77334800,Apple,AAPL,0.0207,0.3583,1.0132,0,Apple market update,1.0,0,0.0207
2023-11-03,174.44,79829200,Apple,AAPL,-0.0052,0.0323,1.02,1,Apple market update,1.0,0,0.0052
2023-11-06,176.99,63841300,Apple,AAPL,0.0146,-0.2003,1.0183,1,Apple market update,1.0,0,0.0146
2023-11-07,179.55,70530000,Apple,AAPL,0.0145,0.1048,1.0194,1,Apple market update,1.0,0,0.0145
2023-11-08,180.6,49340300,Apple,AAPL,0.0059,-0.3004,1.0102,0,Apple market update,1.0,0,0.0058
2023-11-09,180.13,53763500,Apple,AAPL,-0.0026,0.0896,1.0127,1,Apple market update,1.0,0,0.0026
2023-11-10,184.31,66133400,Apple,AAPL,0.0232,0.2301,1.0166,0,Apple market update,1.0,0,0.0232
2023-11-13,182.73,43627500,Apple,AAPL,-0.0086,-0.3403,1.0099,1,Apple market update,1.0,0,0.0086
2023-11-14,185.34,60108400,Apple,AAPL,0.0143,0.3778,1.0097,1,Apple market update,1.0,0,0.0143
2023-11-15,185.91,53790500,Apple,AAPL,0.003,-0.1051,1.0092,1,Apple market update,1.0,0,0.0031
2023-11-16,187.59,54412900,Apple,AAPL,0.009,0.0116,1.0122,0,Apple market update,1.0,0,0.009
2023-11-17,187.57,50922700,Apple,AAPL,-0.0001,-0.0641,1.0096,1,Apple market update,1.0,0,0.0001
2023-11-20,189.31,46505100,Apple,AAPL,0.0093,-0.0868,1.0107,0,Apple market update,1.0,0,0.0093
2023-11-21,188.51,38134500,Apple,AAPL,-0.0042,-0.18,1.0094,1,Apple market update,1.0,0,0.0042
2023-11-22,189.17,39617700,Apple,AAPL,0.0035,0.0389,1.011,0,Apple market update,1.0,0,0.0035
2023-11-24,187.84,24048300,Apple,AAPL,-0.007,-0.393,1.0087,0,Apple market update,1.0,0,0.007
2023-11-27,187.67,40552600,Apple,AAPL,-0.0009,0.6863,1.0094,1,Apple market update,1.0,0,0.0009
2023-11-28,188.27,38415400,Apple,AAPL,0.0032,-0.0527,1.0089,0,Apple market update,1.0,0,0.0032
2023-11-29,187.25,43014200,Apple,AAPL,-0.0054,0.1197,1.0165,1,Apple market update,1.0,0,0.0054
2023-11-30,187.82,48794400,Apple,AAPL,0.0031,0.1344,1.0113,1,Apple market update,1.0,0,0.003
2023-12-01,189.1,45704800,Apple,AAPL,0.0068,-0.0633,1.0123,0,Apple market update,1.0,0,0.0068
2023-12-04,187.31,43389500,Apple,AAPL,-0.0095,-0.0507,1.0139,1,Apple market update,1.0,0,0.0095
2023-12-05,191.26,66628400,Apple,AAPL,0.0211,0.5356,1.0222,0,Apple market update,1.0,0,0.0211
2023-12-06,190.17,41089700,Apple,AAPL,-0.0057,-0.3833,1.0138,1,Apple market update,1.0,0,0.0057
2023-12-07,192.1,47477700,Apple,AAPL,0.0101,0.1555,1.0073,1,Apple market update,1.0,0,0.0101
2023-12-08,193.52,53406400,Apple,AAPL,0.0074,0.1249,1.012,0,Apple market update,1.0,0,0.0074
2023-12-11,191.02,60943700,Apple,AAPL,-0.0129,0.1411,1.0108,1,Apple market update,1.0,0,0.0129
2023-12-12,192.53,52696900,Apple,AAPL,0.0079,-0.1353,1.0156,1,Apple market update,1.0,0,0.0079
2023-12-13,195.74,70404200,Apple,AAPL,0.0167,0.336,1.0162,1,Apple market update,1.0,0,0.0167
2023-12-14,195.89,66831600,Apple,AAPL,0.0008,-0.0507,1.0176,0,Apple market update,1.0,0,0.0008
2023-12-15,195.36,128538400,Apple,AAPL,-0.0027,0.9233,1.0071,0,Apple market update,1.0,0,0.0027
2023-12-18,193.7,55751900,Apple,AAPL,-0.0085,-0.5663,1.0115,1,Apple market update,1.0,0,0.0085
2023-12-19,194.74,40714100,Apple,AAPL,0.0054,-0.2697,1.0054,0,Apple market update,1.0,0,0.0054
2023-12-20,192.65,52242800,Apple,AAPL,-0.0107,0.2832,1.0146,0,Apple market update,1.0,0,0.0107
2023-12-21,192.5,46482500,Apple,AAPL,-0.0008,-0.1103,1.0185,0,Apple market update,1.0,0,0.0008
2023-12-22,191.43,37149600,Apple,AAPL,-0.0055,-0.2008,1.0126,0,Apple market update,1.0,0,0.0056
2023-12-26,190.89,28919300,Apple,AAPL,-0.0028,-0.2215,1.0055,1,Apple market update,1.0,0,0.0028
2023-12-27,190.99,48087700,Apple,AAPL,0.0005,0.6628,1.0126,1,Apple market update,1.0,0,0.0005
2023-12-28,191.41,34049900,Apple,AAPL,0.0022,-0.2919,1.0077,0,Apple market update,1.0,0,0.0022
2023-12-29,190.38,42672100,Apple,AAPL,-0.0054,0.2532,1.0139,0,Apple market update,1.0,0,0.0054
2024-01-02,183.56,82488700,Apple,AAPL,-0.0358,0.9331,1.0247,0,Apple market update,1.0,0,0.0358
2024-01-03,182.19,58414500,Apple,AAPL,-0.0075,-0.2918,1.0134,0,Apple market update,1.0,0,0.0075
2024-01-04,179.87,71983600,Apple,AAPL,-0.0127,0.2323,1.0122,0,Apple market update,1.0,0,0.0127
2024-01-05,179.15,62379700,Apple,AAPL,-0.004,-0.1334,1.0144,1,Apple market update,1.0,0,0.004
2024-01-08,183.48,59144500,Apple,AAPL,0.0242,-0.0519,1.0226,0,Apple market update,1.0,0,0.0242
2024-01-09,183.07,42841800,Apple,AAPL,-0.0023,-0.2756,1.0132,1,Apple market update,1.0,0,0.0022
2024-01-10,184.11,46792900,Apple,AAPL,0.0057,0.0922,1.0135,0,Apple market update,1.0,0,0.0057
2024-01-11,183.51,49128400,Apple,AAPL,-0.0032,0.0499,1.0187,1,Apple market update,1.0,0,0.0033
2024-01-12,183.84,40477800,Apple,AAPL,0.0018,-0.1761,1.0084,0,Apple market update,1.0,0,0.0018
2024-01-16,181.57,65603000,Apple,AAPL,-0.0123,0.6207,1.0184,0,Apple market update,1.0,0,0.0123
2024-01-17,180.64,47317400,Apple,AAPL,-0.0052,-0.2787,1.0146,1,Apple market update,1.0,0,0.0051
2024-01-18,186.52,78005800,Apple,AAPL,0.0326,0.6486,1.0178,1,Apple market update,1.0,0,0.0326
2024-01-19,189.42,68903000,Apple,AAPL,0.0155,-0.1167,1.0166,1,Apple market update,1.0,0,0.0155
2024-01-22,191.72,60133900,Apple,AAPL,0.0122,-0.1273,1.016,1,Apple market update,1.0,0,0.0121
2024-01-23,193.0,42355600,Apple,AAPL,0.0067,-0.2956,1.0099,0,Apple market update,1.0,0,0.0067
2024-01-24,192.32,53631300,Apple,AAPL,-0.0035,0.2662,1.0105,0,Apple market update,1.0,0,0.0035
2024-01-25,192.0,54822100,Apple,AAPL,-0.0017,0.0222,1.0164,0,Apple market update,1.0,0,0.0017
2024-01-26,190.27,44594000,Apple,AAPL,-0.009,-0.1866,1.0147,0,Apple market update,1.0,0,0.009
2024-01-29,189.58,47145600,Apple,AAPL,-0.0036,0.0572,1.0138,0,Apple market update,1.0,0,0.0036
2024-01-30,185.94,55859400,Apple,AAPL,-0.0192,0.1848,1.0231,0,Apple market update,1.0,0,0.0192
2024-01-31,182.34,55467800,Apple,AAPL,-0.0194,-0.007,1.0149,1,Apple market update,1.0,0,0.0194
2024-02-01,184.77,64885400,Apple,AAPL,0.0133,0.1698,1.017,0,Apple market update,1.0,0,0.0133
2024-02-02,183.77,102551700,Apple,AAPL,-0.0054,0.5805,1.0451,1,Apple market update,1.0,0,0.0054
2024-02-05,185.58,69668800,Apple,AAPL,0.0098,-0.3206,1.0183,1,Apple market update,1.0,0,0.0098
2024-02-06,187.18,43490800,Apple,AAPL,0.0086,-0.3757,1.0136,1,Apple market update,1.0,0,0.0086
2024-02-07,187.29,53439000,Apple,AAPL,0.0006,0.2287,1.0129,0,Apple market update,1.0,0,0.0006
2024-02-08,186.21,40962000,Apple,AAPL,-0.0058,-0.2335,1.0117,1,Apple market update,1.0,0,0.0058
2024-02-09,186.97,45155200,Apple,AAPL,0.0041,0.1024,1.0106,0,Apple market update,1.0,0,0.0041
2024-02-12,185.29,41781900,Apple,AAPL,-0.009,-0.0747,1.0101,0,Apple market update,1.0,0,0.009
2024-02-13,183.2,56529500,Apple,AAPL,-0.0113,0.353,1.0147,0,Apple market update,1.0,0,0.0113
2024-02-14,182.32,54630500,Apple,AAPL,-0.0048,-0.0336,1.0169,0,Apple market update,1.0,0,0.0048
2024-02-15,182.03,65434500,Apple,AAPL,-0.0016,0.1978,1.0173,0,Apple market update,1.0,0,0.0016
2024-02-16,180.5,49752500,Apple,AAPL,-0.0084,-0.2397,1.0175,0,Apple market update,1.0,0,0.0084
2024-02-20,179.76,53665600,Apple,AAPL,-0.0041,0.0787,1.0135,1,Apple market update,1.0,0,0.0041
2024-02-21,180.51,41371400,Apple,AAPL,0.0042,-0.2291,1.0123,1,Apple market update,1.0,0,0.0042
2024-02-22,182.54,52292200,Apple,AAPL,0.0112,0.264,1.0137,0,Apple market update,1.0,0,0.0112
2024-02-23,180.71,45119700,Apple,AAPL,-0.01,-0.1372,1.0154,0,Apple market update,1.0,0,0.01
2024-02-26,179.36,40867400,Apple,AAPL,-0.0075,-0.0942,1.0117,1,Apple market update,1.0,0,0.0075
2024-02-27,180.82,54318900,Apple,AAPL,0.0081,0.3291,1.0243,0,Apple market update,1.0,0,0.0081
2024-02-28,179.62,48953900,Apple,AAPL,-0.0066,-0.0988,1.0166,0,Apple market update,1.0,0,0.0066
2024-02-29,178.95,136682600,Apple,AAPL,-0.0037,1.7921,1.0169,0,Apple market update,1.0,0,0.0037
2024-03-01,177.88,73563100,Apple,AAPL,-0.006,-0.4618,1.0178,0,Apple market update,1.0,0,0.006
2024-03-04,173.36,81510100,Apple,AAPL,-0.0254,0.108,1.0179,0,Apple market update,1.0,0,0.0254
2024-03-05,168.43,95132400,Apple,AAPL,-0.0284,0.1671,1.0143,0,Apple market update,1.0,0,0.0284
2024-03-06,167.44,68587700,Apple,AAPL,-0.0059,-0.279,1.0152,0,Apple market update,1.0,0,0.0059
2024-03-07,167.32,71765100,Apple,AAPL,-0.0007,0.0463,1.0133,1,Apple market update,1.0,0,0.0007
2024-03-08,169.03,76267000,Apple,AAPL,0.0102,0.0627,1.0282,1,Apple market update,1.0,0,0.0102
2024-03-11,171.03,60139500,Apple,AAPL,0.0118,-0.2115,1.0135,1,Apple market update,1.0,0,0.0118
2024-03-12,171.51,59825400,Apple,AAPL,0.0028,-0.0052,1.0177,0,Apple market update,1.0,0,0.0028
2024-03-13,169.43,52488700,Apple,AAPL,-0.0121,-0.1226,1.0142,1,Apple market update,1.0,0,0.0121
2024-03-14,171.28,72913500,Apple,AAPL,0.0109,0.3891,1.0131,0,Apple market update,1.0,0,0.0109
2024-03-15,170.91,121752700,Apple,AAPL,-0.0022,0.6698,1.0137,1,Apple market update,1.0,0,0.0022
2024-03-18,171.99,75604200,Apple,AAPL,0.0064,-0.379,1.0241,1,Apple market update,1.0,0,0.0063
2024-03-19,174.33,55215200,Apple,AAPL,0.0136,-0.2697,1.0207,1,Apple market update,1.0,0,0.0136
2024-03-20,176.9,53423100,Apple,AAPL,0.0147,-0.0325,1.0204,0,Apple market update,1.0,0,0.0147
2024-03-21,169.67,106181300,Apple,AAPL,-0.0409,0.9876,1.0389,1,Apple market update,1.0,0,0.0409
2024-03-22,170.57,71160100,Apple,AAPL,0.0053,-0.3298,1.0176,0,Apple market update,1.0,0,0.0053
2024-03-25,169.15,54288300,Apple,AAPL,-0.0083,-0.2371,1.0147,0,Apple market update,1.0,0,0.0083
2024-03-26,168.02,57388400,Apple,AAPL,-0.0067,0.0571,1.0109,1,Apple market update,1.0,0,0.0067
2024-03-27,171.59,60273300,Apple,AAPL,0.0212,0.0503,1.0205,0,Apple market update,1.0,0,0.0212
2024-03-28,169.78,65672700,Apple,AAPL,-0.0106,0.0896,1.0101,0,Apple market update,1.0,0,0.0105
2024-04-01,168.34,46240500,Apple,AAPL,-0.0085,-0.2959,1.0104,0,Apple market update,1.0,0,0.0085
2024-04-02,167.16,49329500,Apple,AAPL,-0.007,0.0668,1.0066,1,Apple market update,1.0,0,0.007
2024-04-03,167.97,47691700,Apple,AAPL,0.0048,-0.0332,1.0125,0,Apple market update,1.0,0,0.0048
2024-04-04,167.14,53704400,Apple,AAPL,-0.0049,0.1261,1.0184,1,Apple market update,1.0,0,0.0049
2024-04-05,167.9,42104800,Apple,AAPL,0.0045,-0.216,1.0085,0,Apple market update,1.0,0,0.0045
2024-04-08,166.78,37425500,Apple,AAPL,-0.0067,-0.1111,1.0057,1,Apple market update,1.0,0,0.0067
2024-04-09,167.99,42373800,Apple,AAPL,0.0072,0.1322,1.0103,0,Apple market update,1.0,0,0.0073
2024-04-10,166.11,49709300,Apple,AAPL,-0.0111,0.1731,1.0118,1,Apple market update,1.0,0,0.0112
2024-04-11,173.3,91070300,Apple,AAPL,0.0433,0.8321,1.0434,1,Apple market update,1.0,0,0.0433
2024-04-12,174.8,101670900,Apple,AAPL,0.0086,0.1164,1.0238,0,Apple market update,1.0,0,0.0087
2024-04-15,170.98,73531800,Apple,AAPL,-0.0219,-0.2768,1.0239,0,Apple market update,1.0,0,0.0219
2024-04-16,167.7,73711200,Apple,AAPL,-0.0192,0.0024,1.0326,0,Apple market update,1.0,0,0.0192
2024-04-17,166.33,50901200,Apple,AAPL,-0.0081,-0.3095,1.0158,0,Apple market update,1.0,0,0.0082
2024-04-18,165.38,43122900,Apple,AAPL,-0.0057,-0.1528,1.0125,0,Apple market update,1.0,0,0.0057
2024-04-19,163.36,68149400,Apple,AAPL,-0.0122,0.5804,1.0141,1,Apple market update,1.0,0,0.0122
2024-04-22,164.19,48116400,Apple,AAPL,0.0051,-0.294,1.0151,1,Apple market update,1.0,0,0.0051
2024-04-23,165.24,49537800,Apple,AAPL,0.0064,0.0295,1.0129,1,Apple market update,1.0,0,0.0064
2024-04-24,167.34,48251800,Apple,AAPL,0.0127,-0.026,1.0186,1,Apple market update,1.0,0,0.0127
2024-04-25,168.2,50558300,Apple,AAPL,0.0051,0.0478,1.0146,0,Apple market update,1.0,0,0.0051
2024-04-26,167.62,44838400,Apple,AAPL,-0.0035,-0.1131,1.0128,1,Apple market update,1.0,0,0.0034
2024-04-29,171.78,68169400,Apple,AAPL,0.0248,0.5203,1.0169,0,Apple market update,1.0,0,0.0248
2024-04-30,168.64,65934800,Apple,AAPL,-0.0183,-0.0328,1.0294,0,Apple market update,1.0,0,0.0183
2024-05-01,167.62,50383100,Apple,AAPL,-0.006,-0.2359,1.0213,1,Apple market update,1.0,0,0.006
2024-05-02,171.31,94214900,Apple,AAPL,0.022,0.87,1.0148,1,Apple market update,1.0,0,0.022
2024-05-03,181.56,163224100,Apple,AAPL,0.0598,0.7325,1.0238,0,Apple market update,1.0,0,0.0598
2024-05-06,179.91,78569700,Apple,AAPL,-0.0091,-0.5186,1.021,1,Apple market update,1.0,0,0.0091
2024-05-07,180.59,77305800,Apple,AAPL,0.0038,-0.0161,1.0197,1,Apple market update,1.0,0,0.0038
2024-05-08,180.93,45057100,Apple,AAPL,0.0019,-0.4172,1.0089,1,Apple market update,1.0,0,0.0019
2024-05-09,182.74,48983000,Apple,AAPL,0.01,0.0871,1.014,0,Apple market update,1.0,0,0.01
2024-05-10,181.48,50759500,Apple,AAPL,-0.0069,0.0363,1.0163,1,Apple market update,1.0,0,0.0069
2024-05-13,184.68,72044800,Apple,AAPL,0.0176,0.4193,1.0134,1,Apple market update,1.0,0,0.0176
2024-05-14,185.82,52393600,Apple,AAPL,0.0062,-0.2728,1.0108,1,Apple market update,1.0,0,0.0062
2024-05-15,188.09,70400000,Apple,AAPL,0.0122,0.3437,1.0175,1,Apple market update,1.0,0,0.0122
2024-05-16,188.21,52845200,Apple,AAPL,0.0006,-0.2494,1.0076,1,Apple market update,1.0,0,0.0006
2024-05-17,188.24,41282900,Apple,AAPL,0.0002,-0.2188,1.0086,1,Apple market update,1.0,0,0.0002
2024-05-20,189.4,44361300,Apple,AAPL,0.0062,0.0746,1.0154,1,Apple market update,1.0,0,0.0062
2024-05-21,190.7,42309400,Apple,AAPL,0.0069,-0.0463,1.0095,0,Apple market update,1.0,0,0.0069
2024-05-22,189.26,34648500,Apple,AAPL,-0.0075,-0.1811,1.0134,0,Apple market update,1.0,0,0.0076
2024-05-23,185.28,51005900,Apple,AAPL,-0.0211,0.4721,1.0234,1,Apple market update,1.0,0,0.021
2024-05-24,188.35,36327000,Apple,AAPL,0.0166,-0.2878,1.0135,1,Apple market update,1.0,0,0.0166
2024-05-28,188.36,52280100,Apple,AAPL,0.0001,0.4392,1.0206,1,Apple market update,1.0,0,0.0001
2024-05-29,188.66,53068000,Apple,AAPL,0.0016,0.0151,1.0145,1,Apple market update,1.0,0,0.0016
2024-05-30,189.65,49889100,Apple,AAPL,0.0053,-0.0599,1.0081,1,Apple market update,1.0,0,0.0052
2024-05-31,190.6,75158300,Apple,AAPL,0.005,0.5065,1.014,1,Apple market update,1.0,0,0.005
2024-06-03,192.36,50080500,Apple,AAPL,0.0093,-0.3337,1.0128,1,Apple market update,1.0,0,0.0092
2024-06-04,192.68,47471400,Apple,AAPL,0.0016,-0.0521,1.0119,1,Apple market update,1.0,0,0.0017
2024-06-05,194.19,54156800,Apple,AAPL,0.0078,0.1408,1.0104,0,Apple market update,1.0,0,0.0078
2024-06-06,192.81,41181800,Apple,AAPL,-0.0071,-0.2396,1.012,1,Apple market update,1.0,0,0.0071
2024-06-07,195.2,53103900,Apple,AAPL,0.0124,0.2895,1.0144,0,Apple market update,1.0,0,0.0124
2024-06-10,191.46,97010200,Apple,AAPL,-0.0191,0.8268,1.0268,1,Apple market update,1.0,0,0.0192
2024-06-11,205.37,172373300,Apple,AAPL,0.0726,0.7769,1.0699,1,Apple market update,1.0,0,0.0727
2024-06-12,211.24,198134300,Apple,AAPL,0.0286,0.1494,1.0643,1,Apple market update,1.0,0,0.0286
2024-06-13,212.4,97862700,Apple,AAPL,0.0055,-0.5061,1.0243,0,Apple market update,1.0,0,0.0055
2024-06-14,210.67,70122700,Apple,AAPL,-0.0082,-0.2835,1.0183,1,Apple market update,1.0,0,0.0081
2024-06-17,214.81,93728300,Apple,AAPL,0.0197,0.3366,1.0293,0,Apple market update,1.0,0,0.0197
2024-06-18,212.45,79943300,Apple,AAPL,-0.011,-0.1471,1.0264,0,Apple market update,1.0,0,0.011
2024-06-20,207.88,86172500,Apple,AAPL,-0.0215,0.0779,1.0258,0,Apple market update,1.0,0,0.0215
2024-06-21,205.71,241805100,Apple,AAPL,-0.0104,1.8061,1.0231,1,Apple market update,1.0,0,0.0104
2024-06-24,206.35,80727000,Apple,AAPL,0.0031,-0.6661,1.0296,1,Apple market update,1.0,0,0.0031
2024-06-25,207.27,55549700,Apple,AAPL,0.0045,-0.3119,1.0133,1,Apple market update,1.0,0,0.0045
2024-06-26,211.42,66213200,Apple,AAPL,0.02,0.192,1.02,1,Apple market update,1.0,0,0.02
2024-06-27,212.26,49772700,Apple,AAPL,0.004,-0.2483,1.016,0,Apple market update,1.0,0,0.004
2024-06-28,208.81,82542700,Apple,AAPL,-0.0163,0.6584,1.0274,1,Apple market update,1.0,0,0.0163
2024-07-01,214.89,60402900,Apple,AAPL,0.0291,-0.2682,1.0264,1,Apple market update,1.0,0,0.0291
2024-07-02,218.38,58046200,Apple,AAPL,0.0162,-0.039,1.0245,1,Apple market update,1.0,0,0.0162
2024-07-03,219.65,37369800,Apple,AAPL,0.0058,-0.3562,1.0115,1,Apple market update,1.0,0,0.0058
2024-07-05,224.4,60412400,Apple,AAPL,0.0216,0.6166,1.0217,1,Apple market update,1.0,0,0.0216
2024-07-08,225.86,59085900,Apple,AAPL,0.0065,-0.022,1.0206,1,Apple market update,1.0,0,0.0065
2024-07-09,226.72,48076100,Apple,AAPL,0.0038,-0.1863,1.0134,1,Apple market update,1.0,0,0.0038
2024-07-10,230.98,62627700,Apple,AAPL,0.0188,0.3027,1.0167,0,Apple market update,1.0,0,0.0188
2024-07-11,225.62,64710600,Apple,AAPL,-0.0232,0.0333,1.0293,1,Apple market update,1.0,0,0.0232
2024-07-12,228.56,53046500,Apple,AAPL,0.0131,-0.1803,1.0173,1,Apple market update,1.0,0,0.013
2024-07-15,232.39,62631300,Apple,AAPL,0.0167,0.1807,1.0178,1,Apple market update,1.0,0,0.0168
2024-07-16,232.8,43234300,Apple,AAPL,0.0018,-0.3097,1.017,0,Apple market update,1.0,0,0.0018
2024-07-17,226.91,57345900,Apple,AAPL,-0.0253,0.3264,1.0213,0,Apple market update,1.0,0,0.0253
2024-07-18,222.25,66034600,Apple,AAPL,-0.0205,0.1515,1.0368,1,Apple market update,1.0,0,0.0205
2024-07-19,222.38,49151500,Apple,AAPL,0.0006,-0.2557,1.0158,0,Apple market update,1.0,0,0.0006
2024-07-22,222.04,48201800,Apple,AAPL,-0.0016,-0.0193,1.021,1,Apple market update,1.0,0,0.0015
2024-07-23,223.08,39960300,Apple,AAPL,0.0047,-0.171,1.0191,0,Apple market update,1.0,0,0.0047
2024-07-24,216.66,61777600,Apple,AAPL,-0.0288,0.546,1.0353,0,Apple market update,1.0,0,0.0288
2024-07-25,215.62,51391200,Apple,AAPL,-0.0048,-0.1681,1.029,1,Apple market update,1.0,0,0.0048
2024-07-26,216.09,41601300,Apple,AAPL,0.0022,-0.1905,1.0161,1,Apple market update,1.0,0,0.0022
2024-07-29,216.37,36311800,Apple,AAPL,0.0013,-0.1271,1.0165,1,Apple market update,1.0,0,0.0013
2024-07-30,216.92,41643800,Apple,AAPL,0.0026,0.1468,1.0195,1,Apple market update,1.0,0,0.0025
2024-07-31,220.17,50036300,Apple,AAPL,0.015,0.2015,1.0145,0,Apple market update,1.0,0,0.015
2024-08-01,216.48,62501000,Apple,AAPL,-0.0168,0.2491,1.0344,1,Apple market update,1.0,0,0.0168
2024-08-02,217.97,105568600,Apple,AAPL,0.0069,0.6891,1.0362,0,Apple market update,1.0,0,0.0069
2024-08-05,207.47,119548600,Apple,AAPL,-0.0482,0.1324,1.0893,0,Apple market update,1.0,0,0.0482
2024-08-06,205.45,69660500,Apple,AAPL,-0.0097,-0.4173,1.0444,1,Apple market update,1.0,0,0.0097
2024-08-07,208.02,63516400,Apple,AAPL,0.0125,-0.0882,1.0351,1,Apple market update,1.0,0,0.0125
2024-08-08,211.48,47161100,Apple,AAPL,0.0166,-0.2575,1.0257,1,Apple market update,1.0,0,0.0166
2024-08-09,214.38,42201600,Apple,AAPL,0.0137,-0.1052,1.0227,1,Apple market update,1.0,0,0.0137
2024-08-12,215.91,38028100,Apple,AAPL,0.0071,-0.0989,1.0181,1,Apple market update,1.0,0,0.0071
2024-08-13,219.62,44155300,Apple,AAPL,0.0172,0.1611,1.0132,1,Apple market update,1.0,0,0.0172
2024-08-14,220.07,41960600,Apple,AAPL,0.002,-0.0497,1.0152,1,Apple market update,1.0,0,0.002
2024-08-15,223.05,46414000,Apple,AAPL,0.0135,0.1061,1.0116,1,Apple market update,1.0,0,0.0135
2024-08-16,224.37,44340200,Apple,AAPL,0.0059,-0.0447,1.0142,0,Apple market update,1.0,0,0.0059
2024-08-19,224.21,40687800,Apple,AAPL,-0.0007,-0.0824,1.0132,1,Apple market update,1.0,0,0.0007
2024-08-20,224.82,30299000,Apple,AAPL,0.0027,-0.2553,1.0076,0,Apple market update,1.0,0,0.0027
2024-08-21,224.72,34765500,Apple,AAPL,-0.0005,0.1474,1.013,0,Apple market update,1.0,0,0.0004
2024-08-22,222.86,43695300,Apple,AAPL,-0.0083,0.2569,1.0198,1,Apple market update,1.0,0,0.0083
2024-08-23,225.15,38677300,Apple,AAPL,0.0103,-0.1148,1.0173,1,Apple market update,1.0,0,0.0103
2024-08-26,225.49,30602200,Apple,AAPL,0.0015,-0.2088,1.0151,1,Apple market update,1.0,0,0.0015
2024-08-27,226.33,35934600,Apple,AAPL,0.0037,0.1742,1.0176,0,Apple market update,1.0,0,0.0037
2024-08-28,224.8,38052200,Apple,AAPL,-0.0068,0.0589,1.0185,1,Apple market update,1.0,0,0.0068
2024-08-29,228.08,51906300,Apple,AAPL,0.0146,0.3641,1.0177,0,Apple market update,1.0,0,0.0146
2024-08-30,227.3,52990800,Apple,AAPL,-0.0034,0.0209,1.0128,0,Apple market update,1.0,0,0.0034
2024-09-03,221.11,50190600,Apple,AAPL,-0.0272,-0.0528,1.0354,0,Apple market update,1.0,0,0.0272
2024-09-04,219.21,43840200,Apple,AAPL,-0.0086,-0.1265,1.0198,1,Apple market update,1.0,0,0.0086
2024-09-05,220.73,36615400,Apple,AAPL,0.0069,-0.1648,1.0179,0,Apple market update,1.0,0,0.0069
2024-09-06,219.18,48423000,Apple,AAPL,-0.007,0.3225,1.0249,1,Apple market update,1.0,0,0.007
2024-09-09,219.27,67180000,Apple,AAPL,0.0004,0.3874,1.021,0,Apple market update,1.0,0,0.0004
2024-09-10,218.47,51591000,Apple,AAPL,-0.0036,-0.232,1.0219,1,Apple market update,1.0,0,0.0036
2024-09-11,221.0,44587100,Apple,AAPL,0.0116,-0.1358,1.0239,1,Apple market update,1.0,0,0.0116
2024-09-12,221.11,37455600,Apple,AAPL,0.0005,-0.1599,1.017,0,Apple market update,1.0,0,0.0005
2024-09-13,220.84,36766600,Apple,AAPL,-0.0012,-0.0184,1.0096,0,Apple market update,1.0,0,0.0012
2024-09-16,214.71,59357400,Apple,AAPL,-0.0278,0.6144,1.0154,1,Apple market update,1.0,0,0.0278
2024-09-17,215.18,45519300,Apple,AAPL,0.0022,-0.2331,1.0112,1,Apple market update,1.0,0,0.0022
2024-09-18,219.05,59894900,Apple,AAPL,0.018,0.3158,1.0238,1,Apple market update,1.0,0,0.018
2024-09-19,227.17,66781300,Apple,AAPL,0.0371,0.115,1.0231,0,Apple market update,1.0,0,0.0371
2024-09-20,226.5,318679900,Apple,AAPL,-0.0029,3.772,1.024,0,Apple market update,1.0,0,0.0029
2024-09-23,224.78,54146000,Apple,AAPL,-0.0076,-0.8301,1.0161,1,Apple market update,1.0,0,0.0076
2024-09-24,225.68,43556100,Apple,AAPL,0.004,-0.1956,1.016,0,Apple market update,1.0,0,0.004
2024-09-25,224.69,42308700,Apple,AAPL,-0.0044,-0.0286,1.0146,1,Apple market update,1.0,0,0.0044
2024-09-26,225.83,36636700,Apple,AAPL,0.0051,-0.1341,1.0137,1,Apple market update,1.0,0,0.0051
2024-09-27,226.1,34026000,Apple,AAPL,0.0012,-0.0713,1.0098,1,Apple market update,1.0,0,0.0012
2024-09-30,231.27,54541900,Apple,AAPL,0.0229,0.6029,1.0146,0,Apple market update,1.0,0,0.0229
2024-10-01,224.53,63285000,Apple,AAPL,-0.0291,0.1603,1.0264,1,Apple market update,1.0,0,0.0291
2024-10-02,225.09,32880600,Apple,AAPL,0.0025,-0.4804,1.0195,0,Apple market update,1.0,0,0.0025
2024-10-03,223.99,34044200,Apple,AAPL,-0.0049,0.0354,1.0156,1,Apple market update,1.0,0,0.0049
2024-10-04,225.11,37245100,Apple,AAPL,0.005,0.094,1.0173,0,Apple market update,1.0,0,0.005
2024-10-07,220.04,39505400,Apple,AAPL,-0.0225,0.0607,1.0197,1,Apple market update,1.0,0,0.0225
2024-10-08,224.09,31855700,Apple,AAPL,0.0184,-0.1936,1.0122,1,Apple market update,1.0,0,0.0184
2024-10-09,227.83,33591100,Apple,AAPL,0.0167,0.0545,1.0219,0,Apple market update,1.0,0,0.0167
2024-10-10,227.34,28183500,Apple,AAPL,-0.0022,-0.161,1.0103,0,Apple market update,1.0,0,0.0022
2024-10-11,225.86,31759200,Apple,AAPL,-0.0065,0.1269,1.0091,1,Apple market update,1.0,0,0.0065
2024-10-14,229.58,39882100,Apple,AAPL,0.0165,0.2558,1.0137,1,Apple market update,1.0,0,0.0165
2024-10-15,232.11,64751400,Apple,AAPL,0.011,0.6236,1.022,0,Apple market update,1.0,0,0.011
2024-10-16,230.06,34082200,Apple,AAPL,-0.0089,-0.4736,1.0099,1,Apple market update,1.0,0,0.0088
2024-10-17,230.42,32993800,Apple,AAPL,0.0016,-0.0319,1.0144,1,Apple market update,1.0,0,0.0016
2024-10-18,233.25,46431500,Apple,AAPL,0.0123,0.4073,1.0093,1,Apple market update,1.0,0,0.0123
2024-10-21,234.72,36254500,Apple,AAPL,0.0063,-0.2192,1.0102,0,Apple market update,1.0,0,0.0063
2024-10-22,234.11,38846600,Apple,AAPL,-0.0026,0.0715,1.0156,0,Apple market update,1.0,0,0.0026
2024-10-23,229.04,52287000,Apple,AAPL,-0.0216,0.346,1.0324,0,Apple market update,1.0,0,0.0217
2024-10-24,228.85,31109500,Apple,AAPL,-0.0008,-0.405,1.0106,1,Apple market update,1.0,0,0.0008
2024-10-25,229.69,38802300,Apple,AAPL,0.0036,0.2473,1.0159,1,Apple market update,1.0,0,0.0037
2024-10-28,231.66,36087100,Apple,AAPL,0.0086,-0.07,1.0094,1,Apple market update,1.0,0,0.0086
2024-10-29,231.93,35417200,Apple,AAPL,0.0012,-0.0186,1.0087,0,Apple market update,1.0,0,0.0012
2024-10-30,228.39,47070900,Apple,AAPL,-0.0153,0.329,1.0171,0,Apple market update,1.0,0,0.0153
2024-10-31,224.23,64370100,Apple,AAPL,-0.0182,0.3675,1.0198,0,Apple market update,1.0,0,0.0182
2024-11-01,221.25,65276700,Apple,AAPL,-0.0133,0.0141,1.0231,0,Apple market update,1.0,0,0.0133
2024-11-04,220.36,44944500,Apple,AAPL,-0.004,-0.3115,1.014,1,Apple market update,1.0,0,0.004
2024-11-05,221.79,28111300,Apple,AAPL,0.0065,-0.3745,1.0127,0,Apple market update,1.0,0,0.0065
2024-11-06,221.06,54561100,Apple,AAPL,-0.0033,0.9409,1.0221,1,Apple market update,1.0,0,0.0033
2024-11-07,225.79,42137700,Apple,AAPL,0.0214,-0.2277,1.0147,0,Apple market update,1.0,0,0.0214
2024-11-08,225.52,38328800,Apple,AAPL,-0.0012,-0.0904,1.0099,0,Apple market update,1.0,0,0.0012
2024-11-11,222.81,42005600,Apple,AAPL,-0.012,0.0959,1.019,0,Apple market update,1.0,0,0.012
2024-11-12,222.81,40398300,Apple,AAPL,0.0,-0.0383,1.01,1,Apple market update,1.0,0,0.0
2024-11-13,223.69,48566200,Apple,AAPL,0.004,0.2022,1.0175,1,Apple market update,1.0,0,0.0039
2024-11-14,226.77,44923900,Apple,AAPL,0.0138,-0.075,1.0172,0,Apple market update,1.0,0,0.0138
2024-11-15,223.57,47923700,Apple,AAPL,-0.0141,0.0668,1.0118,1,Apple market update,1.0,0,0.0141
2024-11-18,226.57,44633700,Apple,AAPL,0.0134,-0.0687,1.0203,1,Apple market update,1.0,0,0.0134
2024-11-19,226.83,36211800,Apple,AAPL,0.0011,-0.1887,1.0154,1,Apple market update,1.0,0,0.0011
2024-11-20,227.55,35169600,Apple,AAPL,0.0032,-0.0288,1.0179,0,Apple market update,1.0,0,0.0032
2024-11-21,227.07,42108300,Apple,AAPL,-0.0021,0.1973,1.0197,1,Apple market update,1.0,0,0.0021
2024-11-22,228.41,38168300,Apple,AAPL,0.0059,-0.0936,1.0117,1,Apple market update,1.0,0,0.0059
2024-11-25,231.39,90152800,Apple,AAPL,0.0131,1.362,1.0153,1,Apple market update,1.0,0,0.013
2024-11-26,233.57,45986200,Apple,AAPL,0.0094,-0.4899,1.0096,0,Apple market update,1.0,0,0.0094
2024-11-27,233.44,33498400,Apple,AAPL,-0.0006,-0.2716,1.008,1,Apple market update,1.0,0,0.0006
2024-11-29,235.82,28481400,Apple,AAPL,0.0102,-0.1498,1.0164,1,Apple market update,1.0,0,0.0102
2024-12-02,238.07,48137100,Apple,AAPL,0.0095,0.6901,1.0153,1,Apple market update,1.0,0,0.0095
2024-12-03,241.11,38861000,Apple,AAPL,0.0128,-0.1927,1.0162,1,Apple market update,1.0,0,0.0128
2024-12-04,241.47,44383900,Apple,AAPL,0.0015,0.1421,1.0119,1,Apple market update,1.0,0,0.0015
2024-12-05,241.5,40033900,Apple,AAPL,0.0001,-0.098,1.01,0,Apple market update,1.0,0,0.0001
2024-12-06,241.3,36870600,Apple,AAPL,-0.0008,-0.079,1.0105,1,Apple market update,1.0,0,0.0008
2024-12-09,245.18,44649200,Apple,AAPL,0.0161,0.211,1.0227,1,Apple market update,1.0,0,0.0161
2024-12-10,246.2,36914800,Apple,AAPL,0.0041,-0.1732,1.0117,0,Apple market update,1.0,0,0.0042
2024-12-11,244.93,45205800,Apple,AAPL,-0.0052,0.2246,1.0184,1,Apple market update,1.0,0,0.0052
2024-12-12,246.39,32777500,Apple,AAPL,0.006,-0.2749,1.0125,1,Apple market update,1.0,0,0.006
2024-12-13,246.55,33155300,Apple,AAPL,0.0007,0.0115,1.0124,1,Apple market update,1.0,0,0.0006
2024-12-16,249.45,51694800,Apple,AAPL,0.0117,0.5592,1.0151,1,Apple market update,1.0,0,0.0118
2024-12-17,251.87,51356400,Apple,AAPL,0.0097,-0.0065,1.0162,0,Apple market update,1.0,0,0.0097
2024-12-18,246.48,56774100,Apple,AAPL,-0.0214,0.1055,1.0264,1,Apple market update,1.0,0,0.0214
2024-12-19,248.2,60882300,Apple,AAPL,0.007,0.0724,1.0199,1,Apple market update,1.0,0,0.007
2024-12-20,252.87,147495300,Apple,AAPL,0.0188,1.4226,1.0379,1,Apple market update,1.0,0,0.0188
2024-12-23,253.65,40858800,Apple,AAPL,0.0031,-0.723,1.0087,1,Apple market update,1.0,0,0.0031
2024-12-24,256.56,23234700,Apple,AAPL,0.0115,-0.4313,1.0114,1,Apple market update,1.0,0,0.0115
2024-12-26,257.38,27237100,Apple,AAPL,0.0032,0.1723,1.0096,0,Apple market update,1.0,0,0.0032
2024-12-27,253.97,42355300,Apple,AAPL,-0.0132,0.5551,1.0223,0,Apple market update,1.0,0,0.0132
2024-12-30,250.6,35557500,Apple,AAPL,-0.0133,-0.1605,1.011,0,Apple market update,1.0,0,0.0133
2024-12-31,248.83,39480700,Apple,AAPL,-0.0071,0.1103,1.0154,0,Apple market update,1.0,0,0.0071
2025-01-02,242.3,55740700,Apple,AAPL,-0.0262,0.4118,1.0301,0,Apple market update,1.0,0,0.0262
2025-01-03,241.82,40244100,Apple,AAPL,-0.002,-0.278,1.0095,1,Apple market update,1.0,0,0.002
2025-01-06,243.44,45045600,Apple,AAPL,0.0067,0.1193,1.017,0,Apple market update,1.0,0,0.0067
2025-01-07,240.67,40856000,Apple,AAPL,-0.0114,-0.093,1.0174,1,Apple market update,1.0,0,0.0114
2025-01-08,241.16,37628900,Apple,AAPL,0.002,-0.079,1.0152,0,Apple market update,1.0,0,0.002
2025-01-10,235.35,61710900,Apple,AAPL,-0.0241,0.64,1.0307,0,Apple market update,1.0,0,0.0241
2025-01-13,232.91,49630700,Apple,AAPL,-0.0103,-0.1958,1.0215,0,Apple market update,1.0,0,0.0104
2025-01-14,231.8,39435300,Apple,AAPL,-0.0048,-0.2054,1.0157,1,Apple market update,1.0,0,0.0048
2025-01-15,236.36,39832000,Apple,AAPL,0.0197,0.0101,1.0193,0,Apple market update,1.0,0,0.0197
2025-01-16,226.81,71759100,Apple,AAPL,-0.0404,0.8015,1.0438,1,Apple market update,1.0,0,0.0404
2025-01-17,228.52,68488300,Apple,AAPL,0.0075,-0.0456,1.0167,0,Apple market update,1.0,0,0.0075
2025-01-21,221.23,98070400,Apple,AAPL,-0.0319,0.4319,1.023,1,Apple market update,1.0,0,0.0319
2025-01-22,222.41,64126500,Apple,AAPL,0.0053,-0.3461,1.0197,0,Apple market update,1.0,0,0.0053
2025-01-23,222.24,60234800,Apple,AAPL,-0.0008,-0.0607,1.0213,0,Apple market update,1.0,0,0.0008
2025-01-24,221.37,54697900,Apple,AAPL,-0.0039,-0.0919,1.0191,1,Apple market update,1.0,0,0.0039
2025-01-27,228.4,94863400,Apple,AAPL,0.0318,0.7343,1.0365,1,Apple market update,1.0,0,0.0318
2025-01-28,236.75,75707600,Apple,AAPL,0.0365,-0.2019,1.0406,1,Apple market update,1.0,0,0.0366
2025-01-29,237.84,45486100,Apple,AAPL,0.0046,-0.3992,1.025,0,Apple market update,1.0,0,0.0046
2025-01-30,236.08,55658300,Apple,AAPL,-0.0074,0.2236,1.0151,0,Apple market update,1.0,0,0.0074
2025-01-31,234.5,100959800,Apple,AAPL,-0.0067,0.8139,1.0589,0,Apple market update,1.0,0,0.0067
2025-02-03,226.56,73063300,Apple,AAPL,-0.0339,-0.2763,1.0272,1,Apple market update,1.0,0,0.0339
2025-02-04,231.32,45067300,Apple,AAPL,0.021,-0.3832,1.0286,0,Apple market update,1.0,0,0.021
2025-02-05,230.99,39620300,Apple,AAPL,-0.0014,-0.1209,1.0193,1,Apple market update,1.0,0,0.0014
2025-02-06,231.74,29925300,Apple,AAPL,0.0032,-0.2447,1.0146,0,Apple market update,1.0,0,0.0032
2025-02-07,226.18,39707200,Apple,AAPL,-0.024,0.3269,1.0297,1,Apple market update,1.0,0,0.024
2025-02-10,226.45,33115600,Apple,AAPL,0.0012,-0.166,1.0149,1,Apple market update,1.0,0,0.0012
2025-02-11,231.4,53718400,Apple,AAPL,0.0218,0.6221,1.0311,1,Apple market update,1.0,0,0.0219
2025-02-12,235.63,45243300,Apple,AAPL,0.0183,-0.1578,1.0272,1,Apple market update,1.0,0,0.0183
2025-02-13,240.26,53614100,Apple,AAPL,0.0197,0.185,1.0287,1,Apple market update,1.0,0,0.0196
2025-02-14,243.31,40896200,Apple,AAPL,0.0127,-0.2372,1.0189,0,Apple market update,1.0,0,0.0127
2025-02-18,243.19,48822500,Apple,AAPL,-0.0005,0.1938,1.0138,1,Apple market update,1.0,0,0.0005
2025-02-19,243.58,32204200,Apple,AAPL,0.0016,-0.3404,1.0117,1,Apple market update,1.0,0,0.0016
2025-02-20,244.54,32316900,Apple,AAPL,0.0039,0.0035,1.0102,0,Apple market update,1.0,0,0.0039
2025-02-21,244.26,53197400,Apple,AAPL,-0.0011,0.6461,1.0142,1,Apple market update,1.0,0,0.0011
2025-02-24,245.8,51326400,Apple,AAPL,0.0063,-0.0352,1.0182,0,Apple market update,1.0,0,0.0063
2025-02-25,245.74,48013300,Apple,AAPL,-0.0002,-0.0645,1.0208,0,Apple market update,1.0,0,0.0002
2025-02-26,239.1,44433600,Apple,AAPL,-0.027,-0.0746,1.0245,0,Apple market update,1.0,0,0.027
2025-02-27,236.05,41153600,Apple,AAPL,-0.0127,-0.0738,1.0228,1,Apple market update,1.0,0,0.0128
2025-02-28,240.57,56833400,Apple,AAPL,0.0191,0.381,1.0517,0,Apple market update,1.0,0,0.0191
2025-03-03,236.78,47184000,Apple,AAPL,-0.0158,-0.1698,1.0335,0,Apple market update,1.0,0,0.0158
2025-03-04,234.69,53798100,Apple,AAPL,-0.0088,0.1402,1.023,0,Apple market update,1.0,0,0.0088
2025-03-05,234.5,47227600,Apple,AAPL,-0.0008,-0.1221,1.0319,0,Apple market update,1.0,0,0.0008
2025-03-06,234.09,45170400,Apple,AAPL,-0.0017,-0.0436,1.0202,1,Apple market update,1.0,0,0.0017
2025-03-07,237.81,46273600,Apple,AAPL,0.0159,0.0244,1.0282,0,Apple market update,1.0,0,0.0159
2025-03-10,226.28,72071200,Apple,AAPL,-0.0485,0.5575,1.0533,0,Apple market update,1.0,0,0.0485
2025-03-11,219.68,76137400,Apple,AAPL,-0.0292,0.0564,1.0386,0,Apple market update,1.0,0,0.0292
2025-03-12,215.84,62547500,Apple,AAPL,-0.0175,-0.1785,1.0318,0,Apple market update,1.0,0,0.0175
2025-03-13,208.58,61368300,Apple,AAPL,-0.0336,-0.0189,1.0404,1,Apple market update,1.0,0,0.0336
2025-03-14,212.37,60107600,Apple,AAPL,0.0182,-0.0205,1.0209,1,Apple market update,1.0,0,0.0182
2025-03-17,212.88,48073400,Apple,AAPL,0.0024,-0.2002,1.025,0,Apple market update,1.0,0,0.0024
2025-03-18,211.57,42432400,Apple,AAPL,-0.0061,-0.1173,1.0173,1,Apple market update,1.0,0,0.0062
2025-03-19,214.11,54385400,Apple,AAPL,0.012,0.2817,1.0234,0,Apple market update,1.0,0,0.012
2025-03-20,212.97,48862900,Apple,AAPL,-0.0053,-0.1015,1.0248,1,Apple market update,1.0,0,0.0053
2025-03-21,217.12,94127800,Apple,AAPL,0.0195,0.9264,1.0358,1,Apple market update,1.0,0,0.0195
2025-03-24,219.57,44299500,Apple,AAPL,0.0113,-0.5294,1.0133,1,Apple market update,1.0,0,0.0113
2025-03-25,222.57,34493600,Apple,AAPL,0.0137,-0.2214,1.0183,0,Apple market update,1.0,0,0.0137
2025-03-26,220.37,34466100,Apple,AAPL,-0.0099,-0.0008,1.0206,1,Apple market update,1.0,0,0.0099
2025-03-27,222.67,37094800,Apple,AAPL,0.0105,0.0763,1.0201,0,Apple market update,1.0,0,0.0104
2025-03-28,216.75,39818600,Apple,AAPL,-0.0266,0.0734,1.0282,1,Apple market update,1.0,0,0.0266
2025-03-31,220.96,65299300,Apple,AAPL,0.0194,0.6399,1.0434,1,Apple market update,1.0,0,0.0194
2025-04-01,222.02,36412700,Apple,AAPL,0.0048,-0.4424,1.0218,1,Apple market update,1.0,0,0.0048
2025-04-02,222.71,35905900,Apple,AAPL,0.0031,-0.0139,1.0189,0,Apple market update,1.0,0,0.0031
2025-04-03,202.12,103419000,Apple,AAPL,-0.0925,1.8803,1.031,0,Apple market update,1.0,0,0.0925
2025-04-04,187.39,125910900,Apple,AAPL,-0.0729,0.2175,1.0669,0,Apple market update,1.0,0,0.0729
2025-04-07,180.51,160466300,Apple,AAPL,-0.0367,0.2744,1.1118,0,Apple market update,1.0,0,0.0367
2025-04-08,171.51,120859500,Apple,AAPL,-0.0498,-0.2468,1.1249,1,Apple market update,1.0,0,0.0499
2025-04-09,197.8,184395900,Apple,AAPL,0.1533,0.5257,1.1671,0,Apple market update,1.0,0,0.1533
2025-04-10,189.42,121880000,Apple,AAPL,-0.0424,-0.339,1.0644,1,Apple market update,1.0,0,0.0424
2025-04-11,197.11,87435900,Apple,AAPL,0.0406,-0.2826,1.0724,1,Apple market update,1.0,0,0.0406
2025-04-14,201.46,101352900,Apple,AAPL,0.0221,0.1592,1.0586,0,Apple market update,1.0,0,0.0221
2025-04-15,201.08,51343900,Apple,AAPL,-0.0019,-0.4934,1.0186,0,Apple market update,1.0,0,0.0019
2025-04-16,193.25,59732400,Apple,AAPL,-0.0389,0.1634,1.0433,1,Apple market update,1.0,0,0.0389
2025-04-17,195.94,52164700,Apple,AAPL,0.0139,-0.1267,1.0227,0,Apple market update,1.0,0,0.0139
2025-04-21,192.14,46742500,Apple,AAPL,-0.0194,-0.1039,1.021,1,Apple market update,1.0,0,0.0194
2025-04-22,198.69,52976400,Apple,AAPL,0.0341,0.1334,1.0287,1,Apple market update,1.0,0,0.0341
2025-04-23,203.52,52929200,Apple,AAPL,0.0243,-0.0009,1.0256,1,Apple market update,1.0,0,0.0243
2025-04-24,207.27,47311000,Apple,AAPL,0.0184,-0.1061,1.029,1,Apple market update,1.0,0,0.0184
2025-04-25,208.18,38222300,Apple,AAPL,0.0044,-0.1921,1.0172,1,Apple market update,1.0,0,0.0044
2025-04-28,209.04,38743100,Apple,AAPL,0.0041,0.0136,1.0195,1,Apple market update,1.0,0,0.0041
2025-04-29,210.1,36827600,Apple,AAPL,0.0051,-0.0494,1.0186,1,Apple market update,1.0,0,0.0051
2025-04-30,211.38,52286500,Apple,AAPL,0.0061,0.4198,1.0334,1,Apple market update,1.0,0,0.0061
2025-05-01,212.2,57365700,Apple,AAPL,0.0039,0.0971,1.0271,0,Apple market update,1.0,0,0.0039
2025-05-02,204.27,101010600,Apple,AAPL,-0.0374,0.7608,1.0239,0,Apple market update,1.0,0,0.0374
2025-05-05,197.84,69018500,Apple,AAPL,-0.0315,-0.3167,1.0297,0,Apple market update,1.0,0,0.0315
2025-05-06,197.47,51216500,Apple,AAPL,-0.0019,-0.2579,1.0184,0,Apple market update,1.0,0,0.0019
2025-05-07,195.22,68536700,Apple,AAPL,-0.0114,0.3382,1.032,1,Apple market update,1.0,0,0.0114
2025-05-08,196.45,50478900,Apple,AAPL,0.0063,-0.2635,1.0276,1,Apple market update,1.0,0,0.0063
2025-05-09,197.49,36453900,Apple,AAPL,0.0053,-0.2778,1.0152,1,Apple market update,1.0,0,0.0053
2025-05-12,209.96,63775800,Apple,AAPL,0.0631,0.7495,1.0219,1,Apple market update,1.0,0,0.0631
2025-05-13,212.09,51909300,Apple,AAPL,0.0102,-0.1861,1.0211,0,Apple market update,1.0,0,0.0101
2025-05-14,211.49,49325800,Apple,AAPL,-0.0028,-0.0498,1.016,0,Apple market update,1.0,0,0.0028
2025-05-15,210.61,45029500,Apple,AAPL,-0.0041,-0.0871,1.0163,0,Apple market update,1.0,0,0.0042
2025-05-16,210.43,54737900,Apple,AAPL,-0.0009,0.2156,1.0133,0,Apple market update,1.0,0,0.0009
2025-05-19,207.96,46140500,Apple,AAPL,-0.0117,-0.1571,1.0256,0,Apple market update,1.0,0,0.0117
2025-05-20,206.04,42496600,Apple,AAPL,-0.0092,-0.079,1.0168,0,Apple market update,1.0,0,0.0092
2025-05-21,201.29,59211800,Apple,AAPL,-0.0231,0.3933,1.0315,0,Apple market update,1.0,0,0.0231
2025-05-22,200.56,46742400,Apple,AAPL,-0.0036,-0.2106,1.0153,0,Apple market update,1.0,0,0.0036
2025-05-23,194.5,78432900,Apple,AAPL,-0.0302,0.678,1.0219,1,Apple market update,1.0,0,0.0302
2025-05-27,199.42,56288500,Apple,AAPL,0.0253,-0.2823,1.0168,1,Apple market update,1.0,0,0.0253
2025-05-28,199.63,45339700,Apple,AAPL,0.001,-0.1945,1.0142,0,Apple market update,1.0,0,0.0011
2025-05-29,199.16,51396800,Apple,AAPL,-0.0023,0.1336,1.0267,1,Apple market update,1.0,0,0.0024
2025-05-30,200.06,70819900,Apple,AAPL,0.0045,0.3779,1.0263,1,Apple market update,1.0,0,0.0045
2025-06-02,200.9,35423300,Apple,AAPL,0.0042,-0.4998,1.01,1,Apple market update,1.0,0,0.0042
2025-06-03,202.47,46381600,Apple,AAPL,0.0078,0.3094,1.014,0,Apple market update,1.0,0,0.0078
2025-06-04,202.02,43604000,Apple,AAPL,-0.0022,-0.0599,1.0205,0,Apple market update,1.0,0,0.0022
2025-06-05,199.84,55126100,Apple,AAPL,-0.0108,0.2642,1.023,1,Apple market update,1.0,0,0.0108
2025-06-06,203.11,46607700,Apple,AAPL,0.0164,-0.1545,1.0181,0,Apple market update,1.0,0,0.0164
2025-06-09,200.65,72862600,Apple,AAPL,-0.0121,0.5633,1.0299,1,Apple market update,1.0,0,0.0121
2025-06-10,201.87,54672600,Apple,AAPL,0.0061,-0.2496,1.0188,0,Apple market update,1.0,0,0.0061
2025-06-11,197.99,60989900,Apple,AAPL,-0.0192,0.1155,1.0307,1,Apple market update,1.0,0,0.0192
2025-06-12,198.41,43904600,Apple,AAPL,0.0021,-0.2801,1.0118,0,Apple market update,1.0,0,0.0021
2025-06-13,195.67,51447300,Apple,AAPL,-0.0138,0.1718,1.0239,1,Apple market update,1.0,0,0.0138
2025-06-16,197.64,43020700,Apple,AAPL,0.01,-0.1638,1.0108,0,Apple market update,1.0,0,0.0101
2025-06-17,194.87,38856200,Apple,AAPL,-0.014,-0.0968,1.0163,1,Apple market update,1.0,0,0.014
2025-06-18,195.8,45394700,Apple,AAPL,0.0048,0.1683,1.0128,1,Apple market update,1.0,0,0.0048
2025-06-20,200.21,96813500,Apple,AAPL,0.0225,1.1327,1.0246,1,Apple market update,1.0,0,0.0225
2025-06-23,200.7,55814300,Apple,AAPL,0.0025,-0.4235,1.0168,0,Apple market update,1.0,0,0.0024
2025-06-24,199.51,54064000,Apple,AAPL,-0.006,-0.0314,1.0162,1,Apple market update,1.0,0,0.0059
2025-06-25,200.76,39525700,Apple,AAPL,0.0063,-0.2689,1.0152,0,Apple market update,1.0,0,0.0063
2025-06-26,200.21,50799100,Apple,AAPL,-0.0028,0.2852,1.0159,1,Apple market update,1.0,0,0.0027
2025-06-27,200.29,73188600,Apple,AAPL,0.0004,0.4407,1.0161,1,Apple market update,1.0,0,0.0004
2025-06-30,204.36,91912800,Apple,AAPL,0.0203,0.2558,1.0408,1,Apple market update,1.0,0,0.0203
2025-07-01,207.0,78788900,Apple,AAPL,0.0129,-0.1428,1.0196,1,Apple market update,1.0,0,0.0129
2025-07-02,211.6,67941800,Apple,AAPL,0.0222,-0.1377,1.025,1,Apple market update,1.0,0,0.0222
2025-07-03,212.71,34955800,Apple,AAPL,0.0052,-0.4855,1.0134,0,Apple market update,1.0,0,0.0052
2025-07-07,209.12,50229000,Apple,AAPL,-0.0169,0.4369,1.0356,1,Apple market update,1.0,0,0.0169
2025-07-08,209.18,42848900,Apple,AAPL,0.0003,-0.1469,1.0143,1,Apple market update,1.0,0,0.0003
2025-07-09,210.31,48749400,Apple,AAPL,0.0054,0.1377,1.0198,1,Apple market update,1.0,0,0.0054
2025-07-10,211.57,44443600,Apple,AAPL,0.006,-0.0883,1.0164,0,Apple market update,1.0,0,0.006
2025-07-11,210.33,39765800,Apple,AAPL,-0.0059,-0.1053,1.0108,0,Apple market update,1.0,0,0.0059
2025-07-14,207.8,38840100,Apple,AAPL,-0.012,-0.0233,1.0162,1,Apple market update,1.0,0,0.012
2025-07-15,208.28,42296300,Apple,AAPL,0.0023,0.089,1.0142,1,Apple market update,1.0,0,0.0023
2025-07-16,209.33,47490500,Apple,AAPL,0.005,0.1228,1.018,0,Apple market update,1.0,0,0.005
2025-07-17,209.19,48068100,Apple,AAPL,-0.0007,0.0122,1.0105,1,Apple market update,1.0,0,0.0007
2025-07-18,210.35,48974600,Apple,AAPL,0.0055,0.0189,1.01,1,Apple market update,1.0,0,0.0055
2025-07-21,211.64,51377400,Apple,AAPL,0.0062,0.0491,1.0196,1,Apple market update,1.0,0,0.0061
2025-07-22,213.55,46404100,Apple,AAPL,0.009,-0.0968,1.0128,0,Apple market update,1.0,0,0.009
2025-07-23,213.3,46989300,Apple,AAPL,-0.0012,0.0126,1.0129,0,Apple market update,1.0,0,0.0012
2025-07-24,212.92,46022600,Apple,AAPL,-0.0018,-0.0206,1.0101,1,Apple market update,1.0,0,0.0018
2025-07-25,213.03,40268800,Apple,AAPL,0.0006,-0.125,1.0086,1,Apple market update,1.0,0,0.0005
2025-07-28,213.2,37858000,Apple,AAPL,0.0008,-0.0599,1.0084,0,Apple market update,1.0,0,0.0008
2025-07-29,210.44,51411700,Apple,AAPL,-0.013,0.358,1.0189,0,Apple market update,1.0,0,0.0129
2025-07-30,208.22,45512500,Apple,AAPL,-0.0105,-0.1147,1.0225,0,Apple market update,1.0,0,0.0105
2025-07-31,206.75,80698400,Apple,AAPL,-0.0071,0.7731,1.0129,0,Apple market update,1.0,0,0.0071
2025-08-01,201.58,104434500,Apple,AAPL,-0.025,0.2941,1.06,1,Apple market update,1.0,0,0.025
2025-08-04,202.55,75109300,Apple,AAPL,0.0048,-0.2808,1.0307,0,Apple market update,1.0,0,0.0048
2025-08-05,202.12,44155100,Apple,AAPL,-0.0021,-0.4121,1.0157,1,Apple market update,1.0,0,0.0021
2025-08-06,212.41,108483100,Apple,AAPL,0.0509,1.4569,1.0476,1,Apple market update,1.0,0,0.0509
2025-08-07,219.16,90224800,Apple,AAPL,0.0318,-0.1683,1.0197,1,Apple market update,1.0,0,0.0318
2025-08-08,228.44,113854000,Apple,AAPL,0.0424,0.2619,1.0536,0,Apple market update,1.0,0,0.0423
2025-08-11,226.54,61806100,Apple,AAPL,-0.0083,-0.4571,1.0214,1,Apple market update,1.0,0,0.0083
2025-08-12,229.0,55626200,Apple,AAPL,0.0109,-0.1,1.0164,1,Apple market update,1.0,0,0.0109
2025-08-13,232.67,69878500,Apple,AAPL,0.016,0.2562,1.0198,0,Apple market update,1.0,0,0.016
2025-08-14,232.12,51916300,Apple,AAPL,-0.0024,-0.257,1.0185,0,Apple market update,1.0,0,0.0024
2025-08-15,230.94,56038700,Apple,AAPL,-0.0051,0.0794,1.0215,0,Apple market update,1.0,0,0.0051
2025-08-18,230.24,37476200,Apple,AAPL,-0.003,-0.3312,1.0131,0,Apple market update,1.0,0,0.003
2025-08-19,229.91,39402600,Apple,AAPL,-0.0014,0.0514,1.0153,0,Apple market update,1.0,0,0.0014
2025-08-20,225.37,42263900,Apple,AAPL,-0.0197,0.0726,1.0208,0,Apple market update,1.0,0,0.0197
2025-08-21,224.27,30621200,Apple,AAPL,-0.0049,-0.2755,1.0122,1,Apple market update,1.0,0,0.0049
2025-08-22,227.12,42477800,Apple,AAPL,0.0127,0.3872,1.0163,0,Apple market update,1.0,0,0.0127
2025-08-25,226.52,30983100,Apple,AAPL,-0.0026,-0.2706,1.0136,1,Apple market update,1.0,0,0.0026
2025-08-26,228.66,54575100,Apple,AAPL,0.0095,0.7614,1.0214,1,Apple market update,1.0,0,0.0094
2025-08-27,229.84,31259500,Apple,AAPL,0.0051,-0.4272,1.0116,1,Apple market update,1.0,0,0.0052
2025-08-28,231.9,38074700,Apple,AAPL,0.009,0.218,1.0177,0,Apple market update,1.0,0,0.009
2025-08-29,231.49,39418400,Apple,AAPL,-0.0018,0.0353,1.0087,0,Apple market update,1.0,0,0.0018
2025-09-02,229.07,44075600,Apple,AAPL,-0.0104,0.1181,1.0171,1,Apple market update,1.0,0,0.0105
2025-09-03,237.8,66427800,Apple,AAPL,0.0381,0.5071,1.0192,1,Apple market update,1.0,0,0.0381
2025-09-04,239.1,47549400,Apple,AAPL,0.0055,-0.2842,1.0133,0,Apple market update,1.0,0,0.0055
2025-09-05,239.01,54870400,Apple,AAPL,-0.0004,0.154,1.0119,0,Apple market update,1.0,0,0.0004
2025-09-08,237.21,48999500,Apple,AAPL,-0.0076,-0.107,1.0161,0,Apple market update,1.0,0,0.0075
2025-09-09,233.69,66313900,Apple,AAPL,-0.0148,0.3534,1.0232,0,Apple market update,1.0,0,0.0148
2025-09-10,226.15,83440800,Apple,AAPL,-0.0323,0.2583,1.0286,1,Apple market update,1.0,0,0.0323
2025-09-11,229.38,50208600,Apple,AAPL,0.0143,-0.3983,1.0168,1,Apple market update,1.0,0,0.0143
2025-09-12,233.41,55824200,Apple,AAPL,0.0176,0.1118,1.024,1,Apple market update,1.0,0,0.0176
2025-09-15,236.03,42699500,Apple,AAPL,0.0112,-0.2351,1.0134,1,Apple market update,1.0,0,0.0112
2025-09-16,237.48,63421100,Apple,AAPL,0.0061,0.4853,1.0207,1,Apple market update,1.0,0,0.0061
2025-09-17,238.32,46508000,Apple,AAPL,0.0035,-0.2667,1.01,0,Apple market update,1.0,0,0.0035
2025-09-18,237.21,44249600,Apple,AAPL,-0.0046,-0.0486,1.0192,1,Apple market update,1.0,0,0.0047
2025-09-19,244.81,163741300,Apple,AAPL,0.032,2.7004,1.0254,1,Apple market update,1.0,0,0.032
2025-09-22,255.36,105517400,Apple,AAPL,0.0431,-0.3556,1.0343,0,Apple market update,1.0,0,0.0431
2025-09-23,253.71,60275200,Apple,AAPL,-0.0064,-0.4288,1.0148,0,Apple market update,1.0,0,0.0065
2025-09-24,251.6,42303700,Apple,AAPL,-0.0083,-0.2982,1.0187,1,Apple market update,1.0,0,0.0083
2025-09-25,256.15,55202100,Apple,AAPL,0.0181,0.3049,1.0217,0,Apple market update,1.0,0,0.0181
2025-09-26,254.74,46076300,Apple,AAPL,-0.0055,-0.1653,1.0151,0,Apple market update,1.0,0,0.0055
2025-09-29,253.71,40127700,Apple,AAPL,-0.004,-0.1291,1.0079,1,Apple market update,1.0,0,0.004
2025-09-30,253.91,37704300,Apple,AAPL,0.0008,-0.0604,1.0111,1,Apple market update,1.0,0,0.0008
2025-10-01,254.73,48713900,Apple,AAPL,0.0032,0.292,1.0151,1,Apple market update,1.0,0,0.0032
2025-10-02,256.4,42630200,Apple,AAPL,0.0066,-0.1249,1.0159,1,Apple market update,1.0,0,0.0066
2025-10-03,257.29,49155600,Apple,AAPL,0.0035,0.1531,1.0208,0,Apple market update,1.0,0,0.0035
2025-10-06,255.97,44664100,Apple,AAPL,-0.0052,-0.0914,1.0158,0,Apple market update,1.0,0,0.0051
2025-10-07,255.76,31955800,Apple,AAPL,-0.0008,-0.2845,1.0077,1,Apple market update,1.0,0,0.0008
2025-10-08,257.33,36496900,Apple,AAPL,0.0062,0.1421,1.0094,0,Apple market update,1.0,0,0.0061
2025-10-09,253.32,38322000,Apple,AAPL,-0.0156,0.05,1.0192,0,Apple market update,1.0,0,0.0156
2025-10-10,244.58,61999100,Apple,AAPL,-0.0345,0.6178,1.0507,1,Apple market update,1.0,0,0.0345
2025-10-13,246.96,38142900,Apple,AAPL,0.0097,-0.3848,1.0168,1,Apple market update,1.0,0,0.0097
2025-10-14,247.07,35478000,Apple,AAPL,0.0004,-0.0699,1.017,1,Apple market update,1.0,0,0.0004
2025-10-15,248.64,33893600,Apple,AAPL,0.0063,-0.0447,1.0176,0,Apple market update,1.0,0,0.0064
2025-10-16,246.75,39777000,Apple,AAPL,-0.0076,0.1736,1.016,1,Apple market update,1.0,0,0.0076
2025-10-17,251.58,49147000,Apple,AAPL,0.0196,0.2356,1.0247,1,Apple market update,1.0,0,0.0196
2025-10-20,261.5,90483000,Apple,AAPL,0.0394,0.8411,1.0342,1,Apple market update,1.0,0,0.0394
2025-10-21,262.03,46695900,Apple,AAPL,0.002,-0.4839,1.0132,0,Apple market update,1.0,0,0.002
2025-10-22,257.72,45015300,Apple,AAPL,-0.0164,-0.036,1.029,1,Apple market update,1.0,0,0.0164
2025-10-23,258.85,32754900,Apple,AAPL,0.0044,-0.2724,1.0101,1,Apple market update,1.0,0,0.0044
2025-10-24,262.08,38253700,Apple,AAPL,0.0125,0.1679,1.0191,1,Apple market update,1.0,0,0.0125
2025-10-27,268.05,44888200,Apple,AAPL,0.0228,0.1734,1.0169,1,Apple market update,1.0,0,0.0228
2025-10-28,268.24,41534800,Apple,AAPL,0.0007,-0.0747,1.0065,1,Apple market update,1.0,0,0.0007
2025-10-29,268.94,51086700,Apple,AAPL,0.0026,0.23,1.0161,1,Apple market update,1.0,0,0.0026
2025-10-30,270.63,69886500,Apple,AAPL,0.0063,0.368,1.0211,0,Apple market update,1.0,0,0.0063
2025-10-31,269.61,86167100,Apple,AAPL,-0.0038,0.233,1.0303,0,Apple market update,1.0,0,0.0038
2025-11-03,268.29,50194600,Apple,AAPL,-0.0049,-0.4175,1.0173,1,Apple market update,1.0,0,0.0049
2025-11-04,269.28,49274800,Apple,AAPL,0.0037,-0.0183,1.0145,1,Apple market update,1.0,0,0.0037
2025-11-05,269.38,43683100,Apple,AAPL,0.0004,-0.1135,1.0179,0,Apple market update,1.0,0,0.0004
2025-11-06,269.01,51204000,Apple,AAPL,-0.0014,0.1722,1.0206,0,Apple market update,1.0,0,0.0014
2025-11-07,267.71,48227400,Apple,AAPL,-0.0048,-0.0581,1.0207,1,Apple market update,1.0,0,0.0048
2025-11-10,268.93,41312400,Apple,AAPL,0.0045,-0.1434,1.0234,1,Apple market update,1.0,0,0.0046
2025-11-11,274.74,46208300,Apple,AAPL,0.0216,0.1185,1.0226,0,Apple market update,1.0,0,0.0216
2025-11-12,272.96,48398000,Apple,AAPL,-0.0065,0.0474,1.0148,0,Apple market update,1.0,0,0.0065
2025-11-13,272.44,49602800,Apple,AAPL,-0.0019,0.0249,1.0169,0,Apple market update,1.0,0,0.0019
2025-11-14,271.9,47431300,Apple,AAPL,-0.002,-0.0438,1.0236,0,Apple market update,1.0,0,0.002
2025-11-17,266.96,45018300,Apple,AAPL,-0.0182,-0.0509,1.0179,0,Apple market update,1.0,0,0.0182
2025-11-18,266.94,45677300,Apple,AAPL,-0.0001,0.0146,1.0203,1,Apple market update,1.0,0,0.0001
2025-11-19,268.06,40424500,Apple,AAPL,0.0042,-0.115,1.0253,0,Apple market update,1.0,0,0.0042
2025-11-20,265.76,45823600,Apple,AAPL,-0.0086,0.1336,1.0358,1,Apple market update,1.0,0,0.0086
2025-11-21,270.99,59030800,Apple,AAPL,0.0197,0.2882,1.0288,1,Apple market update,1.0,0,0.0197
2025-11-24,275.41,65585800,Apple,AAPL,0.0163,0.111,1.0225,1,Apple market update,1.0,0,0.0163
2025-11-25,276.46,46914200,Apple,AAPL,0.0038,-0.2847,1.0186,1,Apple market update,1.0,0,0.0038
2025-11-26,277.04,33431400,Apple,AAPL,0.0021,-0.2874,1.0105,1,Apple market update,1.0,0,0.0021
2025-11-28,278.33,20135600,Apple,AAPL,0.0047,-0.3977,1.0109,1,Apple market update,1.0,0,0.0047
2025-12-01,282.58,46587700,Apple,AAPL,0.0152,1.3137,1.0264,1,Apple market update,1.0,0,0.0153
2025-12-02,285.66,53669500,Apple,AAPL,0.0109,0.152,1.0169,0,Apple market update,1.0,0,0.0109
2025-12-03,283.62,43538700,Apple,AAPL,-0.0071,-0.1888,1.0188,0,Apple market update,1.0,0,0.0071
2025-12-04,280.18,43989100,Apple,AAPL,-0.0121,0.0103,1.022,0,Apple market update,1.0,0,0.0121
2025-12-05,278.26,47265800,Apple,AAPL,-0.0068,0.0745,1.0111,0,Apple market update,1.0,0,0.0069
2025-12-08,277.37,38211800,Apple,AAPL,-0.0032,-0.1916,1.0127,0,Apple market update,1.0,0,0.0032
2025-12-09,276.67,32193300,Apple,AAPL,-0.0026,-0.1575,1.0112,1,Apple market update,1.0,0,0.0025
2025-12-10,278.26,33038300,Apple,AAPL,0.0058,0.0262,1.012,0,Apple market update,1.0,0,0.0057
2025-12-11,277.51,33248000,Apple,AAPL,-0.0027,0.0063,1.0211,1,Apple market update,1.0,0,0.0027
2025-12-12,277.76,39532900,Apple,AAPL,0.0009,0.189,1.0087,0,Apple market update,1.0,0,0.0009
2025-12-15,273.6,50409100,Apple,AAPL,-0.015,0.2751,1.0268,1,Apple market update,1.0,0,0.015
2025-12-16,274.1,37648600,Apple,AAPL,0.0018,-0.2531,1.0137,0,Apple market update,1.0,0,0.0018
2025-12-17,271.34,50138700,Apple,AAPL,-0.0101,0.3318,1.0166,1,Apple market update,1.0,0,0.0101
2025-12-18,271.69,51630700,Apple,AAPL,0.0013,0.0298,1.025,1,Apple market update,1.0,0,0.0013
2025-12-19,273.16,144632000,Apple,AAPL,0.0054,1.8013,1.0174,0,Apple market update,1.0,0,0.0054
2025-12-22,270.47,36571800,Apple,AAPL,-0.0099,-0.7471,1.0125,1,Apple market update,1.0,0,0.0098
2025-12-23,271.85,29642000,Apple,AAPL,0.0051,-0.1895,1.0109,1,Apple market update,1.0,0,0.0051
2025-12-24,273.3,17910600,Apple,AAPL,0.0053,-0.3958,1.0119,0,Apple market update,1.0,0,0.0053
2025-12-26,272.89,21521800,Apple,AAPL,-0.0015,0.2016,1.0092,1,Apple market update,1.0,0,0.0015
2025-12-29,273.25,23715200,Apple,AAPL,0.0013,0.1019,1.0074,0,Apple market update,1.0,0,0.0013
2025-12-30,272.57,22139600,Apple,AAPL,-0.0025,-0.0664,1.0066,0,Apple market update,1.0,0,0.0025
2025-12-31,271.36,27293600,Apple,AAPL,-0.0045,0.2328,1.0071,0,Apple market update,1.0,0,0.0044
2026-01-02,270.51,37838100,Apple,AAPL,-0.0031,0.3863,1.0329,0,Apple market update,1.0,0,0.0031
2026-01-05,266.76,45647200,Apple,AAPL,-0.0138,0.2064,1.0202,0,Apple market update,1.0,0,0.0139
2026-01-06,261.87,52352100,Apple,AAPL,-0.0183,0.1469,1.0207,0,Apple market update,1.0,0,0.0183
2026-01-07,259.85,48309800,Apple,AAPL,-0.0077,-0.0772,1.0149,0,Apple market update,1.0,0,0.0077
2026-01-08,258.56,50419300,Apple,AAPL,-0.005,0.0437,1.014,1,Apple market update,1.0,0,0.005
2026-01-09,258.89,39997000,Apple,AAPL,0.0013,-0.2067,1.0156,1,Apple market update,1.0,0,0.0013
2026-01-12,259.77,45263800,Apple,AAPL,0.0034,0.1317,1.0175,1,Apple market update,1.0,0,0.0034
2026-01-13,260.57,45730800,Apple,AAPL,0.0031,0.0103,1.0132,0,Apple market update,1.0,0,0.0031
2026-01-14,259.48,40019400,Apple,AAPL,-0.0042,-0.1249,1.0199,0,Apple market update,1.0,0,0.0042
2026-01-15,257.73,39388600,Apple,AAPL,-0.0067,-0.0158,1.0155,0,Apple market update,1.0,0,0.0067
2026-01-16,255.06,72142800,Apple,AAPL,-0.0104,0.8316,1.0156,0,Apple market update,1.0,0,0.0104
2026-01-20,246.24,80267500,Apple,AAPL,-0.0346,0.1126,1.0467,1,Apple market update,1.0,0,0.0346
2026-01-21,247.19,54641700,Apple,AAPL,0.0039,-0.3193,1.026,1,Apple market update,1.0,0,0.0039
2026-01-22,247.89,39708300,Apple,AAPL,0.0028,-0.2733,1.0115,0,Apple market update,1.0,0,0.0028
2026-01-23,247.58,41689000,Apple,AAPL,-0.0012,0.0499,1.0193,1,Apple market update,1.0,0,0.0013
2026-01-26,254.94,55969200,Apple,AAPL,0.0297,0.3425,1.0271,1,Apple market update,1.0,0,0.0297
2026-01-27,257.79,49648300,Apple,AAPL,0.0112,-0.1129,1.0145,0,Apple market update,1.0,0,0.0112
2026-01-28,255.96,41288000,Apple,AAPL,-0.0071,-0.1684,1.0171,1,Apple market update,1.0,0,0.0071
2026-01-29,257.8,67253000,Apple,AAPL,0.0072,0.6289,1.0206,1,Apple market update,1.0,0,0.0072
2026-01-30,259.0,92443400,Apple,AAPL,0.0046,0.3746,1.0385,1,Apple market update,1.0,0,0.0047
2026-02-02,269.51,73913400,Apple,AAPL,0.0406,-0.2004,1.0435,0,Apple market update,1.0,0,0.0406
2026-02-03,268.98,64394700,Apple,AAPL,-0.002,-0.1288,1.016,1,Apple market update,1.0,0,0.002
2026-02-04,275.98,90545700,Apple,AAPL,0.026,0.4061,1.0245,0,Apple market update,1.0,0,0.026
2026-02-05,275.4,52977400,Apple,AAPL,-0.0021,-0.4149,1.0229,1,Apple market update,1.0,0,0.0021
2026-02-06,277.6,50453400,Apple,AAPL,0.008,-0.0476,1.0144,0,Apple market update,1.0,0,0.008
2026-02-09,274.37,44623400,Apple,AAPL,-0.0117,-0.1156,1.0239,0,Apple market update,1.0,0,0.0116
2026-02-10,273.43,34376900,Apple,AAPL,-0.0034,-0.2296,1.0089,1,Apple market update,1.0,0,0.0034
2026-02-11,275.25,51931300,Apple,AAPL,0.0067,0.5106,1.0209,0,Apple market update,1.0,0,0.0067
2026-02-12,261.49,81077200,Apple,AAPL,-0.05,0.5612,1.0597,0,Apple market update,1.0,0,0.05
2026-02-13,255.54,56290700,Apple,AAPL,-0.0227,-0.3057,1.0265,1,Apple market update,1.0,0,0.0228
2026-02-17,263.64,58469100,Apple,AAPL,0.0317,0.0387,1.0421,1,Apple market update,1.0,0,0.0317
2026-02-18,264.11,34203300,Apple,AAPL,0.0018,-0.415,1.0167,0,Apple market update,1.0,0,0.0018
2026-02-19,260.34,30845300,Apple,AAPL,-0.0143,-0.0982,1.017,1,Apple market update,1.0,0,0.0143
2026-02-20,264.34,42070500,Apple,AAPL,0.0154,0.3639,1.0255,1,Apple market update,1.0,0,0.0154
2026-02-23,265.93,37308200,Apple,AAPL,0.006,-0.1132,1.023,1,Apple market update,1.0,0,0.006
2026-02-24,271.89,47014600,Apple,AAPL,0.0224,0.2602,1.0268,1,Apple market update,1.0,0,0.0224
2026-02-25,273.98,33714300,Apple,AAPL,0.0077,-0.2829,1.0144,0,Apple market update,1.0,0,0.0077
2026-02-26,272.7,32345100,Apple,AAPL,-0.0047,-0.0406,1.0196,0,Apple market update,1.0,0,0.0047
2026-02-27,263.94,72366500,Apple,AAPL,-0.0321,1.2373,1.0377,1,Apple market update,1.0,0,0.0321
2026-03-02,264.48,41827900,Apple,AAPL,0.002,-0.422,1.0243,0,Apple market update,1.0,0,0.002
2026-03-03,263.51,38568900,Apple,AAPL,-0.0037,-0.0779,1.0209,0,Apple market update,1.0,0,0.0037
2026-03-04,262.28,39803100,Apple,AAPL,-0.0047,0.032,1.0181,0,Apple market update,1.0,0,0.0047
2026-03-05,260.05,49658600,Apple,AAPL,-0.0085,0.2476,1.0168,0,Apple market update,1.0,0,0.0085
2026-03-06,257.22,41120000,Apple,AAPL,-0.0109,-0.1719,1.0173,1,Apple market update,1.0,0,0.0109
2026-03-09,259.64,38218500,Apple,AAPL,0.0094,-0.0706,1.0294,1,Apple market update,1.0,0,0.0094
2026-03-10,260.59,30590800,Apple,AAPL,0.0037,-0.1996,1.0215,0,Apple market update,1.0,0,0.0037
2026-03-11,260.57,26218900,Apple,AAPL,-0.0001,-0.1429,1.0099,0,Apple market update,1.0,0,0.0001
2026-03-12,255.52,40794000,Apple,AAPL,-0.0194,0.5559,1.0188,0,Apple market update,1.0,0,0.0194
2026-03-13,249.89,36930000,Apple,AAPL,-0.0221,-0.0947,1.0273,1,Apple market update,1.0,0,0.022
2026-03-16,252.59,32074200,Apple,AAPL,0.0108,-0.1315,1.016,1,Apple market update,1.0,0,0.0108
2026-03-17,254.0,32361600,Apple,AAPL,0.0056,0.009,1.0117,0,Apple market update,1.0,0,0.0056
2026-03-18,249.71,35757900,Apple,AAPL,-0.0169,0.1049,1.0239,0,Apple market update,1.0,0,0.0169
2026-03-19,248.73,34864100,Apple,AAPL,-0.0039,-0.025,1.0183,0,Apple market update,1.0,0,0.0039
2026-03-20,247.76,88331100,Apple,AAPL,-0.0039,1.5336,1.013,1,Apple market update,1.0,0,0.0039
2026-03-23,251.26,40546100,Apple,AAPL,0.0141,-0.541,1.0173,1,Apple market update,1.0,0,0.0141
2026-03-24,251.41,45152300,Apple,AAPL,0.0006,0.1136,1.0212,1,Apple market update,1.0,0,0.0006
2026-03-25,252.39,28476700,Apple,AAPL,0.0039,-0.3693,1.0135,1,Apple market update,1.0,0,0.0039
2026-03-26,252.66,41796700,Apple,AAPL,0.0011,0.4678,1.0248,0,Apple market update,1.0,0,0.0011
2026-03-27,248.57,47900000,Apple,AAPL,-0.0162,0.146,1.0299,0,Apple market update,1.0,0,0.0162
2026-03-30,246.4,39446200,Apple,AAPL,-0.0087,-0.1765,1.0218,1,Apple market update,1.0,0,0.0087
2026-03-31,253.56,49598100,Apple,AAPL,0.029,0.2574,1.0339,1,Apple market update,1.0,0,0.0291
2026-04-01,255.39,40059400,Apple,AAPL,0.0073,-0.1923,1.0113,1,Apple market update,1.0,0,0.0072
2026-04-02,255.68,31289400,Apple,AAPL,0.0011,-0.2189,1.0219,1,Apple market update,1.0,0,0.0011
2026-04-06,258.62,29329900,Apple,AAPL,0.0115,-0.0626,1.0222,0,Apple market update,1.0,0,0.0115
2026-04-07,253.27,62148000,Apple,AAPL,-0.0207,1.1189,1.0427,1,Apple market update,1.0,0,0.0207
2026-04-08,258.66,41032800,Apple,AAPL,0.0213,-0.3398,1.0126,1,Apple market update,1.0,0,0.0213
2026-04-09,260.25,28121600,Apple,AAPL,0.0061,-0.3147,1.0197,0,Apple market update,1.0,0,0.0061
2026-04-10,260.24,31291500,Apple,AAPL,-0.0,0.1127,1.0122,0,Apple market update,1.0,0,0.0
2026-04-13,258.96,36234700,Apple,AAPL,-0.0049,0.158,1.0137,0,Apple market update,1.0,0,0.0049
2026-04-14,258.59,48370700,Apple,AAPL,-0.0014,0.3349,1.0184,1,Apple market update,1.0,0,0.0014
2026-04-15,266.18,49913500,Apple,AAPL,0.0294,0.0319,1.0339,0,Apple market update,1.0,0,0.0294
2026-04-16,263.16,43323100,Apple,AAPL,-0.0114,-0.132,1.0225,1,Apple market update,1.0,0,0.0113
2026-04-17,269.98,61436200,Apple,AAPL,0.0259,0.4181,1.0209,1,Apple market update,1.0,0,0.0259
2026-04-20,272.8,36590200,Apple,AAPL,0.0104,-0.4044,1.0148,0,Apple market update,1.0,0,0.0104
2026-04-21,265.93,50209800,Apple,AAPL,-0.0252,0.3722,1.0279,1,Apple market update,1.0,0,0.0252
2026-04-22,272.92,43249200,Apple,AAPL,0.0263,-0.1386,1.0257,1,Apple market update,1.0,0,0.0263
2026-04-23,273.18,33399600,Apple,AAPL,0.001,-0.2277,1.0152,0,Apple market update,1.0,0,0.001
2026-04-24,270.81,38157100,Apple,AAPL,-0.0087,0.1424,1.0126,0,Apple market update,1.0,0,0.0087
2026-04-27,267.36,41466800,Apple,AAPL,-0.0127,0.0867,1.0124,1,Apple market update,1.0,0,0.0127
2026-04-28,270.46,40018900,Apple,AAPL,0.0116,-0.0349,1.017,0,Apple market update,1.0,0,0.0116
2026-04-29,269.92,30047900,Apple,AAPL,-0.002,-0.2492,1.015,1,Apple market update,1.0,0,0.002
2026-04-30,271.1,91848200,Apple,AAPL,0.0044,2.0567,1.0293,1,Apple market update,1.0,0,0.0044
2026-05-01,279.88,79915400,Apple,AAPL,0.0324,-0.1299,1.0318,0,Apple market update,1.0,0,0.0324
2026-05-04,276.58,46668400,Apple,AAPL,-0.0118,-0.416,1.021,1,Apple market update,1.0,0,0.0118
2026-05-05,283.92,49311700,Apple,AAPL,0.0266,0.0566,1.0292,1,Apple market update,1.0,0,0.0265
2026-05-06,287.25,58336100,Apple,AAPL,0.0117,0.183,1.0248,0,Apple market update,1.0,0,0.0117
2026-05-07,287.18,45224300,Apple,AAPL,-0.0002,-0.2248,1.0222,1,Apple market update,1.0,0,0.0002
2026-05-08,293.05,52692800,Apple,AAPL,0.0205,0.1651,1.0164,0,Apple market update,1.0,0,0.0204
2026-05-11,292.68,42247300,Apple,AAPL,-0.0013,-0.1982,1.0126,1,Apple market update,1.0,0,0.0013
2026-05-12,294.8,45748100,Apple,AAPL,0.0072,0.0829,1.0093,1,Apple market update,1.0,0,0.0072
2026-05-13,298.87,52684300,Apple,AAPL,0.0138,0.1516,1.0253,0,Apple market update,1.0,0,0.0138
2026-05-14,298.21,35324900,Apple,AAPL,-0.0022,-0.3295,1.0172,1,Apple market update,1.0,0,0.0022
2026-05-15,300.23,54862800,Apple,AAPL,0.0068,0.5531,1.0225,0,Apple market update,1.0,0,0.0068
2026-05-18,297.84,34483000,Apple,AAPL,-0.008,-0.3715,1.0195,1,Apple market update,1.0,0,0.008
2026-05-19,298.97,42243600,Apple,AAPL,0.0038,0.2251,1.014,1,Apple market update,1.0,0,0.0038
2026-05-20,302.25,38229800,Apple,AAPL,0.011,-0.095,1.0158,1,Apple market update,1.0,0,0.011
2026-05-21,304.99,42965100,Apple,AAPL,0.0091,0.1239,1.0171,1,Apple market update,1.0,0,0.0091
2026-05-22,308.82,43670200,Apple,AAPL,0.0126,0.0164,1.0182,0,Apple market update,1.0,0,0.0126
2026-05-26,308.33,48000500,Apple,AAPL,-0.0016,0.0992,1.0135,1,Apple market update,1.0,0,0.0016
2026-05-27,310.85,50430900,Apple,AAPL,0.0082,0.0506,1.0161,1,Apple market update,1.0,0,0.0082
2026-05-28,312.51,48220400,Apple,AAPL,0.0053,-0.0438,1.0104,0,Apple market update,1.0,0,0.0053
2026-05-29,312.06,70026800,Apple,AAPL,-0.0014,0.4522,1.0177,0,Apple market update,1.0,0,0.0014
2026-06-01,306.31,48849900,Apple,AAPL,-0.0184,-0.3024,1.0194,1,Apple market update,1.0,0,0.0184
2026-06-02,315.2,44534700,Apple,AAPL,0.029,-0.0883,1.0286,0,Apple market update,1.0,0,0.029
2026-06-03,310.26,50836700,Apple,AAPL,-0.0157,0.1415,1.0262,1,Apple market update,1.0,0,0.0157
2026-06-04,311.23,44869100,Apple,AAPL,0.0031,-0.1174,1.0126,0,Apple market update,1.0,0,0.0031
2026-06-05,307.34,65310500,Apple,AAPL,-0.0125,0.4556,1.0261,0,Apple market update,1.0,0,0.0125
2026-06-08,301.54,77949100,Apple,AAPL,-0.0189,0.1935,1.0539,0,Apple market update,1.0,0,0.0189
2026-06-09,290.55,70108800,Apple,AAPL,-0.0364,-0.1006,1.0451,1,Apple market update,1.0,0,0.0364
2026-06-10,291.58,52793300,Apple,AAPL,0.0035,-0.247,1.0256,1,Apple market update,1.0,0,0.0035
2026-06-11,295.63,42572500,Apple,AAPL,0.0139,-0.1936,1.0256,0,Apple market update,1.0,0,0.0139
2026-06-12,291.13,38742100,Apple,AAPL,-0.0152,-0.09,1.026,1,Apple market update,1.0,0,0.0152
2026-06-15,296.42,45732600,Apple,AAPL,0.0182,0.1804,1.0208,1,Apple market update,1.0,0,0.0182
2026-06-16,299.24,39874400,Apple,AAPL,0.0095,-0.1281,1.0221,0,Apple market update,1.0,0,0.0095
2026-06-17,295.95,42745100,Apple,AAPL,-0.011,0.072,1.0262,1,Apple market update,1.0,0,0.011
2026-06-18,298.01,85962200,Apple,AAPL,0.007,1.011,1.0167,0,Apple market update,1.0,0,0.007
2026-06-22,297.01,44879900,Apple,AAPL,-0.0034,-0.4779,1.0191,0,Apple market update,1.0,0,0.0034
2026-06-23,294.3,52010900,Apple,AAPL,-0.0091,0.1589,1.0254,0,Apple market update,1.0,0,0.0091
2026-06-24,293.08,53081900,Apple,AAPL,-0.0041,0.0206,1.0231,0,Apple market update,1.0,0,0.0041
2026-06-25,275.15,107013700,Apple,AAPL,-0.0612,1.016,1.055,1,Apple market update,1.0,0,0.0612
2026-06-26,283.78,261775500,Apple,AAPL,0.0314,1.4462,1.0428,0,Apple market update,1.0,0,0.0314
2026-06-29,281.74,66427000,Apple,AAPL,-0.0072,-0.7462,1.0304,1,Apple market update,1.0,0,0.0072
2026-06-30,289.36,65100200,Apple,AAPL,0.027,-0.02,1.0329,1,Apple market update,1.0,0,0.027
2026-07-01,294.38,50164200,Apple,AAPL,0.0173,-0.2294,1.0256,1,Apple market update,1.0,0,0.0173
2026-07-02,308.63,75352800,Apple,AAPL,0.0484,0.5021,1.0536,1,Apple market update,1.0,0,0.0484
2026-07-06,312.66,53590000,Apple,AAPL,0.0131,-0.2888,1.0235,0,Apple market update,1.0,0,0.0131
2026-07-07,310.66,42490000,Apple,AAPL,-0.0064,-0.2071,1.0172,1,Apple market update,1.0,0,0.0064
2026-07-08,313.39,41323500,Apple,AAPL,0.0088,-0.0275,1.0253,1,Apple market update,1.0,0,0.0088
2026-07-09,316.22,48124500,Apple,AAPL,0.009,0.1646,1.0272,0,Apple market update,1.0,0,0.009
2026-07-10,315.32,34109200,Apple,AAPL,-0.0028,-0.2912,1.0152,0,Apple market update,1.0,0,0.0028
2023-01-04,222.76,50623400,Microsoft,MSFT,-0.0437,0.9667,1.0306,0,Microsoft market update,1.0,0,0.2935
2023-01-05,216.16,39585600,Microsoft,MSFT,-0.0296,-0.218,1.0261,1,Microsoft market update,1.0,0,0.0296
2023-01-06,218.7,43613600,Microsoft,MSFT,0.0118,0.1018,1.0292,1,Microsoft market update,1.0,0,0.0118
2023-01-09,220.83,27369800,Microsoft,MSFT,0.0097,-0.3724,1.0213,1,Microsoft market update,1.0,0,0.0097
2023-01-10,222.52,27033900,Microsoft,MSFT,0.0076,-0.0123,1.0175,1,Microsoft market update,1.0,0,0.0077
2023-01-11,229.24,28669300,Microsoft,MSFT,0.0302,0.0605,1.0209,1,Microsoft market update,1.0,0,0.0302
2023-01-12,231.91,27269500,Microsoft,MSFT,0.0116,-0.0488,1.0271,1,Microsoft market update,1.0,0,0.0116
2023-01-13,232.61,21333300,Microsoft,MSFT,0.003,-0.2177,1.0189,1,Microsoft market update,1.0,0,0.003
2023-01-17,233.7,29831300,Microsoft,MSFT,0.0047,0.3983,1.0161,0,Microsoft market update,1.0,0,0.0047
2023-01-18,229.28,30028700,Microsoft,MSFT,-0.0189,0.0066,1.0291,0,Microsoft market update,1.0,0,0.0189
2023-01-19,225.51,28623000,Microsoft,MSFT,-0.0165,-0.0468,1.021,1,Microsoft market update,1.0,0,0.0164
2023-01-20,233.57,35389800,Microsoft,MSFT,0.0357,0.2364,1.0266,1,Microsoft market update,1.0,0,0.0357
2023-01-23,235.87,31934000,Microsoft,MSFT,0.0098,-0.0976,1.023,0,Microsoft market update,1.0,0,0.0098
2023-01-24,235.34,40234400,Microsoft,MSFT,-0.0022,0.2599,1.0146,0,Microsoft market update,1.0,0,0.0022
2023-01-25,233.95,66526600,Microsoft,MSFT,-0.0059,0.6535,1.0537,1,Microsoft market update,1.0,0,0.0059
2023-01-26,241.14,33454500,Microsoft,MSFT,0.0307,-0.4971,1.0261,1,Microsoft market update,1.0,0,0.0307
2023-01-27,241.29,26498900,Microsoft,MSFT,0.0006,-0.2079,1.0122,0,Microsoft market update,1.0,0,0.0006
2023-01-30,235.99,25867400,Microsoft,MSFT,-0.022,-0.0238,1.014,1,Microsoft market update,1.0,0,0.022
2023-01-31,240.95,26541100,Microsoft,MSFT,0.021,0.026,1.0206,1,Microsoft market update,1.0,0,0.021
2023-02-01,245.75,31259900,Microsoft,MSFT,0.0199,0.1778,1.0396,1,Microsoft market update,1.0,0,0.0199
2023-02-02,257.28,39940400,Microsoft,MSFT,0.0469,0.2777,1.0289,0,Microsoft market update,1.0,0,0.0469
2023-02-03,251.2,29077300,Microsoft,MSFT,-0.0236,-0.272,1.0276,0,Microsoft market update,1.0,0,0.0236
2023-02-06,249.66,22518000,Microsoft,MSFT,-0.0061,-0.2256,1.0138,1,Microsoft market update,1.0,0,0.0061
2023-02-07,260.15,50841400,Microsoft,MSFT,0.042,1.2578,1.0334,0,Microsoft market update,1.0,0,0.042
2023-02-08,259.35,54686000,Microsoft,MSFT,-0.0031,0.0756,1.0396,0,Microsoft market update,1.0,0,0.0031
2023-02-09,256.32,42375100,Microsoft,MSFT,-0.0117,-0.2251,1.0425,0,Microsoft market update,1.0,0,0.0117
2023-02-10,255.82,25818500,Microsoft,MSFT,-0.002,-0.3907,1.0132,1,Microsoft market update,1.0,0,0.002
2023-02-13,263.81,44630900,Microsoft,MSFT,0.0312,0.7286,1.0279,1,Microsoft market update,1.0,0,0.0312
2023-02-14,264.64,37047900,Microsoft,MSFT,0.0031,-0.1699,1.0211,0,Microsoft market update,1.0,0,0.0031
2023-02-15,262.52,28922400,Microsoft,MSFT,-0.008,-0.2193,1.0171,0,Microsoft market update,1.0,0,0.008
2023-02-16,255.53,29603600,Microsoft,MSFT,-0.0266,0.0236,1.0185,0,Microsoft market update,1.0,0,0.0266
2023-02-17,251.55,30000100,Microsoft,MSFT,-0.0156,0.0134,1.016,0,Microsoft market update,1.0,0,0.0156
2023-02-21,246.29,28397400,Microsoft,MSFT,-0.0209,-0.0534,1.0155,0,Microsoft market update,1.0,0,0.0209
2023-02-22,245.16,22491100,Microsoft,MSFT,-0.0046,-0.208,1.016,1,Microsoft market update,1.0,0,0.0046
2023-02-23,248.34,29219100,Microsoft,MSFT,0.013,0.2991,1.0254,0,Microsoft market update,1.0,0,0.013
2023-02-24,242.93,24990900,Microsoft,MSFT,-0.0218,-0.1447,1.0117,1,Microsoft market update,1.0,0,0.0218
2023-02-27,243.84,21190000,Microsoft,MSFT,0.0038,-0.1521,1.0138,0,Microsoft market update,1.0,0,0.0037
2023-02-28,243.12,22491000,Microsoft,MSFT,-0.003,0.0614,1.0111,0,Microsoft market update,1.0,0,0.003
2023-03-01,240.05,27565300,Microsoft,MSFT,-0.0126,0.2256,1.0209,1,Microsoft market update,1.0,0,0.0126
2023-03-02,244.77,24808200,Microsoft,MSFT,0.0197,-0.1,1.0236,1,Microsoft market update,1.0,0,0.0197
2023-03-03,248.85,30760100,Microsoft,MSFT,0.0166,0.2399,1.0168,1,Microsoft market update,1.0,0,0.0167
2023-03-06,250.39,24109800,Microsoft,MSFT,0.0062,-0.2162,1.0162,0,Microsoft market update,1.0,0,0.0062
2023-03-07,247.73,21473200,Microsoft,MSFT,-0.0106,-0.1094,1.017,0,Microsoft market update,1.0,0,0.0106
2023-03-08,247.3,17340200,Microsoft,MSFT,-0.0018,-0.1925,1.0149,0,Microsoft market update,1.0,0,0.0017
2023-03-09,245.95,26653400,Microsoft,MSFT,-0.0054,0.5371,1.0317,0,Microsoft market update,1.0,0,0.0055
2023-03-10,242.31,28333900,Microsoft,MSFT,-0.0148,0.0631,1.021,1,Microsoft market update,1.0,0,0.0148
2023-03-13,247.51,33339700,Microsoft,MSFT,0.0214,0.1767,1.0496,1,Microsoft market update,1.0,0,0.0215
2023-03-14,254.21,33620300,Microsoft,MSFT,0.0271,0.0084,1.0204,1,Microsoft market update,1.0,0,0.0271
2023-03-15,258.74,46028000,Microsoft,MSFT,0.0178,0.3691,1.028,1,Microsoft market update,1.0,0,0.0178
2023-03-16,269.23,54768800,Microsoft,MSFT,0.0405,0.1899,1.0504,1,Microsoft market update,1.0,0,0.0405
2023-03-17,272.38,69527400,Microsoft,MSFT,0.0117,0.2695,1.0254,0,Microsoft market update,1.0,0,0.0117
2023-03-20,265.36,43466600,Microsoft,MSFT,-0.0258,-0.3748,1.0283,1,Microsoft market update,1.0,0,0.0258
2023-03-21,266.87,34558700,Microsoft,MSFT,0.0057,-0.2049,1.0203,0,Microsoft market update,1.0,0,0.0057
2023-03-22,265.42,34873300,Microsoft,MSFT,-0.0054,0.0091,1.0326,1,Microsoft market update,1.0,0,0.0054
2023-03-23,270.65,36610900,Microsoft,MSFT,0.0197,0.0498,1.0213,1,Microsoft market update,1.0,0,0.0197
2023-03-24,273.49,28172000,Microsoft,MSFT,0.0105,-0.2305,1.0194,0,Microsoft market update,1.0,0,0.0105
2023-03-27,269.4,26840200,Microsoft,MSFT,-0.0149,-0.0473,1.0216,0,Microsoft market update,1.0,0,0.015
2023-03-28,268.28,21878600,Microsoft,MSFT,-0.0042,-0.1849,1.015,1,Microsoft market update,1.0,0,0.0042
2023-03-29,273.43,25087000,Microsoft,MSFT,0.0192,0.1466,1.0098,1,Microsoft market update,1.0,0,0.0192
2023-03-30,276.88,25053400,Microsoft,MSFT,0.0126,-0.0013,1.0106,1,Microsoft market update,1.0,0,0.0126
2023-03-31,281.02,32766000,Microsoft,MSFT,0.015,0.3078,1.0222,0,Microsoft market update,1.0,0,0.015
2023-04-03,279.98,24883300,Microsoft,MSFT,-0.0037,-0.2406,1.0152,0,Microsoft market update,1.0,0,0.0037
2023-04-04,279.93,25824300,Microsoft,MSFT,-0.0002,0.0378,1.0167,0,Microsoft market update,1.0,0,0.0002
2023-04-05,277.16,22064800,Microsoft,MSFT,-0.0099,-0.1456,1.015,1,Microsoft market update,1.0,0,0.0099
2023-04-06,284.24,29770300,Microsoft,MSFT,0.0255,0.3492,1.0356,0,Microsoft market update,1.0,0,0.0255
2023-04-10,282.08,23103000,Microsoft,MSFT,-0.0076,-0.224,1.0172,0,Microsoft market update,1.0,0,0.0076
2023-04-11,275.69,27276600,Microsoft,MSFT,-0.0227,0.1807,1.0154,1,Microsoft market update,1.0,0,0.0227
2023-04-12,276.33,27403400,Microsoft,MSFT,0.0023,0.0046,1.0179,1,Microsoft market update,1.0,0,0.0023
2023-04-13,282.52,24222700,Microsoft,MSFT,0.0224,-0.1161,1.0238,0,Microsoft market update,1.0,0,0.0224
2023-04-14,278.92,20987900,Microsoft,MSFT,-0.0128,-0.1335,1.0169,1,Microsoft market update,1.0,0,0.0127
2023-04-17,281.51,23836200,Microsoft,MSFT,0.0093,0.1357,1.019,0,Microsoft market update,1.0,0,0.0093
2023-04-18,281.09,20161800,Microsoft,MSFT,-0.0015,-0.1542,1.0165,1,Microsoft market update,1.0,0,0.0015
2023-04-19,281.17,17150300,Microsoft,MSFT,0.0003,-0.1494,1.0159,0,Microsoft market update,1.0,0,0.0003
2023-04-20,278.89,23244400,Microsoft,MSFT,-0.0081,0.3553,1.0139,0,Microsoft market update,1.0,0,0.0081
2023-04-21,278.55,21676400,Microsoft,MSFT,-0.0012,-0.0675,1.0113,0,Microsoft market update,1.0,0,0.0012
2023-04-24,274.66,26611000,Microsoft,MSFT,-0.014,0.2276,1.0224,0,Microsoft market update,1.0,0,0.014
2023-04-25,268.47,45772200,Microsoft,MSFT,-0.0225,0.72,1.0226,1,Microsoft market update,1.0,0,0.0225
2023-04-26,287.91,64599200,Microsoft,MSFT,0.0724,0.4113,1.0234,1,Microsoft market update,1.0,0,0.0724
2023-04-27,297.13,46462600,Microsoft,MSFT,0.032,-0.2808,1.0337,1,Microsoft market update,1.0,0,0.032
2023-04-28,299.5,36469600,Microsoft,MSFT,0.008,-0.2151,1.0185,0,Microsoft market update,1.0,0,0.008
2023-05-01,297.85,21294100,Microsoft,MSFT,-0.0055,-0.4161,1.0113,0,Microsoft market update,1.0,0,0.0055
2023-05-02,297.7,26404400,Microsoft,MSFT,-0.0005,0.24,1.0173,0,Microsoft market update,1.0,0,0.0005
2023-05-03,296.72,22360800,Microsoft,MSFT,-0.0033,-0.1531,1.0149,1,Microsoft market update,1.0,0,0.0033
2023-05-04,297.7,22519900,Microsoft,MSFT,0.0033,0.0071,1.0144,1,Microsoft market update,1.0,0,0.0033
2023-05-05,302.81,28197100,Microsoft,MSFT,0.0172,0.2521,1.0253,0,Microsoft market update,1.0,0,0.0172
2023-05-08,300.86,21318600,Microsoft,MSFT,-0.0064,-0.2439,1.0134,0,Microsoft market update,1.0,0,0.0064
2023-05-09,299.25,21340800,Microsoft,MSFT,-0.0053,0.001,1.0122,1,Microsoft market update,1.0,0,0.0054
2023-05-10,304.43,30078000,Microsoft,MSFT,0.0173,0.4094,1.0173,0,Microsoft market update,1.0,0,0.0173
2023-05-11,302.28,31680200,Microsoft,MSFT,-0.007,0.0533,1.0159,0,Microsoft market update,1.0,0,0.0071
2023-05-12,301.17,19774700,Microsoft,MSFT,-0.0037,-0.3758,1.0132,1,Microsoft market update,1.0,0,0.0037
2023-05-15,301.65,16336500,Microsoft,MSFT,0.0016,-0.1739,1.0075,1,Microsoft market update,1.0,0,0.0016
2023-05-16,303.87,26730300,Microsoft,MSFT,0.0074,0.6362,1.0125,1,Microsoft market update,1.0,0,0.0074
2023-05-17,306.74,24315000,Microsoft,MSFT,0.0095,-0.0904,1.0119,1,Microsoft market update,1.0,0,0.0094
2023-05-18,311.16,27276000,Microsoft,MSFT,0.0144,0.1218,1.017,0,Microsoft market update,1.0,0,0.0144
2023-05-19,310.98,27546700,Microsoft,MSFT,-0.0006,0.0099,1.0075,1,Microsoft market update,1.0,0,0.0006
2023-05-22,313.76,24115700,Microsoft,MSFT,0.0089,-0.1246,1.0144,0,Microsoft market update,1.0,0,0.0089
2023-05-23,307.97,30797200,Microsoft,MSFT,-0.0184,0.2771,1.0237,0,Microsoft market update,1.0,0,0.0185
2023-05-24,306.6,23384900,Microsoft,MSFT,-0.0045,-0.2407,1.0124,1,Microsoft market update,1.0,0,0.0044
2023-05-25,318.39,43301700,Microsoft,MSFT,0.0385,0.8517,1.0216,1,Microsoft market update,1.0,0,0.0385
2023-05-26,325.2,36630600,Microsoft,MSFT,0.0214,-0.1541,1.0294,0,Microsoft market update,1.0,0,0.0214
2023-05-30,323.55,29503100,Microsoft,MSFT,-0.005,-0.1946,1.0158,0,Microsoft market update,1.0,0,0.0051
2023-05-31,320.8,45950600,Microsoft,MSFT,-0.0085,0.5575,1.0263,1,Microsoft market update,1.0,0,0.0085
2023-06-01,324.89,26773900,Microsoft,MSFT,0.0128,-0.4173,1.0271,1,Microsoft market update,1.0,0,0.0127
2023-06-02,327.65,25873800,Microsoft,MSFT,0.0085,-0.0336,1.0149,1,Microsoft market update,1.0,0,0.0085
2023-06-05,328.17,21307100,Microsoft,MSFT,0.0016,-0.1765,1.0117,0,Microsoft market update,1.0,0,0.0016
2023-06-06,325.97,20396200,Microsoft,MSFT,-0.0067,-0.0428,1.0096,0,Microsoft market update,1.0,0,0.0067
2023-06-07,315.91,40717100,Microsoft,MSFT,-0.0309,0.9963,1.0372,1,Microsoft market update,1.0,0,0.0309
2023-06-08,317.74,23277700,Microsoft,MSFT,0.0058,-0.4283,1.0102,1,Microsoft market update,1.0,0,0.0058
2023-06-09,319.24,22529000,Microsoft,MSFT,0.0047,-0.0322,1.0172,1,Microsoft market update,1.0,0,0.0047
2023-06-12,324.18,24260300,Microsoft,MSFT,0.0155,0.0768,1.0213,1,Microsoft market update,1.0,0,0.0155
2023-06-13,326.56,22951300,Microsoft,MSFT,0.0074,-0.054,1.0199,1,Microsoft market update,1.0,0,0.0073
2023-06-14,329.54,26003800,Microsoft,MSFT,0.0091,0.133,1.0187,1,Microsoft market update,1.0,0,0.0091
2023-06-15,340.05,38899100,Microsoft,MSFT,0.0319,0.4959,1.0375,0,Microsoft market update,1.0,0,0.0319
2023-06-16,334.42,46552000,Microsoft,MSFT,-0.0166,0.1967,1.0278,0,Microsoft market update,1.0,0,0.0166
2023-06-20,330.24,26375400,Microsoft,MSFT,-0.0125,-0.4334,1.0185,0,Microsoft market update,1.0,0,0.0125
2023-06-21,325.85,25117800,Microsoft,MSFT,-0.0133,-0.0477,1.017,1,Microsoft market update,1.0,0,0.0133
2023-06-22,331.86,23556800,Microsoft,MSFT,0.0184,-0.0621,1.0203,0,Microsoft market update,1.0,0,0.0184
2023-06-23,327.28,23146900,Microsoft,MSFT,-0.0138,-0.0174,1.0135,0,Microsoft market update,1.0,0,0.0138
2023-06-26,321.0,21520600,Microsoft,MSFT,-0.0192,-0.0703,1.0232,1,Microsoft market update,1.0,0,0.0192
2023-06-27,326.84,24354100,Microsoft,MSFT,0.0182,0.1317,1.0208,1,Microsoft market update,1.0,0,0.0182
2023-06-28,328.09,20259500,Microsoft,MSFT,0.0038,-0.1681,1.0125,0,Microsoft market update,1.0,0,0.0038
2023-06-29,327.31,16997000,Microsoft,MSFT,-0.0024,-0.161,1.0105,1,Microsoft market update,1.0,0,0.0024
2023-06-30,332.67,26832800,Microsoft,MSFT,0.0164,0.5787,1.0164,0,Microsoft market update,1.0,0,0.0164
2023-07-03,330.18,12508700,Microsoft,MSFT,-0.0075,-0.5338,1.0129,1,Microsoft market update,1.0,0,0.0075
2023-07-05,330.33,18172400,Microsoft,MSFT,0.0005,0.4528,1.0207,1,Microsoft market update,1.0,0,0.0005
2023-07-06,333.38,28161200,Microsoft,MSFT,0.0092,0.5497,1.0223,0,Microsoft market update,1.0,0,0.0092
2023-07-07,329.43,21214800,Microsoft,MSFT,-0.0119,-0.2467,1.0142,0,Microsoft market update,1.0,0,0.0118
2023-07-10,324.16,32791400,Microsoft,MSFT,-0.016,0.5457,1.0233,1,Microsoft market update,1.0,0,0.016
2023-07-11,324.79,26698200,Microsoft,MSFT,0.0019,-0.1858,1.0179,1,Microsoft market update,1.0,0,0.0019
2023-07-12,329.41,29995300,Microsoft,MSFT,0.0142,0.1235,1.0178,1,Microsoft market update,1.0,0,0.0142
2023-07-13,334.74,20567200,Microsoft,MSFT,0.0162,-0.3143,1.0139,1,Microsoft market update,1.0,0,0.0162
2023-07-14,337.26,28352700,Microsoft,MSFT,0.0075,0.3785,1.0207,1,Microsoft market update,1.0,0,0.0075
2023-07-17,337.74,20363900,Microsoft,MSFT,0.0014,-0.2818,1.014,1,Microsoft market update,1.0,0,0.0014
2023-07-18,351.18,64738600,Microsoft,MSFT,0.0398,2.1791,1.0719,0,Microsoft market update,1.0,0,0.0398
2023-07-19,346.87,39732900,Microsoft,MSFT,-0.0123,-0.3863,1.0284,0,Microsoft market update,1.0,0,0.0123
2023-07-20,338.85,33778400,Microsoft,MSFT,-0.0231,-0.1499,1.0365,0,Microsoft market update,1.0,0,0.0231
2023-07-21,335.82,69405400,Microsoft,MSFT,-0.0089,1.0547,1.0308,1,Microsoft market update,1.0,0,0.0089
2023-07-24,337.13,26678100,Microsoft,MSFT,0.0039,-0.6156,1.0135,1,Microsoft market update,1.0,0,0.0039
2023-07-25,342.87,41637700,Microsoft,MSFT,0.017,0.5607,1.0198,0,Microsoft market update,1.0,0,0.017
2023-07-26,329.96,58383700,Microsoft,MSFT,-0.0376,0.4022,1.0347,0,Microsoft market update,1.0,0,0.0377
2023-07-27,323.08,39635300,Microsoft,MSFT,-0.0209,-0.3211,1.0373,1,Microsoft market update,1.0,0,0.0209
2023-07-28,330.55,28484900,Microsoft,MSFT,0.0231,-0.2813,1.0205,0,Microsoft market update,1.0,0,0.0231
2023-07-31,328.16,25446000,Microsoft,MSFT,-0.0072,-0.1067,1.013,1,Microsoft market update,1.0,0,0.0072
2023-08-01,328.57,18311900,Microsoft,MSFT,0.0013,-0.2804,1.0145,0,Microsoft market update,1.0,0,0.0012
2023-08-02,319.93,27761300,Microsoft,MSFT,-0.0263,0.516,1.0223,0,Microsoft market update,1.0,0,0.0263
2023-08-03,319.11,18253700,Microsoft,MSFT,-0.0026,-0.3425,1.0121,1,Microsoft market update,1.0,0,0.0026
2023-08-04,320.2,23741500,Microsoft,MSFT,0.0034,0.3006,1.0241,1,Microsoft market update,1.0,0,0.0034
2023-08-07,322.48,17741500,Microsoft,MSFT,0.0071,-0.2527,1.011,0,Microsoft market update,1.0,0,0.0071
2023-08-08,318.51,22327600,Microsoft,MSFT,-0.0123,0.2585,1.0178,0,Microsoft market update,1.0,0,0.0123
2023-08-09,314.78,22373300,Microsoft,MSFT,-0.0117,0.002,1.0189,1,Microsoft market update,1.0,0,0.0117
2023-08-10,315.47,20113700,Microsoft,MSFT,0.0022,-0.101,1.022,0,Microsoft market update,1.0,0,0.0022
2023-08-11,313.59,24355500,Microsoft,MSFT,-0.0059,0.2109,1.01,1,Microsoft market update,1.0,0,0.006
2023-08-14,316.55,18836100,Microsoft,MSFT,0.0094,-0.2266,1.0124,0,Microsoft market update,1.0,0,0.0094
2023-08-15,314.42,16966300,Microsoft,MSFT,-0.0067,-0.0993,1.0131,0,Microsoft market update,1.0,0,0.0067
2023-08-16,313.66,20698900,Microsoft,MSFT,-0.0024,0.22,1.0144,0,Microsoft market update,1.0,0,0.0024
2023-08-17,310.21,21257200,Microsoft,MSFT,-0.011,0.027,1.0179,0,Microsoft market update,1.0,0,0.011
2023-08-18,309.82,24755000,Microsoft,MSFT,-0.0013,0.1645,1.0219,1,Microsoft market update,1.0,0,0.0013
2023-08-21,315.11,24040000,Microsoft,MSFT,0.0171,-0.0289,1.0181,1,Microsoft market update,1.0,0,0.0171
2023-08-22,315.67,16084600,Microsoft,MSFT,0.0018,-0.3309,1.0144,1,Microsoft market update,1.0,0,0.0018
2023-08-23,320.12,21166400,Microsoft,MSFT,0.0141,0.3159,1.0177,0,Microsoft market update,1.0,0,0.0141
2023-08-24,313.24,23281400,Microsoft,MSFT,-0.0215,0.0999,1.0407,1,Microsoft market update,1.0,0,0.0215
2023-08-25,316.18,21684100,Microsoft,MSFT,0.0094,-0.0686,1.0206,1,Microsoft market update,1.0,0,0.0094
2023-08-28,316.89,14808500,Microsoft,MSFT,0.0022,-0.3171,1.0138,1,Microsoft market update,1.0,0,0.0022
2023-08-29,321.5,19284600,Microsoft,MSFT,0.0146,0.3023,1.0221,1,Microsoft market update,1.0,0,0.0145
2023-08-30,321.87,15222100,Microsoft,MSFT,0.0012,-0.2107,1.0103,0,Microsoft market update,1.0,0,0.0012
2023-08-31,320.86,26411000,Microsoft,MSFT,-0.0031,0.735,1.0126,1,Microsoft market update,1.0,0,0.0031
2023-09-01,321.74,14942000,Microsoft,MSFT,0.0027,-0.4343,1.0159,1,Microsoft market update,1.0,0,0.0027
2023-09-05,326.53,18553900,Microsoft,MSFT,0.0149,0.2417,1.0188,0,Microsoft market update,1.0,0,0.0149
2023-09-06,325.87,17535800,Microsoft,MSFT,-0.002,-0.0549,1.013,0,Microsoft market update,1.0,0,0.002
2023-09-07,322.97,18381000,Microsoft,MSFT,-0.0089,0.0482,1.0123,1,Microsoft market update,1.0,0,0.0089
2023-09-08,327.23,19530100,Microsoft,MSFT,0.0132,0.0625,1.0203,1,Microsoft market update,1.0,0,0.0132
2023-09-11,330.83,16583300,Microsoft,MSFT,0.011,-0.1509,1.0089,0,Microsoft market update,1.0,0,0.011
2023-09-12,324.79,17565500,Microsoft,MSFT,-0.0183,0.0592,1.016,1,Microsoft market update,1.0,0,0.0183
2023-09-13,328.99,16544400,Microsoft,MSFT,0.0129,-0.0581,1.0172,1,Microsoft market update,1.0,0,0.0129
2023-09-14,331.57,20267000,Microsoft,MSFT,0.0079,0.225,1.0127,0,Microsoft market update,1.0,0,0.0078
2023-09-15,323.27,37679800,Microsoft,MSFT,-0.025,0.8592,1.0235,0,Microsoft market update,1.0,0,0.025
2023-09-18,322.13,16834200,Microsoft,MSFT,-0.0035,-0.5532,1.0124,0,Microsoft market update,1.0,0,0.0035
2023-09-19,321.73,16505900,Microsoft,MSFT,-0.0012,-0.0195,1.015,0,Microsoft market update,1.0,0,0.0012
2023-09-20,314.02,21436500,Microsoft,MSFT,-0.024,0.2987,1.0283,0,Microsoft market update,1.0,0,0.024
2023-09-21,312.81,35560400,Microsoft,MSFT,-0.0039,0.6589,1.0329,0,Microsoft market update,1.0,0,0.0039
2023-09-22,310.34,21447900,Microsoft,MSFT,-0.0079,-0.3969,1.0168,1,Microsoft market update,1.0,0,0.0079
2023-09-25,310.86,17836000,Microsoft,MSFT,0.0017,-0.1684,1.0085,0,Microsoft market update,1.0,0,0.0017
2023-09-26,305.57,26297600,Microsoft,MSFT,-0.017,0.4744,1.0189,1,Microsoft market update,1.0,0,0.017
2023-09-27,306.21,19410100,Microsoft,MSFT,0.0021,-0.2619,1.0149,1,Microsoft market update,1.0,0,0.0021
2023-09-28,307.04,19683600,Microsoft,MSFT,0.0027,0.0141,1.0195,1,Microsoft market update,1.0,0,0.0027
2023-09-29,309.1,24147300,Microsoft,MSFT,0.0067,0.2268,1.0143,1,Microsoft market update,1.0,0,0.0067
2023-10-02,315.03,20570000,Microsoft,MSFT,0.0192,-0.1481,1.0213,0,Microsoft market update,1.0,0,0.0192
2023-10-03,306.79,21033500,Microsoft,MSFT,-0.0261,0.0225,1.0327,1,Microsoft market update,1.0,0,0.0262
2023-10-04,312.25,20720100,Microsoft,MSFT,0.0178,-0.0149,1.0192,1,Microsoft market update,1.0,0,0.0178
2023-10-05,312.64,16965600,Microsoft,MSFT,0.0013,-0.1812,1.0161,1,Microsoft market update,1.0,0,0.0012
2023-10-06,320.37,25673600,Microsoft,MSFT,0.0247,0.5133,1.0408,1,Microsoft market update,1.0,0,0.0247
2023-10-09,322.88,19891200,Microsoft,MSFT,0.0078,-0.2252,1.022,0,Microsoft market update,1.0,0,0.0078
2023-10-10,321.48,20557100,Microsoft,MSFT,-0.0043,0.0335,1.0105,1,Microsoft market update,1.0,0,0.0043
2023-10-11,325.42,20063200,Microsoft,MSFT,0.0123,-0.024,1.0112,0,Microsoft market update,1.0,0,0.0123
2023-10-12,324.19,19313100,Microsoft,MSFT,-0.0038,-0.0374,1.0149,0,Microsoft market update,1.0,0,0.0038
2023-10-13,320.83,21072400,Microsoft,MSFT,-0.0104,0.0911,1.0229,1,Microsoft market update,1.0,0,0.0104
2023-10-16,325.64,22158000,Microsoft,MSFT,0.015,0.0515,1.0168,0,Microsoft market update,1.0,0,0.015
2023-10-17,325.07,18338500,Microsoft,MSFT,-0.0017,-0.1724,1.0185,0,Microsoft market update,1.0,0,0.0018
2023-10-18,323.16,23153600,Microsoft,MSFT,-0.0059,0.2626,1.0222,1,Microsoft market update,1.0,0,0.0059
2023-10-19,324.35,25052100,Microsoft,MSFT,0.0037,0.082,1.018,0,Microsoft market update,1.0,0,0.0037
2023-10-20,319.79,25027700,Microsoft,MSFT,-0.014,-0.001,1.0199,1,Microsoft market update,1.0,0,0.0141
2023-10-23,322.39,24374700,Microsoft,MSFT,0.0081,-0.0261,1.0257,1,Microsoft market update,1.0,0,0.0081
2023-10-24,323.57,31153600,Microsoft,MSFT,0.0037,0.2781,1.0129,1,Microsoft market update,1.0,0,0.0037
2023-10-25,333.5,55053800,Microsoft,MSFT,0.0307,0.7672,1.0254,0,Microsoft market update,1.0,0,0.0307
2023-10-26,320.99,37828500,Microsoft,MSFT,-0.0375,-0.3129,1.0449,1,Microsoft market update,1.0,0,0.0375
2023-10-27,322.87,29856500,Microsoft,MSFT,0.0059,-0.2107,1.0253,1,Microsoft market update,1.0,0,0.0059
2023-10-30,330.21,22828100,Microsoft,MSFT,0.0227,-0.2354,1.023,1,Microsoft market update,1.0,0,0.0227
2023-10-31,330.99,20265300,Microsoft,MSFT,0.0024,-0.1123,1.0129,1,Microsoft market update,1.0,0,0.0024
2023-11-01,338.79,28158800,Microsoft,MSFT,0.0235,0.3895,1.0229,1,Microsoft market update,1.0,0,0.0236
2023-11-02,340.99,24348100,Microsoft,MSFT,0.0065,-0.1353,1.0118,1,Microsoft market update,1.0,0,0.0065
2023-11-03,345.37,23637700,Microsoft,MSFT,0.0129,-0.0292,1.0203,1,Microsoft market update,1.0,0,0.0128
2023-11-06,349.03,23828300,Microsoft,MSFT,0.0106,0.0081,1.0119,1,Microsoft market update,1.0,0,0.0106
2023-11-07,352.94,25833900,Microsoft,MSFT,0.0112,0.0842,1.0135,1,Microsoft market update,1.0,0,0.0112
2023-11-08,355.56,26767800,Microsoft,MSFT,0.0074,0.0362,1.0092,0,Microsoft market update,1.0,0,0.0074
2023-11-09,353.1,24847300,Microsoft,MSFT,-0.0069,-0.0717,1.0123,1,Microsoft market update,1.0,0,0.0069
2023-11-10,361.89,28042100,Microsoft,MSFT,0.0249,0.1286,1.025,0,Microsoft market update,1.0,0,0.0249
2023-11-13,358.96,19986500,Microsoft,MSFT,-0.0081,-0.2873,1.007,1,Microsoft market update,1.0,0,0.0081
2023-11-14,362.48,27683900,Microsoft,MSFT,0.0098,0.3851,1.0125,1,Microsoft market update,1.0,0,0.0098
2023-11-15,362.62,26860100,Microsoft,MSFT,0.0004,-0.0298,1.0164,1,Microsoft market update,1.0,0,0.0004
2023-11-16,369.0,27182300,Microsoft,MSFT,0.0176,0.012,1.0167,0,Microsoft market update,1.0,0,0.0176
2023-11-17,362.8,40157000,Microsoft,MSFT,-0.0168,0.4773,1.0201,1,Microsoft market update,1.0,0,0.0168
2023-11-20,370.25,52465100,Microsoft,MSFT,0.0205,0.3065,1.0212,0,Microsoft market update,1.0,0,0.0205
2023-11-21,365.96,28423100,Microsoft,MSFT,-0.0116,-0.4582,1.0137,1,Microsoft market update,1.0,0,0.0116
2023-11-22,370.65,23345300,Microsoft,MSFT,0.0128,-0.1787,1.0129,0,Microsoft market update,1.0,0,0.0128
2023-11-24,370.24,10176600,Microsoft,MSFT,-0.0011,-0.5641,1.0075,1,Microsoft market update,1.0,0,0.0011
2023-11-27,371.39,22179200,Microsoft,MSFT,0.0031,1.1794,1.0118,1,Microsoft market update,1.0,0,0.0031
2023-11-28,375.41,20453100,Microsoft,MSFT,0.0108,-0.0778,1.0128,0,Microsoft market update,1.0,0,0.0108
2023-11-29,371.63,28963400,Microsoft,MSFT,-0.0101,0.4161,1.0182,1,Microsoft market update,1.0,0,0.0101
2023-11-30,371.69,30554400,Microsoft,MSFT,0.0002,0.0549,1.0123,0,Microsoft market update,1.0,0,0.0002
2023-12-01,367.37,33040500,Microsoft,MSFT,-0.0116,0.0814,1.0184,0,Microsoft market update,1.0,0,0.0116
2023-12-04,362.1,32063300,Microsoft,MSFT,-0.0143,-0.0296,1.0182,1,Microsoft market update,1.0,0,0.0143
2023-12-05,365.42,23065000,Microsoft,MSFT,0.0092,-0.2806,1.0204,0,Microsoft market update,1.0,0,0.0092
2023-12-06,361.77,21182100,Microsoft,MSFT,-0.01,-0.0816,1.0167,1,Microsoft market update,1.0,0,0.01
2023-12-07,363.88,23118900,Microsoft,MSFT,0.0058,0.0914,1.014,1,Microsoft market update,1.0,0,0.0058
2023-12-08,367.1,20154400,Microsoft,MSFT,0.0088,-0.1282,1.0169,0,Microsoft market update,1.0,0,0.0088
2023-12-11,364.22,27708800,Microsoft,MSFT,-0.0078,0.3748,1.015,1,Microsoft market update,1.0,0,0.0078
2023-12-12,367.24,24838300,Microsoft,MSFT,0.0083,-0.1036,1.0107,0,Microsoft market update,1.0,0,0.0083
2023-12-13,367.23,30955500,Microsoft,MSFT,-0.0,0.2463,1.0185,0,Microsoft market update,1.0,0,0.0
2023-12-14,358.96,43277500,Microsoft,MSFT,-0.0225,0.3981,1.0264,1,Microsoft market update,1.0,0,0.0225
2023-12-15,363.66,78502300,Microsoft,MSFT,0.0131,0.8139,1.0167,1,Microsoft market update,1.0,0,0.0131
2023-12-18,365.55,21802900,Microsoft,MSFT,0.0052,-0.7223,1.0117,1,Microsoft market update,1.0,0,0.0052
2023-12-19,366.15,20603700,Microsoft,MSFT,0.0016,-0.055,1.0092,0,Microsoft market update,1.0,0,0.0016
2023-12-20,363.56,26316700,Microsoft,MSFT,-0.0071,0.2773,1.0148,1,Microsoft market update,1.0,0,0.0071
2023-12-21,366.42,17708000,Microsoft,MSFT,0.0079,-0.3271,1.0118,1,Microsoft market update,1.0,0,0.0079
2023-12-22,367.44,17107500,Microsoft,MSFT,0.0028,-0.0339,1.0066,1,Microsoft market update,1.0,0,0.0028
2023-12-26,367.52,12673100,Microsoft,MSFT,0.0002,-0.2592,1.0092,0,Microsoft market update,1.0,0,0.0002
2023-12-27,366.94,14905400,Microsoft,MSFT,-0.0016,0.1761,1.006,1,Microsoft market update,1.0,0,0.0016
2023-12-28,368.13,14327000,Microsoft,MSFT,0.0032,-0.0388,1.0061,1,Microsoft market update,1.0,0,0.0032
2023-12-29,368.87,18730800,Microsoft,MSFT,0.002,0.3074,1.0099,0,Microsoft market update,1.0,0,0.002
2024-01-02,363.8,25258600,Microsoft,MSFT,-0.0137,0.3485,1.0249,0,Microsoft market update,1.0,0,0.0137
2024-01-03,363.54,23083500,Microsoft,MSFT,-0.0007,-0.0861,1.0129,0,Microsoft market update,1.0,0,0.0007
2024-01-04,360.93,20901500,Microsoft,MSFT,-0.0072,-0.0945,1.0162,0,Microsoft market update,1.0,0,0.0072
2024-01-05,360.74,21004600,Microsoft,MSFT,-0.0005,0.0049,1.0152,1,Microsoft market update,1.0,0,0.0005
2024-01-08,367.55,23134000,Microsoft,MSFT,0.0189,0.1014,1.0168,1,Microsoft market update,1.0,0,0.0189
2024-01-09,368.63,20830000,Microsoft,MSFT,0.0029,-0.0996,1.0129,1,Microsoft market update,1.0,0,0.0029
2024-01-10,375.47,25514200,Microsoft,MSFT,0.0186,0.2249,1.0209,1,Microsoft market update,1.0,0,0.0186
2024-01-11,377.3,27850800,Microsoft,MSFT,0.0049,0.0916,1.0271,1,Microsoft market update,1.0,0,0.0049
2024-01-12,381.07,21661200,Microsoft,MSFT,0.01,-0.2222,1.0105,1,Microsoft market update,1.0,0,0.01
2024-01-16,382.83,27202300,Microsoft,MSFT,0.0046,0.2558,1.0165,0,Microsoft market update,1.0,0,0.0046
2024-01-17,382.05,22234100,Microsoft,MSFT,-0.002,-0.1826,1.0138,1,Microsoft market update,1.0,0,0.002
2024-01-18,386.36,23392100,Microsoft,MSFT,0.0113,0.0521,1.0099,1,Microsoft market update,1.0,0,0.0113
2024-01-19,391.07,29331100,Microsoft,MSFT,0.0122,0.2539,1.0131,0,Microsoft market update,1.0,0,0.0122
2024-01-22,388.95,27016900,Microsoft,MSFT,-0.0054,-0.0789,1.0179,1,Microsoft market update,1.0,0,0.0054
2024-01-23,391.3,20525900,Microsoft,MSFT,0.006,-0.2403,1.0138,1,Microsoft market update,1.0,0,0.006
2024-01-24,394.89,24867000,Microsoft,MSFT,0.0092,0.2115,1.0129,1,Microsoft market update,1.0,0,0.0092
2024-01-25,397.15,21021200,Microsoft,MSFT,0.0057,-0.1547,1.0111,0,Microsoft market update,1.0,0,0.0057
2024-01-26,396.23,17803300,Microsoft,MSFT,-0.0023,-0.1531,1.0093,1,Microsoft market update,1.0,0,0.0023
2024-01-29,401.91,24510200,Microsoft,MSFT,0.0143,0.3767,1.014,0,Microsoft market update,1.0,0,0.0143
2024-01-30,400.8,33477600,Microsoft,MSFT,-0.0028,0.3659,1.0162,0,Microsoft market update,1.0,0,0.0028
2024-01-31,390.0,47871100,Microsoft,MSFT,-0.0269,0.4299,1.0456,1,Microsoft market update,1.0,0,0.0269
2024-02-01,396.08,30657700,Microsoft,MSFT,0.0156,-0.3596,1.0154,1,Microsoft market update,1.0,0,0.0156
2024-02-02,403.38,28256700,Microsoft,MSFT,0.0184,-0.0783,1.0225,0,Microsoft market update,1.0,0,0.0184
2024-02-05,397.92,25352300,Microsoft,MSFT,-0.0135,-0.1028,1.0177,0,Microsoft market update,1.0,0,0.0135
2024-02-06,397.76,18382600,Microsoft,MSFT,-0.0004,-0.2749,1.0126,1,Microsoft market update,1.0,0,0.0004
2024-02-07,406.16,22340500,Microsoft,MSFT,0.0211,0.2153,1.0169,1,Microsoft market update,1.0,0,0.0211
2024-02-08,406.22,21225300,Microsoft,MSFT,0.0001,-0.0499,1.0073,1,Microsoft market update,1.0,0,0.0001
2024-02-09,412.53,22032800,Microsoft,MSFT,0.0156,0.038,1.0138,0,Microsoft market update,1.0,0,0.0155
2024-02-12,407.35,21202900,Microsoft,MSFT,-0.0126,-0.0377,1.0144,0,Microsoft market update,1.0,0,0.0126
2024-02-13,398.58,27824900,Microsoft,MSFT,-0.0215,0.3123,1.0166,1,Microsoft market update,1.0,0,0.0215
2024-02-14,402.43,20401200,Microsoft,MSFT,0.0097,-0.2668,1.013,0,Microsoft market update,1.0,0,0.0097
2024-02-15,399.55,21825500,Microsoft,MSFT,-0.0072,0.0698,1.012,0,Microsoft market update,1.0,0,0.0072
2024-02-16,397.09,22296500,Microsoft,MSFT,-0.0061,0.0216,1.012,0,Microsoft market update,1.0,0,0.0062
2024-02-20,395.84,24307900,Microsoft,MSFT,-0.0031,0.0902,1.0163,0,Microsoft market update,1.0,0,0.0031
2024-02-21,395.24,18518900,Microsoft,MSFT,-0.0015,-0.2382,1.0128,1,Microsoft market update,1.0,0,0.0015
2024-02-22,404.55,27009900,Microsoft,MSFT,0.0235,0.4585,1.0104,0,Microsoft market update,1.0,0,0.0236
2024-02-23,403.26,16295900,Microsoft,MSFT,-0.0032,-0.3967,1.0168,0,Microsoft market update,1.0,0,0.0032
2024-02-26,400.51,16193500,Microsoft,MSFT,-0.0068,-0.0063,1.0118,0,Microsoft market update,1.0,0,0.0068
2024-02-27,400.45,14835800,Microsoft,MSFT,-0.0001,-0.0838,1.0111,1,Microsoft market update,1.0,0,0.0001
2024-02-28,400.69,13183100,Microsoft,MSFT,0.0006,-0.1114,1.0098,1,Microsoft market update,1.0,0,0.0006
2024-02-29,406.51,31947300,Microsoft,MSFT,0.0145,1.4234,1.0204,1,Microsoft market update,1.0,0,0.0145
2024-03-01,408.33,17823400,Microsoft,MSFT,0.0045,-0.4421,1.0121,0,Microsoft market update,1.0,0,0.0045
2024-03-04,407.76,17596000,Microsoft,MSFT,-0.0014,-0.0128,1.0122,0,Microsoft market update,1.0,0,0.0014
2024-03-05,395.71,26919200,Microsoft,MSFT,-0.0296,0.5298,1.034,0,Microsoft market update,1.0,0,0.0296
2024-03-06,395.16,22344100,Microsoft,MSFT,-0.0014,-0.17,1.017,1,Microsoft market update,1.0,0,0.0014
2024-03-07,402.08,18718500,Microsoft,MSFT,0.0175,-0.1623,1.0187,0,Microsoft market update,1.0,0,0.0175
2024-03-08,399.21,18002200,Microsoft,MSFT,-0.0071,-0.0383,1.0151,0,Microsoft market update,1.0,0,0.0071
2024-03-11,397.54,16120800,Microsoft,MSFT,-0.0042,-0.1045,1.011,1,Microsoft market update,1.0,0,0.0042
2024-03-12,408.12,22457000,Microsoft,MSFT,0.0266,0.393,1.0216,0,Microsoft market update,1.0,0,0.0266
2024-03-13,407.94,17115900,Microsoft,MSFT,-0.0004,-0.2378,1.0164,1,Microsoft market update,1.0,0,0.0004
2024-03-14,417.89,34157300,Microsoft,MSFT,0.0244,0.9956,1.0235,0,Microsoft market update,1.0,0,0.0244
2024-03-15,409.24,45079900,Microsoft,MSFT,-0.0207,0.3198,1.0238,1,Microsoft market update,1.0,0,0.0207
2024-03-18,410.12,20106000,Microsoft,MSFT,0.0022,-0.554,1.0168,1,Microsoft market update,1.0,0,0.0022
2024-03-19,414.14,19837900,Microsoft,MSFT,0.0098,-0.0133,1.0147,1,Microsoft market update,1.0,0,0.0098
2024-03-20,417.9,17860100,Microsoft,MSFT,0.0091,-0.0997,1.0126,1,Microsoft market update,1.0,0,0.0091
2024-03-21,421.97,21296200,Microsoft,MSFT,0.0097,0.1924,1.0086,0,Microsoft market update,1.0,0,0.0097
2024-03-22,421.35,17648500,Microsoft,MSFT,-0.0015,-0.1713,1.0089,0,Microsoft market update,1.0,0,0.0015
2024-03-25,415.57,18060500,Microsoft,MSFT,-0.0137,0.0233,1.0138,0,Microsoft market update,1.0,0,0.0137
2024-03-26,414.38,16725600,Microsoft,MSFT,-0.0029,-0.0739,1.011,0,Microsoft market update,1.0,0,0.0029
2024-03-27,414.16,16705000,Microsoft,MSFT,-0.0005,-0.0012,1.013,0,Microsoft market update,1.0,0,0.0005
2024-03-28,413.46,21871200,Microsoft,MSFT,-0.0017,0.3093,1.0066,1,Microsoft market update,1.0,0,0.0017
2024-04-01,417.25,16316000,Microsoft,MSFT,0.0092,-0.254,1.0134,0,Microsoft market update,1.0,0,0.0092
2024-04-02,414.17,17912000,Microsoft,MSFT,-0.0074,0.0978,1.0109,0,Microsoft market update,1.0,0,0.0074
2024-04-03,413.2,16502300,Microsoft,MSFT,-0.0023,-0.0787,1.01,0,Microsoft market update,1.0,0,0.0023
2024-04-04,410.67,19370900,Microsoft,MSFT,-0.0061,0.1738,1.0266,1,Microsoft market update,1.0,0,0.0061
2024-04-05,418.18,16554800,Microsoft,MSFT,0.0183,-0.1454,1.0196,0,Microsoft market update,1.0,0,0.0183
2024-04-08,417.27,14272400,Microsoft,MSFT,-0.0022,-0.1379,1.0094,1,Microsoft market update,1.0,0,0.0022
2024-04-09,418.93,12496900,Microsoft,MSFT,0.004,-0.1244,1.0145,0,Microsoft market update,1.0,0,0.004
2024-04-10,415.96,16216600,Microsoft,MSFT,-0.0071,0.2976,1.0103,1,Microsoft market update,1.0,0,0.0071
2024-04-11,420.55,17966400,Microsoft,MSFT,0.011,0.1079,1.0166,0,Microsoft market update,1.0,0,0.011
2024-04-12,414.62,19253800,Microsoft,MSFT,-0.0141,0.0717,1.0129,0,Microsoft market update,1.0,0,0.0141
2024-04-15,406.51,20273500,Microsoft,MSFT,-0.0196,0.053,1.0324,1,Microsoft market update,1.0,0,0.0196
2024-04-16,407.43,16765600,Microsoft,MSFT,0.0023,-0.173,1.0113,0,Microsoft market update,1.0,0,0.0023
2024-04-17,404.74,15855500,Microsoft,MSFT,-0.0066,-0.0543,1.0208,0,Microsoft market update,1.0,0,0.0066
2024-04-18,397.3,21029900,Microsoft,MSFT,-0.0184,0.3263,1.0197,0,Microsoft market update,1.0,0,0.0184
2024-04-19,392.24,30565800,Microsoft,MSFT,-0.0127,0.4534,1.0194,1,Microsoft market update,1.0,0,0.0127
2024-04-22,394.05,20286900,Microsoft,MSFT,0.0046,-0.3363,1.0179,1,Microsoft market update,1.0,0,0.0046
2024-04-23,400.54,15734500,Microsoft,MSFT,0.0165,-0.2244,1.0128,1,Microsoft market update,1.0,0,0.0165
2024-04-24,402.01,15065300,Microsoft,MSFT,0.0037,-0.0425,1.014,0,Microsoft market update,1.0,0,0.0037
2024-04-25,392.16,40586500,Microsoft,MSFT,-0.0245,1.694,1.0306,1,Microsoft market update,1.0,0,0.0245
2024-04-26,399.31,29694700,Microsoft,MSFT,0.0182,-0.2684,1.0178,0,Microsoft market update,1.0,0,0.0182
2024-04-29,395.31,19582100,Microsoft,MSFT,-0.01,-0.3406,1.0179,0,Microsoft market update,1.0,0,0.01
2024-04-30,382.62,28781400,Microsoft,MSFT,-0.0321,0.4698,1.0334,1,Microsoft market update,1.0,0,0.0321
2024-05-01,388.13,23562500,Microsoft,MSFT,0.0144,-0.1813,1.0292,1,Microsoft market update,1.0,0,0.0144
2024-05-02,390.98,17709400,Microsoft,MSFT,0.0073,-0.2484,1.0134,1,Microsoft market update,1.0,0,0.0073
2024-05-03,399.65,17446700,Microsoft,MSFT,0.0222,-0.0148,1.0132,1,Microsoft market update,1.0,0,0.0222
2024-05-06,406.41,16996600,Microsoft,MSFT,0.0169,-0.0258,1.0186,0,Microsoft market update,1.0,0,0.0169
2024-05-07,402.28,20018200,Microsoft,MSFT,-0.0102,0.1778,1.0136,1,Microsoft market update,1.0,0,0.0102
2024-05-08,403.46,11792300,Microsoft,MSFT,0.0029,-0.4109,1.0136,1,Microsoft market update,1.0,0,0.0029
2024-05-09,405.21,14689700,Microsoft,MSFT,0.0043,0.2457,1.0088,1,Microsoft market update,1.0,0,0.0043
2024-05-10,407.59,13402300,Microsoft,MSFT,0.0059,-0.0876,1.0087,0,Microsoft market update,1.0,0,0.0059
2024-05-13,406.59,15440200,Microsoft,MSFT,-0.0025,0.1521,1.0183,1,Microsoft market update,1.0,0,0.0025
2024-05-14,409.38,15109300,Microsoft,MSFT,0.0069,-0.0214,1.0144,1,Microsoft market update,1.0,0,0.0069
2024-05-15,416.53,22239500,Microsoft,MSFT,0.0175,0.4719,1.0157,0,Microsoft market update,1.0,0,0.0175
2024-05-16,414.48,17530100,Microsoft,MSFT,-0.0049,-0.2118,1.0121,0,Microsoft market update,1.0,0,0.0049
2024-05-17,413.71,15352200,Microsoft,MSFT,-0.0019,-0.1242,1.0117,1,Microsoft market update,1.0,0,0.0019
2024-05-20,418.76,16272100,Microsoft,MSFT,0.0122,0.0599,1.0161,1,Microsoft market update,1.0,0,0.0122
2024-05-21,422.4,21453300,Microsoft,MSFT,0.0087,0.3184,1.0191,1,Microsoft market update,1.0,0,0.0087
2024-05-22,423.86,18073700,Microsoft,MSFT,0.0034,-0.1575,1.0124,0,Microsoft market update,1.0,0,0.0035
2024-05-23,420.39,17211700,Microsoft,MSFT,-0.0082,-0.0477,1.0192,1,Microsoft market update,1.0,0,0.0082
2024-05-24,423.5,11855300,Microsoft,MSFT,0.0074,-0.3112,1.0157,1,Microsoft market update,1.0,0,0.0074
2024-05-28,423.66,15718000,Microsoft,MSFT,0.0004,0.3258,1.0099,0,Microsoft market update,1.0,0,0.0004
2024-05-29,422.53,15517100,Microsoft,MSFT,-0.0027,-0.0128,1.0123,0,Microsoft market update,1.0,0,0.0027
2024-05-30,408.25,28394500,Microsoft,MSFT,-0.0338,0.8299,1.0243,1,Microsoft market update,1.0,0,0.0338
2024-05-31,408.71,47995300,Microsoft,MSFT,0.0011,0.6903,1.0303,0,Microsoft market update,1.0,0,0.0011
2024-06-03,407.12,17484700,Microsoft,MSFT,-0.0039,-0.6357,1.0184,1,Microsoft market update,1.0,0,0.0039
2024-06-04,409.63,14348900,Microsoft,MSFT,0.0062,-0.1793,1.0165,1,Microsoft market update,1.0,0,0.0062
2024-06-05,417.45,16988000,Microsoft,MSFT,0.0191,0.1839,1.0187,1,Microsoft market update,1.0,0,0.0191
2024-06-06,417.95,14861300,Microsoft,MSFT,0.0012,-0.1252,1.0112,0,Microsoft market update,1.0,0,0.0012
2024-06-07,417.29,13621700,Microsoft,MSFT,-0.0016,-0.0834,1.0078,1,Microsoft market update,1.0,0,0.0016
2024-06-10,421.25,13982900,Microsoft,MSFT,0.0095,0.0265,1.0099,1,Microsoft market update,1.0,0,0.0095
2024-06-11,425.99,14551100,Microsoft,MSFT,0.0112,0.0406,1.0178,1,Microsoft market update,1.0,0,0.0113
2024-06-12,434.24,22366200,Microsoft,MSFT,0.0194,0.5371,1.0234,1,Microsoft market update,1.0,0,0.0194
2024-06-13,434.75,15960600,Microsoft,MSFT,0.0012,-0.2864,1.0091,1,Microsoft market update,1.0,0,0.0012
2024-06-14,435.72,13582000,Microsoft,MSFT,0.0022,-0.149,1.0147,1,Microsoft market update,1.0,0,0.0022
2024-06-17,441.43,20790000,Microsoft,MSFT,0.0131,0.5307,1.0232,0,Microsoft market update,1.0,0,0.0131
2024-06-18,439.43,17112500,Microsoft,MSFT,-0.0045,-0.1769,1.0118,0,Microsoft market update,1.0,0,0.0045
2024-06-20,438.8,19877400,Microsoft,MSFT,-0.0014,0.1616,1.0119,1,Microsoft market update,1.0,0,0.0014
2024-06-21,442.82,34187100,Microsoft,MSFT,0.0092,0.7199,1.0091,0,Microsoft market update,1.0,0,0.0092
2024-06-24,440.74,15913700,Microsoft,MSFT,-0.0047,-0.5345,1.0142,1,Microsoft market update,1.0,0,0.0047
2024-06-25,443.97,16413400,Microsoft,MSFT,0.0073,0.0314,1.0105,1,Microsoft market update,1.0,0,0.0073
2024-06-26,445.16,16507000,Microsoft,MSFT,0.0027,0.0057,1.0121,1,Microsoft market update,1.0,0,0.0027
2024-06-27,445.84,14806300,Microsoft,MSFT,0.0015,-0.103,1.0097,0,Microsoft market update,1.0,0,0.0015
2024-06-28,440.03,28362300,Microsoft,MSFT,-0.013,0.9156,1.0201,1,Microsoft market update,1.0,0,0.013
2024-07-01,449.66,17662800,Microsoft,MSFT,0.0219,-0.3772,1.0263,1,Microsoft market update,1.0,0,0.0219
2024-07-02,452.17,13979800,Microsoft,MSFT,0.0056,-0.2085,1.0143,1,Microsoft market update,1.0,0,0.0056
2024-07-03,453.64,9932800,Microsoft,MSFT,0.0032,-0.2895,1.0069,1,Microsoft market update,1.0,0,0.0033
2024-07-05,460.33,16000300,Microsoft,MSFT,0.0147,0.6109,1.0204,0,Microsoft market update,1.0,0,0.0147
2024-07-08,459.03,12962300,Microsoft,MSFT,-0.0028,-0.1899,1.007,0,Microsoft market update,1.0,0,0.0028
2024-07-09,452.43,17207200,Microsoft,MSFT,-0.0144,0.3275,1.0204,1,Microsoft market update,1.0,0,0.0144
2024-07-10,459.04,18196100,Microsoft,MSFT,0.0146,0.0575,1.0166,0,Microsoft market update,1.0,0,0.0146
2024-07-11,447.66,23111200,Microsoft,MSFT,-0.0248,0.2701,1.0293,0,Microsoft market update,1.0,0,0.0248
2024-07-12,446.53,16324300,Microsoft,MSFT,-0.0025,-0.2937,1.0127,1,Microsoft market update,1.0,0,0.0025
2024-07-15,446.94,14429400,Microsoft,MSFT,0.0009,-0.1161,1.0129,0,Microsoft market update,1.0,0,0.0009
2024-07-16,442.56,17175700,Microsoft,MSFT,-0.0098,0.1903,1.0171,0,Microsoft market update,1.0,0,0.0098
2024-07-17,436.66,21778000,Microsoft,MSFT,-0.0133,0.268,1.0129,0,Microsoft market update,1.0,0,0.0133
2024-07-18,433.56,20794800,Microsoft,MSFT,-0.0071,-0.0451,1.0236,0,Microsoft market update,1.0,0,0.0071
2024-07-19,430.35,20940400,Microsoft,MSFT,-0.0074,0.007,1.0212,1,Microsoft market update,1.0,0,0.0074
2024-07-22,436.09,15808800,Microsoft,MSFT,0.0133,-0.2451,1.013,1,Microsoft market update,1.0,0,0.0133
2024-07-23,437.97,13107100,Microsoft,MSFT,0.0043,-0.1709,1.0119,0,Microsoft market update,1.0,0,0.0043
2024-07-24,422.26,26805800,Microsoft,MSFT,-0.0359,1.0451,1.0325,0,Microsoft market update,1.0,0,0.0359
2024-07-25,411.93,29943800,Microsoft,MSFT,-0.0245,0.1171,1.0294,1,Microsoft market update,1.0,0,0.0245
2024-07-26,418.69,23583800,Microsoft,MSFT,0.0164,-0.2124,1.0279,1,Microsoft market update,1.0,0,0.0164
2024-07-29,420.13,15125800,Microsoft,MSFT,0.0034,-0.3586,1.0175,0,Microsoft market update,1.0,0,0.0034
2024-07-30,416.38,32687600,Microsoft,MSFT,-0.0089,1.161,1.028,0,Microsoft market update,1.0,0,0.0089
2024-07-31,411.88,42891400,Microsoft,MSFT,-0.0108,0.3122,1.0232,0,Microsoft market update,1.0,0,0.0108
2024-08-01,410.66,30296400,Microsoft,MSFT,-0.003,-0.2936,1.0348,0,Microsoft market update,1.0,0,0.003
2024-08-02,402.17,29437900,Microsoft,MSFT,-0.0207,-0.0283,1.0264,0,Microsoft market update,1.0,0,0.0207
2024-08-05,389.04,40709200,Microsoft,MSFT,-0.0327,0.3829,1.0401,1,Microsoft market update,1.0,0,0.0326
2024-08-06,393.43,24946500,Microsoft,MSFT,0.0113,-0.3872,1.018,0,Microsoft market update,1.0,0,0.0113
2024-08-07,392.27,20650900,Microsoft,MSFT,-0.003,-0.1722,1.0317,1,Microsoft market update,1.0,0,0.0029
2024-08-08,396.46,20203000,Microsoft,MSFT,0.0107,-0.0217,1.0148,1,Microsoft market update,1.0,0,0.0107
2024-08-09,399.74,19276700,Microsoft,MSFT,0.0083,-0.0458,1.0144,1,Microsoft market update,1.0,0,0.0083
2024-08-12,400.52,16762900,Microsoft,MSFT,0.0019,-0.1304,1.0112,1,Microsoft market update,1.0,0,0.002
2024-08-13,407.6,19414300,Microsoft,MSFT,0.0177,0.1582,1.0131,1,Microsoft market update,1.0,0,0.0177
2024-08-14,410.41,18267000,Microsoft,MSFT,0.0069,-0.0591,1.0128,1,Microsoft market update,1.0,0,0.0069
2024-08-15,415.26,20752100,Microsoft,MSFT,0.0118,0.136,1.0083,0,Microsoft market update,1.0,0,0.0118
2024-08-16,412.74,22775600,Microsoft,MSFT,-0.0061,0.0975,1.0097,1,Microsoft market update,1.0,0,0.0061
2024-08-19,415.76,15234000,Microsoft,MSFT,0.0073,-0.3311,1.0127,1,Microsoft market update,1.0,0,0.0073
2024-08-20,418.98,16387600,Microsoft,MSFT,0.0078,0.0757,1.01,0,Microsoft market update,1.0,0,0.0077
2024-08-21,418.33,16067300,Microsoft,MSFT,-0.0016,-0.0195,1.0111,0,Microsoft market update,1.0,0,0.0016
2024-08-22,409.86,19361900,Microsoft,MSFT,-0.0203,0.2051,1.0294,1,Microsoft market update,1.0,0,0.0202
2024-08-23,411.08,18493800,Microsoft,MSFT,0.003,-0.0448,1.0174,0,Microsoft market update,1.0,0,0.003
2024-08-26,407.83,13152800,Microsoft,MSFT,-0.0079,-0.2888,1.0144,1,Microsoft market update,1.0,0,0.0079
2024-08-27,408.17,13492900,Microsoft,MSFT,0.0008,0.0259,1.01,0,Microsoft market update,1.0,0,0.0008
2024-08-28,404.98,14882700,Microsoft,MSFT,-0.0078,0.103,1.0189,1,Microsoft market update,1.0,0,0.0078
2024-08-29,407.46,17045200,Microsoft,MSFT,0.0061,0.1453,1.0279,1,Microsoft market update,1.0,0,0.0061
2024-08-30,411.43,24308300,Microsoft,MSFT,0.0097,0.4261,1.013,0,Microsoft market update,1.0,0,0.0097
2024-09-03,403.83,20313600,Microsoft,MSFT,-0.0185,-0.1643,1.0316,0,Microsoft market update,1.0,0,0.0185
2024-09-04,403.3,15135800,Microsoft,MSFT,-0.0013,-0.2549,1.017,0,Microsoft market update,1.0,0,0.0013
2024-09-05,402.8,14195500,Microsoft,MSFT,-0.0012,-0.0621,1.0172,0,Microsoft market update,1.0,0,0.0012
2024-09-06,396.2,19609500,Microsoft,MSFT,-0.0164,0.3814,1.0246,1,Microsoft market update,1.0,0,0.0164
2024-09-09,400.16,15295100,Microsoft,MSFT,0.01,-0.22,1.0162,1,Microsoft market update,1.0,0,0.01
2024-09-10,408.53,19594300,Microsoft,MSFT,0.0209,0.2811,1.0212,1,Microsoft market update,1.0,0,0.0209
2024-09-11,417.25,19266900,Microsoft,MSFT,0.0213,-0.0167,1.0352,1,Microsoft market update,1.0,0,0.0213
2024-09-12,421.15,17395700,Microsoft,MSFT,0.0094,-0.0971,1.0182,1,Microsoft market update,1.0,0,0.0093
2024-09-13,424.69,15874600,Microsoft,MSFT,0.0084,-0.0874,1.015,1,Microsoft market update,1.0,0,0.0084
2024-09-16,425.43,13834700,Microsoft,MSFT,0.0017,-0.1285,1.0124,1,Microsoft market update,1.0,0,0.0017
2024-09-17,429.19,18874200,Microsoft,MSFT,0.0088,0.3643,1.0222,0,Microsoft market update,1.0,0,0.0088
2024-09-18,424.91,18898000,Microsoft,MSFT,-0.01,0.0013,1.0131,1,Microsoft market update,1.0,0,0.01
2024-09-19,432.68,21706600,Microsoft,MSFT,0.0183,0.1486,1.0105,0,Microsoft market update,1.0,0,0.0183
2024-09-20,429.31,55167100,Microsoft,MSFT,-0.0078,1.5415,1.0116,0,Microsoft market update,1.0,0,0.0078
2024-09-23,427.57,15128900,Microsoft,MSFT,-0.004,-0.7258,1.0141,0,Microsoft market update,1.0,0,0.0041
2024-09-24,423.29,17015800,Microsoft,MSFT,-0.01,0.1247,1.017,1,Microsoft market update,1.0,0,0.01
2024-09-25,426.19,13396400,Microsoft,MSFT,0.0069,-0.2127,1.0106,0,Microsoft market update,1.0,0,0.0069
2024-09-26,425.4,14492000,Microsoft,MSFT,-0.0019,0.0818,1.0144,0,Microsoft market update,1.0,0,0.0019
2024-09-27,422.16,14896100,Microsoft,MSFT,-0.0076,0.0279,1.0102,1,Microsoft market update,1.0,0,0.0076
2024-09-30,424.41,16807300,Microsoft,MSFT,0.0053,0.1283,1.0119,0,Microsoft market update,1.0,0,0.0053
2024-10-01,414.93,19092900,Microsoft,MSFT,-0.0223,0.136,1.0231,0,Microsoft market update,1.0,0,0.0223
2024-10-02,411.42,16582300,Microsoft,MSFT,-0.0085,-0.1315,1.0147,0,Microsoft market update,1.0,0,0.0085
2024-10-03,410.83,13686400,Microsoft,MSFT,-0.0014,-0.1746,1.0127,0,Microsoft market update,1.0,0,0.0014
2024-10-04,410.36,19169700,Microsoft,MSFT,-0.0012,0.4006,1.0115,0,Microsoft market update,1.0,0,0.0011
2024-10-07,403.93,20919800,Microsoft,MSFT,-0.0157,0.0913,1.0198,1,Microsoft market update,1.0,0,0.0157
2024-10-08,409.03,19229300,Microsoft,MSFT,0.0126,-0.0808,1.0184,1,Microsoft market update,1.0,0,0.0126
2024-10-09,411.74,14974300,Microsoft,MSFT,0.0066,-0.2213,1.0147,0,Microsoft market update,1.0,0,0.0066
2024-10-10,410.14,13848400,Microsoft,MSFT,-0.0039,-0.0752,1.0102,1,Microsoft market update,1.0,0,0.0039
2024-10-11,410.62,14144900,Microsoft,MSFT,0.0012,0.0214,1.0094,1,Microsoft market update,1.0,0,0.0012
2024-10-14,413.4,16653100,Microsoft,MSFT,0.0068,0.1773,1.0156,0,Microsoft market update,1.0,0,0.0068
2024-10-15,413.0,18900200,Microsoft,MSFT,-0.001,0.1349,1.0174,0,Microsoft market update,1.0,0,0.001
2024-10-16,410.42,15508900,Microsoft,MSFT,-0.0063,-0.1794,1.0143,1,Microsoft market update,1.0,0,0.0062
2024-10-17,411.01,14820000,Microsoft,MSFT,0.0014,-0.0444,1.0166,1,Microsoft market update,1.0,0,0.0014
2024-10-18,412.43,17145300,Microsoft,MSFT,0.0035,0.1569,1.0081,1,Microsoft market update,1.0,0,0.0035
2024-10-21,413.04,14206100,Microsoft,MSFT,0.0015,-0.1714,1.0126,1,Microsoft market update,1.0,0,0.0015
2024-10-22,421.65,25482200,Microsoft,MSFT,0.0208,0.7938,1.03,0,Microsoft market update,1.0,0,0.0208
2024-10-23,418.78,19654400,Microsoft,MSFT,-0.0068,-0.2287,1.0202,1,Microsoft market update,1.0,0,0.0068
2024-10-24,418.91,13581600,Microsoft,MSFT,0.0003,-0.309,1.0085,1,Microsoft market update,1.0,0,0.0003
2024-10-25,422.29,16899100,Microsoft,MSFT,0.0081,0.2443,1.0139,0,Microsoft market update,1.0,0,0.0081
2024-10-28,420.75,14882400,Microsoft,MSFT,-0.0036,-0.1193,1.0132,1,Microsoft market update,1.0,0,0.0036
2024-10-29,426.03,17644100,Microsoft,MSFT,0.0126,0.1856,1.0173,1,Microsoft market update,1.0,0,0.0125
2024-10-30,426.61,29749100,Microsoft,MSFT,0.0013,0.6861,1.0148,0,Microsoft market update,1.0,0,0.0014
2024-10-31,400.78,53971000,Microsoft,MSFT,-0.0605,0.8142,1.0243,1,Microsoft market update,1.0,0,0.0605
2024-11-01,404.75,24230400,Microsoft,MSFT,0.0099,-0.551,1.0196,0,Microsoft market update,1.0,0,0.0099
2024-11-04,402.86,19672300,Microsoft,MSFT,-0.0047,-0.1881,1.012,1,Microsoft market update,1.0,0,0.0047
2024-11-05,405.82,17626000,Microsoft,MSFT,0.0073,-0.104,1.0167,1,Microsoft market update,1.0,0,0.0073
2024-11-06,414.42,26681800,Microsoft,MSFT,0.0212,0.5138,1.0242,1,Microsoft market update,1.0,0,0.0212
2024-11-07,419.6,19901800,Microsoft,MSFT,0.0125,-0.2541,1.0166,0,Microsoft market update,1.0,0,0.0125
2024-11-08,416.75,16891400,Microsoft,MSFT,-0.0068,-0.1513,1.0112,0,Microsoft market update,1.0,0,0.0068
2024-11-11,412.28,24503300,Microsoft,MSFT,-0.0107,0.4506,1.0212,1,Microsoft market update,1.0,0,0.0107
2024-11-12,417.24,19401200,Microsoft,MSFT,0.012,-0.2082,1.0174,1,Microsoft market update,1.0,0,0.012
2024-11-13,419.38,21502200,Microsoft,MSFT,0.0051,0.1083,1.0266,1,Microsoft market update,1.0,0,0.0051
2024-11-14,421.04,30246900,Microsoft,MSFT,0.004,0.4067,1.0195,0,Microsoft market update,1.0,0,0.004
2024-11-15,409.32,28247600,Microsoft,MSFT,-0.0279,-0.0661,1.0221,1,Microsoft market update,1.0,0,0.0278
2024-11-18,410.06,24727000,Microsoft,MSFT,0.0018,-0.1246,1.0153,1,Microsoft market update,1.0,0,0.0018
2024-11-19,412.07,18133500,Microsoft,MSFT,0.0049,-0.2667,1.0155,0,Microsoft market update,1.0,0,0.0049
2024-11-20,409.8,19191700,Microsoft,MSFT,-0.0055,0.0584,1.0163,0,Microsoft market update,1.0,0,0.0055
2024-11-21,408.03,20780200,Microsoft,MSFT,-0.0043,0.0828,1.0231,1,Microsoft market update,1.0,0,0.0043
2024-11-22,412.11,24814600,Microsoft,MSFT,0.01,0.1941,1.0154,1,Microsoft market update,1.0,0,0.01
2024-11-25,413.88,27691100,Microsoft,MSFT,0.0043,0.1159,1.015,1,Microsoft market update,1.0,0,0.0043
2024-11-26,422.97,23458900,Microsoft,MSFT,0.022,-0.1528,1.0243,0,Microsoft market update,1.0,0,0.022
2024-11-27,418.03,18332400,Microsoft,MSFT,-0.0117,-0.2185,1.0123,1,Microsoft market update,1.0,0,0.0117
2024-11-29,418.5,16271900,Microsoft,MSFT,0.0011,-0.1124,1.0169,1,Microsoft market update,1.0,0,0.0011
2024-12-02,425.93,20207200,Microsoft,MSFT,0.0178,0.2418,1.0277,1,Microsoft market update,1.0,0,0.0178
2024-12-03,426.14,18302000,Microsoft,MSFT,0.0005,-0.0943,1.0111,1,Microsoft market update,1.0,0,0.0005
2024-12-04,432.29,26009400,Microsoft,MSFT,0.0144,0.4211,1.0163,1,Microsoft market update,1.0,0,0.0144
2024-12-05,437.43,21697800,Microsoft,MSFT,0.0119,-0.1658,1.0195,1,Microsoft market update,1.0,0,0.0119
2024-12-06,438.37,18821000,Microsoft,MSFT,0.0021,-0.1326,1.0098,1,Microsoft market update,1.0,0,0.0021
2024-12-09,440.79,19144400,Microsoft,MSFT,0.0055,0.0172,1.0178,0,Microsoft market update,1.0,0,0.0055
2024-12-10,438.13,18469500,Microsoft,MSFT,-0.006,-0.0353,1.0182,1,Microsoft market update,1.0,0,0.006
2024-12-11,443.73,19200200,Microsoft,MSFT,0.0128,0.0396,1.0142,1,Microsoft market update,1.0,0,0.0128
2024-12-12,444.29,20834800,Microsoft,MSFT,0.0013,0.0851,1.0157,0,Microsoft market update,1.0,0,0.0013
2024-12-13,442.03,20177800,Microsoft,MSFT,-0.0051,-0.0315,1.0131,1,Microsoft market update,1.0,0,0.0051
2024-12-16,446.3,23598800,Microsoft,MSFT,0.0097,0.1695,1.0155,1,Microsoft market update,1.0,0,0.0097
2024-12-17,449.13,22733500,Microsoft,MSFT,0.0064,-0.0367,1.0127,0,Microsoft market update,1.0,0,0.0063
2024-12-18,432.26,24444500,Microsoft,MSFT,-0.0376,0.0753,1.0358,0,Microsoft market update,1.0,0,0.0376
2024-12-19,431.91,22963700,Microsoft,MSFT,-0.0008,-0.0606,1.0157,0,Microsoft market update,1.0,0,0.0008
2024-12-20,431.48,64263700,Microsoft,MSFT,-0.001,1.7985,1.0353,0,Microsoft market update,1.0,0,0.001
2024-12-23,430.15,19152500,Microsoft,MSFT,-0.0031,-0.702,1.0111,1,Microsoft market update,1.0,0,0.0031
2024-12-24,434.18,7164500,Microsoft,MSFT,0.0094,-0.6259,1.0125,0,Microsoft market update,1.0,0,0.0094
2024-12-26,432.97,8194200,Microsoft,MSFT,-0.0028,0.1437,1.0099,0,Microsoft market update,1.0,0,0.0028
2024-12-27,425.48,18117700,Microsoft,MSFT,-0.0173,1.211,1.0208,0,Microsoft market update,1.0,0,0.0173
2024-12-30,419.85,13158700,Microsoft,MSFT,-0.0132,-0.2737,1.0134,0,Microsoft market update,1.0,0,0.0132
2024-12-31,416.56,13246500,Microsoft,MSFT,-0.0078,0.0067,1.0144,0,Microsoft market update,1.0,0,0.0078
2025-01-02,413.67,16896500,Microsoft,MSFT,-0.0069,0.2755,1.027,1,Microsoft market update,1.0,0,0.0069
2025-01-03,418.39,16662900,Microsoft,MSFT,0.0114,-0.0138,1.0107,1,Microsoft market update,1.0,0,0.0114
2025-01-06,422.83,20573600,Microsoft,MSFT,0.0106,0.2347,1.0208,0,Microsoft market update,1.0,0,0.0106
2025-01-07,417.42,18139100,Microsoft,MSFT,-0.0128,-0.1183,1.0234,1,Microsoft market update,1.0,0,0.0128
2025-01-08,419.58,15054600,Microsoft,MSFT,0.0052,-0.17,1.0129,0,Microsoft market update,1.0,0,0.0052
2025-01-10,414.04,20201100,Microsoft,MSFT,-0.0132,0.3419,1.0233,0,Microsoft market update,1.0,0,0.0132
2025-01-13,412.3,17604800,Microsoft,MSFT,-0.0042,-0.1285,1.0151,0,Microsoft market update,1.0,0,0.0042
2025-01-14,410.8,16935900,Microsoft,MSFT,-0.0036,-0.038,1.022,1,Microsoft market update,1.0,0,0.0036
2025-01-15,421.31,19637800,Microsoft,MSFT,0.0256,0.1595,1.0236,0,Microsoft market update,1.0,0,0.0256
2025-01-16,419.6,15300000,Microsoft,MSFT,-0.0041,-0.2209,1.012,1,Microsoft market update,1.0,0,0.0041
2025-01-17,424.0,26197500,Microsoft,MSFT,0.0105,0.7123,1.0147,0,Microsoft market update,1.0,0,0.0105
2025-01-21,423.48,26085700,Microsoft,MSFT,-0.0012,-0.0043,1.0125,1,Microsoft market update,1.0,0,0.0012
2025-01-22,440.97,27803800,Microsoft,MSFT,0.0413,0.0659,1.0258,1,Microsoft market update,1.0,0,0.0413
2025-01-23,441.47,18389300,Microsoft,MSFT,0.0011,-0.3386,1.0119,0,Microsoft market update,1.0,0,0.0011
2025-01-24,438.85,15549500,Microsoft,MSFT,-0.0059,-0.1544,1.0119,0,Microsoft market update,1.0,0,0.0059
2025-01-27,429.47,35647800,Microsoft,MSFT,-0.0214,1.2925,1.0276,1,Microsoft market update,1.0,0,0.0214
2025-01-28,441.96,23491700,Microsoft,MSFT,0.0291,-0.341,1.0394,0,Microsoft market update,1.0,0,0.0291
2025-01-29,437.14,23581400,Microsoft,MSFT,-0.0109,0.0038,1.0147,0,Microsoft market update,1.0,0,0.0109
2025-01-30,410.12,54586300,Microsoft,MSFT,-0.0618,1.3148,1.0235,1,Microsoft market update,1.0,0,0.0618
2025-01-31,410.19,34161900,Microsoft,MSFT,0.0002,-0.3742,1.0139,0,Microsoft market update,1.0,0,0.0002
2025-02-03,406.1,25679100,Microsoft,MSFT,-0.01,-0.2483,1.0165,1,Microsoft market update,1.0,0,0.01
2025-02-04,407.54,20532100,Microsoft,MSFT,0.0035,-0.2004,1.0102,1,Microsoft market update,1.0,0,0.0035
2025-02-05,408.44,16316700,Microsoft,MSFT,0.0022,-0.2053,1.0084,1,Microsoft market update,1.0,0,0.0022
2025-02-06,410.95,16309800,Microsoft,MSFT,0.0061,-0.0004,1.0101,0,Microsoft market update,1.0,0,0.0061
2025-02-07,404.95,22886800,Microsoft,MSFT,-0.0146,0.4033,1.0259,1,Microsoft market update,1.0,0,0.0146
2025-02-10,407.39,20817900,Microsoft,MSFT,0.006,-0.0904,1.011,0,Microsoft market update,1.0,0,0.006
2025-02-11,406.62,18140600,Microsoft,MSFT,-0.0019,-0.1286,1.0078,0,Microsoft market update,1.0,0,0.0019
2025-02-12,404.24,19121700,Microsoft,MSFT,-0.0058,0.0541,1.0158,1,Microsoft market update,1.0,0,0.0059
2025-02-13,405.73,23891700,Microsoft,MSFT,0.0037,0.2495,1.0114,0,Microsoft market update,1.0,0,0.0037
2025-02-14,403.64,22758500,Microsoft,MSFT,-0.0051,-0.0474,1.0075,1,Microsoft market update,1.0,0,0.0052
2025-02-18,404.84,21423100,Microsoft,MSFT,0.003,-0.0587,1.0101,1,Microsoft market update,1.0,0,0.003
2025-02-19,409.91,24114200,Microsoft,MSFT,0.0125,0.1256,1.0192,1,Microsoft market update,1.0,0,0.0125
2025-02-20,412.08,23508700,Microsoft,MSFT,0.0053,-0.0251,1.0164,0,Microsoft market update,1.0,0,0.0053
2025-02-21,404.23,27524800,Microsoft,MSFT,-0.019,0.1708,1.0249,0,Microsoft market update,1.0,0,0.019
2025-02-24,400.06,26443700,Microsoft,MSFT,-0.0103,-0.0393,1.0252,0,Microsoft market update,1.0,0,0.0103
2025-02-25,394.02,29387400,Microsoft,MSFT,-0.0151,0.1113,1.0132,1,Microsoft market update,1.0,0,0.0151
2025-02-26,395.84,19619000,Microsoft,MSFT,0.0046,-0.3324,1.0237,0,Microsoft market update,1.0,0,0.0046
2025-02-27,388.71,21127400,Microsoft,MSFT,-0.018,0.0769,1.0346,1,Microsoft market update,1.0,0,0.018
2025-02-28,393.12,32845700,Microsoft,MSFT,0.0114,0.5546,1.0286,0,Microsoft market update,1.0,0,0.0113
2025-03-03,384.71,23007700,Microsoft,MSFT,-0.0214,-0.2995,1.0328,1,Microsoft market update,1.0,0,0.0214
2025-03-04,384.82,29342900,Microsoft,MSFT,0.0003,0.2754,1.0304,1,Microsoft market update,1.0,0,0.0003
2025-03-05,397.11,23433100,Microsoft,MSFT,0.0319,-0.2014,1.0331,0,Microsoft market update,1.0,0,0.0319
2025-03-06,393.02,23304600,Microsoft,MSFT,-0.0103,-0.0055,1.0241,0,Microsoft market update,1.0,0,0.0103
2025-03-07,389.48,22034100,Microsoft,MSFT,-0.009,-0.0545,1.024,0,Microsoft market update,1.0,0,0.009
2025-03-10,376.46,32840100,Microsoft,MSFT,-0.0334,0.4904,1.0243,1,Microsoft market update,1.0,0,0.0334
2025-03-11,376.74,30380200,Microsoft,MSFT,0.0008,-0.0749,1.0241,1,Microsoft market update,1.0,0,0.0007
2025-03-12,379.54,24253600,Microsoft,MSFT,0.0074,-0.2017,1.0165,0,Microsoft market update,1.0,0,0.0074
2025-03-13,375.08,20473000,Microsoft,MSFT,-0.0117,-0.1559,1.0209,1,Microsoft market update,1.0,0,0.0118
2025-03-14,384.77,19952800,Microsoft,MSFT,0.0258,-0.0254,1.0282,1,Microsoft market update,1.0,0,0.0258
2025-03-17,384.91,22474300,Microsoft,MSFT,0.0004,0.1264,1.0185,0,Microsoft market update,1.0,0,0.0004
2025-03-18,379.78,19486900,Microsoft,MSFT,-0.0133,-0.1329,1.0165,1,Microsoft market update,1.0,0,0.0133
2025-03-19,384.04,19185500,Microsoft,MSFT,0.0112,-0.0155,1.0148,0,Microsoft market update,1.0,0,0.0112
2025-03-20,383.07,18470500,Microsoft,MSFT,-0.0025,-0.0373,1.0222,1,Microsoft market update,1.0,0,0.0025
2025-03-21,387.45,39675900,Microsoft,MSFT,0.0114,1.1481,1.0234,1,Microsoft market update,1.0,0,0.0114
2025-03-24,389.25,21004500,Microsoft,MSFT,0.0047,-0.4706,1.0143,1,Microsoft market update,1.0,0,0.0046
2025-03-25,391.31,15775000,Microsoft,MSFT,0.0053,-0.249,1.0095,0,Microsoft market update,1.0,0,0.0053
2025-03-26,386.17,16108400,Microsoft,MSFT,-0.0131,0.0211,1.0173,1,Microsoft market update,1.0,0,0.0131
2025-03-27,386.77,13766800,Microsoft,MSFT,0.0016,-0.1454,1.0125,0,Microsoft market update,1.0,0,0.0016
2025-03-28,375.11,21632000,Microsoft,MSFT,-0.0302,0.5713,1.0324,0,Microsoft market update,1.0,0,0.0301
2025-03-31,371.73,35184700,Microsoft,MSFT,-0.009,0.6265,1.0268,1,Microsoft market update,1.0,0,0.009
2025-04-01,378.47,19689500,Microsoft,MSFT,0.0181,-0.4404,1.0258,0,Microsoft market update,1.0,0,0.0181
2025-04-02,378.42,16092600,Microsoft,MSFT,-0.0001,-0.1827,1.0225,0,Microsoft market update,1.0,0,0.0001
2025-04-03,369.48,30198000,Microsoft,MSFT,-0.0236,0.8765,1.022,0,Microsoft market update,1.0,0,0.0236
2025-04-04,356.33,49209900,Microsoft,MSFT,-0.0356,0.6296,1.042,0,Microsoft market update,1.0,0,0.0356
2025-04-07,354.37,50425000,Microsoft,MSFT,-0.0055,0.0247,1.076,0,Microsoft market update,1.0,0,0.0055
2025-04-08,351.11,35868900,Microsoft,MSFT,-0.0092,-0.2887,1.0668,1,Microsoft market update,1.0,0,0.0092
2025-04-09,386.69,50199700,Microsoft,MSFT,0.1013,0.3995,1.1137,0,Microsoft market update,1.0,0,0.1013
2025-04-10,377.63,38024400,Microsoft,MSFT,-0.0234,-0.2425,1.0438,1,Microsoft market update,1.0,0,0.0234
2025-04-11,384.67,23839200,Microsoft,MSFT,0.0186,-0.3731,1.0295,0,Microsoft market update,1.0,0,0.0186
2025-04-14,384.03,19251200,Microsoft,MSFT,-0.0016,-0.1925,1.0272,0,Microsoft market update,1.0,0,0.0017
2025-04-15,381.97,17199900,Microsoft,MSFT,-0.0054,-0.1066,1.0201,0,Microsoft market update,1.0,0,0.0054
2025-04-16,367.99,21967800,Microsoft,MSFT,-0.0366,0.2772,1.037,0,Microsoft market update,1.0,0,0.0366
2025-04-17,364.2,21120200,Microsoft,MSFT,-0.0103,-0.0386,1.0203,0,Microsoft market update,1.0,0,0.0103
2025-04-21,355.62,20807300,Microsoft,MSFT,-0.0235,-0.0148,1.0248,1,Microsoft market update,1.0,0,0.0236
2025-04-22,363.25,19485000,Microsoft,MSFT,0.0214,-0.0635,1.022,1,Microsoft market update,1.0,0,0.0215
2025-04-23,370.74,20545500,Microsoft,MSFT,0.0206,0.0544,1.0198,1,Microsoft market update,1.0,0,0.0206
2025-04-24,383.53,22232300,Microsoft,MSFT,0.0345,0.0821,1.0353,1,Microsoft market update,1.0,0,0.0345
2025-04-25,388.03,18973200,Microsoft,MSFT,0.0117,-0.1466,1.0197,0,Microsoft market update,1.0,0,0.0117
2025-04-28,387.35,16579400,Microsoft,MSFT,-0.0018,-0.1262,1.0158,1,Microsoft market update,1.0,0,0.0018
2025-04-29,390.2,14974000,Microsoft,MSFT,0.0074,-0.0968,1.0121,1,Microsoft market update,1.0,0,0.0074
2025-04-30,391.41,36461100,Microsoft,MSFT,0.0031,1.435,1.0318,1,Microsoft market update,1.0,0,0.0031
2025-05-01,421.26,58938100,Microsoft,MSFT,0.0763,0.6165,1.0285,1,Microsoft market update,1.0,0,0.0763
2025-05-02,431.04,30757400,Microsoft,MSFT,0.0232,-0.4781,1.022,1,Microsoft market update,1.0,0,0.0232
2025-05-05,431.92,20136100,Microsoft,MSFT,0.002,-0.3453,1.0171,0,Microsoft market update,1.0,0,0.002
2025-05-06,429.09,15104200,Microsoft,MSFT,-0.0066,-0.2499,1.0152,1,Microsoft market update,1.0,0,0.0066
2025-05-07,429.13,23295300,Microsoft,MSFT,0.0001,0.5423,1.0163,1,Microsoft market update,1.0,0,0.0001
2025-05-08,433.9,23491300,Microsoft,MSFT,0.0111,0.0084,1.0184,1,Microsoft market update,1.0,0,0.0111
2025-05-09,434.46,15324200,Microsoft,MSFT,0.0013,-0.3477,1.0111,1,Microsoft market update,1.0,0,0.0013
2025-05-12,444.88,22821900,Microsoft,MSFT,0.024,0.4893,1.0218,0,Microsoft market update,1.0,0,0.024
2025-05-13,444.76,23618800,Microsoft,MSFT,-0.0003,0.0349,1.0119,1,Microsoft market update,1.0,0,0.0003
2025-05-14,448.53,19902800,Microsoft,MSFT,0.0085,-0.1573,1.0129,1,Microsoft market update,1.0,0,0.0085
2025-05-15,449.54,21992300,Microsoft,MSFT,0.0023,0.105,1.0128,1,Microsoft market update,1.0,0,0.0023
2025-05-16,450.67,23849800,Microsoft,MSFT,0.0025,0.0845,1.0125,1,Microsoft market update,1.0,0,0.0025
2025-05-19,455.23,21336500,Microsoft,MSFT,0.0101,-0.1054,1.0195,0,Microsoft market update,1.0,0,0.0101
2025-05-20,454.54,15441800,Microsoft,MSFT,-0.0015,-0.2763,1.0088,0,Microsoft market update,1.0,0,0.0015
2025-05-21,448.98,19216900,Microsoft,MSFT,-0.0122,0.2445,1.0132,1,Microsoft market update,1.0,0,0.0122
2025-05-22,451.26,18025600,Microsoft,MSFT,0.0051,-0.062,1.014,0,Microsoft market update,1.0,0,0.0051
2025-05-23,446.61,16883500,Microsoft,MSFT,-0.0103,-0.0634,1.0106,1,Microsoft market update,1.0,0,0.0103
2025-05-27,457.04,20974300,Microsoft,MSFT,0.0233,0.2423,1.0106,0,Microsoft market update,1.0,0,0.0234
2025-05-28,453.74,17086300,Microsoft,MSFT,-0.0072,-0.1854,1.0122,1,Microsoft market update,1.0,0,0.0072
2025-05-29,455.05,13974800,Microsoft,MSFT,0.0029,-0.1821,1.0141,1,Microsoft market update,1.0,0,0.0029
2025-05-30,456.71,34770500,Microsoft,MSFT,0.0037,1.4881,1.0135,1,Microsoft market update,1.0,0,0.0036
2025-06-02,458.31,16626500,Microsoft,MSFT,0.0035,-0.5218,1.0114,1,Microsoft market update,1.0,0,0.0035
2025-06-03,459.3,15743800,Microsoft,MSFT,0.0022,-0.0531,1.0071,1,Microsoft market update,1.0,0,0.0022
2025-06-04,460.19,14162700,Microsoft,MSFT,0.0019,-0.1004,1.0058,1,Microsoft market update,1.0,0,0.0019
2025-06-05,463.97,20131700,Microsoft,MSFT,0.0082,0.4215,1.0121,1,Microsoft market update,1.0,0,0.0082
2025-06-06,466.65,15285600,Microsoft,MSFT,0.0058,-0.2407,1.0097,1,Microsoft market update,1.0,0,0.0058
2025-06-09,469.0,16469900,Microsoft,MSFT,0.005,0.0775,1.0103,0,Microsoft market update,1.0,0,0.005
2025-06-10,467.19,15375900,Microsoft,MSFT,-0.0039,-0.0664,1.0125,1,Microsoft market update,1.0,0,0.0039
2025-06-11,468.87,16399200,Microsoft,MSFT,0.0036,0.0666,1.0124,1,Microsoft market update,1.0,0,0.0036
2025-06-12,475.08,18950600,Microsoft,MSFT,0.0132,0.1556,1.0146,0,Microsoft market update,1.0,0,0.0132
2025-06-13,471.2,16814500,Microsoft,MSFT,-0.0082,-0.1127,1.0136,1,Microsoft market update,1.0,0,0.0082
2025-06-16,475.34,15626100,Microsoft,MSFT,0.0088,-0.0707,1.012,0,Microsoft market update,1.0,0,0.0088
2025-06-17,474.25,15414100,Microsoft,MSFT,-0.0023,-0.0136,1.0098,1,Microsoft market update,1.0,0,0.0023
2025-06-18,476.43,17526500,Microsoft,MSFT,0.0046,0.137,1.0138,0,Microsoft market update,1.0,0,0.0046
2025-06-20,473.62,37576200,Microsoft,MSFT,-0.0059,1.144,1.0138,1,Microsoft market update,1.0,0,0.0059
2025-06-23,482.15,24864000,Microsoft,MSFT,0.018,-0.3383,1.0323,1,Microsoft market update,1.0,0,0.018
2025-06-24,486.23,22305600,Microsoft,MSFT,0.0085,-0.1029,1.0104,1,Microsoft market update,1.0,0,0.0085
2025-06-25,488.37,17495100,Microsoft,MSFT,0.0044,-0.2157,1.0106,1,Microsoft market update,1.0,0,0.0044
2025-06-26,493.51,21578900,Microsoft,MSFT,0.0105,0.2334,1.0106,0,Microsoft market update,1.0,0,0.0105
2025-06-27,492.01,34539200,Microsoft,MSFT,-0.003,0.6006,1.0127,1,Microsoft market update,1.0,0,0.003
2025-06-30,493.47,28369000,Microsoft,MSFT,0.003,-0.1786,1.011,0,Microsoft market update,1.0,0,0.003
2025-07-01,488.15,19945400,Microsoft,MSFT,-0.0108,-0.2969,1.0144,0,Microsoft market update,1.0,0,0.0108
2025-07-02,487.2,16319600,Microsoft,MSFT,-0.002,-0.1818,1.0098,1,Microsoft market update,1.0,0,0.0019
2025-07-03,494.89,13984800,Microsoft,MSFT,0.0158,-0.1431,1.0136,0,Microsoft market update,1.0,0,0.0158
2025-07-07,493.78,13981600,Microsoft,MSFT,-0.0022,-0.0002,1.0071,0,Microsoft market update,1.0,0,0.0022
2025-07-08,492.68,11846600,Microsoft,MSFT,-0.0022,-0.1527,1.0083,1,Microsoft market update,1.0,0,0.0022
2025-07-09,499.52,18659500,Microsoft,MSFT,0.0139,0.5751,1.0141,0,Microsoft market update,1.0,0,0.0139
2025-07-10,497.51,16492100,Microsoft,MSFT,-0.004,-0.1162,1.0134,1,Microsoft market update,1.0,0,0.004
2025-07-11,499.33,16459500,Microsoft,MSFT,0.0037,-0.002,1.0145,0,Microsoft market update,1.0,0,0.0037
2025-07-14,499.03,12058800,Microsoft,MSFT,-0.0006,-0.2674,1.0059,1,Microsoft market update,1.0,0,0.0006
2025-07-15,501.81,14927200,Microsoft,MSFT,0.0056,0.2379,1.011,0,Microsoft market update,1.0,0,0.0056
2025-07-16,501.61,15154400,Microsoft,MSFT,-0.0004,0.0152,1.0096,1,Microsoft market update,1.0,0,0.0004
2025-07-17,507.65,17503100,Microsoft,MSFT,0.012,0.155,1.0153,0,Microsoft market update,1.0,0,0.012
2025-07-18,506.01,21209700,Microsoft,MSFT,-0.0032,0.2118,1.0142,1,Microsoft market update,1.0,0,0.0032
2025-07-21,506.02,14066800,Microsoft,MSFT,0.0,-0.3368,1.0129,0,Microsoft market update,1.0,0,0.0
2025-07-22,501.27,13868600,Microsoft,MSFT,-0.0094,-0.0141,1.0117,1,Microsoft market update,1.0,0,0.0094
2025-07-23,501.86,16396600,Microsoft,MSFT,0.0012,0.1823,1.0122,1,Microsoft market update,1.0,0,0.0012
2025-07-24,506.83,16107000,Microsoft,MSFT,0.0099,-0.0177,1.0126,1,Microsoft market update,1.0,0,0.0099
2025-07-25,509.64,19125700,Microsoft,MSFT,0.0055,0.1874,1.0155,0,Microsoft market update,1.0,0,0.0055
2025-07-28,508.44,14308000,Microsoft,MSFT,-0.0024,-0.2519,1.0096,1,Microsoft market update,1.0,0,0.0024
2025-07-29,508.51,16469200,Microsoft,MSFT,0.0001,0.151,1.0118,1,Microsoft market update,1.0,0,0.0001
2025-07-30,509.17,26380400,Microsoft,MSFT,0.0013,0.6018,1.0128,1,Microsoft market update,1.0,0,0.0013
2025-07-31,529.27,51617300,Microsoft,MSFT,0.0395,0.9567,1.0443,0,Microsoft market update,1.0,0,0.0395
2025-08-01,519.96,28977600,Microsoft,MSFT,-0.0176,-0.4386,1.0287,1,Microsoft market update,1.0,0,0.0176
2025-08-04,531.4,25349000,Microsoft,MSFT,0.022,-0.1252,1.0192,0,Microsoft market update,1.0,0,0.022
2025-08-05,523.57,19171600,Microsoft,MSFT,-0.0147,-0.2437,1.0191,0,Microsoft market update,1.0,0,0.0147
2025-08-06,520.78,21355700,Microsoft,MSFT,-0.0053,0.1139,1.0146,0,Microsoft market update,1.0,0,0.0053
2025-08-07,516.71,16079100,Microsoft,MSFT,-0.0078,-0.2471,1.0204,1,Microsoft market update,1.0,0,0.0078
2025-08-08,517.9,15531000,Microsoft,MSFT,0.0023,-0.0341,1.0101,0,Microsoft market update,1.0,0,0.0023
2025-08-11,517.64,20194400,Microsoft,MSFT,-0.0005,0.3003,1.0151,1,Microsoft market update,1.0,0,0.0005
2025-08-12,525.05,18667000,Microsoft,MSFT,0.0143,-0.0756,1.0158,0,Microsoft market update,1.0,0,0.0143
2025-08-13,516.45,19619200,Microsoft,MSFT,-0.0164,0.051,1.0257,1,Microsoft market update,1.0,0,0.0164
2025-08-14,518.34,20269100,Microsoft,MSFT,0.0036,0.0331,1.0112,0,Microsoft market update,1.0,0,0.0037
2025-08-15,516.05,25213300,Microsoft,MSFT,-0.0044,0.2439,1.0135,0,Microsoft market update,1.0,0,0.0044
2025-08-18,513.0,23760600,Microsoft,MSFT,-0.0059,-0.0576,1.0171,0,Microsoft market update,1.0,0,0.0059
2025-08-19,505.73,21481000,Microsoft,MSFT,-0.0142,-0.0959,1.013,0,Microsoft market update,1.0,0,0.0142
2025-08-20,501.71,27723000,Microsoft,MSFT,-0.0079,0.2906,1.013,0,Microsoft market update,1.0,0,0.0079
2025-08-21,501.07,18443300,Microsoft,MSFT,-0.0013,-0.3347,1.0098,1,Microsoft market update,1.0,0,0.0013
2025-08-22,504.04,24324200,Microsoft,MSFT,0.0059,0.3189,1.0166,0,Microsoft market update,1.0,0,0.0059
2025-08-25,501.09,21638600,Microsoft,MSFT,-0.0059,-0.1104,1.0081,0,Microsoft market update,1.0,0,0.0059
2025-08-26,498.88,30835700,Microsoft,MSFT,-0.0044,0.425,1.013,1,Microsoft market update,1.0,0,0.0044
2025-08-27,503.55,17277900,Microsoft,MSFT,0.0094,-0.4397,1.0148,1,Microsoft market update,1.0,0,0.0094
2025-08-28,506.43,18015600,Microsoft,MSFT,0.0057,0.0427,1.0111,0,Microsoft market update,1.0,0,0.0057
2025-08-29,503.5,20961600,Microsoft,MSFT,-0.0058,0.1635,1.0101,0,Microsoft market update,1.0,0,0.0058
2025-09-02,501.94,18128000,Microsoft,MSFT,-0.0031,-0.1352,1.0185,1,Microsoft market update,1.0,0,0.0031
2025-09-03,502.17,16345100,Microsoft,MSFT,0.0005,-0.0984,1.0109,1,Microsoft market update,1.0,0,0.0005
2025-09-04,504.77,15509500,Microsoft,MSFT,0.0052,-0.0511,1.0099,0,Microsoft market update,1.0,0,0.0052
2025-09-05,491.88,31994800,Microsoft,MSFT,-0.0255,1.0629,1.0398,1,Microsoft market update,1.0,0,0.0255
2025-09-08,495.06,16771000,Microsoft,MSFT,0.0065,-0.4758,1.0125,1,Microsoft market update,1.0,0,0.0065
2025-09-09,495.27,14410500,Microsoft,MSFT,0.0004,-0.1407,1.0091,1,Microsoft market update,1.0,0,0.0004
2025-09-10,497.22,21611800,Microsoft,MSFT,0.0039,0.4997,1.0131,1,Microsoft market update,1.0,0,0.0039
2025-09-11,497.86,18881600,Microsoft,MSFT,0.0013,-0.1263,1.0106,1,Microsoft market update,1.0,0,0.0013
2025-09-12,506.69,23624900,Microsoft,MSFT,0.0177,0.2512,1.0173,1,Microsoft market update,1.0,0,0.0177
2025-09-15,512.12,17143800,Microsoft,MSFT,0.0107,-0.2743,1.0167,0,Microsoft market update,1.0,0,0.0107
2025-09-16,505.84,19711900,Microsoft,MSFT,-0.0123,0.1498,1.017,1,Microsoft market update,1.0,0,0.0123
2025-09-17,506.81,15816600,Microsoft,MSFT,0.0019,-0.1976,1.0106,0,Microsoft market update,1.0,0,0.0019
2025-09-18,505.25,18913700,Microsoft,MSFT,-0.0031,0.1958,1.0107,1,Microsoft market update,1.0,0,0.0031
2025-09-19,514.67,52474100,Microsoft,MSFT,0.0186,1.7744,1.0176,0,Microsoft market update,1.0,0,0.0186
2025-09-22,511.21,20009300,Microsoft,MSFT,-0.0067,-0.6187,1.0101,0,Microsoft market update,1.0,0,0.0067
2025-09-23,506.03,19799600,Microsoft,MSFT,-0.0101,-0.0105,1.0144,1,Microsoft market update,1.0,0,0.0101
2025-09-24,506.94,13533700,Microsoft,MSFT,0.0018,-0.3165,1.011,0,Microsoft market update,1.0,0,0.0018
2025-09-25,503.84,15786500,Microsoft,MSFT,-0.0061,0.1665,1.0098,1,Microsoft market update,1.0,0,0.0061
2025-09-26,508.24,16213100,Microsoft,MSFT,0.0087,0.027,1.0144,1,Microsoft market update,1.0,0,0.0087
2025-09-29,511.36,17617800,Microsoft,MSFT,0.0061,0.0866,1.0157,1,Microsoft market update,1.0,0,0.0061
2025-09-30,514.69,19728200,Microsoft,MSFT,0.0065,0.1198,1.0167,1,Microsoft market update,1.0,0,0.0065
2025-10-01,516.44,22632300,Microsoft,MSFT,0.0034,0.1472,1.0172,0,Microsoft market update,1.0,0,0.0034
2025-10-02,512.49,21222900,Microsoft,MSFT,-0.0076,-0.0623,1.0214,1,Microsoft market update,1.0,0,0.0076
2025-10-03,514.09,15112300,Microsoft,MSFT,0.0031,-0.2879,1.0107,1,Microsoft market update,1.0,0,0.0031
2025-10-06,525.24,21388600,Microsoft,MSFT,0.0217,0.4153,1.0248,0,Microsoft market update,1.0,0,0.0217
2025-10-07,520.68,14615200,Microsoft,MSFT,-0.0087,-0.3167,1.016,1,Microsoft market update,1.0,0,0.0087
2025-10-08,521.55,13363400,Microsoft,MSFT,0.0017,-0.0857,1.0074,0,Microsoft market update,1.0,0,0.0017
2025-10-09,519.11,18343600,Microsoft,MSFT,-0.0047,0.3727,1.0134,0,Microsoft market update,1.0,0,0.0047
2025-10-10,507.74,24133800,Microsoft,MSFT,-0.0219,0.3157,1.0274,1,Microsoft market update,1.0,0,0.0219
2025-10-13,510.81,14284200,Microsoft,MSFT,0.006,-0.4081,1.0092,0,Microsoft market update,1.0,0,0.006
2025-10-14,510.34,14684300,Microsoft,MSFT,-0.0009,0.028,1.0183,0,Microsoft market update,1.0,0,0.0009
2025-10-15,510.2,14694700,Microsoft,MSFT,-0.0003,0.0007,1.0141,0,Microsoft market update,1.0,0,0.0003
2025-10-16,508.39,15559600,Microsoft,MSFT,-0.0035,0.0589,1.0172,1,Microsoft market update,1.0,0,0.0035
2025-10-17,510.35,19867800,Microsoft,MSFT,0.0039,0.2769,1.0161,1,Microsoft market update,1.0,0,0.0039
2025-10-20,513.54,14665600,Microsoft,MSFT,0.0063,-0.2618,1.0103,1,Microsoft market update,1.0,0,0.0063
2025-10-21,514.4,15586200,Microsoft,MSFT,0.0017,0.0628,1.011,1,Microsoft market update,1.0,0,0.0017
2025-10-22,517.26,18962700,Microsoft,MSFT,0.0056,0.2166,1.0145,1,Microsoft market update,1.0,0,0.0056
2025-10-23,517.28,14023500,Microsoft,MSFT,0.0,-0.2605,1.0103,1,Microsoft market update,1.0,0,0.0
2025-10-24,520.31,15532400,Microsoft,MSFT,0.0059,0.1076,1.0089,1,Microsoft market update,1.0,0,0.0059
2025-10-27,528.17,18734700,Microsoft,MSFT,0.0151,0.2062,1.0105,1,Microsoft market update,1.0,0,0.0151
2025-10-28,538.66,29986700,Microsoft,MSFT,0.0198,0.6006,1.0239,0,Microsoft market update,1.0,0,0.0199
2025-10-29,538.14,36023000,Microsoft,MSFT,-0.001,0.2013,1.0178,0,Microsoft market update,1.0,0,0.001
2025-10-30,522.45,41023100,Microsoft,MSFT,-0.0292,0.1388,1.0246,0,Microsoft market update,1.0,0,0.0292
2025-10-31,514.55,34006400,Microsoft,MSFT,-0.0151,-0.171,1.0276,0,Microsoft market update,1.0,0,0.0151
2025-11-03,513.78,22374700,Microsoft,MSFT,-0.0015,-0.342,1.0202,0,Microsoft market update,1.0,0,0.0015
2025-11-04,511.09,20958700,Microsoft,MSFT,-0.0052,-0.0633,1.0152,0,Microsoft market update,1.0,0,0.0052
2025-11-05,503.97,23024300,Microsoft,MSFT,-0.0139,0.0986,1.0163,0,Microsoft market update,1.0,0,0.0139
2025-11-06,493.97,27406500,Microsoft,MSFT,-0.0198,0.1903,1.0199,0,Microsoft market update,1.0,0,0.0198
2025-11-07,493.69,24019800,Microsoft,MSFT,-0.0006,-0.1236,1.0124,1,Microsoft market update,1.0,0,0.0006
2025-11-10,502.82,26101500,Microsoft,MSFT,0.0185,0.0867,1.0161,1,Microsoft market update,1.0,0,0.0185
2025-11-11,505.48,17980000,Microsoft,MSFT,0.0053,-0.3112,1.0144,1,Microsoft market update,1.0,0,0.0053
2025-11-12,507.92,26574900,Microsoft,MSFT,0.0048,0.478,1.0251,0,Microsoft market update,1.0,0,0.0048
2025-11-13,500.12,25273100,Microsoft,MSFT,-0.0154,-0.049,1.0244,1,Microsoft market update,1.0,0,0.0154
2025-11-14,506.97,28505700,Microsoft,MSFT,0.0137,0.1279,1.0285,0,Microsoft market update,1.0,0,0.0137
2025-11-17,504.3,19092800,Microsoft,MSFT,-0.0053,-0.3302,1.0143,0,Microsoft market update,1.0,0,0.0053
2025-11-18,490.68,33815100,Microsoft,MSFT,-0.027,0.7711,1.0333,0,Microsoft market update,1.0,0,0.027
2025-11-19,484.05,23245300,Microsoft,MSFT,-0.0135,-0.3126,1.0256,0,Microsoft market update,1.0,0,0.0135
2025-11-20,476.31,26802500,Microsoft,MSFT,-0.016,0.153,1.038,0,Microsoft market update,1.0,0,0.016
2025-11-21,470.03,31769200,Microsoft,MSFT,-0.0132,0.1853,1.0227,1,Microsoft market update,1.0,0,0.0132
2025-11-24,471.9,34421000,Microsoft,MSFT,0.004,0.0835,1.019,1,Microsoft market update,1.0,0,0.004
2025-11-25,474.88,28019800,Microsoft,MSFT,0.0063,-0.186,1.0307,1,Microsoft market update,1.0,0,0.0063
2025-11-26,483.35,25709100,Microsoft,MSFT,0.0178,-0.0825,1.0148,1,Microsoft market update,1.0,0,0.0178
2025-11-28,489.83,14386700,Microsoft,MSFT,0.0134,-0.4404,1.0123,0,Microsoft market update,1.0,0,0.0134
2025-12-01,484.58,23964000,Microsoft,MSFT,-0.0107,0.6657,1.0108,1,Microsoft market update,1.0,0,0.0107
2025-12-02,487.83,19562700,Microsoft,MSFT,0.0067,-0.1837,1.0148,0,Microsoft market update,1.0,0,0.0067
2025-12-03,475.61,34615100,Microsoft,MSFT,-0.025,0.7694,1.019,1,Microsoft market update,1.0,0,0.025
2025-12-04,478.71,22318200,Microsoft,MSFT,0.0065,-0.3552,1.0101,1,Microsoft market update,1.0,0,0.0065
2025-12-05,481.02,22608700,Microsoft,MSFT,0.0048,0.013,1.0094,1,Microsoft market update,1.0,0,0.0048
2025-12-08,488.84,21965900,Microsoft,MSFT,0.0163,-0.0284,1.0164,1,Microsoft market update,1.0,0,0.0163
2025-12-09,489.84,14696100,Microsoft,MSFT,0.002,-0.331,1.0074,0,Microsoft market update,1.0,0,0.002
2025-12-10,476.44,35756200,Microsoft,MSFT,-0.0274,1.433,1.0193,1,Microsoft market update,1.0,0,0.0274
2025-12-11,481.33,24669200,Microsoft,MSFT,0.0103,-0.3101,1.0214,0,Microsoft market update,1.0,0,0.0103
2025-12-12,476.41,21248100,Microsoft,MSFT,-0.0102,-0.1387,1.0128,0,Microsoft market update,1.0,0,0.0102
2025-12-15,472.71,23727700,Microsoft,MSFT,-0.0078,0.1167,1.0174,1,Microsoft market update,1.0,0,0.0078
2025-12-16,474.28,20705600,Microsoft,MSFT,0.0033,-0.1274,1.0149,0,Microsoft market update,1.0,0,0.0033
2025-12-17,474.01,24527200,Microsoft,MSFT,-0.0006,0.1846,1.0105,1,Microsoft market update,1.0,0,0.0006
2025-12-18,481.83,28573500,Microsoft,MSFT,0.0165,0.165,1.0245,1,Microsoft market update,1.0,0,0.0165
2025-12-19,483.77,70836100,Microsoft,MSFT,0.004,1.4791,1.0111,0,Microsoft market update,1.0,0,0.004
2025-12-22,482.77,16963000,Microsoft,MSFT,-0.0021,-0.7605,1.0125,1,Microsoft market update,1.0,0,0.0021
2025-12-23,484.69,14683600,Microsoft,MSFT,0.004,-0.1344,1.0064,1,Microsoft market update,1.0,0,0.004
2025-12-24,485.86,5855900,Microsoft,MSFT,0.0024,-0.6012,1.0089,0,Microsoft market update,1.0,0,0.0024
2025-12-26,485.55,8842200,Microsoft,MSFT,-0.0006,0.51,1.0044,0,Microsoft market update,1.0,0,0.0006
2025-12-29,484.94,10893400,Microsoft,MSFT,-0.0013,0.232,1.0086,1,Microsoft market update,1.0,0,0.0013
2025-12-30,485.32,13944500,Microsoft,MSFT,0.0008,0.2801,1.0086,0,Microsoft market update,1.0,0,0.0008
2025-12-31,481.48,15601600,Microsoft,MSFT,-0.0079,0.1188,1.01,0,Microsoft market update,1.0,0,0.0079
2026-01-02,470.84,25571600,Microsoft,MSFT,-0.0221,0.639,1.0308,0,Microsoft market update,1.0,0,0.0221
2026-01-05,470.75,25250300,Microsoft,MSFT,-0.0002,-0.0126,1.014,1,Microsoft market update,1.0,0,0.0002
2026-01-06,476.39,23037700,Microsoft,MSFT,0.012,-0.0876,1.0191,1,Microsoft market update,1.0,0,0.012
2026-01-07,481.33,25564200,Microsoft,MSFT,0.0104,0.1097,1.0246,0,Microsoft market update,1.0,0,0.0104
2026-01-08,475.99,18162600,Microsoft,MSFT,-0.0111,-0.2895,1.0143,1,Microsoft market update,1.0,0,0.0111
2026-01-09,477.16,18491000,Microsoft,MSFT,0.0024,0.0181,1.0161,0,Microsoft market update,1.0,0,0.0025
2026-01-12,475.06,23519900,Microsoft,MSFT,-0.0044,0.272,1.0112,0,Microsoft market update,1.0,0,0.0044
2026-01-13,468.58,28545800,Microsoft,MSFT,-0.0136,0.2137,1.0211,0,Microsoft market update,1.0,0,0.0136
2026-01-14,457.34,28184300,Microsoft,MSFT,-0.024,-0.0127,1.0241,0,Microsoft market update,1.0,0,0.024
2026-01-15,454.64,23225800,Microsoft,MSFT,-0.0059,-0.1759,1.0183,1,Microsoft market update,1.0,0,0.0059
2026-01-16,457.82,34246700,Microsoft,MSFT,0.007,0.4745,1.0147,0,Microsoft market update,1.0,0,0.007
2026-01-20,452.5,26130000,Microsoft,MSFT,-0.0116,-0.237,1.0167,0,Microsoft market update,1.0,0,0.0116
2026-01-21,442.14,37980500,Microsoft,MSFT,-0.0229,0.4535,1.0319,1,Microsoft market update,1.0,0,0.0229
2026-01-22,449.14,25349400,Microsoft,MSFT,0.0158,-0.3326,1.0183,1,Microsoft market update,1.0,0,0.0158
2026-01-23,463.88,38000200,Microsoft,MSFT,0.0328,0.4991,1.0457,1,Microsoft market update,1.0,0,0.0328
2026-01-26,468.19,29291200,Microsoft,MSFT,0.0093,-0.2292,1.0265,1,Microsoft market update,1.0,0,0.0093
2026-01-27,478.45,29213900,Microsoft,MSFT,0.0219,-0.0026,1.0205,1,Microsoft market update,1.0,0,0.0219
2026-01-28,479.49,36875400,Microsoft,MSFT,0.0022,0.2623,1.012,0,Microsoft market update,1.0,0,0.0022
2026-01-29,431.58,128855300,Microsoft,MSFT,-0.0999,2.4943,1.051,0,Microsoft market update,1.0,0,0.0999
2026-01-30,428.38,58566800,Microsoft,MSFT,-0.0074,-0.5455,1.0308,0,Microsoft market update,1.0,0,0.0074
2026-02-02,421.49,42219900,Microsoft,MSFT,-0.0161,-0.2791,1.0201,0,Microsoft market update,1.0,0,0.0161
2026-02-03,409.39,61424100,Microsoft,MSFT,-0.0287,0.4549,1.033,1,Microsoft market update,1.0,0,0.0287
2026-02-04,412.35,45012400,Microsoft,MSFT,0.0072,-0.2672,1.0258,0,Microsoft market update,1.0,0,0.0072
2026-02-05,391.92,66289200,Microsoft,MSFT,-0.0495,0.4727,1.0407,1,Microsoft market update,1.0,0,0.0495
2026-02-06,399.36,53515300,Microsoft,MSFT,0.019,-0.1927,1.0226,1,Microsoft market update,1.0,0,0.019
2026-02-09,411.77,45480500,Microsoft,MSFT,0.0311,-0.1501,1.035,0,Microsoft market update,1.0,0,0.0311
2026-02-10,411.44,44857900,Microsoft,MSFT,-0.0008,-0.0137,1.0266,0,Microsoft market update,1.0,0,0.0008
2026-02-11,402.58,42491000,Microsoft,MSFT,-0.0215,-0.0528,1.0385,0,Microsoft market update,1.0,0,0.0215
2026-02-12,400.06,40802400,Microsoft,MSFT,-0.0063,-0.0397,1.0206,0,Microsoft market update,1.0,0,0.0063
2026-02-13,399.54,34091600,Microsoft,MSFT,-0.0013,-0.1645,1.0188,0,Microsoft market update,1.0,0,0.0013
2026-02-17,395.1,32078800,Microsoft,MSFT,-0.0111,-0.059,1.0152,1,Microsoft market update,1.0,0,0.0111
2026-02-18,397.83,23223400,Microsoft,MSFT,0.0069,-0.2761,1.0157,0,Microsoft market update,1.0,0,0.0069
2026-02-19,397.6,28234000,Microsoft,MSFT,-0.0006,0.2158,1.0196,0,Microsoft market update,1.0,0,0.0006
2026-02-20,396.37,34015200,Microsoft,MSFT,-0.0031,0.2048,1.0126,0,Microsoft market update,1.0,0,0.0031
2026-02-23,383.64,43238300,Microsoft,MSFT,-0.0321,0.2711,1.032,1,Microsoft market update,1.0,0,0.0321
2026-02-24,388.16,33884700,Microsoft,MSFT,0.0118,-0.2163,1.02,1,Microsoft market update,1.0,0,0.0118
2026-02-25,399.73,43625500,Microsoft,MSFT,0.0298,0.2875,1.029,1,Microsoft market update,1.0,0,0.0298
2026-02-26,400.85,34405900,Microsoft,MSFT,0.0028,-0.2113,1.0219,0,Microsoft market update,1.0,0,0.0028
2026-02-27,391.89,51367200,Microsoft,MSFT,-0.0224,0.493,1.0178,1,Microsoft market update,1.0,0,0.0224
2026-03-02,397.69,35474900,Microsoft,MSFT,0.0148,-0.3094,1.027,1,Microsoft market update,1.0,0,0.0148
2026-03-03,403.06,38199200,Microsoft,MSFT,0.0135,0.0768,1.0357,1,Microsoft market update,1.0,0,0.0135
2026-03-04,404.32,35808000,Microsoft,MSFT,0.0031,-0.0626,1.0268,1,Microsoft market update,1.0,0,0.0031
2026-03-05,409.79,39001300,Microsoft,MSFT,0.0135,0.0892,1.0178,0,Microsoft market update,1.0,0,0.0135
2026-03-06,408.08,31123900,Microsoft,MSFT,-0.0042,-0.202,1.0111,1,Microsoft market update,1.0,0,0.0042
2026-03-09,408.53,30131900,Microsoft,MSFT,0.0011,-0.0319,1.0166,0,Microsoft market update,1.0,0,0.0011
2026-03-10,404.88,31706400,Microsoft,MSFT,-0.0089,0.0523,1.018,0,Microsoft market update,1.0,0,0.0089
2026-03-11,404.0,25512100,Microsoft,MSFT,-0.0022,-0.1954,1.0185,0,Microsoft market update,1.0,0,0.0022
2026-03-12,400.99,27263900,Microsoft,MSFT,-0.0075,0.0687,1.011,0,Microsoft market update,1.0,0,0.0075
2026-03-13,394.7,26848000,Microsoft,MSFT,-0.0157,-0.0153,1.0268,1,Microsoft market update,1.0,0,0.0157
2026-03-16,399.09,27733700,Microsoft,MSFT,0.0111,0.033,1.0148,0,Microsoft market update,1.0,0,0.0111
2026-03-17,398.55,26228300,Microsoft,MSFT,-0.0014,-0.0543,1.0167,0,Microsoft market update,1.0,0,0.0014
2026-03-18,390.94,25908500,Microsoft,MSFT,-0.0191,-0.0122,1.0179,0,Microsoft market update,1.0,0,0.0191
2026-03-19,388.18,25138800,Microsoft,MSFT,-0.0071,-0.0297,1.014,0,Microsoft market update,1.0,0,0.0071
2026-03-20,381.04,50853200,Microsoft,MSFT,-0.0184,1.0229,1.0181,1,Microsoft market update,1.0,0,0.0184
2026-03-23,382.17,29680100,Microsoft,MSFT,0.003,-0.4164,1.0145,0,Microsoft market update,1.0,0,0.003
2026-03-24,371.93,42733600,Microsoft,MSFT,-0.0268,0.4398,1.0286,0,Microsoft market update,1.0,0,0.0268
2026-03-25,370.24,31181200,Microsoft,MSFT,-0.0046,-0.2703,1.0201,0,Microsoft market update,1.0,0,0.0045
2026-03-26,365.18,36836600,Microsoft,MSFT,-0.0137,0.1814,1.0261,0,Microsoft market update,1.0,0,0.0137
2026-03-27,356.0,37883400,Microsoft,MSFT,-0.0251,0.0284,1.0167,1,Microsoft market update,1.0,0,0.0251
2026-03-30,358.18,44797000,Microsoft,MSFT,0.0061,0.1825,1.0255,1,Microsoft market update,1.0,0,0.0061
2026-03-31,369.37,45244400,Microsoft,MSFT,0.0312,0.01,1.0271,0,Microsoft market update,1.0,0,0.0312
2026-04-01,368.57,29417200,Microsoft,MSFT,-0.0022,-0.3498,1.0157,1,Microsoft market update,1.0,0,0.0022
2026-04-02,372.65,24099100,Microsoft,MSFT,0.0111,-0.1808,1.0261,0,Microsoft market update,1.0,0,0.0111
2026-04-06,372.07,16146600,Microsoft,MSFT,-0.0016,-0.33,1.0114,0,Microsoft market update,1.0,0,0.0016
2026-04-07,371.49,21443300,Microsoft,MSFT,-0.0016,0.328,1.0161,1,Microsoft market update,1.0,0,0.0016
2026-04-08,373.52,33064800,Microsoft,MSFT,0.0055,0.542,1.0366,0,Microsoft market update,1.0,0,0.0055
2026-04-09,372.26,30435300,Microsoft,MSFT,-0.0034,-0.0795,1.0176,0,Microsoft market update,1.0,0,0.0034
2026-04-10,370.07,28111100,Microsoft,MSFT,-0.0059,-0.0764,1.0152,1,Microsoft market update,1.0,0,0.0059
2026-04-13,383.54,35745800,Microsoft,MSFT,0.0364,0.2716,1.0364,1,Microsoft market update,1.0,0,0.0364
2026-04-14,392.26,37504500,Microsoft,MSFT,0.0227,0.0492,1.0211,1,Microsoft market update,1.0,0,0.0227
2026-04-15,410.33,45063400,Microsoft,MSFT,0.0461,0.2015,1.0445,1,Microsoft market update,1.0,0,0.0461
2026-04-16,419.35,41642400,Microsoft,MSFT,0.022,-0.0759,1.0211,1,Microsoft market update,1.0,0,0.022
2026-04-17,421.88,48568200,Microsoft,MSFT,0.006,0.1663,1.0259,0,Microsoft market update,1.0,0,0.006
2026-04-20,417.17,27582200,Microsoft,MSFT,-0.0112,-0.4321,1.0169,1,Microsoft market update,1.0,0,0.0112
2026-04-21,423.24,32048500,Microsoft,MSFT,0.0146,0.1619,1.0239,1,Microsoft market update,1.0,0,0.0146
2026-04-22,431.98,29378200,Microsoft,MSFT,0.0207,-0.0833,1.0237,0,Microsoft market update,1.0,0,0.0207
2026-04-23,414.85,38308000,Microsoft,MSFT,-0.0397,0.304,1.0298,1,Microsoft market update,1.0,0,0.0397
2026-04-24,423.7,27457400,Microsoft,MSFT,0.0213,-0.2832,1.022,1,Microsoft market update,1.0,0,0.0213
2026-04-27,423.9,30867300,Microsoft,MSFT,0.0005,0.1242,1.0241,1,Microsoft market update,1.0,0,0.0005
2026-04-28,428.32,30438100,Microsoft,MSFT,0.0104,-0.0139,1.019,0,Microsoft market update,1.0,0,0.0104
2026-04-29,423.54,38288300,Microsoft,MSFT,-0.0112,0.2579,1.0155,0,Microsoft market update,1.0,0,0.0112
2026-04-30,406.9,70909400,Microsoft,MSFT,-0.0393,0.852,1.0412,1,Microsoft market update,1.0,0,0.0393
2026-05-01,413.54,31372400,Microsoft,MSFT,0.0163,-0.5576,1.0163,0,Microsoft market update,1.0,0,0.0163
2026-05-04,412.73,28066500,Microsoft,MSFT,-0.002,-0.1054,1.0243,0,Microsoft market update,1.0,0,0.002
2026-05-05,410.49,25700900,Microsoft,MSFT,-0.0054,-0.0843,1.0195,1,Microsoft market update,1.0,0,0.0054
2026-05-06,413.07,30285900,Microsoft,MSFT,0.0063,0.1784,1.0329,1,Microsoft market update,1.0,0,0.0063
2026-05-07,419.86,34942400,Microsoft,MSFT,0.0165,0.1538,1.022,0,Microsoft market update,1.0,0,0.0164
2026-05-08,414.22,33383800,Microsoft,MSFT,-0.0134,-0.0446,1.0112,0,Microsoft market update,1.0,0,0.0134
2026-05-11,411.77,35657900,Microsoft,MSFT,-0.0059,0.0681,1.0177,0,Microsoft market update,1.0,0,0.0059
2026-05-12,406.89,38594200,Microsoft,MSFT,-0.0119,0.0823,1.0218,0,Microsoft market update,1.0,0,0.0119
2026-05-13,404.33,29667100,Microsoft,MSFT,-0.0063,-0.2313,1.0132,1,Microsoft market update,1.0,0,0.0063
2026-05-14,408.55,27077500,Microsoft,MSFT,0.0104,-0.0873,1.0273,1,Microsoft market update,1.0,0,0.0104
2026-05-15,421.01,50771200,Microsoft,MSFT,0.0305,0.875,1.037,1,Microsoft market update,1.0,0,0.0305
2026-05-18,422.62,32564100,Microsoft,MSFT,0.0038,-0.3586,1.0229,0,Microsoft market update,1.0,0,0.0038
2026-05-19,416.52,33018700,Microsoft,MSFT,-0.0144,0.014,1.0389,1,Microsoft market update,1.0,0,0.0144
2026-05-20,420.15,27864000,Microsoft,MSFT,0.0087,-0.1561,1.0263,0,Microsoft market update,1.0,0,0.0087
2026-05-21,419.09,31393500,Microsoft,MSFT,-0.0025,0.1267,1.0256,0,Microsoft market update,1.0,0,0.0025
2026-05-22,418.57,22390300,Microsoft,MSFT,-0.0012,-0.2868,1.0194,0,Microsoft market update,1.0,0,0.0012
2026-05-26,416.03,30398000,Microsoft,MSFT,-0.0061,0.3576,1.0163,0,Microsoft market update,1.0,0,0.0061
2026-05-27,412.67,28901500,Microsoft,MSFT,-0.0081,-0.0492,1.0155,1,Microsoft market update,1.0,0,0.0081
2026-05-28,426.99,47250500,Microsoft,MSFT,0.0347,0.6349,1.0408,1,Microsoft market update,1.0,0,0.0347
2026-05-29,450.24,79654400,Microsoft,MSFT,0.0545,0.6858,1.0416,1,Microsoft market update,1.0,0,0.0545
2026-06-01,460.52,53628900,Microsoft,MSFT,0.0228,-0.3267,1.0176,0,Microsoft market update,1.0,0,0.0228
2026-06-02,441.31,37036800,Microsoft,MSFT,-0.0417,-0.3094,1.0297,0,Microsoft market update,1.0,0,0.0417
2026-06-03,427.34,39037000,Microsoft,MSFT,-0.0317,0.054,1.038,1,Microsoft market update,1.0,0,0.0317
2026-06-04,428.05,26899500,Microsoft,MSFT,0.0017,-0.3109,1.0228,0,Microsoft market update,1.0,0,0.0017
2026-06-05,416.67,34782200,Microsoft,MSFT,-0.0266,0.293,1.0364,0,Microsoft market update,1.0,0,0.0266
2026-06-08,411.74,32086700,Microsoft,MSFT,-0.0118,-0.0775,1.021,0,Microsoft market update,1.0,0,0.0118
2026-06-09,403.41,35317300,Microsoft,MSFT,-0.0202,0.1007,1.0339,0,Microsoft market update,1.0,0,0.0202
2026-06-10,397.36,32576000,Microsoft,MSFT,-0.015,-0.0776,1.0198,0,Microsoft market update,1.0,0,0.015
2026-06-11,390.34,47224100,Microsoft,MSFT,-0.0177,0.4497,1.0335,1,Microsoft market update,1.0,0,0.0177
2026-06-12,390.74,34865800,Microsoft,MSFT,0.001,-0.2617,1.0248,1,Microsoft market update,1.0,0,0.001
2026-06-15,399.76,32266400,Microsoft,MSFT,0.0231,-0.0746,1.0227,0,Microsoft market update,1.0,0,0.0231
2026-06-16,393.83,31506800,Microsoft,MSFT,-0.0148,-0.0235,1.0157,0,Microsoft market update,1.0,0,0.0148
2026-06-17,378.91,41987800,Microsoft,MSFT,-0.0379,0.3327,1.0346,1,Microsoft market update,1.0,0,0.0379
2026-06-18,379.4,59714200,Microsoft,MSFT,0.0013,0.4222,1.0217,0,Microsoft market update,1.0,0,0.0013
2026-06-22,367.34,45171100,Microsoft,MSFT,-0.0318,-0.2435,1.0397,1,Microsoft market update,1.0,0,0.0318
2026-06-23,373.94,40647600,Microsoft,MSFT,0.018,-0.1001,1.0177,0,Microsoft market update,1.0,0,0.018
2026-06-24,365.46,44509900,Microsoft,MSFT,-0.0227,0.095,1.0387,0,Microsoft market update,1.0,0,0.0227
2026-06-25,352.83,66179000,Microsoft,MSFT,-0.0346,0.4868,1.043,1,Microsoft market update,1.0,0,0.0346
2026-06-26,372.97,186201600,Microsoft,MSFT,0.0571,1.8136,1.0596,0,Microsoft market update,1.0,0,0.0571
2026-06-29,368.57,51229900,Microsoft,MSFT,-0.0118,-0.7249,1.0572,1,Microsoft market update,1.0,0,0.0118
2026-06-30,373.02,44945700,Microsoft,MSFT,0.0121,-0.1227,1.0182,1,Microsoft market update,1.0,0,0.0121
2026-07-01,384.28,48065800,Microsoft,MSFT,0.0302,0.0694,1.0372,1,Microsoft market update,1.0,0,0.0302
2026-07-02,390.49,42128900,Microsoft,MSFT,0.0162,-0.1235,1.0222,0,Microsoft market update,1.0,0,0.0162
2026-07-06,386.74,34224500,Microsoft,MSFT,-0.0096,-0.1876,1.0208,1,"International Business Machines ( NYSE : IBM ) Shares Down 2 . 4 % – What Next ?  | Are grocers making smart investments in back - end AI ?  | It a jam - packed afternoon of developments impacting 7 portfolio stocks | Amazon Just Gave Investors 25 Billion More Reasons to Buy AI Stocks | Promising Quantum Computing Stocks To Research – July 9th | 今夜 ！ 光通信 、 存储 、 芯片 ， 集体暴涨 |   物理AI第一股  来了 ！ 明星股东云集 ， 这些基石投资能力不一般 | Trump  Anti - Weaponization Fund  marks a pattern of trying to profit from the presidency | Meet the Growth ETF That Turned $1 , 000 Into $5 , 400 Over 10 Years . History Says the Next Decade Could Be Even Better .  | 2 Artificial Intelligence ( AI ) Memory Stocks to Buy Hand Over Fist in July | Christina Qi left a hedge fund trading $7 billion a day . Her new startup just raised $97 million | Nasdaq leads markets ahead as chips find favor again | AI利润延迟风险大 或拖累美股进入修正 - CFi . CN 中财网 | Lost Money on Microsoft Corporation ( MSFT )? Urged to Join Class Action ...  | Top Blockchain Stocks Worth Watching – July 9th | Cybersecurity Stocks To Research – July 9th | Zacks Flags Amazon ( NASDAQ : AMZN ), Walmart ( NYSE : WMT ) And American Express ( NYSE : AXP ) As Top Analyst Picks | Investors Buy Large Volume of Rackspace Technology Call Options ( NASDAQ : RXT ) ",18.0,0,0.0096
2026-07-07,388.84,29297500,Microsoft,MSFT,0.0054,-0.144,1.0189,0,"International Business Machines ( NYSE : IBM ) Shares Down 2 . 4 % – What Next ?  | Are grocers making smart investments in back - end AI ?  | It a jam - packed afternoon of developments impacting 7 portfolio stocks | Amazon Just Gave Investors 25 Billion More Reasons to Buy AI Stocks | Promising Quantum Computing Stocks To Research – July 9th | 今夜 ！ 光通信 、 存储 、 芯片 ， 集体暴涨 |   物理AI第一股  来了 ！ 明星股东云集 ， 这些基石投资能力不一般 | Trump  Anti - Weaponization Fund  marks a pattern of trying to profit from the presidency | Meet the Growth ETF That Turned $1 , 000 Into $5 , 400 Over 10 Years . History Says the Next Decade Could Be Even Better .  | 2 Artificial Intelligence ( AI ) Memory Stocks to Buy Hand Over Fist in July | Christina Qi left a hedge fund trading $7 billion a day . Her new startup just raised $97 million | Nasdaq leads markets ahead as chips find favor again | AI利润延迟风险大 或拖累美股进入修正 - CFi . CN 中财网 | Lost Money on Microsoft Corporation ( MSFT )? Urged to Join Class Action ...  | Top Blockchain Stocks Worth Watching – July 9th | Cybersecurity Stocks To Research – July 9th | Zacks Flags Amazon ( NASDAQ : AMZN ), Walmart ( NYSE : WMT ) And American Express ( NYSE : AXP ) As Top Analyst Picks | Investors Buy Large Volume of Rackspace Technology Call Options ( NASDAQ : RXT ) ",18.0,0,0.0054
2026-07-08,383.34,25908300,Microsoft,MSFT,-0.0141,-0.1157,1.0104,1,"International Business Machines ( NYSE : IBM ) Shares Down 2 . 4 % – What Next ?  | Are grocers making smart investments in back - end AI ?  | It a jam - packed afternoon of developments impacting 7 portfolio stocks | Amazon Just Gave Investors 25 Billion More Reasons to Buy AI Stocks | Promising Quantum Computing Stocks To Research – July 9th | 今夜 ！ 光通信 、 存储 、 芯片 ， 集体暴涨 |   物理AI第一股  来了 ！ 明星股东云集 ， 这些基石投资能力不一般 | Trump  Anti - Weaponization Fund  marks a pattern of trying to profit from the presidency | Meet the Growth ETF That Turned $1 , 000 Into $5 , 400 Over 10 Years . History Says the Next Decade Could Be Even Better .  | 2 Artificial Intelligence ( AI ) Memory Stocks to Buy Hand Over Fist in July | Christina Qi left a hedge fund trading $7 billion a day . Her new startup just raised $97 million | Nasdaq leads markets ahead as chips find favor again | AI利润延迟风险大 或拖累美股进入修正 - CFi . CN 中财网 | Lost Money on Microsoft Corporation ( MSFT )? Urged to Join Class Action ...  | Top Blockchain Stocks Worth Watching – July 9th | Cybersecurity Stocks To Research – July 9th | Zacks Flags Amazon ( NASDAQ : AMZN ), Walmart ( NYSE : WMT ) And American Express ( NYSE : AXP ) As Top Analyst Picks | Investors Buy Large Volume of Rackspace Technology Call Options ( NASDAQ : RXT ) ",18.0,0,0.0141
2026-07-09,384.36,31083200,Microsoft,MSFT,0.0027,0.1997,1.0303,1,"International Business Machines ( NYSE : IBM ) Shares Down 2 . 4 % – What Next ?  | Are grocers making smart investments in back - end AI ?  | It a jam - packed afternoon of developments impacting 7 portfolio stocks | Amazon Just Gave Investors 25 Billion More Reasons to Buy AI Stocks | Promising Quantum Computing Stocks To Research – July 9th | 今夜 ！ 光通信 、 存储 、 芯片 ， 集体暴涨 |   物理AI第一股  来了 ！ 明星股东云集 ， 这些基石投资能力不一般 | Trump  Anti - Weaponization Fund  marks a pattern of trying to profit from the presidency | Meet the Growth ETF That Turned $1 , 000 Into $5 , 400 Over 10 Years . History Says the Next Decade Could Be Even Better .  | 2 Artificial Intelligence ( AI ) Memory Stocks to Buy Hand Over Fist in July | Christina Qi left a hedge fund trading $7 billion a day . Her new startup just raised $97 million | Nasdaq leads markets ahead as chips find favor again | AI利润延迟风险大 或拖累美股进入修正 - CFi . CN 中财网 | Lost Money on Microsoft Corporation ( MSFT )? Urged to Join Class Action ...  | Top Blockchain Stocks Worth Watching – July 9th | Cybersecurity Stocks To Research – July 9th | Zacks Flags Amazon ( NASDAQ : AMZN ), Walmart ( NYSE : WMT ) And American Express ( NYSE : AXP ) As Top Analyst Picks | Investors Buy Large Volume of Rackspace Technology Call Options ( NASDAQ : RXT ) ",18.0,0,0.0027
2026-07-10,385.1,24612200,Microsoft,MSFT,0.0019,-0.2082,1.0273,0,"MSFT Investors Have Opportunity to Lead Microsoft Corporation Securities Fraud Lawsuit | Investors in Microsoft Corporation ( MSFT ): Protect Your Rights - Contact ...  | IonQ ( NYSE : IONQ ) Stock Price Down 4 . 2 % – What Next ?  | 10 Best Stocks to Buy in 2026 According to Billionaire D . E . Shaw | Lost Money on Microsoft Corporation ( MSFT )? Contact Levi & Korsinsky ...  | Stocks Climb on Strength in Chipmakers | 10 Best Up and Coming Stocks to Invest In Right Now | Will supplying compute at scale remain structurally attractive business ?  | AI投资推高负债规模 科技巨头债务负担过去五年翻倍增长 | VOO Just Crossed $1 Trillion . Here the Hidden Risk Nobody Pricing In | I Make Good Money But Have No Idea Where It Goes Each Month . Would Dave Ramsey Say I Need a Budget or Just More Discipline ?  | Will supplying compute at scale remain structurally attractive business ?  | Will supplying compute at scale remain structurally attractive business ?  | AI不是唯一贏家 ！ 國泰證曝3大資產 有望成下半年投資契機 | 財經 | 三立新聞網 SETN . COM | Big Tech doubles debt load to $350 billion in AI spending spree | Презадужена Америка изгубила поверење инвеститора , долар се све мање цени | Microsoft ( MSFT ) Stock Looks Cheap On Earnings While Cash Flow Drives Debate | 五家AI巨头举债3500亿美元 ， 7250亿资本开支引发市场担忧 | Will supplying compute at scale remain structurally attractive business ?  | 다음 AI전장은 사무에이전트 … 앤트로픽 · 오픈AI · 스페이스X 격돌 | 投资100亿美元 ！ Meta拟在加拿大建海外最大数据中心 | ServiceNow Stock Falls Friday : What Going On ? - ServiceNow ( NYSE : NOW )  | Big tech doubles debt load to $350 billion in AI spending spree | Why LLM Leaderboards No Longer Decide Enterprise AI Buying | Big tech doubles debt load to $350 billion in AI spending spree | Will supplying compute at scale remain structurally attractive business ?  | Will supplying compute at scale remain structurally attractive business ?  | Will supplying compute at scale remain structurally attractive business ?  | Will supplying compute at scale remain structurally attractive business ?  | 狂烧千亿美元 ！ AI落后的Meta ， 被中国科技大厂上了一课 | 美股芯片股普跌 ， 科技七巨头多数上涨 ， 黄金白银 、 国际油价全线下跌 | AI model mania and the new chip gold rush | Baystreet . ca - TSX Approaches Noon Negative | Baystreet . ca - Stocks Climb on Energy Strength | Baystreet . ca - Watch SK Hynix , Nebius , Meta and More | Microsoft ( NASDAQ : MSFT ) Price Target Lowered to $510 . 00 at Argus | Futures Flat As Traders Brace For Weekend Iran Escalation | Przegląd informacji z sektorów TMT i gamingowego – Inwestycje . pl | 晚报丨中国可回收火箭里程碑时刻 ！ 全国用电负荷15 . 18亿千瓦 ， 创历史新高 ； 全球进入石油储备  补库期 ； 马斯克又画太空殖民大饼 ； Meta计划2027年算力翻倍 ； 中信证券 ： 上半年净利润预增69 . 59 %； 宇树机器人做了台手术 ， 登上Nature _ 东方财富网 | As SK Hynix lands in the U . S ., here why investors should be wary of the chip sector  bubblelike  volatility | 3 Top Dividend ETFs Built for Long - Term Buy - and - Hold Investors | 大模型密集上新+重磅融资落地 AI应用强势爆发 融资客提前埋伏多股 ( 名单 )_ 证券要闻 _ 财经 _ 中金在线 | Trump Made 327 Stock Trades in Apple , Nvidia , and Other Tech Giants Before His Tariff Pause | The Four Fronts of the AI Race | What Is Agentic AI ? The Definitive Guide to Autonomous Systems | 3 Top Dividend ETFs Built for Long - Term Buy - and - Hold Investors | 科技巨头AI狂投 五年债务激增3500亿 - CFi . CN 中财网 | 智谱对标Anthropic还不够 | Trump Made 327 Stock Trades in Apple , Nvidia , and Other Tech Giants Before His Tariff Pause | Lansforsakringar Fondforvaltning AB publ Buys 15 , 951 Shares of Microsoft Corporation $MSFT | Lansforsakringar Fondforvaltning AB publ Has $998 . 48 Million Stock Holdings in Microsoft Corporation $MSFT | 智谱对标Anthropic还不够 - 钛媒体官方网站 | Chipmaker SK Hynix raises $26 . 5bn in US stock market debut | 2026 - 07 - 10 | Microsoft ( NASDAQ : MSFT ) Copilot Functionality Issues Trigger Securities Fraud Class Action - Investors Notified to Contact BFA Law about the Lawsuit | TSX : MSFT | AP Business SummaryBrief at 2 : 32 a . m . EDT | If I Had $10 , 000 to Invest Today , Here the Trillion - Dollar Stock Id Buy Instead of SpaceX | SemiAnalysis最新访谈 ： 存储还有翻倍空间 ， CPU只是配角 ， CPO落地推迟至2029年 | 海力士赴美IPO點燃AI熱情 費半暴漲5 ％ 台指期夜盤飆逾800點 - 財經 | 海力士赴美IPO點燃AI熱情 費半暴漲5 ％ 台指期夜盤飆逾800點 - 財經 | Stocks Weighed Down by Geopolitical Risks | Chip giant SK Hynix raises record $26 . 5bn in Nasdaq debut | Momenta敲钟 ， 恒旭资本的跃迁之路 | לא מודאג ממפולת ושופע מחמאות לישראל : משקיע העל ביל אקמן בראיון פתוח | AI终于赚钱了 ， 全球1100亿美元的真实收入 ， 为什么让人更不安 ？  |  [ 미국 ETF 히든 챔피언 ] ⑤  순도 100 % M7 압축 종결자 , MAGS | 隔夜美纳指涨中国资产股大涨 ， 大盘股跳水至年线科创板大涨 _ 中金在线财经号 | 伟大泡沫中的生存之道 - 虎嗅网 | 中国制造 ： 其势已成 - 虎嗅网 | Lost Money on Microsoft Corporation ( MSFT )? Contact Levi & Korsinsky ...  | AI獲利拐點要來了 ！ 華爾街名嘴喊 「 賣七雄犯大錯 」： 就等開第一槍 - 要聞 |  【 期指偉論 】 港股強勢突破兩萬四 候低Short Put騰訊 | 2026 - 07 - 09 | ROSEN , A RESPECTED AND LEADING FIRM , Encourages Microsoft Investors to Secure Counsel Before Important Deadline in Securities Class Action - MSFT | TSX : MSFT | 大模型密集上新+重磅融资落地 AI应用强势爆发 融资客提前埋伏多股 ( 名单 ) _ 东方财富网 | 中国大模型已抄了后路 ！ 硅谷最大的  鬼故事 ： 一旦AI回报速度放缓 …… _ 东方财富网 | 早报｜微信新增转账红包 「 一键直达 」 功能 / GPT - 5 . 6正式上线 / 小米澎程车内 「 可变大空间 」  | 中国大模型已抄了后路 ！ 硅谷最大的  鬼故事 ： 一旦AI回报速度放缓 ……  | 当费城半导体年内暴涨83 %， 而七巨头原地踏步 ， 华尔街顶级策略师集体喊  换牌   | 扎克伯格否认Meta算力过剩 ， 并称不知道业内有谁觉得自己的算力过剩 | 扎克伯格否认Meta算力过剩 ， 并称不知道业内有谁觉得自己的算力过剩 | The Coming Power War That Will Define the AI Era | 凌晨突变 ， 美伊谈判突传重磅 ， 美股 、 黄金 、 白银集体拉升 |   하이닉스가 삼전 역전시 고점  맞혔던 애널 … 현재 코스피는 저점   | Stocks and bonds bid while crude is sold as Trump said Iran wants to make a deal - Newsquawk US Market Wrap | AI投资进入  精耕时代 ！ 摩根大通 ： 一切交易皆成AI交易 ， 未来  怎么投  比  投不投  更关键 - 股票 - 金融界 | 芯片股气势如虹 ， 纳指劲升1 . 3 %， 闪迪涨7 . 59 %， 中概股涨跌互现 ， 国际油价回落 | 美股收盘 ： AI的光  再度闪耀 纳指涨超1 % 存储 、 光通信概念领涨|标普|科技股|纳斯达克",86.0,0,0.0019
2023-01-04,113.64,180389000,Tesla,TSLA,0.0512,-0.2205,1.0658,0,Tesla stock market financial update,1.0,0,0.7049
2023-01-05,110.34,157986300,Tesla,TSLA,-0.029,-0.1242,1.0428,1,Tesla stock market financial update,1.0,0,0.029
2023-01-06,113.06,220911100,Tesla,TSLA,0.0247,0.3983,1.1236,1,Tesla stock market financial update,1.0,0,0.0247
2023-01-09,119.77,190284000,Tesla,TSLA,0.0593,-0.1386,1.0547,0,Tesla market update,1.0,0,0.0593
2023-01-10,118.85,167642500,Tesla,TSLA,-0.0077,-0.119,1.0682,1,Tesla market update,1.0,0,0.0077
2023-01-11,123.22,183810800,Tesla,TSLA,0.0368,0.0964,1.0451,1,Tesla market update,1.0,0,0.0368
2023-01-12,123.56,169400900,Tesla,TSLA,0.0028,-0.0784,1.0609,0,Tesla market update,1.0,0,0.0028
2023-01-13,122.4,180714100,Tesla,TSLA,-0.0094,0.0668,1.0608,1,Tesla market update,1.0,0,0.0094
2023-01-17,131.49,186477000,Tesla,TSLA,0.0743,0.0319,1.0534,0,Tesla market update,1.0,0,0.0743
2023-01-18,128.78,195680300,Tesla,TSLA,-0.0206,0.0494,1.0761,0,Tesla market update,1.0,0,0.0206
2023-01-19,127.17,170291900,Tesla,TSLA,-0.0125,-0.1297,1.0457,1,Tesla market update,1.0,0,0.0125
2023-01-20,133.42,138858100,Tesla,TSLA,0.0491,-0.1846,1.0484,1,Tesla market update,1.0,0,0.0491
2023-01-23,143.75,203119200,Tesla,TSLA,0.0774,0.4628,1.0827,1,Tesla market update,1.0,0,0.0774
2023-01-24,143.89,158699100,Tesla,TSLA,0.001,-0.2187,1.0383,1,Tesla market update,1.0,0,0.001
2023-01-25,144.43,192734300,Tesla,TSLA,0.0038,0.2145,1.0604,1,Tesla market update,1.0,0,0.0038
2023-01-26,160.27,234815100,Tesla,TSLA,0.1097,0.2183,1.043,1,Tesla market update,1.0,0,0.1097
2023-01-27,177.9,306590600,Tesla,TSLA,0.11,0.3057,1.1211,0,Tesla market update,1.0,0,0.11
2023-01-30,166.66,230878800,Tesla,TSLA,-0.0632,-0.2469,1.0797,1,Tesla market update,1.0,0,0.0632
2023-01-31,173.22,196813500,Tesla,TSLA,0.0394,-0.1475,1.0708,1,Tesla market update,1.0,0,0.0394
2023-02-01,181.41,213806300,Tesla,TSLA,0.0473,0.0863,1.0817,1,Tesla market update,1.0,0,0.0473
2023-02-02,188.27,217448300,Tesla,TSLA,0.0378,0.017,1.0774,1,Tesla market update,1.0,0,0.0378
2023-02-03,189.98,232662000,Tesla,TSLA,0.0091,0.07,1.0833,1,Tesla market update,1.0,0,0.0091
2023-02-06,194.76,186188100,Tesla,TSLA,0.0252,-0.1997,1.0434,1,Tesla market update,1.0,0,0.0252
2023-02-07,196.81,186010300,Tesla,TSLA,0.0105,-0.001,1.0419,1,Tesla market update,1.0,0,0.0105
2023-02-08,201.29,180673600,Tesla,TSLA,0.0228,-0.0287,1.0447,1,Tesla market update,1.0,0,0.0228
2023-02-09,207.32,215431400,Tesla,TSLA,0.03,0.1924,1.0451,0,Tesla market update,1.0,0,0.03
2023-02-10,196.89,204754100,Tesla,TSLA,-0.0503,-0.0496,1.069,0,Tesla market update,1.0,0,0.0503
2023-02-13,194.64,172475500,Tesla,TSLA,-0.0114,-0.1576,1.0463,1,Tesla market update,1.0,0,0.0114
2023-02-14,209.25,216455700,Tesla,TSLA,0.0751,0.255,1.1076,1,Tesla market update,1.0,0,0.0751
2023-02-15,214.24,181006400,Tesla,TSLA,0.0238,-0.1638,1.0415,0,Tesla market update,1.0,0,0.0238
2023-02-16,202.04,229586500,Tesla,TSLA,-0.0569,0.2684,1.0783,1,Tesla market update,1.0,0,0.0569
2023-02-17,208.31,213738500,Tesla,TSLA,0.031,-0.069,1.0554,0,Tesla market update,1.0,0,0.031
2023-02-21,197.37,180018600,Tesla,TSLA,-0.0525,-0.1578,1.0633,1,Tesla market update,1.0,0,0.0525
2023-02-22,200.86,191828500,Tesla,TSLA,0.0177,0.0656,1.0532,1,Tesla market update,1.0,0,0.0177
2023-02-23,202.07,146360000,Tesla,TSLA,0.006,-0.237,1.0449,0,Tesla market update,1.0,0,0.006
2023-02-24,196.88,142228100,Tesla,TSLA,-0.0257,-0.0282,1.0253,1,Tesla market update,1.0,0,0.0257
2023-02-27,207.63,161028300,Tesla,TSLA,0.0546,0.1322,1.0405,0,Tesla market update,1.0,0,0.0546
2023-02-28,205.71,153144900,Tesla,TSLA,-0.0092,-0.049,1.0367,0,Tesla market update,1.0,0,0.0092
2023-03-01,202.77,156852800,Tesla,TSLA,-0.0143,0.0242,1.0437,0,Tesla market update,1.0,0,0.0143
2023-03-02,190.9,181500700,Tesla,TSLA,-0.0585,0.1571,1.0416,1,Tesla market update,1.0,0,0.0585
2023-03-03,197.79,154193300,Tesla,TSLA,0.0361,-0.1505,1.0394,0,Tesla market update,1.0,0,0.0361
2023-03-06,193.81,128100100,Tesla,TSLA,-0.0201,-0.1692,1.0328,0,Tesla market update,1.0,0,0.0201
2023-03-07,187.71,148125800,Tesla,TSLA,-0.0315,0.1563,1.0435,0,Tesla market update,1.0,0,0.0315
2023-03-08,182.0,151897800,Tesla,TSLA,-0.0304,0.0255,1.0361,0,Tesla market update,1.0,0,0.0304
2023-03-09,172.92,170023800,Tesla,TSLA,-0.0499,0.1193,1.0734,1,Tesla market update,1.0,0,0.0499
2023-03-10,173.44,191488900,Tesla,TSLA,0.003,0.1262,1.0585,1,Tesla market update,1.0,0,0.003
2023-03-13,174.48,167790300,Tesla,TSLA,0.006,-0.1238,1.082,1,Tesla market update,1.0,0,0.006
2023-03-14,183.26,143717900,Tesla,TSLA,0.0503,-0.1435,1.0376,0,Tesla market update,1.0,0,0.0503
2023-03-15,180.45,145995600,Tesla,TSLA,-0.0153,0.0158,1.0358,1,Tesla market update,1.0,0,0.0153
2023-03-16,184.13,121136800,Tesla,TSLA,0.0204,-0.1703,1.039,0,Tesla market update,1.0,0,0.0204
2023-03-17,180.13,133197100,Tesla,TSLA,-0.0217,0.0996,1.0501,1,Tesla market update,1.0,0,0.0217
2023-03-20,183.25,129684400,Tesla,TSLA,0.0173,-0.0264,1.0572,1,Tesla market update,1.0,0,0.0173
2023-03-21,197.58,153391400,Tesla,TSLA,0.0782,0.1828,1.053,0,Tesla market update,1.0,0,0.0782
2023-03-22,191.15,150376400,Tesla,TSLA,-0.0325,-0.0197,1.0509,1,Tesla market update,1.0,0,0.0325
2023-03-23,192.22,144193900,Tesla,TSLA,0.0056,-0.0411,1.0565,0,Tesla market update,1.0,0,0.0056
2023-03-24,190.41,116312400,Tesla,TSLA,-0.0094,-0.1934,1.0278,1,Tesla market update,1.0,0,0.0094
2023-03-27,191.81,120851600,Tesla,TSLA,0.0074,0.039,1.0392,0,Tesla market update,1.0,0,0.0074
2023-03-28,189.19,98654600,Tesla,TSLA,-0.0137,-0.1837,1.0373,1,Tesla market update,1.0,0,0.0137
2023-03-29,193.88,123660000,Tesla,TSLA,0.0248,0.2535,1.0309,1,Tesla market update,1.0,0,0.0248
2023-03-30,195.28,110252200,Tesla,TSLA,0.0072,-0.1084,1.015,1,Tesla market update,1.0,0,0.0072
2023-03-31,207.46,170222100,Tesla,TSLA,0.0624,0.5439,1.0537,0,Tesla market update,1.0,0,0.0624
2023-04-03,194.77,169545900,Tesla,TSLA,-0.0612,-0.004,1.0546,0,Tesla market update,1.0,0,0.0612
2023-04-04,192.58,126463800,Tesla,TSLA,-0.0112,-0.2541,1.0442,0,Tesla market update,1.0,0,0.0112
2023-04-05,185.52,133882500,Tesla,TSLA,-0.0367,0.0587,1.0377,0,Tesla market update,1.0,0,0.0367
2023-04-06,185.06,123857900,Tesla,TSLA,-0.0025,-0.0749,1.037,0,Tesla market update,1.0,0,0.0025
2023-04-10,184.51,142154600,Tesla,TSLA,-0.003,0.1477,1.051,1,Tesla market update,1.0,0,0.003
2023-04-11,186.79,115770900,Tesla,TSLA,0.0124,-0.1856,1.0191,0,Tesla market update,1.0,0,0.0124
2023-04-12,180.54,150256300,Tesla,TSLA,-0.0335,0.2979,1.0625,1,Tesla market update,1.0,0,0.0335
2023-04-13,185.9,112933000,Tesla,TSLA,0.0297,-0.2484,1.0307,0,Tesla market update,1.0,0,0.0297
2023-04-14,185.0,96438700,Tesla,TSLA,-0.0048,-0.1461,1.0235,1,Tesla market update,1.0,0,0.0048
2023-04-17,187.04,116662200,Tesla,TSLA,0.011,0.2097,1.0383,0,Tesla market update,1.0,0,0.011
2023-04-18,184.31,92067000,Tesla,TSLA,-0.0146,-0.2108,1.0224,0,Tesla market update,1.0,0,0.0146
2023-04-19,180.59,125732700,Tesla,TSLA,-0.0202,0.3657,1.0329,0,Tesla market update,1.0,0,0.0202
2023-04-20,162.99,210970800,Tesla,TSLA,-0.0975,0.6779,1.0569,1,Tesla market update,1.0,0,0.0975
2023-04-21,165.08,123539000,Tesla,TSLA,0.0128,-0.4144,1.029,0,Tesla market update,1.0,0,0.0128
2023-04-24,162.55,140006600,Tesla,TSLA,-0.0153,0.1333,1.0444,0,Tesla market update,1.0,0,0.0153
2023-04-25,160.67,121999300,Tesla,TSLA,-0.0116,-0.1286,1.0297,0,Tesla market update,1.0,0,0.0116
2023-04-26,153.75,153364100,Tesla,TSLA,-0.0431,0.2571,1.0492,1,Tesla market update,1.0,0,0.0431
2023-04-27,160.19,127015200,Tesla,TSLA,0.0419,-0.1718,1.0532,1,Tesla market update,1.0,0,0.0419
2023-04-28,164.31,122515800,Tesla,TSLA,0.0257,-0.0354,1.0488,0,Tesla market update,1.0,0,0.0257
2023-05-01,161.83,109015000,Tesla,TSLA,-0.0151,-0.1102,1.028,0,Tesla market update,1.0,0,0.0151
2023-05-02,160.31,128259700,Tesla,TSLA,-0.0094,0.1765,1.0413,1,Tesla market update,1.0,0,0.0094
2023-05-03,160.61,119728000,Tesla,TSLA,0.0019,-0.0665,1.0318,1,Tesla market update,1.0,0,0.0019
2023-05-04,161.2,95108500,Tesla,TSLA,0.0037,-0.2056,1.0207,1,Tesla market update,1.0,0,0.0037
2023-05-05,170.06,107607300,Tesla,TSLA,0.055,0.1314,1.0445,1,Tesla market update,1.0,0,0.055
2023-05-08,171.79,112249400,Tesla,TSLA,0.0102,0.0431,1.0272,0,Tesla market update,1.0,0,0.0102
2023-05-09,169.15,88965000,Tesla,TSLA,-0.0154,-0.2074,1.0196,0,Tesla market update,1.0,0,0.0154
2023-05-10,168.54,119840700,Tesla,TSLA,-0.0036,0.3471,1.0465,1,Tesla market update,1.0,0,0.0036
2023-05-11,172.08,103889900,Tesla,TSLA,0.021,-0.1331,1.0407,0,Tesla market update,1.0,0,0.021
2023-05-12,167.98,157849600,Tesla,TSLA,-0.0238,0.5194,1.0607,0,Tesla market update,1.0,0,0.0238
2023-05-15,166.35,105592500,Tesla,TSLA,-0.0097,-0.3311,1.0317,1,Tesla market update,1.0,0,0.0097
2023-05-16,166.52,98288800,Tesla,TSLA,0.001,-0.0692,1.0315,1,Tesla market update,1.0,0,0.001
2023-05-17,173.86,125473600,Tesla,TSLA,0.0441,0.2766,1.0437,1,Tesla market update,1.0,0,0.0441
2023-05-18,176.89,109520300,Tesla,TSLA,0.0174,-0.1271,1.0267,1,Tesla market update,1.0,0,0.0174
2023-05-19,180.14,136196700,Tesla,TSLA,0.0184,0.2436,1.032,1,Tesla market update,1.0,0,0.0184
2023-05-22,188.87,132001400,Tesla,TSLA,0.0485,-0.0308,1.0511,0,Tesla market update,1.0,0,0.0485
2023-05-23,185.77,156952100,Tesla,TSLA,-0.0164,0.189,1.0416,0,Tesla market update,1.0,0,0.0164
2023-05-24,182.9,137605100,Tesla,TSLA,-0.0154,-0.1233,1.0337,1,Tesla market update,1.0,0,0.0154
2023-05-25,184.47,96870700,Tesla,TSLA,0.0086,-0.296,1.0343,1,Tesla market update,1.0,0,0.0086
2023-05-26,193.17,162061500,Tesla,TSLA,0.0472,0.673,1.0762,1,Tesla market update,1.0,0,0.0472
2023-05-30,201.16,128818700,Tesla,TSLA,0.0414,-0.2051,1.0352,1,Tesla market update,1.0,0,0.0414
2023-05-31,203.93,150711700,Tesla,TSLA,0.0138,0.17,1.0453,1,Tesla market update,1.0,0,0.0138
2023-06-01,207.52,148029900,Tesla,TSLA,0.0176,-0.0178,1.0523,1,Tesla market update,1.0,0,0.0176
2023-06-02,213.97,164398400,Tesla,TSLA,0.0311,0.1106,1.0358,1,Tesla market update,1.0,0,0.0311
2023-06-05,217.61,151143100,Tesla,TSLA,0.017,-0.0806,1.0316,1,Tesla market update,1.0,0,0.017
2023-06-06,221.31,146911600,Tesla,TSLA,0.017,-0.028,1.0441,1,Tesla market update,1.0,0,0.017
2023-06-07,224.57,185710800,Tesla,TSLA,0.0147,0.2641,1.0342,1,Tesla market update,1.0,0,0.0147
2023-06-08,234.86,164489700,Tesla,TSLA,0.0458,-0.1143,1.0548,1,Tesla market update,1.0,0,0.0458
2023-06-09,244.4,200242400,Tesla,TSLA,0.0406,0.2174,1.043,1,Tesla market update,1.0,0,0.0406
2023-06-12,249.83,150337900,Tesla,TSLA,0.0222,-0.2492,1.0261,1,Tesla market update,1.0,0,0.0222
2023-06-13,258.71,162384300,Tesla,TSLA,0.0355,0.0801,1.0332,0,Tesla market update,1.0,0,0.0355
2023-06-14,256.79,170575500,Tesla,TSLA,-0.0074,0.0504,1.0442,0,Tesla market update,1.0,0,0.0074
2023-06-15,255.9,160171200,Tesla,TSLA,-0.0035,-0.061,1.0472,1,Tesla market update,1.0,0,0.0035
2023-06-16,260.54,167915600,Tesla,TSLA,0.0181,0.0484,1.0248,1,Tesla market update,1.0,0,0.0181
2023-06-20,274.45,165611200,Tesla,TSLA,0.0534,-0.0137,1.0522,0,Tesla market update,1.0,0,0.0534
2023-06-21,259.46,211797100,Tesla,TSLA,-0.0546,0.2789,1.0745,1,Tesla market update,1.0,0,0.0546
2023-06-22,264.61,166875900,Tesla,TSLA,0.0198,-0.2121,1.0675,0,Tesla market update,1.0,0,0.0198
2023-06-23,256.6,177460800,Tesla,TSLA,-0.0303,0.0634,1.0382,0,Tesla market update,1.0,0,0.0303
2023-06-26,241.05,179990600,Tesla,TSLA,-0.0606,0.0143,1.0734,1,Tesla market update,1.0,0,0.0606
2023-06-27,250.21,164968200,Tesla,TSLA,0.038,-0.0835,1.0396,1,Tesla market update,1.0,0,0.038
2023-06-28,256.24,159770800,Tesla,TSLA,0.0241,-0.0315,1.0442,1,Tesla market update,1.0,0,0.0241
2023-06-29,257.5,131283400,Tesla,TSLA,0.0049,-0.1783,1.0281,1,Tesla market update,1.0,0,0.0049
2023-06-30,261.77,112620800,Tesla,TSLA,0.0166,-0.1422,1.0175,1,Tesla market update,1.0,0,0.0166
2023-07-03,279.82,119685900,Tesla,TSLA,0.069,0.0627,1.0332,1,Tesla market update,1.0,0,0.069
2023-07-05,282.48,131530900,Tesla,TSLA,0.0095,0.099,1.0225,0,Tesla market update,1.0,0,0.0095
2023-07-06,276.54,120332100,Tesla,TSLA,-0.021,-0.0851,1.026,0,Tesla market update,1.0,0,0.021
2023-07-07,274.43,113879200,Tesla,TSLA,-0.0076,-0.0536,1.0256,0,Tesla market update,1.0,0,0.0076
2023-07-10,269.61,119425400,Tesla,TSLA,-0.0176,0.0487,1.0469,1,Tesla market update,1.0,0,0.0176
2023-07-11,269.79,91972400,Tesla,TSLA,0.0007,-0.2299,1.017,1,Tesla market update,1.0,0,0.0007
2023-07-12,271.99,95672100,Tesla,TSLA,0.0082,0.0402,1.0186,1,Tesla market update,1.0,0,0.0082
2023-07-13,277.9,112681500,Tesla,TSLA,0.0217,0.1778,1.0327,1,Tesla market update,1.0,0,0.0217
2023-07-14,281.38,120062400,Tesla,TSLA,0.0125,0.0655,1.0325,1,Tesla market update,1.0,0,0.0125
2023-07-17,290.38,131569600,Tesla,TSLA,0.032,0.0958,1.0305,1,Tesla market update,1.0,0,0.032
2023-07-18,293.34,112120300,Tesla,TSLA,0.0102,-0.1478,1.0323,0,Tesla market update,1.0,0,0.0102
2023-07-19,291.26,142355400,Tesla,TSLA,-0.0071,0.2697,1.0337,0,Tesla market update,1.0,0,0.0071
2023-07-20,262.9,175158300,Tesla,TSLA,-0.0974,0.2304,1.0755,0,Tesla market update,1.0,0,0.0974
2023-07-21,260.02,161796100,Tesla,TSLA,-0.011,-0.0763,1.0477,1,Tesla market update,1.0,0,0.011
2023-07-24,269.06,136508500,Tesla,TSLA,0.0348,-0.1563,1.0619,0,Tesla market update,1.0,0,0.0348
2023-07-25,265.28,112757300,Tesla,TSLA,-0.014,-0.174,1.0298,0,Tesla market update,1.0,0,0.014
2023-07-26,264.35,95856200,Tesla,TSLA,-0.0035,-0.1499,1.024,0,Tesla market update,1.0,0,0.0035
2023-07-27,255.71,103697300,Tesla,TSLA,-0.0327,0.0818,1.0542,1,Tesla market update,1.0,0,0.0327
2023-07-28,266.44,111446000,Tesla,TSLA,0.042,0.0747,1.0349,1,Tesla market update,1.0,0,0.042
2023-07-31,267.43,84582200,Tesla,TSLA,0.0037,-0.241,1.0201,0,Tesla market update,1.0,0,0.0037
2023-08-01,261.07,83166000,Tesla,TSLA,-0.0238,-0.0167,1.0239,0,Tesla market update,1.0,0,0.0238
2023-08-02,254.11,101752900,Tesla,TSLA,-0.0267,0.2235,1.036,1,Tesla market update,1.0,0,0.0267
2023-08-03,259.32,97569100,Tesla,TSLA,0.0205,-0.0411,1.0337,0,Tesla market update,1.0,0,0.0205
2023-08-04,253.86,99539900,Tesla,TSLA,-0.0211,0.0202,1.0461,0,Tesla market update,1.0,0,0.0211
2023-08-07,251.45,111097900,Tesla,TSLA,-0.0095,0.1161,1.0449,0,Tesla market update,1.0,0,0.0095
2023-08-08,249.7,96642200,Tesla,TSLA,-0.007,-0.1301,1.0241,0,Tesla market update,1.0,0,0.007
2023-08-09,242.19,101596300,Tesla,TSLA,-0.0301,0.0513,1.038,1,Tesla market update,1.0,0,0.0301
2023-08-10,245.34,109498600,Tesla,TSLA,0.013,0.0778,1.0362,0,Tesla market update,1.0,0,0.013
2023-08-11,242.65,99038600,Tesla,TSLA,-0.011,-0.0955,1.0242,0,Tesla market update,1.0,0,0.011
2023-08-14,239.76,98595300,Tesla,TSLA,-0.0119,-0.0045,1.0296,0,Tesla market update,1.0,0,0.0119
2023-08-15,232.96,88197600,Tesla,TSLA,-0.0284,-0.1055,1.0339,0,Tesla market update,1.0,0,0.0284
2023-08-16,225.6,112484500,Tesla,TSLA,-0.0316,0.2754,1.0381,0,Tesla market update,1.0,0,0.0316
2023-08-17,219.22,120718400,Tesla,TSLA,-0.0283,0.0732,1.0361,0,Tesla market update,1.0,0,0.0283
2023-08-18,215.49,136276600,Tesla,TSLA,-0.017,0.1289,1.0246,1,Tesla market update,1.0,0,0.017
2023-08-21,231.28,135702700,Tesla,TSLA,0.0733,-0.0042,1.0524,1,Tesla market update,1.0,0,0.0733
2023-08-22,233.19,130442800,Tesla,TSLA,0.0083,-0.0388,1.0491,1,Tesla market update,1.0,0,0.0083
2023-08-23,236.86,101077600,Tesla,TSLA,0.0157,-0.2251,1.0423,0,Tesla market update,1.0,0,0.0157
2023-08-24,230.04,99777400,Tesla,TSLA,-0.0288,-0.0129,1.0471,1,Tesla market update,1.0,0,0.0288
2023-08-25,238.59,106612200,Tesla,TSLA,0.0372,0.0685,1.0376,1,Tesla market update,1.0,0,0.0372
2023-08-28,238.82,107673700,Tesla,TSLA,0.001,0.01,1.0384,1,Tesla market update,1.0,0,0.001
2023-08-29,257.18,134047600,Tesla,TSLA,0.0769,0.2449,1.0829,0,Tesla market update,1.0,0,0.0769
2023-08-30,256.9,121988400,Tesla,TSLA,-0.0011,-0.09,1.0396,1,Tesla market update,1.0,0,0.0011
2023-08-31,258.08,108861700,Tesla,TSLA,0.0046,-0.1076,1.024,0,Tesla market update,1.0,0,0.0046
2023-09-01,245.01,132541600,Tesla,TSLA,-0.0506,0.2175,1.0705,1,Tesla market update,1.0,0,0.0506
2023-09-05,256.49,129469600,Tesla,TSLA,0.0469,-0.0232,1.0537,0,Tesla market update,1.0,0,0.0469
2023-09-06,251.92,116959800,Tesla,TSLA,-0.0178,-0.0966,1.0422,0,Tesla market update,1.0,0,0.0178
2023-09-07,251.49,115312900,Tesla,TSLA,-0.0017,-0.0141,1.0392,0,Tesla market update,1.0,0,0.0017
2023-09-08,248.5,118367700,Tesla,TSLA,-0.0119,0.0265,1.0399,1,Tesla market update,1.0,0,0.0119
2023-09-11,273.58,174667900,Tesla,TSLA,0.1009,0.4756,1.0546,0,Tesla market update,1.0,0,0.1009
2023-09-12,267.48,135999900,Tesla,TSLA,-0.0223,-0.2214,1.0442,1,Tesla market update,1.0,0,0.0223
2023-09-13,271.3,111673700,Tesla,TSLA,0.0143,-0.1789,1.0257,1,Tesla market update,1.0,0,0.0143
2023-09-14,276.04,107709800,Tesla,TSLA,0.0175,-0.0355,1.0233,0,Tesla market update,1.0,0,0.0175
2023-09-15,274.39,133692300,Tesla,TSLA,-0.006,0.2412,1.0294,0,Tesla market update,1.0,0,0.006
2023-09-18,265.28,101543300,Tesla,TSLA,-0.0332,-0.2405,1.0291,1,Tesla market update,1.0,0,0.0332
2023-09-19,266.5,103704000,Tesla,TSLA,0.0046,0.0213,1.0255,0,Tesla market update,1.0,0,0.0046
2023-09-20,262.59,122514600,Tesla,TSLA,-0.0147,0.1814,1.0437,0,Tesla market update,1.0,0,0.0147
2023-09-21,255.7,119951500,Tesla,TSLA,-0.0262,-0.0209,1.0262,0,Tesla market update,1.0,0,0.0262
2023-09-22,244.88,127524100,Tesla,TSLA,-0.0423,0.0631,1.0544,1,Tesla market update,1.0,0,0.0423
2023-09-25,246.99,104636600,Tesla,TSLA,0.0086,-0.1795,1.0369,0,Tesla market update,1.0,0,0.0086
2023-09-26,244.12,101993600,Tesla,TSLA,-0.0116,-0.0253,1.0326,0,Tesla market update,1.0,0,0.0116
2023-09-27,240.5,136597200,Tesla,TSLA,-0.0148,0.3393,1.0458,1,Tesla market update,1.0,0,0.0148
2023-09-28,246.38,117058900,Tesla,TSLA,0.0244,-0.143,1.0373,1,Tesla market update,1.0,0,0.0244
2023-09-29,250.22,128522700,Tesla,TSLA,0.0156,0.0979,1.0342,1,Tesla market update,1.0,0,0.0156
2023-10-02,251.6,123810400,Tesla,TSLA,0.0055,-0.0367,1.0481,0,Tesla market update,1.0,0,0.0055
2023-10-03,246.53,101985300,Tesla,TSLA,-0.0202,-0.1763,1.0228,1,Tesla market update,1.0,0,0.0202
2023-10-04,261.16,129721600,Tesla,TSLA,0.0593,0.272,1.0576,0,Tesla market update,1.0,0,0.0593
2023-10-05,260.05,119159200,Tesla,TSLA,-0.0043,-0.0814,1.0287,1,Tesla market update,1.0,0,0.0043
2023-10-06,260.53,118121800,Tesla,TSLA,0.0018,-0.0087,1.0439,0,Tesla market update,1.0,0,0.0018
2023-10-09,259.67,101377900,Tesla,TSLA,-0.0033,-0.1418,1.0369,1,Tesla market update,1.0,0,0.0033
2023-10-10,263.62,122656000,Tesla,TSLA,0.0152,0.2099,1.0438,0,Tesla market update,1.0,0,0.0152
2023-10-11,262.99,103706300,Tesla,TSLA,-0.0024,-0.1545,1.0295,0,Tesla market update,1.0,0,0.0024
2023-10-12,258.87,111508100,Tesla,TSLA,-0.0157,0.0752,1.0342,0,Tesla market update,1.0,0,0.0157
2023-10-13,251.12,102073800,Tesla,TSLA,-0.0299,-0.0846,1.0375,1,Tesla market update,1.0,0,0.0299
2023-10-16,253.92,88917200,Tesla,TSLA,0.0112,-0.1289,1.0278,1,Tesla market update,1.0,0,0.0112
2023-10-17,254.85,93562900,Tesla,TSLA,0.0037,0.0522,1.0409,0,Tesla market update,1.0,0,0.0037
2023-10-18,242.68,125147800,Tesla,TSLA,-0.0478,0.3376,1.0518,0,Tesla market update,1.0,0,0.0478
2023-10-19,220.11,170772700,Tesla,TSLA,-0.093,0.3646,1.0638,0,Tesla market update,1.0,0,0.093
2023-10-20,211.99,138010100,Tesla,TSLA,-0.0369,-0.1918,1.0401,1,Tesla market update,1.0,0,0.0369
2023-10-23,212.08,150683400,Tesla,TSLA,0.0004,0.0918,1.0715,1,Tesla market update,1.0,0,0.0004
2023-10-24,216.52,118231100,Tesla,TSLA,0.0209,-0.2154,1.0371,0,Tesla market update,1.0,0,0.0209
2023-10-25,212.42,107065100,Tesla,TSLA,-0.0189,-0.0944,1.0372,0,Tesla market update,1.0,0,0.0189
2023-10-26,205.76,115112600,Tesla,TSLA,-0.0314,0.0752,1.0484,1,Tesla market update,1.0,0,0.0314
2023-10-27,207.3,94881200,Tesla,TSLA,0.0075,-0.1758,1.0323,0,Tesla market update,1.0,0,0.0075
2023-10-30,197.36,136448200,Tesla,TSLA,-0.0479,0.4381,1.0833,1,Tesla market update,1.0,0,0.0479
2023-10-31,200.84,118068300,Tesla,TSLA,0.0176,-0.1347,1.045,1,Tesla market update,1.0,0,0.0176
2023-11-01,205.66,121661700,Tesla,TSLA,0.024,0.0304,1.0411,1,Tesla market update,1.0,0,0.024
2023-11-02,218.51,125987600,Tesla,TSLA,0.0625,0.0356,1.0367,1,Tesla market update,1.0,0,0.0625
2023-11-03,219.96,119534800,Tesla,TSLA,0.0066,-0.0512,1.0365,0,Tesla market update,1.0,0,0.0066
2023-11-06,219.27,117335800,Tesla,TSLA,-0.0031,-0.0184,1.0527,1,Tesla market update,1.0,0,0.0031
2023-11-07,222.18,116900100,Tesla,TSLA,0.0133,-0.0037,1.0343,0,Tesla market update,1.0,0,0.0133
2023-11-08,222.11,106584800,Tesla,TSLA,-0.0003,-0.0882,1.0299,0,Tesla market update,1.0,0,0.0003
2023-11-09,209.98,142110500,Tesla,TSLA,-0.0546,0.3333,1.0683,1,Tesla market update,1.0,0,0.0546
2023-11-10,214.65,130994000,Tesla,TSLA,0.0222,-0.0782,1.0471,1,Tesla market update,1.0,0,0.0222
2023-11-13,223.71,140447600,Tesla,TSLA,0.0422,0.0722,1.0652,1,Tesla market update,1.0,0,0.0422
2023-11-14,237.41,149771600,Tesla,TSLA,0.0612,0.0664,1.0322,1,Tesla market update,1.0,0,0.0612
2023-11-15,242.84,150354000,Tesla,TSLA,0.0229,0.0039,1.0433,0,Tesla market update,1.0,0,0.0229
2023-11-16,233.59,136816800,Tesla,TSLA,-0.0381,-0.09,1.043,1,Tesla market update,1.0,0,0.0381
2023-11-17,234.3,142532800,Tesla,TSLA,0.003,0.0418,1.0479,1,Tesla market update,1.0,0,0.003
2023-11-20,235.6,116320100,Tesla,TSLA,0.0055,-0.1839,1.0263,1,Tesla market update,1.0,0,0.0055
2023-11-21,241.2,122288000,Tesla,TSLA,0.0238,0.0513,1.0441,0,Tesla market update,1.0,0,0.0238
2023-11-22,234.21,117950600,Tesla,TSLA,-0.029,-0.0355,1.0545,1,Tesla market update,1.0,0,0.029
2023-11-24,235.45,65125200,Tesla,TSLA,0.0053,-0.4479,1.0276,1,Tesla market update,1.0,0,0.0053
2023-11-27,236.08,112031800,Tesla,TSLA,0.0027,0.7203,1.0268,1,Tesla market update,1.0,0,0.0027
2023-11-28,246.72,148549900,Tesla,TSLA,0.0451,0.326,1.0555,0,Tesla market update,1.0,0,0.0451
2023-11-29,244.14,135401300,Tesla,TSLA,-0.0105,-0.0885,1.0412,0,Tesla market update,1.0,0,0.0105
2023-11-30,240.08,132353200,Tesla,TSLA,-0.0166,-0.0225,1.0351,0,Tesla market update,1.0,0,0.0166
2023-12-01,238.83,121331700,Tesla,TSLA,-0.0052,-0.0833,1.0357,0,Tesla market update,1.0,0,0.0052
2023-12-04,235.58,104099800,Tesla,TSLA,-0.0136,-0.142,1.0261,1,Tesla market update,1.0,0,0.0136
2023-12-05,238.72,137971100,Tesla,TSLA,0.0133,0.3254,1.0555,1,Tesla market update,1.0,0,0.0133
2023-12-06,239.37,126436200,Tesla,TSLA,0.0027,-0.0836,1.0309,1,Tesla market update,1.0,0,0.0027
2023-12-07,242.64,107142300,Tesla,TSLA,0.0137,-0.1526,1.03,1,Tesla market update,1.0,0,0.0137
2023-12-08,243.84,103126800,Tesla,TSLA,0.0049,-0.0375,1.0251,0,Tesla market update,1.0,0,0.0049
2023-12-11,239.74,97913900,Tesla,TSLA,-0.0168,-0.0505,1.0252,0,Tesla market update,1.0,0,0.0168
2023-12-12,237.01,95328300,Tesla,TSLA,-0.0114,-0.0264,1.0219,1,Tesla market update,1.0,0,0.0114
2023-12-13,239.29,146286300,Tesla,TSLA,0.0096,0.5346,1.053,1,Tesla market update,1.0,0,0.0096
2023-12-14,251.05,160829200,Tesla,TSLA,0.0491,0.0994,1.0544,1,Tesla market update,1.0,0,0.0491
2023-12-15,253.5,135932800,Tesla,TSLA,0.0098,-0.1548,1.0235,0,Tesla market update,1.0,0,0.0098
2023-12-18,252.08,116416500,Tesla,TSLA,-0.0056,-0.1436,1.0294,1,Tesla market update,1.0,0,0.0056
2023-12-19,257.22,106737400,Tesla,TSLA,0.0204,-0.0831,1.0211,0,Tesla market update,1.0,0,0.0204
2023-12-20,247.14,125097000,Tesla,TSLA,-0.0392,0.172,1.052,1,Tesla market update,1.0,0,0.0392
2023-12-21,254.5,109594200,Tesla,TSLA,0.0298,-0.1239,1.0251,0,Tesla market update,1.0,0,0.0298
2023-12-22,252.54,93370100,Tesla,TSLA,-0.0077,-0.148,1.0273,1,Tesla market update,1.0,0,0.0077
2023-12-26,256.61,86892400,Tesla,TSLA,0.0161,-0.0694,1.02,1,Tesla market update,1.0,0,0.0161
2023-12-27,261.44,106494400,Tesla,TSLA,0.0188,0.2256,1.0226,0,Tesla market update,1.0,0,0.0188
2023-12-28,253.18,113619900,Tesla,TSLA,-0.0316,0.0669,1.0491,0,Tesla market update,1.0,0,0.0316
2023-12-29,248.48,100891600,Tesla,TSLA,-0.0186,-0.112,1.0314,0,Tesla market update,1.0,0,0.0186
2024-01-02,248.42,104654200,Tesla,TSLA,-0.0002,0.0373,1.028,0,Tesla market update,1.0,0,0.0002
2024-01-03,238.45,121082600,Tesla,TSLA,-0.0401,0.157,1.0396,0,Tesla market update,1.0,0,0.0401
2024-01-04,237.93,102629300,Tesla,TSLA,-0.0022,-0.1524,1.0209,0,Tesla market update,1.0,0,0.0022
2024-01-05,237.49,92488900,Tesla,TSLA,-0.0018,-0.0988,1.0222,1,Tesla market update,1.0,0,0.0018
2024-01-08,240.45,85166600,Tesla,TSLA,0.0125,-0.0792,1.0253,0,Tesla market update,1.0,0,0.0125
2024-01-09,234.96,96705700,Tesla,TSLA,-0.0228,0.1355,1.0298,0,Tesla market update,1.0,0,0.0228
2024-01-10,233.94,91628500,Tesla,TSLA,-0.0043,-0.0525,1.0182,0,Tesla market update,1.0,0,0.0043
2024-01-11,227.22,105873600,Tesla,TSLA,-0.0287,0.1555,1.0247,0,Tesla market update,1.0,0,0.0287
2024-01-12,218.89,123043800,Tesla,TSLA,-0.0367,0.1622,1.0377,1,Tesla market update,1.0,0,0.0367
2024-01-16,219.91,115355000,Tesla,TSLA,0.0047,-0.0625,1.0533,0,Tesla market update,1.0,0,0.0047
2024-01-17,215.55,103164400,Tesla,TSLA,-0.0198,-0.1057,1.0173,0,Tesla market update,1.0,0,0.0198
2024-01-18,211.88,108595400,Tesla,TSLA,-0.017,0.0526,1.0417,1,Tesla market update,1.0,0,0.017
2024-01-19,212.19,102260300,Tesla,TSLA,0.0015,-0.0583,1.0271,0,Tesla market update,1.0,0,0.0015
2024-01-22,208.8,117952500,Tesla,TSLA,-0.016,0.1535,1.0559,1,Tesla market update,1.0,0,0.016
2024-01-23,209.14,106605900,Tesla,TSLA,0.0016,-0.0962,1.038,0,Tesla market update,1.0,0,0.0016
2024-01-24,207.83,123369900,Tesla,TSLA,-0.0063,0.1573,1.0288,0,Tesla market update,1.0,0,0.0063
2024-01-25,182.63,198076800,Tesla,TSLA,-0.1213,0.6056,1.0719,1,Tesla market update,1.0,0,0.1213
2024-01-26,183.25,107343200,Tesla,TSLA,0.0034,-0.4581,1.0257,1,Tesla market update,1.0,0,0.0034
2024-01-29,190.93,125013100,Tesla,TSLA,0.0419,0.1646,1.0425,1,Tesla market update,1.0,0,0.0419
2024-01-30,191.59,109982300,Tesla,TSLA,0.0035,-0.1202,1.0302,0,Tesla market update,1.0,0,0.0035
2024-01-31,187.29,103221400,Tesla,TSLA,-0.0224,-0.0615,1.0437,1,Tesla market update,1.0,0,0.0224
2024-02-01,188.86,91843300,Tesla,TSLA,0.0084,-0.1102,1.0304,0,Tesla market update,1.0,0,0.0084
2024-02-02,187.91,110612700,Tesla,TSLA,-0.005,0.2044,1.0368,0,Tesla market update,1.0,0,0.005
2024-02-05,181.06,134294400,Tesla,TSLA,-0.0365,0.2141,1.0553,1,Tesla market update,1.0,0,0.0365
2024-02-06,185.1,122676000,Tesla,TSLA,0.0223,-0.0865,1.053,1,Tesla market update,1.0,0,0.0223
2024-02-07,187.58,111535200,Tesla,TSLA,0.0134,-0.0908,1.0389,1,Tesla market update,1.0,0,0.0134
2024-02-08,189.56,83034000,Tesla,TSLA,0.0106,-0.2555,1.0325,1,Tesla market update,1.0,0,0.0106
2024-02-09,193.57,84476300,Tesla,TSLA,0.0212,0.0174,1.0245,0,Tesla market update,1.0,0,0.0212
2024-02-12,188.13,95498600,Tesla,TSLA,-0.0281,0.1305,1.0398,0,Tesla market update,1.0,0,0.0281
2024-02-13,184.02,86759500,Tesla,TSLA,-0.0218,-0.0915,1.0283,1,Tesla market update,1.0,0,0.0218
2024-02-14,188.71,81203000,Tesla,TSLA,0.0255,-0.064,1.0302,1,Tesla market update,1.0,0,0.0255
2024-02-15,200.45,120831800,Tesla,TSLA,0.0622,0.488,1.0636,0,Tesla market update,1.0,0,0.0622
2024-02-16,199.95,111346700,Tesla,TSLA,-0.0025,-0.0785,1.0292,0,Tesla market update,1.0,0,0.0025
2024-02-20,193.76,104545800,Tesla,TSLA,-0.031,-0.0611,1.0501,1,Tesla market update,1.0,0,0.031
2024-02-21,194.77,103500300,Tesla,TSLA,0.0052,-0.01,1.039,1,Tesla market update,1.0,0,0.0052
2024-02-22,197.41,92739500,Tesla,TSLA,0.0136,-0.104,1.0364,0,Tesla market update,1.0,0,0.0136
2024-02-23,191.97,78841900,Tesla,TSLA,-0.0276,-0.1499,1.0317,1,Tesla market update,1.0,0,0.0276
2024-02-26,199.4,111747100,Tesla,TSLA,0.0387,0.4174,1.0509,1,Tesla market update,1.0,0,0.0387
2024-02-27,199.73,108645400,Tesla,TSLA,0.0017,-0.0278,1.037,1,Tesla market update,1.0,0,0.0017
2024-02-28,202.04,99806200,Tesla,TSLA,0.0116,-0.0814,1.0346,0,Tesla market update,1.0,0,0.0116
2024-02-29,201.88,85907000,Tesla,TSLA,-0.0008,-0.1393,1.0344,1,Tesla market update,1.0,0,0.0008
2024-03-01,202.64,82243100,Tesla,TSLA,0.0038,-0.0426,1.0303,0,Tesla market update,1.0,0,0.0038
2024-03-04,188.14,134334900,Tesla,TSLA,-0.0716,0.6334,1.0698,0,Tesla market update,1.0,0,0.0716
2024-03-05,180.74,119660800,Tesla,TSLA,-0.0393,-0.1092,1.0395,0,Tesla market update,1.0,0,0.0393
2024-03-06,176.54,107920900,Tesla,TSLA,-0.0232,-0.0981,1.0454,1,Tesla market update,1.0,0,0.0232
2024-03-07,178.65,102129000,Tesla,TSLA,0.012,-0.0537,1.0365,0,Tesla market update,1.0,0,0.012
2024-03-08,175.34,85544600,Tesla,TSLA,-0.0185,-0.1624,1.046,1,Tesla market update,1.0,0,0.0185
2024-03-11,177.77,85391500,Tesla,TSLA,0.0139,-0.0018,1.0462,0,Tesla market update,1.0,0,0.0139
2024-03-12,177.54,87391700,Tesla,TSLA,-0.0013,0.0234,1.0407,0,Tesla market update,1.0,0,0.0013
2024-03-13,169.48,106524500,Tesla,TSLA,-0.0454,0.2189,1.0408,0,Tesla market update,1.0,0,0.0454
2024-03-14,162.5,126325700,Tesla,TSLA,-0.0412,0.1859,1.0664,1,Tesla market update,1.0,0,0.0412
2024-03-15,163.57,97146800,Tesla,TSLA,0.0066,-0.231,1.0275,1,Tesla market update,1.0,0,0.0066
2024-03-18,173.8,108214400,Tesla,TSLA,0.0625,0.1139,1.0532,0,Tesla market update,1.0,0,0.0625
2024-03-19,171.32,77271400,Tesla,TSLA,-0.0143,-0.2859,1.0323,1,Tesla market update,1.0,0,0.0143
2024-03-20,175.66,83846700,Tesla,TSLA,0.0253,0.0851,1.0318,0,Tesla market update,1.0,0,0.0253
2024-03-21,172.82,73178000,Tesla,TSLA,-0.0162,-0.1272,1.0371,0,Tesla market update,1.0,0,0.0162
2024-03-22,170.83,75580600,Tesla,TSLA,-0.0115,0.0328,1.0295,1,Tesla market update,1.0,0,0.0115
2024-03-25,172.63,74228600,Tesla,TSLA,0.0105,-0.0179,1.0386,1,Tesla market update,1.0,0,0.0105
2024-03-26,177.67,113186200,Tesla,TSLA,0.0292,0.5248,1.0387,1,Tesla market update,1.0,0,0.0292
2024-03-27,179.83,81804000,Tesla,TSLA,0.0122,-0.2773,1.0336,0,Tesla market update,1.0,0,0.0122
2024-03-28,175.79,77654800,Tesla,TSLA,-0.0225,-0.0507,1.0244,0,Tesla market update,1.0,0,0.0225
2024-04-01,175.22,81562100,Tesla,TSLA,-0.0032,0.0503,1.0384,0,Tesla market update,1.0,0,0.0032
2024-04-02,166.63,116650600,Tesla,TSLA,-0.049,0.4302,1.0261,1,Tesla market update,1.0,0,0.049
2024-04-03,168.38,82950100,Tesla,TSLA,0.0105,-0.2889,1.0339,1,Tesla market update,1.0,0,0.0105
2024-04-04,171.11,123162000,Tesla,TSLA,0.0162,0.4848,1.0546,0,Tesla market update,1.0,0,0.0162
2024-04-05,164.9,143157600,Tesla,TSLA,-0.0363,0.1624,1.0645,1,Tesla market update,1.0,0,0.0363
2024-04-08,172.98,104423300,Tesla,TSLA,0.049,-0.2706,1.04,1,Tesla market update,1.0,0,0.049
2024-04-09,176.88,102951700,Tesla,TSLA,0.0225,-0.0141,1.0425,0,Tesla market update,1.0,0,0.0225
2024-04-10,171.76,84532400,Tesla,TSLA,-0.0289,-0.1789,1.0289,1,Tesla market update,1.0,0,0.0289
2024-04-11,174.6,94516000,Tesla,TSLA,0.0165,0.1181,1.0437,0,Tesla market update,1.0,0,0.0165
2024-04-12,171.05,64722700,Tesla,TSLA,-0.0203,-0.3152,1.0203,0,Tesla market update,1.0,0,0.0203
2024-04-15,161.48,100245300,Tesla,TSLA,-0.0559,0.5488,1.0577,0,Tesla market update,1.0,0,0.0559
2024-04-16,157.11,97000000,Tesla,TSLA,-0.0271,-0.0324,1.0289,0,Tesla market update,1.0,0,0.0271
2024-04-17,155.45,82439700,Tesla,TSLA,-0.0106,-0.1501,1.0296,0,Tesla market update,1.0,0,0.0106
2024-04-18,149.93,96098800,Tesla,TSLA,-0.0355,0.1657,1.0235,0,Tesla market update,1.0,0,0.0355
2024-04-19,147.05,87074500,Tesla,TSLA,-0.0192,-0.0939,1.0323,0,Tesla market update,1.0,0,0.0192
2024-04-22,142.05,107097600,Tesla,TSLA,-0.034,0.23,1.0406,1,Tesla market update,1.0,0,0.034
2024-04-23,144.68,124545100,Tesla,TSLA,0.0185,0.1629,1.0436,1,Tesla market update,1.0,0,0.0185
2024-04-24,162.13,181178000,Tesla,TSLA,0.1206,0.4547,1.0664,1,Tesla market update,1.0,0,0.1206
2024-04-25,170.18,126427500,Tesla,TSLA,0.0497,-0.3022,1.0791,0,Tesla market update,1.0,0,0.0497
2024-04-26,168.29,109815700,Tesla,TSLA,-0.0111,-0.1314,1.0346,1,Tesla market update,1.0,0,0.0111
2024-04-29,194.05,243869700,Tesla,TSLA,0.1531,1.2207,1.0777,0,Tesla market update,1.0,0,0.1531
2024-04-30,183.28,127031800,Tesla,TSLA,-0.0555,-0.4791,1.0444,0,Tesla market update,1.0,0,0.0555
2024-05-01,179.99,92829700,Tesla,TSLA,-0.018,-0.2692,1.0383,1,Tesla market update,1.0,0,0.018
2024-05-02,180.01,89148000,Tesla,TSLA,0.0001,-0.0397,1.0487,1,Tesla market update,1.0,0,0.0001
2024-05-03,181.19,75491500,Tesla,TSLA,0.0066,-0.1532,1.0356,1,Tesla market update,1.0,0,0.0066
2024-05-06,184.76,84390300,Tesla,TSLA,0.0197,0.1179,1.0294,0,Tesla market update,1.0,0,0.0197
2024-05-07,177.81,75045900,Tesla,TSLA,-0.0376,-0.1107,1.033,0,Tesla market update,1.0,0,0.0376
2024-05-08,174.72,79969500,Tesla,TSLA,-0.0174,0.0656,1.0347,0,Tesla market update,1.0,0,0.0174
2024-05-09,171.97,65950300,Tesla,TSLA,-0.0157,-0.1753,1.0248,0,Tesla market update,1.0,0,0.0157
2024-05-10,168.47,72627200,Tesla,TSLA,-0.0204,0.1012,1.0317,1,Tesla market update,1.0,0,0.0204
2024-05-13,171.89,67018900,Tesla,TSLA,0.0203,-0.0772,1.0379,1,Tesla market update,1.0,0,0.0203
2024-05-14,177.55,86407400,Tesla,TSLA,0.0329,0.2893,1.0311,0,Tesla market update,1.0,0,0.0329
2024-05-15,173.99,79663000,Tesla,TSLA,-0.0201,-0.0781,1.0398,1,Tesla market update,1.0,0,0.0201
2024-05-16,174.84,59812200,Tesla,TSLA,0.0049,-0.2492,1.0254,1,Tesla market update,1.0,0,0.0049
2024-05-17,177.46,77445800,Tesla,TSLA,0.015,0.2948,1.0398,0,Tesla market update,1.0,0,0.015
2024-05-20,174.95,61727400,Tesla,TSLA,-0.0141,-0.203,1.0244,1,Tesla market update,1.0,0,0.0141
2024-05-21,186.6,115266500,Tesla,TSLA,0.0666,0.8673,1.0697,0,Tesla market update,1.0,0,0.0666
2024-05-22,180.11,88313500,Tesla,TSLA,-0.0348,-0.2338,1.0319,0,Tesla market update,1.0,0,0.0348
2024-05-23,173.74,71975500,Tesla,TSLA,-0.0354,-0.185,1.0499,1,Tesla market update,1.0,0,0.0354
2024-05-24,179.24,65584500,Tesla,TSLA,0.0317,-0.0888,1.0366,0,Tesla market update,1.0,0,0.0317
2024-05-28,176.75,59736600,Tesla,TSLA,-0.0139,-0.0892,1.0294,0,Tesla market update,1.0,0,0.0139
2024-05-29,176.19,54782600,Tesla,TSLA,-0.0032,-0.0829,1.0243,1,Tesla market update,1.0,0,0.0032
2024-05-30,178.79,77618400,Tesla,TSLA,0.0148,0.4168,1.0416,0,Tesla market update,1.0,0,0.0148
2024-05-31,178.08,67314600,Tesla,TSLA,-0.004,-0.1327,1.0374,0,Tesla market update,1.0,0,0.004
2024-06-03,176.29,68568900,Tesla,TSLA,-0.0101,0.0186,1.0467,0,Tesla market update,1.0,0,0.0101
2024-06-04,174.77,60056300,Tesla,TSLA,-0.0086,-0.1241,1.0216,1,Tesla market update,1.0,0,0.0086
2024-06-05,175.0,57953800,Tesla,TSLA,0.0013,-0.035,1.0234,1,Tesla market update,1.0,0,0.0013
2024-06-06,177.94,69887000,Tesla,TSLA,0.0168,0.2059,1.0405,0,Tesla market update,1.0,0,0.0168
2024-06-07,177.48,56244900,Tesla,TSLA,-0.0026,-0.1952,1.0215,0,Tesla market update,1.0,0,0.0026
2024-06-10,173.79,50774600,Tesla,TSLA,-0.0208,-0.0973,1.0312,0,Tesla market update,1.0,0,0.0208
2024-06-11,170.66,64761900,Tesla,TSLA,-0.018,0.2755,1.0438,1,Tesla market update,1.0,0,0.018
2024-06-12,177.29,90389400,Tesla,TSLA,0.0388,0.3957,1.0633,1,Tesla market update,1.0,0,0.0388
2024-06-13,182.47,118984100,Tesla,TSLA,0.0292,0.3164,1.0544,0,Tesla market update,1.0,0,0.0292
2024-06-14,178.01,82038200,Tesla,TSLA,-0.0244,-0.3105,1.0513,1,Tesla market update,1.0,0,0.0244
2024-06-17,187.44,109786100,Tesla,TSLA,0.053,0.3382,1.0667,0,Tesla market update,1.0,0,0.053
2024-06-18,184.86,68982300,Tesla,TSLA,-0.0138,-0.3717,1.0265,0,Tesla market update,1.0,0,0.0138
2024-06-20,181.57,55893100,Tesla,TSLA,-0.0178,-0.1897,1.0309,1,Tesla market update,1.0,0,0.0178
2024-06-21,183.01,61937300,Tesla,TSLA,0.0079,0.1081,1.018,0,Tesla market update,1.0,0,0.0079
2024-06-24,182.58,61992100,Tesla,TSLA,-0.0023,0.0009,1.0342,1,Tesla market update,1.0,0,0.0023
2024-06-25,187.35,62905700,Tesla,TSLA,0.0261,0.0147,1.0327,1,Tesla market update,1.0,0,0.0261
2024-06-26,196.37,95737100,Tesla,TSLA,0.0481,0.5219,1.0612,1,Tesla market update,1.0,0,0.0481
2024-06-27,197.42,72746500,Tesla,TSLA,0.0053,-0.2401,1.0241,1,Tesla market update,1.0,0,0.0053
2024-06-28,197.88,95438100,Tesla,TSLA,0.0023,0.3119,1.0407,1,Tesla market update,1.0,0,0.0023
2024-07-01,209.86,135691400,Tesla,TSLA,0.0605,0.4218,1.0616,1,Tesla market update,1.0,0,0.0605
2024-07-02,231.26,205047900,Tesla,TSLA,0.102,0.5111,1.0607,1,Tesla market update,1.0,0,0.102
2024-07-03,246.39,166561500,Tesla,TSLA,0.0654,-0.1877,1.0602,1,Tesla market update,1.0,0,0.0654
2024-07-05,251.52,154501200,Tesla,TSLA,0.0208,-0.0724,1.0409,1,Tesla market update,1.0,0,0.0208
2024-07-08,252.94,157219600,Tesla,TSLA,0.0056,0.0176,1.0608,1,Tesla market update,1.0,0,0.0056
2024-07-09,262.33,160210900,Tesla,TSLA,0.0371,0.019,1.0612,1,Tesla market update,1.0,0,0.0371
2024-07-10,263.26,128519400,Tesla,TSLA,0.0035,-0.1978,1.0377,0,Tesla market update,1.0,0,0.0035
2024-07-11,241.03,221707300,Tesla,TSLA,-0.0844,0.7251,1.1308,1,Tesla market update,1.0,0,0.0844
2024-07-12,248.23,155955800,Tesla,TSLA,0.0299,-0.2966,1.0804,1,Tesla market update,1.0,0,0.0299
2024-07-15,252.64,146912900,Tesla,TSLA,0.0178,-0.058,1.0551,1,Tesla market update,1.0,0,0.0178
2024-07-16,256.56,126332500,Tesla,TSLA,0.0155,-0.1401,1.0522,0,Tesla market update,1.0,0,0.0155
2024-07-17,248.5,115584800,Tesla,TSLA,-0.0314,-0.0851,1.0499,1,Tesla market update,1.0,0,0.0314
2024-07-18,249.23,110869000,Tesla,TSLA,0.0029,-0.0408,1.0402,0,Tesla market update,1.0,0,0.0029
2024-07-19,239.2,87403900,Tesla,TSLA,-0.0402,-0.2116,1.0532,1,Tesla market update,1.0,0,0.0402
2024-07-22,251.51,101225400,Tesla,TSLA,0.0515,0.1581,1.0388,0,Tesla market update,1.0,0,0.0515
2024-07-23,246.38,111928200,Tesla,TSLA,-0.0204,0.1057,1.0412,0,Tesla market update,1.0,0,0.0204
2024-07-24,215.99,167942900,Tesla,TSLA,-0.1233,0.5005,1.0525,1,Tesla market update,1.0,0,0.1233
2024-07-25,220.25,100636500,Tesla,TSLA,0.0197,-0.4008,1.0452,0,Tesla market update,1.0,0,0.0197
2024-07-26,219.8,94604100,Tesla,TSLA,-0.002,-0.0599,1.0323,1,Tesla market update,1.0,0,0.002
2024-07-29,232.1,129201800,Tesla,TSLA,0.056,0.3657,1.0426,0,Tesla market update,1.0,0,0.056
2024-07-30,222.62,100560300,Tesla,TSLA,-0.0408,-0.2217,1.0564,1,Tesla market update,1.0,0,0.0408
2024-07-31,232.07,67497000,Tesla,TSLA,0.0424,-0.3288,1.0348,0,Tesla market update,1.0,0,0.0424
2024-08-01,216.86,83861900,Tesla,TSLA,-0.0655,0.2425,1.0818,0,Tesla market update,1.0,0,0.0655
2024-08-02,207.67,82880100,Tesla,TSLA,-0.0424,-0.0117,1.0503,0,Tesla market update,1.0,0,0.0424
2024-08-05,198.88,100308800,Tesla,TSLA,-0.0423,0.2103,1.1202,1,Tesla market update,1.0,0,0.0423
2024-08-06,200.64,73783900,Tesla,TSLA,0.0088,-0.2644,1.0531,0,Tesla market update,1.0,0,0.0088
2024-08-07,191.76,71159800,Tesla,TSLA,-0.0443,-0.0356,1.0627,1,Tesla market update,1.0,0,0.0443
2024-08-08,198.84,65033900,Tesla,TSLA,0.0369,-0.0861,1.0451,1,Tesla market update,1.0,0,0.0369
2024-08-09,200.0,58648300,Tesla,TSLA,0.0058,-0.0982,1.0296,0,Tesla market update,1.0,0,0.0058
2024-08-12,197.49,64044900,Tesla,TSLA,-0.0125,0.092,1.0236,1,Tesla market update,1.0,0,0.0125
2024-08-13,207.83,76247400,Tesla,TSLA,0.0524,0.1905,1.058,0,Tesla market update,1.0,0,0.0524
2024-08-14,201.38,70250000,Tesla,TSLA,-0.031,-0.0787,1.0488,1,Tesla market update,1.0,0,0.031
2024-08-15,214.14,89848500,Tesla,TSLA,0.0634,0.279,1.054,1,Tesla market update,1.0,0,0.0634
2024-08-16,216.12,88765100,Tesla,TSLA,0.0092,-0.0121,1.0427,1,Tesla market update,1.0,0,0.0092
2024-08-19,222.72,76435200,Tesla,TSLA,0.0305,-0.1389,1.0415,0,Tesla market update,1.0,0,0.0305
2024-08-20,221.1,74001200,Tesla,TSLA,-0.0073,-0.0318,1.0394,1,Tesla market update,1.0,0,0.0073
2024-08-21,223.27,70146000,Tesla,TSLA,0.0098,-0.0521,1.0265,0,Tesla market update,1.0,0,0.0098
2024-08-22,210.66,79514500,Tesla,TSLA,-0.0565,0.1336,1.0688,1,Tesla market update,1.0,0,0.0565
2024-08-23,220.32,81525200,Tesla,TSLA,0.0459,0.0253,1.0339,0,Tesla market update,1.0,0,0.0459
2024-08-26,213.21,59301200,Tesla,TSLA,-0.0323,-0.2726,1.0383,0,Tesla market update,1.0,0,0.0323
2024-08-27,209.21,62821400,Tesla,TSLA,-0.0188,0.0594,1.0421,0,Tesla market update,1.0,0,0.0188
2024-08-28,205.75,64116400,Tesla,TSLA,-0.0165,0.0206,1.0457,1,Tesla market update,1.0,0,0.0165
2024-08-29,206.28,62308800,Tesla,TSLA,0.0026,-0.0282,1.0433,1,Tesla market update,1.0,0,0.0026
2024-08-30,214.11,63370600,Tesla,TSLA,0.038,0.017,1.0364,0,Tesla market update,1.0,0,0.038
2024-09-03,210.6,76714200,Tesla,TSLA,-0.0164,0.2106,1.0489,1,Tesla market update,1.0,0,0.0164
2024-09-04,219.41,80651800,Tesla,TSLA,0.0418,0.0513,1.0553,1,Tesla market update,1.0,0,0.0418
2024-09-05,230.17,119355000,Tesla,TSLA,0.049,0.4799,1.0574,0,Tesla market update,1.0,0,0.049
2024-09-06,210.73,112177000,Tesla,TSLA,-0.0845,-0.0601,1.1097,1,Tesla market update,1.0,0,0.0845
2024-09-09,216.27,67443500,Tesla,TSLA,0.0263,-0.3988,1.029,1,Tesla market update,1.0,0,0.0263
2024-09-10,226.17,78891100,Tesla,TSLA,0.0458,0.1697,1.0355,1,Tesla market update,1.0,0,0.0458
2024-09-11,228.13,83548600,Tesla,TSLA,0.0087,0.059,1.0538,1,Tesla market update,1.0,0,0.0087
2024-09-12,229.81,71894900,Tesla,TSLA,0.0074,-0.1395,1.034,1,Tesla market update,1.0,0,0.0074
2024-09-13,230.29,59515100,Tesla,TSLA,0.0021,-0.1722,1.0281,0,Tesla market update,1.0,0,0.0021
2024-09-16,226.78,54323000,Tesla,TSLA,-0.0152,-0.0872,1.0288,1,Tesla market update,1.0,0,0.0152
2024-09-17,227.87,66761600,Tesla,TSLA,0.0048,0.229,1.0354,0,Tesla market update,1.0,0,0.0048
2024-09-18,227.2,78010200,Tesla,TSLA,-0.0029,0.1685,1.0388,1,Tesla market update,1.0,0,0.0029
2024-09-19,243.92,102694600,Tesla,TSLA,0.0736,0.3164,1.0522,0,Tesla market update,1.0,0,0.0736
2024-09-20,238.25,99879100,Tesla,TSLA,-0.0232,-0.0274,1.0342,1,Tesla market update,1.0,0,0.0232
2024-09-23,250.0,86927200,Tesla,TSLA,0.0493,-0.1297,1.0334,1,Tesla market update,1.0,0,0.0493
2024-09-24,254.27,88491000,Tesla,TSLA,0.0171,0.018,1.0327,1,Tesla market update,1.0,0,0.0171
2024-09-25,257.02,65034300,Tesla,TSLA,0.0108,-0.2651,1.0189,0,Tesla market update,1.0,0,0.0108
2024-09-26,254.22,67142200,Tesla,TSLA,-0.0109,0.0324,1.0406,1,Tesla market update,1.0,0,0.0109
2024-09-27,260.46,70988100,Tesla,TSLA,0.0245,0.0573,1.0259,1,Tesla market update,1.0,0,0.0245
2024-09-30,261.63,80705700,Tesla,TSLA,0.0045,0.1369,1.0355,0,Tesla market update,1.0,0,0.0045
2024-10-01,258.02,87397600,Tesla,TSLA,-0.0138,0.0829,1.0622,0,Tesla market update,1.0,0,0.0138
2024-10-02,249.02,93983900,Tesla,TSLA,-0.0349,0.0754,1.04,0,Tesla market update,1.0,0,0.0349
2024-10-03,240.66,80729200,Tesla,TSLA,-0.0336,-0.141,1.0504,1,Tesla market update,1.0,0,0.0336
2024-10-04,250.08,86573200,Tesla,TSLA,0.0391,0.0724,1.0261,0,Tesla market update,1.0,0,0.0391
2024-10-07,240.83,68113300,Tesla,TSLA,-0.037,-0.2132,1.0379,1,Tesla market update,1.0,0,0.037
2024-10-08,244.5,56303200,Tesla,TSLA,0.0152,-0.1734,1.0235,0,Tesla market update,1.0,0,0.0152
2024-10-09,241.05,66289500,Tesla,TSLA,-0.0141,0.1774,1.0331,0,Tesla market update,1.0,0,0.0141
2024-10-10,238.77,83087100,Tesla,TSLA,-0.0095,0.2534,1.045,0,Tesla market update,1.0,0,0.0095
2024-10-11,217.8,142628900,Tesla,TSLA,-0.0878,0.7166,1.0418,1,Tesla market update,1.0,0,0.0878
2024-10-14,219.16,86291900,Tesla,TSLA,0.0062,-0.395,1.0382,1,Tesla market update,1.0,0,0.0062
2024-10-15,219.57,62988800,Tesla,TSLA,0.0019,-0.27,1.0329,1,Tesla market update,1.0,0,0.0019
2024-10-16,221.33,49632800,Tesla,TSLA,0.008,-0.212,1.0178,0,Tesla market update,1.0,0,0.008
2024-10-17,220.89,50791800,Tesla,TSLA,-0.002,0.0234,1.0192,0,Tesla market update,1.0,0,0.002
2024-10-18,220.7,49611900,Tesla,TSLA,-0.0009,-0.0232,1.0139,0,Tesla market update,1.0,0,0.0009
2024-10-21,218.85,47329000,Tesla,TSLA,-0.0084,-0.046,1.022,0,Tesla market update,1.0,0,0.0084
2024-10-22,217.97,43268700,Tesla,TSLA,-0.004,-0.0858,1.0138,0,Tesla market update,1.0,0,0.004
2024-10-23,213.65,80938900,Tesla,TSLA,-0.0198,0.8706,1.0312,1,Tesla market update,1.0,0,0.0198
2024-10-24,260.48,204491900,Tesla,TSLA,0.2192,1.5265,1.0802,1,Tesla market update,1.0,0,0.2192
2024-10-25,269.19,161611900,Tesla,TSLA,0.0334,-0.2097,1.0555,0,Tesla market update,1.0,0,0.0334
2024-10-28,262.51,107653600,Tesla,TSLA,-0.0248,-0.3339,1.0431,0,Tesla market update,1.0,0,0.0248
2024-10-29,259.52,80521800,Tesla,TSLA,-0.0114,-0.252,1.0371,0,Tesla market update,1.0,0,0.0114
2024-10-30,257.55,53993600,Tesla,TSLA,-0.0076,-0.3295,1.0294,0,Tesla market update,1.0,0,0.0076
2024-10-31,249.85,66575300,Tesla,TSLA,-0.0299,0.233,1.0421,0,Tesla market update,1.0,0,0.0299
2024-11-01,248.98,57544800,Tesla,TSLA,-0.0035,-0.1356,1.0299,0,Tesla market update,1.0,0,0.0035
2024-11-04,242.84,68802400,Tesla,TSLA,-0.0247,0.1956,1.0419,1,Tesla market update,1.0,0,0.0247
2024-11-05,251.44,69282500,Tesla,TSLA,0.0354,0.007,1.0368,1,Tesla market update,1.0,0,0.0354
2024-11-06,288.53,165228700,Tesla,TSLA,0.1475,1.3849,1.0507,1,Tesla market update,1.0,0,0.1475
2024-11-07,296.91,117309200,Tesla,TSLA,0.029,-0.29,1.0498,1,Tesla market update,1.0,0,0.029
2024-11-08,321.22,204782800,Tesla,TSLA,0.0819,0.7457,1.1043,1,Tesla market update,1.0,0,0.0819
2024-11-11,350.0,210521600,Tesla,TSLA,0.0896,0.028,1.0674,0,Tesla market update,1.0,0,0.0896
2024-11-12,328.49,155726000,Tesla,TSLA,-0.0615,-0.2603,1.0697,1,Tesla market update,1.0,0,0.0615
2024-11-13,330.24,125405600,Tesla,TSLA,0.0053,-0.1947,1.0685,0,Tesla market update,1.0,0,0.0053
2024-11-14,311.18,120726100,Tesla,TSLA,-0.0577,-0.0373,1.0632,1,Tesla market update,1.0,0,0.0577
2024-11-15,320.72,114440300,Tesla,TSLA,0.0307,-0.0521,1.05,1,Tesla market update,1.0,0,0.0307
2024-11-18,338.74,126085600,Tesla,TSLA,0.0562,0.1018,1.0562,1,Tesla market update,1.0,0,0.0562
2024-11-19,346.0,88852500,Tesla,TSLA,0.0214,-0.2953,1.044,0,Tesla market update,1.0,0,0.0214
2024-11-20,342.03,66340700,Tesla,TSLA,-0.0115,-0.2534,1.0368,0,Tesla market update,1.0,0,0.0115
2024-11-21,339.64,58011700,Tesla,TSLA,-0.007,-0.1255,1.0379,1,Tesla market update,1.0,0,0.007
2024-11-22,352.56,89140700,Tesla,TSLA,0.038,0.5366,1.0706,0,Tesla market update,1.0,0,0.038
2024-11-25,338.59,95890900,Tesla,TSLA,-0.0396,0.0757,1.0702,0,Tesla market update,1.0,0,0.0396
2024-11-26,338.23,62295900,Tesla,TSLA,-0.0011,-0.3503,1.0337,0,Tesla market update,1.0,0,0.0011
2024-11-27,332.89,57896400,Tesla,TSLA,-0.0158,-0.0706,1.0489,1,Tesla market update,1.0,0,0.0158
2024-11-29,345.16,37167600,Tesla,TSLA,0.0369,-0.358,1.0323,1,Tesla market update,1.0,0,0.0369
2024-12-02,357.09,77986500,Tesla,TSLA,0.0346,1.0982,1.0252,0,Tesla market update,1.0,0,0.0346
2024-12-03,351.42,58267200,Tesla,TSLA,-0.0159,-0.2529,1.0215,1,Tesla market update,1.0,0,0.0159
2024-12-04,357.93,50810900,Tesla,TSLA,0.0185,-0.128,1.0273,1,Tesla market update,1.0,0,0.0185
2024-12-05,369.49,81403600,Tesla,TSLA,0.0323,0.6021,1.0443,1,Tesla market update,1.0,0,0.0323
2024-12-06,389.22,81455800,Tesla,TSLA,0.0534,0.0006,1.0504,1,Tesla market update,1.0,0,0.0534
2024-12-09,389.79,96359200,Tesla,TSLA,0.0015,0.183,1.0709,1,Tesla market update,1.0,0,0.0015
2024-12-10,400.99,97563600,Tesla,TSLA,0.0287,0.0125,1.0483,1,Tesla market update,1.0,0,0.0287
2024-12-11,424.77,104287600,Tesla,TSLA,0.0593,0.0689,1.0559,0,Tesla market update,1.0,0,0.0593
2024-12-12,418.1,87752200,Tesla,TSLA,-0.0157,-0.1586,1.0345,1,Tesla market update,1.0,0,0.0157
2024-12-13,436.23,89000200,Tesla,TSLA,0.0434,0.0142,1.0495,1,Tesla market update,1.0,0,0.0434
2024-12-16,463.02,114083800,Tesla,TSLA,0.0614,0.2818,1.062,1,Tesla market update,1.0,0,0.0614
2024-12-17,479.86,131223000,Tesla,TSLA,0.0364,0.1502,1.0579,0,Tesla market update,1.0,0,0.0364
2024-12-18,440.13,149340800,Tesla,TSLA,-0.0828,0.1381,1.1441,0,Tesla market update,1.0,0,0.0828
2024-12-19,436.17,118566100,Tesla,TSLA,-0.009,-0.2061,1.0865,0,Tesla market update,1.0,0,0.009
2024-12-20,421.06,132216200,Tesla,TSLA,-0.0346,0.1151,1.0705,1,Tesla market update,1.0,0,0.0346
2024-12-23,430.6,72698100,Tesla,TSLA,0.0227,-0.4502,1.046,1,Tesla market update,1.0,0,0.0227
2024-12-24,462.28,59551800,Tesla,TSLA,0.0736,-0.1808,1.0635,0,Tesla market update,1.0,0,0.0736
2024-12-26,454.13,76366400,Tesla,TSLA,-0.0176,0.2824,1.0317,0,Tesla market update,1.0,0,0.0176
2024-12-27,431.66,82666800,Tesla,TSLA,-0.0495,0.0825,1.0551,0,Tesla market update,1.0,0,0.0495
2024-12-30,417.41,64941000,Tesla,TSLA,-0.033,-0.2144,1.0271,0,Tesla market update,1.0,0,0.033
2024-12-31,403.84,76825100,Tesla,TSLA,-0.0325,0.183,1.0631,0,Tesla market update,1.0,0,0.0325
2025-01-02,379.28,109710700,Tesla,TSLA,-0.0608,0.4281,1.0528,1,Tesla market update,1.0,0,0.0608
2025-01-03,410.44,95423300,Tesla,TSLA,0.0822,-0.1302,1.0855,1,Tesla market update,1.0,0,0.0822
2025-01-06,411.05,85516500,Tesla,TSLA,0.0015,-0.1038,1.0616,0,Tesla market update,1.0,0,0.0015
2025-01-07,394.36,75699500,Tesla,TSLA,-0.0406,-0.1148,1.0624,1,Tesla market update,1.0,0,0.0406
2025-01-08,394.94,73038800,Tesla,TSLA,0.0015,-0.0351,1.039,0,Tesla market update,1.0,0,0.0015
2025-01-10,394.74,62287300,Tesla,TSLA,-0.0005,-0.1472,1.0583,1,Tesla market update,1.0,0,0.0005
2025-01-13,403.31,67580500,Tesla,TSLA,0.0217,0.085,1.0624,0,Tesla market update,1.0,0,0.0217
2025-01-14,396.36,84565000,Tesla,TSLA,-0.0172,0.2513,1.0712,1,Tesla market update,1.0,0,0.0172
2025-01-15,428.22,81375500,Tesla,TSLA,0.0804,-0.0377,1.0595,0,Tesla market update,1.0,0,0.0804
2025-01-16,413.82,68335200,Tesla,TSLA,-0.0336,-0.1602,1.0363,1,Tesla market update,1.0,0,0.0336
2025-01-17,426.5,94991400,Tesla,TSLA,0.0306,0.3901,1.0476,0,Tesla market update,1.0,0,0.0306
2025-01-21,424.07,87320900,Tesla,TSLA,-0.0057,-0.0807,1.0662,0,Tesla market update,1.0,0,0.0057
2025-01-22,415.11,60963300,Tesla,TSLA,-0.0211,-0.3018,1.0323,0,Tesla market update,1.0,0,0.0211
2025-01-23,412.38,50690600,Tesla,TSLA,-0.0066,-0.1685,1.0288,0,Tesla market update,1.0,0,0.0066
2025-01-24,406.58,56427100,Tesla,TSLA,-0.0141,0.1132,1.0323,0,Tesla market update,1.0,0,0.0141
2025-01-27,397.15,58125500,Tesla,TSLA,-0.0232,0.0301,1.0455,1,Tesla market update,1.0,0,0.0232
2025-01-28,398.09,48910700,Tesla,TSLA,0.0024,-0.1585,1.0365,0,Tesla market update,1.0,0,0.0024
2025-01-29,389.1,68033600,Tesla,TSLA,-0.0226,0.391,1.0367,1,Tesla market update,1.0,0,0.0226
2025-01-30,400.28,98092900,Tesla,TSLA,0.0287,0.4418,1.0731,1,Tesla market update,1.0,0,0.0287
2025-01-31,404.6,83283600,Tesla,TSLA,0.0108,-0.151,1.0465,0,Tesla market update,1.0,0,0.0108
2025-02-03,383.68,93732100,Tesla,TSLA,-0.0517,0.1255,1.0396,1,Tesla market update,1.0,0,0.0517
2025-02-04,392.21,57072200,Tesla,TSLA,0.0222,-0.3911,1.033,0,Tesla market update,1.0,0,0.0222
2025-02-05,378.17,57223300,Tesla,TSLA,-0.0358,0.0026,1.0342,0,Tesla market update,1.0,0,0.0358
2025-02-06,374.32,77918200,Tesla,TSLA,-0.0102,0.3617,1.0336,0,Tesla market update,1.0,0,0.0102
2025-02-07,361.62,70298300,Tesla,TSLA,-0.0339,-0.0978,1.0561,0,Tesla market update,1.0,0,0.0339
2025-02-10,350.73,77514900,Tesla,TSLA,-0.0301,0.1027,1.0348,0,Tesla market update,1.0,0,0.0301
2025-02-11,328.5,118543400,Tesla,TSLA,-0.0634,0.5293,1.0747,1,Tesla market update,1.0,0,0.0634
2025-02-12,336.51,105382700,Tesla,TSLA,0.0244,-0.111,1.0525,1,Tesla market update,1.0,0,0.0244
2025-02-13,355.94,89441500,Tesla,TSLA,0.0577,-0.1513,1.0462,0,Tesla market update,1.0,0,0.0577
2025-02-14,355.84,68277300,Tesla,TSLA,-0.0003,-0.2366,1.0417,0,Tesla market update,1.0,0,0.0003
2025-02-18,354.11,51631700,Tesla,TSLA,-0.0049,-0.2438,1.0259,1,Tesla market update,1.0,0,0.0049
2025-02-19,360.56,67094400,Tesla,TSLA,0.0182,0.2995,1.0387,0,Tesla market update,1.0,0,0.0182
2025-02-20,354.4,45965400,Tesla,TSLA,-0.0171,-0.3149,1.0411,0,Tesla market update,1.0,0,0.0171
2025-02-21,337.8,74058600,Tesla,TSLA,-0.0468,0.6112,1.0615,0,Tesla market update,1.0,0,0.0468
2025-02-24,330.53,76052300,Tesla,TSLA,-0.0215,0.0269,1.0545,0,Tesla market update,1.0,0,0.0215
2025-02-25,302.8,134228800,Tesla,TSLA,-0.0839,0.765,1.1064,0,Tesla market update,1.0,0,0.0839
2025-02-26,290.8,100118300,Tesla,TSLA,-0.0396,-0.2541,1.0728,0,Tesla market update,1.0,0,0.0396
2025-02-27,281.95,101748200,Tesla,TSLA,-0.0304,0.0163,1.0582,1,Tesla market update,1.0,0,0.0304
2025-02-28,292.98,115697000,Tesla,TSLA,0.0391,0.1371,1.0741,0,Tesla market update,1.0,0,0.0391
2025-03-03,284.65,115551400,Tesla,TSLA,-0.0284,-0.0013,1.0961,0,Tesla market update,1.0,0,0.0284
2025-03-04,272.04,126706600,Tesla,TSLA,-0.0443,0.0965,1.086,1,Tesla market update,1.0,0,0.0443
2025-03-05,279.1,94042900,Tesla,TSLA,0.026,-0.2578,1.0442,0,Tesla market update,1.0,0,0.026
2025-03-06,263.45,98451600,Tesla,TSLA,-0.0561,0.0469,1.0486,0,Tesla market update,1.0,0,0.0561
2025-03-07,262.67,102369600,Tesla,TSLA,-0.003,0.0398,1.0619,0,Tesla market update,1.0,0,0.003
2025-03-10,222.15,189076900,Tesla,TSLA,-0.1543,0.847,1.1517,1,Tesla market update,1.0,0,0.1543
2025-03-11,230.58,174896400,Tesla,TSLA,0.0379,-0.075,1.0923,1,Tesla market update,1.0,0,0.0379
2025-03-12,248.09,142215700,Tesla,TSLA,0.0759,-0.1869,1.0445,0,Tesla market update,1.0,0,0.0759
2025-03-13,240.68,114813500,Tesla,TSLA,-0.0299,-0.1927,1.0675,1,Tesla market update,1.0,0,0.0299
2025-03-14,249.98,100242300,Tesla,TSLA,0.0386,-0.1269,1.0451,0,Tesla market update,1.0,0,0.0386
2025-03-17,238.01,111900600,Tesla,TSLA,-0.0479,0.1163,1.0541,0,Tesla market update,1.0,0,0.0479
2025-03-18,225.31,111477600,Tesla,TSLA,-0.0534,-0.0038,1.0352,1,Tesla market update,1.0,0,0.0534
2025-03-19,235.86,111993800,Tesla,TSLA,0.0468,0.0046,1.0533,1,Tesla market update,1.0,0,0.0468
2025-03-20,236.26,99028300,Tesla,TSLA,0.0017,-0.1158,1.0346,1,Tesla market update,1.0,0,0.0017
2025-03-21,248.71,132728700,Tesla,TSLA,0.0527,0.3403,1.0638,1,Tesla market update,1.0,0,0.0527
2025-03-24,278.39,169079900,Tesla,TSLA,0.1193,0.2739,1.087,1,Tesla market update,1.0,0,0.1193
2025-03-25,288.14,150361500,Tesla,TSLA,0.035,-0.1107,1.0624,0,Tesla market update,1.0,0,0.035
2025-03-26,272.06,153629800,Tesla,TSLA,-0.0558,0.0217,1.069,1,Tesla market update,1.0,0,0.0558
2025-03-27,273.13,162572100,Tesla,TSLA,0.0039,0.0582,1.0737,0,Tesla market update,1.0,0,0.0039
2025-03-28,263.55,123809400,Tesla,TSLA,-0.0351,-0.2384,1.0596,0,Tesla market update,1.0,0,0.0351
2025-03-31,259.16,134008900,Tesla,TSLA,-0.0167,0.0824,1.0707,1,Tesla market update,1.0,0,0.0167
2025-04-01,268.46,146486900,Tesla,TSLA,0.0359,0.0931,1.0702,1,Tesla market update,1.0,0,0.0359
2025-04-02,282.76,212787800,Tesla,TSLA,0.0533,0.4526,1.1342,0,Tesla market update,1.0,0,0.0533
2025-04-03,267.28,136174300,Tesla,TSLA,-0.0547,-0.36,1.0566,0,Tesla market update,1.0,0,0.0547
2025-04-04,239.43,181229400,Tesla,TSLA,-0.1042,0.3309,1.1059,0,Tesla market update,1.0,0,0.1042
2025-04-07,233.29,183453800,Tesla,TSLA,-0.0256,0.0123,1.1762,0,Tesla market update,1.0,0,0.0256
2025-04-08,221.86,171603500,Tesla,TSLA,-0.049,-0.0646,1.1499,1,Tesla market update,1.0,0,0.049
2025-04-09,272.2,219433400,Tesla,TSLA,0.2269,0.2787,1.227,0,Tesla market update,1.0,0,0.2269
2025-04-10,252.4,181722600,Tesla,TSLA,-0.0727,-0.1719,1.0968,0,Tesla market update,1.0,0,0.0727
2025-04-11,252.31,128948100,Tesla,TSLA,-0.0004,-0.2904,1.0679,1,Tesla market update,1.0,0,0.0004
2025-04-14,252.35,100135200,Tesla,TSLA,0.0002,-0.2234,1.0645,1,Tesla market update,1.0,0,0.0002
2025-04-15,254.11,79594300,Tesla,TSLA,0.007,-0.2051,1.0453,0,Tesla market update,1.0,0,0.007
2025-04-16,241.55,112378700,Tesla,TSLA,-0.0494,0.4119,1.0773,0,Tesla market update,1.0,0,0.0494
2025-04-17,241.37,83404800,Tesla,TSLA,-0.0007,-0.2578,1.028,0,Tesla market update,1.0,0,0.0007
2025-04-21,227.5,97768000,Tesla,TSLA,-0.0575,0.1722,1.0423,1,Tesla market update,1.0,0,0.0575
2025-04-22,237.97,120858500,Tesla,TSLA,0.046,0.2362,1.0563,1,Tesla market update,1.0,0,0.046
2025-04-23,250.74,150381900,Tesla,TSLA,0.0537,0.2443,1.0614,1,Tesla market update,1.0,0,0.0537
2025-04-24,259.51,94464200,Tesla,TSLA,0.035,-0.3718,1.0415,1,Tesla market update,1.0,0,0.035
2025-04-25,284.95,167560700,Tesla,TSLA,0.098,0.7738,1.1048,1,Tesla market update,1.0,0,0.098
2025-04-28,285.88,151731800,Tesla,TSLA,0.0033,-0.0945,1.0824,1,Tesla market update,1.0,0,0.0033
2025-04-29,292.03,108906600,Tesla,TSLA,0.0215,-0.2822,1.0496,0,Tesla market update,1.0,0,0.0215
2025-04-30,282.16,128961100,Tesla,TSLA,-0.0338,0.1841,1.0505,0,Tesla market update,1.0,0,0.0338
2025-05-01,280.52,99659000,Tesla,TSLA,-0.0058,-0.2272,1.0395,1,Tesla market update,1.0,0,0.0058
2025-05-02,287.21,114454700,Tesla,TSLA,0.0238,0.1485,1.0535,0,Tesla market update,1.0,0,0.0238
2025-05-05,280.26,94618900,Tesla,TSLA,-0.0242,-0.1733,1.0381,0,Tesla market update,1.0,0,0.0242
2025-05-06,275.35,76715800,Tesla,TSLA,-0.0175,-0.1892,1.0235,1,Tesla market update,1.0,0,0.0175
2025-05-07,276.22,71592600,Tesla,TSLA,0.0032,-0.0668,1.0255,1,Tesla market update,1.0,0,0.0032
2025-05-08,284.82,97539400,Tesla,TSLA,0.0311,0.3624,1.0372,1,Tesla market update,1.0,0,0.0311
2025-05-09,298.26,132387800,Tesla,TSLA,0.0472,0.3573,1.0588,1,Tesla market update,1.0,0,0.0472
2025-05-12,318.38,112826700,Tesla,TSLA,0.0675,-0.1478,1.0344,1,Tesla market update,1.0,0,0.0675
2025-05-13,334.07,136992600,Tesla,TSLA,0.0493,0.2142,1.0656,1,Tesla market update,1.0,0,0.0493
2025-05-14,347.68,136997300,Tesla,TSLA,0.0407,0.0,1.0386,0,Tesla market update,1.0,0,0.0407
2025-05-15,342.82,97882600,Tesla,TSLA,-0.014,-0.2855,1.0341,1,Tesla market update,1.0,0,0.014
2025-05-16,349.98,95895700,Tesla,TSLA,0.0209,-0.0203,1.0271,0,Tesla market update,1.0,0,0.0209
2025-05-19,342.09,88869900,Tesla,TSLA,-0.0225,-0.0733,1.0289,1,Tesla market update,1.0,0,0.0225
2025-05-20,343.82,131715500,Tesla,TSLA,0.0051,0.4821,1.0391,0,Tesla market update,1.0,0,0.0051
2025-05-21,334.62,102354800,Tesla,TSLA,-0.0268,-0.2229,1.0456,1,Tesla market update,1.0,0,0.0268
2025-05-22,341.04,97113400,Tesla,TSLA,0.0192,-0.0512,1.0479,0,Tesla market update,1.0,0,0.0192
2025-05-23,339.34,84654800,Tesla,TSLA,-0.005,-0.1283,1.0299,1,Tesla market update,1.0,0,0.005
2025-05-27,362.89,120146400,Tesla,TSLA,0.0694,0.4193,1.0474,0,Tesla market update,1.0,0,0.0694
2025-05-28,356.9,91404300,Tesla,TSLA,-0.0165,-0.2392,1.0255,1,Tesla market update,1.0,0,0.0165
2025-05-29,358.43,88087800,Tesla,TSLA,0.0043,-0.0363,1.0329,0,Tesla market update,1.0,0,0.0043
2025-05-30,346.46,123474900,Tesla,TSLA,-0.0334,0.4017,1.0533,0,Tesla market update,1.0,0,0.0334
2025-06-02,342.69,81873800,Tesla,TSLA,-0.0109,-0.3369,1.0441,1,Tesla market update,1.0,0,0.0109
2025-06-03,344.27,99324500,Tesla,TSLA,0.0046,0.2131,1.036,0,Tesla market update,1.0,0,0.0046
2025-06-04,332.05,98912100,Tesla,TSLA,-0.0355,-0.0042,1.0558,0,Tesla market update,1.0,0,0.0355
2025-06-05,284.7,287499800,Tesla,TSLA,-0.1426,1.9066,1.1879,1,Tesla market update,1.0,0,0.1426
2025-06-06,295.14,164747700,Tesla,TSLA,0.0367,-0.427,1.0493,1,Tesla market update,1.0,0,0.0367
2025-06-09,308.58,140908900,Tesla,TSLA,0.0455,-0.1447,1.0993,1,Tesla market update,1.0,0,0.0455
2025-06-10,326.09,151256500,Tesla,TSLA,0.0567,0.0734,1.0552,1,Tesla market update,1.0,0,0.0567
2025-06-11,326.43,122611400,Tesla,TSLA,0.001,-0.1894,1.0403,0,Tesla market update,1.0,0,0.001
2025-06-12,319.11,105127500,Tesla,TSLA,-0.0224,-0.1426,1.0495,1,Tesla market update,1.0,0,0.0224
2025-06-13,325.31,128964300,Tesla,TSLA,0.0194,0.2267,1.0628,1,Tesla market update,1.0,0,0.0194
2025-06-16,329.13,83925900,Tesla,TSLA,0.0117,-0.3492,1.0173,0,Tesla market update,1.0,0,0.0117
2025-06-17,316.35,88282700,Tesla,TSLA,-0.0388,0.0519,1.0398,1,Tesla market update,1.0,0,0.0388
2025-06-18,322.05,95137700,Tesla,TSLA,0.018,0.0776,1.044,1,Tesla market update,1.0,0,0.018
2025-06-20,322.16,108688000,Tesla,TSLA,0.0003,0.1424,1.0459,1,Tesla market update,1.0,0,0.0003
2025-06-23,348.68,190716800,Tesla,TSLA,0.0823,0.7547,1.0918,0,Tesla market update,1.0,0,0.0823
2025-06-24,340.47,114736200,Tesla,TSLA,-0.0235,-0.3984,1.0465,0,Tesla market update,1.0,0,0.0235
2025-06-25,327.55,119845100,Tesla,TSLA,-0.0379,0.0445,1.0705,0,Tesla market update,1.0,0,0.0379
2025-06-26,325.78,80440900,Tesla,TSLA,-0.0054,-0.3288,1.023,0,Tesla market update,1.0,0,0.0054
2025-06-27,323.63,89067000,Tesla,TSLA,-0.0066,0.1072,1.0373,0,Tesla market update,1.0,0,0.0066
2025-06-30,317.66,76695100,Tesla,TSLA,-0.0184,-0.1389,1.0284,0,Tesla market update,1.0,0,0.0184
2025-07-01,300.71,145085700,Tesla,TSLA,-0.0534,0.8917,1.0432,1,Tesla market update,1.0,0,0.0534
2025-07-02,315.65,119483700,Tesla,TSLA,0.0497,-0.1765,1.0428,0,Tesla market update,1.0,0,0.0497
2025-07-03,315.35,58042300,Tesla,TSLA,-0.001,-0.5142,1.0182,0,Tesla market update,1.0,0,0.001
2025-07-07,293.94,131177900,Tesla,TSLA,-0.0679,1.26,1.0256,1,Tesla market update,1.0,0,0.0679
2025-07-08,297.81,103246700,Tesla,TSLA,0.0132,-0.2129,1.033,0,Tesla market update,1.0,0,0.0132
2025-07-09,295.88,75586800,Tesla,TSLA,-0.0065,-0.2679,1.0225,1,Tesla market update,1.0,0,0.0065
2025-07-10,309.87,104365300,Tesla,TSLA,0.0473,0.3807,1.0349,1,Tesla market update,1.0,0,0.0473
2025-07-11,313.51,79236400,Tesla,TSLA,0.0117,-0.2408,1.0276,1,Tesla market update,1.0,0,0.0117
2025-07-14,316.9,78043400,Tesla,TSLA,0.0108,-0.0151,1.0318,0,Tesla market update,1.0,0,0.0108
2025-07-15,310.78,77556300,Tesla,TSLA,-0.0193,-0.0062,1.0345,1,Tesla market update,1.0,0,0.0193
2025-07-16,321.67,97284800,Tesla,TSLA,0.035,0.2544,1.0348,0,Tesla market update,1.0,0,0.035
2025-07-17,319.41,73922900,Tesla,TSLA,-0.007,-0.2401,1.023,1,Tesla market update,1.0,0,0.007
2025-07-18,329.65,94255000,Tesla,TSLA,0.0321,0.275,1.0295,0,Tesla market update,1.0,0,0.0321
2025-07-21,328.49,75768800,Tesla,TSLA,-0.0035,-0.1961,1.034,1,Tesla market update,1.0,0,0.0035
2025-07-22,332.11,77370400,Tesla,TSLA,0.011,0.0211,1.0431,1,Tesla market update,1.0,0,0.011
2025-07-23,332.56,92553800,Tesla,TSLA,0.0014,0.1962,1.0229,0,Tesla market update,1.0,0,0.0014
2025-07-24,305.3,156966000,Tesla,TSLA,-0.082,0.6959,1.0324,1,Tesla market update,1.0,0,0.082
2025-07-25,316.06,148227000,Tesla,TSLA,0.0352,-0.0557,1.0507,1,Tesla market update,1.0,0,0.0352
2025-07-28,325.59,112673800,Tesla,TSLA,0.0302,-0.2399,1.0469,0,Tesla market update,1.0,0,0.0302
2025-07-29,321.2,87358900,Tesla,TSLA,-0.0135,-0.2247,1.0251,0,Tesla market update,1.0,0,0.0135
2025-07-30,319.04,83931900,Tesla,TSLA,-0.0067,-0.0392,1.0412,0,Tesla market update,1.0,0,0.0067
2025-07-31,308.27,85270900,Tesla,TSLA,-0.0338,0.016,1.0499,0,Tesla market update,1.0,0,0.0338
2025-08-01,302.63,89121400,Tesla,TSLA,-0.0183,0.0452,1.0386,1,Tesla market update,1.0,0,0.0183
2025-08-04,309.26,78683900,Tesla,TSLA,0.0219,-0.1171,1.0301,0,Tesla market update,1.0,0,0.0219
2025-08-05,308.72,57961300,Tesla,TSLA,-0.0017,-0.2634,1.0227,1,Tesla market update,1.0,0,0.0017
2025-08-06,319.91,78523600,Tesla,TSLA,0.0362,0.3548,1.0441,1,Tesla market update,1.0,0,0.0362
2025-08-07,322.27,66658700,Tesla,TSLA,0.0074,-0.1511,1.0197,1,Tesla market update,1.0,0,0.0074
2025-08-08,329.65,91200300,Tesla,TSLA,0.0229,0.3682,1.0441,1,Tesla market update,1.0,0,0.0229
2025-08-11,339.03,105320200,Tesla,TSLA,0.0285,0.1548,1.0374,1,Tesla market update,1.0,0,0.0285
2025-08-12,340.84,80522100,Tesla,TSLA,0.0053,-0.2355,1.037,0,Tesla market update,1.0,0,0.0053
2025-08-13,339.38,67838900,Tesla,TSLA,-0.0043,-0.1575,1.0319,0,Tesla market update,1.0,0,0.0043
2025-08-14,335.58,75000700,Tesla,TSLA,-0.0112,0.1056,1.0305,0,Tesla market update,1.0,0,0.0112
2025-08-15,330.56,74319800,Tesla,TSLA,-0.015,-0.0091,1.0376,1,Tesla market update,1.0,0,0.015
2025-08-18,335.16,56956600,Tesla,TSLA,0.0139,-0.2336,1.0203,0,Tesla market update,1.0,0,0.0139
2025-08-19,329.31,75956000,Tesla,TSLA,-0.0175,0.3336,1.0387,0,Tesla market update,1.0,0,0.0175
2025-08-20,323.9,77481800,Tesla,TSLA,-0.0164,0.0201,1.0533,0,Tesla market update,1.0,0,0.0164
2025-08-21,320.11,55744400,Tesla,TSLA,-0.0117,-0.2805,1.0195,1,Tesla market update,1.0,0,0.0117
2025-08-22,340.01,94016300,Tesla,TSLA,0.0622,0.6866,1.0643,1,Tesla market update,1.0,0,0.0622
2025-08-25,346.6,86670000,Tesla,TSLA,0.0194,-0.0781,1.0433,1,Tesla market update,1.0,0,0.0194
2025-08-26,351.67,76651600,Tesla,TSLA,0.0146,-0.1156,1.0238,0,Tesla market update,1.0,0,0.0146
2025-08-27,349.6,65519000,Tesla,TSLA,-0.0059,-0.1452,1.0178,0,Tesla market update,1.0,0,0.0059
2025-08-28,345.98,67903200,Tesla,TSLA,-0.0104,0.0364,1.0391,0,Tesla market update,1.0,0,0.0104
2025-08-29,333.87,81145700,Tesla,TSLA,-0.035,0.195,1.0514,0,Tesla market update,1.0,0,0.035
2025-09-02,329.36,58392000,Tesla,TSLA,-0.0135,-0.2804,1.0237,1,Tesla market update,1.0,0,0.0135
2025-09-03,334.09,88733300,Tesla,TSLA,0.0144,0.5196,1.0451,1,Tesla market update,1.0,0,0.0144
2025-09-04,338.53,60711000,Tesla,TSLA,0.0133,-0.3158,1.0224,1,Tesla market update,1.0,0,0.0133
2025-09-05,350.84,108989800,Tesla,TSLA,0.0364,0.7952,1.0325,0,Tesla market update,1.0,0,0.0364
2025-09-08,346.4,75208300,Tesla,TSLA,-0.0127,-0.31,1.0394,1,Tesla market update,1.0,0,0.0127
2025-09-09,346.97,53816000,Tesla,TSLA,0.0016,-0.2844,1.0202,1,Tesla market update,1.0,0,0.0016
2025-09-10,347.79,72121700,Tesla,TSLA,0.0024,0.3402,1.0296,1,Tesla market update,1.0,0,0.0024
2025-09-11,368.81,103756000,Tesla,TSLA,0.0604,0.4386,1.0615,1,Tesla market update,1.0,0,0.0604
2025-09-12,395.94,168156400,Tesla,TSLA,0.0736,0.6207,1.0714,1,Tesla market update,1.0,0,0.0736
2025-09-15,410.04,163823700,Tesla,TSLA,0.0356,-0.0258,1.0578,1,Tesla market update,1.0,0,0.0356
2025-09-16,421.62,104285700,Tesla,TSLA,0.0282,-0.3634,1.0287,1,Tesla market update,1.0,0,0.0282
2025-09-17,425.86,106133500,Tesla,TSLA,0.0101,0.0177,1.0455,0,Tesla market update,1.0,0,0.0101
2025-09-18,416.85,90454500,Tesla,TSLA,-0.0212,-0.1477,1.0376,1,Tesla market update,1.0,0,0.0212
2025-09-19,426.07,93131000,Tesla,TSLA,0.0221,0.0296,1.0184,1,Tesla market update,1.0,0,0.0221
2025-09-22,434.21,97108800,Tesla,TSLA,0.0191,0.0427,1.0369,0,Tesla market update,1.0,0,0.0191
2025-09-23,425.85,83422700,Tesla,TSLA,-0.0193,-0.1409,1.0407,1,Tesla market update,1.0,0,0.0193
2025-09-24,442.79,93133600,Tesla,TSLA,0.0398,0.1164,1.0354,0,Tesla market update,1.0,0,0.0398
2025-09-25,423.39,96746400,Tesla,TSLA,-0.0438,0.0388,1.0388,1,Tesla market update,1.0,0,0.0438
2025-09-26,440.4,101628200,Tesla,TSLA,0.0402,0.0505,1.0462,1,Tesla market update,1.0,0,0.0402
2025-09-29,443.21,79491500,Tesla,TSLA,0.0064,-0.2178,1.0261,1,Tesla market update,1.0,0,0.0064
2025-09-30,444.72,74358000,Tesla,TSLA,0.0034,-0.0646,1.0274,1,Tesla market update,1.0,0,0.0034
2025-10-01,459.46,98122300,Tesla,TSLA,0.0331,0.3196,1.0489,0,Tesla market update,1.0,0,0.0331
2025-10-02,436.0,137009000,Tesla,TSLA,-0.0511,0.3963,1.0808,0,Tesla market update,1.0,0,0.0511
2025-10-03,429.83,133188200,Tesla,TSLA,-0.0142,-0.0279,1.0725,1,Tesla market update,1.0,0,0.0142
2025-10-06,453.25,85324900,Tesla,TSLA,0.0545,-0.3594,1.0386,0,Tesla market update,1.0,0,0.0545
2025-10-07,433.09,102296100,Tesla,TSLA,-0.0445,0.1989,1.0468,1,Tesla market update,1.0,0,0.0445
2025-10-08,438.69,71192100,Tesla,TSLA,0.0129,-0.3041,1.0379,0,Tesla market update,1.0,0,0.0129
2025-10-09,435.54,69339900,Tesla,TSLA,-0.0072,-0.026,1.0239,0,Tesla market update,1.0,0,0.0072
2025-10-10,413.49,112107900,Tesla,TSLA,-0.0506,0.6168,1.077,1,Tesla market update,1.0,0,0.0506
2025-10-13,435.9,79552800,Tesla,TSLA,0.0542,-0.2904,1.041,0,Tesla market update,1.0,0,0.0542
2025-10-14,429.24,72669400,Tesla,TSLA,-0.0153,-0.0865,1.0391,1,Tesla market update,1.0,0,0.0153
2025-10-15,435.15,71558200,Tesla,TSLA,0.0138,-0.0153,1.0333,0,Tesla market update,1.0,0,0.0138
2025-10-16,428.75,77189900,Tesla,TSLA,-0.0147,0.0787,1.0428,1,Tesla market update,1.0,0,0.0147
2025-10-17,439.31,89331600,Tesla,TSLA,0.0246,0.1573,1.0422,1,Tesla market update,1.0,0,0.0246
2025-10-20,447.43,63719000,Tesla,TSLA,0.0185,-0.2867,1.0209,0,Tesla market update,1.0,0,0.0185
2025-10-21,442.6,54412200,Tesla,TSLA,-0.0108,-0.1461,1.0164,0,Tesla market update,1.0,0,0.0108
2025-10-22,438.97,84023500,Tesla,TSLA,-0.0082,0.5442,1.0386,1,Tesla market update,1.0,0,0.0082
2025-10-23,448.98,126709800,Tesla,TSLA,0.0228,0.508,1.0858,0,Tesla market update,1.0,0,0.0228
2025-10-24,433.72,94727800,Tesla,TSLA,-0.034,-0.2524,1.05,1,Tesla market update,1.0,0,0.034
2025-10-27,452.42,105867500,Tesla,TSLA,0.0431,0.1176,1.0489,1,Tesla market update,1.0,0,0.0431
2025-10-28,460.55,80185700,Tesla,TSLA,0.018,-0.2426,1.0341,1,Tesla market update,1.0,0,0.018
2025-10-29,461.51,67983500,Tesla,TSLA,0.0021,-0.1522,1.0288,0,Tesla market update,1.0,0,0.0021
2025-10-30,440.1,72447900,Tesla,TSLA,-0.0464,0.0657,1.0351,1,Tesla market update,1.0,0,0.0464
2025-10-31,456.56,83135800,Tesla,TSLA,0.0374,0.1475,1.0323,1,Tesla market update,1.0,0,0.0374
2025-11-03,468.37,84595200,Tesla,TSLA,0.0259,0.0176,1.0447,0,Tesla market update,1.0,0,0.0259
2025-11-04,444.26,87756600,Tesla,TSLA,-0.0515,0.0374,1.0375,1,Tesla market update,1.0,0,0.0515
2025-11-05,462.07,85573000,Tesla,TSLA,0.0401,-0.0249,1.0581,0,Tesla market update,1.0,0,0.0401
2025-11-06,445.91,109622900,Tesla,TSLA,-0.035,0.281,1.0744,0,Tesla market update,1.0,0,0.035
2025-11-07,429.52,103471500,Tesla,TSLA,-0.0368,-0.0561,1.0414,1,Tesla market update,1.0,0,0.0368
2025-11-10,445.23,76515900,Tesla,TSLA,0.0366,-0.2605,1.0376,0,Tesla market update,1.0,0,0.0366
2025-11-11,439.62,60533200,Tesla,TSLA,-0.0126,-0.2089,1.0234,0,Tesla market update,1.0,0,0.0126
2025-11-12,430.6,58513500,Tesla,TSLA,-0.0205,-0.0334,1.037,0,Tesla market update,1.0,0,0.0205
2025-11-13,401.99,118948000,Tesla,TSLA,-0.0664,1.0328,1.0711,1,Tesla market update,1.0,0,0.0664
2025-11-14,404.35,105506700,Tesla,TSLA,0.0059,-0.113,1.0768,1,Tesla market update,1.0,0,0.0059
2025-11-17,408.92,102214300,Tesla,TSLA,0.0113,-0.0312,1.0632,0,Tesla market update,1.0,0,0.0113
2025-11-18,401.25,80688600,Tesla,TSLA,-0.0188,-0.2106,1.0386,1,Tesla market update,1.0,0,0.0188
2025-11-19,403.99,72047700,Tesla,TSLA,0.0068,-0.1071,1.0333,0,Tesla market update,1.0,0,0.0068
2025-11-20,395.23,113548800,Tesla,TSLA,-0.0217,0.576,1.0866,0,Tesla market update,1.0,0,0.0217
2025-11-21,391.09,100460600,Tesla,TSLA,-0.0105,-0.1153,1.0496,1,Tesla market update,1.0,0,0.0105
2025-11-24,417.78,96806400,Tesla,TSLA,0.0682,-0.0364,1.0514,1,Tesla market update,1.0,0,0.0682
2025-11-25,419.4,71915600,Tesla,TSLA,0.0039,-0.2571,1.0358,1,Tesla market update,1.0,0,0.0039
2025-11-26,426.58,63463000,Tesla,TSLA,0.0171,-0.1175,1.0241,1,Tesla market update,1.0,0,0.0171
2025-11-28,430.17,36252900,Tesla,TSLA,0.0084,-0.4288,1.0158,0,Tesla market update,1.0,0,0.0084
2025-12-01,430.14,57463600,Tesla,TSLA,-0.0001,0.5851,1.0197,0,Tesla market update,1.0,0,0.0001
2025-12-02,429.24,69336600,Tesla,TSLA,-0.0021,0.2066,1.0348,1,Tesla market update,1.0,0,0.0021
2025-12-03,446.74,87483000,Tesla,TSLA,0.0408,0.2617,1.039,1,Tesla market update,1.0,0,0.0408
2025-12-04,454.53,71906500,Tesla,TSLA,0.0174,-0.1781,1.0207,1,Tesla market update,1.0,0,0.0174
2025-12-05,455.0,56427500,Tesla,TSLA,0.001,-0.2153,1.016,0,Tesla market update,1.0,0,0.001
2025-12-08,439.58,69165800,Tesla,TSLA,-0.0339,0.2257,1.0333,1,Tesla market update,1.0,0,0.0339
2025-12-09,445.17,62367400,Tesla,TSLA,0.0127,-0.0983,1.0383,1,Tesla market update,1.0,0,0.0127
2025-12-10,451.45,63257500,Tesla,TSLA,0.0141,0.0143,1.0299,0,Tesla market update,1.0,0,0.0141
2025-12-11,446.89,55979500,Tesla,TSLA,-0.0101,-0.1151,1.0203,1,Tesla market update,1.0,0,0.0101
2025-12-12,458.96,95656700,Tesla,TSLA,0.027,0.7088,1.0483,1,Tesla market update,1.0,0,0.027
2025-12-15,475.31,114542200,Tesla,TSLA,0.0356,0.1974,1.0302,1,Tesla market update,1.0,0,0.0356
2025-12-16,489.88,107608100,Tesla,TSLA,0.0307,-0.0605,1.0551,0,Tesla market update,1.0,0,0.0307
2025-12-17,467.26,106490400,Tesla,TSLA,-0.0462,-0.0104,1.0624,1,Tesla market update,1.0,0,0.0462
2025-12-18,483.37,95168400,Tesla,TSLA,0.0345,-0.1063,1.0375,0,Tesla market update,1.0,0,0.0345
2025-12-19,481.2,103305400,Tesla,TSLA,-0.0045,0.0855,1.0332,1,Tesla market update,1.0,0,0.0045
2025-12-22,488.73,86916100,Tesla,TSLA,0.0156,-0.1586,1.0278,0,Tesla market update,1.0,0,0.0156
2025-12-23,485.56,58223600,Tesla,TSLA,-0.0065,-0.3301,1.0189,0,Tesla market update,1.0,0,0.0065
2025-12-24,485.4,41285400,Tesla,TSLA,-0.0003,-0.2909,1.0296,0,Tesla market update,1.0,0,0.0003
2025-12-26,475.19,58780700,Tesla,TSLA,-0.021,0.4238,1.0322,0,Tesla market update,1.0,0,0.021
2025-12-29,459.64,66263000,Tesla,TSLA,-0.0327,0.1273,1.0227,0,Tesla market update,1.0,0,0.0327
2025-12-30,454.43,59238500,Tesla,TSLA,-0.0113,-0.106,1.0205,0,Tesla market update,1.0,0,0.0113
2025-12-31,449.72,49078000,Tesla,TSLA,-0.0104,-0.1715,1.0161,0,Tesla market update,1.0,0,0.0104
2026-01-02,438.07,85535400,Tesla,TSLA,-0.0259,0.7428,1.0529,1,Tesla market update,1.0,0,0.0259
2026-01-05,451.67,67940800,Tesla,TSLA,0.031,-0.2057,1.0292,0,Tesla market update,1.0,0,0.031
2026-01-06,432.96,89093800,Tesla,TSLA,-0.0414,0.3113,1.0454,0,Tesla market update,1.0,0,0.0414
2026-01-07,431.41,59828800,Tesla,TSLA,-0.0036,-0.3285,1.0164,1,Tesla market update,1.0,0,0.0036
2026-01-08,435.8,57041100,Tesla,TSLA,0.0102,-0.0466,1.0295,1,Tesla market update,1.0,0,0.0102
2026-01-09,445.01,67331500,Tesla,TSLA,0.0211,0.1804,1.0434,1,Tesla market update,1.0,0,0.0211
2026-01-12,448.96,61649600,Tesla,TSLA,0.0089,-0.0844,1.0372,0,Tesla market update,1.0,0,0.0089
2026-01-13,447.2,53719200,Tesla,TSLA,-0.0039,-0.1286,1.0177,0,Tesla market update,1.0,0,0.0039
2026-01-14,439.2,57259500,Tesla,TSLA,-0.0179,0.0659,1.0223,0,Tesla market update,1.0,0,0.0179
2026-01-15,438.57,49465800,Tesla,TSLA,-0.0014,-0.1361,1.0176,0,Tesla market update,1.0,0,0.0014
2026-01-16,437.5,60220600,Tesla,TSLA,-0.0024,0.2174,1.0275,0,Tesla market update,1.0,0,0.0024
2026-01-20,419.25,63187300,Tesla,TSLA,-0.0417,0.0493,1.0318,1,Tesla market update,1.0,0,0.0417
2026-01-21,431.44,68124000,Tesla,TSLA,0.0291,0.0781,1.0443,1,Tesla market update,1.0,0,0.0291
2026-01-22,449.36,71546700,Tesla,TSLA,0.0415,0.0502,1.039,0,Tesla market update,1.0,0,0.0415
2026-01-23,449.06,56771400,Tesla,TSLA,-0.0007,-0.2065,1.0189,0,Tesla market update,1.0,0,0.0007
2026-01-26,435.2,49397400,Tesla,TSLA,-0.0309,-0.1299,1.0248,0,Tesla market update,1.0,0,0.0309
2026-01-27,430.9,37733100,Tesla,TSLA,-0.0099,-0.2361,1.0159,1,Tesla market update,1.0,0,0.0099
2026-01-28,431.46,54857400,Tesla,TSLA,0.0013,0.4538,1.019,0,Tesla market update,1.0,0,0.0013
2026-01-29,416.56,81686100,Tesla,TSLA,-0.0345,0.4891,1.0618,1,Tesla market update,1.0,0,0.0345
2026-01-30,430.41,82626100,Tesla,TSLA,0.0332,0.0115,1.0406,0,Tesla market update,1.0,0,0.0332
2026-02-02,421.81,58739500,Tesla,TSLA,-0.02,-0.2891,1.0305,1,Tesla market update,1.0,0,0.02
2026-02-03,421.96,56886500,Tesla,TSLA,0.0004,-0.0315,1.0359,0,Tesla market update,1.0,0,0.0004
2026-02-04,406.01,74606900,Tesla,TSLA,-0.0378,0.3115,1.0619,0,Tesla market update,1.0,0,0.0378
2026-02-05,397.21,72819800,Tesla,TSLA,-0.0217,-0.024,1.0376,1,Tesla market update,1.0,0,0.0217
2026-02-06,411.11,62677100,Tesla,TSLA,0.035,-0.1393,1.0422,1,Tesla market update,1.0,0,0.035
2026-02-09,417.32,54484300,Tesla,TSLA,0.0151,-0.1307,1.0343,1,Tesla market update,1.0,0,0.0151
2026-02-10,425.21,64450200,Tesla,TSLA,0.0189,0.1829,1.0246,1,Tesla market update,1.0,0,0.0189
2026-02-11,428.27,57362000,Tesla,TSLA,0.0072,-0.11,1.0389,0,Tesla market update,1.0,0,0.0072
2026-02-12,417.07,61933400,Tesla,TSLA,-0.0262,0.0797,1.0537,1,Tesla market update,1.0,0,0.0262
2026-02-13,417.44,51434100,Tesla,TSLA,0.0009,-0.1695,1.0321,0,Tesla market update,1.0,0,0.0009
2026-02-17,410.63,59678800,Tesla,TSLA,-0.0163,0.1603,1.033,1,Tesla market update,1.0,0,0.0163
2026-02-18,411.32,45921400,Tesla,TSLA,0.0017,-0.2305,1.0179,1,Tesla market update,1.0,0,0.0017
2026-02-19,411.71,51019600,Tesla,TSLA,0.0009,0.111,1.0276,1,Tesla market update,1.0,0,0.0009
2026-02-20,411.82,57912200,Tesla,TSLA,0.0003,0.1351,1.0227,0,Tesla market update,1.0,0,0.0003
2026-02-23,399.83,69680000,Tesla,TSLA,-0.0291,0.2032,1.0347,1,Tesla market update,1.0,0,0.0291
2026-02-24,409.38,58579500,Tesla,TSLA,0.0239,-0.1593,1.0331,1,Tesla market update,1.0,0,0.0239
2026-02-25,417.4,54809700,Tesla,TSLA,0.0196,-0.0644,1.0199,0,Tesla market update,1.0,0,0.0196
2026-02-26,408.58,53602500,Tesla,TSLA,-0.0211,-0.022,1.0326,0,Tesla market update,1.0,0,0.0211
2026-02-27,402.51,56890100,Tesla,TSLA,-0.0149,0.0613,1.0226,1,Tesla market update,1.0,0,0.0149
2026-03-02,403.32,55088300,Tesla,TSLA,0.002,-0.0317,1.042,0,Tesla market update,1.0,0,0.002
2026-03-03,392.43,62617300,Tesla,TSLA,-0.027,0.1367,1.0284,1,Tesla market update,1.0,0,0.027
2026-03-04,405.94,68305500,Tesla,TSLA,0.0344,0.0908,1.0348,0,Tesla market update,1.0,0,0.0344
2026-03-05,405.55,51925900,Tesla,TSLA,-0.001,-0.2398,1.023,0,Tesla market update,1.0,0,0.001
2026-03-06,396.73,64054600,Tesla,TSLA,-0.0217,0.2336,1.0206,1,Tesla market update,1.0,0,0.0217
2026-03-09,398.68,67018900,Tesla,TSLA,0.0049,0.0463,1.0529,1,Tesla market update,1.0,0,0.0049
2026-03-10,399.24,59258700,Tesla,TSLA,0.0014,-0.1158,1.0211,1,Tesla market update,1.0,0,0.0014
2026-03-11,407.82,62559900,Tesla,TSLA,0.0215,0.0557,1.0354,0,Tesla market update,1.0,0,0.0215
2026-03-12,395.01,60973800,Tesla,TSLA,-0.0314,-0.0254,1.03,0,Tesla market update,1.0,0,0.0314
2026-03-13,391.2,58504100,Tesla,TSLA,-0.0096,-0.0405,1.0263,1,Tesla market update,1.0,0,0.0096
2026-03-16,395.56,58068300,Tesla,TSLA,0.0111,-0.0074,1.0236,1,Tesla market update,1.0,0,0.0111
2026-03-17,399.27,46890500,Tesla,TSLA,0.0094,-0.1925,1.0181,0,Tesla market update,1.0,0,0.0094
2026-03-18,392.78,50853100,Tesla,TSLA,-0.0163,0.0845,1.0274,0,Tesla market update,1.0,0,0.0163
2026-03-19,380.3,67078300,Tesla,TSLA,-0.0318,0.3191,1.0225,0,Tesla market update,1.0,0,0.0318
2026-03-20,367.96,78628600,Tesla,TSLA,-0.0324,0.1722,1.0423,1,Tesla market update,1.0,0,0.0324
2026-03-23,380.85,74606000,Tesla,TSLA,0.035,-0.0512,1.0338,1,Tesla market update,1.0,0,0.035
2026-03-24,383.03,60004900,Tesla,TSLA,0.0057,-0.1957,1.0297,1,Tesla market update,1.0,0,0.0057
2026-03-25,385.95,55157300,Tesla,TSLA,0.0076,-0.0808,1.0291,0,Tesla market update,1.0,0,0.0076
2026-03-26,372.11,55522900,Tesla,TSLA,-0.0359,0.0066,1.0338,0,Tesla market update,1.0,0,0.0359
2026-03-27,361.83,62065700,Tesla,TSLA,-0.0276,0.1178,1.0289,0,Tesla market update,1.0,0,0.0276
2026-03-30,355.28,67954400,Tesla,TSLA,-0.0181,0.0949,1.043,1,Tesla market update,1.0,0,0.0181
2026-03-31,371.75,75534900,Tesla,TSLA,0.0464,0.1116,1.0342,1,Tesla market update,1.0,0,0.0464
2026-04-01,381.26,58683800,Tesla,TSLA,0.0256,-0.2231,1.0242,0,Tesla market update,1.0,0,0.0256
2026-04-02,360.59,83031200,Tesla,TSLA,-0.0542,0.4149,1.0313,0,Tesla market update,1.0,0,0.0542
2026-04-06,352.82,77697600,Tesla,TSLA,-0.0215,-0.0642,1.0608,0,Tesla market update,1.0,0,0.0215
2026-04-07,346.65,74515400,Tesla,TSLA,-0.0175,-0.041,1.032,0,Tesla market update,1.0,0,0.0175
2026-04-08,343.25,78838600,Tesla,TSLA,-0.0098,0.058,1.0731,1,Tesla market update,1.0,0,0.0098
2026-04-09,345.62,62164000,Tesla,TSLA,0.0069,-0.2115,1.0345,1,Tesla market update,1.0,0,0.0069
2026-04-10,348.95,51336000,Tesla,TSLA,0.0096,-0.1742,1.0222,1,Tesla market update,1.0,0,0.0096
2026-04-13,352.42,53617500,Tesla,TSLA,0.0099,0.0444,1.0223,1,Tesla market update,1.0,0,0.0099
2026-04-14,364.2,59979600,Tesla,TSLA,0.0334,0.1187,1.0362,1,Tesla market update,1.0,0,0.0334
2026-04-15,391.95,113810400,Tesla,TSLA,0.0762,0.8975,1.0887,0,Tesla market update,1.0,0,0.0762
2026-04-16,388.9,63515100,Tesla,TSLA,-0.0078,-0.4419,1.0321,1,Tesla market update,1.0,0,0.0078
2026-04-17,400.62,90640000,Tesla,TSLA,0.0301,0.4271,1.045,0,Tesla market update,1.0,0,0.0301
2026-04-20,392.5,64603900,Tesla,TSLA,-0.0203,-0.2872,1.0476,0,Tesla market update,1.0,0,0.0203
2026-04-21,386.42,50530600,Tesla,TSLA,-0.0155,-0.2178,1.0227,1,Tesla market update,1.0,0,0.0155
2026-04-22,387.51,62362800,Tesla,TSLA,0.0028,0.2342,1.02,0,Tesla market update,1.0,0,0.0028
2026-04-23,373.72,93969500,Tesla,TSLA,-0.0356,0.5068,1.0478,1,Tesla market update,1.0,0,0.0356
2026-04-24,376.3,62893300,Tesla,TSLA,0.0069,-0.3307,1.0324,1,Tesla market update,1.0,0,0.0069
2026-04-27,378.67,66735800,Tesla,TSLA,0.0063,0.0611,1.046,0,Tesla market update,1.0,0,0.0063
2026-04-28,376.02,50864400,Tesla,TSLA,-0.007,-0.2378,1.0262,0,Tesla market update,1.0,0,0.007
2026-04-29,372.8,45384800,Tesla,TSLA,-0.0086,-0.1077,1.0172,1,Tesla market update,1.0,0,0.0086
2026-04-30,381.63,51076000,Tesla,TSLA,0.0237,0.1254,1.045,1,Tesla market update,1.0,0,0.0237
2026-05-01,390.82,65338300,Tesla,TSLA,0.0241,0.2792,1.0502,1,Tesla market update,1.0,0,0.0241
2026-05-04,392.51,48765100,Tesla,TSLA,0.0043,-0.2537,1.0256,0,Tesla market update,1.0,0,0.0043
2026-05-05,389.37,47780600,Tesla,TSLA,-0.008,-0.0202,1.0337,1,Tesla market update,1.0,0,0.008
2026-05-06,398.73,53465400,Tesla,TSLA,0.024,0.119,1.046,1,Tesla market update,1.0,0,0.024
2026-05-07,411.79,64294200,Tesla,TSLA,0.0328,0.2025,1.0341,1,Tesla market update,1.0,0,0.0328
2026-05-08,428.35,65050000,Tesla,TSLA,0.0402,0.0118,1.0356,1,Tesla market update,1.0,0,0.0402
2026-05-11,445.0,78376100,Tesla,TSLA,0.0389,0.2049,1.0776,0,Tesla market update,1.0,0,0.0389
2026-05-12,433.45,60569300,Tesla,TSLA,-0.026,-0.2272,1.0605,1,Tesla market update,1.0,0,0.026
2026-05-13,445.27,68283200,Tesla,TSLA,0.0273,0.1274,1.0539,0,Tesla market update,1.0,0,0.0273
2026-05-14,443.3,46070400,Tesla,TSLA,-0.0044,-0.3253,1.0245,0,Tesla market update,1.0,0,0.0044
2026-05-15,422.24,52688700,Tesla,TSLA,-0.0475,0.1437,1.03,0,Tesla market update,1.0,0,0.0475
2026-05-18,409.99,52474200,Tesla,TSLA,-0.029,-0.0041,1.039,0,Tesla market update,1.0,0,0.029
2026-05-19,404.11,46500600,Tesla,TSLA,-0.0143,-0.1138,1.0305,1,Tesla market update,1.0,0,0.0143
2026-05-20,417.26,45294700,Tesla,TSLA,0.0325,-0.0259,1.0272,1,Tesla market update,1.0,0,0.0325
2026-05-21,417.85,42636900,Tesla,TSLA,0.0014,-0.0587,1.034,1,Tesla market update,1.0,0,0.0014
2026-05-22,426.01,46104700,Tesla,TSLA,0.0195,0.0813,1.0262,1,Tesla market update,1.0,0,0.0195
2026-05-26,433.59,45658900,Tesla,TSLA,0.0178,-0.0097,1.0213,1,Tesla market update,1.0,0,0.0178
2026-05-27,440.36,44656500,Tesla,TSLA,0.0156,-0.022,1.0231,1,Tesla market update,1.0,0,0.0156
2026-05-28,442.1,32435000,Tesla,TSLA,0.004,-0.2737,1.0176,0,Tesla market update,1.0,0,0.004
2026-05-29,435.79,45176800,Tesla,TSLA,-0.0143,0.3928,1.0302,0,Tesla market update,1.0,0,0.0143
2026-06-01,415.88,44937900,Tesla,TSLA,-0.0457,-0.0053,1.0341,1,Tesla market update,1.0,0,0.0457
2026-06-02,423.74,37596000,Tesla,TSLA,0.0189,-0.1634,1.026,0,Tesla market update,1.0,0,0.0189
2026-06-03,423.7,44500700,Tesla,TSLA,-0.0001,0.1837,1.0423,0,Tesla market update,1.0,0,0.0001
2026-06-04,418.45,35323300,Tesla,TSLA,-0.0124,-0.2062,1.022,0,Tesla market update,1.0,0,0.0124
2026-06-05,391.0,63420200,Tesla,TSLA,-0.0656,0.7954,1.0929,1,Tesla market update,1.0,0,0.0656
2026-06-08,408.95,50328800,Tesla,TSLA,0.0459,-0.2064,1.0462,0,Tesla market update,1.0,0,0.0459
2026-06-09,396.68,59940200,Tesla,TSLA,-0.03,0.191,1.0892,0,Tesla market update,1.0,0,0.03
2026-06-10,381.59,49695600,Tesla,TSLA,-0.038,-0.1709,1.0446,1,Tesla market update,1.0,0,0.038
2026-06-11,399.15,45324300,Tesla,TSLA,0.046,-0.088,1.0496,1,Tesla market update,1.0,0,0.046
2026-06-12,406.43,63514500,Tesla,TSLA,0.0182,0.4013,1.0515,1,Tesla market update,1.0,0,0.0182
2026-06-15,411.15,45620500,Tesla,TSLA,0.0116,-0.2817,1.0219,0,Tesla market update,1.0,0,0.0116
2026-06-16,404.66,40255500,Tesla,TSLA,-0.0158,-0.1176,1.0297,0,Tesla market update,1.0,0,0.0158
2026-06-17,396.38,43534300,Tesla,TSLA,-0.0205,0.0814,1.0309,1,Tesla market update,1.0,0,0.0205
2026-06-18,400.49,58384700,Tesla,TSLA,0.0104,0.3411,1.0463,1,Tesla market update,1.0,0,0.0104
2026-06-22,405.05,47819500,Tesla,TSLA,0.0114,-0.181,1.0516,0,Tesla market update,1.0,0,0.0114
2026-06-23,381.61,50420200,Tesla,TSLA,-0.0579,0.0544,1.0364,0,Tesla market update,1.0,0,0.0579
2026-06-24,375.53,37081400,Tesla,TSLA,-0.0159,-0.2646,1.0309,0,Tesla market update,1.0,0,0.0159
2026-06-25,375.12,30138800,Tesla,TSLA,-0.0011,-0.1872,1.0213,1,Tesla market update,1.0,0,0.0011
2026-06-26,379.71,53434100,Tesla,TSLA,0.0122,0.7729,1.0521,1,Tesla market update,1.0,0,0.0122
2026-06-29,411.84,57645800,Tesla,TSLA,0.0846,0.0788,1.0896,1,Tesla market update,1.0,0,0.0846
2026-06-30,420.6,43385600,Tesla,TSLA,0.0213,-0.2474,1.0457,1,Tesla market update,1.0,0,0.0213
2026-07-01,425.3,40127900,Tesla,TSLA,0.0112,-0.0751,1.0353,0,Tesla market update,1.0,0,0.0112
2026-07-02,393.45,73717700,Tesla,TSLA,-0.0749,0.8371,1.1106,1,Tesla market update,1.0,0,0.0749
2026-07-06,419.77,54727900,Tesla,TSLA,0.0669,-0.2576,1.0755,0,Tesla market update,1.0,0,0.0669
2026-07-07,402.9,38149900,Tesla,TSLA,-0.0402,-0.3029,1.044,0,Tesla market update,1.0,0,0.0402
2026-07-08,394.06,33844900,Tesla,TSLA,-0.0219,-0.1128,1.0234,1,Tesla market update,1.0,0,0.0219
2026-07-09,406.55,37835000,Tesla,TSLA,0.0317,0.1179,1.0435,1,Tesla market update,1.0,0,0.0317
2026-07-10,407.76,33342700,Tesla,TSLA,0.003,-0.1187,1.0257,0,Tesla market update,1.0,0,0.003
2023-01-04,87.31,34854800,Google,GOOGL,-0.0117,0.239,1.0387,0,Google stock market financial update,1.0,0,0.7859
2023-01-05,85.44,27194400,Google,GOOGL,-0.0213,-0.2198,1.0194,1,Google stock market financial update,1.0,0,0.0214
2023-01-06,86.57,41381500,Google,GOOGL,0.0132,0.5217,1.0333,1,Google stock market financial update,1.0,0,0.0132
2023-01-09,87.25,29003900,Google,GOOGL,0.0078,-0.2991,1.0249,1,Google market update,1.0,0,0.0079
2023-01-10,87.64,30467800,Google,GOOGL,0.0045,0.0505,1.0331,1,Google market update,1.0,0,0.0045
2023-01-11,90.72,26862000,Google,GOOGL,0.0351,-0.1183,1.0291,0,Google market update,1.0,0,0.0351
2023-01-12,90.33,30258100,Google,GOOGL,-0.0043,0.1264,1.0236,1,Google market update,1.0,0,0.0043
2023-01-13,91.31,26329200,Google,GOOGL,0.0109,-0.1298,1.0229,0,Google market update,1.0,0,0.0108
2023-01-17,90.49,32602400,Google,GOOGL,-0.009,0.2383,1.0244,0,Google market update,1.0,0,0.009
2023-01-18,90.32,29116700,Google,GOOGL,-0.0019,-0.1069,1.0238,1,Google market update,1.0,0,0.0019
2023-01-19,92.23,37000400,Google,GOOGL,0.0212,0.2708,1.0329,1,Google market update,1.0,0,0.0211
2023-01-20,97.16,63191100,Google,GOOGL,0.0534,0.7078,1.0345,1,Google market update,1.0,0,0.0535
2023-01-23,98.91,40005100,Google,GOOGL,0.0181,-0.3669,1.0261,0,Google market update,1.0,0,0.018
2023-01-24,96.84,33078500,Google,GOOGL,-0.0209,-0.1731,1.0248,0,Google market update,1.0,0,0.0209
2023-01-25,94.38,42330000,Google,GOOGL,-0.0254,0.2797,1.0256,1,Google market update,1.0,0,0.0254
2023-01-26,96.66,30114000,Google,GOOGL,0.0242,-0.2886,1.023,1,Google market update,1.0,0,0.0242
2023-01-27,98.5,33879800,Google,GOOGL,0.019,0.1251,1.0309,0,Google market update,1.0,0,0.019
2023-01-30,96.09,27226200,Google,GOOGL,-0.0245,-0.1964,1.0196,1,Google market update,1.0,0,0.0245
2023-01-31,97.97,29870700,Google,GOOGL,0.0196,0.0971,1.0213,1,Google market update,1.0,0,0.0196
2023-02-01,99.55,35531100,Google,GOOGL,0.0161,0.1895,1.037,1,Google market update,1.0,0,0.0161
2023-02-02,106.79,69883800,Google,GOOGL,0.0728,0.9668,1.0212,0,Google market update,1.0,0,0.0727
2023-02-03,103.86,65309300,Google,GOOGL,-0.0275,-0.0655,1.051,0,Google market update,1.0,0,0.0274
2023-02-06,102.0,31999600,Google,GOOGL,-0.0179,-0.51,1.0243,1,Google market update,1.0,0,0.0179
2023-02-07,106.69,49010200,Google,GOOGL,0.0461,0.5316,1.0491,0,Google market update,1.0,0,0.046
2023-02-08,98.5,94743500,Google,GOOGL,-0.0768,0.9331,1.052,0,Google market update,1.0,0,0.0768
2023-02-09,94.17,119455000,Google,GOOGL,-0.0439,0.2608,1.0684,0,Google market update,1.0,0,0.044
2023-02-10,93.74,54980700,Google,GOOGL,-0.0046,-0.5397,1.0265,1,Google market update,1.0,0,0.0046
2023-02-13,93.78,50076100,Google,GOOGL,0.0004,-0.0892,1.0145,1,Google market update,1.0,0,0.0004
2023-02-14,93.85,54726100,Google,GOOGL,0.0007,0.0929,1.0281,1,Google market update,1.0,0,0.0007
2023-02-15,96.09,50169000,Google,GOOGL,0.0239,-0.0833,1.0315,0,Google market update,1.0,0,0.0239
2023-02-16,94.67,42462600,Google,GOOGL,-0.0148,-0.1536,1.031,0,Google market update,1.0,0,0.0148
2023-02-17,93.52,34284100,Google,GOOGL,-0.0121,-0.1926,1.0252,0,Google market update,1.0,0,0.0121
2023-02-21,90.98,33629300,Google,GOOGL,-0.0271,-0.0191,1.015,0,Google market update,1.0,0,0.0272
2023-02-22,90.84,30884000,Google,GOOGL,-0.0015,-0.0816,1.0166,0,Google market update,1.0,0,0.0015
2023-02-23,90.09,41206400,Google,GOOGL,-0.0083,0.3342,1.0243,0,Google market update,1.0,0,0.0083
2023-02-24,88.35,36585100,Google,GOOGL,-0.0194,-0.1122,1.0148,1,Google market update,1.0,0,0.0193
2023-02-27,89.08,27502300,Google,GOOGL,0.0083,-0.2483,1.0092,1,Google market update,1.0,0,0.0083
2023-02-28,89.27,30142000,Google,GOOGL,0.0021,0.096,1.0214,1,Google market update,1.0,0,0.0021
2023-03-01,89.57,31111200,Google,GOOGL,0.0033,0.0322,1.0152,1,Google market update,1.0,0,0.0034
2023-03-02,91.19,32204400,Google,GOOGL,0.0181,0.0351,1.03,1,Google market update,1.0,0,0.0181
2023-03-03,92.83,35160100,Google,GOOGL,0.0179,0.0918,1.0138,1,Google market update,1.0,0,0.018
2023-03-06,94.29,32639300,Google,GOOGL,0.0158,-0.0717,1.021,0,Google market update,1.0,0,0.0157
2023-03-07,93.04,27835500,Google,GOOGL,-0.0134,-0.1472,1.0229,1,Google market update,1.0,0,0.0133
2023-03-08,93.42,34103300,Google,GOOGL,0.0042,0.2252,1.0209,0,Google market update,1.0,0,0.0041
2023-03-09,91.51,28813500,Google,GOOGL,-0.0205,-0.1551,1.0395,0,Google market update,1.0,0,0.0204
2023-03-10,89.83,35941000,Google,GOOGL,-0.0183,0.2474,1.0264,1,Google market update,1.0,0,0.0184
2023-03-13,90.31,37335600,Google,GOOGL,0.0053,0.0388,1.0352,1,Google market update,1.0,0,0.0053
2023-03-14,93.14,36050200,Google,GOOGL,0.0314,-0.0344,1.0208,1,Google market update,1.0,0,0.0313
2023-03-15,95.27,50622100,Google,GOOGL,0.0228,0.4042,1.0463,1,Google market update,1.0,0,0.0229
2023-03-16,99.44,65492000,Google,GOOGL,0.0438,0.2937,1.0596,1,Google market update,1.0,0,0.0438
2023-03-17,100.73,61028500,Google,GOOGL,0.013,-0.0682,1.0274,0,Google market update,1.0,0,0.013
2023-03-20,100.33,32960400,Google,GOOGL,-0.0039,-0.4599,1.0188,1,Google market update,1.0,0,0.004
2023-03-21,104.0,42110300,Google,GOOGL,0.0366,0.2776,1.0383,0,Google market update,1.0,0,0.0366
2023-03-22,102.46,43427400,Google,GOOGL,-0.0148,0.0313,1.0315,1,Google market update,1.0,0,0.0148
2023-03-23,104.67,40797800,Google,GOOGL,0.0216,-0.0606,1.0176,0,Google market update,1.0,0,0.0216
2023-03-24,104.51,30393300,Google,GOOGL,-0.0015,-0.255,1.0159,0,Google market update,1.0,0,0.0015
2023-03-27,101.56,31120900,Google,GOOGL,-0.0283,0.0239,1.0278,0,Google market update,1.0,0,0.0282
2023-03-28,100.14,32057900,Google,GOOGL,-0.014,0.0301,1.0272,1,Google market update,1.0,0,0.014
2023-03-29,100.5,28779600,Google,GOOGL,0.0036,-0.1023,1.0183,0,Google market update,1.0,0,0.0036
2023-03-30,100.0,33086200,Google,GOOGL,-0.0049,0.1496,1.0138,1,Google market update,1.0,0,0.005
2023-03-31,102.82,36863400,Google,GOOGL,0.0281,0.1142,1.0282,1,Google market update,1.0,0,0.0282
2023-04-03,103.44,25035400,Google,GOOGL,0.0061,-0.3209,1.0255,1,Google market update,1.0,0,0.006
2023-04-04,103.8,24420100,Google,GOOGL,0.0034,-0.0246,1.0148,0,Google market update,1.0,0,0.0035
2023-04-05,103.55,28290500,Google,GOOGL,-0.0024,0.1585,1.0235,1,Google market update,1.0,0,0.0024
2023-04-06,107.47,48711500,Google,GOOGL,0.0378,0.7218,1.0464,0,Google market update,1.0,0,0.0379
2023-04-10,105.5,27067400,Google,GOOGL,-0.0183,-0.4443,1.0235,0,Google market update,1.0,0,0.0183
2023-04-11,104.42,26311800,Google,GOOGL,-0.0102,-0.0279,1.0196,0,Google market update,1.0,0,0.0102
2023-04-12,103.72,24370300,Google,GOOGL,-0.0067,-0.0738,1.0231,1,Google market update,1.0,0,0.0067
2023-04-13,106.49,24843600,Google,GOOGL,0.0267,0.0194,1.0156,1,Google market update,1.0,0,0.0267
2023-04-14,107.91,26578000,Google,GOOGL,0.0134,0.0698,1.0197,0,Google market update,1.0,0,0.0133
2023-04-17,105.04,37571200,Google,GOOGL,-0.0266,0.4136,1.0157,0,Google market update,1.0,0,0.0266
2023-04-18,103.58,26596400,Google,GOOGL,-0.0139,-0.2921,1.0237,0,Google market update,1.0,0,0.0139
2023-04-19,103.26,20905700,Google,GOOGL,-0.0031,-0.214,1.0185,1,Google market update,1.0,0,0.0031
2023-04-20,104.36,27820800,Google,GOOGL,0.0107,0.3308,1.0229,1,Google market update,1.0,0,0.0107
2023-04-21,104.48,25800100,Google,GOOGL,0.0011,-0.0726,1.0116,1,Google market update,1.0,0,0.0011
2023-04-24,105.04,23542800,Google,GOOGL,0.0053,-0.0875,1.0184,0,Google market update,1.0,0,0.0054
2023-04-25,102.94,46664100,Google,GOOGL,-0.02,0.9821,1.0274,0,Google market update,1.0,0,0.02
2023-04-26,102.8,53347600,Google,GOOGL,-0.0013,0.1432,1.0362,1,Google market update,1.0,0,0.0014
2023-04-27,106.64,50089200,Google,GOOGL,0.0374,-0.0611,1.0466,0,Google market update,1.0,0,0.0374
2023-04-28,106.4,36139800,Google,GOOGL,-0.0023,-0.2785,1.0215,0,Google market update,1.0,0,0.0023
2023-05-01,106.26,26681700,Google,GOOGL,-0.0013,-0.2617,1.011,0,Google market update,1.0,0,0.0013
2023-05-02,104.39,30997200,Google,GOOGL,-0.0175,0.1617,1.0337,1,Google market update,1.0,0,0.0176
2023-05-03,104.48,21795400,Google,GOOGL,0.0009,-0.2969,1.0241,0,Google market update,1.0,0,0.0009
2023-05-04,103.77,23419500,Google,GOOGL,-0.0068,0.0745,1.0157,1,Google market update,1.0,0,0.0068
2023-05-05,104.64,26639300,Google,GOOGL,0.0084,0.1375,1.017,1,Google market update,1.0,0,0.0084
2023-05-08,106.82,26511400,Google,GOOGL,0.0208,-0.0048,1.0266,0,Google market update,1.0,0,0.0208
2023-05-09,106.41,36360100,Google,GOOGL,-0.0039,0.3715,1.0276,1,Google market update,1.0,0,0.0038
2023-05-10,110.77,63153400,Google,GOOGL,0.041,0.7369,1.0464,1,Google market update,1.0,0,0.041
2023-05-11,115.55,78900000,Google,GOOGL,0.0431,0.2493,1.0307,1,Google market update,1.0,0,0.0432
2023-05-12,116.48,41102300,Google,GOOGL,0.0081,-0.4791,1.0165,0,Google market update,1.0,0,0.008
2023-05-15,115.49,36266800,Google,GOOGL,-0.0085,-0.1176,1.0213,1,Google market update,1.0,0,0.0085
2023-05-16,118.46,45035600,Google,GOOGL,0.0257,0.2418,1.0371,1,Google market update,1.0,0,0.0257
2023-05-17,119.78,33323600,Google,GOOGL,0.0111,-0.2601,1.0234,1,Google market update,1.0,0,0.0111
2023-05-18,121.75,35234200,Google,GOOGL,0.0165,0.0573,1.0205,0,Google market update,1.0,0,0.0164
2023-05-19,121.68,41353400,Google,GOOGL,-0.0006,0.1737,1.0313,1,Google market update,1.0,0,0.0006
2023-05-22,123.95,35253000,Google,GOOGL,0.0187,-0.1475,1.0301,0,Google market update,1.0,0,0.0187
2023-05-23,121.48,34046300,Google,GOOGL,-0.0199,-0.0342,1.0198,0,Google market update,1.0,0,0.0199
2023-05-24,119.84,34182600,Google,GOOGL,-0.0135,0.004,1.0171,1,Google market update,1.0,0,0.0135
2023-05-25,122.39,42317000,Google,GOOGL,0.0213,0.238,1.0276,1,Google market update,1.0,0,0.0213
2023-05-26,123.51,35635900,Google,GOOGL,0.0092,-0.1579,1.0229,0,Google market update,1.0,0,0.0092
2023-05-30,122.58,35076700,Google,GOOGL,-0.0075,-0.0157,1.03,0,Google market update,1.0,0,0.0075
2023-05-31,121.79,37325800,Google,GOOGL,-0.0065,0.0641,1.0127,1,Google market update,1.0,0,0.0064
2023-06-01,122.63,30772700,Google,GOOGL,0.0069,-0.1756,1.0147,1,Google market update,1.0,0,0.0069
2023-06-02,123.57,26980100,Google,GOOGL,0.0077,-0.1232,1.0193,1,Google market update,1.0,0,0.0077
2023-06-05,124.9,32305500,Google,GOOGL,0.0107,0.1974,1.029,1,Google market update,1.0,0,0.0108
2023-06-06,126.19,26638300,Google,GOOGL,0.0103,-0.1754,1.0234,0,Google market update,1.0,0,0.0103
2023-06-07,121.42,52539000,Google,GOOGL,-0.0378,0.9723,1.0567,0,Google market update,1.0,0,0.0378
2023-06-08,121.07,29389200,Google,GOOGL,-0.0029,-0.4406,1.0164,1,Google market update,1.0,0,0.0029
2023-06-09,121.16,23778300,Google,GOOGL,0.0007,-0.1909,1.0152,1,Google market update,1.0,0,0.0007
2023-06-12,122.55,28306400,Google,GOOGL,0.0115,0.1904,1.0196,1,Google market update,1.0,0,0.0115
2023-06-13,122.74,22278300,Google,GOOGL,0.0015,-0.213,1.0161,0,Google market update,1.0,0,0.0016
2023-06-14,122.58,30592300,Google,GOOGL,-0.0013,0.3732,1.0214,1,Google market update,1.0,0,0.0013
2023-06-15,123.99,35246300,Google,GOOGL,0.0115,0.1521,1.025,0,Google market update,1.0,0,0.0115
2023-06-16,122.44,45535600,Google,GOOGL,-0.0125,0.2919,1.023,0,Google market update,1.0,0,0.0125
2023-06-20,122.02,26097500,Google,GOOGL,-0.0035,-0.4269,1.0199,0,Google market update,1.0,0,0.0034
2023-06-21,119.49,30306300,Google,GOOGL,-0.0207,0.1613,1.0213,1,Google market update,1.0,0,0.0207
2023-06-22,122.07,26952200,Google,GOOGL,0.0216,-0.1107,1.0371,0,Google market update,1.0,0,0.0216
2023-06-23,121.26,34913600,Google,GOOGL,-0.0066,0.2954,1.0143,0,Google market update,1.0,0,0.0066
2023-06-26,117.3,33969900,Google,GOOGL,-0.0327,-0.027,1.0315,0,Google market update,1.0,0,0.0327
2023-06-27,117.29,39535900,Google,GOOGL,-0.0001,0.1639,1.0257,1,Google market update,1.0,0,0.0001
2023-06-28,119.12,27091400,Google,GOOGL,0.0156,-0.3148,1.0303,0,Google market update,1.0,0,0.0156
2023-06-29,118.05,24090900,Google,GOOGL,-0.009,-0.1108,1.0149,1,Google market update,1.0,0,0.009
2023-06-30,118.65,29532200,Google,GOOGL,0.005,0.2259,1.0116,1,Google market update,1.0,0,0.0051
2023-07-03,118.85,14467900,Google,GOOGL,0.0017,-0.5101,1.0115,1,Google market update,1.0,0,0.0017
2023-07-05,120.68,27584800,Google,GOOGL,0.0154,0.9066,1.0283,0,Google market update,1.0,0,0.0154
2023-07-06,119.05,24745200,Google,GOOGL,-0.0135,-0.1029,1.016,0,Google market update,1.0,0,0.0135
2023-07-07,118.43,21709500,Google,GOOGL,-0.0052,-0.1227,1.0138,0,Google market update,1.0,0,0.0052
2023-07-10,115.43,35315200,Google,GOOGL,-0.0254,0.6267,1.0187,1,Google market update,1.0,0,0.0253
2023-07-11,116.11,23078800,Google,GOOGL,0.0059,-0.3465,1.0205,1,Google market update,1.0,0,0.0059
2023-07-12,117.88,30404400,Google,GOOGL,0.0153,0.3174,1.0162,1,Google market update,1.0,0,0.0152
2023-07-13,123.45,44297900,Google,GOOGL,0.0472,0.457,1.0364,1,Google market update,1.0,0,0.0473
2023-07-14,124.32,33283100,Google,GOOGL,0.0071,-0.2487,1.0266,0,Google market update,1.0,0,0.007
2023-07-17,123.55,25716200,Google,GOOGL,-0.0061,-0.2273,1.0233,0,Google market update,1.0,0,0.0062
2023-07-18,122.67,26193600,Google,GOOGL,-0.0071,0.0186,1.014,0,Google market update,1.0,0,0.0071
2023-07-19,120.96,37224000,Google,GOOGL,-0.014,0.4211,1.0278,0,Google market update,1.0,0,0.0139
2023-07-20,118.15,37906800,Google,GOOGL,-0.0232,0.0183,1.0497,1,Google market update,1.0,0,0.0232
2023-07-21,118.97,72937900,Google,GOOGL,0.0069,0.9241,1.019,1,Google market update,1.0,0,0.0069
2023-07-24,120.46,29686100,Google,GOOGL,0.0126,-0.593,1.0167,1,Google market update,1.0,0,0.0125
2023-07-25,121.14,52509600,Google,GOOGL,0.0056,0.7688,1.0176,1,Google market update,1.0,0,0.0056
2023-07-26,128.13,61682100,Google,GOOGL,0.0578,0.1747,1.0207,1,Google market update,1.0,0,0.0577
2023-07-27,128.26,44952100,Google,GOOGL,0.001,-0.2712,1.0346,1,Google market update,1.0,0,0.001
2023-07-28,131.41,36591200,Google,GOOGL,0.0246,-0.186,1.0243,1,Google market update,1.0,0,0.0246
2023-07-31,131.55,28055500,Google,GOOGL,0.0011,-0.2333,1.0133,0,Google market update,1.0,0,0.0011
2023-08-01,130.39,23166800,Google,GOOGL,-0.0088,-0.1743,1.0149,0,Google market update,1.0,0,0.0088
2023-08-02,127.25,26273300,Google,GOOGL,-0.0241,0.1341,1.0198,1,Google market update,1.0,0,0.0241
2023-08-03,127.32,20089500,Google,GOOGL,0.0005,-0.2354,1.0155,0,Google market update,1.0,0,0.0006
2023-08-04,126.98,26147200,Google,GOOGL,-0.0026,0.3015,1.0281,1,Google market update,1.0,0,0.0027
2023-08-07,130.37,22746300,Google,GOOGL,0.0267,-0.1301,1.0201,0,Google market update,1.0,0,0.0267
2023-08-08,130.25,23535200,Google,GOOGL,-0.001,0.0347,1.0152,0,Google market update,1.0,0,0.0009
2023-08-09,128.52,24912900,Google,GOOGL,-0.0132,0.0585,1.0236,1,Google market update,1.0,0,0.0133
2023-08-10,128.55,20857800,Google,GOOGL,0.0002,-0.1628,1.0201,0,Google market update,1.0,0,0.0002
2023-08-11,128.42,19591100,Google,GOOGL,-0.001,-0.0607,1.0137,1,Google market update,1.0,0,0.001
2023-08-14,130.18,24695600,Google,GOOGL,0.0137,0.2606,1.0187,0,Google market update,1.0,0,0.0137
2023-08-15,128.64,19770700,Google,GOOGL,-0.0118,-0.1994,1.0166,0,Google market update,1.0,0,0.0118
2023-08-16,127.57,25216100,Google,GOOGL,-0.0083,0.2754,1.0188,1,Google market update,1.0,0,0.0083
2023-08-17,128.78,33446300,Google,GOOGL,0.0095,0.3264,1.0209,0,Google market update,1.0,0,0.0095
2023-08-18,126.34,30504800,Google,GOOGL,-0.0189,-0.0879,1.0227,1,Google market update,1.0,0,0.0189
2023-08-21,127.24,25248700,Google,GOOGL,0.0071,-0.1723,1.0171,1,Google market update,1.0,0,0.0071
2023-08-22,127.95,22054900,Google,GOOGL,0.0055,-0.1265,1.0153,1,Google market update,1.0,0,0.0056
2023-08-23,131.21,27819700,Google,GOOGL,0.0255,0.2614,1.0273,0,Google market update,1.0,0,0.0255
2023-08-24,128.64,28500700,Google,GOOGL,-0.0196,0.0245,1.0361,1,Google market update,1.0,0,0.0196
2023-08-25,128.74,26762900,Google,GOOGL,0.0008,-0.061,1.0276,1,Google market update,1.0,0,0.0008
2023-08-28,129.86,20543300,Google,GOOGL,0.0087,-0.2324,1.0184,1,Google market update,1.0,0,0.0087
2023-08-29,133.39,43075600,Google,GOOGL,0.0272,1.0968,1.0327,1,Google market update,1.0,0,0.0272
2023-08-30,134.69,28315800,Google,GOOGL,0.0097,-0.3426,1.0165,1,Google market update,1.0,0,0.0097
2023-08-31,134.97,30053800,Google,GOOGL,0.0021,0.0614,1.0163,0,Google market update,1.0,0,0.0021
2023-09-01,134.47,21543700,Google,GOOGL,-0.0037,-0.2832,1.0194,1,Google market update,1.0,0,0.0037
2023-09-05,134.58,19403100,Google,GOOGL,0.0008,-0.0994,1.0137,0,Google market update,1.0,0,0.0008
2023-09-06,133.28,18684500,Google,GOOGL,-0.0096,-0.037,1.0214,1,Google market update,1.0,0,0.0097
2023-09-07,134.07,18844300,Google,GOOGL,0.0059,0.0086,1.0198,1,Google market update,1.0,0,0.0059
2023-09-08,135.18,23558300,Google,GOOGL,0.0083,0.2502,1.0134,1,Google market update,1.0,0,0.0083
2023-09-11,135.72,20763400,Google,GOOGL,0.004,-0.1186,1.0124,0,Google market update,1.0,0,0.004
2023-09-12,134.15,18405500,Google,GOOGL,-0.0115,-0.1136,1.0124,1,Google market update,1.0,0,0.0116
2023-09-13,135.51,20749500,Google,GOOGL,0.0101,0.1274,1.0205,1,Google market update,1.0,0,0.0101
2023-09-14,136.89,24751000,Google,GOOGL,0.0102,0.1928,1.0181,0,Google market update,1.0,0,0.0102
2023-09-15,136.19,38919600,Google,GOOGL,-0.0051,0.5724,1.0149,1,Google market update,1.0,0,0.0051
2023-09-18,137.0,21861300,Google,GOOGL,0.0059,-0.4383,1.0187,0,Google market update,1.0,0,0.0059
2023-09-19,136.83,20353700,Google,GOOGL,-0.0012,-0.069,1.0131,0,Google market update,1.0,0,0.0012
2023-09-20,132.56,29927500,Google,GOOGL,-0.0312,0.4704,1.0334,0,Google market update,1.0,0,0.0312
2023-09-21,129.29,31503900,Google,GOOGL,-0.0247,0.0527,1.0166,0,Google market update,1.0,0,0.0247
2023-09-22,129.11,26397300,Google,GOOGL,-0.0015,-0.1621,1.0187,1,Google market update,1.0,0,0.0014
2023-09-25,129.96,20094600,Google,GOOGL,0.0066,-0.2388,1.0171,0,Google market update,1.0,0,0.0066
2023-09-26,127.44,25718700,Google,GOOGL,-0.0194,0.2799,1.0247,1,Google market update,1.0,0,0.0194
2023-09-27,129.39,22746500,Google,GOOGL,0.0153,-0.1156,1.0181,1,Google market update,1.0,0,0.0153
2023-09-28,131.15,22513100,Google,GOOGL,0.0136,-0.0103,1.027,0,Google market update,1.0,0,0.0136
2023-09-29,129.71,30859800,Google,GOOGL,-0.011,0.3707,1.0283,1,Google market update,1.0,0,0.011
2023-10-02,132.99,22288000,Google,GOOGL,0.0253,-0.2778,1.0248,0,Google market update,1.0,0,0.0253
2023-10-03,131.27,22989400,Google,GOOGL,-0.013,0.0315,1.0184,1,Google market update,1.0,0,0.0129
2023-10-04,134.05,26752300,Google,GOOGL,0.0212,0.1637,1.0229,0,Google market update,1.0,0,0.0212
2023-10-05,133.88,19832600,Google,GOOGL,-0.0013,-0.2587,1.0153,1,Google market update,1.0,0,0.0013
2023-10-06,136.37,27597600,Google,GOOGL,0.0186,0.3915,1.031,1,Google market update,1.0,0,0.0186
2023-10-09,137.2,19278100,Google,GOOGL,0.0061,-0.3015,1.0246,0,Google market update,1.0,0,0.0061
2023-10-10,136.85,27786600,Google,GOOGL,-0.0026,0.4414,1.0174,1,Google market update,1.0,0,0.0026
2023-10-11,139.31,25884300,Google,GOOGL,0.018,-0.0685,1.0183,0,Google market update,1.0,0,0.018
2023-10-12,137.75,24765500,Google,GOOGL,-0.0112,-0.0432,1.0214,0,Google market update,1.0,0,0.0112
2023-10-13,136.15,23420500,Google,GOOGL,-0.0116,-0.0543,1.0247,1,Google market update,1.0,0,0.0116
2023-10-16,137.88,28501900,Google,GOOGL,0.0127,0.217,1.0119,1,Google market update,1.0,0,0.0127
2023-10-17,138.49,23515800,Google,GOOGL,0.0045,-0.1749,1.0198,0,Google market update,1.0,0,0.0044
2023-10-18,136.75,23375000,Google,GOOGL,-0.0126,-0.006,1.0243,0,Google market update,1.0,0,0.0126
2023-10-19,136.54,26066000,Google,GOOGL,-0.0015,0.1151,1.0166,0,Google market update,1.0,0,0.0015
2023-10-20,134.41,26335700,Google,GOOGL,-0.0156,0.0103,1.0207,1,Google market update,1.0,0,0.0156
2023-10-23,135.3,26317900,Google,GOOGL,0.0066,-0.0007,1.0277,1,Google market update,1.0,0,0.0066
2023-10-24,137.59,44814300,Google,GOOGL,0.0169,0.7028,1.0141,0,Google market update,1.0,0,0.0169
2023-10-25,124.51,84366200,Google,GOOGL,-0.0951,0.8826,1.0259,0,Google market update,1.0,0,0.0951
2023-10-26,121.21,57061100,Google,GOOGL,-0.0265,-0.3236,1.0252,0,Google market update,1.0,0,0.0265
2023-10-27,121.1,44566500,Google,GOOGL,-0.0009,-0.219,1.0258,1,Google market update,1.0,0,0.0009
2023-10-30,123.37,28940100,Google,GOOGL,0.0187,-0.3506,1.0216,0,Google market update,1.0,0,0.0187
2023-10-31,122.99,26292300,Google,GOOGL,-0.0031,-0.0915,1.0218,1,Google market update,1.0,0,0.0031
2023-11-01,125.34,30082400,Google,GOOGL,0.0191,0.1442,1.0224,1,Google market update,1.0,0,0.0191
2023-11-02,126.37,27124600,Google,GOOGL,0.0082,-0.0983,1.0162,1,Google market update,1.0,0,0.0082
2023-11-03,127.97,26393100,Google,GOOGL,0.0126,-0.027,1.0131,1,Google market update,1.0,0,0.0127
2023-11-06,129.11,19052700,Google,GOOGL,0.0089,-0.2781,1.013,1,Google market update,1.0,0,0.0089
2023-11-07,129.82,29757300,Google,GOOGL,0.0055,0.5618,1.0156,1,Google market update,1.0,0,0.0055
2023-11-08,130.68,26425800,Google,GOOGL,0.0066,-0.112,1.0109,0,Google market update,1.0,0,0.0066
2023-11-09,129.1,23747800,Google,GOOGL,-0.0121,-0.1013,1.0191,1,Google market update,1.0,0,0.0121
2023-11-10,131.42,26913300,Google,GOOGL,0.018,0.1333,1.0262,0,Google market update,1.0,0,0.018
2023-11-13,130.93,18324800,Google,GOOGL,-0.0038,-0.3191,1.0102,1,Google market update,1.0,0,0.0037
2023-11-14,132.45,32395200,Google,GOOGL,0.0116,0.7678,1.0179,1,Google market update,1.0,0,0.0116
2023-11-15,133.44,23861500,Google,GOOGL,0.0075,-0.2634,1.0109,1,Google market update,1.0,0,0.0075
2023-11-16,135.73,28013200,Google,GOOGL,0.0172,0.174,1.0216,0,Google market update,1.0,0,0.0172
2023-11-17,134.12,37240600,Google,GOOGL,-0.0118,0.3294,1.018,1,Google market update,1.0,0,0.0119
2023-11-20,135.05,27815500,Google,GOOGL,0.0069,-0.2531,1.0228,1,Google market update,1.0,0,0.0069
2023-11-21,135.77,22635300,Google,GOOGL,0.0053,-0.1862,1.009,1,Google market update,1.0,0,0.0053
2023-11-22,137.27,17813900,Google,GOOGL,0.0111,-0.213,1.0142,0,Google market update,1.0,0,0.011
2023-11-24,135.49,12514300,Google,GOOGL,-0.013,-0.2975,1.0157,0,Google market update,1.0,0,0.013
2023-11-27,135.21,23436500,Google,GOOGL,-0.002,0.8728,1.0178,1,Google market update,1.0,0,0.0021
2023-11-28,135.99,18730000,Google,GOOGL,0.0058,-0.2008,1.0135,0,Google market update,1.0,0,0.0058
2023-11-29,133.8,23967200,Google,GOOGL,-0.0161,0.2796,1.0256,0,Google market update,1.0,0,0.0161
2023-11-30,131.37,38988300,Google,GOOGL,-0.0182,0.6267,1.0325,0,Google market update,1.0,0,0.0182
2023-12-01,130.7,31442300,Google,GOOGL,-0.0051,-0.1935,1.011,0,Google market update,1.0,0,0.0051
2023-12-04,128.13,36669900,Google,GOOGL,-0.0196,0.1663,1.0167,1,Google market update,1.0,0,0.0197
2023-12-05,129.84,27384800,Google,GOOGL,0.0133,-0.2532,1.0303,0,Google market update,1.0,0,0.0133
2023-12-06,128.88,23576200,Google,GOOGL,-0.0074,-0.1391,1.0151,1,Google market update,1.0,0,0.0074
2023-12-07,135.73,56767100,Google,GOOGL,0.0531,1.4078,1.0287,0,Google market update,1.0,0,0.0532
2023-12-08,133.8,32260100,Google,GOOGL,-0.0142,-0.4317,1.0177,0,Google market update,1.0,0,0.0142
2023-12-11,132.12,31138000,Google,GOOGL,-0.0126,-0.0348,1.0151,0,Google market update,1.0,0,0.0126
2023-12-12,131.36,29032800,Google,GOOGL,-0.0058,-0.0676,1.0133,1,Google market update,1.0,0,0.0058
2023-12-13,131.4,30104800,Google,GOOGL,0.0004,0.0369,1.0147,0,Google market update,1.0,0,0.0003
2023-12-14,130.78,38722400,Google,GOOGL,-0.0048,0.2863,1.0311,1,Google market update,1.0,0,0.0047
2023-12-15,131.43,50847100,Google,GOOGL,0.005,0.3131,1.0178,1,Google market update,1.0,0,0.005
2023-12-18,134.61,32258000,Google,GOOGL,0.0241,-0.3656,1.0356,1,Google market update,1.0,0,0.0242
2023-12-19,135.45,25476800,Google,GOOGL,0.0063,-0.2102,1.0102,1,Google market update,1.0,0,0.0062
2023-12-20,137.12,49107200,Google,GOOGL,0.0124,0.9275,1.0263,1,Google market update,1.0,0,0.0123
2023-12-21,139.19,27488300,Google,GOOGL,0.015,-0.4402,1.0108,1,Google market update,1.0,0,0.0151
2023-12-22,140.25,26532200,Google,GOOGL,0.0076,-0.0348,1.0091,1,Google market update,1.0,0,0.0076
2023-12-26,140.28,16780300,Google,GOOGL,0.0002,-0.3675,1.0106,0,Google market update,1.0,0,0.0002
2023-12-27,139.14,19628600,Google,GOOGL,-0.0081,0.1697,1.0157,0,Google market update,1.0,0,0.0081
2023-12-28,139.0,16045700,Google,GOOGL,-0.001,-0.1825,1.0099,0,Google market update,1.0,0,0.001
2023-12-29,138.46,18733000,Google,GOOGL,-0.0039,0.1675,1.0114,0,Google market update,1.0,0,0.0039
2024-01-02,136.96,23711200,Google,GOOGL,-0.0109,0.2657,1.0218,1,Google market update,1.0,0,0.0108
2024-01-03,137.7,24212100,Google,GOOGL,0.0054,0.0211,1.0186,0,Google market update,1.0,0,0.0054
2024-01-04,135.19,27137700,Google,GOOGL,-0.0182,0.1208,1.0206,0,Google market update,1.0,0,0.0182
2024-01-05,134.54,22513900,Google,GOOGL,-0.0048,-0.1704,1.0149,1,Google market update,1.0,0,0.0048
2024-01-08,137.62,21404000,Google,GOOGL,0.0229,-0.0493,1.0202,1,Google market update,1.0,0,0.0229
2024-01-09,139.71,24759600,Google,GOOGL,0.0152,0.1568,1.0242,1,Google market update,1.0,0,0.0152
2024-01-10,141.03,21320200,Google,GOOGL,0.0094,-0.1389,1.0148,0,Google market update,1.0,0,0.0094
2024-01-11,140.83,24008700,Google,GOOGL,-0.0014,0.1261,1.0326,1,Google market update,1.0,0,0.0014
2024-01-12,141.4,18785500,Google,GOOGL,0.004,-0.2176,1.0097,0,Google market update,1.0,0,0.004
2024-01-16,141.24,22670500,Google,GOOGL,-0.0011,0.2068,1.0205,0,Google market update,1.0,0,0.0011
2024-01-17,140.23,20968600,Google,GOOGL,-0.0072,-0.0751,1.0212,1,Google market update,1.0,0,0.0072
2024-01-18,142.22,25746400,Google,GOOGL,0.0142,0.2279,1.0156,1,Google market update,1.0,0,0.0142
2024-01-19,145.09,34271900,Google,GOOGL,0.0202,0.3311,1.0143,0,Google market update,1.0,0,0.0202
2024-01-22,144.71,32200400,Google,GOOGL,-0.0027,-0.0604,1.0175,1,Google market update,1.0,0,0.0026
2024-01-23,145.75,21636100,Google,GOOGL,0.0072,-0.3281,1.0115,1,Google market update,1.0,0,0.0072
2024-01-24,147.39,25233500,Google,GOOGL,0.0113,0.1663,1.0118,1,Google market update,1.0,0,0.0113
2024-01-25,150.54,29149100,Google,GOOGL,0.0213,0.1552,1.0235,1,Google market update,1.0,0,0.0214
2024-01-26,150.85,26115500,Google,GOOGL,0.0021,-0.1041,1.0101,1,Google market update,1.0,0,0.0021
2024-01-29,152.16,27784300,Google,GOOGL,0.0087,0.0639,1.0155,0,Google market update,1.0,0,0.0087
2024-01-30,150.13,36331800,Google,GOOGL,-0.0134,0.3076,1.0161,0,Google market update,1.0,0,0.0133
2024-01-31,138.87,71910000,Google,GOOGL,-0.075,0.9793,1.0295,1,Google market update,1.0,0,0.075
2024-02-01,139.92,40466500,Google,GOOGL,0.0076,-0.4373,1.0161,1,Google market update,1.0,0,0.0076
2024-02-02,141.13,62499600,Google,GOOGL,0.0086,0.5445,1.0448,1,Google market update,1.0,0,0.0086
2024-02-05,142.42,38505400,Google,GOOGL,0.0091,-0.3839,1.0188,1,Google market update,1.0,0,0.0091
2024-02-06,142.83,29128200,Google,GOOGL,0.0029,-0.2435,1.0152,1,Google market update,1.0,0,0.0029
2024-02-07,144.26,25208900,Google,GOOGL,0.01,-0.1346,1.0117,1,Google market update,1.0,0,0.01
2024-02-08,144.63,22563800,Google,GOOGL,0.0025,-0.1049,1.0085,1,Google market update,1.0,0,0.0026
2024-02-09,147.69,26829500,Google,GOOGL,0.0212,0.1891,1.0223,0,Google market update,1.0,0,0.0212
2024-02-12,146.23,21564100,Google,GOOGL,-0.0099,-0.1963,1.0134,0,Google market update,1.0,0,0.0099
2024-02-13,143.86,27837700,Google,GOOGL,-0.0162,0.2909,1.0207,1,Google market update,1.0,0,0.0162
2024-02-14,144.66,22704200,Google,GOOGL,0.0055,-0.1844,1.0169,0,Google market update,1.0,0,0.0056
2024-02-15,141.52,37590700,Google,GOOGL,-0.0217,0.6557,1.0218,0,Google market update,1.0,0,0.0217
2024-02-16,139.28,31468900,Google,GOOGL,-0.0158,-0.1629,1.0218,1,Google market update,1.0,0,0.0158
2024-02-20,139.88,25144700,Google,GOOGL,0.0043,-0.201,1.0186,1,Google market update,1.0,0,0.0043
2024-02-21,141.3,23223300,Google,GOOGL,0.0101,-0.0764,1.0143,1,Google market update,1.0,0,0.0102
2024-02-22,142.82,27191900,Google,GOOGL,0.0108,0.1709,1.0154,0,Google market update,1.0,0,0.0108
2024-02-23,142.69,19493800,Google,GOOGL,-0.0009,-0.2831,1.0087,0,Google market update,1.0,0,0.0009
2024-02-26,136.36,53641800,Google,GOOGL,-0.0444,1.7517,1.0368,1,Google market update,1.0,0,0.0444
2024-02-27,137.66,33099200,Google,GOOGL,0.0095,-0.383,1.0158,0,Google market update,1.0,0,0.0095
2024-02-28,135.18,37328600,Google,GOOGL,-0.018,0.1278,1.0192,1,Google market update,1.0,0,0.018
2024-02-29,137.24,42133000,Google,GOOGL,0.0153,0.1287,1.018,0,Google market update,1.0,0,0.0152
2024-03-01,135.93,31151100,Google,GOOGL,-0.0095,-0.2606,1.0142,0,Google market update,1.0,0,0.0095
2024-03-04,132.18,55999400,Google,GOOGL,-0.0276,0.7977,1.0284,0,Google market update,1.0,0,0.0276
2024-03-05,131.5,40194800,Google,GOOGL,-0.0051,-0.2822,1.0197,0,Google market update,1.0,0,0.0051
2024-03-06,130.25,35318600,Google,GOOGL,-0.0096,-0.1213,1.0209,1,Google market update,1.0,0,0.0095
2024-03-07,133.2,37738200,Google,GOOGL,0.0227,0.0685,1.0253,1,Google market update,1.0,0,0.0226
2024-03-08,134.22,39370400,Google,GOOGL,0.0077,0.0433,1.0305,1,Google market update,1.0,0,0.0077
2024-03-11,136.46,32437800,Google,GOOGL,0.0167,-0.1761,1.0218,1,Google market update,1.0,0,0.0167
2024-03-12,137.28,27563400,Google,GOOGL,0.006,-0.1503,1.0171,1,Google market update,1.0,0,0.006
2024-03-13,138.56,23347200,Google,GOOGL,0.0093,-0.153,1.0151,1,Google market update,1.0,0,0.0093
2024-03-14,141.84,42753400,Google,GOOGL,0.0237,0.8312,1.0223,0,Google market update,1.0,0,0.0237
2024-03-15,139.94,49475400,Google,GOOGL,-0.0134,0.1572,1.0225,1,Google market update,1.0,0,0.0134
2024-03-18,146.38,69273700,Google,GOOGL,0.046,0.4002,1.0338,0,Google market update,1.0,0,0.046
2024-03-19,145.74,24070400,Google,GOOGL,-0.0044,-0.6525,1.0186,1,Google market update,1.0,0,0.0044
2024-03-20,147.43,21311500,Google,GOOGL,0.0116,-0.1146,1.0144,0,Google market update,1.0,0,0.0116
2024-03-21,146.3,24755600,Google,GOOGL,-0.0077,0.1616,1.0236,1,Google market update,1.0,0,0.0077
2024-03-22,149.44,29211800,Google,GOOGL,0.0215,0.18,1.0175,0,Google market update,1.0,0,0.0215
2024-03-25,148.75,19229300,Google,GOOGL,-0.0046,-0.3417,1.0173,1,Google market update,1.0,0,0.0046
2024-03-26,149.35,22149100,Google,GOOGL,0.004,0.1518,1.0152,1,Google market update,1.0,0,0.004
2024-03-27,149.54,22879200,Google,GOOGL,0.0013,0.033,1.0184,1,Google market update,1.0,0,0.0013
2024-03-28,149.6,24485400,Google,GOOGL,0.0004,0.0702,1.0084,1,Google market update,1.0,0,0.0004
2024-04-01,154.12,31730800,Google,GOOGL,0.0302,0.2959,1.0341,0,Google market update,1.0,0,0.0302
2024-04-02,153.2,24586000,Google,GOOGL,-0.006,-0.2252,1.0168,1,Google market update,1.0,0,0.006
2024-04-03,153.56,24705000,Google,GOOGL,0.0023,0.0048,1.0154,0,Google market update,1.0,0,0.0023
2024-04-04,149.21,34724700,Google,GOOGL,-0.0283,0.4056,1.0287,1,Google market update,1.0,0,0.0283
2024-04-05,151.16,23459200,Google,GOOGL,0.0131,-0.3244,1.0255,1,Google market update,1.0,0,0.0131
2024-04-08,153.49,20702000,Google,GOOGL,0.0154,-0.1175,1.0174,1,Google market update,1.0,0,0.0154
2024-04-09,155.22,31079500,Google,GOOGL,0.0113,0.5013,1.0217,0,Google market update,1.0,0,0.0113
2024-04-10,154.77,22838600,Google,GOOGL,-0.0029,-0.2652,1.0125,1,Google market update,1.0,0,0.0029
2024-04-11,158.01,27166400,Google,GOOGL,0.0209,0.1895,1.0206,0,Google market update,1.0,0,0.0209
2024-04-12,156.34,25353700,Google,GOOGL,-0.0105,-0.0667,1.0196,0,Google market update,1.0,0,0.0106
2024-04-15,153.5,27136500,Google,GOOGL,-0.0182,0.0703,1.0301,0,Google market update,1.0,0,0.0182
2024-04-16,153.04,20779500,Google,GOOGL,-0.003,-0.2343,1.0145,1,Google market update,1.0,0,0.003
2024-04-17,154.1,21763100,Google,GOOGL,0.0069,0.0473,1.0162,1,Google market update,1.0,0,0.0069
2024-04-18,154.64,19883000,Google,GOOGL,0.0035,-0.0864,1.015,0,Google market update,1.0,0,0.0035
2024-04-19,152.74,32615600,Google,GOOGL,-0.0123,0.6404,1.0267,1,Google market update,1.0,0,0.0123
2024-04-22,154.91,26446200,Google,GOOGL,0.0142,-0.1892,1.0232,1,Google market update,1.0,0,0.0142
2024-04-23,156.87,21151600,Google,GOOGL,0.0127,-0.2002,1.0172,1,Google market update,1.0,0,0.0127
2024-04-24,157.73,22779100,Google,GOOGL,0.0055,0.0769,1.0153,0,Google market update,1.0,0,0.0055
2024-04-25,154.63,57109700,Google,GOOGL,-0.0197,1.5071,1.0373,1,Google market update,1.0,0,0.0197
2024-04-26,170.44,64665300,Google,GOOGL,0.1022,0.1323,1.0298,0,Google market update,1.0,0,0.1022
2024-04-29,164.69,45610000,Google,GOOGL,-0.0337,-0.2947,1.0263,0,Google market update,1.0,0,0.0337
2024-04-30,161.35,33562900,Google,GOOGL,-0.0203,-0.2641,1.0338,1,Google market update,1.0,0,0.0203
2024-05-01,162.42,33493200,Google,GOOGL,0.0066,-0.0021,1.0247,1,Google market update,1.0,0,0.0066
2024-05-02,165.16,24294500,Google,GOOGL,0.0168,-0.2746,1.0173,1,Google market update,1.0,0,0.0169
2024-05-03,165.77,34662400,Google,GOOGL,0.0037,0.4268,1.0301,1,Google market update,1.0,0,0.0037
2024-05-06,166.62,21871300,Google,GOOGL,0.0051,-0.369,1.0127,1,Google market update,1.0,0,0.0051
2024-05-07,169.74,28039700,Google,GOOGL,0.0187,0.282,1.02,0,Google market update,1.0,0,0.0187
2024-05-08,167.89,19569100,Google,GOOGL,-0.0109,-0.3021,1.0084,1,Google market update,1.0,0,0.0109
2024-05-09,168.47,15346700,Google,GOOGL,0.0034,-0.2158,1.0149,0,Google market update,1.0,0,0.0035
2024-05-10,167.17,29799900,Google,GOOGL,-0.0077,0.9418,1.022,1,Google market update,1.0,0,0.0077
2024-05-13,167.65,31327600,Google,GOOGL,0.0029,0.0513,1.0322,1,Google market update,1.0,0,0.0029
2024-05-14,168.84,25127100,Google,GOOGL,0.0071,-0.1979,1.0145,1,Google market update,1.0,0,0.0071
2024-05-15,170.99,26948400,Google,GOOGL,0.0127,0.0725,1.0126,1,Google market update,1.0,0,0.0127
2024-05-16,172.65,27867900,Google,GOOGL,0.0097,0.0341,1.0141,1,Google market update,1.0,0,0.0097
2024-05-17,174.51,24479300,Google,GOOGL,0.0108,-0.1216,1.0149,1,Google market update,1.0,0,0.0108
2024-05-20,175.37,22554400,Google,GOOGL,0.0049,-0.0786,1.0153,1,Google market update,1.0,0,0.0049
2024-05-21,176.29,16989400,Google,GOOGL,0.0053,-0.2467,1.0133,0,Google market update,1.0,0,0.0052
2024-05-22,174.83,17880000,Google,GOOGL,-0.0083,0.0524,1.0111,0,Google market update,1.0,0,0.0083
2024-05-23,172.02,21024900,Google,GOOGL,-0.016,0.1759,1.0306,1,Google market update,1.0,0,0.0161
2024-05-24,173.45,16579400,Google,GOOGL,0.0083,-0.2114,1.0122,1,Google market update,1.0,0,0.0083
2024-05-28,174.85,20572200,Google,GOOGL,0.0081,0.2408,1.0166,0,Google market update,1.0,0,0.0081
2024-05-29,174.35,23388700,Google,GOOGL,-0.0028,0.1369,1.0121,0,Google market update,1.0,0,0.0029
2024-05-30,170.6,22931500,Google,GOOGL,-0.0215,-0.0195,1.02,1,Google market update,1.0,0,0.0215
2024-05-31,170.98,37638900,Google,GOOGL,0.0023,0.6414,1.0214,1,Google market update,1.0,0,0.0022
2024-06-03,171.65,27459100,Google,GOOGL,0.0039,-0.2705,1.0197,1,Google market update,1.0,0,0.0039
2024-06-04,172.26,26879600,Google,GOOGL,0.0036,-0.0211,1.0114,1,Google market update,1.0,0,0.0036
2024-06-05,173.87,22068500,Google,GOOGL,0.0093,-0.179,1.0156,1,Google market update,1.0,0,0.0093
2024-06-06,175.18,23251000,Google,GOOGL,0.0075,0.0536,1.008,0,Google market update,1.0,0,0.0075
2024-06-07,172.93,19661400,Google,GOOGL,-0.0128,-0.1544,1.0205,1,Google market update,1.0,0,0.0128
2024-06-10,173.67,23726700,Google,GOOGL,0.0043,0.2068,1.0249,1,Google market update,1.0,0,0.0043
2024-06-11,175.27,21540600,Google,GOOGL,0.0092,-0.0921,1.0177,1,Google market update,1.0,0,0.0092
2024-06-12,176.43,27864700,Google,GOOGL,0.0066,0.2936,1.0244,0,Google market update,1.0,0,0.0066
2024-06-13,173.82,20913300,Google,GOOGL,-0.0148,-0.2495,1.0106,1,Google market update,1.0,0,0.0148
2024-06-14,175.44,18063600,Google,GOOGL,0.0093,-0.1363,1.0167,1,Google market update,1.0,0,0.0093
2024-06-17,175.88,19618500,Google,GOOGL,0.0025,0.0861,1.0203,0,Google market update,1.0,0,0.0025
2024-06-18,173.75,21869900,Google,GOOGL,-0.0121,0.1148,1.0189,1,Google market update,1.0,0,0.0121
2024-06-20,174.95,20160100,Google,GOOGL,0.0069,-0.0782,1.0131,1,Google market update,1.0,0,0.0069
2024-06-21,178.26,57759000,Google,GOOGL,0.0189,1.865,1.024,0,Google market update,1.0,0,0.0189
2024-06-24,177.85,18298000,Google,GOOGL,-0.0023,-0.6832,1.0124,1,Google market update,1.0,0,0.0023
2024-06-25,182.62,23130200,Google,GOOGL,0.0268,0.2641,1.0271,0,Google market update,1.0,0,0.0268
2024-06-26,182.47,19839000,Google,GOOGL,-0.0008,-0.1423,1.0111,1,Google market update,1.0,0,0.0008
2024-06-27,183.99,18848900,Google,GOOGL,0.0083,-0.0499,1.011,0,Google market update,1.0,0,0.0083
2024-06-28,180.76,29156600,Google,GOOGL,-0.0176,0.5469,1.0174,1,Google market update,1.0,0,0.0176
2024-07-01,181.59,16006100,Google,GOOGL,0.0046,-0.451,1.0142,1,Google market update,1.0,0,0.0046
2024-07-02,183.82,17372500,Google,GOOGL,0.0123,0.0854,1.0221,1,Google market update,1.0,0,0.0123
2024-07-03,184.4,10242100,Google,GOOGL,0.0031,-0.4104,1.0114,1,Google market update,1.0,0,0.0032
2024-07-05,189.14,20967500,Google,GOOGL,0.0257,1.0472,1.0272,0,Google market update,1.0,0,0.0257
2024-07-08,187.58,21035900,Google,GOOGL,-0.0082,0.0033,1.0127,0,Google market update,1.0,0,0.0082
2024-07-09,187.53,15121400,Google,GOOGL,-0.0003,-0.2812,1.014,1,Google market update,1.0,0,0.0003
2024-07-10,189.72,15952500,Google,GOOGL,0.0116,0.055,1.0144,0,Google market update,1.0,0,0.0117
2024-07-11,184.15,25625800,Google,GOOGL,-0.0293,0.6064,1.0312,0,Google market update,1.0,0,0.0294
2024-07-12,183.65,22898400,Google,GOOGL,-0.0027,-0.1064,1.0142,1,Google market update,1.0,0,0.0027
2024-07-15,185.1,16474000,Google,GOOGL,0.0079,-0.2806,1.018,0,Google market update,1.0,0,0.0079
2024-07-16,182.51,18290700,Google,GOOGL,-0.014,0.1103,1.029,0,Google market update,1.0,0,0.014
2024-07-17,179.63,20734100,Google,GOOGL,-0.0158,0.1336,1.0203,0,Google market update,1.0,0,0.0158
2024-07-18,176.33,25315700,Google,GOOGL,-0.0184,0.221,1.0342,0,Google market update,1.0,0,0.0184
2024-07-19,176.3,18881900,Google,GOOGL,-0.0002,-0.2541,1.0178,1,Google market update,1.0,0,0.0002
2024-07-22,180.28,24100300,Google,GOOGL,0.0226,0.2764,1.0137,1,Google market update,1.0,0,0.0226
2024-07-23,180.4,36352700,Google,GOOGL,0.0007,0.5084,1.0114,0,Google market update,1.0,0,0.0007
2024-07-24,171.31,49585200,Google,GOOGL,-0.0504,0.364,1.0254,0,Google market update,1.0,0,0.0504
2024-07-25,166.0,44852000,Google,GOOGL,-0.031,-0.0955,1.0373,0,Google market update,1.0,0,0.031
2024-07-26,165.72,41336900,Google,GOOGL,-0.0017,-0.0784,1.0246,1,Google market update,1.0,0,0.0017
2024-07-29,168.23,20293800,Google,GOOGL,0.0151,-0.5091,1.0145,1,Google market update,1.0,0,0.0151
2024-07-30,168.99,18959700,Google,GOOGL,0.0045,-0.0657,1.0166,1,Google market update,1.0,0,0.0045
2024-07-31,170.23,25729100,Google,GOOGL,0.0073,0.357,1.0249,0,Google market update,1.0,0,0.0073
2024-08-01,169.45,24531400,Google,GOOGL,-0.0045,-0.0466,1.0306,0,Google market update,1.0,0,0.0046
2024-08-02,165.38,29130100,Google,GOOGL,-0.024,0.1875,1.0233,0,Google market update,1.0,0,0.024
2024-08-05,158.03,53630700,Google,GOOGL,-0.0445,0.8411,1.0613,0,Google market update,1.0,0,0.0444
2024-08-06,157.08,49004600,Google,GOOGL,-0.006,-0.0863,1.0266,1,Google market update,1.0,0,0.006
2024-08-07,157.72,25138600,Google,GOOGL,0.0041,-0.487,1.0285,1,Google market update,1.0,0,0.0041
2024-08-08,160.79,25578800,Google,GOOGL,0.0194,0.0175,1.0217,1,Google market update,1.0,0,0.0195
2024-08-09,162.42,28602300,Google,GOOGL,0.0101,0.1182,1.0297,0,Google market update,1.0,0,0.0101
2024-08-12,161.05,15895300,Google,GOOGL,-0.0084,-0.4443,1.0189,1,Google market update,1.0,0,0.0084
2024-08-13,162.9,18551700,Google,GOOGL,0.0115,0.1671,1.0108,0,Google market update,1.0,0,0.0115
2024-08-14,159.14,40591100,Google,GOOGL,-0.0231,1.188,1.0349,1,Google market update,1.0,0,0.0231
2024-08-15,160.07,31524300,Google,GOOGL,0.0058,-0.2234,1.0127,1,Google market update,1.0,0,0.0058
2024-08-16,161.71,24208600,Google,GOOGL,0.0103,-0.2321,1.0244,1,Google market update,1.0,0,0.0102
2024-08-19,165.39,22416200,Google,GOOGL,0.0228,-0.074,1.0148,1,Google market update,1.0,0,0.0228
2024-08-20,165.9,18341500,Google,GOOGL,0.0031,-0.1818,1.0109,0,Google market update,1.0,0,0.0031
2024-08-21,164.58,22902000,Google,GOOGL,-0.008,0.2486,1.0132,0,Google market update,1.0,0,0.008
2024-08-22,162.55,22493300,Google,GOOGL,-0.0124,-0.0178,1.0262,1,Google market update,1.0,0,0.0123
2024-08-23,164.35,13955700,Google,GOOGL,0.0111,-0.3796,1.0143,1,Google market update,1.0,0,0.0111
2024-08-26,164.89,14190400,Google,GOOGL,0.0033,0.0168,1.0188,0,Google market update,1.0,0,0.0033
2024-08-27,163.42,11821900,Google,GOOGL,-0.0089,-0.1669,1.012,0,Google market update,1.0,0,0.0089
2024-08-28,161.6,16407400,Google,GOOGL,-0.0111,0.3879,1.0252,0,Google market update,1.0,0,0.0111
2024-08-29,160.54,19699800,Google,GOOGL,-0.0066,0.2007,1.0357,1,Google market update,1.0,0,0.0066
2024-08-30,162.13,22123800,Google,GOOGL,0.0099,0.123,1.0122,0,Google market update,1.0,0,0.0099
2024-09-03,156.16,38945300,Google,GOOGL,-0.0368,0.7603,1.0343,0,Google market update,1.0,0,0.0368
2024-09-04,155.25,19353800,Google,GOOGL,-0.0058,-0.5031,1.0195,1,Google market update,1.0,0,0.0058
2024-09-05,156.04,18688700,Google,GOOGL,0.005,-0.0344,1.0222,0,Google market update,1.0,0,0.0051
2024-09-06,149.77,37912100,Google,GOOGL,-0.0402,1.0286,1.0484,0,Google market update,1.0,0,0.0402
2024-09-09,147.77,39260500,Google,GOOGL,-0.0133,0.0356,1.042,0,Google market update,1.0,0,0.0134
2024-09-10,147.72,31118800,Google,GOOGL,-0.0003,-0.2074,1.0198,1,Google market update,1.0,0,0.0003
2024-09-11,150.2,29607700,Google,GOOGL,0.0168,-0.0486,1.027,1,Google market update,1.0,0,0.0168
2024-09-12,153.71,29621500,Google,GOOGL,0.0234,0.0005,1.0142,1,Google market update,1.0,0,0.0234
2024-09-13,156.46,29591200,Google,GOOGL,0.0179,-0.001,1.0204,1,Google market update,1.0,0,0.0179
2024-09-16,157.06,18379800,Google,GOOGL,0.0038,-0.3789,1.0105,1,Google market update,1.0,0,0.0038
2024-09-17,158.31,20715600,Google,GOOGL,0.008,0.1271,1.0137,1,Google market update,1.0,0,0.008
2024-09-18,158.8,23677300,Google,GOOGL,0.0031,0.143,1.012,1,Google market update,1.0,0,0.0031
2024-09-19,161.11,26587700,Google,GOOGL,0.0146,0.1229,1.0152,1,Google market update,1.0,0,0.0145
2024-09-20,162.55,40896400,Google,GOOGL,0.0089,0.5382,1.0103,0,Google market update,1.0,0,0.0089
2024-09-23,160.82,24150900,Google,GOOGL,-0.0106,-0.4095,1.0236,1,Google market update,1.0,0,0.0106
2024-09-24,161.26,23332100,Google,GOOGL,0.0027,-0.0339,1.0157,0,Google market update,1.0,0,0.0027
2024-09-25,160.47,18869200,Google,GOOGL,-0.0049,-0.1913,1.0094,1,Google market update,1.0,0,0.0049
2024-09-26,161.7,20319300,Google,GOOGL,0.0077,0.0769,1.0111,1,Google market update,1.0,0,0.0077
2024-09-27,162.91,21101300,Google,GOOGL,0.0075,0.0385,1.0189,1,Google market update,1.0,0,0.0075
2024-09-30,164.8,20413900,Google,GOOGL,0.0116,-0.0326,1.0177,1,Google market update,1.0,0,0.0116
2024-10-01,165.93,28338100,Google,GOOGL,0.0069,0.3882,1.0278,0,Google market update,1.0,0,0.0069
2024-10-02,164.81,17760200,Google,GOOGL,-0.0068,-0.3733,1.0169,0,Google market update,1.0,0,0.0067
2024-10-03,164.81,15073100,Google,GOOGL,0.0,-0.1513,1.0166,1,Google market update,1.0,0,0.0
2024-10-04,166.0,19047400,Google,GOOGL,0.0072,0.2637,1.0166,0,Google market update,1.0,0,0.0072
2024-10-07,161.95,22463100,Google,GOOGL,-0.0244,0.1793,1.0352,1,Google market update,1.0,0,0.0244
2024-10-08,163.34,23072700,Google,GOOGL,0.0086,0.0271,1.0114,0,Google market update,1.0,0,0.0086
2024-10-09,160.83,31181800,Google,GOOGL,-0.0153,0.3515,1.0319,1,Google market update,1.0,0,0.0154
2024-10-10,161.05,14144100,Google,GOOGL,0.0014,-0.5464,1.0166,1,Google market update,1.0,0,0.0014
2024-10-11,162.21,15344300,Google,GOOGL,0.0072,0.0849,1.0165,1,Google market update,1.0,0,0.0072
2024-10-14,163.92,19016100,Google,GOOGL,0.0105,0.2393,1.0173,1,Google market update,1.0,0,0.0105
2024-10-15,164.41,20247200,Google,GOOGL,0.003,0.0647,1.0185,0,Google market update,1.0,0,0.003
2024-10-16,164.11,16406000,Google,GOOGL,-0.0018,-0.1897,1.0126,0,Google market update,1.0,0,0.0018
2024-10-17,161.9,21453400,Google,GOOGL,-0.0135,0.3077,1.0222,1,Google market update,1.0,0,0.0135
2024-10-18,162.38,19757700,Google,GOOGL,0.003,-0.079,1.01,1,Google market update,1.0,0,0.003
2024-10-21,163.03,20946500,Google,GOOGL,0.004,0.0602,1.0116,1,Google market update,1.0,0,0.004
2024-10-22,164.09,16568100,Google,GOOGL,0.0065,-0.209,1.0171,0,Google market update,1.0,0,0.0065
2024-10-23,161.75,18280500,Google,GOOGL,-0.0143,0.1034,1.024,0,Google market update,1.0,0,0.0143
2024-10-24,161.69,22412500,Google,GOOGL,-0.0004,0.226,1.0144,1,Google market update,1.0,0,0.0004
2024-10-25,164.22,19828900,Google,GOOGL,0.0157,-0.1153,1.0133,1,Google market update,1.0,0,0.0156
2024-10-28,165.66,32138600,Google,GOOGL,0.0088,0.6208,1.0293,1,Google market update,1.0,0,0.0088
2024-10-29,168.61,42169000,Google,GOOGL,0.0178,0.3121,1.0197,1,Google market update,1.0,0,0.0178
2024-10-30,173.35,68890800,Google,GOOGL,0.0282,0.6337,1.0457,0,Google market update,1.0,0,0.0281
2024-10-31,170.03,44769000,Google,GOOGL,-0.0192,-0.3501,1.034,1,Google market update,1.0,0,0.0192
2024-11-01,170.2,31796500,Google,GOOGL,0.0011,-0.2898,1.0204,0,Google market update,1.0,0,0.001
2024-11-04,168.17,21492700,Google,GOOGL,-0.012,-0.3241,1.0162,1,Google market update,1.0,0,0.0119
2024-11-05,168.66,18242100,Google,GOOGL,0.003,-0.1512,1.01,1,Google market update,1.0,0,0.0029
2024-11-06,175.39,33695500,Google,GOOGL,0.0399,0.8471,1.0198,1,Google market update,1.0,0,0.0399
2024-11-07,179.6,25352900,Google,GOOGL,0.024,-0.2476,1.022,0,Google market update,1.0,0,0.024
2024-11-08,177.22,22006200,Google,GOOGL,-0.0133,-0.132,1.0158,1,Google market update,1.0,0,0.0133
2024-11-11,179.21,17450400,Google,GOOGL,0.0112,-0.207,1.0117,1,Google market update,1.0,0,0.0112
2024-11-12,180.47,25134900,Google,GOOGL,0.007,0.4404,1.0173,0,Google market update,1.0,0,0.007
2024-11-13,177.75,23184000,Google,GOOGL,-0.0151,-0.0776,1.0136,0,Google market update,1.0,0,0.0151
2024-11-14,174.47,31007500,Google,GOOGL,-0.0184,0.3375,1.0258,0,Google market update,1.0,0,0.0185
2024-11-15,171.4,32504600,Google,GOOGL,-0.0176,0.0483,1.0171,1,Google market update,1.0,0,0.0176
2024-11-18,174.19,20135300,Google,GOOGL,0.0163,-0.3805,1.0147,1,Google market update,1.0,0,0.0163
2024-11-19,176.99,23434900,Google,GOOGL,0.0161,0.1639,1.0306,0,Google market update,1.0,0,0.0161
2024-11-20,174.87,18997100,Google,GOOGL,-0.012,-0.1894,1.0224,0,Google market update,1.0,0,0.012
2024-11-21,166.57,59734400,Google,GOOGL,-0.0474,2.1444,1.0637,0,Google market update,1.0,0,0.0475
2024-11-22,163.72,38604600,Google,GOOGL,-0.0171,-0.3537,1.0156,1,Google market update,1.0,0,0.0171
2024-11-25,166.59,33135300,Google,GOOGL,0.0175,-0.1417,1.0182,1,Google market update,1.0,0,0.0175
2024-11-26,168.05,20486700,Google,GOOGL,0.0088,-0.3817,1.0134,1,Google market update,1.0,0,0.0088
2024-11-27,168.16,19266500,Google,GOOGL,0.0007,-0.0596,1.0087,0,Google market update,1.0,0,0.0007
2024-11-29,167.88,14257200,Google,GOOGL,-0.0017,-0.26,1.0136,1,Google market update,1.0,0,0.0017
2024-12-02,170.4,23789100,Google,GOOGL,0.015,0.6686,1.0208,0,Google market update,1.0,0,0.015
2024-12-03,170.25,22248700,Google,GOOGL,-0.0009,-0.0648,1.0107,1,Google market update,1.0,0,0.0009
2024-12-04,173.27,31615100,Google,GOOGL,0.0177,0.421,1.0225,0,Google market update,1.0,0,0.0177
2024-12-05,171.55,21356200,Google,GOOGL,-0.0099,-0.3245,1.0216,1,Google market update,1.0,0,0.0099
2024-12-06,173.6,21462400,Google,GOOGL,0.012,0.005,1.0187,1,Google market update,1.0,0,0.0119
2024-12-09,174.46,25389600,Google,GOOGL,0.0049,0.183,1.015,1,Google market update,1.0,0,0.005
2024-12-10,184.21,54813000,Google,GOOGL,0.0559,1.1589,1.0293,1,Google market update,1.0,0,0.0559
2024-12-11,194.38,67894100,Google,GOOGL,0.0552,0.2386,1.0582,0,Google market update,1.0,0,0.0552
2024-12-12,190.96,34817500,Google,GOOGL,-0.0176,-0.4872,1.0181,0,Google market update,1.0,0,0.0176
2024-12-13,188.83,25143500,Google,GOOGL,-0.0111,-0.2778,1.0163,1,Google market update,1.0,0,0.0112
2024-12-16,195.64,44934900,Google,GOOGL,0.036,0.7871,1.0331,0,Google market update,1.0,0,0.0361
2024-12-17,194.4,43504000,Google,GOOGL,-0.0063,-0.0318,1.033,0,Google market update,1.0,0,0.0063
2024-12-18,187.42,34166100,Google,GOOGL,-0.0359,-0.2146,1.0493,1,Google market update,1.0,0,0.0359
2024-12-19,187.53,32265200,Google,GOOGL,0.0006,-0.0556,1.0247,1,Google market update,1.0,0,0.0006
2024-12-20,190.42,63462900,Google,GOOGL,0.0154,0.9669,1.0414,1,Google market update,1.0,0,0.0154
2024-12-23,193.62,25675000,Google,GOOGL,0.0168,-0.5954,1.026,1,Google market update,1.0,0,0.0168
2024-12-24,195.09,10403300,Google,GOOGL,0.0076,-0.5948,1.012,0,Google market update,1.0,0,0.0076
2024-12-26,194.58,12046600,Google,GOOGL,-0.0026,0.158,1.0122,0,Google market update,1.0,0,0.0026
2024-12-27,191.76,18891400,Google,GOOGL,-0.0145,0.5682,1.0245,0,Google market update,1.0,0,0.0145
2024-12-30,190.25,14264700,Google,GOOGL,-0.0079,-0.2449,1.0181,0,Google market update,1.0,0,0.0079
2024-12-31,188.32,17466900,Google,GOOGL,-0.0101,0.2245,1.0183,1,Google market update,1.0,0,0.0101
2025-01-02,188.45,20370800,Google,GOOGL,0.0007,0.1663,1.024,1,Google market update,1.0,0,0.0007
2025-01-03,190.79,18596200,Google,GOOGL,0.0125,-0.0871,1.017,1,Google market update,1.0,0,0.0124
2025-01-06,195.85,29563600,Google,GOOGL,0.0265,0.5898,1.0225,0,Google market update,1.0,0,0.0265
2025-01-07,194.47,26487200,Google,GOOGL,-0.007,-0.1041,1.0329,0,Google market update,1.0,0,0.007
2025-01-08,192.94,24864800,Google,GOOGL,-0.0079,-0.0613,1.0203,0,Google market update,1.0,0,0.0079
2025-01-10,191.04,26665200,Google,GOOGL,-0.0098,0.0724,1.0326,0,Google market update,1.0,0,0.0098
2025-01-13,190.02,21823700,Google,GOOGL,-0.0054,-0.1816,1.0204,0,Google market update,1.0,0,0.0053
2025-01-14,188.67,17174900,Google,GOOGL,-0.0071,-0.213,1.0195,1,Google market update,1.0,0,0.0071
2025-01-15,194.53,21776000,Google,GOOGL,0.0311,0.2679,1.0235,0,Google market update,1.0,0,0.0311
2025-01-16,191.91,17815400,Google,GOOGL,-0.0135,-0.1819,1.0138,1,Google market update,1.0,0,0.0135
2025-01-17,194.98,27735100,Google,GOOGL,0.016,0.5568,1.018,1,Google market update,1.0,0,0.016
2025-01-21,197.02,29971300,Google,GOOGL,0.0105,0.0806,1.0223,1,Google market update,1.0,0,0.0105
2025-01-22,197.34,26200600,Google,GOOGL,0.0016,-0.1258,1.0149,0,Google market update,1.0,0,0.0016
2025-01-23,196.95,26951400,Google,GOOGL,-0.002,0.0287,1.0261,1,Google market update,1.0,0,0.002
2025-01-24,199.17,23877500,Google,GOOGL,0.0113,-0.1141,1.0146,0,Google market update,1.0,0,0.0113
2025-01-27,190.81,41728900,Google,GOOGL,-0.042,0.7476,1.0322,1,Google market update,1.0,0,0.042
2025-01-28,194.29,24157900,Google,GOOGL,0.0182,-0.4211,1.0252,1,Google market update,1.0,0,0.0182
2025-01-29,194.39,18218300,Google,GOOGL,0.0006,-0.2459,1.0174,1,Google market update,1.0,0,0.0005
2025-01-30,199.83,24354700,Google,GOOGL,0.0279,0.3368,1.0189,1,Google market update,1.0,0,0.028
2025-01-31,202.96,32001100,Google,GOOGL,0.0157,0.314,1.0182,0,Google market update,1.0,0,0.0157
2025-02-03,200.18,27838300,Google,GOOGL,-0.0137,-0.1301,1.0182,1,Google market update,1.0,0,0.0137
2025-02-04,205.31,43856400,Google,GOOGL,0.0256,0.5754,1.0209,0,Google market update,1.0,0,0.0256
2025-02-05,190.34,70373900,Google,GOOGL,-0.0729,0.6046,1.0251,1,Google market update,1.0,0,0.0729
2025-02-06,190.6,29297400,Google,GOOGL,0.0014,-0.5837,1.0179,0,Google market update,1.0,0,0.0014
2025-02-07,184.38,49315000,Google,GOOGL,-0.0327,0.6833,1.0433,1,Google market update,1.0,0,0.0326
2025-02-10,185.5,23105600,Google,GOOGL,0.0061,-0.5315,1.0126,0,Google market update,1.0,0,0.0061
2025-02-11,184.36,21239500,Google,GOOGL,-0.0062,-0.0808,1.0144,0,Google market update,1.0,0,0.0061
2025-02-12,182.66,22072600,Google,GOOGL,-0.0092,0.0392,1.018,1,Google market update,1.0,0,0.0092
2025-02-13,185.17,21402500,Google,GOOGL,0.0138,-0.0304,1.0171,0,Google market update,1.0,0,0.0137
2025-02-14,184.27,20448400,Google,GOOGL,-0.0049,-0.0446,1.0113,0,Google market update,1.0,0,0.0049
2025-02-18,182.82,29916700,Google,GOOGL,-0.0079,0.463,1.0232,1,Google market update,1.0,0,0.0079
2025-02-19,184.31,19549400,Google,GOOGL,0.0082,-0.3465,1.0102,0,Google market update,1.0,0,0.0082
2025-02-20,183.6,20441500,Google,GOOGL,-0.0038,0.0456,1.0142,0,Google market update,1.0,0,0.0039
2025-02-21,178.73,35199200,Google,GOOGL,-0.0265,0.7219,1.035,0,Google market update,1.0,0,0.0265
2025-02-24,178.32,29854200,Google,GOOGL,-0.0023,-0.1519,1.0236,0,Google market update,1.0,0,0.0023
2025-02-25,174.51,41913400,Google,GOOGL,-0.0214,0.4039,1.0232,0,Google market update,1.0,0,0.0214
2025-02-26,171.83,35431300,Google,GOOGL,-0.0153,-0.1547,1.0262,0,Google market update,1.0,0,0.0154
2025-02-27,167.62,39991000,Google,GOOGL,-0.0245,0.1287,1.0394,1,Google market update,1.0,0,0.0245
2025-02-28,169.4,48130600,Google,GOOGL,0.0106,0.2035,1.023,0,Google market update,1.0,0,0.0106
2025-03-03,166.14,40770500,Google,GOOGL,-0.0192,-0.1529,1.0448,1,Google market update,1.0,0,0.0192
2025-03-04,170.03,45388000,Google,GOOGL,0.0234,0.1133,1.0452,1,Google market update,1.0,0,0.0234
2025-03-05,172.12,30954900,Google,GOOGL,0.0123,-0.318,1.0279,0,Google market update,1.0,0,0.0123
2025-03-06,171.45,28302000,Google,GOOGL,-0.0039,-0.0857,1.0253,1,Google market update,1.0,0,0.0039
2025-03-07,172.96,27385800,Google,GOOGL,0.0088,-0.0324,1.0276,0,Google market update,1.0,0,0.0088
2025-03-10,165.2,43604000,Google,GOOGL,-0.0449,0.5922,1.0291,0,Google market update,1.0,0,0.0449
2025-03-11,163.38,39587400,Google,GOOGL,-0.011,-0.0921,1.0333,1,Google market update,1.0,0,0.011
2025-03-12,166.43,28372400,Google,GOOGL,0.0187,-0.2833,1.0251,0,Google market update,1.0,0,0.0187
2025-03-13,162.1,31756200,Google,GOOGL,-0.026,0.1193,1.0248,1,Google market update,1.0,0,0.026
2025-03-14,164.82,31995900,Google,GOOGL,0.0168,0.0075,1.0249,0,Google market update,1.0,0,0.0168
2025-03-17,163.62,31184300,Google,GOOGL,-0.0073,-0.0254,1.0161,0,Google market update,1.0,0,0.0073
2025-03-18,160.02,42074800,Google,GOOGL,-0.022,0.3492,1.048,1,Google market update,1.0,0,0.022
2025-03-19,163.23,34275600,Google,GOOGL,0.02,-0.1854,1.0302,0,Google market update,1.0,0,0.0201
2025-03-20,162.14,28138500,Google,GOOGL,-0.0067,-0.1791,1.0244,1,Google market update,1.0,0,0.0067
2025-03-21,163.33,36625800,Google,GOOGL,0.0073,0.3016,1.0208,1,Google market update,1.0,0,0.0073
2025-03-24,167.0,30879100,Google,GOOGL,0.0225,-0.1569,1.0193,1,Google market update,1.0,0,0.0225
2025-03-25,169.87,24174400,Google,GOOGL,0.0172,-0.2171,1.0137,0,Google market update,1.0,0,0.0172
2025-03-26,164.39,28901600,Google,GOOGL,-0.0322,0.1955,1.0289,0,Google market update,1.0,0,0.0323
2025-03-27,161.58,24508300,Google,GOOGL,-0.0171,-0.152,1.0211,0,Google market update,1.0,0,0.0171
2025-03-28,153.7,48669300,Google,GOOGL,-0.0488,0.9858,1.0533,1,Google market update,1.0,0,0.0488
2025-03-31,154.01,54603500,Google,GOOGL,0.002,0.1219,1.0324,1,Google market update,1.0,0,0.002
2025-04-01,156.43,30672900,Google,GOOGL,0.0157,-0.4383,1.0292,0,Google market update,1.0,0,0.0157
2025-04-02,156.4,25041700,Google,GOOGL,-0.0002,-0.1836,1.024,0,Google market update,1.0,0,0.0002
2025-04-03,150.11,46883400,Google,GOOGL,-0.0402,0.8722,1.0159,0,Google market update,1.0,0,0.0402
2025-04-04,145.01,62259500,Google,GOOGL,-0.034,0.328,1.0391,1,Google market update,1.0,0,0.034
2025-04-07,146.16,76794100,Google,GOOGL,0.0079,0.2335,1.0877,0,Google market update,1.0,0,0.0079
2025-04-08,144.11,52200200,Google,GOOGL,-0.014,-0.3203,1.0644,1,Google market update,1.0,0,0.014
2025-04-09,158.07,70406200,Google,GOOGL,0.0968,0.3488,1.1087,0,Google market update,1.0,0,0.0969
2025-04-10,152.2,48022000,Google,GOOGL,-0.0371,-0.3179,1.052,1,Google market update,1.0,0,0.0371
2025-04-11,156.5,33636200,Google,GOOGL,0.0283,-0.2996,1.0317,1,Google market update,1.0,0,0.0283
2025-04-14,158.43,30333000,Google,GOOGL,0.0123,-0.0982,1.0264,0,Google market update,1.0,0,0.0123
2025-04-15,155.68,27551500,Google,GOOGL,-0.0174,-0.0917,1.0286,0,Google market update,1.0,0,0.0174
2025-04-16,152.71,28187400,Google,GOOGL,-0.0191,0.0231,1.0289,0,Google market update,1.0,0,0.0191
2025-04-17,150.55,33046600,Google,GOOGL,-0.0142,0.1724,1.0416,0,Google market update,1.0,0,0.0141
2025-04-21,147.07,26049100,Google,GOOGL,-0.0231,-0.2117,1.0195,1,Google market update,1.0,0,0.0231
2025-04-22,150.86,26971800,Google,GOOGL,0.0257,0.0354,1.0246,1,Google market update,1.0,0,0.0258
2025-04-23,154.72,31128800,Google,GOOGL,0.0256,0.1541,1.0242,1,Google market update,1.0,0,0.0256
2025-04-24,158.63,45894000,Google,GOOGL,0.0253,0.4743,1.0244,1,Google market update,1.0,0,0.0253
2025-04-25,161.3,56034000,Google,GOOGL,0.0168,0.2209,1.0314,0,Google market update,1.0,0,0.0168
2025-04-28,159.96,29745800,Google,GOOGL,-0.0083,-0.4691,1.0287,0,Google market update,1.0,0,0.0083
2025-04-29,159.51,26809000,Google,GOOGL,-0.0028,-0.0987,1.0204,0,Google market update,1.0,0,0.0028
2025-04-30,158.16,34981100,Google,GOOGL,-0.0085,0.3048,1.0249,1,Google market update,1.0,0,0.0085
2025-05-01,160.65,30203200,Google,GOOGL,0.0157,-0.1366,1.0191,1,Google market update,1.0,0,0.0157
2025-05-02,163.37,25715000,Google,GOOGL,0.0169,-0.1486,1.0192,1,Google market update,1.0,0,0.0169
2025-05-05,163.54,21341800,Google,GOOGL,0.0011,-0.1701,1.0164,0,Google market update,1.0,0,0.001
2025-05-06,162.57,21277200,Google,GOOGL,-0.006,-0.003,1.0224,0,Google market update,1.0,0,0.0059
2025-05-07,150.77,127490100,Google,GOOGL,-0.0726,4.9919,1.1161,1,Google market update,1.0,0,0.0726
2025-05-08,153.66,57498700,Google,GOOGL,0.0192,-0.549,1.0198,0,Google market update,1.0,0,0.0192
2025-05-09,152.13,32435300,Google,GOOGL,-0.0099,-0.4359,1.0187,1,Google market update,1.0,0,0.01
2025-05-12,157.82,44138800,Google,GOOGL,0.0374,0.3608,1.0182,1,Google market update,1.0,0,0.0374
2025-05-13,158.88,42382100,Google,GOOGL,0.0068,-0.0398,1.0282,1,Google market update,1.0,0,0.0067
2025-05-14,164.7,48755900,Google,GOOGL,0.0366,0.1504,1.0463,0,Google market update,1.0,0,0.0366
2025-05-15,163.3,33146700,Google,GOOGL,-0.0085,-0.3201,1.0236,1,Google market update,1.0,0,0.0085
2025-05-16,165.52,42846900,Google,GOOGL,0.0136,0.2926,1.0225,1,Google market update,1.0,0,0.0136
2025-05-19,165.87,30426100,Google,GOOGL,0.0021,-0.2899,1.0147,0,Google market update,1.0,0,0.0021
2025-05-20,163.32,46607700,Google,GOOGL,-0.0154,0.5318,1.0344,1,Google market update,1.0,0,0.0154
2025-05-21,167.88,73416000,Google,GOOGL,0.0279,0.5752,1.0586,1,Google market update,1.0,0,0.0279
2025-05-22,170.18,74864400,Google,GOOGL,0.0137,0.0197,1.0355,0,Google market update,1.0,0,0.0137
2025-05-23,167.79,35211400,Google,GOOGL,-0.014,-0.5297,1.0123,1,Google market update,1.0,0,0.014
2025-05-27,172.2,37995700,Google,GOOGL,0.0263,0.0791,1.0186,0,Google market update,1.0,0,0.0263
2025-05-28,171.66,34784000,Google,GOOGL,-0.0031,-0.0845,1.0195,0,Google market update,1.0,0,0.0031
2025-05-29,171.16,29317300,Google,GOOGL,-0.0029,-0.1572,1.0222,0,Google market update,1.0,0,0.0029
2025-05-30,171.04,52639900,Google,GOOGL,-0.0007,0.7955,1.0285,0,Google market update,1.0,0,0.0007
2025-06-02,168.35,38612300,Google,GOOGL,-0.0158,-0.2665,1.0148,0,Google market update,1.0,0,0.0157
2025-06-03,165.51,45084900,Google,GOOGL,-0.0169,0.1676,1.0194,1,Google market update,1.0,0,0.0169
2025-06-04,167.37,26900800,Google,GOOGL,0.0113,-0.4033,1.0112,1,Google market update,1.0,0,0.0112
2025-06-05,167.53,36379100,Google,GOOGL,0.001,0.3523,1.0199,1,Google market update,1.0,0,0.001
2025-06-06,172.98,35731800,Google,GOOGL,0.0325,-0.0178,1.0215,1,Google market update,1.0,0,0.0325
2025-06-09,175.59,28935900,Google,GOOGL,0.0151,-0.1902,1.012,1,Google market update,1.0,0,0.0151
2025-06-10,178.09,61766100,Google,GOOGL,0.0143,1.1346,1.0354,0,Google market update,1.0,0,0.0142
2025-06-11,176.85,31646800,Google,GOOGL,-0.007,-0.4876,1.0205,0,Google market update,1.0,0,0.007
2025-06-12,175.2,20941900,Google,GOOGL,-0.0093,-0.3383,1.0113,0,Google market update,1.0,0,0.0093
2025-06-13,174.17,27663100,Google,GOOGL,-0.0059,0.3209,1.0275,1,Google market update,1.0,0,0.0059
2025-06-16,176.27,27389200,Google,GOOGL,0.012,-0.0099,1.0131,0,Google market update,1.0,0,0.0121
2025-06-17,175.45,24973000,Google,GOOGL,-0.0046,-0.0882,1.0159,0,Google market update,1.0,0,0.0047
2025-06-18,172.83,28707500,Google,GOOGL,-0.0149,0.1495,1.0194,0,Google market update,1.0,0,0.0149
2025-06-20,166.17,75659900,Google,GOOGL,-0.0385,1.6355,1.0537,0,Google market update,1.0,0,0.0385
2025-06-23,164.72,57671000,Google,GOOGL,-0.0087,-0.2378,1.033,1,Google market update,1.0,0,0.0087
2025-06-24,166.3,40524300,Google,GOOGL,0.0096,-0.2973,1.0126,1,Google market update,1.0,0,0.0096
2025-06-25,170.19,35479000,Google,GOOGL,0.0234,-0.1245,1.0287,1,Google market update,1.0,0,0.0234
2025-06-26,173.05,31796700,Google,GOOGL,0.0168,-0.1038,1.0221,1,Google market update,1.0,0,0.0168
2025-06-27,178.02,108140200,Google,GOOGL,0.0288,2.401,1.0405,0,Google market update,1.0,0,0.0287
2025-06-30,175.73,63378900,Google,GOOGL,-0.0129,-0.4139,1.0381,0,Google market update,1.0,0,0.0129
2025-07-01,175.34,35904500,Google,GOOGL,-0.0022,-0.4335,1.0148,1,Google market update,1.0,0,0.0022
2025-07-02,178.13,29128900,Google,GOOGL,0.0159,-0.1887,1.0216,1,Google market update,1.0,0,0.0159
2025-07-03,179.02,21689700,Google,GOOGL,0.005,-0.2554,1.0148,0,Google market update,1.0,0,0.005
2025-07-07,176.29,34175600,Google,GOOGL,-0.0153,0.5757,1.0206,0,Google market update,1.0,0,0.0152
2025-07-08,173.86,40442500,Google,GOOGL,-0.0137,0.1834,1.0297,1,Google market update,1.0,0,0.0138
2025-07-09,176.12,43025600,Google,GOOGL,0.013,0.0639,1.0386,1,Google market update,1.0,0,0.013
2025-07-10,177.11,29252400,Google,GOOGL,0.0057,-0.3201,1.0232,1,Google market update,1.0,0,0.0056
2025-07-11,179.68,34282900,Google,GOOGL,0.0145,0.172,1.028,1,Google market update,1.0,0,0.0145
2025-07-14,181.04,32536600,Google,GOOGL,0.0076,-0.0509,1.0222,1,Google market update,1.0,0,0.0076
2025-07-15,181.48,33448300,Google,GOOGL,0.0024,0.028,1.0144,1,Google market update,1.0,0,0.0024
2025-07-16,182.45,33104200,Google,GOOGL,0.0053,-0.0103,1.0126,1,Google market update,1.0,0,0.0053
2025-07-17,183.06,31992600,Google,GOOGL,0.0033,-0.0336,1.0198,1,Google market update,1.0,0,0.0033
2025-07-18,184.53,34014500,Google,GOOGL,0.0081,0.0632,1.0148,1,Google market update,1.0,0,0.008
2025-07-21,189.56,45803100,Google,GOOGL,0.0272,0.3466,1.0222,1,Google market update,1.0,0,0.0273
2025-07-22,190.8,44660200,Google,GOOGL,0.0065,-0.025,1.0224,0,Google market update,1.0,0,0.0065
2025-07-23,189.69,58681900,Google,GOOGL,-0.0058,0.314,1.0177,1,Google market update,1.0,0,0.0058
2025-07-24,191.62,74881700,Google,GOOGL,0.0102,0.2761,1.0364,1,Google market update,1.0,0,0.0102
2025-07-25,192.63,39785900,Google,GOOGL,0.0053,-0.4687,1.0161,0,Google market update,1.0,0,0.0053
2025-07-28,192.03,38139500,Google,GOOGL,-0.0031,-0.0414,1.0168,1,Google market update,1.0,0,0.0031
2025-07-29,195.19,41389200,Google,GOOGL,0.0165,0.0852,1.02,1,Google market update,1.0,0,0.0165
2025-07-30,195.97,32445400,Google,GOOGL,0.004,-0.2161,1.0149,0,Google market update,1.0,0,0.004
2025-07-31,191.35,51329200,Google,GOOGL,-0.0236,0.582,1.0256,0,Google market update,1.0,0,0.0236
2025-08-01,188.59,34832200,Google,GOOGL,-0.0144,-0.3214,1.016,1,Google market update,1.0,0,0.0144
2025-08-04,194.49,31547400,Google,GOOGL,0.0312,-0.0943,1.0271,0,Google market update,1.0,0,0.0313
2025-08-05,194.12,31602300,Google,GOOGL,-0.0019,0.0017,1.0205,1,Google market update,1.0,0,0.0019
2025-08-06,195.53,21562900,Google,GOOGL,0.0073,-0.3177,1.0153,1,Google market update,1.0,0,0.0073
2025-08-07,195.96,26321800,Google,GOOGL,0.0022,0.2207,1.0165,1,Google market update,1.0,0,0.0022
2025-08-08,200.85,39161800,Google,GOOGL,0.0249,0.4878,1.0276,0,Google market update,1.0,0,0.025
2025-08-11,200.43,25832400,Google,GOOGL,-0.0021,-0.3404,1.0121,1,Google market update,1.0,0,0.0021
2025-08-12,202.76,30397900,Google,GOOGL,0.0116,0.1767,1.0195,0,Google market update,1.0,0,0.0116
2025-08-13,201.39,28342900,Google,GOOGL,-0.0068,-0.0676,1.0355,1,Google market update,1.0,0,0.0068
2025-08-14,202.36,25230400,Google,GOOGL,0.0049,-0.1098,1.016,1,Google market update,1.0,0,0.0048
2025-08-15,203.32,34931400,Google,GOOGL,0.0047,0.3845,1.0256,0,Google market update,1.0,0,0.0047
2025-08-18,202.92,18526600,Google,GOOGL,-0.002,-0.4696,1.0137,0,Google market update,1.0,0,0.002
2025-08-19,201.0,24240200,Google,GOOGL,-0.0095,0.3084,1.0174,0,Google market update,1.0,0,0.0095
2025-08-20,198.75,28955500,Google,GOOGL,-0.0112,0.1945,1.0238,1,Google market update,1.0,0,0.0112
2025-08-21,199.18,19774600,Google,GOOGL,0.0022,-0.3171,1.0153,1,Google market update,1.0,0,0.0022
2025-08-22,205.5,42827000,Google,GOOGL,0.0317,1.1658,1.036,1,Google market update,1.0,0,0.0317
2025-08-25,207.9,29928900,Google,GOOGL,0.0116,-0.3012,1.0255,0,Google market update,1.0,0,0.0117
2025-08-26,206.55,28464100,Google,GOOGL,-0.0065,-0.0489,1.0105,1,Google market update,1.0,0,0.0065
2025-08-27,206.89,23022900,Google,GOOGL,0.0016,-0.1912,1.0159,1,Google market update,1.0,0,0.0016
2025-08-28,211.04,32339300,Google,GOOGL,0.0201,0.4047,1.0257,1,Google market update,1.0,0,0.0201
2025-08-29,212.3,39728400,Google,GOOGL,0.006,0.2285,1.0212,0,Google market update,1.0,0,0.006
2025-09-02,210.75,47523000,Google,GOOGL,-0.0073,0.1962,1.0266,1,Google market update,1.0,0,0.0073
2025-09-03,230.0,103336100,Google,GOOGL,0.0914,1.1744,1.029,1,Google market update,1.0,0,0.0913
2025-09-04,231.64,51684200,Google,GOOGL,0.0071,-0.4998,1.0277,1,Google market update,1.0,0,0.0071
2025-09-05,234.33,46588900,Google,GOOGL,0.0116,-0.0986,1.0166,0,Google market update,1.0,0,0.0116
2025-09-08,233.58,32474700,Google,GOOGL,-0.0032,-0.303,1.0191,1,Google market update,1.0,0,0.0032
2025-09-09,239.16,38061000,Google,GOOGL,0.0239,0.172,1.031,0,Google market update,1.0,0,0.0239
2025-09-10,238.7,35141100,Google,GOOGL,-0.0019,-0.0767,1.016,1,Google market update,1.0,0,0.0019
2025-09-11,239.9,30599300,Google,GOOGL,0.005,-0.1292,1.0254,1,Google market update,1.0,0,0.005
2025-09-12,240.33,26771600,Google,GOOGL,0.0018,-0.1251,1.0171,1,Google market update,1.0,0,0.0018
2025-09-15,251.12,58383800,Google,GOOGL,0.0449,1.1808,1.0317,0,Google market update,1.0,0,0.0449
2025-09-16,250.67,34109700,Google,GOOGL,-0.0018,-0.4158,1.0143,0,Google market update,1.0,0,0.0018
2025-09-17,249.04,34108000,Google,GOOGL,-0.0065,-0.0,1.0216,1,Google market update,1.0,0,0.0065
2025-09-18,251.54,31239500,Google,GOOGL,0.01,-0.0841,1.0168,1,Google market update,1.0,0,0.01
2025-09-19,254.22,55571400,Google,GOOGL,0.0107,0.7789,1.0166,0,Google market update,1.0,0,0.0107
2025-09-22,252.04,32290500,Google,GOOGL,-0.0086,-0.4189,1.0219,0,Google market update,1.0,0,0.0086
2025-09-23,251.17,26628000,Google,GOOGL,-0.0034,-0.1754,1.0155,0,Google market update,1.0,0,0.0035
2025-09-24,246.66,28201000,Google,GOOGL,-0.018,0.0591,1.024,0,Google market update,1.0,0,0.018
2025-09-25,245.31,31020400,Google,GOOGL,-0.0055,0.1,1.0239,1,Google market update,1.0,0,0.0055
2025-09-26,246.06,18503200,Google,GOOGL,0.0031,-0.4035,1.014,0,Google market update,1.0,0,0.0031
2025-09-29,243.57,32505800,Google,GOOGL,-0.0101,0.7568,1.0345,0,Google market update,1.0,0,0.0101
2025-09-30,242.63,34724300,Google,GOOGL,-0.0039,0.0682,1.0169,1,Google market update,1.0,0,0.0039
2025-10-01,244.42,31658200,Google,GOOGL,0.0074,-0.0883,1.0322,1,Google market update,1.0,0,0.0074
2025-10-02,245.21,25483300,Google,GOOGL,0.0032,-0.195,1.0186,0,Google market update,1.0,0,0.0032
2025-10-03,244.87,30249600,Google,GOOGL,-0.0014,0.187,1.0192,1,Google market update,1.0,0,0.0014
2025-10-06,249.94,28894700,Google,GOOGL,0.0207,-0.0448,1.0276,0,Google market update,1.0,0,0.0207
2025-10-07,245.28,23181300,Google,GOOGL,-0.0186,-0.1977,1.02,0,Google market update,1.0,0,0.0186
2025-10-08,244.14,21307100,Google,GOOGL,-0.0046,-0.0808,1.009,0,Google market update,1.0,0,0.0046
2025-10-09,241.06,27892100,Google,GOOGL,-0.0126,0.3091,1.0235,0,Google market update,1.0,0,0.0126
2025-10-10,236.11,33180300,Google,GOOGL,-0.0205,0.1896,1.035,1,Google market update,1.0,0,0.0205
2025-10-13,243.67,24995000,Google,GOOGL,0.032,-0.2467,1.02,1,Google market update,1.0,0,0.032
2025-10-14,244.97,22111600,Google,GOOGL,0.0053,-0.1154,1.0275,1,Google market update,1.0,0,0.0053
2025-10-15,250.54,27007700,Google,GOOGL,0.0227,0.2214,1.0249,1,Google market update,1.0,0,0.0227
2025-10-16,250.97,27997200,Google,GOOGL,0.0017,0.0366,1.0274,1,Google market update,1.0,0,0.0017
2025-10-17,252.81,29671600,Google,GOOGL,0.0073,0.0598,1.0259,1,Google market update,1.0,0,0.0073
2025-10-20,256.05,22350200,Google,GOOGL,0.0128,-0.2467,1.0122,0,Google market update,1.0,0,0.0128
2025-10-21,249.97,47312100,Google,GOOGL,-0.0237,1.1169,1.0439,1,Google market update,1.0,0,0.0237
2025-10-22,251.2,35029400,Google,GOOGL,0.0049,-0.2596,1.0284,1,Google market update,1.0,0,0.0049
2025-10-23,252.59,19901400,Google,GOOGL,0.0055,-0.4319,1.0127,1,Google market update,1.0,0,0.0055
2025-10-24,259.41,28655100,Google,GOOGL,0.027,0.4399,1.0249,1,Google market update,1.0,0,0.027
2025-10-27,268.74,35235200,Google,GOOGL,0.036,0.2296,1.0222,0,Google market update,1.0,0,0.036
2025-10-28,266.95,29738600,Google,GOOGL,-0.0067,-0.156,1.0159,1,Google market update,1.0,0,0.0067
2025-10-29,274.03,43580300,Google,GOOGL,0.0265,0.4654,1.0287,1,Google market update,1.0,0,0.0265
2025-10-30,280.93,74876000,Google,GOOGL,0.0252,0.7181,1.0412,0,Google market update,1.0,0,0.0252
2025-10-31,280.64,39267900,Google,GOOGL,-0.001,-0.4756,1.0324,1,Google market update,1.0,0,0.001
2025-11-03,283.17,29786000,Google,GOOGL,0.009,-0.2415,1.0205,0,Google market update,1.0,0,0.009
2025-11-04,277.0,30078400,Google,GOOGL,-0.0218,0.0098,1.0181,1,Google market update,1.0,0,0.0218
2025-11-05,283.75,31010300,Google,GOOGL,0.0244,0.031,1.0327,1,Google market update,1.0,0,0.0244
2025-11-06,284.19,37173600,Google,GOOGL,0.0015,0.1988,1.0256,0,Google market update,1.0,0,0.0016
2025-11-07,278.29,34479600,Google,GOOGL,-0.0208,-0.0725,1.0312,1,Google market update,1.0,0,0.0208
2025-11-10,289.53,29557300,Google,GOOGL,0.0404,-0.1428,1.0281,1,Google market update,1.0,0,0.0404
2025-11-11,290.74,19842100,Google,GOOGL,0.0042,-0.3287,1.016,0,Google market update,1.0,0,0.0042
2025-11-12,286.15,24829900,Google,GOOGL,-0.0158,0.2514,1.0293,0,Google market update,1.0,0,0.0158
2025-11-13,278.03,29494000,Google,GOOGL,-0.0284,0.1878,1.0202,0,Google market update,1.0,0,0.0284
2025-11-14,275.87,31647200,Google,GOOGL,-0.0078,0.073,1.029,1,Google market update,1.0,0,0.0078
2025-11-17,284.46,52670200,Google,GOOGL,0.0311,0.6643,1.0366,0,Google market update,1.0,0,0.0311
2025-11-18,283.72,49158700,Google,GOOGL,-0.0026,-0.0667,1.0381,1,Google market update,1.0,0,0.0026
2025-11-19,292.24,68198900,Google,GOOGL,0.03,0.3873,1.0599,0,Google market update,1.0,0,0.03
2025-11-20,288.88,62025200,Google,GOOGL,-0.0115,-0.0905,1.0615,1,Google market update,1.0,0,0.0115
2025-11-21,299.07,74137700,Google,GOOGL,0.0353,0.1953,1.0343,1,Google market update,1.0,0,0.0353
2025-11-24,317.96,85165100,Google,GOOGL,0.0631,0.1487,1.0319,1,Google market update,1.0,0,0.0632
2025-11-25,322.81,88632100,Google,GOOGL,0.0153,0.0407,1.0352,0,Google market update,1.0,0,0.0153
2025-11-26,319.33,51373400,Google,GOOGL,-0.0108,-0.4204,1.0243,1,Google market update,1.0,0,0.0108
2025-11-28,319.55,26018600,Google,GOOGL,0.0007,-0.4935,1.0318,0,Google market update,1.0,0,0.0007
2025-12-01,314.28,41183000,Google,GOOGL,-0.0165,0.5828,1.019,1,Google market update,1.0,0,0.0165
2025-12-02,315.19,35854700,Google,GOOGL,0.0029,-0.1294,1.0142,1,Google market update,1.0,0,0.0029
2025-12-03,319.01,41838300,Google,GOOGL,0.0121,0.1669,1.0238,0,Google market update,1.0,0,0.0121
2025-12-04,317.0,31240900,Google,GOOGL,-0.0063,-0.2533,1.0243,1,Google market update,1.0,0,0.0063
2025-12-05,320.64,28851700,Google,GOOGL,0.0115,-0.0765,1.0125,0,Google market update,1.0,0,0.0115
2025-12-08,313.31,33909400,Google,GOOGL,-0.0229,0.1753,1.0296,1,Google market update,1.0,0,0.0229
2025-12-09,316.67,30194000,Google,GOOGL,0.0107,-0.1096,1.0195,1,Google market update,1.0,0,0.0107
2025-12-10,319.79,33428900,Google,GOOGL,0.0099,0.1071,1.0211,0,Google market update,1.0,0,0.0099
2025-12-11,312.02,42353700,Google,GOOGL,-0.0243,0.267,1.0406,0,Google market update,1.0,0,0.0243
2025-12-12,308.89,35940200,Google,GOOGL,-0.0101,-0.1514,1.0305,0,Google market update,1.0,0,0.01
2025-12-15,307.82,29151900,Google,GOOGL,-0.0035,-0.1889,1.0215,0,Google market update,1.0,0,0.0035
2025-12-16,306.17,30585000,Google,GOOGL,-0.0054,0.0492,1.027,0,Google market update,1.0,0,0.0054
2025-12-17,296.33,43930400,Google,GOOGL,-0.0321,0.4363,1.0404,1,Google market update,1.0,0,0.0321
2025-12-18,302.07,33518000,Google,GOOGL,0.0193,-0.237,1.0158,1,Google market update,1.0,0,0.0194
2025-12-19,306.76,59943200,Google,GOOGL,0.0155,0.7884,1.0209,1,Google market update,1.0,0,0.0155
2025-12-22,309.38,26429900,Google,GOOGL,0.0085,-0.5591,1.0158,1,Google market update,1.0,0,0.0085
2025-12-23,313.94,25478700,Google,GOOGL,0.0148,-0.036,1.0182,0,Google market update,1.0,0,0.0147
2025-12-24,313.68,10097400,Google,GOOGL,-0.0008,-0.6037,1.0101,0,Google market update,1.0,0,0.0008
2025-12-26,313.1,10899000,Google,GOOGL,-0.0018,0.0794,1.009,1,Google market update,1.0,0,0.0018
2025-12-29,313.15,19621800,Google,GOOGL,0.0002,0.8003,1.0109,1,Google market update,1.0,0,0.0002
2025-12-30,313.44,17380900,Google,GOOGL,0.0009,-0.1142,1.0144,0,Google market update,1.0,0,0.0009
2025-12-31,312.59,16377700,Google,GOOGL,-0.0027,-0.0577,1.0101,1,Google market update,1.0,0,0.0027
2026-01-02,314.74,32009400,Google,GOOGL,0.0069,0.9545,1.0392,1,Google market update,1.0,0,0.0069
2026-01-05,316.13,30195600,Google,GOOGL,0.0044,-0.0567,1.014,0,Google market update,1.0,0,0.0044
2026-01-06,313.93,31212100,Google,GOOGL,-0.007,0.0337,1.0294,1,Google market update,1.0,0,0.007
2026-01-07,321.56,35104400,Google,GOOGL,0.0243,0.1247,1.0381,1,Google market update,1.0,0,0.0243
2026-01-08,325.02,31896100,Google,GOOGL,0.0107,-0.0914,1.0274,1,Google market update,1.0,0,0.0108
2026-01-09,328.14,26214200,Google,GOOGL,0.0096,-0.1781,1.0154,1,Google market update,1.0,0,0.0096
2026-01-12,331.43,33923900,Google,GOOGL,0.01,0.2941,1.0278,1,Google market update,1.0,0,0.01
2026-01-13,335.53,33517600,Google,GOOGL,0.0124,-0.012,1.0206,0,Google market update,1.0,0,0.0124
2026-01-14,335.4,28525600,Google,GOOGL,-0.0004,-0.1489,1.0183,0,Google market update,1.0,0,0.0004
2026-01-15,332.35,28442400,Google,GOOGL,-0.0091,-0.0029,1.021,0,Google market update,1.0,0,0.0091
2026-01-16,329.57,40341600,Google,GOOGL,-0.0084,0.4184,1.0212,0,Google market update,1.0,0,0.0084
2026-01-20,321.58,35361000,Google,GOOGL,-0.0242,-0.1235,1.0228,1,Google market update,1.0,0,0.0242
2026-01-21,327.95,35386600,Google,GOOGL,0.0198,0.0007,1.0411,1,Google market update,1.0,0,0.0198
2026-01-22,330.11,26253600,Google,GOOGL,0.0066,-0.2581,1.0195,0,Google market update,1.0,0,0.0066
2026-01-23,327.5,27280000,Google,GOOGL,-0.0079,0.0391,1.0191,1,Google market update,1.0,0,0.0079
2026-01-26,332.83,26042100,Google,GOOGL,0.0163,-0.0454,1.027,1,Google market update,1.0,0,0.0163
2026-01-27,334.12,21636200,Google,GOOGL,0.0039,-0.1692,1.0133,1,Google market update,1.0,0,0.0039
2026-01-28,335.57,27434400,Google,GOOGL,0.0044,0.268,1.0169,1,Google market update,1.0,0,0.0043
2026-01-29,337.81,39785600,Google,GOOGL,0.0067,0.4502,1.0482,0,Google market update,1.0,0,0.0067
2026-01-30,337.56,31024000,Google,GOOGL,-0.0007,-0.2202,1.0232,1,Google market update,1.0,0,0.0007
2026-02-02,343.24,32006100,Google,GOOGL,0.0168,0.0317,1.0274,0,Google market update,1.0,0,0.0168
2026-02-03,339.27,36506700,Google,GOOGL,-0.0116,0.1406,1.0342,0,Google market update,1.0,0,0.0116
2026-02-04,332.61,70618400,Google,GOOGL,-0.0196,0.9344,1.045,0,Google market update,1.0,0,0.0196
2026-02-05,330.82,88205800,Google,GOOGL,-0.0054,0.249,1.0856,0,Google market update,1.0,0,0.0054
2026-02-06,322.44,56380500,Google,GOOGL,-0.0253,-0.3608,1.0327,1,Google market update,1.0,0,0.0253
2026-02-09,323.9,39640100,Google,GOOGL,0.0045,-0.2969,1.0329,0,Google market update,1.0,0,0.0045
2026-02-10,318.17,39170000,Google,GOOGL,-0.0177,-0.0119,1.0224,0,Google market update,1.0,0,0.0177
2026-02-11,310.56,45406400,Google,GOOGL,-0.0239,0.1592,1.0368,0,Google market update,1.0,0,0.0239
2026-02-12,308.6,47761300,Google,GOOGL,-0.0063,0.0519,1.0294,0,Google market update,1.0,0,0.0063
2026-02-13,305.32,38499700,Google,GOOGL,-0.0106,-0.1939,1.0162,0,Google market update,1.0,0,0.0106
2026-02-17,301.63,39247600,Google,GOOGL,-0.0121,0.0194,1.0276,1,Google market update,1.0,0,0.0121
2026-02-18,302.94,28482100,Google,GOOGL,0.0043,-0.2743,1.0137,0,Google market update,1.0,0,0.0043
2026-02-19,302.46,25834400,Google,GOOGL,-0.0016,-0.093,1.0181,1,Google market update,1.0,0,0.0016
2026-02-20,314.57,53210800,Google,GOOGL,0.0401,1.0597,1.0415,0,Google market update,1.0,0,0.04
2026-02-23,311.09,31423000,Google,GOOGL,-0.0111,-0.4095,1.0311,0,Google market update,1.0,0,0.0111
2026-02-24,310.5,25615600,Google,GOOGL,-0.0019,-0.1848,1.0207,1,Google market update,1.0,0,0.0019
2026-02-25,312.49,29963600,Google,GOOGL,0.0064,0.1697,1.0136,0,Google market update,1.0,0,0.0064
2026-02-26,306.98,36431200,Google,GOOGL,-0.0176,0.2158,1.0357,1,Google market update,1.0,0,0.0176
2026-02-27,311.35,44640600,Google,GOOGL,0.0142,0.2253,1.0282,0,Google market update,1.0,0,0.0142
2026-03-02,306.12,34790200,Google,GOOGL,-0.0168,-0.2207,1.0239,0,Google market update,1.0,0,0.0168
2026-03-03,303.19,35497000,Google,GOOGL,-0.0096,0.0203,1.0244,0,Google market update,1.0,0,0.0096
2026-03-04,302.74,29536200,Google,GOOGL,-0.0015,-0.1679,1.0157,0,Google market update,1.0,0,0.0015
2026-03-05,300.49,35752300,Google,GOOGL,-0.0074,0.2105,1.0178,0,Google market update,1.0,0,0.0074
2026-03-06,298.13,25576900,Google,GOOGL,-0.0078,-0.2846,1.0181,1,Google market update,1.0,0,0.0079
2026-03-09,306.18,29312100,Google,GOOGL,0.027,0.146,1.0433,1,Google market update,1.0,0,0.027
2026-03-10,306.86,23239700,Google,GOOGL,0.0022,-0.2072,1.0129,1,Google market update,1.0,0,0.0022
2026-03-11,308.52,24125700,Google,GOOGL,0.0054,0.0381,1.018,0,Google market update,1.0,0,0.0054
2026-03-12,303.37,24928300,Google,GOOGL,-0.0167,0.0333,1.0263,0,Google market update,1.0,0,0.0167
2026-03-13,302.1,23693100,Google,GOOGL,-0.0042,-0.0496,1.0241,1,Google market update,1.0,0,0.0042
2026-03-16,305.38,23519700,Google,GOOGL,0.0109,-0.0073,1.0115,1,Google market update,1.0,0,0.0109
2026-03-17,310.73,21955200,Google,GOOGL,0.0175,-0.0665,1.0194,0,Google market update,1.0,0,0.0175
2026-03-18,307.51,20009800,Google,GOOGL,-0.0104,-0.0886,1.018,0,Google market update,1.0,0,0.0104
2026-03-19,306.95,25075800,Google,GOOGL,-0.0018,0.2532,1.0189,0,Google market update,1.0,0,0.0018
2026-03-20,300.82,44364100,Google,GOOGL,-0.02,0.7692,1.0259,1,Google market update,1.0,0,0.02
2026-03-23,301.88,29326900,Google,GOOGL,0.0035,-0.3389,1.0168,0,Google market update,1.0,0,0.0035
2026-03-24,290.27,36864300,Google,GOOGL,-0.0385,0.257,1.033,1,Google market update,1.0,0,0.0385
2026-03-25,290.76,29460700,Google,GOOGL,0.0017,-0.2008,1.0234,0,Google market update,1.0,0,0.0017
2026-03-26,280.75,39080600,Google,GOOGL,-0.0344,0.3265,1.0339,0,Google market update,1.0,0,0.0344
2026-03-27,274.18,35890600,Google,GOOGL,-0.0234,-0.0816,1.0198,0,Google market update,1.0,0,0.0234
2026-03-30,273.34,35141200,Google,GOOGL,-0.0031,-0.0209,1.0183,1,Google market update,1.0,0,0.0031
2026-03-31,287.39,43875400,Google,GOOGL,0.0514,0.2485,1.0397,1,Google market update,1.0,0,0.0514
2026-04-01,297.21,37684500,Google,GOOGL,0.0342,-0.1411,1.0348,0,Google market update,1.0,0,0.0342
2026-04-02,295.59,21666500,Google,GOOGL,-0.0054,-0.4251,1.0298,1,Google market update,1.0,0,0.0055
2026-04-06,299.81,16945500,Google,GOOGL,0.0143,-0.2179,1.0184,1,Google market update,1.0,0,0.0143
2026-04-07,305.28,23205400,Google,GOOGL,0.0182,0.3694,1.0266,1,Google market update,1.0,0,0.0182
2026-04-08,317.13,33547100,Google,GOOGL,0.0388,0.4457,1.0224,1,Google market update,1.0,0,0.0388
2026-04-09,318.3,23739200,Google,GOOGL,0.0037,-0.2924,1.0273,0,Google market update,1.0,0,0.0037
2026-04-10,317.05,19152600,Google,GOOGL,-0.0039,-0.1932,1.0174,1,Google market update,1.0,0,0.0039
2026-04-13,321.12,18866400,Google,GOOGL,0.0128,-0.0149,1.0195,1,Google market update,1.0,0,0.0128
2026-04-14,332.71,27721400,Google,GOOGL,0.0361,0.4694,1.0295,1,Google market update,1.0,0,0.0361
2026-04-15,336.92,24918800,Google,GOOGL,0.0126,-0.1011,1.0199,0,Google market update,1.0,0,0.0127
2026-04-16,335.82,20541500,Google,GOOGL,-0.0033,-0.1757,1.016,1,Google market update,1.0,0,0.0033
2026-04-17,341.48,25581900,Google,GOOGL,0.0168,0.2454,1.0181,0,Google market update,1.0,0,0.0169
2026-04-20,337.22,18784200,Google,GOOGL,-0.0125,-0.2657,1.0142,0,Google market update,1.0,0,0.0125
2026-04-21,332.09,23123800,Google,GOOGL,-0.0152,0.231,1.0241,1,Google market update,1.0,0,0.0152
2026-04-22,339.12,20293000,Google,GOOGL,0.0212,-0.1224,1.0139,0,Google market update,1.0,0,0.0212
2026-04-23,338.69,18650300,Google,GOOGL,-0.0013,-0.0809,1.0172,1,Google market update,1.0,0,0.0013
2026-04-24,344.19,26426100,Google,GOOGL,0.0163,0.4169,1.0295,1,Google market update,1.0,0,0.0162
2026-04-27,350.13,28576900,Google,GOOGL,0.0172,0.0814,1.0305,0,Google market update,1.0,0,0.0173
2026-04-28,349.57,27824100,Google,GOOGL,-0.0016,-0.0263,1.0182,1,Google market update,1.0,0,0.0016
2026-04-29,349.73,35376300,Google,GOOGL,0.0005,0.2714,1.0336,1,Google market update,1.0,0,0.0005
2026-04-30,384.57,72040000,Google,GOOGL,0.0996,1.0364,1.0547,1,Google market update,1.0,0,0.0996
2026-05-01,385.46,30105200,Google,GOOGL,0.0023,-0.5821,1.0203,0,Google market update,1.0,0,0.0023
2026-05-04,383.02,26298600,Google,GOOGL,-0.0063,-0.1264,1.02,1,Google market update,1.0,0,0.0063
2026-05-05,388.2,23878600,Google,GOOGL,0.0135,-0.092,1.0229,1,Google market update,1.0,0,0.0135
2026-05-06,397.8,31308500,Google,GOOGL,0.0247,0.3112,1.0181,0,Google market update,1.0,0,0.0247
2026-05-07,397.75,24433500,Google,GOOGL,-0.0001,-0.2196,1.0189,1,Google market update,1.0,0,0.0001
2026-05-08,400.56,21461800,Google,GOOGL,0.0071,-0.1216,1.0142,0,Google market update,1.0,0,0.0071
2026-05-11,388.41,30753700,Google,GOOGL,-0.0303,0.433,1.0231,0,Google market update,1.0,0,0.0303
2026-05-12,387.12,26017500,Google,GOOGL,-0.0033,-0.154,1.015,1,Google market update,1.0,0,0.0033
2026-05-13,402.38,28144600,Google,GOOGL,0.0394,0.0818,1.0486,0,Google market update,1.0,0,0.0394
2026-05-14,400.83,21136700,Google,GOOGL,-0.0038,-0.249,1.0179,0,Google market update,1.0,0,0.0039
2026-05-15,396.54,20309700,Google,GOOGL,-0.0107,-0.0391,1.0162,1,Google market update,1.0,0,0.0107
2026-05-18,396.7,26837200,Google,GOOGL,0.0004,0.3214,1.0357,0,Google market update,1.0,0,0.0004
2026-05-19,387.43,39545700,Google,GOOGL,-0.0234,0.4735,1.0286,1,Google market update,1.0,0,0.0234
2026-05-20,388.68,31744400,Google,GOOGL,0.0032,-0.1973,1.0286,0,Google market update,1.0,0,0.0032
2026-05-21,387.43,24852800,Google,GOOGL,-0.0032,-0.2171,1.0248,0,Google market update,1.0,0,0.0032
2026-05-22,382.74,20442100,Google,GOOGL,-0.0121,-0.1775,1.0183,1,Google market update,1.0,0,0.0121
2026-05-26,388.65,27747400,Google,GOOGL,0.0154,0.3574,1.0174,0,Google market update,1.0,0,0.0154
2026-05-27,388.6,23087300,Google,GOOGL,-0.0001,-0.1679,1.0207,1,Google market update,1.0,0,0.0001
2026-05-28,389.9,24357500,Google,GOOGL,0.0033,0.055,1.0174,0,Google market update,1.0,0,0.0033
2026-05-29,380.11,44415800,Google,GOOGL,-0.0251,0.8235,1.0179,0,Google market update,1.0,0,0.0251
2026-06-01,376.15,28672100,Google,GOOGL,-0.0104,-0.3545,1.0135,0,Google market update,1.0,0,0.0104
2026-06-02,361.63,50412300,Google,GOOGL,-0.0386,0.7582,1.0421,0,Google market update,1.0,0,0.0386
2026-06-03,358.78,55441600,Google,GOOGL,-0.0079,0.0998,1.0234,1,Google market update,1.0,0,0.0079
2026-06-04,371.97,44055500,Google,GOOGL,0.0368,-0.2054,1.042,0,Google market update,1.0,0,0.0368
2026-06-05,368.31,37471200,Google,GOOGL,-0.0098,-0.1495,1.0219,0,Google market update,1.0,0,0.0098
2026-06-08,363.31,27942500,Google,GOOGL,-0.0136,-0.2543,1.0157,1,Google market update,1.0,0,0.0136
2026-06-09,364.26,29535100,Google,GOOGL,0.0026,0.057,1.0414,0,Google market update,1.0,0,0.0026
2026-06-10,356.38,32357100,Google,GOOGL,-0.0216,0.0955,1.0376,1,Google market update,1.0,0,0.0216
2026-06-11,357.77,35538200,Google,GOOGL,0.0039,0.0983,1.0359,1,Google market update,1.0,0,0.0039
2026-06-12,359.68,24704600,Google,GOOGL,0.0053,-0.3048,1.0328,1,Google market update,1.0,0,0.0053
2026-06-15,369.35,27727500,Google,GOOGL,0.0269,0.1224,1.0176,1,Google market update,1.0,0,0.0269
2026-06-16,373.25,24876100,Google,GOOGL,0.0106,-0.1028,1.0244,0,Google market update,1.0,0,0.0106
2026-06-17,363.79,24543600,Google,GOOGL,-0.0253,-0.0134,1.0285,1,Google market update,1.0,0,0.0253
2026-06-18,368.03,44470100,Google,GOOGL,0.0117,0.8119,1.0301,0,Google market update,1.0,0,0.0117
2026-06-22,349.68,52814800,Google,GOOGL,-0.0499,0.1876,1.0503,0,Google market update,1.0,0,0.0499
2026-06-23,346.13,34007700,Google,GOOGL,-0.0102,-0.3561,1.0267,0,Google market update,1.0,0,0.0102
2026-06-24,345.29,44997300,Google,GOOGL,-0.0024,0.3232,1.0338,0,Google market update,1.0,0,0.0024
2026-06-25,343.71,44491400,Google,GOOGL,-0.0046,-0.0112,1.029,0,Google market update,1.0,0,0.0046
2026-06-26,337.39,114706300,Google,GOOGL,-0.0184,1.5782,1.0489,1,Google market update,1.0,0,0.0184
2026-06-29,353.65,34213900,Google,GOOGL,0.0482,-0.7017,1.0402,1,Google market update,1.0,0,0.0482
2026-06-30,357.37,35237200,Google,GOOGL,0.0105,0.0299,1.0235,1,Google market update,1.0,0,0.0105
2026-07-01,361.21,26736400,Google,GOOGL,0.0107,-0.2412,1.0183,0,Google market update,1.0,0,0.0107
2026-07-02,359.91,25974800,Google,GOOGL,-0.0036,-0.0285,1.0305,1,Google market update,1.0,0,0.0036
2026-07-06,366.46,26915800,Google,GOOGL,0.0182,0.0362,1.0295,1,Google market update,1.0,0,0.0182
2026-07-07,367.03,24045600,Google,GOOGL,0.0016,-0.1066,1.021,0,Google market update,1.0,0,0.0016
2026-07-08,361.92,22094800,Google,GOOGL,-0.0139,-0.0811,1.0274,0,Google market update,1.0,0,0.0139
2026-07-09,358.89,24729100,Google,GOOGL,-0.0084,0.1192,1.0244,0,Google market update,1.0,0,0.0084
2026-07-10,357.18,18126000,Google,GOOGL,-0.0048,-0.267,1.0144,0,Google market update,1.0,0,0.0048
2023-01-04,85.14,68885100,Amazon,AMZN,-0.0079,-0.102,1.0434,0,Amazon stock market financial update,1.0,0,0.7616
2023-01-05,83.12,67930800,Amazon,AMZN,-0.0237,-0.0139,1.0283,1,Amazon stock market financial update,1.0,0,0.0237
2023-01-06,86.08,83303400,Amazon,AMZN,0.0356,0.2263,1.061,1,Amazon stock market financial update,1.0,0,0.0356
2023-01-09,87.36,65266100,Amazon,AMZN,0.0149,-0.2165,1.0276,1,Amazon market update,1.0,0,0.0149
2023-01-10,89.87,67756600,Amazon,AMZN,0.0287,0.0382,1.0332,1,Amazon market update,1.0,0,0.0287
2023-01-11,95.09,103126200,Amazon,AMZN,0.0581,0.522,1.0476,1,Amazon market update,1.0,0,0.0581
2023-01-12,95.27,85254800,Amazon,AMZN,0.0019,-0.1733,1.0395,1,Amazon market update,1.0,0,0.0019
2023-01-13,98.12,85549400,Amazon,AMZN,0.0299,0.0035,1.0452,0,Amazon market update,1.0,0,0.0299
2023-01-17,96.05,72755000,Amazon,AMZN,-0.0211,-0.1496,1.033,0,Amazon market update,1.0,0,0.0211
2023-01-18,95.46,79570400,Amazon,AMZN,-0.0061,0.0937,1.0413,0,Amazon market update,1.0,0,0.0061
2023-01-19,93.68,69002700,Amazon,AMZN,-0.0186,-0.1328,1.0278,1,Amazon market update,1.0,0,0.0186
2023-01-20,97.25,67481500,Amazon,AMZN,0.0381,-0.022,1.0445,1,Amazon market update,1.0,0,0.0381
2023-01-23,97.52,76501100,Amazon,AMZN,0.0028,0.1337,1.02,0,Amazon market update,1.0,0,0.0028
2023-01-24,96.32,66929500,Amazon,AMZN,-0.0123,-0.1251,1.0218,1,Amazon market update,1.0,0,0.0123
2023-01-25,97.18,94261600,Amazon,AMZN,0.0089,0.4084,1.0625,1,Amazon market update,1.0,0,0.0089
2023-01-26,99.22,68523600,Amazon,AMZN,0.021,-0.273,1.0265,1,Amazon market update,1.0,0,0.021
2023-01-27,102.24,87775600,Amazon,AMZN,0.0304,0.281,1.0398,0,Amazon market update,1.0,0,0.0304
2023-01-30,100.55,70691900,Amazon,AMZN,-0.0165,-0.1946,1.0276,1,Amazon market update,1.0,0,0.0165
2023-01-31,103.13,66527300,Amazon,AMZN,0.0257,-0.0589,1.0219,1,Amazon market update,1.0,0,0.0257
2023-02-01,105.15,80450100,Amazon,AMZN,0.0196,0.2093,1.0494,1,Amazon market update,1.0,0,0.0196
2023-02-02,112.91,158154200,Amazon,AMZN,0.0738,0.9659,1.047,0,Amazon market update,1.0,0,0.0738
2023-02-03,103.39,144374800,Amazon,AMZN,-0.0843,-0.0871,1.0611,0,Amazon market update,1.0,0,0.0843
2023-02-06,102.18,81945200,Amazon,AMZN,-0.0117,-0.4324,1.0328,0,Amazon market update,1.0,0,0.0117
2023-02-07,102.11,119501300,Amazon,AMZN,-0.0007,0.4583,1.0441,0,Amazon market update,1.0,0,0.0007
2023-02-08,100.05,75878300,Amazon,AMZN,-0.0202,-0.365,1.0394,0,Amazon market update,1.0,0,0.0202
2023-02-09,98.24,64622500,Amazon,AMZN,-0.0181,-0.1483,1.0431,0,Amazon market update,1.0,0,0.0181
2023-02-10,97.61,52740100,Amazon,AMZN,-0.0064,-0.1839,1.0269,1,Amazon market update,1.0,0,0.0064
2023-02-13,99.54,52841500,Amazon,AMZN,0.0198,0.0019,1.0286,1,Amazon market update,1.0,0,0.0198
2023-02-14,99.7,56202900,Amazon,AMZN,0.0016,0.0636,1.0349,1,Amazon market update,1.0,0,0.0016
2023-02-15,101.16,47957600,Amazon,AMZN,0.0146,-0.1467,1.0276,0,Amazon market update,1.0,0,0.0146
2023-02-16,98.15,56339200,Amazon,AMZN,-0.0298,0.1748,1.0258,0,Amazon market update,1.0,0,0.0298
2023-02-17,97.2,60029400,Amazon,AMZN,-0.0097,0.0655,1.0239,0,Amazon market update,1.0,0,0.0097
2023-02-21,94.58,56580400,Amazon,AMZN,-0.027,-0.0575,1.0142,1,Amazon market update,1.0,0,0.027
2023-02-22,95.79,59534100,Amazon,AMZN,0.0128,0.0522,1.0233,1,Amazon market update,1.0,0,0.0128
2023-02-23,95.82,48467000,Amazon,AMZN,0.0003,-0.1859,1.0295,0,Amazon market update,1.0,0,0.0003
2023-02-24,93.5,57053800,Amazon,AMZN,-0.0242,0.1772,1.0197,1,Amazon market update,1.0,0,0.0242
2023-02-27,93.76,47470300,Amazon,AMZN,0.0028,-0.168,1.0176,1,Amazon market update,1.0,0,0.0028
2023-02-28,94.23,43959300,Amazon,AMZN,0.005,-0.074,1.019,0,Amazon market update,1.0,0,0.005
2023-03-01,92.17,52299500,Amazon,AMZN,-0.0219,0.1897,1.0337,0,Amazon market update,1.0,0,0.0219
2023-03-02,92.13,55509400,Amazon,AMZN,-0.0004,0.0614,1.0204,1,Amazon market update,1.0,0,0.0004
2023-03-03,94.9,55759600,Amazon,AMZN,0.0301,0.0045,1.0246,0,Amazon market update,1.0,0,0.0301
2023-03-06,93.75,52112400,Amazon,AMZN,-0.0121,-0.0654,1.03,0,Amazon market update,1.0,0,0.0121
2023-03-07,93.55,49100700,Amazon,AMZN,-0.0021,-0.0578,1.0249,1,Amazon market update,1.0,0,0.0021
2023-03-08,93.92,44899100,Amazon,AMZN,0.004,-0.0856,1.0216,0,Amazon market update,1.0,0,0.004
2023-03-09,92.25,56218700,Amazon,AMZN,-0.0178,0.2521,1.0437,0,Amazon market update,1.0,0,0.0178
2023-03-10,90.73,69827500,Amazon,AMZN,-0.0165,0.2421,1.0368,1,Amazon market update,1.0,0,0.0165
2023-03-13,92.43,72397100,Amazon,AMZN,0.0187,0.0368,1.067,1,Amazon market update,1.0,0,0.0187
2023-03-14,94.88,60912700,Amazon,AMZN,0.0265,-0.1586,1.0255,1,Amazon market update,1.0,0,0.0265
2023-03-15,96.2,70731800,Amazon,AMZN,0.0139,0.1612,1.0387,1,Amazon market update,1.0,0,0.0139
2023-03-16,100.04,84446900,Amazon,AMZN,0.0399,0.1939,1.0563,0,Amazon market update,1.0,0,0.0399
2023-03-17,98.95,87300200,Amazon,AMZN,-0.0109,0.0338,1.0328,0,Amazon market update,1.0,0,0.0109
2023-03-20,97.71,62388900,Amazon,AMZN,-0.0125,-0.2854,1.029,1,Amazon market update,1.0,0,0.0125
2023-03-21,100.61,58597300,Amazon,AMZN,0.0297,-0.0608,1.0291,0,Amazon market update,1.0,0,0.0297
2023-03-22,98.7,57475400,Amazon,AMZN,-0.019,-0.0191,1.0354,1,Amazon market update,1.0,0,0.019
2023-03-23,98.71,57559300,Amazon,AMZN,0.0001,0.0015,1.0352,0,Amazon market update,1.0,0,0.0001
2023-03-24,98.13,56095400,Amazon,AMZN,-0.0059,-0.0254,1.0197,0,Amazon market update,1.0,0,0.0059
2023-03-27,98.04,46721300,Amazon,AMZN,-0.0009,-0.1671,1.0233,0,Amazon market update,1.0,0,0.0009
2023-03-28,97.24,38720100,Amazon,AMZN,-0.0082,-0.1713,1.0223,1,Amazon market update,1.0,0,0.0082
2023-03-29,100.25,49783300,Amazon,AMZN,0.031,0.2857,1.0189,1,Amazon market update,1.0,0,0.031
2023-03-30,102.0,53633400,Amazon,AMZN,0.0175,0.0773,1.0201,1,Amazon market update,1.0,0,0.0175
2023-03-31,103.29,56750300,Amazon,AMZN,0.0126,0.0581,1.0151,0,Amazon market update,1.0,0,0.0126
2023-04-03,102.41,41135700,Amazon,AMZN,-0.0085,-0.2751,1.0183,1,Amazon market update,1.0,0,0.0085
2023-04-04,103.95,48662500,Amazon,AMZN,0.015,0.183,1.0205,0,Amazon market update,1.0,0,0.015
2023-04-05,101.1,45175400,Amazon,AMZN,-0.0274,-0.0717,1.0314,1,Amazon market update,1.0,0,0.0274
2023-04-06,102.06,43808000,Amazon,AMZN,0.0095,-0.0303,1.0259,1,Amazon market update,1.0,0,0.0095
2023-04-10,102.17,37261200,Amazon,AMZN,0.0011,-0.1494,1.0264,0,Amazon market update,1.0,0,0.0011
2023-04-11,99.92,60417800,Amazon,AMZN,-0.022,0.6215,1.0201,0,Amazon market update,1.0,0,0.022
2023-04-12,97.83,56735000,Amazon,AMZN,-0.0209,-0.061,1.0287,1,Amazon market update,1.0,0,0.0209
2023-04-13,102.4,67925100,Amazon,AMZN,0.0467,0.1972,1.0391,1,Amazon market update,1.0,0,0.0467
2023-04-14,102.51,51450500,Amazon,AMZN,0.0011,-0.2425,1.0207,1,Amazon market update,1.0,0,0.0011
2023-04-17,102.74,39919500,Amazon,AMZN,0.0022,-0.2241,1.0211,0,Amazon market update,1.0,0,0.0022
2023-04-18,102.3,39790500,Amazon,AMZN,-0.0043,-0.0032,1.0264,1,Amazon market update,1.0,0,0.0043
2023-04-19,104.3,58398900,Amazon,AMZN,0.0196,0.4677,1.0368,0,Amazon market update,1.0,0,0.0196
2023-04-20,103.81,57696900,Amazon,AMZN,-0.0047,-0.012,1.0198,1,Amazon market update,1.0,0,0.0047
2023-04-21,106.96,86774200,Amazon,AMZN,0.0303,0.504,1.0292,0,Amazon market update,1.0,0,0.0303
2023-04-24,106.21,69575600,Amazon,AMZN,-0.007,-0.1982,1.0396,0,Amazon market update,1.0,0,0.007
2023-04-25,102.57,65026800,Amazon,AMZN,-0.0343,-0.0654,1.0293,1,Amazon market update,1.0,0,0.0343
2023-04-26,104.98,73803800,Amazon,AMZN,0.0235,0.135,1.0242,1,Amazon market update,1.0,0,0.0235
2023-04-27,109.82,149961200,Amazon,AMZN,0.0461,1.0319,1.038,0,Amazon market update,1.0,0,0.0461
2023-04-28,105.45,130715900,Amazon,AMZN,-0.0398,-0.1283,1.0494,0,Amazon market update,1.0,0,0.0398
2023-05-01,102.05,74728100,Amazon,AMZN,-0.0322,-0.4283,1.0335,1,Amazon market update,1.0,0,0.0322
2023-05-02,103.63,73469400,Amazon,AMZN,0.0155,-0.0168,1.0272,1,Amazon market update,1.0,0,0.0155
2023-05-03,103.65,65051900,Amazon,AMZN,0.0002,-0.1146,1.0259,1,Amazon market update,1.0,0,0.0002
2023-05-04,104.0,45345500,Amazon,AMZN,0.0034,-0.3029,1.0201,1,Amazon market update,1.0,0,0.0034
2023-05-05,105.66,56951700,Amazon,AMZN,0.016,0.256,1.0213,1,Amazon market update,1.0,0,0.016
2023-05-08,105.83,49430900,Amazon,AMZN,0.0016,-0.1321,1.0134,1,Amazon market update,1.0,0,0.0016
2023-05-09,106.62,44089400,Amazon,AMZN,0.0075,-0.1081,1.0155,1,Amazon market update,1.0,0,0.0075
2023-05-10,110.19,78627600,Amazon,AMZN,0.0335,0.7834,1.0242,1,Amazon market update,1.0,0,0.0335
2023-05-11,112.18,74924800,Amazon,AMZN,0.0181,-0.0471,1.0253,0,Amazon market update,1.0,0,0.0181
2023-05-12,110.26,49852700,Amazon,AMZN,-0.0171,-0.3346,1.0304,1,Amazon market update,1.0,0,0.0171
2023-05-15,111.2,53011100,Amazon,AMZN,0.0085,0.0634,1.0278,1,Amazon market update,1.0,0,0.0085
2023-05-16,113.4,71472900,Amazon,AMZN,0.0198,0.3483,1.0337,1,Amazon market update,1.0,0,0.0198
2023-05-17,115.5,65655200,Amazon,AMZN,0.0185,-0.0814,1.0141,1,Amazon market update,1.0,0,0.0185
2023-05-18,118.15,73174100,Amazon,AMZN,0.0229,0.1145,1.0194,0,Amazon market update,1.0,0,0.0229
2023-05-19,116.25,55056300,Amazon,AMZN,-0.0161,-0.2476,1.0226,0,Amazon market update,1.0,0,0.0161
2023-05-22,115.01,70741100,Amazon,AMZN,-0.0107,0.2849,1.0221,0,Amazon market update,1.0,0,0.0107
2023-05-23,114.99,67576300,Amazon,AMZN,-0.0002,-0.0447,1.0295,1,Amazon market update,1.0,0,0.0002
2023-05-24,116.75,63487900,Amazon,AMZN,0.0153,-0.0605,1.0202,0,Amazon market update,1.0,0,0.0153
2023-05-25,115.0,66496700,Amazon,AMZN,-0.015,0.0474,1.0224,1,Amazon market update,1.0,0,0.015
2023-05-26,120.11,96779900,Amazon,AMZN,0.0444,0.4554,1.0472,1,Amazon market update,1.0,0,0.0444
2023-05-30,121.66,64314800,Amazon,AMZN,0.0129,-0.3355,1.0255,0,Amazon market update,1.0,0,0.0129
2023-05-31,120.58,72800800,Amazon,AMZN,-0.0089,0.1319,1.0241,1,Amazon market update,1.0,0,0.0089
2023-06-01,122.77,54375100,Amazon,AMZN,0.0182,-0.2531,1.0297,1,Amazon market update,1.0,0,0.0182
2023-06-02,124.25,61264400,Amazon,AMZN,0.0121,0.1267,1.0191,1,Amazon market update,1.0,0,0.0121
2023-06-05,125.3,47950100,Amazon,AMZN,0.0085,-0.2173,1.0225,1,Amazon market update,1.0,0,0.0085
2023-06-06,126.61,45695200,Amazon,AMZN,0.0105,-0.047,1.0192,0,Amazon market update,1.0,0,0.0105
2023-06-07,121.23,95663300,Amazon,AMZN,-0.0425,1.0935,1.0559,1,Amazon market update,1.0,0,0.0425
2023-06-08,124.25,62159300,Amazon,AMZN,0.0249,-0.3502,1.0276,0,Amazon market update,1.0,0,0.0249
2023-06-09,123.43,51396000,Amazon,AMZN,-0.0066,-0.1732,1.0212,1,Amazon market update,1.0,0,0.0066
2023-06-12,126.57,51338000,Amazon,AMZN,0.0254,-0.0011,1.0263,1,Amazon market update,1.0,0,0.0254
2023-06-13,126.66,50564800,Amazon,AMZN,0.0007,-0.0151,1.0258,0,Amazon market update,1.0,0,0.0007
2023-06-14,126.42,52422500,Amazon,AMZN,-0.0019,0.0367,1.0228,1,Amazon market update,1.0,0,0.0019
2023-06-15,127.11,60458500,Amazon,AMZN,0.0055,0.1533,1.0271,0,Amazon market update,1.0,0,0.0055
2023-06-16,125.49,84247100,Amazon,AMZN,-0.0127,0.3935,1.0208,1,Amazon market update,1.0,0,0.0127
2023-06-20,125.78,56930100,Amazon,AMZN,0.0023,-0.3242,1.0221,0,Amazon market update,1.0,0,0.0023
2023-06-21,124.83,52137700,Amazon,AMZN,-0.0076,-0.0842,1.0233,1,Amazon market update,1.0,0,0.0076
2023-06-22,130.15,90354600,Amazon,AMZN,0.0426,0.733,1.0415,0,Amazon market update,1.0,0,0.0426
2023-06-23,129.33,71927800,Amazon,AMZN,-0.0063,-0.2039,1.02,0,Amazon market update,1.0,0,0.0063
2023-06-26,127.33,59989300,Amazon,AMZN,-0.0155,-0.166,1.0345,1,Amazon market update,1.0,0,0.0155
2023-06-27,129.18,46801000,Amazon,AMZN,0.0145,-0.2198,1.0199,0,Amazon market update,1.0,0,0.0145
2023-06-28,129.04,52149500,Amazon,AMZN,-0.0011,0.1143,1.0237,0,Amazon market update,1.0,0,0.0011
2023-06-29,127.9,40761000,Amazon,AMZN,-0.0088,-0.2184,1.0157,1,Amazon market update,1.0,0,0.0088
2023-06-30,130.36,54350700,Amazon,AMZN,0.0192,0.3334,1.0178,0,Amazon market update,1.0,0,0.0192
2023-07-03,130.22,28264800,Amazon,AMZN,-0.0011,-0.48,1.0137,1,Amazon market update,1.0,0,0.0011
2023-07-05,130.38,35895400,Amazon,AMZN,0.0012,0.27,1.0136,0,Amazon market update,1.0,0,0.0012
2023-07-06,128.36,40639900,Amazon,AMZN,-0.0155,0.1322,1.0107,1,Amazon market update,1.0,0,0.0155
2023-07-07,129.78,41992300,Amazon,AMZN,0.0111,0.0333,1.0222,0,Amazon market update,1.0,0,0.0111
2023-07-10,127.13,61889300,Amazon,AMZN,-0.0204,0.4738,1.0267,1,Amazon market update,1.0,0,0.0204
2023-07-11,128.78,49951500,Amazon,AMZN,0.013,-0.1929,1.019,1,Amazon market update,1.0,0,0.013
2023-07-12,130.8,54022800,Amazon,AMZN,0.0157,0.0815,1.0189,1,Amazon market update,1.0,0,0.0157
2023-07-13,134.3,61170900,Amazon,AMZN,0.0268,0.1323,1.0148,1,Amazon market update,1.0,0,0.0268
2023-07-14,134.68,54487100,Amazon,AMZN,0.0028,-0.1093,1.0193,0,Amazon market update,1.0,0,0.0028
2023-07-17,133.56,48450200,Amazon,AMZN,-0.0083,-0.1108,1.0181,0,Amazon market update,1.0,0,0.0083
2023-07-18,132.83,54882900,Amazon,AMZN,-0.0055,0.1328,1.0191,1,Amazon market update,1.0,0,0.0055
2023-07-19,135.36,54531000,Amazon,AMZN,0.019,-0.0064,1.0261,0,Amazon market update,1.0,0,0.019
2023-07-20,129.96,59820600,Amazon,AMZN,-0.0399,0.097,1.0422,1,Amazon market update,1.0,0,0.0399
2023-07-21,130.0,133307300,Amazon,AMZN,0.0003,1.2285,1.023,0,Amazon market update,1.0,0,0.0003
2023-07-24,128.8,45591100,Amazon,AMZN,-0.0092,-0.658,1.0258,1,Amazon market update,1.0,0,0.0092
2023-07-25,129.13,39236700,Amazon,AMZN,0.0026,-0.1394,1.0082,0,Amazon market update,1.0,0,0.0026
2023-07-26,128.15,53910100,Amazon,AMZN,-0.0076,0.374,1.0236,1,Amazon market update,1.0,0,0.0076
2023-07-27,128.25,52610700,Amazon,AMZN,0.0008,-0.0241,1.0379,1,Amazon market update,1.0,0,0.0008
2023-07-28,132.21,46317400,Amazon,AMZN,0.0309,-0.1196,1.0285,1,Amazon market update,1.0,0,0.0309
2023-07-31,133.68,41901500,Amazon,AMZN,0.0111,-0.0953,1.0113,0,Amazon market update,1.0,0,0.0111
2023-08-01,131.69,42098500,Amazon,AMZN,-0.0149,0.0047,1.0157,0,Amazon market update,1.0,0,0.0149
2023-08-02,128.21,51027600,Amazon,AMZN,-0.0264,0.2121,1.0269,1,Amazon market update,1.0,0,0.0264
2023-08-03,128.91,88585200,Amazon,AMZN,0.0055,0.736,1.0271,1,Amazon market update,1.0,0,0.0055
2023-08-04,139.57,153128500,Amazon,AMZN,0.0827,0.7286,1.0309,1,Amazon market update,1.0,0,0.0827
2023-08-07,142.22,71213100,Amazon,AMZN,0.019,-0.5349,1.0258,0,Amazon market update,1.0,0,0.019
2023-08-08,139.94,51710500,Amazon,AMZN,-0.016,-0.2739,1.0175,0,Amazon market update,1.0,0,0.016
2023-08-09,137.85,50017300,Amazon,AMZN,-0.0149,-0.0327,1.0235,1,Amazon market update,1.0,0,0.0149
2023-08-10,138.56,58928400,Amazon,AMZN,0.0052,0.1782,1.0212,0,Amazon market update,1.0,0,0.0052
2023-08-11,138.41,42905800,Amazon,AMZN,-0.0011,-0.2719,1.017,1,Amazon market update,1.0,0,0.0011
2023-08-14,140.57,47148700,Amazon,AMZN,0.0156,0.0989,1.0206,0,Amazon market update,1.0,0,0.0156
2023-08-15,137.67,42781500,Amazon,AMZN,-0.0206,-0.0926,1.0295,0,Amazon market update,1.0,0,0.0206
2023-08-16,135.07,41675900,Amazon,AMZN,-0.0189,-0.0258,1.0167,0,Amazon market update,1.0,0,0.0189
2023-08-17,133.98,48354100,Amazon,AMZN,-0.0081,0.1602,1.0192,0,Amazon market update,1.0,0,0.0081
2023-08-18,133.22,48497700,Amazon,AMZN,-0.0057,0.003,1.0223,1,Amazon market update,1.0,0,0.0057
2023-08-21,134.68,41442500,Amazon,AMZN,0.011,-0.1455,1.0187,0,Amazon market update,1.0,0,0.011
2023-08-22,134.25,32905400,Amazon,AMZN,-0.0032,-0.206,1.0144,1,Amazon market update,1.0,0,0.0032
2023-08-23,135.52,42801000,Amazon,AMZN,0.0095,0.3007,1.0205,0,Amazon market update,1.0,0,0.0095
2023-08-24,131.84,43646300,Amazon,AMZN,-0.0272,0.0197,1.0375,1,Amazon market update,1.0,0,0.0272
2023-08-25,133.26,44147500,Amazon,AMZN,0.0108,0.0115,1.0252,0,Amazon market update,1.0,0,0.0108
2023-08-28,133.14,34108400,Amazon,AMZN,-0.0009,-0.2274,1.0159,1,Amazon market update,1.0,0,0.0009
2023-08-29,134.91,38646100,Amazon,AMZN,0.0133,0.133,1.0142,1,Amazon market update,1.0,0,0.0133
2023-08-30,135.07,36137000,Amazon,AMZN,0.0012,-0.0649,1.0131,1,Amazon market update,1.0,0,0.0012
2023-08-31,138.01,58781300,Amazon,AMZN,0.0218,0.6266,1.0281,1,Amazon market update,1.0,0,0.0218
2023-09-01,138.12,40991500,Amazon,AMZN,0.0008,-0.3026,1.0225,0,Amazon market update,1.0,0,0.0008
2023-09-05,137.27,40636700,Amazon,AMZN,-0.0062,-0.0087,1.0146,0,Amazon market update,1.0,0,0.0062
2023-09-06,135.36,41785500,Amazon,AMZN,-0.0139,0.0283,1.0211,1,Amazon market update,1.0,0,0.0139
2023-09-07,137.85,48498900,Amazon,AMZN,0.0184,0.1607,1.0366,1,Amazon market update,1.0,0,0.0184
2023-09-08,138.23,38348200,Amazon,AMZN,0.0028,-0.2093,1.0154,1,Amazon market update,1.0,0,0.0028
2023-09-11,143.1,56764500,Amazon,AMZN,0.0352,0.4802,1.0359,0,Amazon market update,1.0,0,0.0352
2023-09-12,141.23,42668500,Amazon,AMZN,-0.0131,-0.2483,1.017,1,Amazon market update,1.0,0,0.0131
2023-09-13,144.85,60465200,Amazon,AMZN,0.0256,0.4171,1.0292,0,Amazon market update,1.0,0,0.0256
2023-09-14,144.72,64033600,Amazon,AMZN,-0.0009,0.059,1.0204,0,Amazon market update,1.0,0,0.0009
2023-09-15,140.39,102909300,Amazon,AMZN,-0.0299,0.6071,1.0248,0,Amazon market update,1.0,0,0.0299
2023-09-18,139.98,42823500,Amazon,AMZN,-0.0029,-0.5839,1.0182,0,Amazon market update,1.0,0,0.0029
2023-09-19,137.63,61482500,Amazon,AMZN,-0.0168,0.4357,1.0242,0,Amazon market update,1.0,0,0.0168
2023-09-20,135.29,46263700,Amazon,AMZN,-0.017,-0.2475,1.0308,0,Amazon market update,1.0,0,0.017
2023-09-21,129.33,70343300,Amazon,AMZN,-0.0441,0.5205,1.0227,0,Amazon market update,1.0,0,0.0441
2023-09-22,129.12,59904300,Amazon,AMZN,-0.0016,-0.1484,1.0273,1,Amazon market update,1.0,0,0.0016
2023-09-25,131.27,46017800,Amazon,AMZN,0.0167,-0.2318,1.0234,0,Amazon market update,1.0,0,0.0167
2023-09-26,125.98,73048200,Amazon,AMZN,-0.0403,0.5874,1.0408,0,Amazon market update,1.0,0,0.0403
2023-09-27,125.98,66553400,Amazon,AMZN,0.0,-0.0889,1.027,0,Amazon market update,1.0,0,0.0
2023-09-28,125.98,54555000,Amazon,AMZN,0.0,-0.1803,1.0288,1,Amazon market update,1.0,0,0.0
2023-09-29,127.12,62411700,Amazon,AMZN,0.009,0.144,1.0224,1,Amazon market update,1.0,0,0.009
2023-10-02,129.46,48029700,Amazon,AMZN,0.0184,-0.2304,1.0311,0,Amazon market update,1.0,0,0.0184
2023-10-03,124.72,51565000,Amazon,AMZN,-0.0366,0.0736,1.0344,1,Amazon market update,1.0,0,0.0366
2023-10-04,127.0,44203900,Amazon,AMZN,0.0183,-0.1428,1.0134,0,Amazon market update,1.0,0,0.0183
2023-10-05,125.96,39660600,Amazon,AMZN,-0.0082,-0.1028,1.0193,1,Amazon market update,1.0,0,0.0082
2023-10-06,127.96,46836700,Amazon,AMZN,0.0159,0.1809,1.0348,1,Amazon market update,1.0,0,0.0159
2023-10-09,128.26,38773700,Amazon,AMZN,0.0023,-0.1722,1.0323,1,Amazon market update,1.0,0,0.0023
2023-10-10,129.48,42178600,Amazon,AMZN,0.0095,0.0878,1.021,1,Amazon market update,1.0,0,0.0095
2023-10-11,131.83,40741800,Amazon,AMZN,0.0181,-0.0341,1.0188,1,Amazon market update,1.0,0,0.0181
2023-10-12,132.33,55528600,Amazon,AMZN,0.0038,0.3629,1.0248,0,Amazon market update,1.0,0,0.0038
2023-10-13,129.79,45786600,Amazon,AMZN,-0.0192,-0.1754,1.0338,1,Amazon market update,1.0,0,0.0192
2023-10-16,132.55,42832900,Amazon,AMZN,0.0213,-0.0645,1.0202,0,Amazon market update,1.0,0,0.0213
2023-10-17,131.47,49344600,Amazon,AMZN,-0.0081,0.152,1.0301,0,Amazon market update,1.0,0,0.0081
2023-10-18,128.13,42699500,Amazon,AMZN,-0.0254,-0.1347,1.0248,1,Amazon market update,1.0,0,0.0254
2023-10-19,128.4,60961400,Amazon,AMZN,0.0021,0.4277,1.0374,0,Amazon market update,1.0,0,0.0021
2023-10-20,125.17,56406400,Amazon,AMZN,-0.0252,-0.0747,1.0256,1,Amazon market update,1.0,0,0.0252
2023-10-23,126.56,48260000,Amazon,AMZN,0.0111,-0.1444,1.0315,1,Amazon market update,1.0,0,0.0111
2023-10-24,128.56,46477400,Amazon,AMZN,0.0158,-0.0369,1.0195,0,Amazon market update,1.0,0,0.0158
2023-10-25,121.39,74577500,Amazon,AMZN,-0.0558,0.6046,1.0459,0,Amazon market update,1.0,0,0.0558
2023-10-26,119.57,100419500,Amazon,AMZN,-0.015,0.3465,1.0278,1,Amazon market update,1.0,0,0.015
2023-10-27,127.74,125309300,Amazon,AMZN,0.0683,0.2479,1.0359,1,Amazon market update,1.0,0,0.0683
2023-10-30,132.71,72485500,Amazon,AMZN,0.0389,-0.4215,1.0345,1,Amazon market update,1.0,0,0.0389
2023-10-31,133.09,51589400,Amazon,AMZN,0.0029,-0.2883,1.0141,1,Amazon market update,1.0,0,0.0029
2023-11-01,137.0,61529400,Amazon,AMZN,0.0294,0.1927,1.0272,1,Amazon market update,1.0,0,0.0294
2023-11-02,138.07,52236700,Amazon,AMZN,0.0078,-0.151,1.0171,1,Amazon market update,1.0,0,0.0078
2023-11-03,138.6,44059800,Amazon,AMZN,0.0038,-0.1565,1.0148,1,Amazon market update,1.0,0,0.0038
2023-11-06,139.74,44970400,Amazon,AMZN,0.0082,0.0207,1.0171,1,Amazon market update,1.0,0,0.0082
2023-11-07,142.71,53553500,Amazon,AMZN,0.0213,0.1909,1.0204,0,Amazon market update,1.0,0,0.0213
2023-11-08,142.08,44521700,Amazon,AMZN,-0.0044,-0.1687,1.0135,0,Amazon market update,1.0,0,0.0044
2023-11-09,140.6,36235400,Amazon,AMZN,-0.0104,-0.1861,1.0201,1,Amazon market update,1.0,0,0.0104
2023-11-10,143.56,49287800,Amazon,AMZN,0.0211,0.3602,1.0267,0,Amazon market update,1.0,0,0.0211
2023-11-13,142.59,35680600,Amazon,AMZN,-0.0068,-0.2761,1.0182,1,Amazon market update,1.0,0,0.0068
2023-11-14,145.8,56674600,Amazon,AMZN,0.0225,0.5884,1.0178,0,Amazon market update,1.0,0,0.0225
2023-11-15,143.2,63875700,Amazon,AMZN,-0.0178,0.1271,1.033,0,Amazon market update,1.0,0,0.0178
2023-11-16,142.83,49653500,Amazon,AMZN,-0.0026,-0.2227,1.0272,1,Amazon market update,1.0,0,0.0026
2023-11-17,145.18,49636700,Amazon,AMZN,0.0165,-0.0003,1.0189,1,Amazon market update,1.0,0,0.0165
2023-11-20,146.13,41951200,Amazon,AMZN,0.0065,-0.1548,1.0131,0,Amazon market update,1.0,0,0.0065
2023-11-21,143.9,71226000,Amazon,AMZN,-0.0153,0.6978,1.018,1,Amazon market update,1.0,0,0.0153
2023-11-22,146.71,45669100,Amazon,AMZN,0.0195,-0.3588,1.0219,1,Amazon market update,1.0,0,0.0195
2023-11-24,146.74,22378400,Amazon,AMZN,0.0002,-0.51,1.0129,1,Amazon market update,1.0,0,0.0002
2023-11-27,147.73,53762400,Amazon,AMZN,0.0067,1.4024,1.0162,0,Amazon market update,1.0,0,0.0067
2023-11-28,147.03,42711700,Amazon,AMZN,-0.0047,-0.2055,1.0142,0,Amazon market update,1.0,0,0.0047
2023-11-29,146.32,40610900,Amazon,AMZN,-0.0048,-0.0492,1.0176,0,Amazon market update,1.0,0,0.0048
2023-11-30,146.09,65814000,Amazon,AMZN,-0.0016,0.6206,1.018,1,Amazon market update,1.0,0,0.0016
2023-12-01,147.03,39951800,Amazon,AMZN,0.0064,-0.393,1.0117,0,Amazon market update,1.0,0,0.0064
2023-12-04,144.84,48294200,Amazon,AMZN,-0.0149,0.2088,1.0178,1,Amazon market update,1.0,0,0.0149
2023-12-05,146.88,46822400,Amazon,AMZN,0.0141,-0.0305,1.038,0,Amazon market update,1.0,0,0.0141
2023-12-06,144.52,39679000,Amazon,AMZN,-0.0161,-0.1526,1.0247,1,Amazon market update,1.0,0,0.0161
2023-12-07,146.88,52352800,Amazon,AMZN,0.0163,0.3194,1.0178,1,Amazon market update,1.0,0,0.0163
2023-12-08,147.42,41906000,Amazon,AMZN,0.0037,-0.1995,1.0168,0,Amazon market update,1.0,0,0.0037
2023-12-11,145.89,50907300,Amazon,AMZN,-0.0104,0.2148,1.0178,1,Amazon market update,1.0,0,0.0104
2023-12-12,147.48,44944300,Amazon,AMZN,0.0109,-0.1171,1.0151,1,Amazon market update,1.0,0,0.0109
2023-12-13,148.84,52766200,Amazon,AMZN,0.0092,0.174,1.018,0,Amazon market update,1.0,0,0.0092
2023-12-14,147.42,58400800,Amazon,AMZN,-0.0095,0.1068,1.0345,1,Amazon market update,1.0,0,0.0095
2023-12-15,149.97,110089300,Amazon,AMZN,0.0173,0.8851,1.0182,1,Amazon market update,1.0,0,0.0173
2023-12-18,154.07,62512800,Amazon,AMZN,0.0273,-0.4322,1.032,0,Amazon market update,1.0,0,0.0273
2023-12-19,153.79,43171300,Amazon,AMZN,-0.0018,-0.3094,1.0159,0,Amazon market update,1.0,0,0.0018
2023-12-20,152.12,50322100,Amazon,AMZN,-0.0109,0.1656,1.0269,1,Amazon market update,1.0,0,0.0109
2023-12-21,153.84,36305700,Amazon,AMZN,0.0113,-0.2785,1.0123,0,Amazon market update,1.0,0,0.0113
2023-12-22,153.42,29514100,Amazon,AMZN,-0.0027,-0.1871,1.0107,0,Amazon market update,1.0,0,0.0027
2023-12-26,153.41,25067200,Amazon,AMZN,-0.0001,-0.1507,1.0062,0,Amazon market update,1.0,0,0.0001
2023-12-27,153.34,31434700,Amazon,AMZN,-0.0005,0.254,1.0108,1,Amazon market update,1.0,0,0.0005
2023-12-28,153.38,27057000,Amazon,AMZN,0.0003,-0.1393,1.0074,0,Amazon market update,1.0,0,0.0003
2023-12-29,151.94,39823200,Amazon,AMZN,-0.0094,0.4718,1.0189,0,Amazon market update,1.0,0,0.0094
2024-01-02,149.93,47339400,Amazon,AMZN,-0.0132,0.1887,1.0269,0,Amazon market update,1.0,0,0.0132
2024-01-03,148.47,49425500,Amazon,AMZN,-0.0097,0.0441,1.0183,0,Amazon market update,1.0,0,0.0097
2024-01-04,144.57,56039800,Amazon,AMZN,-0.0263,0.1338,1.0231,1,Amazon market update,1.0,0,0.0263
2024-01-05,145.24,45153100,Amazon,AMZN,0.0046,-0.1943,1.0143,1,Amazon market update,1.0,0,0.0046
2024-01-08,149.1,46757100,Amazon,AMZN,0.0266,0.0355,1.0222,1,Amazon market update,1.0,0,0.0266
2024-01-09,151.37,43812600,Amazon,AMZN,0.0152,-0.063,1.0236,1,Amazon market update,1.0,0,0.0152
2024-01-10,153.73,44421800,Amazon,AMZN,0.0156,0.0139,1.0167,1,Amazon market update,1.0,0,0.0156
2024-01-11,155.18,49072700,Amazon,AMZN,0.0094,0.1047,1.0264,0,Amazon market update,1.0,0,0.0094
2024-01-12,154.62,40484200,Amazon,AMZN,-0.0036,-0.175,1.0142,0,Amazon market update,1.0,0,0.0036
2024-01-16,153.16,41384600,Amazon,AMZN,-0.0094,0.0222,1.0187,0,Amazon market update,1.0,0,0.0094
2024-01-17,151.71,34953400,Amazon,AMZN,-0.0095,-0.1554,1.0149,1,Amazon market update,1.0,0,0.0095
2024-01-18,153.5,37850200,Amazon,AMZN,0.0118,0.0829,1.0129,1,Amazon market update,1.0,0,0.0118
2024-01-19,155.34,51651600,Amazon,AMZN,0.012,0.3646,1.0198,0,Amazon market update,1.0,0,0.012
2024-01-22,154.78,43687500,Amazon,AMZN,-0.0036,-0.1542,1.0205,1,Amazon market update,1.0,0,0.0036
2024-01-23,156.02,37986000,Amazon,AMZN,0.008,-0.1305,1.0148,1,Amazon market update,1.0,0,0.008
2024-01-24,156.87,48547300,Amazon,AMZN,0.0054,0.278,1.013,1,Amazon market update,1.0,0,0.0054
2024-01-25,157.75,43638600,Amazon,AMZN,0.0056,-0.1011,1.0256,1,Amazon market update,1.0,0,0.0056
2024-01-26,159.12,51047400,Amazon,AMZN,0.0087,0.1698,1.0178,1,Amazon market update,1.0,0,0.0087
2024-01-29,161.26,45270400,Amazon,AMZN,0.0134,-0.1132,1.015,0,Amazon market update,1.0,0,0.0134
2024-01-30,159.0,45207400,Amazon,AMZN,-0.014,-0.0014,1.0204,0,Amazon market update,1.0,0,0.014
2024-01-31,155.2,50284400,Amazon,AMZN,-0.0239,0.1123,1.0271,1,Amazon market update,1.0,0,0.0239
2024-02-01,159.28,76542400,Amazon,AMZN,0.0263,0.5222,1.0266,1,Amazon market update,1.0,0,0.0263
2024-02-02,171.81,117218300,Amazon,AMZN,0.0787,0.5314,1.0309,0,Amazon market update,1.0,0,0.0787
2024-02-05,170.31,55081300,Amazon,AMZN,-0.0087,-0.5301,1.017,0,Amazon market update,1.0,0,0.0087
2024-02-06,169.15,42505500,Amazon,AMZN,-0.0068,-0.2283,1.0183,1,Amazon market update,1.0,0,0.0068
2024-02-07,170.53,47174100,Amazon,AMZN,0.0082,0.1098,1.0115,0,Amazon market update,1.0,0,0.0082
2024-02-08,169.84,42316500,Amazon,AMZN,-0.004,-0.103,1.0151,1,Amazon market update,1.0,0,0.004
2024-02-09,174.45,56986000,Amazon,AMZN,0.0271,0.3467,1.0259,0,Amazon market update,1.0,0,0.0271
2024-02-12,172.34,51050400,Amazon,AMZN,-0.0121,-0.1042,1.0224,0,Amazon market update,1.0,0,0.0121
2024-02-13,168.64,56345100,Amazon,AMZN,-0.0215,0.1037,1.0314,1,Amazon market update,1.0,0,0.0215
2024-02-14,170.98,42815500,Amazon,AMZN,0.0139,-0.2401,1.0174,0,Amazon market update,1.0,0,0.0139
2024-02-15,169.8,49855200,Amazon,AMZN,-0.0069,0.1644,1.0214,0,Amazon market update,1.0,0,0.0069
2024-02-16,169.51,48107700,Amazon,AMZN,-0.0017,-0.0351,1.0194,0,Amazon market update,1.0,0,0.0017
2024-02-20,167.08,41980300,Amazon,AMZN,-0.0143,-0.1274,1.0179,1,Amazon market update,1.0,0,0.0143
2024-02-21,168.59,44420100,Amazon,AMZN,0.009,0.0581,1.0185,1,Amazon market update,1.0,0,0.009
2024-02-22,174.58,55392400,Amazon,AMZN,0.0355,0.247,1.0176,1,Amazon market update,1.0,0,0.0355
2024-02-23,174.99,59715200,Amazon,AMZN,0.0023,0.078,1.0118,0,Amazon market update,1.0,0,0.0023
2024-02-26,174.73,44368600,Amazon,AMZN,-0.0015,-0.257,1.0121,0,Amazon market update,1.0,0,0.0015
2024-02-27,173.54,31141700,Amazon,AMZN,-0.0068,-0.2981,1.0102,0,Amazon market update,1.0,0,0.0068
2024-02-28,173.16,28180500,Amazon,AMZN,-0.0022,-0.0951,1.0103,1,Amazon market update,1.0,0,0.0022
2024-02-29,176.76,53805400,Amazon,AMZN,0.0208,0.9093,1.0253,1,Amazon market update,1.0,0,0.0208
2024-03-01,178.22,31981200,Amazon,AMZN,0.0083,-0.4056,1.0151,0,Amazon market update,1.0,0,0.0083
2024-03-04,177.58,37381500,Amazon,AMZN,-0.0036,0.1689,1.0149,0,Amazon market update,1.0,0,0.0036
2024-03-05,174.12,37228300,Amazon,AMZN,-0.0195,-0.0041,1.0209,0,Amazon market update,1.0,0,0.0195
2024-03-06,173.51,32090900,Amazon,AMZN,-0.0035,-0.138,1.0185,1,Amazon market update,1.0,0,0.0035
2024-03-07,176.82,34063300,Amazon,AMZN,0.0191,0.0615,1.0246,0,Amazon market update,1.0,0,0.0191
2024-03-08,175.35,37893200,Amazon,AMZN,-0.0083,0.1124,1.0256,0,Amazon market update,1.0,0,0.0083
2024-03-11,171.96,28484800,Amazon,AMZN,-0.0193,-0.2483,1.0175,1,Amazon market update,1.0,0,0.0193
2024-03-12,175.39,36610600,Amazon,AMZN,0.0199,0.2853,1.0278,1,Amazon market update,1.0,0,0.0199
2024-03-13,176.56,30772600,Amazon,AMZN,0.0067,-0.1595,1.0118,1,Amazon market update,1.0,0,0.0067
2024-03-14,178.75,43705800,Amazon,AMZN,0.0124,0.4203,1.0173,0,Amazon market update,1.0,0,0.0124
2024-03-15,174.42,72147400,Amazon,AMZN,-0.0242,0.6508,1.0232,1,Amazon market update,1.0,0,0.0242
2024-03-18,174.48,31250700,Amazon,AMZN,0.0003,-0.5668,1.0138,1,Amazon market update,1.0,0,0.0003
2024-03-19,175.9,26880900,Amazon,AMZN,0.0081,-0.1398,1.0148,1,Amazon market update,1.0,0,0.0081
2024-03-20,178.15,29947200,Amazon,AMZN,0.0128,0.1141,1.0223,0,Amazon market update,1.0,0,0.0128
2024-03-21,178.15,32824300,Amazon,AMZN,0.0,0.0961,1.0184,1,Amazon market update,1.0,0,0.0
2024-03-22,178.87,27995400,Amazon,AMZN,0.004,-0.1471,1.0142,1,Amazon market update,1.0,0,0.004
2024-03-25,179.71,29815500,Amazon,AMZN,0.0047,0.065,1.0212,0,Amazon market update,1.0,0,0.0047
2024-03-26,178.3,29659000,Amazon,AMZN,-0.0078,-0.0052,1.014,1,Amazon market update,1.0,0,0.0078
2024-03-27,179.83,33272600,Amazon,AMZN,0.0086,0.1218,1.0152,1,Amazon market update,1.0,0,0.0086
2024-03-28,180.38,38051600,Amazon,AMZN,0.0031,0.1436,1.0136,1,Amazon market update,1.0,0,0.0031
2024-04-01,180.97,29174500,Amazon,AMZN,0.0033,-0.2333,1.0169,0,Amazon market update,1.0,0,0.0033
2024-04-02,180.69,32611500,Amazon,AMZN,-0.0015,0.1178,1.0135,1,Amazon market update,1.0,0,0.0015
2024-04-03,182.41,31046600,Amazon,AMZN,0.0095,-0.048,1.0171,0,Amazon market update,1.0,0,0.0095
2024-04-04,180.0,41624300,Amazon,AMZN,-0.0132,0.3407,1.0283,1,Amazon market update,1.0,0,0.0132
2024-04-05,185.07,42374000,Amazon,AMZN,0.0282,0.018,1.0236,1,Amazon market update,1.0,0,0.0282
2024-04-08,185.19,39221300,Amazon,AMZN,0.0006,-0.0744,1.0134,1,Amazon market update,1.0,0,0.0006
2024-04-09,185.67,36520100,Amazon,AMZN,0.0026,-0.0689,1.017,1,Amazon market update,1.0,0,0.0026
2024-04-10,185.95,35879200,Amazon,AMZN,0.0015,-0.0175,1.0197,1,Amazon market update,1.0,0,0.0015
2024-04-11,189.05,40020700,Amazon,AMZN,0.0167,0.1154,1.023,0,Amazon market update,1.0,0,0.0167
2024-04-12,186.13,38608800,Amazon,AMZN,-0.0154,-0.0353,1.0178,0,Amazon market update,1.0,0,0.0154
2024-04-15,183.62,48052400,Amazon,AMZN,-0.0135,0.2446,1.0311,0,Amazon market update,1.0,0,0.0135
2024-04-16,183.32,32891300,Amazon,AMZN,-0.0016,-0.3155,1.0141,0,Amazon market update,1.0,0,0.0016
2024-04-17,181.28,31359700,Amazon,AMZN,-0.0111,-0.0466,1.0264,0,Amazon market update,1.0,0,0.0111
2024-04-18,179.22,30723800,Amazon,AMZN,-0.0114,-0.0203,1.0209,0,Amazon market update,1.0,0,0.0114
2024-04-19,174.63,56000700,Amazon,AMZN,-0.0256,0.8227,1.0321,1,Amazon market update,1.0,0,0.0256
2024-04-22,177.23,37924900,Amazon,AMZN,0.0149,-0.3228,1.0247,1,Amazon market update,1.0,0,0.0149
2024-04-23,179.54,37046500,Amazon,AMZN,0.013,-0.0232,1.0224,0,Amazon market update,1.0,0,0.013
2024-04-24,176.59,34185100,Amazon,AMZN,-0.0164,-0.0772,1.0235,0,Amazon market update,1.0,0,0.0164
2024-04-25,173.67,49249400,Amazon,AMZN,-0.0165,0.4407,1.0457,1,Amazon market update,1.0,0,0.0165
2024-04-26,179.62,43919800,Amazon,AMZN,0.0343,-0.1082,1.0266,1,Amazon market update,1.0,0,0.0343
2024-04-29,180.96,54063900,Amazon,AMZN,0.0075,0.231,1.0231,0,Amazon market update,1.0,0,0.0075
2024-04-30,175.0,94639800,Amazon,AMZN,-0.0329,0.7505,1.0469,1,Amazon market update,1.0,0,0.0329
2024-05-01,179.0,94645100,Amazon,AMZN,0.0229,0.0001,1.0487,1,Amazon market update,1.0,0,0.0229
2024-05-02,184.72,54303500,Amazon,AMZN,0.032,-0.4262,1.0288,1,Amazon market update,1.0,0,0.032
2024-05-03,186.21,39172000,Amazon,AMZN,0.0081,-0.2786,1.0132,1,Amazon market update,1.0,0,0.0081
2024-05-06,188.7,34725300,Amazon,AMZN,0.0134,-0.1135,1.0214,1,Amazon market update,1.0,0,0.0134
2024-05-07,188.76,34048900,Amazon,AMZN,0.0003,-0.0195,1.014,0,Amazon market update,1.0,0,0.0003
2024-05-08,188.0,26136400,Amazon,AMZN,-0.004,-0.2324,1.0109,1,Amazon market update,1.0,0,0.004
2024-05-09,189.5,43368400,Amazon,AMZN,0.008,0.6593,1.0227,0,Amazon market update,1.0,0,0.008
2024-05-10,187.48,34141800,Amazon,AMZN,-0.0107,-0.2127,1.0158,0,Amazon market update,1.0,0,0.0107
2024-05-13,186.57,24898600,Amazon,AMZN,-0.0049,-0.2707,1.0159,1,Amazon market update,1.0,0,0.0049
2024-05-14,187.07,38698200,Amazon,AMZN,0.0027,0.5542,1.0233,0,Amazon market update,1.0,0,0.0027
2024-05-15,185.99,75459900,Amazon,AMZN,-0.0058,0.95,1.0218,0,Amazon market update,1.0,0,0.0058
2024-05-16,183.63,38834500,Amazon,AMZN,-0.0127,-0.4854,1.021,1,Amazon market update,1.0,0,0.0127
2024-05-17,184.7,33175700,Amazon,AMZN,0.0058,-0.1457,1.0106,0,Amazon market update,1.0,0,0.0058
2024-05-20,183.54,30511800,Amazon,AMZN,-0.0063,-0.0803,1.0185,0,Amazon market update,1.0,0,0.0063
2024-05-21,183.15,50839100,Amazon,AMZN,-0.0021,0.6662,1.0139,0,Amazon market update,1.0,0,0.0021
2024-05-22,183.13,28148800,Amazon,AMZN,-0.0001,-0.4463,1.0179,0,Amazon market update,1.0,0,0.0001
2024-05-23,181.05,33670200,Amazon,AMZN,-0.0114,0.1962,1.026,0,Amazon market update,1.0,0,0.0114
2024-05-24,180.75,27471600,Amazon,AMZN,-0.0017,-0.1841,1.0119,1,Amazon market update,1.0,0,0.0017
2024-05-28,182.15,29927000,Amazon,AMZN,0.0077,0.0894,1.0153,0,Amazon market update,1.0,0,0.0077
2024-05-29,182.02,32009300,Amazon,AMZN,-0.0007,0.0696,1.0139,0,Amazon market update,1.0,0,0.0007
2024-05-30,179.32,29184700,Amazon,AMZN,-0.0148,-0.0882,1.0167,0,Amazon market update,1.0,0,0.0148
2024-05-31,176.44,58903900,Amazon,AMZN,-0.0161,1.0183,1.0307,1,Amazon market update,1.0,0,0.0161
2024-06-03,178.34,30786600,Amazon,AMZN,0.0108,-0.4773,1.0158,1,Amazon market update,1.0,0,0.0108
2024-06-04,179.34,27198400,Amazon,AMZN,0.0056,-0.1166,1.0192,1,Amazon market update,1.0,0,0.0056
2024-06-05,181.28,32116400,Amazon,AMZN,0.0108,0.1808,1.0154,1,Amazon market update,1.0,0,0.0108
2024-06-06,185.0,31371200,Amazon,AMZN,0.0205,-0.0232,1.0193,0,Amazon market update,1.0,0,0.0205
2024-06-07,184.3,28021500,Amazon,AMZN,-0.0038,-0.1068,1.016,1,Amazon market update,1.0,0,0.0038
2024-06-10,187.06,34445600,Amazon,AMZN,0.015,0.2293,1.0187,1,Amazon market update,1.0,0,0.015
2024-06-11,187.23,27265100,Amazon,AMZN,0.0009,-0.2085,1.0175,0,Amazon market update,1.0,0,0.0009
2024-06-12,186.89,33984200,Amazon,AMZN,-0.0018,0.2464,1.0157,0,Amazon market update,1.0,0,0.0018
2024-06-13,183.83,39721500,Amazon,AMZN,-0.0164,0.1688,1.0274,0,Amazon market update,1.0,0,0.0164
2024-06-14,183.66,25456400,Amazon,AMZN,-0.0009,-0.3591,1.0082,1,Amazon market update,1.0,0,0.0009
2024-06-17,184.06,35601900,Amazon,AMZN,0.0022,0.3985,1.0209,0,Amazon market update,1.0,0,0.0022
2024-06-18,182.81,36659200,Amazon,AMZN,-0.0068,0.0297,1.0158,1,Amazon market update,1.0,0,0.0068
2024-06-20,186.1,44726800,Amazon,AMZN,0.018,0.2201,1.0207,1,Amazon market update,1.0,0,0.018
2024-06-21,189.08,70792500,Amazon,AMZN,0.016,0.5828,1.0184,0,Amazon market update,1.0,0,0.016
2024-06-24,185.57,50610400,Amazon,AMZN,-0.0186,-0.2851,1.0306,1,Amazon market update,1.0,0,0.0186
2024-06-25,186.34,45366400,Amazon,AMZN,0.0041,-0.1036,1.0184,1,Amazon market update,1.0,0,0.0041
2024-06-26,193.61,65103900,Amazon,AMZN,0.039,0.4351,1.0458,1,Amazon market update,1.0,0,0.039
2024-06-27,197.85,74397500,Amazon,AMZN,0.0219,0.1428,1.029,0,Amazon market update,1.0,0,0.0219
2024-06-28,193.25,76930200,Amazon,AMZN,-0.0232,0.034,1.033,1,Amazon market update,1.0,0,0.0232
2024-07-01,197.2,41192000,Amazon,AMZN,0.0204,-0.4646,1.0284,1,Amazon market update,1.0,0,0.0204
2024-07-02,200.0,45600000,Amazon,AMZN,0.0142,0.107,1.023,0,Amazon market update,1.0,0,0.0142
2024-07-03,197.59,31597900,Amazon,AMZN,-0.0121,-0.3071,1.0166,1,Amazon market update,1.0,0,0.0121
2024-07-05,200.0,39858900,Amazon,AMZN,0.0122,0.2614,1.012,0,Amazon market update,1.0,0,0.0122
2024-07-08,199.29,34767300,Amazon,AMZN,-0.0036,-0.1277,1.0164,1,Amazon market update,1.0,0,0.0036
2024-07-09,199.34,32700100,Amazon,AMZN,0.0003,-0.0595,1.0076,1,Amazon market update,1.0,0,0.0003
2024-07-10,199.79,32883800,Amazon,AMZN,0.0023,0.0056,1.0122,0,Amazon market update,1.0,0,0.0023
2024-07-11,195.05,44565000,Amazon,AMZN,-0.0237,0.3552,1.0384,0,Amazon market update,1.0,0,0.0237
2024-07-12,194.49,30598500,Amazon,AMZN,-0.0029,-0.3134,1.0136,0,Amazon market update,1.0,0,0.0029
2024-07-15,192.72,40683200,Amazon,AMZN,-0.0091,0.3296,1.0281,1,Amazon market update,1.0,0,0.0091
2024-07-16,193.02,33994700,Amazon,AMZN,0.0016,-0.1644,1.0228,0,Amazon market update,1.0,0,0.0016
2024-07-17,187.93,48076100,Amazon,AMZN,-0.0264,0.4142,1.0301,0,Amazon market update,1.0,0,0.0264
2024-07-18,183.75,51043600,Amazon,AMZN,-0.0222,0.0617,1.0454,0,Amazon market update,1.0,0,0.0222
2024-07-19,183.13,43081800,Amazon,AMZN,-0.0034,-0.156,1.0268,0,Amazon market update,1.0,0,0.0034
2024-07-22,182.55,39931900,Amazon,AMZN,-0.0032,-0.0731,1.0141,1,Amazon market update,1.0,0,0.0032
2024-07-23,186.41,47537700,Amazon,AMZN,0.0211,0.1905,1.0318,0,Amazon market update,1.0,0,0.0211
2024-07-24,180.83,41532400,Amazon,AMZN,-0.0299,-0.1263,1.0279,0,Amazon market update,1.0,0,0.0299
2024-07-25,179.85,44464200,Amazon,AMZN,-0.0054,0.0706,1.0402,1,Amazon market update,1.0,0,0.0054
2024-07-26,182.5,29506000,Amazon,AMZN,0.0147,-0.3364,1.0164,1,Amazon market update,1.0,0,0.0147
2024-07-29,183.2,33270100,Amazon,AMZN,0.0038,0.1276,1.013,0,Amazon market update,1.0,0,0.0038
2024-07-30,181.71,39508600,Amazon,AMZN,-0.0081,0.1875,1.0361,1,Amazon market update,1.0,0,0.0081
2024-07-31,186.98,41667300,Amazon,AMZN,0.029,0.0546,1.0189,0,Amazon market update,1.0,0,0.029
2024-08-01,184.07,70435600,Amazon,AMZN,-0.0156,0.6904,1.048,0,Amazon market update,1.0,0,0.0156
2024-08-02,167.9,141448400,Amazon,AMZN,-0.0878,1.0082,1.0512,0,Amazon market update,1.0,0,0.0878
2024-08-05,161.02,83149400,Amazon,AMZN,-0.041,-0.4122,1.0749,1,Amazon market update,1.0,0,0.041
2024-08-06,161.93,59950800,Amazon,AMZN,0.0057,-0.279,1.0413,1,Amazon market update,1.0,0,0.0057
2024-08-07,162.77,48408200,Amazon,AMZN,0.0052,-0.1925,1.0381,1,Amazon market update,1.0,0,0.0052
2024-08-08,165.8,44616200,Amazon,AMZN,0.0186,-0.0783,1.0255,1,Amazon market update,1.0,0,0.0186
2024-08-09,166.94,36401000,Amazon,AMZN,0.0069,-0.1841,1.0163,0,Amazon market update,1.0,0,0.0069
2024-08-12,166.8,30072800,Amazon,AMZN,-0.0008,-0.1738,1.0147,1,Amazon market update,1.0,0,0.0008
2024-08-13,170.23,39237900,Amazon,AMZN,0.0206,0.3048,1.0236,0,Amazon market update,1.0,0,0.0206
2024-08-14,170.1,28843800,Amazon,AMZN,-0.0008,-0.2649,1.0203,1,Amazon market update,1.0,0,0.0008
2024-08-15,177.59,51698500,Amazon,AMZN,0.044,0.7924,1.0225,0,Amazon market update,1.0,0,0.044
2024-08-16,177.06,31489200,Amazon,AMZN,-0.003,-0.3909,1.0118,1,Amazon market update,1.0,0,0.003
2024-08-19,178.22,31129800,Amazon,AMZN,0.0066,-0.0114,1.0121,1,Amazon market update,1.0,0,0.0066
2024-08-20,178.88,26255200,Amazon,AMZN,0.0037,-0.1566,1.0089,1,Amazon market update,1.0,0,0.0037
2024-08-21,180.11,35599100,Amazon,AMZN,0.0069,0.3559,1.0196,0,Amazon market update,1.0,0,0.0069
2024-08-22,176.13,32047500,Amazon,AMZN,-0.0221,-0.0998,1.033,1,Amazon market update,1.0,0,0.0221
2024-08-23,177.04,29150100,Amazon,AMZN,0.0052,-0.0904,1.0213,0,Amazon market update,1.0,0,0.0052
2024-08-26,175.5,22366200,Amazon,AMZN,-0.0087,-0.2327,1.0182,0,Amazon market update,1.0,0,0.0087
2024-08-27,173.12,29842000,Amazon,AMZN,-0.0136,0.3342,1.0153,0,Amazon market update,1.0,0,0.0136
2024-08-28,170.8,29045000,Amazon,AMZN,-0.0134,-0.0267,1.0282,1,Amazon market update,1.0,0,0.0134
2024-08-29,172.12,26407800,Amazon,AMZN,0.0077,-0.0908,1.0204,1,Amazon market update,1.0,0,0.0077
2024-08-30,178.5,43429400,Amazon,AMZN,0.0371,0.6446,1.0365,0,Amazon market update,1.0,0,0.0371
2024-09-03,176.25,37817500,Amazon,AMZN,-0.0126,-0.1292,1.0171,0,Amazon market update,1.0,0,0.0126
2024-09-04,173.33,30309200,Amazon,AMZN,-0.0166,-0.1985,1.0199,1,Amazon market update,1.0,0,0.0166
2024-09-05,177.89,40170500,Amazon,AMZN,0.0263,0.3254,1.0279,0,Amazon market update,1.0,0,0.0263
2024-09-06,171.39,41466500,Amazon,AMZN,-0.0365,0.0323,1.0422,1,Amazon market update,1.0,0,0.0365
2024-09-09,175.4,29037400,Amazon,AMZN,0.0234,-0.2997,1.0135,1,Amazon market update,1.0,0,0.0234
2024-09-10,179.55,36233800,Amazon,AMZN,0.0237,0.2478,1.021,1,Amazon market update,1.0,0,0.0237
2024-09-11,184.52,42564700,Amazon,AMZN,0.0277,0.1747,1.0527,1,Amazon market update,1.0,0,0.0277
2024-09-12,187.0,33544200,Amazon,AMZN,0.0134,-0.2119,1.0211,0,Amazon market update,1.0,0,0.0134
2024-09-13,186.49,26495400,Amazon,AMZN,-0.0027,-0.2101,1.0139,0,Amazon market update,1.0,0,0.0027
2024-09-16,184.89,26065500,Amazon,AMZN,-0.0086,-0.0162,1.0134,1,Amazon market update,1.0,0,0.0086
2024-09-17,186.88,26091700,Amazon,AMZN,0.0108,0.001,1.0178,0,Amazon market update,1.0,0,0.0108
2024-09-18,186.43,34448100,Amazon,AMZN,-0.0024,0.3203,1.0202,1,Amazon market update,1.0,0,0.0024
2024-09-19,189.87,39543200,Amazon,AMZN,0.0185,0.1479,1.0134,1,Amazon market update,1.0,0,0.0185
2024-09-20,191.6,100378600,Amazon,AMZN,0.0091,1.5385,1.0236,1,Amazon market update,1.0,0,0.0091
2024-09-23,193.88,36993100,Amazon,AMZN,0.0119,-0.6315,1.0204,1,Amazon market update,1.0,0,0.0119
2024-09-24,193.96,43478900,Amazon,AMZN,0.0004,0.1753,1.0276,0,Amazon market update,1.0,0,0.0004
2024-09-25,192.53,26391100,Amazon,AMZN,-0.0074,-0.393,1.0093,0,Amazon market update,1.0,0,0.0074
2024-09-26,191.16,36334900,Amazon,AMZN,-0.0071,0.3768,1.0263,0,Amazon market update,1.0,0,0.0071
2024-09-27,187.97,36002300,Amazon,AMZN,-0.0167,-0.0092,1.019,0,Amazon market update,1.0,0,0.0167
2024-09-30,186.33,41583900,Amazon,AMZN,-0.0087,0.155,1.0208,0,Amazon market update,1.0,0,0.0087
2024-10-01,185.13,36044900,Amazon,AMZN,-0.0064,-0.1332,1.0149,0,Amazon market update,1.0,0,0.0064
2024-10-02,184.76,23704100,Amazon,AMZN,-0.002,-0.3424,1.0139,0,Amazon market update,1.0,0,0.002
2024-10-03,181.96,30204300,Amazon,AMZN,-0.0152,0.2742,1.0142,1,Amazon market update,1.0,0,0.0152
2024-10-04,186.51,40890300,Amazon,AMZN,0.025,0.3538,1.0218,0,Amazon market update,1.0,0,0.025
2024-10-07,180.8,42364200,Amazon,AMZN,-0.0306,0.036,1.0186,1,Amazon market update,1.0,0,0.0306
2024-10-08,182.72,26372100,Amazon,AMZN,0.0106,-0.3775,1.012,1,Amazon market update,1.0,0,0.0106
2024-10-09,185.17,26343100,Amazon,AMZN,0.0134,-0.0011,1.0209,1,Amazon market update,1.0,0,0.0134
2024-10-10,186.65,27785000,Amazon,AMZN,0.008,0.0547,1.0124,1,Amazon market update,1.0,0,0.008
2024-10-11,188.82,25751600,Amazon,AMZN,0.0116,-0.0732,1.0195,0,Amazon market update,1.0,0,0.0116
2024-10-14,187.54,22614400,Amazon,AMZN,-0.0068,-0.1218,1.0132,1,Amazon market update,1.0,0,0.0068
2024-10-15,187.69,32178900,Amazon,AMZN,0.0008,0.4229,1.0207,0,Amazon market update,1.0,0,0.0008
2024-10-16,186.89,23456800,Amazon,AMZN,-0.0043,-0.2711,1.0117,1,Amazon market update,1.0,0,0.0043
2024-10-17,187.53,25039400,Amazon,AMZN,0.0034,0.0675,1.0158,1,Amazon market update,1.0,0,0.0034
2024-10-18,188.99,37417700,Amazon,AMZN,0.0078,0.4944,1.0239,1,Amazon market update,1.0,0,0.0078
2024-10-21,189.07,24639400,Amazon,AMZN,0.0004,-0.3415,1.0164,1,Amazon market update,1.0,0,0.0004
2024-10-22,189.7,29650600,Amazon,AMZN,0.0033,0.2034,1.0243,0,Amazon market update,1.0,0,0.0033
2024-10-23,184.71,31937100,Amazon,AMZN,-0.0263,0.0771,1.0298,1,Amazon market update,1.0,0,0.0263
2024-10-24,186.38,21647400,Amazon,AMZN,0.009,-0.3222,1.0177,1,Amazon market update,1.0,0,0.009
2024-10-25,187.83,29362100,Amazon,AMZN,0.0078,0.3564,1.0156,1,Amazon market update,1.0,0,0.0078
2024-10-28,188.39,27930800,Amazon,AMZN,0.003,-0.0487,1.0106,1,Amazon market update,1.0,0,0.003
2024-10-29,190.83,35690200,Amazon,AMZN,0.013,0.2778,1.0194,1,Amazon market update,1.0,0,0.013
2024-10-30,192.73,37707600,Amazon,AMZN,0.01,0.0565,1.0166,0,Amazon market update,1.0,0,0.01
2024-10-31,186.4,75146800,Amazon,AMZN,-0.0328,0.9929,1.029,1,Amazon market update,1.0,0,0.0328
2024-11-01,197.93,99687800,Amazon,AMZN,0.0619,0.3266,1.0177,0,Amazon market update,1.0,0,0.0619
2024-11-04,195.78,38492100,Amazon,AMZN,-0.0109,-0.6139,1.0155,1,Amazon market update,1.0,0,0.0109
2024-11-05,199.5,30564800,Amazon,AMZN,0.019,-0.2059,1.0195,1,Amazon market update,1.0,0,0.019
2024-11-06,207.09,72292200,Amazon,AMZN,0.038,1.3652,1.0422,1,Amazon market update,1.0,0,0.038
2024-11-07,210.05,52878400,Amazon,AMZN,0.0143,-0.2685,1.0244,0,Amazon market update,1.0,0,0.0143
2024-11-08,208.18,36075800,Amazon,AMZN,-0.0089,-0.3178,1.0121,0,Amazon market update,1.0,0,0.0089
2024-11-11,206.84,35456000,Amazon,AMZN,-0.0064,-0.0172,1.0197,1,Amazon market update,1.0,0,0.0064
2024-11-12,208.91,38942900,Amazon,AMZN,0.01,0.0983,1.0171,1,Amazon market update,1.0,0,0.01
2024-11-13,214.1,46212900,Amazon,AMZN,0.0248,0.1867,1.0284,0,Amazon market update,1.0,0,0.0248
2024-11-14,211.48,42620300,Amazon,AMZN,-0.0122,-0.0777,1.0238,0,Amazon market update,1.0,0,0.0122
2024-11-15,202.61,86591100,Amazon,AMZN,-0.0419,1.0317,1.0387,0,Amazon market update,1.0,0,0.0419
2024-11-18,201.7,36409900,Amazon,AMZN,-0.0045,-0.5795,1.0185,1,Amazon market update,1.0,0,0.0045
2024-11-19,204.61,31197900,Amazon,AMZN,0.0144,-0.1431,1.0328,0,Amazon market update,1.0,0,0.0144
2024-11-20,202.88,32769000,Amazon,AMZN,-0.0085,0.0504,1.0185,0,Amazon market update,1.0,0,0.0085
2024-11-21,198.38,58800000,Amazon,AMZN,-0.0222,0.7944,1.0395,0,Amazon market update,1.0,0,0.0222
2024-11-22,197.12,31530800,Amazon,AMZN,-0.0064,-0.4638,1.0128,1,Amazon market update,1.0,0,0.0064
2024-11-25,201.45,40685700,Amazon,AMZN,0.022,0.2903,1.0148,1,Amazon market update,1.0,0,0.022
2024-11-26,207.86,41673700,Amazon,AMZN,0.0318,0.0243,1.0308,0,Amazon market update,1.0,0,0.0318
2024-11-27,205.74,28061600,Amazon,AMZN,-0.0102,-0.3266,1.0126,1,Amazon market update,1.0,0,0.0102
2024-11-29,207.89,24892400,Amazon,AMZN,0.0105,-0.1129,1.0176,1,Amazon market update,1.0,0,0.0105
2024-12-02,210.71,39523200,Amazon,AMZN,0.0136,0.5878,1.0166,1,Amazon market update,1.0,0,0.0136
2024-12-03,213.44,32214800,Amazon,AMZN,0.013,-0.1849,1.0208,1,Amazon market update,1.0,0,0.013
2024-12-04,218.16,48745700,Amazon,AMZN,0.0221,0.5131,1.0197,1,Amazon market update,1.0,0,0.0221
2024-12-05,220.55,41140200,Amazon,AMZN,0.011,-0.156,1.0223,1,Amazon market update,1.0,0,0.011
2024-12-06,227.03,44178100,Amazon,AMZN,0.0294,0.0738,1.0297,0,Amazon market update,1.0,0,0.0294
2024-12-09,226.09,46819400,Amazon,AMZN,-0.0041,0.0598,1.0195,0,Amazon market update,1.0,0,0.0041
2024-12-10,225.04,31199900,Amazon,AMZN,-0.0046,-0.3336,1.0217,1,Amazon market update,1.0,0,0.0046
2024-12-11,230.26,35385800,Amazon,AMZN,0.0232,0.1342,1.0218,0,Amazon market update,1.0,0,0.0232
2024-12-12,228.97,28204100,Amazon,AMZN,-0.0056,-0.203,1.0152,0,Amazon market update,1.0,0,0.0056
2024-12-13,227.46,28768100,Amazon,AMZN,-0.0066,0.02,1.0192,1,Amazon market update,1.0,0,0.0066
2024-12-16,232.93,37552100,Amazon,AMZN,0.024,0.3053,1.0219,0,Amazon market update,1.0,0,0.024
2024-12-17,231.15,35948100,Amazon,AMZN,-0.0076,-0.0427,1.0214,0,Amazon market update,1.0,0,0.0076
2024-12-18,220.52,43281400,Amazon,AMZN,-0.046,0.204,1.0513,1,Amazon market update,1.0,0,0.046
2024-12-19,223.29,39918700,Amazon,AMZN,0.0126,-0.0777,1.0142,1,Amazon market update,1.0,0,0.0126
2024-12-20,224.92,88279200,Amazon,AMZN,0.0073,1.2115,1.0342,1,Amazon market update,1.0,0,0.0073
2024-12-23,225.06,28070000,Amazon,AMZN,0.0006,-0.682,1.0133,1,Amazon market update,1.0,0,0.0006
2024-12-24,229.05,15007500,Amazon,AMZN,0.0177,-0.4654,1.0133,0,Amazon market update,1.0,0,0.0177
2024-12-26,227.05,16146700,Amazon,AMZN,-0.0087,0.0759,1.0081,0,Amazon market update,1.0,0,0.0087
2024-12-27,223.75,27367100,Amazon,AMZN,-0.0145,0.6949,1.0232,0,Amazon market update,1.0,0,0.0145
2024-12-30,221.3,28321200,Amazon,AMZN,-0.0109,0.0349,1.0209,0,Amazon market update,1.0,0,0.0109
2024-12-31,219.39,24819700,Amazon,AMZN,-0.0086,-0.1236,1.0196,1,Amazon market update,1.0,0,0.0086
2025-01-02,220.22,33956600,Amazon,AMZN,0.0038,0.3681,1.0319,1,Amazon market update,1.0,0,0.0038
2025-01-03,224.19,27515600,Amazon,AMZN,0.018,-0.1897,1.0169,1,Amazon market update,1.0,0,0.018
2025-01-06,227.61,31849800,Amazon,AMZN,0.0153,0.1575,1.0178,0,Amazon market update,1.0,0,0.0153
2025-01-07,222.11,28084200,Amazon,AMZN,-0.0242,-0.1182,1.0312,1,Amazon market update,1.0,0,0.0242
2025-01-08,222.13,25033300,Amazon,AMZN,0.0001,-0.1086,1.0151,0,Amazon market update,1.0,0,0.0001
2025-01-10,218.94,36811500,Amazon,AMZN,-0.0144,0.4705,1.0241,0,Amazon market update,1.0,0,0.0144
2025-01-13,218.46,27262700,Amazon,AMZN,-0.0022,-0.2594,1.0135,0,Amazon market update,1.0,0,0.0022
2025-01-14,217.76,24711700,Amazon,AMZN,-0.0032,-0.0936,1.026,1,Amazon market update,1.0,0,0.0032
2025-01-15,223.35,31291300,Amazon,AMZN,0.0257,0.2663,1.0128,0,Amazon market update,1.0,0,0.0257
2025-01-16,220.66,24757300,Amazon,AMZN,-0.012,-0.2088,1.0197,1,Amazon market update,1.0,0,0.012
2025-01-17,225.94,42370100,Amazon,AMZN,0.0239,0.7114,1.0154,1,Amazon market update,1.0,0,0.0239
2025-01-21,230.71,39951500,Amazon,AMZN,0.0211,-0.0571,1.0213,1,Amazon market update,1.0,0,0.0211
2025-01-22,235.01,41448200,Amazon,AMZN,0.0186,0.0375,1.0184,1,Amazon market update,1.0,0,0.0186
2025-01-23,235.42,26404400,Amazon,AMZN,0.0017,-0.363,1.0173,0,Amazon market update,1.0,0,0.0017
2025-01-24,234.85,25890700,Amazon,AMZN,-0.0024,-0.0195,1.0149,1,Amazon market update,1.0,0,0.0024
2025-01-27,235.42,49428300,Amazon,AMZN,0.0024,0.9091,1.0432,1,Amazon market update,1.0,0,0.0024
2025-01-28,238.15,41587200,Amazon,AMZN,0.0116,-0.1586,1.0333,0,Amazon market update,1.0,0,0.0116
2025-01-29,237.07,26091700,Amazon,AMZN,-0.0045,-0.3726,1.018,0,Amazon market update,1.0,0,0.0045
2025-01-30,234.64,32020700,Amazon,AMZN,-0.0103,0.2272,1.0247,1,Amazon market update,1.0,0,0.0103
2025-01-31,237.68,36110200,Amazon,AMZN,0.013,0.1277,1.0164,0,Amazon market update,1.0,0,0.013
2025-02-03,237.42,37285900,Amazon,AMZN,-0.0011,0.0326,1.0273,1,Amazon market update,1.0,0,0.0011
2025-02-04,242.06,29713800,Amazon,AMZN,0.0195,-0.2031,1.0189,0,Amazon market update,1.0,0,0.0195
2025-02-05,236.17,38727300,Amazon,AMZN,-0.0243,0.3033,1.0133,1,Amazon market update,1.0,0,0.0243
2025-02-06,238.83,60897100,Amazon,AMZN,0.0113,0.5725,1.0155,0,Amazon market update,1.0,0,0.0113
2025-02-07,229.15,77539300,Amazon,AMZN,-0.0405,0.2733,1.0296,1,Amazon market update,1.0,0,0.0405
2025-02-10,233.14,35419900,Amazon,AMZN,0.0174,-0.5432,1.0206,0,Amazon market update,1.0,0,0.0174
2025-02-11,232.76,23713700,Amazon,AMZN,-0.0016,-0.3305,1.0144,0,Amazon market update,1.0,0,0.0016
2025-02-12,228.93,32285200,Amazon,AMZN,-0.0165,0.3615,1.0132,1,Amazon market update,1.0,0,0.0165
2025-02-13,230.37,31346500,Amazon,AMZN,0.0063,-0.0291,1.0127,0,Amazon market update,1.0,0,0.0063
2025-02-14,228.68,27031100,Amazon,AMZN,-0.0073,-0.1377,1.0117,0,Amazon market update,1.0,0,0.0073
2025-02-18,226.65,42975100,Amazon,AMZN,-0.0089,0.5898,1.0249,0,Amazon market update,1.0,0,0.0089
2025-02-19,226.63,28566700,Amazon,AMZN,-0.0001,-0.3353,1.0139,0,Amazon market update,1.0,0,0.0001
2025-02-20,222.88,30001700,Amazon,AMZN,-0.0165,0.0502,1.015,0,Amazon market update,1.0,0,0.0165
2025-02-21,216.58,55323900,Amazon,AMZN,-0.0283,0.844,1.0399,0,Amazon market update,1.0,0,0.0283
2025-02-24,212.71,42387600,Amazon,AMZN,-0.0179,-0.2338,1.025,1,Amazon market update,1.0,0,0.0179
2025-02-25,212.8,58958000,Amazon,AMZN,0.0004,0.3909,1.045,1,Amazon market update,1.0,0,0.0004
2025-02-26,214.35,39120600,Amazon,AMZN,0.0073,-0.3365,1.0238,0,Amazon market update,1.0,0,0.0073
2025-02-27,208.74,40548600,Amazon,AMZN,-0.0262,0.0365,1.0557,1,Amazon market update,1.0,0,0.0262
2025-02-28,212.28,51771700,Amazon,AMZN,0.017,0.2768,1.0272,0,Amazon market update,1.0,0,0.017
2025-03-03,205.02,42948400,Amazon,AMZN,-0.0342,-0.1704,1.0566,0,Amazon market update,1.0,0,0.0342
2025-03-04,203.8,60853100,Amazon,AMZN,-0.006,0.4169,1.0475,1,Amazon market update,1.0,0,0.006
2025-03-05,208.36,38610100,Amazon,AMZN,0.0224,-0.3655,1.0331,0,Amazon market update,1.0,0,0.0224
2025-03-06,200.7,49863800,Amazon,AMZN,-0.0368,0.2915,1.0377,0,Amazon market update,1.0,0,0.0368
2025-03-07,199.25,59802800,Amazon,AMZN,-0.0072,0.1993,1.0506,0,Amazon market update,1.0,0,0.0072
2025-03-10,194.54,62350900,Amazon,AMZN,-0.0236,0.0426,1.0308,1,Amazon market update,1.0,0,0.0236
2025-03-11,196.59,54002900,Amazon,AMZN,0.0105,-0.1339,1.0351,1,Amazon market update,1.0,0,0.0105
2025-03-12,198.89,43679300,Amazon,AMZN,0.0117,-0.1912,1.0319,0,Amazon market update,1.0,0,0.0117
2025-03-13,193.89,41270800,Amazon,AMZN,-0.0251,-0.0551,1.0368,1,Amazon market update,1.0,0,0.0251
2025-03-14,197.95,38096700,Amazon,AMZN,0.0209,-0.0769,1.017,0,Amazon market update,1.0,0,0.0209
2025-03-17,195.74,47341800,Amazon,AMZN,-0.0112,0.2427,1.0241,0,Amazon market update,1.0,0,0.0112
2025-03-18,192.82,40414900,Amazon,AMZN,-0.0149,-0.1463,1.0244,1,Amazon market update,1.0,0,0.0149
2025-03-19,195.54,39442900,Amazon,AMZN,0.0141,-0.0241,1.0209,0,Amazon market update,1.0,0,0.0141
2025-03-20,194.95,38921100,Amazon,AMZN,-0.003,-0.0132,1.0365,1,Amazon market update,1.0,0,0.003
2025-03-21,196.21,60056900,Amazon,AMZN,0.0065,0.543,1.0232,1,Amazon market update,1.0,0,0.0065
2025-03-24,203.26,41625400,Amazon,AMZN,0.0359,-0.3069,1.0185,1,Amazon market update,1.0,0,0.0359
2025-03-25,205.71,31171200,Amazon,AMZN,0.0121,-0.2511,1.0147,0,Amazon market update,1.0,0,0.0121
2025-03-26,201.13,32855300,Amazon,AMZN,-0.0223,0.054,1.0304,1,Amazon market update,1.0,0,0.0223
2025-03-27,201.36,27317700,Amazon,AMZN,0.0011,-0.1685,1.0226,0,Amazon market update,1.0,0,0.0011
2025-03-28,192.72,52548200,Amazon,AMZN,-0.0429,0.9236,1.0385,0,Amazon market update,1.0,0,0.0429
2025-03-31,190.26,63547600,Amazon,AMZN,-0.0128,0.2093,1.0376,1,Amazon market update,1.0,0,0.0128
2025-04-01,192.17,41267300,Amazon,AMZN,0.01,-0.3506,1.036,1,Amazon market update,1.0,0,0.01
2025-04-02,196.01,53679200,Amazon,AMZN,0.02,0.3008,1.0569,0,Amazon market update,1.0,0,0.02
2025-04-03,178.41,95553600,Amazon,AMZN,-0.0898,0.7801,1.0408,0,Amazon market update,1.0,0,0.0898
2025-04-04,171.0,123159400,Amazon,AMZN,-0.0415,0.2889,1.0731,1,Amazon market update,1.0,0,0.0415
2025-04-07,175.26,109327100,Amazon,AMZN,0.0249,-0.1123,1.1365,0,Amazon market update,1.0,0,0.0249
2025-04-08,170.66,87710400,Amazon,AMZN,-0.0262,-0.1977,1.1028,1,Amazon market update,1.0,0,0.0262
2025-04-09,191.1,116804300,Amazon,AMZN,0.1198,0.3317,1.1337,0,Amazon market update,1.0,0,0.1198
2025-04-10,181.22,68302000,Amazon,AMZN,-0.0517,-0.4152,1.0627,1,Amazon market update,1.0,0,0.0517
2025-04-11,184.87,50594300,Amazon,AMZN,0.0201,-0.2593,1.0442,0,Amazon market update,1.0,0,0.0201
2025-04-14,182.12,48002500,Amazon,AMZN,-0.0149,-0.0512,1.0458,0,Amazon market update,1.0,0,0.0149
2025-04-15,179.59,43642000,Amazon,AMZN,-0.0139,-0.0908,1.0248,0,Amazon market update,1.0,0,0.0139
2025-04-16,174.33,51875300,Amazon,AMZN,-0.0293,0.1887,1.0449,0,Amazon market update,1.0,0,0.0293
2025-04-17,172.61,44726500,Amazon,AMZN,-0.0099,-0.1378,1.0245,0,Amazon market update,1.0,0,0.0099
2025-04-21,167.32,48126100,Amazon,AMZN,-0.0306,0.076,1.0261,1,Amazon market update,1.0,0,0.0306
2025-04-22,173.18,56607200,Amazon,AMZN,0.035,0.1762,1.0439,1,Amazon market update,1.0,0,0.035
2025-04-23,180.6,63470100,Amazon,AMZN,0.0428,0.1212,1.0399,1,Amazon market update,1.0,0,0.0428
2025-04-24,186.54,43763200,Amazon,AMZN,0.0329,-0.3105,1.0364,1,Amazon market update,1.0,0,0.0329
2025-04-25,188.99,36414300,Amazon,AMZN,0.0131,-0.1679,1.024,0,Amazon market update,1.0,0,0.0131
2025-04-28,187.7,33224700,Amazon,AMZN,-0.0068,-0.0876,1.0288,0,Amazon market update,1.0,0,0.0068
2025-04-29,187.39,41667300,Amazon,AMZN,-0.0017,0.2541,1.0236,0,Amazon market update,1.0,0,0.0017
2025-04-30,184.42,55176500,Amazon,AMZN,-0.0158,0.3242,1.0347,1,Amazon market update,1.0,0,0.0158
2025-05-01,190.2,74266000,Amazon,AMZN,0.0313,0.346,1.023,0,Amazon market update,1.0,0,0.0313
2025-05-02,189.98,77903500,Amazon,AMZN,-0.0012,0.049,1.0348,0,Amazon market update,1.0,0,0.0012
2025-05-05,186.35,35217500,Amazon,AMZN,-0.0191,-0.5479,1.0143,0,Amazon market update,1.0,0,0.0191
2025-05-06,185.01,29314100,Amazon,AMZN,-0.0072,-0.1676,1.0222,1,Amazon market update,1.0,0,0.0072
2025-05-07,188.71,43948600,Amazon,AMZN,0.02,0.4992,1.0323,1,Amazon market update,1.0,0,0.02
2025-05-08,192.08,41043600,Amazon,AMZN,0.0179,-0.0661,1.0292,1,Amazon market update,1.0,0,0.0179
2025-05-09,193.06,29663100,Amazon,AMZN,0.0051,-0.2773,1.0185,1,Amazon market update,1.0,0,0.0051
2025-05-12,208.64,75205000,Amazon,AMZN,0.0807,1.5353,1.0287,1,Amazon market update,1.0,0,0.0807
2025-05-13,211.37,56193700,Amazon,AMZN,0.0131,-0.2528,1.0226,0,Amazon market update,1.0,0,0.0131
2025-05-14,210.25,38492100,Amazon,AMZN,-0.0053,-0.315,1.0147,0,Amazon market update,1.0,0,0.0053
2025-05-15,205.17,64347300,Amazon,AMZN,-0.0242,0.6717,1.0208,1,Amazon market update,1.0,0,0.0242
2025-05-16,205.59,43318500,Amazon,AMZN,0.002,-0.3268,1.0121,1,Amazon market update,1.0,0,0.002
2025-05-19,206.16,34314800,Amazon,AMZN,0.0028,-0.2078,1.0266,0,Amazon market update,1.0,0,0.0028
2025-05-20,204.07,29470400,Amazon,AMZN,-0.0101,-0.1412,1.0145,0,Amazon market update,1.0,0,0.0101
2025-05-21,201.12,42460900,Amazon,AMZN,-0.0145,0.4408,1.017,1,Amazon market update,1.0,0,0.0145
2025-05-22,203.1,38938900,Amazon,AMZN,0.0098,-0.0829,1.028,0,Amazon market update,1.0,0,0.0098
2025-05-23,200.99,33393500,Amazon,AMZN,-0.0104,-0.1424,1.0228,1,Amazon market update,1.0,0,0.0104
2025-05-27,206.02,34892000,Amazon,AMZN,0.025,0.0449,1.0223,0,Amazon market update,1.0,0,0.025
2025-05-28,204.72,28549800,Amazon,AMZN,-0.0063,-0.1818,1.0159,1,Amazon market update,1.0,0,0.0063
2025-05-29,205.7,34650000,Amazon,AMZN,0.0048,0.2137,1.0224,0,Amazon market update,1.0,0,0.0048
2025-05-30,205.01,51679400,Amazon,AMZN,-0.0034,0.4915,1.0213,1,Amazon market update,1.0,0,0.0034
2025-06-02,206.65,29113300,Amazon,AMZN,0.008,-0.4367,1.0213,0,Amazon market update,1.0,0,0.008
2025-06-03,205.71,33139100,Amazon,AMZN,-0.0045,0.1383,1.0191,1,Amazon market update,1.0,0,0.0045
2025-06-04,207.23,29915600,Amazon,AMZN,0.0074,-0.0973,1.0146,1,Amazon market update,1.0,0,0.0074
2025-06-05,207.91,51864200,Amazon,AMZN,0.0033,0.7337,1.0253,1,Amazon market update,1.0,0,0.0033
2025-06-06,213.57,39832500,Amazon,AMZN,0.0272,-0.232,1.016,1,Amazon market update,1.0,0,0.0272
2025-06-09,216.98,38102500,Amazon,AMZN,0.016,-0.0434,1.0233,1,Amazon market update,1.0,0,0.016
2025-06-10,217.61,31303300,Amazon,AMZN,0.0029,-0.1784,1.0165,0,Amazon market update,1.0,0,0.0029
2025-06-11,213.2,39326000,Amazon,AMZN,-0.0203,0.2563,1.0259,1,Amazon market update,1.0,0,0.0203
2025-06-12,213.24,27640000,Amazon,AMZN,0.0002,-0.2972,1.0106,0,Amazon market update,1.0,0,0.0002
2025-06-13,212.1,29337800,Amazon,AMZN,-0.0053,0.0614,1.0211,1,Amazon market update,1.0,0,0.0053
2025-06-16,216.1,33284200,Amazon,AMZN,0.0189,0.1345,1.0258,0,Amazon market update,1.0,0,0.0189
2025-06-17,214.82,32086300,Amazon,AMZN,-0.0059,-0.036,1.0133,0,Amazon market update,1.0,0,0.0059
2025-06-18,212.52,44360500,Amazon,AMZN,-0.0107,0.3825,1.0265,0,Amazon market update,1.0,0,0.0107
2025-06-20,209.69,75350700,Amazon,AMZN,-0.0133,0.6986,1.0318,0,Amazon market update,1.0,0,0.0133
2025-06-23,208.47,37311700,Amazon,AMZN,-0.0058,-0.5048,1.0149,1,Amazon market update,1.0,0,0.0058
2025-06-24,212.77,38378800,Amazon,AMZN,0.0206,0.0286,1.0156,0,Amazon market update,1.0,0,0.0206
2025-06-25,211.99,31755700,Amazon,AMZN,-0.0037,-0.1726,1.0233,1,Amazon market update,1.0,0,0.0037
2025-06-26,217.12,50480800,Amazon,AMZN,0.0242,0.5897,1.0284,1,Amazon market update,1.0,0,0.0242
2025-06-27,223.3,119217100,Amazon,AMZN,0.0285,1.3616,1.0303,0,Amazon market update,1.0,0,0.0285
2025-06-30,219.39,58887800,Amazon,AMZN,-0.0175,-0.506,1.0214,1,Amazon market update,1.0,0,0.0175
2025-07-01,220.46,39256800,Amazon,AMZN,0.0049,-0.3334,1.0181,0,Amazon market update,1.0,0,0.0049
2025-07-02,219.92,30894200,Amazon,AMZN,-0.0024,-0.213,1.0116,1,Amazon market update,1.0,0,0.0024
2025-07-03,223.41,29632400,Amazon,AMZN,0.0159,-0.0408,1.012,1,Amazon market update,1.0,0,0.0159
2025-07-07,223.47,36604100,Amazon,AMZN,0.0003,0.2353,1.0086,0,Amazon market update,1.0,0,0.0003
2025-07-08,219.36,45692000,Amazon,AMZN,-0.0184,0.2483,1.0255,1,Amazon market update,1.0,0,0.0184
2025-07-09,222.54,38155100,Amazon,AMZN,0.0145,-0.165,1.0173,0,Amazon market update,1.0,0,0.0145
2025-07-10,222.26,30370600,Amazon,AMZN,-0.0013,-0.204,1.0141,1,Amazon market update,1.0,0,0.0013
2025-07-11,225.02,50518300,Amazon,AMZN,0.0124,0.6634,1.0194,1,Amazon market update,1.0,0,0.0124
2025-07-14,225.69,35702600,Amazon,AMZN,0.003,-0.2933,1.0108,1,Amazon market update,1.0,0,0.003
2025-07-15,226.35,34907300,Amazon,AMZN,0.0029,-0.0223,1.008,0,Amazon market update,1.0,0,0.0029
2025-07-16,223.19,39535900,Amazon,AMZN,-0.014,0.1326,1.0176,1,Amazon market update,1.0,0,0.014
2025-07-17,223.88,31855800,Amazon,AMZN,0.0031,-0.1943,1.0089,1,Amazon market update,1.0,0,0.0031
2025-07-18,226.13,37833800,Amazon,AMZN,0.0101,0.1877,1.0153,1,Amazon market update,1.0,0,0.0101
2025-07-21,229.3,40297600,Amazon,AMZN,0.014,0.0651,1.0179,0,Amazon market update,1.0,0,0.014
2025-07-22,227.47,37483700,Amazon,AMZN,-0.008,-0.0698,1.0161,1,Amazon market update,1.0,0,0.008
2025-07-23,228.29,28294900,Amazon,AMZN,0.0036,-0.2451,1.0075,1,Amazon market update,1.0,0,0.0036
2025-07-24,232.23,42902300,Amazon,AMZN,0.0173,0.5163,1.0322,0,Amazon market update,1.0,0,0.0173
2025-07-25,231.44,28712100,Amazon,AMZN,-0.0034,-0.3308,1.0056,1,Amazon market update,1.0,0,0.0034
2025-07-28,232.79,26300100,Amazon,AMZN,0.0058,-0.084,1.0088,0,Amazon market update,1.0,0,0.0058
2025-07-29,231.01,33716200,Amazon,AMZN,-0.0076,0.282,1.0191,0,Amazon market update,1.0,0,0.0076
2025-07-30,230.19,32993300,Amazon,AMZN,-0.0035,-0.0214,1.0109,1,Amazon market update,1.0,0,0.0035
2025-07-31,234.11,104357300,Amazon,AMZN,0.017,2.163,1.0222,0,Amazon market update,1.0,0,0.017
2025-08-01,214.75,122258800,Amazon,AMZN,-0.0827,0.1715,1.0359,0,Amazon market update,1.0,0,0.0827
2025-08-04,211.65,77890100,Amazon,AMZN,-0.0144,-0.3629,1.0285,1,Amazon market update,1.0,0,0.0144
2025-08-05,213.75,51505100,Amazon,AMZN,0.0099,-0.3387,1.0161,1,Amazon market update,1.0,0,0.0099
2025-08-06,222.31,54823000,Amazon,AMZN,0.04,0.0644,1.0417,1,Amazon market update,1.0,0,0.04
2025-08-07,223.13,40603500,Amazon,AMZN,0.0037,-0.2594,1.0245,0,Amazon market update,1.0,0,0.0037
2025-08-08,222.69,32970500,Amazon,AMZN,-0.002,-0.188,1.0087,0,Amazon market update,1.0,0,0.002
2025-08-11,221.3,31646200,Amazon,AMZN,-0.0062,-0.0402,1.012,1,Amazon market update,1.0,0,0.0062
2025-08-12,221.47,37185800,Amazon,AMZN,0.0008,0.175,1.0203,1,Amazon market update,1.0,0,0.0008
2025-08-13,224.56,36508300,Amazon,AMZN,0.014,-0.0182,1.0132,1,Amazon market update,1.0,0,0.014
2025-08-14,230.98,61545800,Amazon,AMZN,0.0286,0.6858,1.0268,1,Amazon market update,1.0,0,0.0286
2025-08-15,231.03,39649200,Amazon,AMZN,0.0002,-0.3558,1.0186,1,Amazon market update,1.0,0,0.0002
2025-08-18,231.49,25248900,Amazon,AMZN,0.002,-0.3632,1.0157,0,Amazon market update,1.0,0,0.002
2025-08-19,228.01,29891000,Amazon,AMZN,-0.015,0.1839,1.015,0,Amazon market update,1.0,0,0.015
2025-08-20,223.81,36604300,Amazon,AMZN,-0.0184,0.2246,1.0287,0,Amazon market update,1.0,0,0.0184
2025-08-21,221.95,32140500,Amazon,AMZN,-0.0083,-0.1219,1.0103,1,Amazon market update,1.0,0,0.0083
2025-08-22,228.84,37315300,Amazon,AMZN,0.031,0.161,1.0377,0,Amazon market update,1.0,0,0.031
2025-08-25,227.94,22633700,Amazon,AMZN,-0.0039,-0.3934,1.0101,1,Amazon market update,1.0,0,0.0039
2025-08-26,228.71,26105400,Amazon,AMZN,0.0034,0.1534,1.0132,1,Amazon market update,1.0,0,0.0034
2025-08-27,229.12,21254500,Amazon,AMZN,0.0018,-0.1858,1.009,1,Amazon market update,1.0,0,0.0018
2025-08-28,231.6,33679600,Amazon,AMZN,0.0108,0.5846,1.0206,0,Amazon market update,1.0,0,0.0108
2025-08-29,229.0,26199200,Amazon,AMZN,-0.0112,-0.2221,1.016,0,Amazon market update,1.0,0,0.0112
2025-09-02,225.34,38843900,Amazon,AMZN,-0.016,0.4826,1.0196,1,Amazon market update,1.0,0,0.016
2025-09-03,225.99,29223100,Amazon,AMZN,0.0029,-0.2477,1.0125,1,Amazon market update,1.0,0,0.0029
2025-09-04,235.68,59391800,Amazon,AMZN,0.0429,1.0324,1.0216,0,Amazon market update,1.0,0,0.0429
2025-09-05,232.33,36721800,Amazon,AMZN,-0.0142,-0.3817,1.0175,1,Amazon market update,1.0,0,0.0142
2025-09-08,235.84,33947100,Amazon,AMZN,0.0151,-0.0756,1.0165,1,Amazon market update,1.0,0,0.0151
2025-09-09,238.24,27033800,Amazon,AMZN,0.0102,-0.2036,1.016,0,Amazon market update,1.0,0,0.0102
2025-09-10,230.33,60907700,Amazon,AMZN,-0.0332,1.253,1.0375,0,Amazon market update,1.0,0,0.0332
2025-09-11,229.95,37485600,Amazon,AMZN,-0.0016,-0.3846,1.0095,0,Amazon market update,1.0,0,0.0016
2025-09-12,228.15,38496200,Amazon,AMZN,-0.0078,0.027,1.0199,1,Amazon market update,1.0,0,0.0078
2025-09-15,231.43,33243300,Amazon,AMZN,0.0144,-0.1365,1.0148,1,Amazon market update,1.0,0,0.0144
2025-09-16,234.05,38203900,Amazon,AMZN,0.0113,0.1492,1.0158,0,Amazon market update,1.0,0,0.0113
2025-09-17,231.62,42815200,Amazon,AMZN,-0.0104,0.1207,1.0244,0,Amazon market update,1.0,0,0.0104
2025-09-18,231.23,37931700,Amazon,AMZN,-0.0017,-0.1141,1.0205,1,Amazon market update,1.0,0,0.0017
2025-09-19,231.48,97943200,Amazon,AMZN,0.0011,1.5821,1.0194,0,Amazon market update,1.0,0,0.0011
2025-09-22,227.63,45914500,Amazon,AMZN,-0.0166,-0.5312,1.0135,0,Amazon market update,1.0,0,0.0166
2025-09-23,220.71,70956200,Amazon,AMZN,-0.0304,0.5454,1.0354,0,Amazon market update,1.0,0,0.0304
2025-09-24,220.21,49509000,Amazon,AMZN,-0.0023,-0.3023,1.0233,0,Amazon market update,1.0,0,0.0023
2025-09-25,218.15,52226300,Amazon,AMZN,-0.0094,0.0549,1.0194,1,Amazon market update,1.0,0,0.0094
2025-09-26,219.78,41650100,Amazon,AMZN,0.0075,-0.2025,1.0139,1,Amazon market update,1.0,0,0.0075
2025-09-29,222.17,44259200,Amazon,AMZN,0.0109,0.0626,1.015,0,Amazon market update,1.0,0,0.0109
2025-09-30,219.57,48396400,Amazon,AMZN,-0.0117,0.0935,1.02,1,Amazon market update,1.0,0,0.0117
2025-10-01,220.63,43933800,Amazon,AMZN,0.0048,-0.0922,1.0256,1,Amazon market update,1.0,0,0.0048
2025-10-02,222.41,41258600,Amazon,AMZN,0.0081,-0.0609,1.0176,0,Amazon market update,1.0,0,0.0081
2025-10-03,219.51,43639000,Amazon,AMZN,-0.013,0.0577,1.0222,1,Amazon market update,1.0,0,0.013
2025-10-06,220.9,43690900,Amazon,AMZN,0.0063,0.0012,1.0264,1,Amazon market update,1.0,0,0.0063
2025-10-07,221.78,31194700,Amazon,AMZN,0.004,-0.286,1.0124,1,Amazon market update,1.0,0,0.004
2025-10-08,225.22,46686000,Amazon,AMZN,0.0155,0.4966,1.025,1,Amazon market update,1.0,0,0.0155
2025-10-09,227.74,46412100,Amazon,AMZN,0.0112,-0.0059,1.0291,0,Amazon market update,1.0,0,0.0112
2025-10-10,216.37,72367500,Amazon,AMZN,-0.0499,0.5592,1.0567,1,Amazon market update,1.0,0,0.0499
2025-10-13,220.07,37809700,Amazon,AMZN,0.0171,-0.4775,1.0168,0,Amazon market update,1.0,0,0.0171
2025-10-14,216.39,45665600,Amazon,AMZN,-0.0167,0.2078,1.0316,0,Amazon market update,1.0,0,0.0167
2025-10-15,215.57,45909500,Amazon,AMZN,-0.0038,0.0053,1.0237,0,Amazon market update,1.0,0,0.0038
2025-10-16,214.47,42414600,Amazon,AMZN,-0.0051,-0.0761,1.0272,0,Amazon market update,1.0,0,0.0051
2025-10-17,213.04,45986900,Amazon,AMZN,-0.0067,0.0842,1.0179,1,Amazon market update,1.0,0,0.0067
2025-10-20,216.48,38882800,Amazon,AMZN,0.0161,-0.1545,1.0145,1,Amazon market update,1.0,0,0.0161
2025-10-21,222.03,50494600,Amazon,AMZN,0.0256,0.2986,1.0245,0,Amazon market update,1.0,0,0.0256
2025-10-22,217.95,44308500,Amazon,AMZN,-0.0184,-0.1225,1.0161,1,Amazon market update,1.0,0,0.0184
2025-10-23,221.09,31540000,Amazon,AMZN,0.0144,-0.2882,1.0143,1,Amazon market update,1.0,0,0.0144
2025-10-24,224.21,38685100,Amazon,AMZN,0.0141,0.2265,1.0158,1,Amazon market update,1.0,0,0.0141
2025-10-27,226.97,38267000,Amazon,AMZN,0.0123,-0.0108,1.0127,1,Amazon market update,1.0,0,0.0123
2025-10-28,229.25,47100000,Amazon,AMZN,0.01,0.2308,1.0233,1,Amazon market update,1.0,0,0.01
2025-10-29,230.3,52036200,Amazon,AMZN,0.0046,0.1048,1.0222,0,Amazon market update,1.0,0,0.0046
2025-10-30,222.86,102252900,Amazon,AMZN,-0.0323,0.965,1.0255,1,Amazon market update,1.0,0,0.0323
2025-10-31,244.22,166340800,Amazon,AMZN,0.0958,0.6268,1.0267,1,Amazon market update,1.0,0,0.0958
2025-11-03,254.0,95997800,Amazon,AMZN,0.04,-0.4229,1.0225,0,Amazon market update,1.0,0,0.04
2025-11-04,249.32,51546300,Amazon,AMZN,-0.0184,-0.463,1.0336,1,Amazon market update,1.0,0,0.0184
2025-11-05,250.2,40610700,Amazon,AMZN,0.0035,-0.2122,1.0197,0,Amazon market update,1.0,0,0.0035
2025-11-06,243.04,46004200,Amazon,AMZN,-0.0286,0.1328,1.0339,1,Amazon market update,1.0,0,0.0286
2025-11-07,244.41,46374300,Amazon,AMZN,0.0056,0.008,1.0269,1,Amazon market update,1.0,0,0.0056
2025-11-10,248.4,36476500,Amazon,AMZN,0.0163,-0.2134,1.0251,1,Amazon market update,1.0,0,0.0163
2025-11-11,249.1,23564100,Amazon,AMZN,0.0028,-0.354,1.0102,0,Amazon market update,1.0,0,0.0028
2025-11-12,244.2,31190100,Amazon,AMZN,-0.0197,0.3236,1.0272,0,Amazon market update,1.0,0,0.0197
2025-11-13,237.58,41401700,Amazon,AMZN,-0.0271,0.3274,1.0307,0,Amazon market update,1.0,0,0.0271
2025-11-14,234.69,38956700,Amazon,AMZN,-0.0122,-0.0591,1.0251,0,Amazon market update,1.0,0,0.0122
2025-11-17,232.87,59919000,Amazon,AMZN,-0.0078,0.5381,1.0236,0,Amazon market update,1.0,0,0.0078
2025-11-18,222.55,60608400,Amazon,AMZN,-0.0443,0.0115,1.035,1,Amazon market update,1.0,0,0.0443
2025-11-19,222.69,58335600,Amazon,AMZN,0.0006,-0.0375,1.0239,0,Amazon market update,1.0,0,0.0006
2025-11-20,217.14,50309000,Amazon,AMZN,-0.0249,-0.1376,1.0492,1,Amazon market update,1.0,0,0.0249
2025-11-21,220.69,68490500,Amazon,AMZN,0.0163,0.3614,1.0327,1,Amazon market update,1.0,0,0.0163
2025-11-24,226.28,54318400,Amazon,AMZN,0.0253,-0.2069,1.0228,1,Amazon market update,1.0,0,0.0253
2025-11-25,229.67,39379300,Amazon,AMZN,0.015,-0.275,1.03,0,Amazon market update,1.0,0,0.015
2025-11-26,229.16,38497900,Amazon,AMZN,-0.0022,-0.0224,1.013,1,Amazon market update,1.0,0,0.0022
2025-11-28,233.22,20292300,Amazon,AMZN,0.0177,-0.4729,1.0133,1,Amazon market update,1.0,0,0.0177
2025-12-01,233.88,42904000,Amazon,AMZN,0.0028,1.1143,1.0153,1,Amazon market update,1.0,0,0.0028
2025-12-02,234.42,45785400,Amazon,AMZN,0.0023,0.0672,1.0232,0,Amazon market update,1.0,0,0.0023
2025-12-03,232.38,35495100,Amazon,AMZN,-0.0087,-0.2248,1.012,0,Amazon market update,1.0,0,0.0087
2025-12-04,229.11,45683200,Amazon,AMZN,-0.0141,0.287,1.0295,1,Amazon market update,1.0,0,0.0141
2025-12-05,229.53,33117400,Amazon,AMZN,0.0018,-0.2751,1.0118,0,Amazon market update,1.0,0,0.0018
2025-12-08,226.89,35019200,Amazon,AMZN,-0.0115,0.0574,1.0202,1,Amazon market update,1.0,0,0.0115
2025-12-09,227.92,25841700,Amazon,AMZN,0.0045,-0.2621,1.0154,1,Amazon market update,1.0,0,0.0045
2025-12-10,231.78,38790700,Amazon,AMZN,0.0169,0.5011,1.0173,0,Amazon market update,1.0,0,0.0169
2025-12-11,230.28,28249600,Amazon,AMZN,-0.0065,-0.2717,1.015,0,Amazon market update,1.0,0,0.0065
2025-12-12,226.19,35639100,Amazon,AMZN,-0.0178,0.2616,1.022,0,Amazon market update,1.0,0,0.0178
2025-12-15,222.54,47286100,Amazon,AMZN,-0.0161,0.3268,1.029,1,Amazon market update,1.0,0,0.0161
2025-12-16,222.56,39298900,Amazon,AMZN,0.0001,-0.1689,1.0114,0,Amazon market update,1.0,0,0.0001
2025-12-17,221.27,44034400,Amazon,AMZN,-0.0058,0.1205,1.019,1,Amazon market update,1.0,0,0.0058
2025-12-18,226.76,50272400,Amazon,AMZN,0.0248,0.1417,1.0215,1,Amazon market update,1.0,0,0.0248
2025-12-19,227.35,85544400,Amazon,AMZN,0.0026,0.7016,1.0157,1,Amazon market update,1.0,0,0.0026
2025-12-22,228.43,32261300,Amazon,AMZN,0.0048,-0.6229,1.0122,1,Amazon market update,1.0,0,0.0048
2025-12-23,232.14,29230200,Amazon,AMZN,0.0162,-0.094,1.0163,1,Amazon market update,1.0,0,0.0162
2025-12-24,232.38,11420500,Amazon,AMZN,0.001,-0.6093,1.007,1,Amazon market update,1.0,0,0.001
2025-12-26,232.52,15994700,Amazon,AMZN,0.0006,0.4005,1.0078,0,Amazon market update,1.0,0,0.0006
2025-12-29,232.07,19797900,Amazon,AMZN,-0.0019,0.2378,1.0079,1,Amazon market update,1.0,0,0.0019
2025-12-30,232.53,21910500,Amazon,AMZN,0.002,0.1067,1.0112,0,Amazon market update,1.0,0,0.002
2025-12-31,230.82,24383700,Amazon,AMZN,-0.0074,0.1129,1.0125,0,Amazon market update,1.0,0,0.0074
2026-01-02,226.5,51456200,Amazon,AMZN,-0.0187,1.1103,1.0479,1,Amazon market update,1.0,0,0.0187
2026-01-05,233.06,49733300,Amazon,AMZN,0.029,-0.0335,1.03,1,Amazon market update,1.0,0,0.029
2026-01-06,240.93,53764700,Amazon,AMZN,0.0338,0.0811,1.0479,1,Amazon market update,1.0,0,0.0338
2026-01-07,241.56,42236500,Amazon,AMZN,0.0026,-0.2144,1.0241,1,Amazon market update,1.0,0,0.0026
2026-01-08,246.29,39509800,Amazon,AMZN,0.0196,-0.0646,1.0187,1,Amazon market update,1.0,0,0.0196
2026-01-09,247.38,34560000,Amazon,AMZN,0.0044,-0.1253,1.0232,0,Amazon market update,1.0,0,0.0044
2026-01-12,246.47,35867800,Amazon,AMZN,-0.0037,0.0378,1.0121,0,Amazon market update,1.0,0,0.0037
2026-01-13,242.6,38371800,Amazon,AMZN,-0.0157,0.0698,1.0308,0,Amazon market update,1.0,0,0.0157
2026-01-14,236.65,41410600,Amazon,AMZN,-0.0245,0.0792,1.0214,1,Amazon market update,1.0,0,0.0245
2026-01-15,238.18,43003600,Amazon,AMZN,0.0065,0.0385,1.017,1,Amazon market update,1.0,0,0.0065
2026-01-16,239.12,45888300,Amazon,AMZN,0.0039,0.0671,1.0134,0,Amazon market update,1.0,0,0.0039
2026-01-20,231.0,47737900,Amazon,AMZN,-0.034,0.0403,1.0251,1,Amazon market update,1.0,0,0.034
2026-01-21,231.31,47276100,Amazon,AMZN,0.0013,-0.0097,1.0239,1,Amazon market update,1.0,0,0.0013
2026-01-22,234.34,31913300,Amazon,AMZN,0.0131,-0.325,1.0209,1,Amazon market update,1.0,0,0.0131
2026-01-23,239.16,33778500,Amazon,AMZN,0.0206,0.0584,1.0251,0,Amazon market update,1.0,0,0.0206
2026-01-26,238.42,32825500,Amazon,AMZN,-0.0031,-0.0282,1.0144,1,Amazon market update,1.0,0,0.0031
2026-01-27,244.68,38029200,Amazon,AMZN,0.0263,0.1585,1.0286,0,Amazon market update,1.0,0,0.0263
2026-01-28,243.01,40882700,Amazon,AMZN,-0.0068,0.075,1.0259,0,Amazon market update,1.0,0,0.0068
2026-01-29,241.73,47229600,Amazon,AMZN,-0.0053,0.1552,1.0264,0,Amazon market update,1.0,0,0.0053
2026-01-30,239.3,46585000,Amazon,AMZN,-0.0101,-0.0136,1.0239,1,Amazon market update,1.0,0,0.0101
2026-02-02,242.96,37546100,Amazon,AMZN,0.0153,-0.194,1.0313,0,Amazon market update,1.0,0,0.0153
2026-02-03,238.62,53831300,Amazon,AMZN,-0.0179,0.4337,1.0463,0,Amazon market update,1.0,0,0.0179
2026-02-04,232.99,51299900,Amazon,AMZN,-0.0236,-0.047,1.0304,0,Amazon market update,1.0,0,0.0236
2026-02-05,222.69,103509200,Amazon,AMZN,-0.0442,1.0177,1.0269,0,Amazon market update,1.0,0,0.0442
2026-02-06,210.32,179210900,Amazon,AMZN,-0.0555,0.7314,1.0556,0,Amazon market update,1.0,0,0.0555
2026-02-09,208.72,91178400,Amazon,AMZN,-0.0076,-0.4912,1.0465,0,Amazon market update,1.0,0,0.0076
2026-02-10,206.96,67175000,Amazon,AMZN,-0.0084,-0.2633,1.0302,0,Amazon market update,1.0,0,0.0084
2026-02-11,204.08,65545500,Amazon,AMZN,-0.0139,-0.0243,1.03,0,Amazon market update,1.0,0,0.0139
2026-02-12,199.6,83975400,Amazon,AMZN,-0.022,0.2812,1.0324,0,Amazon market update,1.0,0,0.022
2026-02-13,198.79,66321600,Amazon,AMZN,-0.0041,-0.2102,1.0197,1,Amazon market update,1.0,0,0.0041
2026-02-17,201.15,69879200,Amazon,AMZN,0.0119,0.0536,1.0293,1,Amazon market update,1.0,0,0.0119
2026-02-18,204.79,51003300,Amazon,AMZN,0.0181,-0.2701,1.0265,1,Amazon market update,1.0,0,0.0181
2026-02-19,204.86,35669600,Amazon,AMZN,0.0003,-0.3006,1.014,1,Amazon market update,1.0,0,0.0003
2026-02-20,210.11,65881600,Amazon,AMZN,0.0256,0.847,1.0364,0,Amazon market update,1.0,0,0.0256
2026-02-23,205.27,53581500,Amazon,AMZN,-0.023,-0.1867,1.0262,1,Amazon market update,1.0,0,0.023
2026-02-24,208.56,41137200,Amazon,AMZN,0.016,-0.2322,1.035,1,Amazon market update,1.0,0,0.016
2026-02-25,210.64,41346400,Amazon,AMZN,0.01,0.0051,1.0127,0,Amazon market update,1.0,0,0.01
2026-02-26,207.92,47756800,Amazon,AMZN,-0.0129,0.155,1.0278,1,Amazon market update,1.0,0,0.0129
2026-02-27,210.0,57422800,Amazon,AMZN,0.01,0.2024,1.025,0,Amazon market update,1.0,0,0.01
2026-03-02,208.39,46001000,Amazon,AMZN,-0.0077,-0.1989,1.0308,1,Amazon market update,1.0,0,0.0077
2026-03-03,208.73,43184900,Amazon,AMZN,0.0016,-0.0612,1.0331,1,Amazon market update,1.0,0,0.0016
2026-03-04,216.82,54731100,Amazon,AMZN,0.0388,0.2674,1.0352,1,Amazon market update,1.0,0,0.0388
2026-03-05,218.94,60943400,Amazon,AMZN,0.0098,0.1135,1.0226,0,Amazon market update,1.0,0,0.0098
2026-03-06,213.21,51152700,Amazon,AMZN,-0.0262,-0.1607,1.0225,1,Amazon market update,1.0,0,0.0262
2026-03-09,213.49,54642900,Amazon,AMZN,0.0013,0.0682,1.0324,1,Amazon market update,1.0,0,0.0013
2026-03-10,214.33,35678800,Amazon,AMZN,0.0039,-0.3471,1.0152,0,Amazon market update,1.0,0,0.0039
2026-03-11,212.65,34199300,Amazon,AMZN,-0.0078,-0.0415,1.0267,0,Amazon market update,1.0,0,0.0078
2026-03-12,209.53,44349500,Amazon,AMZN,-0.0147,0.2968,1.0171,0,Amazon market update,1.0,0,0.0147
2026-03-13,207.67,35662100,Amazon,AMZN,-0.0089,-0.1959,1.021,1,Amazon market update,1.0,0,0.0089
2026-03-16,211.74,42209300,Amazon,AMZN,0.0196,0.1836,1.0254,1,Amazon market update,1.0,0,0.0196
2026-03-17,215.2,44969900,Amazon,AMZN,0.0163,0.0654,1.0154,0,Amazon market update,1.0,0,0.0163
2026-03-18,209.87,37846600,Amazon,AMZN,-0.0248,-0.1584,1.0302,0,Amazon market update,1.0,0,0.0248
2026-03-19,208.76,36440600,Amazon,AMZN,-0.0053,-0.0371,1.0149,0,Amazon market update,1.0,0,0.0053
2026-03-20,205.37,63694600,Amazon,AMZN,-0.0162,0.7479,1.0158,1,Amazon market update,1.0,0,0.0162
2026-03-23,210.14,44277400,Amazon,AMZN,0.0232,-0.3048,1.0157,0,Amazon market update,1.0,0,0.0232
2026-03-24,207.24,35351400,Amazon,AMZN,-0.0138,-0.2016,1.0131,1,Amazon market update,1.0,0,0.0138
2026-03-25,211.71,36388800,Amazon,AMZN,0.0216,0.0293,1.0151,0,Amazon market update,1.0,0,0.0216
2026-03-26,207.54,46746000,Amazon,AMZN,-0.0197,0.2846,1.0279,0,Amazon market update,1.0,0,0.0197
2026-03-27,199.34,56009800,Amazon,AMZN,-0.0395,0.1982,1.0375,1,Amazon market update,1.0,0,0.0395
2026-03-30,200.95,46373800,Amazon,AMZN,0.0081,-0.172,1.0191,1,Amazon market update,1.0,0,0.0081
2026-03-31,208.27,58470100,Amazon,AMZN,0.0364,0.2608,1.0301,1,Amazon market update,1.0,0,0.0364
2026-04-01,210.57,45955400,Amazon,AMZN,0.011,-0.214,1.0259,0,Amazon market update,1.0,0,0.011
2026-04-02,209.77,31453000,Amazon,AMZN,-0.0038,-0.3156,1.0357,1,Amazon market update,1.0,0,0.0038
2026-04-06,212.79,25385500,Amazon,AMZN,0.0144,-0.1929,1.016,1,Amazon market update,1.0,0,0.0144
2026-04-07,213.77,28154600,Amazon,AMZN,0.0046,0.1091,1.0234,1,Amazon market update,1.0,0,0.0046
2026-04-08,221.25,51092700,Amazon,AMZN,0.035,0.8147,1.0295,1,Amazon market update,1.0,0,0.035
2026-04-09,233.65,65964200,Amazon,AMZN,0.056,0.2911,1.0472,1,Amazon market update,1.0,0,0.056
2026-04-10,238.38,56912800,Amazon,AMZN,0.0202,-0.1372,1.0222,1,Amazon market update,1.0,0,0.0202
2026-04-13,239.89,42166200,Amazon,AMZN,0.0063,-0.2591,1.018,1,Amazon market update,1.0,0,0.0063
2026-04-14,249.02,72685000,Amazon,AMZN,0.0381,0.7238,1.043,0,Amazon market update,1.0,0,0.0381
2026-04-15,248.5,43045200,Amazon,AMZN,-0.0021,-0.4078,1.0131,1,Amazon market update,1.0,0,0.0021
2026-04-16,249.7,41895700,Amazon,AMZN,0.0048,-0.0267,1.0238,1,Amazon market update,1.0,0,0.0048
2026-04-17,250.56,52029300,Amazon,AMZN,0.0034,0.2419,1.0243,0,Amazon market update,1.0,0,0.0034
2026-04-20,248.28,39463100,Amazon,AMZN,-0.0091,-0.2415,1.0196,1,Amazon market update,1.0,0,0.0091
2026-04-21,249.91,42922400,Amazon,AMZN,0.0066,0.0877,1.024,1,Amazon market update,1.0,0,0.0066
2026-04-22,255.36,36065100,Amazon,AMZN,0.0218,-0.1598,1.0224,0,Amazon market update,1.0,0,0.0218
2026-04-23,255.08,39091400,Amazon,AMZN,-0.0011,0.0839,1.0226,1,Amazon market update,1.0,0,0.0011
2026-04-24,263.99,53777400,Amazon,AMZN,0.0349,0.3757,1.0264,0,Amazon market update,1.0,0,0.0349
2026-04-27,261.12,44906800,Amazon,AMZN,-0.0109,-0.165,1.0146,0,Amazon market update,1.0,0,0.0109
2026-04-28,259.7,42204400,Amazon,AMZN,-0.0054,-0.0602,1.0171,1,Amazon market update,1.0,0,0.0054
2026-04-29,263.04,72367900,Amazon,AMZN,0.0129,0.7147,1.0319,1,Amazon market update,1.0,0,0.0129
2026-04-30,265.06,100974900,Amazon,AMZN,0.0077,0.3953,1.0692,1,Amazon market update,1.0,0,0.0077
2026-05-01,268.26,50825200,Amazon,AMZN,0.0121,-0.4967,1.0403,1,Amazon market update,1.0,0,0.0121
2026-05-04,272.05,49083700,Amazon,AMZN,0.0141,-0.0343,1.0272,1,Amazon market update,1.0,0,0.0141
2026-05-05,273.55,41908500,Amazon,AMZN,0.0055,-0.1462,1.0227,1,Amazon market update,1.0,0,0.0055
2026-05-06,274.99,44552000,Amazon,AMZN,0.0053,0.0631,1.0205,0,Amazon market update,1.0,0,0.0053
2026-05-07,271.17,35892900,Amazon,AMZN,-0.0139,-0.1944,1.0227,1,Amazon market update,1.0,0,0.0139
2026-05-08,272.68,34732700,Amazon,AMZN,0.0056,-0.0323,1.015,0,Amazon market update,1.0,0,0.0056
2026-05-11,268.99,38176700,Amazon,AMZN,-0.0135,0.0992,1.0192,0,Amazon market update,1.0,0,0.0135
2026-05-12,265.82,36776200,Amazon,AMZN,-0.0118,-0.0367,1.0191,1,Amazon market update,1.0,0,0.0118
2026-05-13,270.13,39670900,Amazon,AMZN,0.0162,0.0787,1.0286,0,Amazon market update,1.0,0,0.0162
2026-05-14,267.22,31338400,Amazon,AMZN,-0.0108,-0.21,1.0156,0,Amazon market update,1.0,0,0.0108
2026-05-15,264.14,40770300,Amazon,AMZN,-0.0115,0.301,1.0133,1,Amazon market update,1.0,0,0.0115
2026-05-18,264.86,33690800,Amazon,AMZN,0.0027,-0.1736,1.0241,0,Amazon market update,1.0,0,0.0027
2026-05-19,259.34,40340700,Amazon,AMZN,-0.0208,0.1974,1.0277,1,Amazon market update,1.0,0,0.0208
2026-05-20,265.01,34933200,Amazon,AMZN,0.0219,-0.134,1.0233,1,Amazon market update,1.0,0,0.0219
2026-05-21,268.46,36591700,Amazon,AMZN,0.013,0.0475,1.0311,0,Amazon market update,1.0,0,0.013
2026-05-22,266.32,27535500,Amazon,AMZN,-0.008,-0.2475,1.0133,0,Amazon market update,1.0,0,0.008
2026-05-26,265.29,38028100,Amazon,AMZN,-0.0039,0.3811,1.0276,1,Amazon market update,1.0,0,0.0039
2026-05-27,271.85,40061900,Amazon,AMZN,0.0247,0.0535,1.0253,1,Amazon market update,1.0,0,0.0247
2026-05-28,274.0,40630400,Amazon,AMZN,0.0079,0.0142,1.0264,0,Amazon market update,1.0,0,0.0079
2026-05-29,270.64,54749600,Amazon,AMZN,-0.0123,0.3475,1.019,0,Amazon market update,1.0,0,0.0123
2026-06-01,261.26,53604400,Amazon,AMZN,-0.0347,-0.0209,1.0227,0,Amazon market update,1.0,0,0.0347
2026-06-02,256.52,41811000,Amazon,AMZN,-0.0181,-0.22,1.0269,0,Amazon market update,1.0,0,0.0181
2026-06-03,250.02,51394200,Amazon,AMZN,-0.0253,0.2292,1.0379,1,Amazon market update,1.0,0,0.0253
2026-06-04,253.79,35609800,Amazon,AMZN,0.0151,-0.3071,1.0162,0,Amazon market update,1.0,0,0.0151
2026-06-05,246.03,55607800,Amazon,AMZN,-0.0306,0.5616,1.0431,0,Amazon market update,1.0,0,0.0306
2026-06-08,245.22,33899500,Amazon,AMZN,-0.0033,-0.3904,1.0249,0,Amazon market update,1.0,0,0.0033
2026-06-09,244.19,44425400,Amazon,AMZN,-0.0042,0.3105,1.0417,0,Amazon market update,1.0,0,0.0042
2026-06-10,238.0,38590200,Amazon,AMZN,-0.0253,-0.1313,1.0279,1,Amazon market update,1.0,0,0.0253
2026-06-11,241.51,41335400,Amazon,AMZN,0.0147,0.0711,1.0296,0,Amazon market update,1.0,0,0.0147
2026-06-12,238.55,51186600,Amazon,AMZN,-0.0123,0.2383,1.0418,1,Amazon market update,1.0,0,0.0123
2026-06-15,246.02,41711600,Amazon,AMZN,0.0313,-0.1851,1.0126,0,Amazon market update,1.0,0,0.0313
2026-06-16,246.0,35187400,Amazon,AMZN,-0.0001,-0.1564,1.0165,0,Amazon market update,1.0,0,0.0001
2026-06-17,237.5,44780800,Amazon,AMZN,-0.0346,0.2726,1.042,1,Amazon market update,1.0,0,0.0346
2026-06-18,244.39,75624400,Amazon,AMZN,0.029,0.6888,1.0411,0,Amazon market update,1.0,0,0.029
2026-06-22,232.79,68388500,Amazon,AMZN,-0.0475,-0.0957,1.042,1,Amazon market update,1.0,0,0.0475
2026-06-23,234.11,60492600,Amazon,AMZN,0.0057,-0.1155,1.021,1,Amazon market update,1.0,0,0.0057
2026-06-24,234.27,70282600,Amazon,AMZN,0.0007,0.1618,1.0407,0,Amazon market update,1.0,0,0.0007
2026-06-25,227.01,77674100,Amazon,AMZN,-0.031,0.1052,1.03,1,Amazon market update,1.0,0,0.031
2026-06-26,232.69,248372100,Amazon,AMZN,0.025,2.1976,1.0344,1,Amazon market update,1.0,0,0.025
2026-06-29,240.14,77619200,Amazon,AMZN,0.032,-0.6875,1.068,0,Amazon market update,1.0,0,0.032
2026-06-30,238.34,66228300,Amazon,AMZN,-0.0075,-0.1468,1.0184,1,Amazon market update,1.0,0,0.0075
2026-07-01,241.7,53829900,Amazon,AMZN,0.0141,-0.1872,1.0426,1,Amazon market update,1.0,0,0.0141
2026-07-02,242.67,48246400,Amazon,AMZN,0.004,-0.1037,1.0234,1,Amazon market update,1.0,0,0.004
2026-07-06,244.16,40044000,Amazon,AMZN,0.0061,-0.17,1.0214,1,Amazon market update,1.0,0,0.0061
2026-07-07,245.98,40579600,Amazon,AMZN,0.0075,0.0134,1.0257,0,Amazon market update,1.0,0,0.0075
2026-07-08,243.62,29653000,Amazon,AMZN,-0.0096,-0.2693,1.0178,1,Amazon market update,1.0,0,0.0096
2026-07-09,247.04,38091700,Amazon,AMZN,0.014,0.2846,1.0388,0,Amazon market update,1.0,0,0.014
2026-07-10,245.34,31624900,Amazon,AMZN,-0.0069,-0.1698,1.0271,0,Amazon market update,1.0,0,0.0069
2023-01-04,16.24,10440400,Infosys,INFY,-0.0071,-0.0544,1.0174,0,Infosys stock market financial update,1.0,0,0.9338
2023-01-05,15.87,6420300,Infosys,INFY,-0.0232,-0.3851,1.0107,1,Infosys stock market financial update,1.0,0,0.0228
2023-01-06,15.98,8915600,Infosys,INFY,0.0074,0.3887,1.0212,1,Infosys stock market financial update,1.0,0,0.0069
2023-01-09,16.15,10778100,Infosys,INFY,0.0107,0.2089,1.0139,0,Infosys market update,1.0,0,0.0106
2023-01-10,16.0,9517600,Infosys,INFY,-0.0094,-0.117,1.0141,1,Infosys market update,1.0,0,0.0093
2023-01-11,16.26,9032200,Infosys,INFY,0.0163,-0.051,1.0231,1,Infosys market update,1.0,0,0.0163
2023-01-12,16.51,10853600,Infosys,INFY,0.0155,0.2017,1.0305,1,Infosys market update,1.0,0,0.0154
2023-01-13,16.62,10388700,Infosys,INFY,0.0065,-0.0428,1.0186,1,Infosys market update,1.0,0,0.0067
2023-01-17,16.76,7344100,Infosys,INFY,0.0081,-0.2931,1.014,1,Infosys market update,1.0,0,0.0084
2023-01-18,16.83,6338300,Infosys,INFY,0.0043,-0.137,1.0128,1,Infosys market update,1.0,0,0.0042
2023-01-19,16.88,4594600,Infosys,INFY,0.0032,-0.2751,1.0091,0,Infosys market update,1.0,0,0.003
2023-01-20,16.85,6126200,Infosys,INFY,-0.0016,0.3333,1.0129,1,Infosys market update,1.0,0,0.0018
2023-01-23,17.1,4319100,Infosys,INFY,0.0144,-0.295,1.0154,0,Infosys market update,1.0,0,0.0148
2023-01-24,16.96,7045800,Infosys,INFY,-0.0079,0.6313,1.0085,0,Infosys market update,1.0,0,0.0082
2023-01-25,16.71,8245400,Infosys,INFY,-0.0148,0.1703,1.0108,1,Infosys market update,1.0,0,0.0147
2023-01-26,17.0,6245500,Infosys,INFY,0.0172,-0.2425,1.0199,0,Infosys market update,1.0,0,0.0174
2023-01-27,16.75,5411100,Infosys,INFY,-0.0148,-0.1336,1.0141,1,Infosys market update,1.0,0,0.0147
2023-01-30,16.77,8848300,Infosys,INFY,0.0016,0.6352,1.0123,1,Infosys market update,1.0,0,0.0012
2023-01-31,16.87,7983100,Infosys,INFY,0.0059,-0.0978,1.014,1,Infosys market update,1.0,0,0.006
2023-02-01,17.07,7845700,Infosys,INFY,0.0117,-0.0172,1.0197,1,Infosys market update,1.0,0,0.0119
2023-02-02,17.51,10416900,Infosys,INFY,0.0258,0.3277,1.0135,0,Infosys market update,1.0,0,0.0258
2023-02-03,17.3,5482200,Infosys,INFY,-0.0118,-0.4737,1.0151,0,Infosys market update,1.0,0,0.012
2023-02-06,16.89,7774000,Infosys,INFY,-0.0239,0.418,1.0128,1,Infosys market update,1.0,0,0.0237
2023-02-07,17.08,6590600,Infosys,INFY,0.0112,-0.1522,1.0209,1,Infosys market update,1.0,0,0.0112
2023-02-08,17.2,5737300,Infosys,INFY,0.0068,-0.1295,1.011,1,Infosys market update,1.0,0,0.007
2023-02-09,17.36,4725100,Infosys,INFY,0.0094,-0.1764,1.015,0,Infosys market update,1.0,0,0.0093
2023-02-10,17.2,11739400,Infosys,INFY,-0.0093,1.4845,1.0184,0,Infosys market update,1.0,0,0.0092
2023-02-13,17.07,5610000,Infosys,INFY,-0.0073,-0.5221,1.0101,1,Infosys market update,1.0,0,0.0076
2023-02-14,17.16,6225500,Infosys,INFY,0.0053,0.1097,1.0153,1,Infosys market update,1.0,0,0.0053
2023-02-15,17.26,8592700,Infosys,INFY,0.0058,0.3802,1.01,0,Infosys market update,1.0,0,0.0058
2023-02-16,17.16,6542000,Infosys,INFY,-0.0057,-0.2387,1.0115,0,Infosys market update,1.0,0,0.0058
2023-02-17,17.12,5695200,Infosys,INFY,-0.0021,-0.1294,1.009,0,Infosys market update,1.0,0,0.0023
2023-02-21,16.86,11326500,Infosys,INFY,-0.0152,0.9888,1.0122,0,Infosys market update,1.0,0,0.0152
2023-02-22,16.71,7887000,Infosys,INFY,-0.009,-0.3037,1.0091,1,Infosys market update,1.0,0,0.0089
2023-02-23,16.78,7433600,Infosys,INFY,0.0043,-0.0575,1.0129,0,Infosys market update,1.0,0,0.0042
2023-02-24,16.45,11821700,Infosys,INFY,-0.0198,0.5903,1.0131,0,Infosys market update,1.0,0,0.0197
2023-02-27,16.3,6270100,Infosys,INFY,-0.0093,-0.4696,1.0094,0,Infosys market update,1.0,0,0.0091
2023-02-28,16.1,7969800,Infosys,INFY,-0.0121,0.2711,1.0067,1,Infosys market update,1.0,0,0.0123
2023-03-01,16.17,4293700,Infosys,INFY,0.0045,-0.4613,1.0123,1,Infosys market update,1.0,0,0.0043
2023-03-02,16.24,6263000,Infosys,INFY,0.0039,0.4586,1.0169,1,Infosys market update,1.0,0,0.0043
2023-03-03,16.32,6765200,Infosys,INFY,0.005,0.0802,1.0145,1,Infosys market update,1.0,0,0.0049
2023-03-06,16.39,7383700,Infosys,INFY,0.0044,0.0914,1.0066,0,Infosys market update,1.0,0,0.0043
2023-03-07,16.35,5435600,Infosys,INFY,-0.0022,-0.2638,1.011,0,Infosys market update,1.0,0,0.0024
2023-03-08,16.3,4737800,Infosys,INFY,-0.0033,-0.1284,1.0089,0,Infosys market update,1.0,0,0.0031
2023-03-09,15.9,6733900,Infosys,INFY,-0.0242,0.4213,1.0209,0,Infosys market update,1.0,0,0.0245
2023-03-10,15.87,6763900,Infosys,INFY,-0.0023,0.0045,1.0182,0,Infosys market update,1.0,0,0.0019
2023-03-13,15.5,13321500,Infosys,INFY,-0.0232,0.9695,1.0318,1,Infosys market update,1.0,0,0.0233
2023-03-14,15.55,7397600,Infosys,INFY,0.0035,-0.4447,1.0157,0,Infosys market update,1.0,0,0.0032
2023-03-15,15.19,14925800,Infosys,INFY,-0.0231,1.0177,1.0161,1,Infosys market update,1.0,0,0.0232
2023-03-16,15.43,7402800,Infosys,INFY,0.0154,-0.504,1.0256,0,Infosys market update,1.0,0,0.0158
2023-03-17,15.16,15611100,Infosys,INFY,-0.0175,1.1088,1.0154,1,Infosys market update,1.0,0,0.0175
2023-03-20,15.19,9583200,Infosys,INFY,0.0024,-0.3861,1.0119,0,Infosys market update,1.0,0,0.002
2023-03-21,15.16,13141400,Infosys,INFY,-0.0024,0.3713,1.0138,0,Infosys market update,1.0,0,0.002
2023-03-22,14.9,8451200,Infosys,INFY,-0.0172,-0.3569,1.0193,1,Infosys market update,1.0,0,0.0172
2023-03-23,15.2,14192500,Infosys,INFY,0.0205,0.6793,1.024,0,Infosys market update,1.0,0,0.0201
2023-03-24,15.08,6230000,Infosys,INFY,-0.0083,-0.561,1.0096,1,Infosys market update,1.0,0,0.0079
2023-03-27,15.27,11983600,Infosys,INFY,0.0131,0.9235,1.0125,0,Infosys market update,1.0,0,0.0126
2023-03-28,15.05,9638200,Infosys,INFY,-0.0147,-0.1957,1.0138,1,Infosys market update,1.0,0,0.0144
2023-03-29,15.22,7848700,Infosys,INFY,0.0113,-0.1857,1.0101,1,Infosys market update,1.0,0,0.0113
2023-03-30,15.38,6290700,Infosys,INFY,0.0106,-0.1985,1.0071,1,Infosys market update,1.0,0,0.0105
2023-03-31,15.65,8384400,Infosys,INFY,0.0175,0.3328,1.0122,0,Infosys market update,1.0,0,0.0176
2023-04-03,15.63,8446400,Infosys,INFY,-0.0011,0.0074,1.0134,0,Infosys market update,1.0,0,0.0013
2023-04-04,15.59,7522300,Infosys,INFY,-0.0029,-0.1094,1.0069,0,Infosys market update,1.0,0,0.0026
2023-04-05,15.55,5559700,Infosys,INFY,-0.0023,-0.2609,1.0116,0,Infosys market update,1.0,0,0.0026
2023-04-06,15.48,6830800,Infosys,INFY,-0.0046,0.2286,1.0128,1,Infosys market update,1.0,0,0.0045
2023-04-10,15.61,9204200,Infosys,INFY,0.0081,0.3475,1.0116,1,Infosys market update,1.0,0,0.0084
2023-04-11,15.66,11708400,Infosys,INFY,0.0035,0.2721,1.0157,0,Infosys market update,1.0,0,0.0032
2023-04-12,15.32,16959200,Infosys,INFY,-0.0218,0.4485,1.0464,0,Infosys market update,1.0,0,0.0217
2023-04-13,13.82,40415000,Infosys,INFY,-0.0978,1.3831,1.0417,0,Infosys market update,1.0,0,0.0979
2023-04-14,13.62,26028600,Infosys,INFY,-0.0143,-0.356,1.0325,1,Infosys market update,1.0,0,0.0145
2023-04-17,13.63,17173000,Infosys,INFY,0.0007,-0.3402,1.0159,0,Infosys market update,1.0,0,0.0007
2023-04-18,13.43,20768400,Infosys,INFY,-0.0151,0.2094,1.0167,0,Infosys market update,1.0,0,0.0147
2023-04-19,13.3,19107300,Infosys,INFY,-0.0094,-0.08,1.0108,1,Infosys market update,1.0,0,0.0097
2023-04-20,13.33,16901400,Infosys,INFY,0.002,-0.1154,1.0135,1,Infosys market update,1.0,0,0.0023
2023-04-21,13.35,6908400,Infosys,INFY,0.0013,-0.5913,1.0081,0,Infosys market update,1.0,0,0.0015
2023-04-24,13.3,11751900,Infosys,INFY,-0.0034,0.7011,1.0102,0,Infosys market update,1.0,0,0.0037
2023-04-25,13.27,14700200,Infosys,INFY,-0.002,0.2509,1.0068,1,Infosys market update,1.0,0,0.0023
2023-04-26,13.33,11181600,Infosys,INFY,0.0041,-0.2394,1.0115,1,Infosys market update,1.0,0,0.0045
2023-04-27,13.74,11606400,Infosys,INFY,0.031,0.038,1.0172,1,Infosys market update,1.0,0,0.0308
2023-04-28,13.95,11666900,Infosys,INFY,0.015,0.0052,1.019,0,Infosys market update,1.0,0,0.0153
2023-05-01,13.9,7691400,Infosys,INFY,-0.0032,-0.3408,1.0065,1,Infosys market update,1.0,0,0.0036
2023-05-02,13.95,10433300,Infosys,INFY,0.0032,0.3565,1.0137,0,Infosys market update,1.0,0,0.0036
2023-05-03,13.8,9372300,Infosys,INFY,-0.0103,-0.1017,1.015,0,Infosys market update,1.0,0,0.0108
2023-05-04,13.73,12316300,Infosys,INFY,-0.0052,0.3141,1.0105,0,Infosys market update,1.0,0,0.0051
2023-05-05,13.69,11268800,Infosys,INFY,-0.0033,-0.085,1.0073,1,Infosys market update,1.0,0,0.0029
2023-05-08,13.7,12112600,Infosys,INFY,0.0007,0.0749,1.0079,1,Infosys market update,1.0,0,0.0007
2023-05-09,13.7,12613800,Infosys,INFY,0.0007,0.0414,1.0053,1,Infosys market update,1.0,0,0.0
2023-05-10,13.73,15541600,Infosys,INFY,0.002,0.2321,1.0105,0,Infosys market update,1.0,0,0.0022
2023-05-11,13.49,15960000,Infosys,INFY,-0.0176,0.0269,1.0127,1,Infosys market update,1.0,0,0.0175
2023-05-12,13.53,10854900,Infosys,INFY,0.0033,-0.3199,1.0087,1,Infosys market update,1.0,0,0.003
2023-05-15,13.77,8921200,Infosys,INFY,0.0172,-0.1781,1.0199,0,Infosys market update,1.0,0,0.0177
2023-05-16,13.56,13214600,Infosys,INFY,-0.015,0.4813,1.0119,1,Infosys market update,1.0,0,0.0153
2023-05-17,13.63,7723900,Infosys,INFY,0.0053,-0.4155,1.0147,0,Infosys market update,1.0,0,0.0052
2023-05-18,13.6,9384700,Infosys,INFY,-0.0026,0.215,1.0066,1,Infosys market update,1.0,0,0.0022
2023-05-19,13.69,7375200,Infosys,INFY,0.0066,-0.2141,1.0105,1,Infosys market update,1.0,0,0.0066
2023-05-22,14.05,10336400,Infosys,INFY,0.0262,0.4015,1.0168,0,Infosys market update,1.0,0,0.0263
2023-05-23,13.94,7113800,Infosys,INFY,-0.0077,-0.3118,1.0084,1,Infosys market update,1.0,0,0.0078
2023-05-24,13.96,6913200,Infosys,INFY,0.0019,-0.0282,1.0097,1,Infosys market update,1.0,0,0.0014
2023-05-25,14.05,9303400,Infosys,INFY,0.0064,0.3457,1.0155,1,Infosys market update,1.0,0,0.0064
2023-05-26,14.24,6331800,Infosys,INFY,0.0134,-0.3194,1.0095,1,Infosys market update,1.0,0,0.0135
2023-05-30,14.27,6573500,Infosys,INFY,0.0019,0.0382,1.0076,1,Infosys market update,1.0,0,0.0021
2023-05-31,14.32,9041000,Infosys,INFY,0.0038,0.3754,1.0133,1,Infosys market update,1.0,0,0.0035
2023-06-01,14.4,7995900,Infosys,INFY,0.0053,-0.1156,1.0147,0,Infosys market update,1.0,0,0.0056
2023-06-02,14.37,7581500,Infosys,INFY,-0.0019,-0.0518,1.0108,0,Infosys market update,1.0,0,0.0021
2023-06-05,14.01,14055500,Infosys,INFY,-0.0253,0.8539,1.0241,1,Infosys market update,1.0,0,0.0251
2023-06-06,14.23,12480900,Infosys,INFY,0.0156,-0.112,1.0269,0,Infosys market update,1.0,0,0.0157
2023-06-07,14.23,7357300,Infosys,INFY,0.0,-0.4105,1.0109,0,Infosys market update,1.0,0,0.0
2023-06-08,14.04,10270800,Infosys,INFY,-0.0128,0.396,1.0169,1,Infosys market update,1.0,0,0.0134
2023-06-09,14.05,8376100,Infosys,INFY,0.0006,-0.1845,1.0144,1,Infosys market update,1.0,0,0.0007
2023-06-12,14.38,9468800,Infosys,INFY,0.0233,0.1305,1.0141,1,Infosys market update,1.0,0,0.0235
2023-06-13,14.42,5843500,Infosys,INFY,0.0025,-0.3829,1.0153,0,Infosys market update,1.0,0,0.0028
2023-06-14,14.15,15595900,Infosys,INFY,-0.0183,1.6689,1.0258,1,Infosys market update,1.0,0,0.0187
2023-06-15,14.21,9532800,Infosys,INFY,0.0039,-0.3888,1.0162,1,Infosys market update,1.0,0,0.0042
2023-06-16,14.4,18245800,Infosys,INFY,0.0134,0.914,1.0141,0,Infosys market update,1.0,0,0.0134
2023-06-20,14.23,7622000,Infosys,INFY,-0.012,-0.5823,1.0173,0,Infosys market update,1.0,0,0.0118
2023-06-21,14.0,15032000,Infosys,INFY,-0.016,0.9722,1.0212,1,Infosys market update,1.0,0,0.0162
2023-06-22,14.07,11712900,Infosys,INFY,0.0052,-0.2208,1.0217,0,Infosys market update,1.0,0,0.005
2023-06-23,13.83,8482700,Infosys,INFY,-0.0175,-0.2758,1.0079,1,Infosys market update,1.0,0,0.0171
2023-06-26,14.1,8509100,Infosys,INFY,0.0197,0.0031,1.0157,1,Infosys market update,1.0,0,0.0195
2023-06-27,14.21,7913600,Infosys,INFY,0.0077,-0.07,1.0116,1,Infosys market update,1.0,0,0.0078
2023-06-28,14.33,7520300,Infosys,INFY,0.0083,-0.0497,1.0141,1,Infosys market update,1.0,0,0.0084
2023-06-29,14.46,7992900,Infosys,INFY,0.0095,0.0628,1.0147,1,Infosys market update,1.0,0,0.0091
2023-06-30,14.62,12763900,Infosys,INFY,0.0107,0.5969,1.015,1,Infosys market update,1.0,0,0.0111
2023-07-03,14.68,7111800,Infosys,INFY,0.0044,-0.4428,1.0156,1,Infosys market update,1.0,0,0.0041
2023-07-05,14.79,13415500,Infosys,INFY,0.0074,0.8864,1.0149,0,Infosys market update,1.0,0,0.0075
2023-07-06,14.62,6464100,Infosys,INFY,-0.0117,-0.5182,1.0113,0,Infosys market update,1.0,0,0.0115
2023-07-07,14.6,5208600,Infosys,INFY,-0.0012,-0.1942,1.0113,0,Infosys market update,1.0,0,0.0014
2023-07-10,14.56,6775000,Infosys,INFY,-0.0025,0.3007,1.0056,1,Infosys market update,1.0,0,0.0027
2023-07-11,14.77,7631500,Infosys,INFY,0.0144,0.1264,1.008,0,Infosys market update,1.0,0,0.0144
2023-07-12,14.62,7102600,Infosys,INFY,-0.0105,-0.0693,1.0162,1,Infosys market update,1.0,0,0.0102
2023-07-13,15.27,13295300,Infosys,INFY,0.0448,0.8719,1.0163,1,Infosys market update,1.0,0,0.0445
2023-07-14,15.5,11539700,Infosys,INFY,0.0149,-0.132,1.0124,1,Infosys market update,1.0,0,0.0151
2023-07-17,15.73,12658400,Infosys,INFY,0.0147,0.0969,1.0164,1,Infosys market update,1.0,0,0.0148
2023-07-18,16.26,25345300,Infosys,INFY,0.0341,1.0023,1.0214,0,Infosys market update,1.0,0,0.0337
2023-07-19,16.11,21117700,Infosys,INFY,-0.0095,-0.1668,1.0176,0,Infosys market update,1.0,0,0.0092
2023-07-20,14.75,39518000,Infosys,INFY,-0.0841,0.8713,1.0581,1,Infosys market update,1.0,0,0.0844
2023-07-21,14.83,15268200,Infosys,INFY,0.0049,-0.6136,1.0236,0,Infosys market update,1.0,0,0.0054
2023-07-24,14.75,10331400,Infosys,INFY,-0.0049,-0.3233,1.0105,1,Infosys market update,1.0,0,0.0054
2023-07-25,14.9,7717900,Infosys,INFY,0.0099,-0.253,1.0129,1,Infosys market update,1.0,0,0.0102
2023-07-26,15.12,10006100,Infosys,INFY,0.0147,0.2965,1.0165,1,Infosys market update,1.0,0,0.0148
2023-07-27,15.13,11839800,Infosys,INFY,0.0006,0.1833,1.0102,0,Infosys market update,1.0,0,0.0007
2023-07-28,14.97,9072200,Infosys,INFY,-0.0102,-0.2338,1.0179,1,Infosys market update,1.0,0,0.0106
2023-07-31,15.15,6604000,Infosys,INFY,0.0122,-0.2721,1.009,1,Infosys market update,1.0,0,0.012
2023-08-01,15.28,7462200,Infosys,INFY,0.0084,0.13,1.0114,0,Infosys market update,1.0,0,0.0086
2023-08-02,15.03,11896400,Infosys,INFY,-0.0167,0.5942,1.0103,0,Infosys market update,1.0,0,0.0164
2023-08-03,15.02,10134400,Infosys,INFY,-0.0006,-0.1481,1.0073,1,Infosys market update,1.0,0,0.0007
2023-08-04,15.2,7013000,Infosys,INFY,0.0121,-0.308,1.0144,1,Infosys market update,1.0,0,0.012
2023-08-07,15.26,5533700,Infosys,INFY,0.0042,-0.2109,1.0108,0,Infosys market update,1.0,0,0.0039
2023-08-08,15.25,6330600,Infosys,INFY,-0.0006,0.144,1.0115,0,Infosys market update,1.0,0,0.0007
2023-08-09,15.2,7998100,Infosys,INFY,-0.0036,0.2634,1.0132,1,Infosys market update,1.0,0,0.0033
2023-08-10,15.35,9033300,Infosys,INFY,0.0096,0.1294,1.0131,0,Infosys market update,1.0,0,0.0099
2023-08-11,15.17,6831100,Infosys,INFY,-0.0113,-0.2438,1.0085,1,Infosys market update,1.0,0,0.0117
2023-08-14,15.34,5407200,Infosys,INFY,0.0108,-0.2084,1.0125,1,Infosys market update,1.0,0,0.0112
2023-08-15,15.58,13343900,Infosys,INFY,0.016,1.4678,1.0244,0,Infosys market update,1.0,0,0.0156
2023-08-16,15.58,8748900,Infosys,INFY,0.0,-0.3444,1.0141,0,Infosys market update,1.0,0,0.0
2023-08-17,15.44,6166600,Infosys,INFY,-0.0093,-0.2952,1.013,0,Infosys market update,1.0,0,0.009
2023-08-18,15.21,5445600,Infosys,INFY,-0.0147,-0.1169,1.0096,1,Infosys market update,1.0,0,0.0149
2023-08-21,15.35,6993300,Infosys,INFY,0.0096,0.2842,1.0125,1,Infosys market update,1.0,0,0.0092
2023-08-22,15.45,4037600,Infosys,INFY,0.0065,-0.4226,1.0094,1,Infosys market update,1.0,0,0.0065
2023-08-23,15.71,6097000,Infosys,INFY,0.0165,0.5101,1.0123,0,Infosys market update,1.0,0,0.0168
2023-08-24,15.58,4708800,Infosys,INFY,-0.0081,-0.2277,1.0146,1,Infosys market update,1.0,0,0.0083
2023-08-25,15.69,4662000,Infosys,INFY,0.007,-0.0099,1.0147,1,Infosys market update,1.0,0,0.0071
2023-08-28,15.76,5356600,Infosys,INFY,0.0046,0.149,1.0087,1,Infosys market update,1.0,0,0.0045
2023-08-29,15.85,7928100,Infosys,INFY,0.0052,0.4801,1.0098,1,Infosys market update,1.0,0,0.0057
2023-08-30,15.96,4613400,Infosys,INFY,0.0075,-0.4181,1.008,0,Infosys market update,1.0,0,0.0069
2023-08-31,15.8,6511500,Infosys,INFY,-0.0103,0.4114,1.0121,1,Infosys market update,1.0,0,0.01
2023-09-01,15.94,5315100,Infosys,INFY,0.0086,-0.1837,1.0074,1,Infosys market update,1.0,0,0.0089
2023-09-05,16.16,5746400,Infosys,INFY,0.0143,0.0811,1.0107,0,Infosys market update,1.0,0,0.0138
2023-09-06,15.99,5049300,Infosys,INFY,-0.0107,-0.1213,1.0114,0,Infosys market update,1.0,0,0.0105
2023-09-07,15.94,5920700,Infosys,INFY,-0.0034,0.1726,1.0069,1,Infosys market update,1.0,0,0.0031
2023-09-08,16.15,5796800,Infosys,INFY,0.0131,-0.0209,1.0102,1,Infosys market update,1.0,0,0.0132
2023-09-11,16.33,5196600,Infosys,INFY,0.0113,-0.1035,1.0118,1,Infosys market update,1.0,0,0.0111
2023-09-12,16.43,6680000,Infosys,INFY,0.0061,0.2855,1.0094,0,Infosys market update,1.0,0,0.0061
2023-09-13,16.37,4102400,Infosys,INFY,-0.0033,-0.3859,1.0067,1,Infosys market update,1.0,0,0.0037
2023-09-14,16.47,2914100,Infosys,INFY,0.0061,-0.2897,1.0083,0,Infosys market update,1.0,0,0.0061
2023-09-15,16.15,16969900,Infosys,INFY,-0.0199,4.8234,1.0243,1,Infosys market update,1.0,0,0.0194
2023-09-18,16.15,3944300,Infosys,INFY,0.0006,-0.7676,1.0096,1,Infosys market update,1.0,0,0.0
2023-09-19,16.18,3171400,Infosys,INFY,0.0017,-0.196,1.0073,1,Infosys market update,1.0,0,0.0019
2023-09-20,16.27,4888100,Infosys,INFY,0.0056,0.5413,1.0129,0,Infosys market update,1.0,0,0.0056
2023-09-21,16.14,5630200,Infosys,INFY,-0.0084,0.1518,1.013,1,Infosys market update,1.0,0,0.008
2023-09-22,16.17,5319300,Infosys,INFY,0.0023,-0.0552,1.0118,0,Infosys market update,1.0,0,0.0019
2023-09-25,16.02,4992900,Infosys,INFY,-0.0096,-0.0614,1.0155,0,Infosys market update,1.0,0,0.0093
2023-09-26,15.71,5946500,Infosys,INFY,-0.0193,0.191,1.0145,1,Infosys market update,1.0,0,0.0194
2023-09-27,15.86,10292100,Infosys,INFY,0.0098,0.7308,1.0104,0,Infosys market update,1.0,0,0.0095
2023-09-28,15.43,18047500,Infosys,INFY,-0.0275,0.7535,1.0257,1,Infosys market update,1.0,0,0.0271
2023-09-29,15.56,9559900,Infosys,INFY,0.0088,-0.4703,1.0141,1,Infosys market update,1.0,0,0.0084
2023-10-02,15.63,4529900,Infosys,INFY,0.0041,-0.5262,1.0094,0,Infosys market update,1.0,0,0.0045
2023-10-03,15.46,6775000,Infosys,INFY,-0.0105,0.4956,1.0153,1,Infosys market update,1.0,0,0.0109
2023-10-04,15.86,7318800,Infosys,INFY,0.0259,0.0803,1.0169,1,Infosys market update,1.0,0,0.0259
2023-10-05,16.02,5069500,Infosys,INFY,0.0097,-0.3073,1.0109,1,Infosys market update,1.0,0,0.0101
2023-10-06,16.18,5476600,Infosys,INFY,0.0102,0.0803,1.0182,0,Infosys market update,1.0,0,0.01
2023-10-09,16.15,8642700,Infosys,INFY,-0.0022,0.5781,1.0154,1,Infosys market update,1.0,0,0.0019
2023-10-10,16.24,11060900,Infosys,INFY,0.0056,0.2798,1.0124,0,Infosys market update,1.0,0,0.0056
2023-10-11,16.02,15897100,Infosys,INFY,-0.0134,0.4372,1.0217,0,Infosys market update,1.0,0,0.0135
2023-10-12,14.97,26816400,Infosys,INFY,-0.0653,0.6869,1.0419,1,Infosys market update,1.0,0,0.0655
2023-10-13,15.37,13208800,Infosys,INFY,0.0267,-0.5074,1.025,1,Infosys market update,1.0,0,0.0267
2023-10-16,15.65,7474100,Infosys,INFY,0.0183,-0.4342,1.0194,1,Infosys market update,1.0,0,0.0182
2023-10-17,15.78,7210500,Infosys,INFY,0.0081,-0.0353,1.0181,0,Infosys market update,1.0,0,0.0083
2023-10-18,15.59,6115500,Infosys,INFY,-0.0121,-0.1519,1.0105,0,Infosys market update,1.0,0,0.012
2023-10-19,15.55,4830900,Infosys,INFY,-0.0029,-0.2101,1.0111,0,Infosys market update,1.0,0,0.0026
2023-10-20,15.44,5910200,Infosys,INFY,-0.007,0.2234,1.0148,0,Infosys market update,1.0,0,0.0071
2023-10-23,15.26,8505800,Infosys,INFY,-0.0112,0.4392,1.018,1,Infosys market update,1.0,0,0.0117
2023-10-24,15.46,5602500,Infosys,INFY,0.013,-0.3413,1.0102,0,Infosys market update,1.0,0,0.0131
2023-10-25,15.09,4727100,Infosys,INFY,-0.0238,-0.1563,1.0098,0,Infosys market update,1.0,0,0.0239
2023-10-26,15.04,6991300,Infosys,INFY,-0.0037,0.479,1.0123,1,Infosys market update,1.0,0,0.0033
2023-10-27,15.15,5591700,Infosys,INFY,0.0074,-0.2002,1.0128,1,Infosys market update,1.0,0,0.0073
2023-10-30,15.2,5559700,Infosys,INFY,0.0036,-0.0057,1.0104,0,Infosys market update,1.0,0,0.0033
2023-10-31,15.13,4663500,Infosys,INFY,-0.0048,-0.1612,1.0116,0,Infosys market update,1.0,0,0.0046
2023-11-01,15.11,5943300,Infosys,INFY,-0.0012,0.2744,1.0086,1,Infosys market update,1.0,0,0.0013
2023-11-02,15.38,9262500,Infosys,INFY,0.0177,0.5585,1.0115,0,Infosys market update,1.0,0,0.0179
2023-11-03,15.37,8674200,Infosys,INFY,-0.0006,-0.0635,1.0108,1,Infosys market update,1.0,0,0.0007
2023-11-06,15.54,3979000,Infosys,INFY,0.0108,-0.5413,1.009,0,Infosys market update,1.0,0,0.0111
2023-11-07,15.47,2875500,Infosys,INFY,-0.0042,-0.2773,1.0084,0,Infosys market update,1.0,0,0.0045
2023-11-08,15.36,3314000,Infosys,INFY,-0.0071,0.1525,1.0066,0,Infosys market update,1.0,0,0.0071
2023-11-09,15.08,7329500,Infosys,INFY,-0.0186,1.2117,1.0147,1,Infosys market update,1.0,0,0.0182
2023-11-10,15.32,5099500,Infosys,INFY,0.0165,-0.3042,1.0183,0,Infosys market update,1.0,0,0.0159
2023-11-13,15.25,4579800,Infosys,INFY,-0.0048,-0.1019,1.0116,1,Infosys market update,1.0,0,0.0046
2023-11-14,15.59,6902000,Infosys,INFY,0.0224,0.5071,1.0155,1,Infosys market update,1.0,0,0.0223
2023-11-15,16.0,10004100,Infosys,INFY,0.026,0.4494,1.023,0,Infosys market update,1.0,0,0.0263
2023-11-16,15.91,5859600,Infosys,INFY,-0.0052,-0.4143,1.0139,1,Infosys market update,1.0,0,0.0056
2023-11-17,16.13,4249400,Infosys,INFY,0.0139,-0.2748,1.0145,1,Infosys market update,1.0,0,0.0138
2023-11-20,16.16,5052400,Infosys,INFY,0.0017,0.189,1.0121,0,Infosys market update,1.0,0,0.0019
2023-11-21,16.07,4702200,Infosys,INFY,-0.0057,-0.0693,1.008,1,Infosys market update,1.0,0,0.0056
2023-11-22,16.2,5435700,Infosys,INFY,0.008,0.156,1.0103,0,Infosys market update,1.0,0,0.0081
2023-11-24,16.1,2743400,Infosys,INFY,-0.0063,-0.4953,1.0104,0,Infosys market update,1.0,0,0.0062
2023-11-27,16.01,3757400,Infosys,INFY,-0.0057,0.3696,1.0087,1,Infosys market update,1.0,0,0.0056
2023-11-28,16.25,6783900,Infosys,INFY,0.015,0.8055,1.019,0,Infosys market update,1.0,0,0.015
2023-11-29,16.24,6039100,Infosys,INFY,-0.0006,-0.1098,1.0085,0,Infosys market update,1.0,0,0.0006
2023-11-30,16.17,5541400,Infosys,INFY,-0.004,-0.0824,1.0126,1,Infosys market update,1.0,0,0.0043
2023-12-01,16.34,4766000,Infosys,INFY,0.0103,-0.1399,1.0184,0,Infosys market update,1.0,0,0.0105
2023-12-04,16.3,5588600,Infosys,INFY,-0.0023,0.1726,1.0136,0,Infosys market update,1.0,0,0.0024
2023-12-05,16.09,5016100,Infosys,INFY,-0.013,-0.1024,1.0184,1,Infosys market update,1.0,0,0.0129
2023-12-06,16.3,6891300,Infosys,INFY,0.0132,0.3738,1.0113,0,Infosys market update,1.0,0,0.0131
2023-12-07,16.25,3340000,Infosys,INFY,-0.0028,-0.5153,1.0074,1,Infosys market update,1.0,0,0.0031
2023-12-08,16.49,4581100,Infosys,INFY,0.0142,0.3716,1.0107,0,Infosys market update,1.0,0,0.0148
2023-12-11,16.04,8516800,Infosys,INFY,-0.0268,0.8591,1.0329,1,Infosys market update,1.0,0,0.0273
2023-12-12,16.17,5521000,Infosys,INFY,0.008,-0.3518,1.0127,0,Infosys market update,1.0,0,0.0081
2023-12-13,16.1,9025600,Infosys,INFY,-0.0046,0.6348,1.0104,1,Infosys market update,1.0,0,0.0043
2023-12-14,16.93,14029200,Infosys,INFY,0.0515,0.5544,1.0284,1,Infosys market update,1.0,0,0.0516
2023-12-15,17.2,8262300,Infosys,INFY,0.0163,-0.4111,1.0188,1,Infosys market update,1.0,0,0.0159
2023-12-18,17.32,4898200,Infosys,INFY,0.007,-0.4072,1.0162,0,Infosys market update,1.0,0,0.007
2023-12-19,17.31,5257800,Infosys,INFY,-0.0005,0.0734,1.0145,0,Infosys market update,1.0,0,0.0006
2023-12-20,16.97,6181000,Infosys,INFY,-0.0197,0.1756,1.0141,0,Infosys market update,1.0,0,0.0196
2023-12-21,16.96,7763900,Infosys,INFY,-0.0005,0.2561,1.0209,1,Infosys market update,1.0,0,0.0006
2023-12-22,17.29,7018100,Infosys,INFY,0.019,-0.0961,1.0134,0,Infosys market update,1.0,0,0.0195
2023-12-26,17.0,3866200,Infosys,INFY,-0.0165,-0.4491,1.0163,1,Infosys market update,1.0,0,0.0168
2023-12-27,17.14,4338000,Infosys,INFY,0.0081,0.122,1.0125,0,Infosys market update,1.0,0,0.0082
2023-12-28,17.1,3308700,Infosys,INFY,-0.0022,-0.2373,1.0081,0,Infosys market update,1.0,0,0.0023
2023-12-29,16.94,2864800,Infosys,INFY,-0.0097,-0.1342,1.0115,0,Infosys market update,1.0,0,0.0094
2024-01-02,16.66,8963600,Infosys,INFY,-0.0163,2.1289,1.0144,0,Infosys market update,1.0,0,0.0165
2024-01-03,16.62,12408800,Infosys,INFY,-0.0022,0.3844,1.0291,1,Infosys market update,1.0,0,0.0024
2024-01-04,16.65,6707600,Infosys,INFY,0.0017,-0.4594,1.0144,1,Infosys market update,1.0,0,0.0018
2024-01-05,16.68,10479200,Infosys,INFY,0.0017,0.5623,1.0138,1,Infosys market update,1.0,0,0.0018
2024-01-08,16.96,7538600,Infosys,INFY,0.0166,-0.2806,1.0182,0,Infosys market update,1.0,0,0.0168
2024-01-09,16.82,6106100,Infosys,INFY,-0.0082,-0.19,1.0115,0,Infosys market update,1.0,0,0.0083
2024-01-10,16.68,13572600,Infosys,INFY,-0.0082,1.2228,1.0184,1,Infosys market update,1.0,0,0.0083
2024-01-11,17.34,17927300,Infosys,INFY,0.0398,0.3208,1.0274,1,Infosys market update,1.0,0,0.0396
2024-01-12,18.06,21182400,Infosys,INFY,0.0414,0.1816,1.0335,0,Infosys market update,1.0,0,0.0415
2024-01-16,17.94,13410000,Infosys,INFY,-0.0066,-0.3669,1.0187,1,Infosys market update,1.0,0,0.0066
2024-01-17,18.01,11273100,Infosys,INFY,0.0036,-0.1594,1.0123,1,Infosys market update,1.0,0,0.0039
2024-01-18,18.27,9891800,Infosys,INFY,0.0148,-0.1225,1.0158,1,Infosys market update,1.0,0,0.0144
2024-01-19,18.42,7921000,Infosys,INFY,0.0081,-0.1992,1.0152,0,Infosys market update,1.0,0,0.0082
2024-01-22,18.31,5823300,Infosys,INFY,-0.006,-0.2648,1.0081,0,Infosys market update,1.0,0,0.006
2024-01-23,18.24,8984900,Infosys,INFY,-0.004,0.5429,1.0173,1,Infosys market update,1.0,0,0.0038
2024-01-24,18.42,10476100,Infosys,INFY,0.0101,0.166,1.011,1,Infosys market update,1.0,0,0.0099
2024-01-25,18.51,7290500,Infosys,INFY,0.005,-0.3041,1.0151,1,Infosys market update,1.0,0,0.0049
2024-01-26,18.63,5696300,Infosys,INFY,0.0065,-0.2187,1.0124,0,Infosys market update,1.0,0,0.0065
2024-01-29,18.59,5283800,Infosys,INFY,-0.0025,-0.0724,1.005,0,Infosys market update,1.0,0,0.0021
2024-01-30,18.38,6409700,Infosys,INFY,-0.0109,0.2131,1.0106,0,Infosys market update,1.0,0,0.0113
2024-01-31,18.3,6594300,Infosys,INFY,-0.0045,0.0288,1.0151,1,Infosys market update,1.0,0,0.0044
2024-02-01,18.6,8251300,Infosys,INFY,0.0166,0.2513,1.0197,1,Infosys market update,1.0,0,0.0164
2024-02-02,18.75,6117900,Infosys,INFY,0.0079,-0.2586,1.0144,0,Infosys market update,1.0,0,0.0081
2024-02-05,18.71,3604800,Infosys,INFY,-0.0025,-0.4108,1.0074,1,Infosys market update,1.0,0,0.0021
2024-02-06,18.99,7549400,Infosys,INFY,0.0153,1.0943,1.0117,0,Infosys market update,1.0,0,0.015
2024-02-07,18.83,5739100,Infosys,INFY,-0.0087,-0.2398,1.0174,0,Infosys market update,1.0,0,0.0084
2024-02-08,18.6,6885700,Infosys,INFY,-0.0117,0.1998,1.0169,0,Infosys market update,1.0,0,0.0122
2024-02-09,18.52,5895300,Infosys,INFY,-0.0045,-0.1438,1.01,1,Infosys market update,1.0,0,0.0043
2024-02-12,18.56,4253200,Infosys,INFY,0.002,-0.2785,1.0075,0,Infosys market update,1.0,0,0.0022
2024-02-13,18.3,6914100,Infosys,INFY,-0.0139,0.6256,1.0101,1,Infosys market update,1.0,0,0.014
2024-02-14,18.6,7591100,Infosys,INFY,0.0161,0.0979,1.0105,1,Infosys market update,1.0,0,0.0164
2024-02-15,18.72,5247500,Infosys,INFY,0.0064,-0.3087,1.0069,1,Infosys market update,1.0,0,0.0065
2024-02-16,18.86,5516600,Infosys,INFY,0.0079,0.0513,1.0158,0,Infosys market update,1.0,0,0.0075
2024-02-20,18.45,7587200,Infosys,INFY,-0.022,0.3753,1.0205,0,Infosys market update,1.0,0,0.0217
2024-02-21,18.23,6191500,Infosys,INFY,-0.012,-0.184,1.0132,1,Infosys market update,1.0,0,0.0119
2024-02-22,18.72,6590200,Infosys,INFY,0.0268,0.0644,1.0109,0,Infosys market update,1.0,0,0.0269
2024-02-23,18.53,4228200,Infosys,INFY,-0.0098,-0.3584,1.008,0,Infosys market update,1.0,0,0.0101
2024-02-26,18.42,5145700,Infosys,INFY,-0.006,0.217,1.0101,1,Infosys market update,1.0,0,0.0059
2024-02-27,18.43,2751500,Infosys,INFY,0.0005,-0.4653,1.0065,0,Infosys market update,1.0,0,0.0005
2024-02-28,18.38,4344500,Infosys,INFY,-0.0025,0.579,1.0076,1,Infosys market update,1.0,0,0.0027
2024-02-29,18.39,6256900,Infosys,INFY,0.0005,0.4402,1.008,0,Infosys market update,1.0,0,0.0005
2024-03-01,18.27,6151800,Infosys,INFY,-0.0065,-0.0168,1.0081,0,Infosys market update,1.0,0,0.0065
2024-03-04,18.25,6821800,Infosys,INFY,-0.0015,0.1089,1.0159,0,Infosys market update,1.0,0,0.0011
2024-03-05,17.78,7522600,Infosys,INFY,-0.0258,0.1027,1.014,1,Infosys market update,1.0,0,0.0258
2024-03-06,17.81,9226500,Infosys,INFY,0.0021,0.2265,1.0166,1,Infosys market update,1.0,0,0.0017
2024-03-07,17.87,11084100,Infosys,INFY,0.0031,0.2013,1.0093,0,Infosys market update,1.0,0,0.0034
2024-03-08,17.75,8183300,Infosys,INFY,-0.0067,-0.2617,1.0104,0,Infosys market update,1.0,0,0.0067
2024-03-11,17.71,8544100,Infosys,INFY,-0.0021,0.0441,1.0068,1,Infosys market update,1.0,0,0.0023
2024-03-12,17.89,11415900,Infosys,INFY,0.0104,0.3361,1.0114,0,Infosys market update,1.0,0,0.0102
2024-03-13,17.87,7171000,Infosys,INFY,-0.0015,-0.3718,1.0083,1,Infosys market update,1.0,0,0.0011
2024-03-14,18.12,8476900,Infosys,INFY,0.0139,0.1821,1.0174,0,Infosys market update,1.0,0,0.014
2024-03-15,17.72,13296100,Infosys,INFY,-0.0219,0.5685,1.0229,0,Infosys market update,1.0,0,0.0221
2024-03-18,17.66,6324200,Infosys,INFY,-0.0031,-0.5244,1.0084,0,Infosys market update,1.0,0,0.0034
2024-03-19,17.37,9561000,Infosys,INFY,-0.0167,0.5118,1.0118,1,Infosys market update,1.0,0,0.0164
2024-03-20,17.44,9677300,Infosys,INFY,0.0042,0.0122,1.0156,0,Infosys market update,1.0,0,0.004
2024-03-21,16.78,22905000,Infosys,INFY,-0.038,1.3669,1.0199,0,Infosys market update,1.0,0,0.0378
2024-03-22,16.33,15028500,Infosys,INFY,-0.0269,-0.3439,1.0243,0,Infosys market update,1.0,0,0.0268
2024-03-25,16.25,12454500,Infosys,INFY,-0.0051,-0.1713,1.0114,1,Infosys market update,1.0,0,0.0049
2024-03-26,16.36,10500900,Infosys,INFY,0.0068,-0.1569,1.0102,1,Infosys market update,1.0,0,0.0068
2024-03-27,16.39,6074600,Infosys,INFY,0.0023,-0.4215,1.009,1,Infosys market update,1.0,0,0.0018
2024-03-28,16.52,7019600,Infosys,INFY,0.0079,0.1556,1.0112,0,Infosys market update,1.0,0,0.0079
2024-04-01,16.2,14601600,Infosys,INFY,-0.0195,1.0801,1.024,0,Infosys market update,1.0,0,0.0194
2024-04-02,16.2,12687000,Infosys,INFY,0.0,-0.1311,1.0127,1,Infosys market update,1.0,0,0.0
2024-04-03,16.33,8871400,Infosys,INFY,0.008,-0.3007,1.0171,1,Infosys market update,1.0,0,0.008
2024-04-04,16.36,12716500,Infosys,INFY,0.0017,0.4334,1.021,1,Infosys market update,1.0,0,0.0018
2024-04-05,16.43,5967200,Infosys,INFY,0.0045,-0.5308,1.0113,1,Infosys market update,1.0,0,0.0043
2024-04-08,16.46,8716600,Infosys,INFY,0.0017,0.4608,1.013,1,Infosys market update,1.0,0,0.0018
2024-04-09,16.76,13467900,Infosys,INFY,0.0185,0.5451,1.0144,0,Infosys market update,1.0,0,0.0182
2024-04-10,16.59,11553000,Infosys,INFY,-0.0104,-0.1422,1.0123,0,Infosys market update,1.0,0,0.0101
2024-04-11,16.53,13389200,Infosys,INFY,-0.0033,0.1589,1.0162,0,Infosys market update,1.0,0,0.0036
2024-04-12,16.33,17657700,Infosys,INFY,-0.0123,0.3188,1.0188,0,Infosys market update,1.0,0,0.0121
2024-04-15,15.91,11374300,Infosys,INFY,-0.0254,-0.3558,1.0261,0,Infosys market update,1.0,0,0.0257
2024-04-16,15.71,13033300,Infosys,INFY,-0.0127,0.1459,1.0124,0,Infosys market update,1.0,0,0.0126
2024-04-17,15.62,17034100,Infosys,INFY,-0.0059,0.307,1.0184,0,Infosys market update,1.0,0,0.0057
2024-04-18,15.21,31702900,Infosys,INFY,-0.026,0.8611,1.0536,1,Infosys market update,1.0,0,0.0262
2024-04-19,15.49,16182300,Infosys,INFY,0.0182,-0.4896,1.0162,1,Infosys market update,1.0,0,0.0184
2024-04-22,15.94,19944700,Infosys,INFY,0.0291,0.2325,1.0254,0,Infosys market update,1.0,0,0.0291
2024-04-23,15.81,8832400,Infosys,INFY,-0.0081,-0.5572,1.014,0,Infosys market update,1.0,0,0.0082
2024-04-24,15.7,10685000,Infosys,INFY,-0.007,0.2098,1.0177,0,Infosys market update,1.0,0,0.007
2024-04-25,15.67,10657300,Infosys,INFY,-0.0018,-0.0026,1.016,0,Infosys market update,1.0,0,0.0019
2024-04-26,15.61,8845000,Infosys,INFY,-0.0041,-0.1701,1.0148,1,Infosys market update,1.0,0,0.0038
2024-04-29,15.64,7426500,Infosys,INFY,0.0018,-0.1604,1.0095,0,Infosys market update,1.0,0,0.0019
2024-04-30,15.4,11349100,Infosys,INFY,-0.0153,0.5282,1.0144,1,Infosys market update,1.0,0,0.0153
2024-05-01,15.45,6966200,Infosys,INFY,0.0036,-0.3862,1.0126,1,Infosys market update,1.0,0,0.0032
2024-05-02,15.55,8716700,Infosys,INFY,0.006,0.2513,1.0168,1,Infosys market update,1.0,0,0.0065
2024-05-03,15.6,4035300,Infosys,INFY,0.0036,-0.5371,1.0077,1,Infosys market update,1.0,0,0.0032
2024-05-06,15.64,4209700,Infosys,INFY,0.0024,0.0432,1.0053,1,Infosys market update,1.0,0,0.0026
2024-05-07,15.78,8843200,Infosys,INFY,0.0094,1.1007,1.0118,0,Infosys market update,1.0,0,0.009
2024-05-08,15.75,4739100,Infosys,INFY,-0.0023,-0.4641,1.0142,0,Infosys market update,1.0,0,0.0019
2024-05-09,15.64,12308400,Infosys,INFY,-0.007,1.5972,1.0101,0,Infosys market update,1.0,0,0.007
2024-05-10,15.55,10340700,Infosys,INFY,-0.0059,-0.1599,1.0101,1,Infosys market update,1.0,0,0.0058
2024-05-13,15.59,5923300,Infosys,INFY,0.003,-0.4272,1.0089,1,Infosys market update,1.0,0,0.0026
2024-05-14,15.62,9395500,Infosys,INFY,0.0018,0.5862,1.0089,1,Infosys market update,1.0,0,0.0019
2024-05-15,15.71,4019700,Infosys,INFY,0.0059,-0.5722,1.016,1,Infosys market update,1.0,0,0.0058
2024-05-16,15.89,10753400,Infosys,INFY,0.0111,1.6752,1.0082,0,Infosys market update,1.0,0,0.0115
2024-05-17,15.78,7986000,Infosys,INFY,-0.0064,-0.2574,1.0088,0,Infosys market update,1.0,0,0.0069
2024-05-20,15.78,6096100,Infosys,INFY,0.0,-0.2367,1.0064,0,Infosys market update,1.0,0,0.0
2024-05-21,15.67,7889700,Infosys,INFY,-0.007,0.2942,1.0065,1,Infosys market update,1.0,0,0.007
2024-05-22,15.91,8385600,Infosys,INFY,0.0153,0.0629,1.007,1,Infosys market update,1.0,0,0.0153
2024-05-23,16.03,9249300,Infosys,INFY,0.0075,0.103,1.0086,0,Infosys market update,1.0,0,0.0075
2024-05-24,16.0,9241000,Infosys,INFY,-0.0023,-0.0009,1.0087,0,Infosys market update,1.0,0,0.0019
2024-05-28,15.96,11508000,Infosys,INFY,-0.0023,0.2453,1.0069,0,Infosys market update,1.0,0,0.0025
2024-05-29,15.69,8563800,Infosys,INFY,-0.0167,-0.2558,1.0088,0,Infosys market update,1.0,0,0.0169
2024-05-30,15.55,11351200,Infosys,INFY,-0.0094,0.3255,1.0113,1,Infosys market update,1.0,0,0.0089
2024-05-31,15.75,14253800,Infosys,INFY,0.013,0.2557,1.0237,1,Infosys market update,1.0,0,0.0129
2024-06-03,15.84,8585300,Infosys,INFY,0.006,-0.3977,1.0132,0,Infosys market update,1.0,0,0.0057
2024-06-04,15.79,8822800,Infosys,INFY,-0.003,0.0277,1.0145,1,Infosys market update,1.0,0,0.0032
2024-06-05,16.12,7513200,Infosys,INFY,0.0208,-0.1484,1.0106,1,Infosys market update,1.0,0,0.0209
2024-06-06,16.49,7386000,Infosys,INFY,0.0227,-0.0169,1.0092,1,Infosys market update,1.0,0,0.023
2024-06-07,16.93,11158200,Infosys,INFY,0.0268,0.5107,1.0145,0,Infosys market update,1.0,0,0.0267
2024-06-10,16.77,6404300,Infosys,INFY,-0.0094,-0.426,1.0125,0,Infosys market update,1.0,0,0.0095
2024-06-11,16.73,5756500,Infosys,INFY,-0.0028,-0.1012,1.0125,1,Infosys market update,1.0,0,0.0024
2024-06-12,16.79,6033900,Infosys,INFY,0.0039,0.0482,1.009,0,Infosys market update,1.0,0,0.0036
2024-06-13,16.74,6851000,Infosys,INFY,-0.0028,0.1354,1.009,0,Infosys market update,1.0,0,0.003
2024-06-14,16.73,6694600,Infosys,INFY,-0.0011,-0.0228,1.0108,1,Infosys market update,1.0,0,0.0006
2024-06-17,16.87,6348700,Infosys,INFY,0.0084,-0.0517,1.0147,0,Infosys market update,1.0,0,0.0084
2024-06-18,16.84,10828100,Infosys,INFY,-0.0017,0.7056,1.0106,1,Infosys market update,1.0,0,0.0018
2024-06-20,17.18,17345600,Infosys,INFY,0.0201,0.6019,1.0176,0,Infosys market update,1.0,0,0.0202
2024-06-21,16.98,22822100,Infosys,INFY,-0.0115,0.3157,1.019,1,Infosys market update,1.0,0,0.0116
2024-06-24,17.05,5758800,Infosys,INFY,0.0044,-0.7477,1.0128,1,Infosys market update,1.0,0,0.0041
2024-06-25,17.24,8733100,Infosys,INFY,0.011,0.5165,1.011,0,Infosys market update,1.0,0,0.0111
2024-06-26,17.13,8693400,Infosys,INFY,-0.0065,-0.0045,1.0105,1,Infosys market update,1.0,0,0.0064
2024-06-27,17.51,8949300,Infosys,INFY,0.0225,0.0294,1.0081,0,Infosys market update,1.0,0,0.0222
2024-06-28,17.51,9520300,Infosys,INFY,-0.0005,0.0638,1.0108,1,Infosys market update,1.0,0,0.0
2024-07-01,17.64,8064200,Infosys,INFY,0.0075,-0.1529,1.0128,1,Infosys market update,1.0,0,0.0074
2024-07-02,18.08,10531700,Infosys,INFY,0.0251,0.306,1.0116,1,Infosys market update,1.0,0,0.0249
2024-07-03,18.21,7252400,Infosys,INFY,0.0073,-0.3114,1.0078,1,Infosys market update,1.0,0,0.0072
2024-07-05,18.27,7709600,Infosys,INFY,0.0031,0.063,1.0114,1,Infosys market update,1.0,0,0.0033
2024-07-08,18.33,10910900,Infosys,INFY,0.0036,0.4152,1.0082,0,Infosys market update,1.0,0,0.0033
2024-07-09,18.14,12586700,Infosys,INFY,-0.0103,0.1536,1.0156,1,Infosys market update,1.0,0,0.0104
2024-07-10,18.21,16768700,Infosys,INFY,0.0036,0.3323,1.0183,1,Infosys market update,1.0,0,0.0039
2024-07-11,18.7,14459300,Infosys,INFY,0.0268,-0.1377,1.0245,1,Infosys market update,1.0,0,0.0269
2024-07-12,19.18,10583500,Infosys,INFY,0.0256,-0.268,1.0164,0,Infosys market update,1.0,0,0.0257
2024-07-15,19.09,11641700,Infosys,INFY,-0.0044,0.1,1.0119,1,Infosys market update,1.0,0,0.0047
2024-07-16,19.42,7137500,Infosys,INFY,0.0172,-0.3869,1.0093,0,Infosys market update,1.0,0,0.0173
2024-07-17,19.3,14389200,Infosys,INFY,-0.0063,1.016,1.0108,1,Infosys market update,1.0,0,0.0062
2024-07-18,20.92,42176100,Infosys,INFY,0.0838,1.9311,1.0507,0,Infosys market update,1.0,0,0.0839
2024-07-19,20.38,16443500,Infosys,INFY,-0.0256,-0.6101,1.0263,1,Infosys market update,1.0,0,0.0258
2024-07-22,20.49,8459600,Infosys,INFY,0.0051,-0.4855,1.0154,1,Infosys market update,1.0,0,0.0054
2024-07-23,20.76,9992300,Infosys,INFY,0.0133,0.1812,1.017,0,Infosys market update,1.0,0,0.0132
2024-07-24,20.55,7859100,Infosys,INFY,-0.01,-0.2135,1.0128,1,Infosys market update,1.0,0,0.0101
2024-07-25,20.69,11403500,Infosys,INFY,0.0069,0.451,1.0156,1,Infosys market update,1.0,0,0.0068
2024-07-26,21.43,15980100,Infosys,INFY,0.0354,0.4013,1.0223,0,Infosys market update,1.0,0,0.0358
2024-07-29,21.25,8940800,Infosys,INFY,-0.0083,-0.4405,1.0093,1,Infosys market update,1.0,0,0.0084
2024-07-30,21.26,6682900,Infosys,INFY,0.0004,-0.2525,1.008,0,Infosys market update,1.0,0,0.0005
2024-07-31,20.81,18250700,Infosys,INFY,-0.0212,1.731,1.0414,1,Infosys market update,1.0,0,0.0212
2024-08-01,20.97,10759600,Infosys,INFY,0.0077,-0.4105,1.0122,0,Infosys market update,1.0,0,0.0077
2024-08-02,20.47,10940900,Infosys,INFY,-0.0238,0.0169,1.0172,0,Infosys market update,1.0,0,0.0238
2024-08-05,19.55,14844400,Infosys,INFY,-0.0446,0.3568,1.0319,1,Infosys market update,1.0,0,0.0449
2024-08-06,19.73,9996700,Infosys,INFY,0.0091,-0.3266,1.0096,0,Infosys market update,1.0,0,0.0092
2024-08-07,19.71,8944600,Infosys,INFY,-0.001,-0.1052,1.0229,1,Infosys market update,1.0,0,0.001
2024-08-08,19.87,8243300,Infosys,INFY,0.0081,-0.0784,1.0139,1,Infosys market update,1.0,0,0.0081
2024-08-09,20.02,7794500,Infosys,INFY,0.0076,-0.0544,1.0132,1,Infosys market update,1.0,0,0.0075
2024-08-12,20.03,11669500,Infosys,INFY,0.0005,0.4971,1.0113,1,Infosys market update,1.0,0,0.0005
2024-08-13,20.3,7691800,Infosys,INFY,0.0131,-0.3409,1.0136,1,Infosys market update,1.0,0,0.0135
2024-08-14,20.45,5350300,Infosys,INFY,0.0074,-0.3044,1.0097,1,Infosys market update,1.0,0,0.0074
2024-08-15,20.52,6838200,Infosys,INFY,0.0037,0.2781,1.0087,1,Infosys market update,1.0,0,0.0034
2024-08-16,20.69,5219100,Infosys,INFY,0.0082,-0.2368,1.0078,1,Infosys market update,1.0,0,0.0083
2024-08-19,20.93,5276900,Infosys,INFY,0.0114,0.0111,1.0118,1,Infosys market update,1.0,0,0.0116
2024-08-20,20.97,5588900,Infosys,INFY,0.0022,0.0591,1.009,1,Infosys market update,1.0,0,0.0019
2024-08-21,21.22,7843700,Infosys,INFY,0.0117,0.4034,1.0094,0,Infosys market update,1.0,0,0.0119
2024-08-22,21.0,4273000,Infosys,INFY,-0.0102,-0.4552,1.009,0,Infosys market update,1.0,0,0.0104
2024-08-23,21.0,4428500,Infosys,INFY,0.0,0.0364,1.0117,1,Infosys market update,1.0,0,0.0
2024-08-26,21.1,4569000,Infosys,INFY,0.0045,0.0317,1.0085,1,Infosys market update,1.0,0,0.0048
2024-08-27,21.44,8258200,Infosys,INFY,0.016,0.8074,1.0169,1,Infosys market update,1.0,0,0.0161
2024-08-28,21.62,7492200,Infosys,INFY,0.0088,-0.0928,1.0222,1,Infosys market update,1.0,0,0.0084
2024-08-29,21.81,5756200,Infosys,INFY,0.0087,-0.2317,1.0135,1,Infosys market update,1.0,0,0.0088
2024-08-30,21.89,6375000,Infosys,INFY,0.0034,0.1075,1.0104,0,Infosys market update,1.0,0,0.0037
2024-09-03,21.6,5793200,Infosys,INFY,-0.0129,-0.0913,1.0192,1,Infosys market update,1.0,0,0.0132
2024-09-04,21.68,5558000,Infosys,INFY,0.0035,-0.0406,1.0118,0,Infosys market update,1.0,0,0.0037
2024-09-05,21.53,6270100,Infosys,INFY,-0.0069,0.1281,1.0153,0,Infosys market update,1.0,0,0.0069
2024-09-06,21.19,7517300,Infosys,INFY,-0.0157,0.1989,1.0191,1,Infosys market update,1.0,0,0.0158
2024-09-09,21.27,4585000,Infosys,INFY,0.0035,-0.3901,1.0089,1,Infosys market update,1.0,0,0.0038
2024-09-10,21.56,6484400,Infosys,INFY,0.0137,0.4143,1.0124,0,Infosys market update,1.0,0,0.0136
2024-09-11,21.55,5590600,Infosys,INFY,-0.0004,-0.1378,1.0173,1,Infosys market update,1.0,0,0.0005
2024-09-12,21.86,5643300,Infosys,INFY,0.0144,0.0094,1.0108,0,Infosys market update,1.0,0,0.0144
2024-09-13,21.81,5273400,Infosys,INFY,-0.0022,-0.0655,1.0078,0,Infosys market update,1.0,0,0.0023
2024-09-16,21.8,6747300,Infosys,INFY,-0.0004,0.2795,1.0104,0,Infosys market update,1.0,0,0.0005
2024-09-17,21.6,10352700,Infosys,INFY,-0.0095,0.5343,1.0263,0,Infosys market update,1.0,0,0.0092
2024-09-18,21.13,7051700,Infosys,INFY,-0.0213,-0.3189,1.0138,1,Infosys market update,1.0,0,0.0218
2024-09-19,21.33,6281100,Infosys,INFY,0.0093,-0.1093,1.0084,1,Infosys market update,1.0,0,0.0095
2024-09-20,21.48,21841100,Infosys,INFY,0.0071,2.4773,1.0128,0,Infosys market update,1.0,0,0.007
2024-09-23,21.33,4900300,Infosys,INFY,-0.007,-0.7756,1.0107,0,Infosys market update,1.0,0,0.007
2024-09-24,21.23,7015300,Infosys,INFY,-0.0048,0.4316,1.0116,0,Infosys market update,1.0,0,0.0047
2024-09-25,21.21,9151500,Infosys,INFY,-0.0009,0.3045,1.0071,1,Infosys market update,1.0,0,0.0009
2024-09-26,21.59,10927900,Infosys,INFY,0.0177,0.1941,1.0175,0,Infosys market update,1.0,0,0.0179
2024-09-27,21.05,9702000,Infosys,INFY,-0.0248,-0.1122,1.0161,0,Infosys market update,1.0,0,0.025
2024-09-30,20.94,11576900,Infosys,INFY,-0.0054,0.1932,1.0154,1,Infosys market update,1.0,0,0.0052
2024-10-01,21.05,8366500,Infosys,INFY,0.0054,-0.2773,1.0112,0,Infosys market update,1.0,0,0.0053
2024-10-02,20.98,5273100,Infosys,INFY,-0.0031,-0.3697,1.0122,1,Infosys market update,1.0,0,0.0033
2024-10-03,21.07,7816800,Infosys,INFY,0.004,0.4824,1.0108,1,Infosys market update,1.0,0,0.0043
2024-10-04,21.43,9261000,Infosys,INFY,0.017,0.1848,1.0128,1,Infosys market update,1.0,0,0.0171
2024-10-07,21.54,7549400,Infosys,INFY,0.0053,-0.1848,1.0154,1,Infosys market update,1.0,0,0.0051
2024-10-08,21.92,7722500,Infosys,INFY,0.0179,0.0229,1.0121,0,Infosys market update,1.0,0,0.0176
2024-10-09,21.88,4269500,Infosys,INFY,-0.0021,-0.4471,1.0073,0,Infosys market update,1.0,0,0.0018
2024-10-10,21.29,7665900,Infosys,INFY,-0.0266,0.7955,1.0125,1,Infosys market update,1.0,0,0.027
2024-10-11,21.56,5065600,Infosys,INFY,0.0124,-0.3392,1.0092,1,Infosys market update,1.0,0,0.0127
2024-10-14,21.96,7100000,Infosys,INFY,0.0188,0.4016,1.0108,0,Infosys market update,1.0,0,0.0186
2024-10-15,21.64,10562700,Infosys,INFY,-0.0146,0.4877,1.0135,0,Infosys market update,1.0,0,0.0146
2024-10-16,21.53,13868500,Infosys,INFY,-0.0052,0.313,1.0101,0,Infosys market update,1.0,0,0.0051
2024-10-17,21.3,16539000,Infosys,INFY,-0.0105,0.1926,1.0322,0,Infosys market update,1.0,0,0.0107
2024-10-18,21.16,11307600,Infosys,INFY,-0.0066,-0.3163,1.0144,0,Infosys market update,1.0,0,0.0066
2024-10-21,20.87,10411900,Infosys,INFY,-0.0138,-0.0792,1.0136,0,Infosys market update,1.0,0,0.0137
2024-10-22,20.83,5733800,Infosys,INFY,-0.0018,-0.4493,1.0091,1,Infosys market update,1.0,0,0.0019
2024-10-23,20.88,4532000,Infosys,INFY,0.0023,-0.2096,1.0118,0,Infosys market update,1.0,0,0.0024
2024-10-24,20.73,7199600,Infosys,INFY,-0.0072,0.5886,1.0136,0,Infosys market update,1.0,0,0.0072
2024-10-25,20.58,6572800,Infosys,INFY,-0.0073,-0.0871,1.0101,1,Infosys market update,1.0,0,0.0072
2024-10-28,20.75,3887200,Infosys,INFY,0.0082,-0.4086,1.0077,0,Infosys market update,1.0,0,0.0083
2024-10-29,20.7,8789300,Infosys,INFY,-0.0023,1.2611,1.0157,0,Infosys market update,1.0,0,0.0024
2024-10-30,20.08,8486700,Infosys,INFY,-0.0299,-0.0344,1.0213,0,Infosys market update,1.0,0,0.03
2024-10-31,19.88,8615100,Infosys,INFY,-0.0099,0.0151,1.0101,0,Infosys market update,1.0,0,0.01
2024-11-01,19.74,9285500,Infosys,INFY,-0.0072,0.0778,1.0135,0,Infosys market update,1.0,0,0.007
2024-11-04,19.7,11936900,Infosys,INFY,-0.0019,0.2855,1.0111,0,Infosys market update,1.0,0,0.002
2024-11-05,19.69,9558400,Infosys,INFY,-0.0005,-0.1993,1.0073,1,Infosys market update,1.0,0,0.0005
2024-11-06,20.35,17779900,Infosys,INFY,0.0333,0.8601,1.0189,1,Infosys market update,1.0,0,0.0335
2024-11-07,20.59,12341100,Infosys,INFY,0.0117,-0.3059,1.015,1,Infosys market update,1.0,0,0.0118
2024-11-08,20.68,7743000,Infosys,INFY,0.0046,-0.3726,1.0157,1,Infosys market update,1.0,0,0.0044
2024-11-11,20.96,6092100,Infosys,INFY,0.0133,-0.2132,1.0165,0,Infosys market update,1.0,0,0.0135
2024-11-12,20.94,3848800,Infosys,INFY,-0.0009,-0.3682,1.0082,1,Infosys market update,1.0,0,0.001
2024-11-13,20.96,5432100,Infosys,INFY,0.0009,0.4114,1.0119,0,Infosys market update,1.0,0,0.001
2024-11-14,20.75,6169200,Infosys,INFY,-0.01,0.1357,1.0101,0,Infosys market update,1.0,0,0.01
2024-11-15,20.47,7650200,Infosys,INFY,-0.0133,0.2401,1.0178,1,Infosys market update,1.0,0,0.0135
2024-11-18,20.54,4816400,Infosys,INFY,0.0033,-0.3704,1.0188,1,Infosys market update,1.0,0,0.0034
2024-11-19,20.66,6033100,Infosys,INFY,0.006,0.2526,1.0243,1,Infosys market update,1.0,0,0.0058
2024-11-20,20.91,7812600,Infosys,INFY,0.012,0.295,1.0106,0,Infosys market update,1.0,0,0.0121
2024-11-21,20.88,6121500,Infosys,INFY,-0.0014,-0.2165,1.0124,1,Infosys market update,1.0,0,0.0014
2024-11-22,21.67,8678600,Infosys,INFY,0.0378,0.4177,1.0229,1,Infosys market update,1.0,0,0.0378
2024-11-25,21.72,11805800,Infosys,INFY,0.0022,0.3603,1.0192,1,Infosys market update,1.0,0,0.0023
2024-11-26,22.04,7339500,Infosys,INFY,0.0149,-0.3783,1.0131,0,Infosys market update,1.0,0,0.0147
2024-11-27,21.62,9141100,Infosys,INFY,-0.019,0.2455,1.0244,0,Infosys market update,1.0,0,0.0191
2024-11-29,20.99,5620900,Infosys,INFY,-0.0295,-0.3851,1.0109,1,Infosys market update,1.0,0,0.0291
2024-12-02,21.11,5836200,Infosys,INFY,0.0059,0.0383,1.0123,0,Infosys market update,1.0,0,0.0057
2024-12-03,21.03,8215700,Infosys,INFY,-0.0036,0.4077,1.0168,1,Infosys market update,1.0,0,0.0038
2024-12-04,21.41,5866400,Infosys,INFY,0.0181,-0.286,1.0153,1,Infosys market update,1.0,0,0.0181
2024-12-05,21.74,5984600,Infosys,INFY,0.0151,0.0201,1.0149,0,Infosys market update,1.0,0,0.0154
2024-12-06,21.74,4709600,Infosys,INFY,0.0,-0.213,1.0079,1,Infosys market update,1.0,0,0.0
2024-12-09,22.02,6292000,Infosys,INFY,0.0131,0.336,1.0174,1,Infosys market update,1.0,0,0.0129
2024-12-10,22.1,6600900,Infosys,INFY,0.0035,0.0491,1.0183,1,Infosys market update,1.0,0,0.0036
2024-12-11,22.21,6193400,Infosys,INFY,0.0052,-0.0617,1.0138,0,Infosys market update,1.0,0,0.005
2024-12-12,22.11,5750900,Infosys,INFY,-0.0047,-0.0714,1.0138,1,Infosys market update,1.0,0,0.0045
2024-12-13,22.25,4443500,Infosys,INFY,0.0065,-0.2273,1.015,0,Infosys market update,1.0,0,0.0063
2024-12-16,22.2,9862100,Infosys,INFY,-0.0021,1.2194,1.0116,0,Infosys market update,1.0,0,0.0022
2024-12-17,21.99,3890600,Infosys,INFY,-0.0094,-0.6055,1.0112,0,Infosys market update,1.0,0,0.0095
2024-12-18,21.54,6071000,Infosys,INFY,-0.0208,0.5604,1.0296,1,Infosys market update,1.0,0,0.0205
2024-12-19,22.27,9178400,Infosys,INFY,0.034,0.5118,1.0225,0,Infosys market update,1.0,0,0.0339
2024-12-20,21.61,12356700,Infosys,INFY,-0.0295,0.3463,1.0236,1,Infosys market update,1.0,0,0.0296
2024-12-23,21.66,3622600,Infosys,INFY,0.0022,-0.7068,1.0147,0,Infosys market update,1.0,0,0.0023
2024-12-24,21.65,2051600,Infosys,INFY,-0.0004,-0.4337,1.012,0,Infosys market update,1.0,0,0.0005
2024-12-26,21.53,3440300,Infosys,INFY,-0.0057,0.6769,1.0071,0,Infosys market update,1.0,0,0.0055
2024-12-27,21.38,4339900,Infosys,INFY,-0.0071,0.2615,1.0179,0,Infosys market update,1.0,0,0.007
2024-12-30,21.02,4830800,Infosys,INFY,-0.0169,0.1131,1.0151,0,Infosys market update,1.0,0,0.0168
2024-12-31,20.84,2304300,Infosys,INFY,-0.0081,-0.523,1.0137,1,Infosys market update,1.0,0,0.0086
2025-01-02,21.51,6556200,Infosys,INFY,0.0319,1.8452,1.0147,1,Infosys market update,1.0,0,0.0321
2025-01-03,21.52,3810700,Infosys,INFY,0.0004,-0.4188,1.0094,1,Infosys market update,1.0,0,0.0005
2025-01-06,21.63,4862600,Infosys,INFY,0.0053,0.276,1.0102,0,Infosys market update,1.0,0,0.0051
2025-01-07,21.5,5150400,Infosys,INFY,-0.0062,0.0592,1.0155,1,Infosys market update,1.0,0,0.006
2025-01-08,21.66,6199700,Infosys,INFY,0.0075,0.2037,1.0115,0,Infosys market update,1.0,0,0.0074
2025-01-10,21.59,7409000,Infosys,INFY,-0.0035,0.1951,1.0216,0,Infosys market update,1.0,0,0.0032
2025-01-13,21.58,11561800,Infosys,INFY,-0.0004,0.5605,1.0133,0,Infosys market update,1.0,0,0.0005
2025-01-14,21.41,13923400,Infosys,INFY,-0.0079,0.2043,1.0093,1,Infosys market update,1.0,0,0.0079
2025-01-15,21.77,9229900,Infosys,INFY,0.0169,-0.3371,1.0146,0,Infosys market update,1.0,0,0.0168
2025-01-16,20.51,22922700,Infosys,INFY,-0.0577,1.4835,1.0605,0,Infosys market update,1.0,0,0.0579
2025-01-17,20.15,13512700,Infosys,INFY,-0.0176,-0.4105,1.0185,0,Infosys market update,1.0,0,0.0176
2025-01-21,20.11,18004300,Infosys,INFY,-0.0019,0.3324,1.0115,1,Infosys market update,1.0,0,0.002
2025-01-22,20.55,9311600,Infosys,INFY,0.0217,-0.4828,1.0169,1,Infosys market update,1.0,0,0.0219
2025-01-23,20.71,10751800,Infosys,INFY,0.0079,0.1547,1.013,0,Infosys market update,1.0,0,0.0078
2025-01-24,20.62,7612600,Infosys,INFY,-0.0046,-0.292,1.0083,0,Infosys market update,1.0,0,0.0043
2025-01-27,20.48,9588900,Infosys,INFY,-0.0065,0.2596,1.0188,0,Infosys market update,1.0,0,0.0068
2025-01-28,20.47,14719300,Infosys,INFY,-0.0005,0.535,1.0113,1,Infosys market update,1.0,0,0.0005
2025-01-29,20.63,8351400,Infosys,INFY,0.0079,-0.4326,1.0107,1,Infosys market update,1.0,0,0.0078
2025-01-30,20.75,6800600,Infosys,INFY,0.0055,-0.1857,1.0171,1,Infosys market update,1.0,0,0.0058
2025-01-31,20.87,9751700,Infosys,INFY,0.006,0.4339,1.0105,1,Infosys market update,1.0,0,0.0058
2025-02-03,20.91,10983000,Infosys,INFY,0.0018,0.1263,1.0236,1,Infosys market update,1.0,0,0.0019
2025-02-04,21.28,9778200,Infosys,INFY,0.0177,-0.1097,1.0182,0,Infosys market update,1.0,0,0.0177
2025-02-05,21.21,9910900,Infosys,INFY,-0.0031,0.0136,1.0141,0,Infosys market update,1.0,0,0.0033
2025-02-06,21.15,9375200,Infosys,INFY,-0.0031,-0.0541,1.014,0,Infosys market update,1.0,0,0.0028
2025-02-07,20.76,9618000,Infosys,INFY,-0.0184,0.0259,1.0249,1,Infosys market update,1.0,0,0.0184
2025-02-10,20.8,9249900,Infosys,INFY,0.0018,-0.0383,1.0078,1,Infosys market update,1.0,0,0.0019
2025-02-11,20.89,8557800,Infosys,INFY,0.0046,-0.0748,1.0162,0,Infosys market update,1.0,0,0.0043
2025-02-12,20.68,5914200,Infosys,INFY,-0.01,-0.3089,1.0112,0,Infosys market update,1.0,0,0.0101
2025-02-13,20.67,9916700,Infosys,INFY,-0.0005,0.6768,1.0121,0,Infosys market update,1.0,0,0.0005
2025-02-14,20.51,7038100,Infosys,INFY,-0.0078,-0.2903,1.0097,0,Infosys market update,1.0,0,0.0077
2025-02-18,20.36,10779700,Infosys,INFY,-0.0074,0.5316,1.0142,0,Infosys market update,1.0,0,0.0073
2025-02-19,20.17,11414600,Infosys,INFY,-0.0093,0.0589,1.01,1,Infosys market update,1.0,0,0.0093
2025-02-20,20.3,10776600,Infosys,INFY,0.0066,-0.0559,1.0114,0,Infosys market update,1.0,0,0.0064
2025-02-21,20.13,13778200,Infosys,INFY,-0.0084,0.2785,1.0085,0,Infosys market update,1.0,0,0.0084
2025-02-24,19.81,12509400,Infosys,INFY,-0.0161,-0.0921,1.0112,0,Infosys market update,1.0,0,0.0159
2025-02-25,19.75,9215000,Infosys,INFY,-0.0029,-0.2634,1.0102,0,Infosys market update,1.0,0,0.003
2025-02-26,19.75,9233300,Infosys,INFY,0.0,0.002,1.0121,0,Infosys market update,1.0,0,0.0
2025-02-27,19.49,10206600,Infosys,INFY,-0.013,0.1054,1.0151,0,Infosys market update,1.0,0,0.0132
2025-02-28,19.11,17385600,Infosys,INFY,-0.0195,0.7034,1.0203,0,Infosys market update,1.0,0,0.0195
2025-03-03,18.86,9916000,Infosys,INFY,-0.0134,-0.4296,1.0202,0,Infosys market update,1.0,0,0.0131
2025-03-04,18.74,13778200,Infosys,INFY,-0.0061,0.3895,1.0189,1,Infosys market update,1.0,0,0.0064
2025-03-05,19.08,12466000,Infosys,INFY,0.0178,-0.0952,1.0136,0,Infosys market update,1.0,0,0.0181
2025-03-06,18.78,11306000,Infosys,INFY,-0.0155,-0.0931,1.0178,1,Infosys market update,1.0,0,0.0157
2025-03-07,18.89,15923200,Infosys,INFY,0.0056,0.4084,1.0185,0,Infosys market update,1.0,0,0.0059
2025-03-10,18.49,14185200,Infosys,INFY,-0.0211,-0.1091,1.0222,0,Infosys market update,1.0,0,0.0212
2025-03-11,18.04,17695000,Infosys,INFY,-0.0242,0.2474,1.0207,0,Infosys market update,1.0,0,0.0243
2025-03-12,17.59,15292400,Infosys,INFY,-0.0248,-0.1358,1.0169,0,Infosys market update,1.0,0,0.0249
2025-03-13,17.39,10913500,Infosys,INFY,-0.0114,-0.2863,1.0181,1,Infosys market update,1.0,0,0.0114
2025-03-14,17.5,7767300,Infosys,INFY,0.006,-0.2883,1.011,1,Infosys market update,1.0,0,0.0063
2025-03-17,17.66,10044500,Infosys,INFY,0.0092,0.2932,1.0169,0,Infosys market update,1.0,0,0.0091
2025-03-18,17.54,13070400,Infosys,INFY,-0.0065,0.3012,1.0163,1,Infosys market update,1.0,0,0.0068
2025-03-19,17.66,9710800,Infosys,INFY,0.0065,-0.257,1.0125,0,Infosys market update,1.0,0,0.0068
2025-03-20,17.17,19376100,Infosys,INFY,-0.0275,0.9953,1.0274,1,Infosys market update,1.0,0,0.0277
2025-03-21,17.42,18677600,Infosys,INFY,0.0144,-0.036,1.0143,1,Infosys market update,1.0,0,0.0146
2025-03-24,17.68,7515800,Infosys,INFY,0.0147,-0.5976,1.007,1,Infosys market update,1.0,0,0.0149
2025-03-25,17.91,11605900,Infosys,INFY,0.0129,0.5442,1.0122,0,Infosys market update,1.0,0,0.013
2025-03-26,17.74,7391100,Infosys,INFY,-0.009,-0.3632,1.0102,1,Infosys market update,1.0,0,0.0095
2025-03-27,17.75,6249500,Infosys,INFY,0.0005,-0.1545,1.0097,0,Infosys market update,1.0,0,0.0006
2025-03-28,17.28,7866100,Infosys,INFY,-0.0268,0.2587,1.0204,1,Infosys market update,1.0,0,0.0265
2025-03-31,17.35,12408200,Infosys,INFY,0.0044,0.5774,1.0235,0,Infosys market update,1.0,0,0.0041
2025-04-01,17.31,13574900,Infosys,INFY,-0.0027,0.094,1.0145,1,Infosys market update,1.0,0,0.0023
2025-04-02,17.49,9782300,Infosys,INFY,0.0104,-0.2794,1.0171,0,Infosys market update,1.0,0,0.0104
2025-04-03,16.5,16271300,Infosys,INFY,-0.0566,0.6633,1.0272,0,Infosys market update,1.0,0,0.0566
2025-04-04,15.77,19389000,Infosys,INFY,-0.0444,0.1916,1.0242,1,Infosys market update,1.0,0,0.0442
2025-04-07,15.96,23309900,Infosys,INFY,0.0121,0.2022,1.0661,0,Infosys market update,1.0,0,0.012
2025-04-08,15.61,12944700,Infosys,INFY,-0.0215,-0.4447,1.0579,1,Infosys market update,1.0,0,0.0219
2025-04-09,16.79,20797800,Infosys,INFY,0.0755,0.6067,1.1003,0,Infosys market update,1.0,0,0.0756
2025-04-10,16.15,25884800,Infosys,INFY,-0.0385,0.2446,1.0491,0,Infosys market update,1.0,0,0.0381
2025-04-11,16.05,15133500,Infosys,INFY,-0.0059,-0.4154,1.0285,1,Infosys market update,1.0,0,0.0062
2025-04-14,16.17,20142000,Infosys,INFY,0.0077,0.331,1.0172,1,Infosys market update,1.0,0,0.0075
2025-04-15,16.19,16826200,Infosys,INFY,0.0012,-0.1646,1.0119,0,Infosys market update,1.0,0,0.0012
2025-04-16,15.77,21244700,Infosys,INFY,-0.0264,0.2626,1.0194,0,Infosys market update,1.0,0,0.0259
2025-04-17,15.35,20714100,Infosys,INFY,-0.0265,-0.025,1.0398,1,Infosys market update,1.0,0,0.0266
2025-04-21,15.77,20614300,Infosys,INFY,0.0273,-0.0048,1.0299,1,Infosys market update,1.0,0,0.0274
2025-04-22,16.03,10459300,Infosys,INFY,0.0169,-0.4926,1.0162,1,Infosys market update,1.0,0,0.0165
2025-04-23,16.38,12569300,Infosys,INFY,0.0219,0.2017,1.0215,1,Infosys market update,1.0,0,0.0218
2025-04-24,16.51,10165700,Infosys,INFY,0.0075,-0.1912,1.0122,1,Infosys market update,1.0,0,0.0079
2025-04-25,16.55,7574000,Infosys,INFY,0.0023,-0.2549,1.0104,0,Infosys market update,1.0,0,0.0024
2025-04-28,16.48,7546900,Infosys,INFY,-0.004,-0.0036,1.0175,1,Infosys market update,1.0,0,0.0042
2025-04-29,16.71,7769600,Infosys,INFY,0.0138,0.0295,1.0167,1,Infosys market update,1.0,0,0.014
2025-04-30,16.74,7085500,Infosys,INFY,0.0017,-0.088,1.0191,0,Infosys market update,1.0,0,0.0018
2025-05-01,16.74,7752700,Infosys,INFY,0.0,0.0942,1.0097,1,Infosys market update,1.0,0,0.0
2025-05-02,17.0,8940500,Infosys,INFY,0.0159,0.1532,1.0084,0,Infosys market update,1.0,0,0.0155
2025-05-05,16.97,5659500,Infosys,INFY,-0.0017,-0.367,1.0078,0,Infosys market update,1.0,0,0.0018
2025-05-06,16.9,8333400,Infosys,INFY,-0.0045,0.4725,1.0141,0,Infosys market update,1.0,0,0.0041
2025-05-07,16.84,5479000,Infosys,INFY,-0.0034,-0.3425,1.0074,0,Infosys market update,1.0,0,0.0036
2025-05-08,16.63,11433300,Infosys,INFY,-0.0124,1.0867,1.0183,0,Infosys market update,1.0,0,0.0125
2025-05-09,16.63,8642400,Infosys,INFY,0.0,-0.2441,1.0201,1,Infosys market update,1.0,0,0.0
2025-05-12,17.73,16249500,Infosys,INFY,0.0663,0.8802,1.0227,0,Infosys market update,1.0,0,0.0661
2025-05-13,17.48,8599700,Infosys,INFY,-0.0145,-0.4708,1.0099,1,Infosys market update,1.0,0,0.0141
2025-05-14,17.55,8648200,Infosys,INFY,0.0044,0.0056,1.0082,1,Infosys market update,1.0,0,0.004
2025-05-15,17.8,8079100,Infosys,INFY,0.0141,-0.0658,1.0097,0,Infosys market update,1.0,0,0.0142
2025-05-16,17.41,12914100,Infosys,INFY,-0.0219,0.5985,1.016,1,Infosys market update,1.0,0,0.0219
2025-05-19,17.43,9394400,Infosys,INFY,0.0011,-0.2725,1.0166,0,Infosys market update,1.0,0,0.0011
2025-05-20,17.34,7065500,Infosys,INFY,-0.0049,-0.2479,1.0077,0,Infosys market update,1.0,0,0.0052
2025-05-21,17.27,7863200,Infosys,INFY,-0.0044,0.1129,1.0149,0,Infosys market update,1.0,0,0.004
2025-05-22,17.15,8345000,Infosys,INFY,-0.0066,0.0613,1.0185,1,Infosys market update,1.0,0,0.0069
2025-05-23,17.22,10086500,Infosys,INFY,0.0039,0.2087,1.0145,1,Infosys market update,1.0,0,0.0041
2025-05-27,17.58,9014400,Infosys,INFY,0.021,-0.1063,1.0131,0,Infosys market update,1.0,0,0.0209
2025-05-28,17.46,6625900,Infosys,INFY,-0.007,-0.265,1.0071,1,Infosys market update,1.0,0,0.0068
2025-05-29,17.55,8526600,Infosys,INFY,0.0054,0.2869,1.0109,0,Infosys market update,1.0,0,0.0052
2025-05-30,17.54,12638500,Infosys,INFY,-0.0007,0.4822,1.0105,0,Infosys market update,1.0,0,0.0006
2025-06-02,17.54,8475400,Infosys,INFY,0.0,-0.3294,1.0117,0,Infosys market update,1.0,0,0.0
2025-06-03,17.4,11219600,Infosys,INFY,-0.0082,0.3238,1.0106,0,Infosys market update,1.0,0,0.008
2025-06-04,17.21,7541700,Infosys,INFY,-0.0105,-0.3278,1.0157,1,Infosys market update,1.0,0,0.0109
2025-06-05,17.29,9590900,Infosys,INFY,0.0045,0.2717,1.0084,1,Infosys market update,1.0,0,0.0046
2025-06-06,17.55,6425900,Infosys,INFY,0.0151,-0.33,1.0061,1,Infosys market update,1.0,0,0.015
2025-06-09,17.64,5386700,Infosys,INFY,0.0049,-0.1617,1.0077,1,Infosys market update,1.0,0,0.0051
2025-06-10,17.85,9545800,Infosys,INFY,0.012,0.7721,1.0119,1,Infosys market update,1.0,0,0.0119
2025-06-11,17.95,15531200,Infosys,INFY,0.0054,0.627,1.0177,0,Infosys market update,1.0,0,0.0056
2025-06-12,17.9,11362600,Infosys,INFY,-0.0027,-0.2684,1.0131,0,Infosys market update,1.0,0,0.0028
2025-06-13,17.76,10471900,Infosys,INFY,-0.0075,-0.0784,1.0103,1,Infosys market update,1.0,0,0.0078
2025-06-16,18.08,9604100,Infosys,INFY,0.0179,-0.0829,1.0064,0,Infosys market update,1.0,0,0.018
2025-06-17,18.0,10128900,Infosys,INFY,-0.0043,0.0546,1.0102,0,Infosys market update,1.0,0,0.0044
2025-06-18,17.77,10915900,Infosys,INFY,-0.0129,0.0777,1.0125,0,Infosys market update,1.0,0,0.0128
2025-06-20,17.05,37327100,Infosys,INFY,-0.0407,2.4195,1.039,1,Infosys market update,1.0,0,0.0405
2025-06-23,17.45,15272800,Infosys,INFY,0.0238,-0.5908,1.0151,1,Infosys market update,1.0,0,0.0235
2025-06-24,17.65,8763700,Infosys,INFY,0.011,-0.4262,1.0088,1,Infosys market update,1.0,0,0.0115
2025-06-25,17.85,10846500,Infosys,INFY,0.0115,0.2377,1.0081,1,Infosys market update,1.0,0,0.0113
2025-06-26,17.94,14327700,Infosys,INFY,0.0049,0.321,1.0081,0,Infosys market update,1.0,0,0.005
2025-06-27,17.86,13502100,Infosys,INFY,-0.0043,-0.0576,1.0136,1,Infosys market update,1.0,0,0.0045
2025-06-30,17.87,12743100,Infosys,INFY,0.0005,-0.0562,1.0054,1,Infosys market update,1.0,0,0.0006
2025-07-01,18.23,15010100,Infosys,INFY,0.02,0.1779,1.0226,0,Infosys market update,1.0,0,0.0201
2025-07-02,18.21,9428300,Infosys,INFY,-0.0011,-0.3719,1.0118,1,Infosys market update,1.0,0,0.0011
2025-07-03,18.28,4267300,Infosys,INFY,0.0042,-0.5474,1.0064,0,Infosys market update,1.0,0,0.0038
2025-07-07,18.15,8790400,Infosys,INFY,-0.0074,1.0599,1.0107,1,Infosys market update,1.0,0,0.0071
2025-07-08,18.22,10832400,Infosys,INFY,0.0037,0.2323,1.0128,0,Infosys market update,1.0,0,0.0039
2025-07-09,18.15,13092800,Infosys,INFY,-0.0037,0.2087,1.015,0,Infosys market update,1.0,0,0.0038
2025-07-10,17.45,27407300,Infosys,INFY,-0.0383,1.0933,1.0199,1,Infosys market update,1.0,0,0.0386
2025-07-11,17.54,16461200,Infosys,INFY,0.005,-0.3994,1.0094,0,Infosys market update,1.0,0,0.0052
2025-07-14,17.37,14495200,Infosys,INFY,-0.0099,-0.1194,1.0123,1,Infosys market update,1.0,0,0.0097
2025-07-15,17.57,14013600,Infosys,INFY,0.0117,-0.0332,1.0066,1,Infosys market update,1.0,0,0.0115
2025-07-16,17.84,15715300,Infosys,INFY,0.0154,0.1214,1.0093,0,Infosys market update,1.0,0,0.0154
2025-07-17,17.81,13528000,Infosys,INFY,-0.0016,-0.1392,1.0131,0,Infosys market update,1.0,0,0.0017
2025-07-18,17.56,9706800,Infosys,INFY,-0.0141,-0.2825,1.0132,0,Infosys market update,1.0,0,0.014
2025-07-21,17.54,11469300,Infosys,INFY,-0.0011,0.1816,1.0094,1,Infosys market update,1.0,0,0.0011
2025-07-22,17.61,18870500,Infosys,INFY,0.0038,0.6453,1.011,1,Infosys market update,1.0,0,0.004
2025-07-23,17.79,24739700,Infosys,INFY,0.0104,0.311,1.0234,0,Infosys market update,1.0,0,0.0102
2025-07-24,17.05,14675700,Infosys,INFY,-0.0417,-0.4068,1.0165,0,Infosys market update,1.0,0,0.0416
2025-07-25,16.75,19087800,Infosys,INFY,-0.0175,0.3006,1.0122,0,Infosys market update,1.0,0,0.0176
2025-07-28,16.55,21715200,Infosys,INFY,-0.0121,0.1376,1.0164,1,Infosys market update,1.0,0,0.0119
2025-07-29,16.6,11563700,Infosys,INFY,0.0029,-0.4675,1.0105,0,Infosys market update,1.0,0,0.003
2025-07-30,16.35,13278800,Infosys,INFY,-0.0151,0.1483,1.0142,0,Infosys market update,1.0,0,0.0151
2025-07-31,16.12,15926400,Infosys,INFY,-0.0136,0.1994,1.0186,0,Infosys market update,1.0,0,0.0141
2025-08-01,15.82,20078400,Infosys,INFY,-0.0185,0.2607,1.0171,1,Infosys market update,1.0,0,0.0186
2025-08-04,15.89,18306000,Infosys,INFY,0.0043,-0.0883,1.0146,0,Infosys market update,1.0,0,0.0044
2025-08-05,15.62,22539900,Infosys,INFY,-0.017,0.2313,1.0185,0,Infosys market update,1.0,0,0.017
2025-08-06,15.5,16992500,Infosys,INFY,-0.008,-0.2461,1.0138,0,Infosys market update,1.0,0,0.0077
2025-08-07,15.45,19616500,Infosys,INFY,-0.0031,0.1544,1.0219,0,Infosys market update,1.0,0,0.0032
2025-08-08,15.42,13909900,Infosys,INFY,-0.0019,-0.2909,1.01,0,Infosys market update,1.0,0,0.0019
2025-08-11,15.41,20161800,Infosys,INFY,-0.0006,0.4495,1.0157,1,Infosys market update,1.0,0,0.0006
2025-08-12,15.5,18403100,Infosys,INFY,0.0056,-0.0872,1.0132,1,Infosys market update,1.0,0,0.0058
2025-08-13,15.8,27608700,Infosys,INFY,0.0193,0.5002,1.0211,0,Infosys market update,1.0,0,0.0194
2025-08-14,15.78,18675100,Infosys,INFY,-0.0012,-0.3236,1.0186,1,Infosys market update,1.0,0,0.0013
2025-08-15,15.97,9000900,Infosys,INFY,0.0122,-0.518,1.0159,0,Infosys market update,1.0,0,0.012
2025-08-18,15.82,11116100,Infosys,INFY,-0.0091,0.235,1.0105,1,Infosys market update,1.0,0,0.0094
2025-08-19,16.01,18923300,Infosys,INFY,0.0116,0.7023,1.0134,1,Infosys market update,1.0,0,0.012
2025-08-20,16.4,22949600,Infosys,INFY,0.0247,0.2128,1.013,1,Infosys market update,1.0,0,0.0244
2025-08-21,16.44,19974100,Infosys,INFY,0.0024,-0.1297,1.0101,1,Infosys market update,1.0,0,0.0024
2025-08-22,16.72,33953400,Infosys,INFY,0.017,0.6999,1.0236,0,Infosys market update,1.0,0,0.017
2025-08-25,16.71,17187400,Infosys,INFY,-0.0006,-0.4938,1.0087,0,Infosys market update,1.0,0,0.0006
2025-08-26,16.61,14770200,Infosys,INFY,-0.0063,-0.1406,1.0117,1,Infosys market update,1.0,0,0.006
2025-08-27,16.74,10264900,Infosys,INFY,0.0081,-0.305,1.0134,0,Infosys market update,1.0,0,0.0078
2025-08-28,16.39,28336300,Infosys,INFY,-0.0207,1.7605,1.0089,0,Infosys market update,1.0,0,0.0209
2025-08-29,16.22,17333200,Infosys,INFY,-0.0106,-0.3883,1.0144,1,Infosys market update,1.0,0,0.0104
2025-09-02,16.29,13503100,Infosys,INFY,0.0042,-0.221,1.012,0,Infosys market update,1.0,0,0.0043
2025-09-03,16.05,19263600,Infosys,INFY,-0.0148,0.4266,1.0212,0,Infosys market update,1.0,0,0.0147
2025-09-04,16.0,15167700,Infosys,INFY,-0.003,-0.2126,1.0197,0,Infosys market update,1.0,0,0.0031
2025-09-05,15.8,23404000,Infosys,INFY,-0.0127,0.543,1.0196,1,Infosys market update,1.0,0,0.0125
2025-09-08,16.19,25547900,Infosys,INFY,0.025,0.0916,1.0188,1,Infosys market update,1.0,0,0.0247
2025-09-09,16.4,14879900,Infosys,INFY,0.0131,-0.4176,1.0124,0,Infosys market update,1.0,0,0.013
2025-09-10,16.37,17812800,Infosys,INFY,-0.0018,0.1971,1.0201,1,Infosys market update,1.0,0,0.0018
2025-09-11,16.46,30237600,Infosys,INFY,0.0053,0.6975,1.035,0,Infosys market update,1.0,0,0.0055
2025-09-12,16.36,12966900,Infosys,INFY,-0.0064,-0.5712,1.0101,0,Infosys market update,1.0,0,0.0061
2025-09-15,16.32,18852800,Infosys,INFY,-0.0024,0.4539,1.0154,1,Infosys market update,1.0,0,0.0024
2025-09-16,16.45,17749400,Infosys,INFY,0.0083,-0.0585,1.0118,1,Infosys market update,1.0,0,0.008
2025-09-17,17.05,32050800,Infosys,INFY,0.0363,0.8057,1.0337,0,Infosys market update,1.0,0,0.0365
2025-09-18,16.94,13245800,Infosys,INFY,-0.0062,-0.5867,1.0092,0,Infosys market update,1.0,0,0.0065
2025-09-19,16.36,54720200,Infosys,INFY,-0.0341,3.1311,1.0844,1,Infosys market update,1.0,0,0.0342
2025-09-22,16.54,14994200,Infosys,INFY,0.0106,-0.726,1.0232,0,Infosys market update,1.0,0,0.011
2025-09-23,16.28,11524400,Infosys,INFY,-0.0157,-0.2314,1.0154,1,Infosys market update,1.0,0,0.0157
2025-09-24,16.42,17049600,Infosys,INFY,0.0089,0.4794,1.0131,0,Infosys market update,1.0,0,0.0086
2025-09-25,15.95,17831200,Infosys,INFY,-0.0288,0.0458,1.0224,0,Infosys market update,1.0,0,0.0286
2025-09-26,15.93,19463500,Infosys,INFY,-0.0012,0.0915,1.0147,0,Infosys market update,1.0,0,0.0013
2025-09-29,15.74,19370300,Infosys,INFY,-0.0121,-0.0048,1.016,0,Infosys market update,1.0,0,0.0119
2025-09-30,15.69,13331200,Infosys,INFY,-0.0031,-0.3118,1.0142,1,Infosys market update,1.0,0,0.0032
2025-10-01,15.79,15899200,Infosys,INFY,0.0061,0.1926,1.0117,0,Infosys market update,1.0,0,0.0064
2025-10-02,15.57,13738800,Infosys,INFY,-0.0134,-0.1359,1.025,1,Infosys market update,1.0,0,0.0139
2025-10-03,15.65,15110100,Infosys,INFY,0.005,0.0998,1.0112,1,Infosys market update,1.0,0,0.0051
2025-10-06,16.09,21090500,Infosys,INFY,0.0283,0.3958,1.0201,0,Infosys market update,1.0,0,0.0281
2025-10-07,15.81,15178500,Infosys,INFY,-0.018,-0.2803,1.0129,1,Infosys market update,1.0,0,0.0174
2025-10-08,16.14,13231300,Infosys,INFY,0.0214,-0.1283,1.0121,1,Infosys market update,1.0,0,0.0209
2025-10-09,16.45,21105900,Infosys,INFY,0.0191,0.5951,1.0178,0,Infosys market update,1.0,0,0.0192
2025-10-10,15.99,15132700,Infosys,INFY,-0.0281,-0.283,1.0296,1,Infosys market update,1.0,0,0.028
2025-10-13,16.18,9959800,Infosys,INFY,0.0121,-0.3418,1.0132,0,Infosys market update,1.0,0,0.0119
2025-10-14,15.89,19181600,Infosys,INFY,-0.0179,0.9259,1.0177,0,Infosys market update,1.0,0,0.0179
2025-10-15,15.85,23613300,Infosys,INFY,-0.0024,0.231,1.014,0,Infosys market update,1.0,0,0.0025
2025-10-16,15.5,30758900,Infosys,INFY,-0.0225,0.3026,1.0297,1,Infosys market update,1.0,0,0.0221
2025-10-17,15.75,12874600,Infosys,INFY,0.0162,-0.5814,1.0155,1,Infosys market update,1.0,0,0.0161
2025-10-20,16.31,19872900,Infosys,INFY,0.0355,0.5436,1.0349,1,Infosys market update,1.0,0,0.0356
2025-10-21,16.79,24526800,Infosys,INFY,0.0296,0.2342,1.0413,1,Infosys market update,1.0,0,0.0294
2025-10-22,16.85,23013100,Infosys,INFY,0.0034,-0.0617,1.0109,1,Infosys market update,1.0,0,0.0036
2025-10-23,16.9,14138800,Infosys,INFY,0.0034,-0.3856,1.0173,0,Infosys market update,1.0,0,0.003
2025-10-24,16.86,8492500,Infosys,INFY,-0.0029,-0.3993,1.0103,0,Infosys market update,1.0,0,0.0024
2025-10-27,16.68,11499700,Infosys,INFY,-0.0105,0.3541,1.0225,0,Infosys market update,1.0,0,0.0107
2025-10-28,16.53,15833300,Infosys,INFY,-0.0088,0.3768,1.013,0,Infosys market update,1.0,0,0.009
2025-10-29,16.52,13848200,Infosys,INFY,-0.0006,-0.1254,1.0244,0,Infosys market update,1.0,0,0.0006
2025-10-30,16.29,14127400,Infosys,INFY,-0.0142,0.0202,1.0133,0,Infosys market update,1.0,0,0.0139
2025-10-31,16.22,13459400,Infosys,INFY,-0.0042,-0.0473,1.0152,0,Infosys market update,1.0,0,0.0043
2025-11-03,16.06,12273800,Infosys,INFY,-0.0097,-0.0881,1.0202,0,Infosys market update,1.0,0,0.0099
2025-11-04,15.96,10752700,Infosys,INFY,-0.0067,-0.1239,1.008,1,Infosys market update,1.0,0,0.0062
2025-11-05,16.07,9322900,Infosys,INFY,0.0074,-0.133,1.011,0,Infosys market update,1.0,0,0.0069
2025-11-06,15.84,10341600,Infosys,INFY,-0.0146,0.1093,1.0173,1,Infosys market update,1.0,0,0.0143
2025-11-07,16.15,8094500,Infosys,INFY,0.0198,-0.2173,1.0148,1,Infosys market update,1.0,0,0.0196
2025-11-10,16.41,9889900,Infosys,INFY,0.0158,0.2218,1.0162,1,Infosys market update,1.0,0,0.0161
2025-11-11,16.65,9370300,Infosys,INFY,0.0149,-0.0525,1.0124,1,Infosys market update,1.0,0,0.0146
2025-11-12,16.73,10919500,Infosys,INFY,0.0047,0.1653,1.0135,0,Infosys market update,1.0,0,0.0048
2025-11-13,16.6,10304900,Infosys,INFY,-0.0076,-0.0563,1.013,0,Infosys market update,1.0,0,0.0078
2025-11-14,16.3,11248600,Infosys,INFY,-0.0183,0.0916,1.0097,1,Infosys market update,1.0,0,0.0181
2025-11-17,16.42,10426600,Infosys,INFY,0.0072,-0.0731,1.0138,1,Infosys market update,1.0,0,0.0074
2025-11-18,16.59,14371300,Infosys,INFY,0.0107,0.3783,1.0229,1,Infosys market update,1.0,0,0.0104
2025-11-19,16.94,7807700,Infosys,INFY,0.0212,-0.4567,1.0081,0,Infosys market update,1.0,0,0.0211
2025-11-20,16.77,12455000,Infosys,INFY,-0.0104,0.5952,1.0165,1,Infosys market update,1.0,0,0.01
2025-11-21,17.33,16657000,Infosys,INFY,0.0333,0.3374,1.0386,0,Infosys market update,1.0,0,0.0334
2025-11-24,16.9,12775000,Infosys,INFY,-0.0243,-0.2331,1.0185,1,Infosys market update,1.0,0,0.0248
2025-11-25,16.91,10433200,Infosys,INFY,0.0006,-0.1833,1.0164,1,Infosys market update,1.0,0,0.0006
2025-11-26,17.05,8260000,Infosys,INFY,0.0081,-0.2083,1.0202,1,Infosys market update,1.0,0,0.0083
2025-11-28,17.11,3688900,Infosys,INFY,0.0034,-0.5534,1.0115,0,Infosys market update,1.0,0,0.0035
2025-12-01,17.08,5508400,Infosys,INFY,-0.0017,0.4932,1.0103,0,Infosys market update,1.0,0,0.0018
2025-12-02,17.04,6642800,Infosys,INFY,-0.0023,0.2059,1.0098,1,Infosys market update,1.0,0,0.0023
2025-12-03,17.29,7412700,Infosys,INFY,0.0144,0.1159,1.012,1,Infosys market update,1.0,0,0.0147
2025-12-04,17.9,18299700,Infosys,INFY,0.0357,1.4687,1.0298,0,Infosys market update,1.0,0,0.0353
2025-12-05,17.69,9198300,Infosys,INFY,-0.012,-0.4974,1.0111,0,Infosys market update,1.0,0,0.0117
2025-12-08,17.35,7209500,Infosys,INFY,-0.0194,-0.2162,1.0209,1,Infosys market update,1.0,0,0.0192
2025-12-09,17.37,16529000,Infosys,INFY,0.0017,1.2927,1.0164,1,Infosys market update,1.0,0,0.0012
2025-12-10,17.69,10143600,Infosys,INFY,0.018,-0.3863,1.0289,0,Infosys market update,1.0,0,0.0184
2025-12-11,17.42,12986500,Infosys,INFY,-0.0149,0.2803,1.0124,0,Infosys market update,1.0,0,0.0153
2025-12-12,17.4,7955900,Infosys,INFY,-0.0011,-0.3874,1.013,0,Infosys market update,1.0,0,0.0011
2025-12-15,17.4,8091200,Infosys,INFY,0.0,0.017,1.013,0,Infosys market update,1.0,0,0.0
2025-12-16,17.39,14058800,Infosys,INFY,-0.0006,0.7375,1.0125,1,Infosys market update,1.0,0,0.0006
2025-12-17,17.83,15974900,Infosys,INFY,0.0253,0.1363,1.0229,1,Infosys market update,1.0,0,0.0253
2025-12-18,18.77,29526500,Infosys,INFY,0.0527,0.8483,1.0604,1,Infosys market update,1.0,0,0.0527
2025-12-19,19.79,118705800,Infosys,INFY,0.0542,3.0203,1.5798,0,Infosys market update,1.0,0,0.0543
2025-12-22,18.75,23938800,Infosys,INFY,-0.0524,-0.7983,1.0543,0,Infosys market update,1.0,0,0.0526
2025-12-23,18.18,13291700,Infosys,INFY,-0.0308,-0.4448,1.0287,1,Infosys market update,1.0,0,0.0304
2025-12-24,18.27,13262500,Infosys,INFY,0.0054,-0.0022,1.0152,1,Infosys market update,1.0,0,0.005
2025-12-26,18.39,6204000,Infosys,INFY,0.0064,-0.5322,1.0167,0,Infosys market update,1.0,0,0.0066
2025-12-29,18.04,6075600,Infosys,INFY,-0.0192,-0.0207,1.0153,0,Infosys market update,1.0,0,0.019
2025-12-30,17.66,6867400,Infosys,INFY,-0.0212,0.1303,1.0194,0,Infosys market update,1.0,0,0.0211
2025-12-31,17.44,4524100,Infosys,INFY,-0.0122,-0.3412,1.018,1,Infosys market update,1.0,0,0.0125
2026-01-02,17.77,8327700,Infosys,INFY,0.0185,0.8407,1.0161,0,Infosys market update,1.0,0,0.0189
2026-01-05,17.31,16098800,Infosys,INFY,-0.0259,0.9332,1.0243,1,Infosys market update,1.0,0,0.0259
2026-01-06,17.72,11906900,Infosys,INFY,0.0238,-0.2604,1.0219,1,Infosys market update,1.0,0,0.0237
2026-01-07,17.84,8960000,Infosys,INFY,0.0072,-0.2475,1.0209,0,Infosys market update,1.0,0,0.0068
2026-01-08,17.66,7461600,Infosys,INFY,-0.0104,-0.1672,1.0145,0,Infosys market update,1.0,0,0.0101
2026-01-09,17.45,6356300,Infosys,INFY,-0.0116,-0.1481,1.0226,0,Infosys market update,1.0,0,0.0119
2026-01-12,17.42,12811600,Infosys,INFY,-0.0017,1.0156,1.0165,0,Infosys market update,1.0,0,0.0017
2026-01-13,17.15,19913500,Infosys,INFY,-0.0157,0.5543,1.0195,1,Infosys market update,1.0,0,0.0155
2026-01-14,18.94,37606900,Infosys,INFY,0.1045,0.8885,1.0764,0,Infosys market update,1.0,0,0.1044
2026-01-15,18.42,19077800,Infosys,INFY,-0.0274,-0.4927,1.0324,0,Infosys market update,1.0,0,0.0275
2026-01-16,18.24,12792700,Infosys,INFY,-0.0101,-0.3294,1.0178,0,Infosys market update,1.0,0,0.0098
2026-01-20,17.82,8885400,Infosys,INFY,-0.0225,-0.3054,1.0198,1,Infosys market update,1.0,0,0.023
2026-01-21,17.92,9311900,Infosys,INFY,0.0055,0.048,1.0211,0,Infosys market update,1.0,0,0.0056
2026-01-22,17.9,7346300,Infosys,INFY,-0.0011,-0.2111,1.0176,0,Infosys market update,1.0,0,0.0011
2026-01-23,17.85,4347600,Infosys,INFY,-0.0027,-0.4082,1.0149,1,Infosys market update,1.0,0,0.0028
2026-01-26,18.16,5162400,Infosys,INFY,0.017,0.1874,1.0258,0,Infosys market update,1.0,0,0.0174
2026-01-27,17.86,7960200,Infosys,INFY,-0.0162,0.542,1.0314,0,Infosys market update,1.0,0,0.0165
2026-01-28,17.55,8729200,Infosys,INFY,-0.0175,0.0966,1.0179,0,Infosys market update,1.0,0,0.0174
2026-01-29,17.37,15133900,Infosys,INFY,-0.01,0.7337,1.03,0,Infosys market update,1.0,0,0.0103
2026-01-30,17.21,17190500,Infosys,INFY,-0.0096,0.1359,1.0143,1,Infosys market update,1.0,0,0.0092
2026-02-02,17.95,14203800,Infosys,INFY,0.0432,-0.1737,1.0449,0,Infosys market update,1.0,0,0.043
2026-02-03,16.95,29449200,Infosys,INFY,-0.0556,1.0733,1.0617,0,Infosys market update,1.0,0,0.0557
2026-02-04,16.39,32385600,Infosys,INFY,-0.0335,0.0997,1.0437,1,Infosys market update,1.0,0,0.033
2026-02-05,16.44,13642800,Infosys,INFY,0.0036,-0.5787,1.0267,1,Infosys market update,1.0,0,0.0031
2026-02-06,16.48,14622500,Infosys,INFY,0.0024,0.0718,1.023,0,Infosys market update,1.0,0,0.0024
2026-02-09,15.96,10278200,Infosys,INFY,-0.0315,-0.2971,1.0228,1,Infosys market update,1.0,0,0.0316
2026-02-10,16.26,9978100,Infosys,INFY,0.0184,-0.0292,1.0182,0,Infosys market update,1.0,0,0.0188
2026-02-11,15.43,12472900,Infosys,INFY,-0.0512,0.25,1.0305,0,Infosys market update,1.0,0,0.051
2026-02-12,13.91,32387500,Infosys,INFY,-0.0984,1.5966,1.0761,1,Infosys market update,1.0,0,0.0985
2026-02-13,14.41,19838300,Infosys,INFY,0.0359,-0.3875,1.0318,1,Infosys market update,1.0,0,0.0359
2026-02-17,14.44,23069500,Infosys,INFY,0.002,0.1629,1.0453,1,Infosys market update,1.0,0,0.0021
2026-02-18,14.73,14666600,Infosys,INFY,0.0203,-0.3642,1.0307,0,Infosys market update,1.0,0,0.0201
2026-02-19,14.24,18068200,Infosys,INFY,-0.0332,0.2319,1.0285,1,Infosys market update,1.0,0,0.0333
2026-02-20,14.34,15845900,Infosys,INFY,0.0069,-0.123,1.0219,0,Infosys market update,1.0,0,0.007
2026-02-23,13.62,23772100,Infosys,INFY,-0.0505,0.5002,1.0436,0,Infosys market update,1.0,0,0.0502
2026-02-24,13.55,25141200,Infosys,INFY,-0.005,0.0576,1.0366,1,Infosys market update,1.0,0,0.0051
2026-02-25,13.94,28804500,Infosys,INFY,0.0289,0.1457,1.0468,1,Infosys market update,1.0,0,0.0288
2026-02-26,14.39,19283300,Infosys,INFY,0.0323,-0.3305,1.0365,0,Infosys market update,1.0,0,0.0323
2026-02-27,14.13,16921500,Infosys,INFY,-0.0177,-0.1225,1.0322,0,Infosys market update,1.0,0,0.0181
2026-03-02,13.89,10539300,Infosys,INFY,-0.0173,-0.3772,1.025,1,Infosys market update,1.0,0,0.017
2026-03-03,13.92,11463100,Infosys,INFY,0.0021,0.0877,1.0325,1,Infosys market update,1.0,0,0.0022
2026-03-04,14.03,20009500,Infosys,INFY,0.0077,0.7456,1.0233,1,Infosys market update,1.0,0,0.0079
2026-03-05,14.1,14782300,Infosys,INFY,0.0049,-0.2612,1.0254,1,Infosys market update,1.0,0,0.005
2026-03-06,14.13,15217400,Infosys,INFY,0.0028,0.0294,1.0327,0,Infosys market update,1.0,0,0.0021
2026-03-09,14.11,14572800,Infosys,INFY,-0.0014,-0.0424,1.0219,0,Infosys market update,1.0,0,0.0014
2026-03-10,13.74,17286900,Infosys,INFY,-0.0264,0.1862,1.0376,0,Infosys market update,1.0,0,0.0262
2026-03-11,13.58,15353300,Infosys,INFY,-0.0121,-0.1119,1.0346,0,Infosys market update,1.0,0,0.0116
2026-03-12,13.16,16372600,Infosys,INFY,-0.031,0.0664,1.0335,0,Infosys market update,1.0,0,0.0309
2026-03-13,12.99,10456500,Infosys,INFY,-0.0126,-0.3613,1.0279,0,Infosys market update,1.0,0,0.0129
2026-03-16,12.98,22523200,Infosys,INFY,-0.0008,1.154,1.0167,0,Infosys market update,1.0,0,0.0008
2026-03-17,12.92,22008800,Infosys,INFY,-0.0045,-0.0228,1.0176,0,Infosys market update,1.0,0,0.0046
2026-03-18,12.65,25447600,Infosys,INFY,-0.0212,0.1562,1.0559,1,Infosys market update,1.0,0,0.0209
2026-03-19,12.77,24317200,Infosys,INFY,0.0101,-0.0444,1.0461,1,Infosys market update,1.0,0,0.0095
2026-03-20,12.84,100979500,Infosys,INFY,0.0054,3.1526,1.0207,1,Infosys market update,1.0,0,0.0055
2026-03-23,13.02,15983100,Infosys,INFY,0.0137,-0.8417,1.0203,0,Infosys market update,1.0,0,0.014
2026-03-24,12.8,11069900,Infosys,INFY,-0.0165,-0.3074,1.0253,1,Infosys market update,1.0,0,0.0169
2026-03-25,12.89,11348100,Infosys,INFY,0.0069,0.0251,1.048,0,Infosys market update,1.0,0,0.007
2026-03-26,12.88,8750500,Infosys,INFY,-0.0008,-0.2289,1.0214,0,Infosys market update,1.0,0,0.0008
2026-03-27,12.56,11866900,Infosys,INFY,-0.0251,0.3561,1.0322,1,Infosys market update,1.0,0,0.0248
2026-03-30,12.97,10980700,Infosys,INFY,0.0327,-0.0747,1.0287,1,Infosys market update,1.0,0,0.0326
2026-03-31,13.22,16621100,Infosys,INFY,0.0196,0.5137,1.0371,0,Infosys market update,1.0,0,0.0193
2026-04-01,13.02,14046400,Infosys,INFY,-0.0155,-0.1549,1.0325,1,Infosys market update,1.0,0,0.0151
2026-04-02,13.45,11172000,Infosys,INFY,0.0331,-0.2046,1.0368,0,Infosys market update,1.0,0,0.033
2026-04-06,13.41,9093000,Infosys,INFY,-0.0029,-0.1861,1.0147,1,Infosys market update,1.0,0,0.003
2026-04-07,13.66,17202300,Infosys,INFY,0.019,0.8918,1.0181,1,Infosys market update,1.0,0,0.0186
2026-04-08,13.7,13072700,Infosys,INFY,0.0029,-0.2401,1.0367,0,Infosys market update,1.0,0,0.0029
2026-04-09,13.47,21081000,Infosys,INFY,-0.0171,0.6126,1.0355,0,Infosys market update,1.0,0,0.0168
2026-04-10,13.01,19339800,Infosys,INFY,-0.0342,-0.0826,1.0362,1,Infosys market update,1.0,0,0.0341
2026-04-13,13.67,15023700,Infosys,INFY,0.0512,-0.2232,1.0558,0,Infosys market update,1.0,0,0.0507
2026-04-14,13.65,14719900,Infosys,INFY,-0.0021,-0.0202,1.0296,1,Infosys market update,1.0,0,0.0015
2026-04-15,14.01,16260500,Infosys,INFY,0.0265,0.1047,1.036,1,Infosys market update,1.0,0,0.0264
2026-04-16,14.08,16461800,Infosys,INFY,0.0049,0.0124,1.0183,1,Infosys market update,1.0,0,0.005
2026-04-17,14.15,14210800,Infosys,INFY,0.0056,-0.1367,1.0201,0,Infosys market update,1.0,0,0.005
2026-04-20,13.91,13034400,Infosys,INFY,-0.0173,-0.0828,1.017,0,Infosys market update,1.0,0,0.017
2026-04-21,13.77,19462600,Infosys,INFY,-0.0099,0.4932,1.0201,0,Infosys market update,1.0,0,0.0101
2026-04-22,13.19,21799500,Infosys,INFY,-0.0419,0.1201,1.0335,0,Infosys market update,1.0,0,0.0421
2026-04-23,12.67,33431700,Infosys,INFY,-0.0401,0.5336,1.0359,0,Infosys market update,1.0,0,0.0394
2026-04-24,12.59,22912100,Infosys,INFY,-0.0062,-0.3147,1.0379,0,Infosys market update,1.0,0,0.0063
2026-04-27,12.02,20410400,Infosys,INFY,-0.0451,-0.1092,1.0474,0,Infosys market update,1.0,0,0.0453
2026-04-28,11.99,18627200,Infosys,INFY,-0.0024,-0.0874,1.023,1,Infosys market update,1.0,0,0.0025
2026-04-29,12.08,14906600,Infosys,INFY,0.0073,-0.1997,1.0246,1,Infosys market update,1.0,0,0.0075
2026-04-30,12.2,13167800,Infosys,INFY,0.0097,-0.1166,1.0245,1,Infosys market update,1.0,0,0.0099
2026-05-01,12.22,8389800,Infosys,INFY,0.0016,-0.3629,1.0202,0,Infosys market update,1.0,0,0.0016
2026-05-04,11.98,11735400,Infosys,INFY,-0.0192,0.3988,1.0238,1,Infosys market update,1.0,0,0.0196
2026-05-05,12.2,10423300,Infosys,INFY,0.018,-0.1118,1.0288,1,Infosys market update,1.0,0,0.0184
2026-05-06,12.37,16179400,Infosys,INFY,0.0144,0.5522,1.0284,0,Infosys market update,1.0,0,0.0139
2026-05-07,12.3,11742600,Infosys,INFY,-0.0055,-0.2742,1.0217,1,Infosys market update,1.0,0,0.0057
2026-05-08,12.56,12856600,Infosys,INFY,0.0207,0.0949,1.0372,0,Infosys market update,1.0,0,0.0211
2026-05-11,12.04,11768600,Infosys,INFY,-0.0413,-0.0846,1.0352,0,Infosys market update,1.0,0,0.0414
2026-05-12,11.8,10114300,Infosys,INFY,-0.0203,-0.1406,1.0252,0,Infosys market update,1.0,0,0.0199
2026-05-13,11.61,12549500,Infosys,INFY,-0.0158,0.2408,1.024,0,Infosys market update,1.0,0,0.0161
2026-05-14,11.41,11782300,Infosys,INFY,-0.0169,-0.0611,1.026,1,Infosys market update,1.0,0,0.0172
2026-05-15,11.81,18788100,Infosys,INFY,0.0352,0.5946,1.0323,1,Infosys market update,1.0,0,0.0351
2026-05-18,12.32,22950900,Infosys,INFY,0.0431,0.2216,1.0593,1,Infosys market update,1.0,0,0.0432
2026-05-19,12.45,22702700,Infosys,INFY,0.0103,-0.0108,1.0591,1,Infosys market update,1.0,0,0.0106
2026-05-20,12.5,28776000,Infosys,INFY,0.0039,0.2675,1.039,0,Infosys market update,1.0,0,0.004
2026-05-21,12.37,17329800,Infosys,INFY,-0.0102,-0.3978,1.0368,1,Infosys market update,1.0,0,0.0104
2026-05-22,12.4,19027200,Infosys,INFY,0.0024,0.0979,1.0223,0,Infosys market update,1.0,0,0.0024
2026-05-26,11.82,22361400,Infosys,INFY,-0.0466,0.1752,1.0465,1,Infosys market update,1.0,0,0.0468
2026-05-27,12.13,15036500,Infosys,INFY,0.0257,-0.3276,1.0306,1,Infosys market update,1.0,0,0.0262
2026-05-28,12.43,33405700,Infosys,INFY,0.025,1.2216,1.045,0,Infosys market update,1.0,0,0.0247
2026-05-29,12.38,27699800,Infosys,INFY,-0.0039,-0.1708,1.0324,1,Infosys market update,1.0,0,0.004
2026-06-01,13.13,34182100,Infosys,INFY,0.0601,0.234,1.066,0,Infosys market update,1.0,0,0.0606
2026-06-02,12.8,23013900,Infosys,INFY,-0.0246,-0.3267,1.042,0,Infosys market update,1.0,0,0.0251
2026-06-03,12.2,17725700,Infosys,INFY,-0.0474,-0.2298,1.0429,1,Infosys market update,1.0,0,0.0469
2026-06-04,12.3,14882500,Infosys,INFY,0.0088,-0.1604,1.0255,0,Infosys market update,1.0,0,0.0082
2026-06-05,12.14,8239600,Infosys,INFY,-0.0135,-0.4464,1.0347,0,Infosys market update,1.0,0,0.013
2026-06-08,12.02,12375000,Infosys,INFY,-0.0097,0.5019,1.0272,0,Infosys market update,1.0,0,0.0099
2026-06-09,11.98,10546600,Infosys,INFY,-0.0033,-0.1477,1.0323,0,Infosys market update,1.0,0,0.0033
2026-06-10,11.76,11298600,Infosys,INFY,-0.0184,0.0713,1.0367,0,Infosys market update,1.0,0,0.0184
2026-06-11,11.6,10272500,Infosys,INFY,-0.0136,-0.0908,1.0315,1,Infosys market update,1.0,0,0.0136
2026-06-12,11.74,7443300,Infosys,INFY,0.0121,-0.2754,1.0215,0,Infosys market update,1.0,0,0.0121
2026-06-15,11.6,15029000,Infosys,INFY,-0.0119,1.0191,1.0478,1,Infosys market update,1.0,0,0.0119
2026-06-16,11.97,17804800,Infosys,INFY,0.0319,0.1847,1.0228,0,Infosys market update,1.0,0,0.0319
2026-06-17,11.7,32500100,Infosys,INFY,-0.0226,0.8254,1.0325,0,Infosys market update,1.0,0,0.0226
2026-06-18,10.57,63561800,Infosys,INFY,-0.0966,0.9557,1.0631,1,Infosys market update,1.0,0,0.0966
2026-06-22,10.77,33480500,Infosys,INFY,0.0189,-0.4733,1.0444,1,Infosys market update,1.0,0,0.0189
2026-06-23,10.79,34590100,Infosys,INFY,0.0019,0.0331,1.0232,1,Infosys market update,1.0,0,0.0019
2026-06-24,10.93,22637100,Infosys,INFY,0.013,-0.3456,1.0203,0,Infosys market update,1.0,0,0.013
2026-06-25,10.57,28691300,Infosys,INFY,-0.0329,0.2674,1.0398,1,Infosys market update,1.0,0,0.0329
2026-06-26,10.78,17504500,Infosys,INFY,0.0199,-0.3899,1.0227,0,Infosys market update,1.0,0,0.0199
2026-06-29,10.7,17432700,Infosys,INFY,-0.0074,-0.0041,1.0292,0,Infosys market update,1.0,0,0.0074
2026-06-30,10.49,18011400,Infosys,INFY,-0.0196,0.0332,1.0203,1,Infosys market update,1.0,0,0.0196
2026-07-01,10.65,28803500,Infosys,INFY,0.0153,0.5992,1.0345,1,Infosys market update,1.0,0,0.0153
2026-07-02,11.16,20504600,Infosys,INFY,0.0479,-0.2881,1.0313,0,Infosys market update,1.0,0,0.0479
2026-07-06,10.88,17356200,Infosys,INFY,-0.0251,-0.1535,1.0222,1,Infosys market update,1.0,0,0.0251
2026-07-07,11.27,18506800,Infosys,INFY,0.0358,0.0663,1.0223,0,Infosys market update,1.0,0,0.0358
2026-07-08,10.93,44311900,Infosys,INFY,-0.0302,1.3944,1.034,1,Infosys market update,1.0,0,0.0302
2026-07-09,11.13,12176700,Infosys,INFY,0.0183,-0.7252,1.0489,0,Infosys market update,1.0,0,0.0183
2026-07-10,10.94,15888000,Infosys,INFY,-0.0171,0.3048,1.0321,0,Infosys market update,1.0,0,0.0171
2023-01-04,2.25,4664800,Wipro,WIT,-0.0042,-0.284,1.0151,0,Wipro market update,1.0,0,0.7943
2023-01-05,2.2,3960800,Wipro,WIT,-0.0192,-0.1509,1.0131,1,Wipro market update,1.0,0,0.0222
2023-01-06,2.23,5946800,Wipro,WIT,0.013,0.5014,1.0264,1,Wipro market update,1.0,0,0.0136
2023-01-09,2.27,4404200,Wipro,WIT,0.0172,-0.2594,1.0127,0,Wipro market update,1.0,0,0.0179
2023-01-10,2.26,4722000,Wipro,WIT,-0.0021,0.0722,1.0127,1,Wipro market update,1.0,0,0.0044
2023-01-11,2.29,5598200,Wipro,WIT,0.0127,0.1856,1.0126,1,Wipro market update,1.0,0,0.0133
2023-01-12,2.32,4840800,Wipro,WIT,0.0104,-0.1353,1.0167,0,Wipro market update,1.0,0,0.0131
2023-01-13,2.29,3942000,Wipro,WIT,-0.0103,-0.1857,1.0168,1,Wipro market update,1.0,0,0.0129
2023-01-17,2.34,11383600,Wipro,WIT,0.0209,1.8878,1.0209,1,Wipro market update,1.0,0,0.0218
2023-01-18,2.38,10741600,Wipro,WIT,0.0164,-0.0564,1.0141,1,Wipro market update,1.0,0,0.0171
2023-01-19,2.4,7023000,Wipro,WIT,0.0101,-0.3462,1.0162,0,Wipro market update,1.0,0,0.0084
2023-01-20,2.39,8705200,Wipro,WIT,-0.004,0.2395,1.01,0,Wipro market update,1.0,0,0.0042
2023-01-23,2.39,6877600,Wipro,WIT,-0.002,-0.2099,1.008,1,Wipro market update,1.0,0,0.0
2023-01-24,2.39,8122200,Wipro,WIT,0.0004,0.181,1.0142,0,Wipro market update,1.0,0,0.0
2023-01-25,2.36,6554000,Wipro,WIT,-0.012,-0.1931,1.0144,1,Wipro market update,1.0,0,0.0126
2023-01-26,2.38,8046800,Wipro,WIT,0.0061,0.2278,1.0164,0,Wipro market update,1.0,0,0.0085
2023-01-27,2.35,3674400,Wipro,WIT,-0.0101,-0.5434,1.0103,1,Wipro market update,1.0,0,0.0126
2023-01-30,2.37,7615000,Wipro,WIT,0.0061,1.0724,1.0102,0,Wipro market update,1.0,0,0.0085
2023-01-31,2.35,6168600,Wipro,WIT,-0.0081,-0.1899,1.0103,1,Wipro market update,1.0,0,0.0084
2023-02-01,2.36,5721600,Wipro,WIT,0.0061,-0.0725,1.0228,1,Wipro market update,1.0,0,0.0043
2023-02-02,2.44,6961200,Wipro,WIT,0.0346,0.2167,1.0241,0,Wipro market update,1.0,0,0.0339
2023-02-03,2.39,4406600,Wipro,WIT,-0.0196,-0.367,1.0101,0,Wipro market update,1.0,0,0.0205
2023-02-06,2.33,3873400,Wipro,WIT,-0.0261,-0.121,1.0144,0,Wipro market update,1.0,0,0.0251
2023-02-07,2.33,3495600,Wipro,WIT,0.0,-0.0975,1.0167,1,Wipro market update,1.0,0,0.0
2023-02-08,2.35,2839200,Wipro,WIT,0.0082,-0.1878,1.0102,0,Wipro market update,1.0,0,0.0086
2023-02-09,2.35,1952400,Wipro,WIT,-0.002,-0.3123,1.0184,1,Wipro market update,1.0,0,0.0
2023-02-10,2.35,2767400,Wipro,WIT,0.002,0.4174,1.0124,0,Wipro market update,1.0,0,0.0
2023-02-13,2.34,3104600,Wipro,WIT,-0.0041,0.1218,1.0103,0,Wipro market update,1.0,0,0.0043
2023-02-14,2.34,2958800,Wipro,WIT,0.0,-0.047,1.0145,1,Wipro market update,1.0,0,0.0
2023-02-15,2.37,2869400,Wipro,WIT,0.0123,-0.0302,1.0165,0,Wipro market update,1.0,0,0.0128
2023-02-16,2.36,3330600,Wipro,WIT,-0.004,0.1607,1.0143,0,Wipro market update,1.0,0,0.0042
2023-02-17,2.33,4749400,Wipro,WIT,-0.0142,0.426,1.0208,0,Wipro market update,1.0,0,0.0127
2023-02-21,2.3,4666600,Wipro,WIT,-0.0124,-0.0174,1.0105,0,Wipro market update,1.0,0,0.0129
2023-02-22,2.28,4565200,Wipro,WIT,-0.0084,-0.0217,1.0106,1,Wipro market update,1.0,0,0.0087
2023-02-23,2.29,2493200,Wipro,WIT,0.0042,-0.4539,1.0106,0,Wipro market update,1.0,0,0.0044
2023-02-24,2.26,2782200,Wipro,WIT,-0.0147,0.1159,1.0085,0,Wipro market update,1.0,0,0.0131
2023-02-27,2.24,3949200,Wipro,WIT,-0.0064,0.4195,1.0129,0,Wipro market update,1.0,0,0.0088
2023-02-28,2.24,4799800,Wipro,WIT,0.0,0.2154,1.0173,1,Wipro market update,1.0,0,0.0
2023-03-01,2.25,3000600,Wipro,WIT,0.0021,-0.3748,1.015,1,Wipro market update,1.0,0,0.0045
2023-03-02,2.27,3954400,Wipro,WIT,0.0128,0.3179,1.0194,1,Wipro market update,1.0,0,0.0089
2023-03-03,2.31,1860800,Wipro,WIT,0.0148,-0.5294,1.0148,1,Wipro market update,1.0,0,0.0176
2023-03-06,2.33,2260800,Wipro,WIT,0.0104,0.215,1.0124,0,Wipro market update,1.0,0,0.0087
2023-03-07,2.29,2739600,Wipro,WIT,-0.0165,0.2118,1.021,1,Wipro market update,1.0,0,0.0172
2023-03-08,2.31,2383000,Wipro,WIT,0.0084,-0.1302,1.0105,0,Wipro market update,1.0,0,0.0087
2023-03-09,2.27,2903800,Wipro,WIT,-0.0187,0.2185,1.0169,0,Wipro market update,1.0,0,0.0173
2023-03-10,2.25,2788200,Wipro,WIT,-0.0085,-0.0398,1.0192,0,Wipro market update,1.0,0,0.0088
2023-03-13,2.24,4615000,Wipro,WIT,-0.0043,0.6552,1.0195,0,Wipro market update,1.0,0,0.0044
2023-03-14,2.24,3445400,Wipro,WIT,-0.0021,-0.2534,1.0152,0,Wipro market update,1.0,0,0.0
2023-03-15,2.18,4102600,Wipro,WIT,-0.0258,0.1907,1.0157,1,Wipro market update,1.0,0,0.0268
2023-03-16,2.21,3822200,Wipro,WIT,0.0154,-0.0683,1.029,0,Wipro market update,1.0,0,0.0138
2023-03-17,2.19,3634600,Wipro,WIT,-0.0087,-0.0491,1.011,0,Wipro market update,1.0,0,0.009
2023-03-20,2.17,3642600,Wipro,WIT,-0.0109,0.0022,1.0157,0,Wipro market update,1.0,0,0.0091
2023-03-21,2.14,2871000,Wipro,WIT,-0.0111,-0.2118,1.0135,0,Wipro market update,1.0,0,0.0138
2023-03-22,2.1,4882600,Wipro,WIT,-0.0201,0.7007,1.0206,1,Wipro market update,1.0,0,0.0187
2023-03-23,2.12,3826000,Wipro,WIT,0.0091,-0.2164,1.016,0,Wipro market update,1.0,0,0.0095
2023-03-24,2.12,2793600,Wipro,WIT,-0.0023,-0.2698,1.0091,1,Wipro market update,1.0,0,0.0
2023-03-27,2.13,3223400,Wipro,WIT,0.0045,0.1539,1.0091,0,Wipro market update,1.0,0,0.0047
2023-03-28,2.09,5827400,Wipro,WIT,-0.0181,0.8078,1.0115,1,Wipro market update,1.0,0,0.0188
2023-03-29,2.11,1769800,Wipro,WIT,0.0092,-0.6963,1.0069,1,Wipro market update,1.0,0,0.0096
2023-03-30,2.11,4232200,Wipro,WIT,0.0023,1.3913,1.0114,1,Wipro market update,1.0,0,0.0
2023-03-31,2.15,2897400,Wipro,WIT,0.0205,-0.3154,1.0112,1,Wipro market update,1.0,0,0.019
2023-04-03,2.16,2754400,Wipro,WIT,0.0022,-0.0494,1.0089,0,Wipro market update,1.0,0,0.0047
2023-04-04,2.16,4035800,Wipro,WIT,0.0,0.4652,1.0089,0,Wipro market update,1.0,0,0.0
2023-04-05,2.16,1609000,Wipro,WIT,0.0,-0.6013,1.0089,0,Wipro market update,1.0,0,0.0
2023-04-06,2.16,2095800,Wipro,WIT,0.0,0.3025,1.0112,1,Wipro market update,1.0,0,0.0
2023-04-10,2.17,2591000,Wipro,WIT,0.0067,0.2363,1.0089,1,Wipro market update,1.0,0,0.0046
2023-04-11,2.19,2336800,Wipro,WIT,0.0066,-0.0981,1.0156,0,Wipro market update,1.0,0,0.0092
2023-04-12,2.16,4922800,Wipro,WIT,-0.0132,1.1066,1.0245,0,Wipro market update,1.0,0,0.0137
2023-04-13,2.09,9292000,Wipro,WIT,-0.0311,0.8875,1.0255,0,Wipro market update,1.0,0,0.0324
2023-04-14,2.08,4907800,Wipro,WIT,-0.0069,-0.4718,1.0162,1,Wipro market update,1.0,0,0.0048
2023-04-17,2.09,7536600,Wipro,WIT,0.0046,0.5356,1.0116,1,Wipro market update,1.0,0,0.0048
2023-04-18,2.13,5387800,Wipro,WIT,0.0184,-0.2851,1.0091,0,Wipro market update,1.0,0,0.0191
2023-04-19,2.08,4279200,Wipro,WIT,-0.0226,-0.2058,1.0162,1,Wipro market update,1.0,0,0.0235
2023-04-20,2.12,4923400,Wipro,WIT,0.0208,0.1505,1.0184,0,Wipro market update,1.0,0,0.0192
2023-04-21,2.12,4332600,Wipro,WIT,-0.0023,-0.12,1.0113,1,Wipro market update,1.0,0,0.0
2023-04-24,2.19,6399200,Wipro,WIT,0.0363,0.477,1.0088,0,Wipro market update,1.0,0,0.033
2023-04-25,2.14,2523800,Wipro,WIT,-0.0219,-0.6056,1.0134,1,Wipro market update,1.0,0,0.0228
2023-04-26,2.16,3484400,Wipro,WIT,0.0089,0.3806,1.0045,1,Wipro market update,1.0,0,0.0093
2023-04-27,2.25,3659600,Wipro,WIT,0.0399,0.0503,1.0152,1,Wipro market update,1.0,0,0.0417
2023-04-28,2.26,4875800,Wipro,WIT,0.0021,0.3323,1.0151,1,Wipro market update,1.0,0,0.0044
2023-05-01,2.27,5133400,Wipro,WIT,0.0085,0.0528,1.0192,0,Wipro market update,1.0,0,0.0044
2023-05-02,2.27,3820600,Wipro,WIT,-0.0021,-0.2557,1.0106,0,Wipro market update,1.0,0,0.0
2023-05-03,2.24,4244600,Wipro,WIT,-0.0148,0.111,1.0151,0,Wipro market update,1.0,0,0.0132
2023-05-04,2.23,5857800,Wipro,WIT,-0.0043,0.3801,1.0108,0,Wipro market update,1.0,0,0.0045
2023-05-05,2.22,3180800,Wipro,WIT,-0.0022,-0.457,1.0065,0,Wipro market update,1.0,0,0.0045
2023-05-08,2.22,1721000,Wipro,WIT,-0.0022,-0.4589,1.0065,1,Wipro market update,1.0,0,0.0
2023-05-09,2.23,2850200,Wipro,WIT,0.0065,0.6561,1.0109,1,Wipro market update,1.0,0,0.0045
2023-05-10,2.24,3381600,Wipro,WIT,0.0022,0.1864,1.0086,0,Wipro market update,1.0,0,0.0045
2023-05-11,2.24,2419800,Wipro,WIT,0.0,-0.2844,1.0087,0,Wipro market update,1.0,0,0.0
2023-05-12,2.23,2013200,Wipro,WIT,-0.0043,-0.168,1.0065,1,Wipro market update,1.0,0,0.0045
2023-05-15,2.26,3076400,Wipro,WIT,0.0151,0.5281,1.0129,0,Wipro market update,1.0,0,0.0135
2023-05-16,2.24,2154800,Wipro,WIT,-0.0106,-0.2996,1.0108,0,Wipro market update,1.0,0,0.0088
2023-05-17,2.23,3255800,Wipro,WIT,-0.0021,0.511,1.0131,0,Wipro market update,1.0,0,0.0045
2023-05-18,2.23,2396400,Wipro,WIT,-0.0022,-0.264,1.0131,1,Wipro market update,1.0,0,0.0
2023-05-19,2.24,3225600,Wipro,WIT,0.0043,0.346,1.0108,1,Wipro market update,1.0,0,0.0045
2023-05-22,2.29,2261800,Wipro,WIT,0.0258,-0.2988,1.0063,0,Wipro market update,1.0,0,0.0223
2023-05-23,2.26,3179200,Wipro,WIT,-0.0146,0.4056,1.0149,1,Wipro market update,1.0,0,0.0131
2023-05-24,2.27,4385800,Wipro,WIT,0.0064,0.3795,1.0085,0,Wipro market update,1.0,0,0.0044
2023-05-25,2.27,2786400,Wipro,WIT,-0.0021,-0.3647,1.0107,1,Wipro market update,1.0,0,0.0
2023-05-26,2.33,2799400,Wipro,WIT,0.0275,0.0047,1.0146,0,Wipro market update,1.0,0,0.0264
2023-05-30,2.31,2656400,Wipro,WIT,-0.0082,-0.0511,1.0125,1,Wipro market update,1.0,0,0.0086
2023-05-31,2.34,4596000,Wipro,WIT,0.0124,0.7302,1.0124,1,Wipro market update,1.0,0,0.013
2023-06-01,2.37,2908200,Wipro,WIT,0.0102,-0.3672,1.0143,1,Wipro market update,1.0,0,0.0128
2023-06-02,2.38,6669000,Wipro,WIT,0.0041,1.2932,1.0164,0,Wipro market update,1.0,0,0.0042
2023-06-05,2.31,3634600,Wipro,WIT,-0.0263,-0.455,1.0188,0,Wipro market update,1.0,0,0.0294
2023-06-06,2.31,1928400,Wipro,WIT,0.0,-0.4694,1.0168,1,Wipro market update,1.0,0,0.0
2023-06-07,2.33,3144000,Wipro,WIT,0.0062,0.6304,1.0083,0,Wipro market update,1.0,0,0.0087
2023-06-08,2.28,3046000,Wipro,WIT,-0.0186,-0.0312,1.0147,0,Wipro market update,1.0,0,0.0215
2023-06-09,2.28,2496800,Wipro,WIT,0.0,-0.1803,1.0127,0,Wipro market update,1.0,0,0.0
2023-06-12,2.28,5727800,Wipro,WIT,0.0,1.2941,1.0106,0,Wipro market update,1.0,0,0.0
2023-06-13,2.27,4389200,Wipro,WIT,-0.0063,-0.2337,1.0085,0,Wipro market update,1.0,0,0.0044
2023-06-14,2.26,5707000,Wipro,WIT,-0.0042,0.3002,1.0192,0,Wipro market update,1.0,0,0.0044
2023-06-15,2.26,6458000,Wipro,WIT,-0.0021,0.1316,1.0195,0,Wipro market update,1.0,0,0.0
2023-06-16,2.24,6494200,Wipro,WIT,-0.0064,0.0056,1.0152,0,Wipro market update,1.0,0,0.0088
2023-06-20,2.22,6278000,Wipro,WIT,-0.0086,-0.0333,1.0195,0,Wipro market update,1.0,0,0.0089
2023-06-21,2.22,3346400,Wipro,WIT,-0.0022,-0.467,1.0175,1,Wipro market update,1.0,0,0.0
2023-06-22,2.22,4011000,Wipro,WIT,0.0022,0.1986,1.0176,0,Wipro market update,1.0,0,0.0
2023-06-23,2.19,2193800,Wipro,WIT,-0.013,-0.4531,1.0066,1,Wipro market update,1.0,0,0.0135
2023-06-26,2.22,3283000,Wipro,WIT,0.0131,0.4965,1.0109,1,Wipro market update,1.0,0,0.0137
2023-06-27,2.23,2117400,Wipro,WIT,0.0043,-0.355,1.0109,1,Wipro market update,1.0,0,0.0045
2023-06-28,2.24,2434600,Wipro,WIT,0.0043,0.1498,1.0108,1,Wipro market update,1.0,0,0.0045
2023-06-29,2.26,3445600,Wipro,WIT,0.0064,0.4153,1.0086,1,Wipro market update,1.0,0,0.0089
2023-06-30,2.26,4376600,Wipro,WIT,0.0043,0.2702,1.0106,1,Wipro market update,1.0,0,0.0
2023-07-03,2.3,2686000,Wipro,WIT,0.0148,-0.3863,1.0063,0,Wipro market update,1.0,0,0.0177
2023-07-05,2.29,3245400,Wipro,WIT,-0.0042,0.2083,1.0084,0,Wipro market update,1.0,0,0.0043
2023-07-06,2.28,4833200,Wipro,WIT,-0.0021,0.4892,1.0084,0,Wipro market update,1.0,0,0.0044
2023-07-07,2.28,3496800,Wipro,WIT,-0.0021,-0.2765,1.0084,0,Wipro market update,1.0,0,0.0
2023-07-10,2.25,4167000,Wipro,WIT,-0.0147,0.1917,1.0086,1,Wipro market update,1.0,0,0.0132
2023-07-11,2.26,2922400,Wipro,WIT,0.0043,-0.2987,1.0043,1,Wipro market update,1.0,0,0.0044
2023-07-12,2.27,1646600,Wipro,WIT,0.0085,-0.4366,1.0085,1,Wipro market update,1.0,0,0.0044
2023-07-13,2.3,6470400,Wipro,WIT,0.0127,2.9296,1.0148,1,Wipro market update,1.0,0,0.0132
2023-07-14,2.36,6901400,Wipro,WIT,0.025,0.0666,1.0185,1,Wipro market update,1.0,0,0.0261
2023-07-17,2.42,4477200,Wipro,WIT,0.0264,-0.3513,1.016,1,Wipro market update,1.0,0,0.0254
2023-07-18,2.44,3633400,Wipro,WIT,0.0079,-0.1885,1.0119,1,Wipro market update,1.0,0,0.0083
2023-07-19,2.45,5027200,Wipro,WIT,0.0039,0.3836,1.0079,0,Wipro market update,1.0,0,0.0041
2023-07-20,2.36,9620800,Wipro,WIT,-0.0391,0.9137,1.029,1,Wipro market update,1.0,0,0.0367
2023-07-21,2.38,5565400,Wipro,WIT,0.0081,-0.4215,1.0122,0,Wipro market update,1.0,0,0.0085
2023-07-24,2.35,1320400,Wipro,WIT,-0.0101,-0.7627,1.0082,1,Wipro market update,1.0,0,0.0126
2023-07-25,2.36,2077000,Wipro,WIT,0.002,0.573,1.0082,0,Wipro market update,1.0,0,0.0043
2023-07-26,2.36,3441800,Wipro,WIT,0.0,0.6571,1.0082,0,Wipro market update,1.0,0,0.0
2023-07-27,2.34,4030400,Wipro,WIT,-0.0081,0.171,1.0123,0,Wipro market update,1.0,0,0.0085
2023-07-28,2.32,1842800,Wipro,WIT,-0.0062,-0.5428,1.0083,1,Wipro market update,1.0,0,0.0085
2023-07-31,2.35,2278200,Wipro,WIT,0.0103,0.2363,1.0082,1,Wipro market update,1.0,0,0.0129
2023-08-01,2.37,2191800,Wipro,WIT,0.0082,-0.0379,1.0061,0,Wipro market update,1.0,0,0.0085
2023-08-02,2.33,2725600,Wipro,WIT,-0.0162,0.2435,1.0083,0,Wipro market update,1.0,0,0.0169
2023-08-03,2.31,1781400,Wipro,WIT,-0.0082,-0.3464,1.0084,1,Wipro market update,1.0,0,0.0086
2023-08-04,2.35,2643400,Wipro,WIT,0.0187,0.4839,1.0102,1,Wipro market update,1.0,0,0.0173
2023-08-07,2.37,1676000,Wipro,WIT,0.0082,-0.366,1.0122,1,Wipro market update,1.0,0,0.0085
2023-08-08,2.39,3073600,Wipro,WIT,0.0081,0.8339,1.0122,1,Wipro market update,1.0,0,0.0084
2023-08-09,2.4,1819600,Wipro,WIT,0.004,-0.408,1.008,1,Wipro market update,1.0,0,0.0042
2023-08-10,2.41,2648200,Wipro,WIT,0.004,0.4554,1.008,0,Wipro market update,1.0,0,0.0042
2023-08-11,2.38,3615800,Wipro,WIT,-0.01,0.3654,1.0101,1,Wipro market update,1.0,0,0.0124
2023-08-14,2.39,1969800,Wipro,WIT,0.002,-0.4552,1.0081,0,Wipro market update,1.0,0,0.0042
2023-08-15,2.39,2189000,Wipro,WIT,0.0,0.1113,1.0081,1,Wipro market update,1.0,0,0.0
2023-08-16,2.4,4406600,Wipro,WIT,0.004,1.0131,1.0141,0,Wipro market update,1.0,0,0.0042
2023-08-17,2.39,3075400,Wipro,WIT,-0.004,-0.3021,1.006,0,Wipro market update,1.0,0,0.0042
2023-08-18,2.37,3068000,Wipro,WIT,-0.008,-0.0024,1.0123,1,Wipro market update,1.0,0,0.0084
2023-08-21,2.39,944000,Wipro,WIT,0.0081,-0.6923,1.0081,1,Wipro market update,1.0,0,0.0084
2023-08-22,2.39,3084800,Wipro,WIT,0.002,2.2678,1.0081,1,Wipro market update,1.0,0,0.0
2023-08-23,2.44,2793400,Wipro,WIT,0.02,-0.0945,1.018,0,Wipro market update,1.0,0,0.0209
2023-08-24,2.38,3301600,Wipro,WIT,-0.0275,0.1819,1.0141,1,Wipro market update,1.0,0,0.0246
2023-08-25,2.39,2467000,Wipro,WIT,0.0061,-0.2528,1.0122,0,Wipro market update,1.0,0,0.0042
2023-08-28,2.38,1949200,Wipro,WIT,-0.002,-0.2099,1.006,1,Wipro market update,1.0,0,0.0042
2023-08-29,2.39,1526200,Wipro,WIT,0.004,-0.217,1.0101,0,Wipro market update,1.0,0,0.0042
2023-08-30,2.37,4878000,Wipro,WIT,-0.01,2.1962,1.0163,0,Wipro market update,1.0,0,0.0084
2023-08-31,2.35,6845200,Wipro,WIT,-0.0101,0.4033,1.0205,1,Wipro market update,1.0,0,0.0084
2023-09-01,2.42,2078600,Wipro,WIT,0.0307,-0.6963,1.01,1,Wipro market update,1.0,0,0.0298
2023-09-05,2.49,4203600,Wipro,WIT,0.0278,1.0223,1.0097,0,Wipro market update,1.0,0,0.0289
2023-09-06,2.46,2696800,Wipro,WIT,-0.0116,-0.3585,1.0078,1,Wipro market update,1.0,0,0.012
2023-09-07,2.48,2602600,Wipro,WIT,0.0078,-0.0349,1.0058,1,Wipro market update,1.0,0,0.0081
2023-09-08,2.49,1705800,Wipro,WIT,0.0058,-0.3446,1.0136,1,Wipro market update,1.0,0,0.004
2023-09-11,2.52,2490800,Wipro,WIT,0.0116,0.4602,1.0096,0,Wipro market update,1.0,0,0.012
2023-09-12,2.5,4022600,Wipro,WIT,-0.0076,0.615,1.0096,1,Wipro market update,1.0,0,0.0079
2023-09-13,2.51,2534400,Wipro,WIT,0.0058,-0.37,1.0077,1,Wipro market update,1.0,0,0.004
2023-09-14,2.54,1991200,Wipro,WIT,0.0095,-0.2143,1.0134,0,Wipro market update,1.0,0,0.012
2023-09-15,2.5,6191400,Wipro,WIT,-0.0132,2.1094,1.0172,0,Wipro market update,1.0,0,0.0157
2023-09-18,2.5,1835600,Wipro,WIT,0.0,-0.7035,1.0077,0,Wipro market update,1.0,0,0.0
2023-09-19,2.5,1894800,Wipro,WIT,-0.0038,0.0323,1.0116,0,Wipro market update,1.0,0,0.0
2023-09-20,2.49,1963400,Wipro,WIT,-0.0038,0.0362,1.0116,0,Wipro market update,1.0,0,0.004
2023-09-21,2.44,2232800,Wipro,WIT,-0.0193,0.1372,1.0118,0,Wipro market update,1.0,0,0.0201
2023-09-22,2.41,1999600,Wipro,WIT,-0.0118,-0.1044,1.006,0,Wipro market update,1.0,0,0.0123
2023-09-25,2.38,2007600,Wipro,WIT,-0.012,0.004,1.0061,0,Wipro market update,1.0,0,0.0124
2023-09-26,2.34,1268200,Wipro,WIT,-0.0161,-0.3683,1.0143,1,Wipro market update,1.0,0,0.0168
2023-09-27,2.38,4616200,Wipro,WIT,0.0143,2.64,1.0142,0,Wipro market update,1.0,0,0.0171
2023-09-28,2.33,4122400,Wipro,WIT,-0.0202,-0.107,1.0167,0,Wipro market update,1.0,0,0.021
2023-09-29,2.32,4443400,Wipro,WIT,-0.0021,0.0779,1.0165,0,Wipro market update,1.0,0,0.0043
2023-10-02,2.32,2264800,Wipro,WIT,0.0,-0.4903,1.0124,0,Wipro market update,1.0,0,0.0
2023-10-03,2.31,1480000,Wipro,WIT,-0.0041,-0.3465,1.0146,1,Wipro market update,1.0,0,0.0043
2023-10-04,2.34,2096400,Wipro,WIT,0.0124,0.4165,1.0145,0,Wipro market update,1.0,0,0.013
2023-10-05,2.34,1119600,Wipro,WIT,0.0,-0.4659,1.0082,1,Wipro market update,1.0,0,0.0
2023-10-06,2.37,1505200,Wipro,WIT,0.0123,0.3444,1.0185,0,Wipro market update,1.0,0,0.0128
2023-10-09,2.34,1293000,Wipro,WIT,-0.0121,-0.141,1.0103,1,Wipro market update,1.0,0,0.0127
2023-10-10,2.35,1965400,Wipro,WIT,0.0041,0.52,1.0102,1,Wipro market update,1.0,0,0.0043
2023-10-11,2.41,4050600,Wipro,WIT,0.0245,1.061,1.012,0,Wipro market update,1.0,0,0.0255
2023-10-12,2.33,3786800,Wipro,WIT,-0.0319,-0.0651,1.029,0,Wipro market update,1.0,0,0.0332
2023-10-13,2.33,3956400,Wipro,WIT,0.0,0.0448,1.0145,1,Wipro market update,1.0,0,0.0
2023-10-16,2.36,3278800,Wipro,WIT,0.0103,-0.1713,1.0165,0,Wipro market update,1.0,0,0.0129
2023-10-17,2.34,2602800,Wipro,WIT,-0.0061,-0.2062,1.0144,0,Wipro market update,1.0,0,0.0085
2023-10-18,2.26,6274000,Wipro,WIT,-0.0328,1.4105,1.0276,0,Wipro market update,1.0,0,0.0342
2023-10-19,2.24,3764800,Wipro,WIT,-0.0106,-0.3999,1.015,0,Wipro market update,1.0,0,0.0088
2023-10-20,2.21,3244400,Wipro,WIT,-0.0128,-0.1382,1.0087,0,Wipro market update,1.0,0,0.0134
2023-10-23,2.18,3661800,Wipro,WIT,-0.0152,0.1287,1.0155,1,Wipro market update,1.0,0,0.0136
2023-10-24,2.18,7330000,Wipro,WIT,0.0022,1.0017,1.0155,0,Wipro market update,1.0,0,0.0
2023-10-25,2.18,3299400,Wipro,WIT,-0.0022,-0.5499,1.0088,0,Wipro market update,1.0,0,0.0
2023-10-26,2.15,4655600,Wipro,WIT,-0.0132,0.411,1.0156,1,Wipro market update,1.0,0,0.0138
2023-10-27,2.16,2581000,Wipro,WIT,0.0067,-0.4456,1.0067,1,Wipro market update,1.0,0,0.0047
2023-10-30,2.18,1649200,Wipro,WIT,0.0067,-0.361,1.0088,1,Wipro market update,1.0,0,0.0093
2023-10-31,2.18,3099400,Wipro,WIT,0.0022,0.8793,1.0155,0,Wipro market update,1.0,0,0.0
2023-11-01,2.18,4245400,Wipro,WIT,-0.0022,0.3697,1.0111,1,Wipro market update,1.0,0,0.0
2023-11-02,2.21,3316800,Wipro,WIT,0.0132,-0.2187,1.0066,1,Wipro market update,1.0,0,0.0138
2023-11-03,2.22,2477800,Wipro,WIT,0.0043,-0.253,1.0175,0,Wipro market update,1.0,0,0.0045
2023-11-06,2.21,1921600,Wipro,WIT,-0.0043,-0.2245,1.0109,0,Wipro market update,1.0,0,0.0045
2023-11-07,2.2,3622800,Wipro,WIT,-0.0043,0.8853,1.011,0,Wipro market update,1.0,0,0.0045
2023-11-08,2.19,2017800,Wipro,WIT,-0.0022,-0.443,1.0044,0,Wipro market update,1.0,0,0.0045
2023-11-09,2.16,4783000,Wipro,WIT,-0.0131,1.3704,1.0223,1,Wipro market update,1.0,0,0.0137
2023-11-10,2.18,2250400,Wipro,WIT,0.0089,-0.5295,1.0134,0,Wipro market update,1.0,0,0.0093
2023-11-13,2.17,2406400,Wipro,WIT,-0.0066,0.0693,1.0111,1,Wipro market update,1.0,0,0.0046
2023-11-14,2.21,2671600,Wipro,WIT,0.0199,0.1102,1.0176,1,Wipro market update,1.0,0,0.0184
2023-11-15,2.25,3217000,Wipro,WIT,0.0152,0.2041,1.013,0,Wipro market update,1.0,0,0.0181
2023-11-16,2.25,5037200,Wipro,WIT,0.0,0.5658,1.0171,1,Wipro market update,1.0,0,0.0
2023-11-17,2.26,2329800,Wipro,WIT,0.0085,-0.5375,1.0064,1,Wipro market update,1.0,0,0.0044
2023-11-20,2.28,3398400,Wipro,WIT,0.0064,0.4587,1.0149,1,Wipro market update,1.0,0,0.0088
2023-11-21,2.28,1837200,Wipro,WIT,0.0021,-0.4594,1.0063,0,Wipro market update,1.0,0,0.0
2023-11-22,2.28,1914600,Wipro,WIT,-0.0021,0.0421,1.0084,0,Wipro market update,1.0,0,0.0
2023-11-24,2.26,1588400,Wipro,WIT,-0.0105,-0.1704,1.0086,0,Wipro market update,1.0,0,0.0088
2023-11-27,2.25,2365800,Wipro,WIT,-0.0021,0.4894,1.0085,1,Wipro market update,1.0,0,0.0044
2023-11-28,2.27,2689200,Wipro,WIT,0.0085,0.1367,1.0107,1,Wipro market update,1.0,0,0.0089
2023-11-29,2.3,2730400,Wipro,WIT,0.0127,0.0153,1.0126,1,Wipro market update,1.0,0,0.0132
2023-11-30,2.33,4003000,Wipro,WIT,0.0125,0.4661,1.0104,1,Wipro market update,1.0,0,0.013
2023-12-01,2.34,2066400,Wipro,WIT,0.0062,-0.4838,1.0166,0,Wipro market update,1.0,0,0.0043
2023-12-04,2.31,3545200,Wipro,WIT,-0.0123,0.7156,1.0062,0,Wipro market update,1.0,0,0.0128
2023-12-05,2.3,1623200,Wipro,WIT,-0.0041,-0.5421,1.0084,1,Wipro market update,1.0,0,0.0043
2023-12-06,2.38,3072200,Wipro,WIT,0.0354,0.8927,1.0081,1,Wipro market update,1.0,0,0.0348
2023-12-07,2.39,2391000,Wipro,WIT,0.002,-0.2217,1.0081,1,Wipro market update,1.0,0,0.0042
2023-12-08,2.4,4055600,Wipro,WIT,0.006,0.6962,1.01,0,Wipro market update,1.0,0,0.0042
2023-12-11,2.38,3497600,Wipro,WIT,-0.012,-0.1376,1.0163,1,Wipro market update,1.0,0,0.0083
2023-12-12,2.39,3146800,Wipro,WIT,0.0081,-0.1003,1.0101,1,Wipro market update,1.0,0,0.0042
2023-12-13,2.42,3167400,Wipro,WIT,0.01,0.0065,1.0202,1,Wipro market update,1.0,0,0.0126
2023-12-14,2.5,3447400,Wipro,WIT,0.0317,0.0884,1.0216,1,Wipro market update,1.0,0,0.0331
2023-12-15,2.53,4447600,Wipro,WIT,0.0154,0.2901,1.0095,1,Wipro market update,1.0,0,0.012
2023-12-18,2.55,2651600,Wipro,WIT,0.0057,-0.4038,1.0114,0,Wipro market update,1.0,0,0.0079
2023-12-19,2.52,2764600,Wipro,WIT,-0.0094,0.0426,1.0192,0,Wipro market update,1.0,0,0.0118
2023-12-20,2.48,3612400,Wipro,WIT,-0.019,0.3067,1.0234,1,Wipro market update,1.0,0,0.0159
2023-12-21,2.5,3669000,Wipro,WIT,0.0078,0.0157,1.0117,1,Wipro market update,1.0,0,0.0081
2023-12-22,2.61,6985000,Wipro,WIT,0.0442,0.9038,1.0186,1,Wipro market update,1.0,0,0.044
2023-12-26,2.64,2190000,Wipro,WIT,0.0147,-0.6865,1.0201,1,Wipro market update,1.0,0,0.0115
2023-12-27,2.67,2490400,Wipro,WIT,0.0109,0.1372,1.0146,0,Wipro market update,1.0,0,0.0114
2023-12-28,2.67,2600000,Wipro,WIT,0.0,0.044,1.0072,0,Wipro market update,1.0,0,0.0
2023-12-29,2.67,3095000,Wipro,WIT,0.0,0.1904,1.0108,0,Wipro market update,1.0,0,0.0
2024-01-02,2.62,6839600,Wipro,WIT,-0.018,1.2099,1.0146,0,Wipro market update,1.0,0,0.0187
2024-01-03,2.57,9386200,Wipro,WIT,-0.0201,0.3723,1.0132,0,Wipro market update,1.0,0,0.0191
2024-01-04,2.57,2855200,Wipro,WIT,-0.0019,-0.6958,1.0113,1,Wipro market update,1.0,0,0.0
2024-01-05,2.6,5338800,Wipro,WIT,0.0131,0.8699,1.0093,1,Wipro market update,1.0,0,0.0117
2024-01-08,2.61,5640600,Wipro,WIT,0.0018,0.0565,1.0225,0,Wipro market update,1.0,0,0.0038
2024-01-09,2.57,4058000,Wipro,WIT,-0.0129,-0.2806,1.0112,1,Wipro market update,1.0,0,0.0153
2024-01-10,2.58,6181200,Wipro,WIT,0.0037,0.5232,1.013,0,Wipro market update,1.0,0,0.0039
2024-01-11,2.58,5561000,Wipro,WIT,-0.0019,-0.1003,1.0132,1,Wipro market update,1.0,0,0.0
2024-01-12,3.01,30507000,Wipro,WIT,0.1695,4.4859,1.0904,0,Wipro market update,1.0,0,0.1667
2024-01-16,2.76,10980200,Wipro,WIT,-0.0844,-0.6401,1.0227,0,Wipro market update,1.0,0,0.0831
2024-01-17,2.73,9384000,Wipro,WIT,-0.0104,-0.1454,1.0141,1,Wipro market update,1.0,0,0.0109
2024-01-18,2.77,6702600,Wipro,WIT,0.0158,-0.2857,1.0228,0,Wipro market update,1.0,0,0.0147
2024-01-19,2.77,6968400,Wipro,WIT,0.0,0.0397,1.007,0,Wipro market update,1.0,0,0.0
2024-01-22,2.76,5014600,Wipro,WIT,-0.0052,-0.2804,1.0122,0,Wipro market update,1.0,0,0.0036
2024-01-23,2.73,5420800,Wipro,WIT,-0.0101,0.081,1.0142,1,Wipro market update,1.0,0,0.0109
2024-01-24,2.76,4333200,Wipro,WIT,0.0123,-0.2006,1.0105,0,Wipro market update,1.0,0,0.011
2024-01-25,2.76,4326200,Wipro,WIT,-0.0035,-0.0016,1.0124,0,Wipro market update,1.0,0,0.0
2024-01-26,2.75,4855200,Wipro,WIT,-0.0017,0.1223,1.0053,1,Wipro market update,1.0,0,0.0036
2024-01-29,2.76,2990400,Wipro,WIT,0.0017,-0.3841,1.0123,0,Wipro market update,1.0,0,0.0036
2024-01-30,2.72,3878800,Wipro,WIT,-0.014,0.2971,1.0178,1,Wipro market update,1.0,0,0.0145
2024-01-31,2.72,4497200,Wipro,WIT,0.0018,0.1594,1.0141,1,Wipro market update,1.0,0,0.0
2024-02-01,2.74,3428800,Wipro,WIT,0.0071,-0.2376,1.0124,1,Wipro market update,1.0,0,0.0074
2024-02-02,2.77,5265600,Wipro,WIT,0.0123,0.5357,1.0105,0,Wipro market update,1.0,0,0.0109
2024-02-05,2.77,3839000,Wipro,WIT,0.0,-0.2709,1.0087,1,Wipro market update,1.0,0,0.0
2024-02-06,2.86,5430800,Wipro,WIT,0.0295,0.4146,1.0135,0,Wipro market update,1.0,0,0.0325
2024-02-07,2.84,4074800,Wipro,WIT,-0.0067,-0.2497,1.0102,0,Wipro market update,1.0,0,0.007
2024-02-08,2.81,1365200,Wipro,WIT,-0.0085,-0.665,1.0103,1,Wipro market update,1.0,0,0.0106
2024-02-09,2.82,1382800,Wipro,WIT,0.0017,0.0129,1.0085,1,Wipro market update,1.0,0,0.0036
2024-02-12,2.88,2792600,Wipro,WIT,0.0205,1.0195,1.0084,0,Wipro market update,1.0,0,0.0213
2024-02-13,2.88,3952000,Wipro,WIT,0.0,0.4152,1.0185,1,Wipro market update,1.0,0,0.0
2024-02-14,2.95,3319000,Wipro,WIT,0.0251,-0.1602,1.0115,1,Wipro market update,1.0,0,0.0243
2024-02-15,2.97,1908000,Wipro,WIT,0.0082,-0.4251,1.0114,1,Wipro market update,1.0,0,0.0068
2024-02-16,3.09,7345200,Wipro,WIT,0.0405,2.8497,1.0206,0,Wipro market update,1.0,0,0.0404
2024-02-20,3.04,10687000,Wipro,WIT,-0.0171,0.455,1.0175,0,Wipro market update,1.0,0,0.0162
2024-02-21,2.97,3105200,Wipro,WIT,-0.0237,-0.7094,1.0179,1,Wipro market update,1.0,0,0.023
2024-02-22,3.04,3094600,Wipro,WIT,0.0243,-0.0034,1.0112,1,Wipro market update,1.0,0,0.0236
2024-02-23,3.05,2238200,Wipro,WIT,0.0047,-0.2767,1.0079,0,Wipro market update,1.0,0,0.0033
2024-02-26,3.04,1911600,Wipro,WIT,-0.0047,-0.1459,1.0079,0,Wipro market update,1.0,0,0.0033
2024-02-27,3.03,1646600,Wipro,WIT,-0.0032,-0.1386,1.0095,0,Wipro market update,1.0,0,0.0033
2024-02-28,2.96,2647200,Wipro,WIT,-0.0222,0.6077,1.0098,1,Wipro market update,1.0,0,0.0231
2024-02-29,2.98,2101200,Wipro,WIT,0.0049,-0.2063,1.0097,1,Wipro market update,1.0,0,0.0068
2024-03-01,2.99,1909200,Wipro,WIT,0.0032,-0.0914,1.0081,1,Wipro market update,1.0,0,0.0034
2024-03-04,3.01,2873200,Wipro,WIT,0.0064,0.5049,1.0146,0,Wipro market update,1.0,0,0.0067
2024-03-05,2.94,3532200,Wipro,WIT,-0.0224,0.2294,1.0098,0,Wipro market update,1.0,0,0.0233
2024-03-06,2.93,5211600,Wipro,WIT,-0.0016,0.4755,1.0115,1,Wipro market update,1.0,0,0.0034
2024-03-07,2.98,3731200,Wipro,WIT,0.0148,-0.2841,1.0098,0,Wipro market update,1.0,0,0.0171
2024-03-08,2.97,3964200,Wipro,WIT,-0.0032,0.0624,1.0114,0,Wipro market update,1.0,0,0.0034
2024-03-11,2.95,2964200,Wipro,WIT,-0.0065,-0.2523,1.0065,1,Wipro market update,1.0,0,0.0067
2024-03-12,2.97,3896000,Wipro,WIT,0.0065,0.3144,1.0148,0,Wipro market update,1.0,0,0.0068
2024-03-13,2.89,3025800,Wipro,WIT,-0.0259,-0.2234,1.0067,1,Wipro market update,1.0,0,0.0269
2024-03-14,2.93,5196800,Wipro,WIT,0.015,0.7175,1.018,1,Wipro market update,1.0,0,0.0138
2024-03-15,2.95,5759200,Wipro,WIT,0.0049,0.1082,1.0049,0,Wipro market update,1.0,0,0.0068
2024-03-18,2.91,2604200,Wipro,WIT,-0.0131,-0.5478,1.0083,0,Wipro market update,1.0,0,0.0136
2024-03-19,2.86,5348800,Wipro,WIT,-0.0165,1.0539,1.0171,0,Wipro market update,1.0,0,0.0172
2024-03-20,2.86,3443400,Wipro,WIT,0.0,-0.3562,1.0136,0,Wipro market update,1.0,0,0.0
2024-03-21,2.81,7969200,Wipro,WIT,-0.0185,1.3143,1.019,0,Wipro market update,1.0,0,0.0175
2024-03-22,2.72,10276400,Wipro,WIT,-0.0325,0.2895,1.0392,1,Wipro market update,1.0,0,0.032
2024-03-25,2.73,5283200,Wipro,WIT,0.0035,-0.4859,1.0107,0,Wipro market update,1.0,0,0.0037
2024-03-26,2.72,3495800,Wipro,WIT,-0.0018,-0.3383,1.0106,1,Wipro market update,1.0,0,0.0037
2024-03-27,2.74,5653200,Wipro,WIT,0.0071,0.6171,1.0124,1,Wipro market update,1.0,0,0.0074
2024-03-28,2.76,4673600,Wipro,WIT,0.0088,-0.1733,1.007,0,Wipro market update,1.0,0,0.0073
2024-04-01,2.72,3454600,Wipro,WIT,-0.0157,-0.2608,1.023,0,Wipro market update,1.0,0,0.0145
2024-04-02,2.7,9056000,Wipro,WIT,-0.0088,1.6214,1.0215,1,Wipro market update,1.0,0,0.0074
2024-04-03,2.74,11493800,Wipro,WIT,0.0143,0.2692,1.0178,1,Wipro market update,1.0,0,0.0148
2024-04-04,2.76,9434200,Wipro,WIT,0.0105,-0.1792,1.0193,1,Wipro market update,1.0,0,0.0073
2024-04-05,2.77,5194600,Wipro,WIT,0.0017,-0.4494,1.0158,0,Wipro market update,1.0,0,0.0036
2024-04-08,2.7,13264400,Wipro,WIT,-0.0243,1.5535,1.0215,1,Wipro market update,1.0,0,0.0253
2024-04-09,2.73,7703400,Wipro,WIT,0.0107,-0.4192,1.0107,0,Wipro market update,1.0,0,0.0111
2024-04-10,2.68,8863400,Wipro,WIT,-0.0194,0.1506,1.0198,1,Wipro market update,1.0,0,0.0183
2024-04-11,2.68,7212200,Wipro,WIT,0.0018,-0.1863,1.0181,0,Wipro market update,1.0,0,0.0
2024-04-12,2.63,9095800,Wipro,WIT,-0.0215,0.2612,1.0203,0,Wipro market update,1.0,0,0.0187
2024-04-15,2.56,11728000,Wipro,WIT,-0.0256,0.2894,1.0301,0,Wipro market update,1.0,0,0.0266
2024-04-16,2.53,4767400,Wipro,WIT,-0.0113,-0.5935,1.0095,0,Wipro market update,1.0,0,0.0117
2024-04-17,2.52,4454600,Wipro,WIT,-0.0019,-0.0656,1.0095,0,Wipro market update,1.0,0,0.004
2024-04-18,2.48,7184200,Wipro,WIT,-0.0171,0.6128,1.0155,1,Wipro market update,1.0,0,0.0159
2024-04-19,2.52,12754600,Wipro,WIT,0.0174,0.7754,1.0307,1,Wipro market update,1.0,0,0.0161
2024-04-22,2.65,10547000,Wipro,WIT,0.0514,-0.1731,1.0222,0,Wipro market update,1.0,0,0.0516
2024-04-23,2.65,6220800,Wipro,WIT,-0.0018,-0.4102,1.0091,0,Wipro market update,1.0,0,0.0
2024-04-24,2.63,6136400,Wipro,WIT,-0.0073,-0.0136,1.0148,0,Wipro market update,1.0,0,0.0075
2024-04-25,2.62,9016800,Wipro,WIT,-0.0055,0.4694,1.0245,1,Wipro market update,1.0,0,0.0038
2024-04-26,2.63,6194800,Wipro,WIT,0.0037,-0.313,1.0129,0,Wipro market update,1.0,0,0.0038
2024-04-29,2.62,6109200,Wipro,WIT,-0.0018,-0.0138,1.0129,0,Wipro market update,1.0,0,0.0038
2024-04-30,2.59,7991000,Wipro,WIT,-0.011,0.308,1.0186,0,Wipro market update,1.0,0,0.0115
2024-05-01,2.59,7839400,Wipro,WIT,-0.0019,-0.019,1.0112,0,Wipro market update,1.0,0,0.0
2024-05-02,2.58,7435800,Wipro,WIT,-0.0019,-0.0515,1.0112,1,Wipro market update,1.0,0,0.0039
2024-05-03,2.6,7414200,Wipro,WIT,0.0056,-0.0029,1.0112,1,Wipro market update,1.0,0,0.0078
2024-05-06,2.63,4230600,Wipro,WIT,0.013,-0.4294,1.0111,1,Wipro market update,1.0,0,0.0115
2024-05-07,2.64,4366800,Wipro,WIT,0.0037,0.0322,1.0092,0,Wipro market update,1.0,0,0.0038
2024-05-08,2.62,2629200,Wipro,WIT,-0.0073,-0.3979,1.0074,0,Wipro market update,1.0,0,0.0076
2024-05-09,2.59,2369600,Wipro,WIT,-0.0128,-0.0987,1.0112,0,Wipro market update,1.0,0,0.0115
2024-05-10,2.56,3496600,Wipro,WIT,-0.0112,0.4756,1.0113,1,Wipro market update,1.0,0,0.0116
2024-05-13,2.58,5210200,Wipro,WIT,0.0075,0.4901,1.0094,1,Wipro market update,1.0,0,0.0078
2024-05-14,2.6,4066200,Wipro,WIT,0.0093,-0.2196,1.013,1,Wipro market update,1.0,0,0.0078
2024-05-15,2.62,2126600,Wipro,WIT,0.0055,-0.477,1.0093,0,Wipro market update,1.0,0,0.0077
2024-05-16,2.62,6691800,Wipro,WIT,0.0,2.1467,1.0129,0,Wipro market update,1.0,0,0.0
2024-05-17,2.59,2458200,Wipro,WIT,-0.0092,-0.6327,1.0093,0,Wipro market update,1.0,0,0.0115
2024-05-20,2.59,5501000,Wipro,WIT,0.0,1.2378,1.0093,1,Wipro market update,1.0,0,0.0
2024-05-21,2.6,4687200,Wipro,WIT,0.0019,-0.1479,1.013,1,Wipro market update,1.0,0,0.0039
2024-05-22,2.6,5236200,Wipro,WIT,0.0019,0.1171,1.0093,1,Wipro market update,1.0,0,0.0
2024-05-23,2.63,5588400,Wipro,WIT,0.0092,0.0673,1.011,0,Wipro market update,1.0,0,0.0115
2024-05-24,2.62,5481200,Wipro,WIT,-0.0018,-0.0192,1.0074,0,Wipro market update,1.0,0,0.0038
2024-05-28,2.58,4645400,Wipro,WIT,-0.0147,-0.1525,1.0112,0,Wipro market update,1.0,0,0.0153
2024-05-29,2.53,2990800,Wipro,WIT,-0.0205,-0.3562,1.0152,0,Wipro market update,1.0,0,0.0194
2024-05-30,2.46,4993200,Wipro,WIT,-0.0266,0.6695,1.0157,1,Wipro market update,1.0,0,0.0277
2024-05-31,2.48,6558400,Wipro,WIT,0.0059,0.3135,1.0157,1,Wipro market update,1.0,0,0.0081
2024-06-03,2.53,2865600,Wipro,WIT,0.0233,-0.5631,1.0135,0,Wipro market update,1.0,0,0.0202
2024-06-04,2.5,6244800,Wipro,WIT,-0.0152,1.1792,1.0136,1,Wipro market update,1.0,0,0.0119
2024-06-05,2.56,4937800,Wipro,WIT,0.027,-0.2093,1.019,1,Wipro market update,1.0,0,0.024
2024-06-06,2.64,9923600,Wipro,WIT,0.0281,1.0097,1.0223,1,Wipro market update,1.0,0,0.0312
2024-06-07,2.7,10299400,Wipro,WIT,0.0255,0.0379,1.0179,0,Wipro market update,1.0,0,0.0227
2024-06-10,2.67,3065200,Wipro,WIT,-0.0107,-0.7024,1.0164,1,Wipro market update,1.0,0,0.0111
2024-06-11,2.68,4325200,Wipro,WIT,0.0036,0.4111,1.0145,0,Wipro market update,1.0,0,0.0037
2024-06-12,2.68,4451400,Wipro,WIT,0.0,0.0292,1.0144,1,Wipro market update,1.0,0,0.0
2024-06-13,2.7,3768600,Wipro,WIT,0.0054,-0.1534,1.0089,0,Wipro market update,1.0,0,0.0075
2024-06-14,2.66,3615600,Wipro,WIT,-0.0125,-0.0406,1.0072,1,Wipro market update,1.0,0,0.0148
2024-06-17,2.69,4998800,Wipro,WIT,0.009,0.3826,1.0108,1,Wipro market update,1.0,0,0.0113
2024-06-18,2.77,6429800,Wipro,WIT,0.0304,0.2863,1.0105,1,Wipro market update,1.0,0,0.0297
2024-06-20,2.83,9056800,Wipro,WIT,0.0226,0.4086,1.0155,0,Wipro market update,1.0,0,0.0217
2024-06-21,2.83,14186800,Wipro,WIT,-0.0017,0.5664,1.0155,0,Wipro market update,1.0,0,0.0
2024-06-24,2.8,3057000,Wipro,WIT,-0.0085,-0.7845,1.012,1,Wipro market update,1.0,0,0.0106
2024-06-25,2.82,4852600,Wipro,WIT,0.0069,0.5874,1.012,0,Wipro market update,1.0,0,0.0071
2024-06-26,2.82,2846800,Wipro,WIT,0.0,-0.4133,1.0103,1,Wipro market update,1.0,0,0.0
2024-06-27,2.89,3488800,Wipro,WIT,0.0256,0.2255,1.01,1,Wipro market update,1.0,0,0.0248
2024-06-28,2.93,11094400,Wipro,WIT,0.0133,2.18,1.0166,1,Wipro market update,1.0,0,0.0138
2024-07-01,2.98,6150800,Wipro,WIT,0.0148,-0.4456,1.0131,1,Wipro market update,1.0,0,0.0171
2024-07-02,3.09,4131400,Wipro,WIT,0.0372,-0.3283,1.0158,0,Wipro market update,1.0,0,0.0369
2024-07-03,3.07,2083200,Wipro,WIT,-0.0062,-0.4958,1.0094,0,Wipro market update,1.0,0,0.0065
2024-07-05,3.07,3412400,Wipro,WIT,0.0,0.6381,1.0111,1,Wipro market update,1.0,0,0.0
2024-07-08,3.08,2236400,Wipro,WIT,0.0047,-0.3446,1.0063,0,Wipro market update,1.0,0,0.0033
2024-07-09,3.07,3898800,Wipro,WIT,-0.0047,0.7433,1.0063,1,Wipro market update,1.0,0,0.0032
2024-07-10,3.07,3119200,Wipro,WIT,0.0016,-0.2,1.0143,1,Wipro market update,1.0,0,0.0
2024-07-11,3.12,5405200,Wipro,WIT,0.0156,0.7329,1.0185,1,Wipro market update,1.0,0,0.0163
2024-07-12,3.23,7085600,Wipro,WIT,0.0354,0.3109,1.0304,0,Wipro market update,1.0,0,0.0353
2024-07-15,3.21,4997400,Wipro,WIT,-0.006,-0.2947,1.0151,1,Wipro market update,1.0,0,0.0062
2024-07-16,3.22,3822200,Wipro,WIT,0.0015,-0.2352,1.012,1,Wipro market update,1.0,0,0.0031
2024-07-17,3.22,4347000,Wipro,WIT,0.0015,0.1373,1.0198,1,Wipro market update,1.0,0,0.0
2024-07-18,3.31,10843600,Wipro,WIT,0.0284,1.4945,1.0309,0,Wipro market update,1.0,0,0.028
2024-07-19,2.93,21839800,Wipro,WIT,-0.1161,1.0141,1.0808,0,Wipro market update,1.0,0,0.1148
2024-07-22,2.89,6919000,Wipro,WIT,-0.0148,-0.6832,1.0169,0,Wipro market update,1.0,0,0.0137
2024-07-23,2.87,4014200,Wipro,WIT,-0.0067,-0.4198,1.0118,0,Wipro market update,1.0,0,0.0069
2024-07-24,2.82,3893800,Wipro,WIT,-0.0151,-0.03,1.0137,1,Wipro market update,1.0,0,0.0174
2024-07-25,2.89,4096600,Wipro,WIT,0.0256,0.0521,1.0185,1,Wipro market update,1.0,0,0.0248
2024-07-26,2.98,5948800,Wipro,WIT,0.0299,0.4521,1.0146,0,Wipro market update,1.0,0,0.0311
2024-07-29,2.98,2711800,Wipro,WIT,0.0,-0.5441,1.0065,0,Wipro market update,1.0,0,0.0
2024-07-30,2.96,4533800,Wipro,WIT,-0.0065,0.6719,1.0146,0,Wipro market update,1.0,0,0.0067
2024-07-31,2.96,6273000,Wipro,WIT,0.0,0.3836,1.0299,0,Wipro market update,1.0,0,0.0
2024-08-01,2.93,2726400,Wipro,WIT,-0.0097,-0.5654,1.0197,0,Wipro market update,1.0,0,0.0101
2024-08-02,2.85,2889400,Wipro,WIT,-0.0295,0.0598,1.0205,0,Wipro market update,1.0,0,0.0273
2024-08-05,2.72,5750600,Wipro,WIT,-0.0439,0.9902,1.0436,1,Wipro market update,1.0,0,0.0456
2024-08-06,2.81,4570400,Wipro,WIT,0.0336,-0.2052,1.0297,0,Wipro market update,1.0,0,0.0331
2024-08-07,2.77,2576400,Wipro,WIT,-0.0137,-0.4363,1.026,1,Wipro market update,1.0,0,0.0142
2024-08-08,2.8,1571800,Wipro,WIT,0.0104,-0.3899,1.0139,1,Wipro market update,1.0,0,0.0108
2024-08-09,2.82,3162000,Wipro,WIT,0.0051,1.0117,1.0138,0,Wipro market update,1.0,0,0.0071
2024-08-12,2.77,1687600,Wipro,WIT,-0.0171,-0.4663,1.0139,1,Wipro market update,1.0,0,0.0177
2024-08-13,2.81,2361600,Wipro,WIT,0.0139,0.3994,1.0121,1,Wipro market update,1.0,0,0.0144
2024-08-14,2.81,1734400,Wipro,WIT,0.0017,-0.2656,1.0069,1,Wipro market update,1.0,0,0.0
2024-08-15,2.85,1509200,Wipro,WIT,0.012,-0.1298,1.0068,1,Wipro market update,1.0,0,0.0142
2024-08-16,2.91,2084000,Wipro,WIT,0.0236,0.3809,1.0116,1,Wipro market update,1.0,0,0.0211
2024-08-19,2.96,2728800,Wipro,WIT,0.0149,0.3094,1.0131,1,Wipro market update,1.0,0,0.0172
2024-08-20,2.97,1912800,Wipro,WIT,0.0033,-0.299,1.0098,1,Wipro market update,1.0,0,0.0034
2024-08-21,3.01,1871200,Wipro,WIT,0.0146,-0.0217,1.0178,0,Wipro market update,1.0,0,0.0135
2024-08-22,2.95,2503400,Wipro,WIT,-0.0192,0.3379,1.0082,0,Wipro market update,1.0,0,0.0199
2024-08-23,2.95,2524800,Wipro,WIT,-0.0016,0.0085,1.0148,1,Wipro market update,1.0,0,0.0
2024-08-26,2.98,1500800,Wipro,WIT,0.0098,-0.4056,1.0081,0,Wipro market update,1.0,0,0.0102
2024-08-27,2.97,1673000,Wipro,WIT,-0.0016,0.1147,1.0081,1,Wipro market update,1.0,0,0.0034
2024-08-28,3.06,5555400,Wipro,WIT,0.0291,2.3206,1.0143,1,Wipro market update,1.0,0,0.0303
2024-08-29,3.1,3310400,Wipro,WIT,0.0126,-0.4041,1.022,0,Wipro market update,1.0,0,0.0131
2024-08-30,3.09,2846600,Wipro,WIT,-0.0016,-0.1401,1.0094,0,Wipro market update,1.0,0,0.0032
2024-09-03,3.05,2445200,Wipro,WIT,-0.014,-0.141,1.0158,0,Wipro market update,1.0,0,0.0129
2024-09-04,3.02,3278000,Wipro,WIT,-0.011,0.3406,1.0145,1,Wipro market update,1.0,0,0.0098
2024-09-05,3.03,2572000,Wipro,WIT,0.0048,-0.2154,1.008,0,Wipro market update,1.0,0,0.0033
2024-09-06,3.01,3025200,Wipro,WIT,-0.0079,0.1762,1.0128,0,Wipro market update,1.0,0,0.0066
2024-09-09,2.99,3062400,Wipro,WIT,-0.0064,0.0123,1.0081,1,Wipro market update,1.0,0,0.0066
2024-09-10,3.04,3517800,Wipro,WIT,0.0193,0.1487,1.0128,0,Wipro market update,1.0,0,0.0167
2024-09-11,2.98,3529600,Wipro,WIT,-0.0221,0.0034,1.0147,1,Wipro market update,1.0,0,0.0197
2024-09-12,3.06,2927200,Wipro,WIT,0.0275,-0.1707,1.0127,1,Wipro market update,1.0,0,0.0268
2024-09-13,3.15,1963400,Wipro,WIT,0.0314,-0.3293,1.0076,1,Wipro market update,1.0,0,0.0294
2024-09-16,3.16,1550000,Wipro,WIT,0.003,-0.2106,1.0092,0,Wipro market update,1.0,0,0.0032
2024-09-17,3.13,3045000,Wipro,WIT,-0.0122,0.9645,1.0248,0,Wipro market update,1.0,0,0.0095
2024-09-18,3.06,2968400,Wipro,WIT,-0.02,-0.0252,1.0173,1,Wipro market update,1.0,0,0.0224
2024-09-19,3.11,3698600,Wipro,WIT,0.0157,0.246,1.0109,0,Wipro market update,1.0,0,0.0163
2024-09-20,3.11,4647400,Wipro,WIT,0.0,0.2565,1.0141,0,Wipro market update,1.0,0,0.0
2024-09-23,3.09,1933200,Wipro,WIT,-0.0062,-0.584,1.011,1,Wipro market update,1.0,0,0.0064
2024-09-24,3.11,3122400,Wipro,WIT,0.0047,0.6151,1.0125,0,Wipro market update,1.0,0,0.0065
2024-09-25,3.11,3671000,Wipro,WIT,0.0,0.1757,1.0093,1,Wipro market update,1.0,0,0.0
2024-09-26,3.17,4499800,Wipro,WIT,0.0217,0.2258,1.0228,0,Wipro market update,1.0,0,0.0193
2024-09-27,3.11,4218000,Wipro,WIT,-0.0197,-0.0626,1.0124,1,Wipro market update,1.0,0,0.0189
2024-09-30,3.12,4170200,Wipro,WIT,0.0015,-0.0113,1.0109,1,Wipro market update,1.0,0,0.0032
2024-10-01,3.16,3835200,Wipro,WIT,0.0154,-0.0803,1.0201,0,Wipro market update,1.0,0,0.0128
2024-10-02,3.12,3201600,Wipro,WIT,-0.0137,-0.1652,1.0171,0,Wipro market update,1.0,0,0.0127
2024-10-03,3.07,3807200,Wipro,WIT,-0.0169,0.1892,1.0143,1,Wipro market update,1.0,0,0.016
2024-10-04,3.1,3839000,Wipro,WIT,0.0094,0.0084,1.0062,0,Wipro market update,1.0,0,0.0098
2024-10-07,3.07,1856000,Wipro,WIT,-0.0078,-0.5165,1.0126,0,Wipro market update,1.0,0,0.0097
2024-10-08,3.06,4407400,Wipro,WIT,-0.0031,1.3747,1.0175,1,Wipro market update,1.0,0,0.0033
2024-10-09,3.09,2543200,Wipro,WIT,0.0078,-0.423,1.0142,0,Wipro market update,1.0,0,0.0098
2024-10-10,3.02,5250000,Wipro,WIT,-0.0234,1.0643,1.0161,1,Wipro market update,1.0,0,0.0227
2024-10-11,3.06,3132600,Wipro,WIT,0.0159,-0.4033,1.0159,1,Wipro market update,1.0,0,0.0132
2024-10-14,3.17,3144600,Wipro,WIT,0.0361,0.0038,1.0138,0,Wipro market update,1.0,0,0.0359
2024-10-15,3.07,6413600,Wipro,WIT,-0.0333,1.0396,1.0078,1,Wipro market update,1.0,0,0.0315
2024-10-16,3.09,4008600,Wipro,WIT,0.0063,-0.375,1.011,0,Wipro market update,1.0,0,0.0065
2024-10-17,3.05,6648200,Wipro,WIT,-0.0109,0.6585,1.0458,1,Wipro market update,1.0,0,0.0129
2024-10-18,3.22,6322200,Wipro,WIT,0.0535,-0.049,1.0354,0,Wipro market update,1.0,0,0.0557
2024-10-21,3.18,3441000,Wipro,WIT,-0.012,-0.4557,1.0107,0,Wipro market update,1.0,0,0.0124
2024-10-22,3.17,4933600,Wipro,WIT,-0.003,0.4338,1.0092,1,Wipro market update,1.0,0,0.0031
2024-10-23,3.18,4943600,Wipro,WIT,0.003,0.002,1.0061,0,Wipro market update,1.0,0,0.0032
2024-10-24,3.17,4647200,Wipro,WIT,-0.003,-0.06,1.0076,0,Wipro market update,1.0,0,0.0031
2024-10-25,3.15,5743200,Wipro,WIT,-0.0046,0.2358,1.0076,1,Wipro market update,1.0,0,0.0063
2024-10-28,3.25,3967000,Wipro,WIT,0.029,-0.3093,1.012,0,Wipro market update,1.0,0,0.0317
2024-10-29,3.24,5326000,Wipro,WIT,-0.0015,0.3426,1.009,0,Wipro market update,1.0,0,0.0031
2024-10-30,3.21,4587800,Wipro,WIT,-0.0089,-0.1386,1.018,0,Wipro market update,1.0,0,0.0093
2024-10-31,3.12,4391400,Wipro,WIT,-0.0299,-0.0428,1.0201,1,Wipro market update,1.0,0,0.028
2024-11-01,3.13,3302000,Wipro,WIT,0.0031,-0.2481,1.0123,0,Wipro market update,1.0,0,0.0032
2024-11-04,3.09,1745200,Wipro,WIT,-0.0108,-0.4715,1.011,1,Wipro market update,1.0,0,0.0128
2024-11-05,3.14,3016000,Wipro,WIT,0.014,0.7282,1.0155,1,Wipro market update,1.0,0,0.0162
2024-11-06,3.28,5478000,Wipro,WIT,0.046,0.8163,1.0149,0,Wipro market update,1.0,0,0.0446
2024-11-07,3.27,4352800,Wipro,WIT,-0.0029,-0.2054,1.0104,1,Wipro market update,1.0,0,0.003
2024-11-08,3.29,3126800,Wipro,WIT,0.0074,-0.2817,1.0132,1,Wipro market update,1.0,0,0.0061
2024-11-11,3.37,8471400,Wipro,WIT,0.0219,1.7093,1.0262,0,Wipro market update,1.0,0,0.0243
2024-11-12,3.33,6637400,Wipro,WIT,-0.0114,-0.2165,1.0087,0,Wipro market update,1.0,0,0.0119
2024-11-13,3.3,7441000,Wipro,WIT,-0.0072,0.1211,1.0147,0,Wipro market update,1.0,0,0.009
2024-11-14,3.27,4702800,Wipro,WIT,-0.0116,-0.368,1.0044,0,Wipro market update,1.0,0,0.0091
2024-11-15,3.23,5651400,Wipro,WIT,-0.0103,0.2017,1.0135,0,Wipro market update,1.0,0,0.0122
2024-11-18,3.22,8385400,Wipro,WIT,-0.003,0.4838,1.009,1,Wipro market update,1.0,0,0.0031
2024-11-19,3.27,3462600,Wipro,WIT,0.0164,-0.5871,1.0134,1,Wipro market update,1.0,0,0.0155
2024-11-20,3.31,5955400,Wipro,WIT,0.0103,0.7199,1.0088,0,Wipro market update,1.0,0,0.0122
2024-11-21,3.27,4874800,Wipro,WIT,-0.0131,-0.1814,1.0089,1,Wipro market update,1.0,0,0.0121
2024-11-22,3.36,10466000,Wipro,WIT,0.028,1.147,1.0203,1,Wipro market update,1.0,0,0.0275
2024-11-25,3.4,7444400,Wipro,WIT,0.0129,-0.2887,1.0085,1,Wipro market update,1.0,0,0.0119
2024-11-26,3.41,7972000,Wipro,WIT,0.0042,0.0709,1.0071,0,Wipro market update,1.0,0,0.0029
2024-11-27,3.38,7453800,Wipro,WIT,-0.0099,-0.065,1.0114,0,Wipro market update,1.0,0,0.0088
2024-11-29,3.36,3285800,Wipro,WIT,-0.0057,-0.5592,1.0144,1,Wipro market update,1.0,0,0.0059
2024-12-02,3.39,4499800,Wipro,WIT,0.01,0.3695,1.0144,1,Wipro market update,1.0,0,0.0089
2024-12-03,3.4,5247200,Wipro,WIT,0.0028,0.1661,1.0114,1,Wipro market update,1.0,0,0.0029
2024-12-04,3.42,4344200,Wipro,WIT,0.0056,-0.1721,1.0113,1,Wipro market update,1.0,0,0.0059
2024-12-05,3.47,6692200,Wipro,WIT,0.014,0.5405,1.0139,0,Wipro market update,1.0,0,0.0146
2024-12-06,3.36,9813000,Wipro,WIT,-0.0332,0.4663,1.0418,1,Wipro market update,1.0,0,0.0317
2024-12-09,3.45,6171800,Wipro,WIT,0.0287,-0.3711,1.0182,1,Wipro market update,1.0,0,0.0268
2024-12-10,3.48,3768400,Wipro,WIT,0.0084,-0.3894,1.0139,0,Wipro market update,1.0,0,0.0087
2024-12-11,3.48,4703900,Wipro,WIT,0.0,0.2482,1.0475,1,Wipro market update,1.0,0,0.0
2024-12-12,3.5,2539300,Wipro,WIT,0.0055,-0.4602,1.0167,1,Wipro market update,1.0,0,0.0057
2024-12-13,3.53,3214400,Wipro,WIT,0.0082,0.2659,1.0137,1,Wipro market update,1.0,0,0.0086
2024-12-16,3.54,3395100,Wipro,WIT,0.0027,0.0562,1.0193,1,Wipro market update,1.0,0,0.0028
2024-12-17,3.56,5112400,Wipro,WIT,0.0054,0.5058,1.0248,0,Wipro market update,1.0,0,0.0056
2024-12-18,3.49,4303900,Wipro,WIT,-0.0189,-0.1581,1.0359,1,Wipro market update,1.0,0,0.0197
2024-12-19,3.57,5035100,Wipro,WIT,0.022,0.1699,1.0135,0,Wipro market update,1.0,0,0.0229
2024-12-20,3.51,6480600,Wipro,WIT,-0.0162,0.2871,1.0166,0,Wipro market update,1.0,0,0.0168
2024-12-23,3.48,3823900,Wipro,WIT,-0.0082,-0.4099,1.0139,1,Wipro market update,1.0,0,0.0085
2024-12-24,3.49,1337400,Wipro,WIT,0.0028,-0.6503,1.0083,0,Wipro market update,1.0,0,0.0029
2024-12-26,3.47,2152900,Wipro,WIT,-0.0055,0.6098,1.0084,1,Wipro market update,1.0,0,0.0057
2024-12-27,3.51,1875500,Wipro,WIT,0.0111,-0.1288,1.0167,0,Wipro market update,1.0,0,0.0115
2024-12-30,3.4,2203900,Wipro,WIT,-0.0301,0.1751,1.017,0,Wipro market update,1.0,0,0.0313
2024-12-31,3.4,2107200,Wipro,WIT,0.0,-0.0439,1.0142,1,Wipro market update,1.0,0,0.0
2025-01-02,3.43,2381400,Wipro,WIT,0.0085,0.1301,1.0141,0,Wipro market update,1.0,0,0.0088
2025-01-03,3.37,2931600,Wipro,WIT,-0.0196,0.231,1.0204,0,Wipro market update,1.0,0,0.0175
2025-01-06,3.34,3838200,Wipro,WIT,-0.0086,0.3093,1.0173,0,Wipro market update,1.0,0,0.0089
2025-01-07,3.33,4085800,Wipro,WIT,-0.0029,0.0645,1.0233,1,Wipro market update,1.0,0,0.003
2025-01-08,3.38,2927000,Wipro,WIT,0.0145,-0.2836,1.0203,1,Wipro market update,1.0,0,0.015
2025-01-10,3.39,4476300,Wipro,WIT,0.0028,0.5293,1.0171,0,Wipro market update,1.0,0,0.003
2025-01-13,3.29,4934100,Wipro,WIT,-0.0284,0.1023,1.0148,0,Wipro market update,1.0,0,0.0295
2025-01-14,3.27,2813700,Wipro,WIT,-0.0058,-0.4297,1.0177,1,Wipro market update,1.0,0,0.0061
2025-01-15,3.31,4315700,Wipro,WIT,0.0118,0.5338,1.0177,0,Wipro market update,1.0,0,0.0122
2025-01-16,3.17,6241100,Wipro,WIT,-0.0407,0.4461,1.0366,1,Wipro market update,1.0,0,0.0423
2025-01-17,3.31,7784600,Wipro,WIT,0.0424,0.2473,1.0569,1,Wipro market update,1.0,0,0.0442
2025-01-21,3.39,6480400,Wipro,WIT,0.0233,-0.1675,1.0321,1,Wipro market update,1.0,0,0.0242
2025-01-22,3.52,8759600,Wipro,WIT,0.0398,0.3517,1.0279,1,Wipro market update,1.0,0,0.0383
2025-01-23,3.6,5952200,Wipro,WIT,0.0219,-0.3205,1.0135,1,Wipro market update,1.0,0,0.0227
2025-01-24,3.63,7359900,Wipro,WIT,0.008,0.2365,1.0134,0,Wipro market update,1.0,0,0.0083
2025-01-27,3.52,6803000,Wipro,WIT,-0.0292,-0.0757,1.0166,1,Wipro market update,1.0,0,0.0303
2025-01-28,3.58,8966200,Wipro,WIT,0.0164,0.318,1.0223,1,Wipro market update,1.0,0,0.017
2025-01-29,3.61,21669600,Wipro,WIT,0.0082,1.4168,1.0164,0,Wipro market update,1.0,0,0.0084
2025-01-30,3.61,5969900,Wipro,WIT,0.0,-0.7245,1.0164,0,Wipro market update,1.0,0,0.0
2025-01-31,3.6,6066300,Wipro,WIT,-0.0027,0.0161,1.0165,1,Wipro market update,1.0,0,0.0028
2025-02-03,3.61,6239800,Wipro,WIT,0.0027,0.0286,1.0193,1,Wipro market update,1.0,0,0.0028
2025-02-04,3.65,4854900,Wipro,WIT,0.0109,-0.2219,1.0081,0,Wipro market update,1.0,0,0.0111
2025-02-05,3.64,7786800,Wipro,WIT,-0.0027,0.6039,1.0191,0,Wipro market update,1.0,0,0.0027
2025-02-06,3.63,5127100,Wipro,WIT,-0.0027,-0.3416,1.0137,0,Wipro market update,1.0,0,0.0027
2025-02-07,3.6,4723900,Wipro,WIT,-0.0081,-0.0786,1.0137,1,Wipro market update,1.0,0,0.0083
2025-02-10,3.62,2799300,Wipro,WIT,0.0054,-0.4074,1.0109,0,Wipro market update,1.0,0,0.0056
2025-02-11,3.61,2473600,Wipro,WIT,-0.0027,-0.1164,1.0166,0,Wipro market update,1.0,0,0.0028
2025-02-12,3.56,2937600,Wipro,WIT,-0.0136,0.1876,1.0139,0,Wipro market update,1.0,0,0.0139
2025-02-13,3.56,4095200,Wipro,WIT,0.0,0.3941,1.0083,0,Wipro market update,1.0,0,0.0
2025-02-14,3.56,3800000,Wipro,WIT,0.0,-0.0721,1.011,1,Wipro market update,1.0,0,0.0
2025-02-18,3.61,5913000,Wipro,WIT,0.0138,0.5561,1.0138,0,Wipro market update,1.0,0,0.014
2025-02-19,3.6,3868000,Wipro,WIT,-0.0027,-0.3458,1.0054,0,Wipro market update,1.0,0,0.0028
2025-02-20,3.57,3830900,Wipro,WIT,-0.0082,-0.0096,1.0137,0,Wipro market update,1.0,0,0.0083
2025-02-21,3.41,5681900,Wipro,WIT,-0.044,0.4832,1.0345,0,Wipro market update,1.0,0,0.0448
2025-02-24,3.34,2960700,Wipro,WIT,-0.0201,-0.4789,1.0147,0,Wipro market update,1.0,0,0.0205
2025-02-25,3.31,2406200,Wipro,WIT,-0.0088,-0.1873,1.0149,0,Wipro market update,1.0,0,0.009
2025-02-26,3.3,4594300,Wipro,WIT,-0.003,0.9094,1.0148,0,Wipro market update,1.0,0,0.003
2025-02-27,3.29,4074100,Wipro,WIT,-0.003,-0.1132,1.0209,0,Wipro market update,1.0,0,0.003
2025-02-28,3.21,4877500,Wipro,WIT,-0.0268,0.1972,1.025,0,Wipro market update,1.0,0,0.0243
2025-03-03,3.19,5723700,Wipro,WIT,-0.0061,0.1735,1.0341,0,Wipro market update,1.0,0,0.0062
2025-03-04,3.16,3664800,Wipro,WIT,-0.0092,-0.3597,1.0252,1,Wipro market update,1.0,0,0.0094
2025-03-05,3.25,4025800,Wipro,WIT,0.0311,0.0985,1.0152,0,Wipro market update,1.0,0,0.0285
2025-03-06,3.22,3061400,Wipro,WIT,-0.012,-0.2396,1.0153,0,Wipro market update,1.0,0,0.0092
2025-03-07,3.2,5148600,Wipro,WIT,-0.0061,0.6818,1.0154,0,Wipro market update,1.0,0,0.0062
2025-03-10,3.12,4643400,Wipro,WIT,-0.0245,-0.0981,1.0221,0,Wipro market update,1.0,0,0.025
2025-03-11,3.08,6342600,Wipro,WIT,-0.0126,0.3659,1.0192,0,Wipro market update,1.0,0,0.0128
2025-03-12,3.02,12388700,Wipro,WIT,-0.0191,0.9533,1.0164,0,Wipro market update,1.0,0,0.0195
2025-03-13,2.97,4992800,Wipro,WIT,-0.0162,-0.597,1.0166,1,Wipro market update,1.0,0,0.0166
2025-03-14,3.01,3314400,Wipro,WIT,0.0132,-0.3362,1.0164,0,Wipro market update,1.0,0,0.0135
2025-03-17,2.99,6519800,Wipro,WIT,-0.0065,0.9671,1.0132,0,Wipro market update,1.0,0,0.0066
2025-03-18,2.94,4736000,Wipro,WIT,-0.0164,-0.2736,1.02,1,Wipro market update,1.0,0,0.0167
2025-03-19,3.01,3791500,Wipro,WIT,0.0233,-0.1994,1.0197,0,Wipro market update,1.0,0,0.0238
2025-03-20,2.94,10611800,Wipro,WIT,-0.0228,1.7988,1.0269,1,Wipro market update,1.0,0,0.0233
2025-03-21,2.97,7632500,Wipro,WIT,0.01,-0.2808,1.0234,1,Wipro market update,1.0,0,0.0102
2025-03-24,3.07,5918400,Wipro,WIT,0.033,-0.2246,1.0194,1,Wipro market update,1.0,0,0.0337
2025-03-25,3.08,3911800,Wipro,WIT,0.0032,-0.339,1.0096,0,Wipro market update,1.0,0,0.0033
2025-03-26,3.04,5743200,Wipro,WIT,-0.0127,0.4682,1.0258,1,Wipro market update,1.0,0,0.013
2025-03-27,3.07,5122400,Wipro,WIT,0.0097,-0.1081,1.016,0,Wipro market update,1.0,0,0.0099
2025-03-28,2.97,2516600,Wipro,WIT,-0.0319,-0.5087,1.0199,1,Wipro market update,1.0,0,0.0326
2025-03-31,3.0,6802600,Wipro,WIT,0.0099,1.7031,1.0233,0,Wipro market update,1.0,0,0.0101
2025-04-01,3.0,3989800,Wipro,WIT,0.0,-0.4135,1.0132,1,Wipro market update,1.0,0,0.0
2025-04-02,3.03,3954200,Wipro,WIT,0.0098,-0.0089,1.0297,0,Wipro market update,1.0,0,0.01
2025-04-03,2.86,5806300,Wipro,WIT,-0.055,0.4684,1.0274,0,Wipro market update,1.0,0,0.0561
2025-04-04,2.73,9069000,Wipro,WIT,-0.0445,0.5619,1.0328,1,Wipro market update,1.0,0,0.0455
2025-04-07,2.79,13825800,Wipro,WIT,0.0215,0.5245,1.0755,0,Wipro market update,1.0,0,0.022
2025-04-08,2.72,11265800,Wipro,WIT,-0.0246,-0.1852,1.073,1,Wipro market update,1.0,0,0.0251
2025-04-09,2.83,11722500,Wipro,WIT,0.0396,0.0405,1.1217,0,Wipro market update,1.0,0,0.0404
2025-04-10,2.78,9172300,Wipro,WIT,-0.0173,-0.2175,1.0618,0,Wipro market update,1.0,0,0.0177
2025-04-11,2.78,7924300,Wipro,WIT,0.0,-0.1361,1.0364,1,Wipro market update,1.0,0,0.0
2025-04-14,2.79,6748600,Wipro,WIT,0.0035,-0.1484,1.0212,0,Wipro market update,1.0,0,0.0036
2025-04-15,2.76,11983200,Wipro,WIT,-0.0105,0.7757,1.0357,0,Wipro market update,1.0,0,0.0108
2025-04-16,2.68,7489800,Wipro,WIT,-0.0319,-0.375,1.057,0,Wipro market update,1.0,0,0.029
2025-04-17,2.65,5395500,Wipro,WIT,-0.011,-0.2796,1.0222,1,Wipro market update,1.0,0,0.0112
2025-04-21,2.67,9035900,Wipro,WIT,0.0074,0.6747,1.0148,1,Wipro market update,1.0,0,0.0075
2025-04-22,2.72,11279200,Wipro,WIT,0.0184,0.2483,1.0184,1,Wipro market update,1.0,0,0.0187
2025-04-23,2.77,10995100,Wipro,WIT,0.0217,-0.0252,1.0177,1,Wipro market update,1.0,0,0.0184
2025-04-24,2.79,7233400,Wipro,WIT,0.0071,-0.3421,1.0142,0,Wipro market update,1.0,0,0.0072
2025-04-25,2.77,5406700,Wipro,WIT,-0.007,-0.2525,1.0251,1,Wipro market update,1.0,0,0.0072
2025-04-28,2.78,7239400,Wipro,WIT,0.0035,0.339,1.0179,1,Wipro market update,1.0,0,0.0036
2025-04-29,2.81,5895400,Wipro,WIT,0.0106,-0.1857,1.0141,0,Wipro market update,1.0,0,0.0108
2025-04-30,2.8,5662900,Wipro,WIT,-0.0035,-0.0394,1.0178,0,Wipro market update,1.0,0,0.0036
2025-05-01,2.8,5332400,Wipro,WIT,0.0,-0.0584,1.0141,1,Wipro market update,1.0,0,0.0
2025-05-02,2.84,4549400,Wipro,WIT,0.014,-0.1468,1.0104,0,Wipro market update,1.0,0,0.0143
2025-05-05,2.84,3773800,Wipro,WIT,0.0,-0.1705,1.0104,0,Wipro market update,1.0,0,0.0
2025-05-06,2.83,4832500,Wipro,WIT,-0.0034,0.2805,1.014,1,Wipro market update,1.0,0,0.0035
2025-05-07,2.84,5444400,Wipro,WIT,0.0035,0.1266,1.0284,0,Wipro market update,1.0,0,0.0035
2025-05-08,2.74,10977800,Wipro,WIT,-0.0345,1.0163,1.0251,1,Wipro market update,1.0,0,0.0352
2025-05-09,2.76,3426800,Wipro,WIT,0.0071,-0.6878,1.0214,1,Wipro market update,1.0,0,0.0073
2025-05-12,2.93,7479300,Wipro,WIT,0.0603,1.1826,1.034,0,Wipro market update,1.0,0,0.0616
2025-05-13,2.93,3966800,Wipro,WIT,0.0,-0.4696,1.024,0,Wipro market update,1.0,0,0.0
2025-05-14,2.91,2968800,Wipro,WIT,-0.0067,-0.2516,1.0136,1,Wipro market update,1.0,0,0.0068
2025-05-15,2.94,4527600,Wipro,WIT,0.0101,0.5251,1.0135,0,Wipro market update,1.0,0,0.0103
2025-05-16,2.9,4048700,Wipro,WIT,-0.0133,-0.1058,1.0137,0,Wipro market update,1.0,0,0.0136
2025-05-19,2.89,2770700,Wipro,WIT,-0.0034,-0.3157,1.0137,0,Wipro market update,1.0,0,0.0034
2025-05-20,2.85,2444600,Wipro,WIT,-0.0136,-0.1177,1.0207,0,Wipro market update,1.0,0,0.0138
2025-05-21,2.84,3455600,Wipro,WIT,-0.0034,0.4136,1.0139,0,Wipro market update,1.0,0,0.0035
2025-05-22,2.79,5798500,Wipro,WIT,-0.0172,0.678,1.0106,1,Wipro market update,1.0,0,0.0176
2025-05-23,2.8,4740300,Wipro,WIT,0.0035,-0.1825,1.0105,1,Wipro market update,1.0,0,0.0036
2025-05-27,2.84,2549600,Wipro,WIT,0.014,-0.4621,1.0139,0,Wipro market update,1.0,0,0.0143
2025-05-28,2.8,6193900,Wipro,WIT,-0.0138,1.4294,1.0105,1,Wipro market update,1.0,0,0.0141
2025-05-29,2.83,2949600,Wipro,WIT,0.0105,-0.5238,1.0104,0,Wipro market update,1.0,0,0.0107
2025-05-30,2.82,4375700,Wipro,WIT,-0.0035,0.4835,1.0139,0,Wipro market update,1.0,0,0.0035
2025-06-02,2.81,7333300,Wipro,WIT,-0.0035,0.6759,1.014,0,Wipro market update,1.0,0,0.0035
2025-06-03,2.77,4039100,Wipro,WIT,-0.0139,-0.4492,1.0106,1,Wipro market update,1.0,0,0.0142
2025-06-04,2.78,6205600,Wipro,WIT,0.0035,0.5364,1.0142,1,Wipro market update,1.0,0,0.0036
2025-06-05,2.8,3670900,Wipro,WIT,0.007,-0.4085,1.007,1,Wipro market update,1.0,0,0.0072
2025-06-06,2.83,2915600,Wipro,WIT,0.0105,-0.2058,1.014,1,Wipro market update,1.0,0,0.0107
2025-06-09,2.88,7019700,Wipro,WIT,0.0173,1.4076,1.0172,1,Wipro market update,1.0,0,0.0177
2025-06-10,2.91,4283400,Wipro,WIT,0.0102,-0.3898,1.0102,1,Wipro market update,1.0,0,0.0104
2025-06-11,2.94,5478200,Wipro,WIT,0.0101,0.2789,1.01,1,Wipro market update,1.0,0,0.0103
2025-06-12,2.96,5884400,Wipro,WIT,0.0067,0.0741,1.01,0,Wipro market update,1.0,0,0.0068
2025-06-13,2.91,3388100,Wipro,WIT,-0.0166,-0.4242,1.0168,1,Wipro market update,1.0,0,0.0169
2025-06-16,2.97,2951400,Wipro,WIT,0.0202,-0.1289,1.0099,0,Wipro market update,1.0,0,0.0206
2025-06-17,2.96,2256500,Wipro,WIT,-0.0033,-0.2354,1.01,0,Wipro market update,1.0,0,0.0034
2025-06-18,2.92,3733000,Wipro,WIT,-0.0132,0.6543,1.0134,0,Wipro market update,1.0,0,0.0135
2025-06-20,2.91,7483800,Wipro,WIT,-0.0034,1.0048,1.0304,1,Wipro market update,1.0,0,0.0034
2025-06-23,2.96,3250300,Wipro,WIT,0.0168,-0.5657,1.0202,1,Wipro market update,1.0,0,0.0172
2025-06-24,3.01,4542500,Wipro,WIT,0.0166,0.3976,1.0132,1,Wipro market update,1.0,0,0.0169
2025-06-25,3.02,5519700,Wipro,WIT,0.0033,0.2151,1.0065,1,Wipro market update,1.0,0,0.0033
2025-06-26,3.03,4593100,Wipro,WIT,0.0032,-0.1679,1.0098,0,Wipro market update,1.0,0,0.0033
2025-06-27,2.98,6250700,Wipro,WIT,-0.0162,0.3609,1.0132,0,Wipro market update,1.0,0,0.0165
2025-06-30,2.96,5217500,Wipro,WIT,-0.0066,-0.1653,1.0099,1,Wipro market update,1.0,0,0.0067
2025-07-01,3.0,5049800,Wipro,WIT,0.0132,-0.0321,1.0166,1,Wipro market update,1.0,0,0.0135
2025-07-02,3.02,5568900,Wipro,WIT,0.0065,0.1028,1.0131,1,Wipro market update,1.0,0,0.0067
2025-07-03,3.05,3186200,Wipro,WIT,0.0097,-0.4279,1.0129,0,Wipro market update,1.0,0,0.0099
2025-07-07,3.02,4067900,Wipro,WIT,-0.0096,0.2767,1.013,1,Wipro market update,1.0,0,0.0098
2025-07-08,3.03,5936100,Wipro,WIT,0.0032,0.4593,1.0162,0,Wipro market update,1.0,0,0.0033
2025-07-09,3.01,5784000,Wipro,WIT,-0.0065,-0.0256,1.0098,0,Wipro market update,1.0,0,0.0066
2025-07-10,2.86,18824200,Wipro,WIT,-0.0489,2.2545,1.0523,0,Wipro market update,1.0,0,0.0498
2025-07-11,2.85,10733000,Wipro,WIT,-0.0034,-0.4298,1.0138,0,Wipro market update,1.0,0,0.0035
2025-07-14,2.82,9146100,Wipro,WIT,-0.0103,-0.1479,1.0139,1,Wipro market update,1.0,0,0.0105
2025-07-15,2.84,10713000,Wipro,WIT,0.0069,0.1713,1.0138,1,Wipro market update,1.0,0,0.0071
2025-07-16,2.9,12502500,Wipro,WIT,0.0207,0.167,1.0102,1,Wipro market update,1.0,0,0.0211
2025-07-17,3.0,10391200,Wipro,WIT,0.0338,-0.1689,1.023,0,Wipro market update,1.0,0,0.0345
2025-07-18,2.94,4827900,Wipro,WIT,-0.0196,-0.5354,1.0235,0,Wipro market update,1.0,0,0.02
2025-07-21,2.91,5724600,Wipro,WIT,-0.01,0.1857,1.0171,0,Wipro market update,1.0,0,0.0102
2025-07-22,2.89,6710200,Wipro,WIT,-0.0067,0.1722,1.0171,1,Wipro market update,1.0,0,0.0069
2025-07-23,2.93,8089800,Wipro,WIT,0.0136,0.2056,1.0169,0,Wipro market update,1.0,0,0.0138
2025-07-24,2.88,5412100,Wipro,WIT,-0.0167,-0.331,1.0137,0,Wipro market update,1.0,0,0.0171
2025-07-25,2.87,6860900,Wipro,WIT,-0.0034,0.2677,1.0173,0,Wipro market update,1.0,0,0.0035
2025-07-28,2.77,10189700,Wipro,WIT,-0.0355,0.4852,1.0326,1,Wipro market update,1.0,0,0.0348
2025-07-29,2.8,7989800,Wipro,WIT,0.0108,-0.2159,1.0144,0,Wipro market update,1.0,0,0.0108
2025-07-30,2.75,8269100,Wipro,WIT,-0.0179,0.035,1.0183,0,Wipro market update,1.0,0,0.0179
2025-07-31,2.72,8502200,Wipro,WIT,-0.0109,0.0282,1.0148,0,Wipro market update,1.0,0,0.0109
2025-08-01,2.68,6334500,Wipro,WIT,-0.0147,-0.255,1.0188,0,Wipro market update,1.0,0,0.0147
2025-08-04,2.67,12843400,Wipro,WIT,-0.0037,1.0275,1.0226,1,Wipro market update,1.0,0,0.0037
2025-08-05,2.68,9808700,Wipro,WIT,0.0037,-0.2363,1.0149,0,Wipro market update,1.0,0,0.0037
2025-08-06,2.64,9068800,Wipro,WIT,-0.0149,-0.0754,1.0229,1,Wipro market update,1.0,0,0.0149
2025-08-07,2.66,9248700,Wipro,WIT,0.0076,0.0198,1.0302,0,Wipro market update,1.0,0,0.0076
2025-08-08,2.66,5660800,Wipro,WIT,0.0,-0.3879,1.0113,0,Wipro market update,1.0,0,0.0
2025-08-11,2.65,12225800,Wipro,WIT,-0.0038,1.1597,1.0191,1,Wipro market update,1.0,0,0.0038
2025-08-12,2.68,13108000,Wipro,WIT,0.0113,0.0722,1.0151,1,Wipro market update,1.0,0,0.0113
2025-08-13,2.73,12275100,Wipro,WIT,0.0187,-0.0635,1.0187,0,Wipro market update,1.0,0,0.0187
2025-08-14,2.71,9241200,Wipro,WIT,-0.0073,-0.2472,1.0224,1,Wipro market update,1.0,0,0.0073
2025-08-15,2.73,3326000,Wipro,WIT,0.0074,-0.6401,1.0147,1,Wipro market update,1.0,0,0.0074
2025-08-18,2.75,2611400,Wipro,WIT,0.0073,-0.2149,1.011,0,Wipro market update,1.0,0,0.0073
2025-08-19,2.75,7724300,Wipro,WIT,0.0,1.9579,1.0146,1,Wipro market update,1.0,0,0.0
2025-08-20,2.79,4319000,Wipro,WIT,0.0145,-0.4409,1.0108,1,Wipro market update,1.0,0,0.0145
2025-08-21,2.8,4833000,Wipro,WIT,0.0036,0.119,1.0144,1,Wipro market update,1.0,0,0.0036
2025-08-22,2.82,9128200,Wipro,WIT,0.0071,0.8887,1.0217,1,Wipro market update,1.0,0,0.0071
2025-08-25,2.83,5329300,Wipro,WIT,0.0035,-0.4162,1.0071,0,Wipro market update,1.0,0,0.0035
2025-08-26,2.78,3034500,Wipro,WIT,-0.0177,-0.4306,1.0144,1,Wipro market update,1.0,0,0.0177
2025-08-27,2.81,4231200,Wipro,WIT,0.0108,0.3944,1.0181,0,Wipro market update,1.0,0,0.0108
2025-08-28,2.8,4052100,Wipro,WIT,-0.0036,-0.0423,1.0144,0,Wipro market update,1.0,0,0.0036
2025-08-29,2.76,5655000,Wipro,WIT,-0.0143,0.3956,1.0109,0,Wipro market update,1.0,0,0.0143
2025-09-02,2.76,4638700,Wipro,WIT,0.0,-0.1797,1.0183,1,Wipro market update,1.0,0,0.0
2025-09-03,2.77,2733800,Wipro,WIT,0.0036,-0.4107,1.0109,0,Wipro market update,1.0,0,0.0036
2025-09-04,2.73,4093400,Wipro,WIT,-0.0144,0.4973,1.0261,0,Wipro market update,1.0,0,0.0144
2025-09-05,2.73,5801500,Wipro,WIT,0.0,0.4173,1.0148,1,Wipro market update,1.0,0,0.0
2025-09-08,2.75,5632300,Wipro,WIT,0.0073,-0.0292,1.0147,1,Wipro market update,1.0,0,0.0073
2025-09-09,2.77,4141800,Wipro,WIT,0.0073,-0.2646,1.0109,1,Wipro market update,1.0,0,0.0073
2025-09-10,2.81,10571500,Wipro,WIT,0.0144,1.5524,1.0142,0,Wipro market update,1.0,0,0.0144
2025-09-11,2.79,10480000,Wipro,WIT,-0.0071,-0.0087,1.0181,0,Wipro market update,1.0,0,0.0071
2025-09-12,2.77,3783300,Wipro,WIT,-0.0072,-0.639,1.0109,0,Wipro market update,1.0,0,0.0072
2025-09-15,2.76,14365600,Wipro,WIT,-0.0036,2.7971,1.0219,1,Wipro market update,1.0,0,0.0036
2025-09-16,2.78,6765600,Wipro,WIT,0.0072,-0.529,1.0072,1,Wipro market update,1.0,0,0.0072
2025-09-17,2.88,13688200,Wipro,WIT,0.036,1.0232,1.0285,0,Wipro market update,1.0,0,0.036
2025-09-18,2.86,5109000,Wipro,WIT,-0.0069,-0.6268,1.0105,0,Wipro market update,1.0,0,0.0069
2025-09-19,2.8,10155800,Wipro,WIT,-0.021,0.9878,1.0399,0,Wipro market update,1.0,0,0.021
2025-09-22,2.79,3901600,Wipro,WIT,-0.0036,-0.6158,1.0182,0,Wipro market update,1.0,0,0.0036
2025-09-23,2.73,5792700,Wipro,WIT,-0.0215,0.4847,1.0295,0,Wipro market update,1.0,0,0.0215
2025-09-24,2.72,9195100,Wipro,WIT,-0.0037,0.5874,1.0187,0,Wipro market update,1.0,0,0.0037
2025-09-25,2.67,7069200,Wipro,WIT,-0.0184,-0.2312,1.0303,0,Wipro market update,1.0,0,0.0184
2025-09-26,2.65,17546300,Wipro,WIT,-0.0075,1.4821,1.023,1,Wipro market update,1.0,0,0.0075
2025-09-29,2.66,8147600,Wipro,WIT,0.0038,-0.5357,1.0113,0,Wipro market update,1.0,0,0.0038
2025-09-30,2.63,7067000,Wipro,WIT,-0.0113,-0.1326,1.0307,0,Wipro market update,1.0,0,0.0113
2025-10-01,2.63,7913700,Wipro,WIT,0.0,0.1198,1.0192,0,Wipro market update,1.0,0,0.0
2025-10-02,2.62,9042300,Wipro,WIT,-0.0038,0.1426,1.0233,0,Wipro market update,1.0,0,0.0038
2025-10-03,2.62,9484100,Wipro,WIT,0.0,0.0489,1.0154,1,Wipro market update,1.0,0,0.0
2025-10-06,2.66,9027900,Wipro,WIT,0.0153,-0.0481,1.0191,0,Wipro market update,1.0,0,0.0153
2025-10-07,2.63,9957300,Wipro,WIT,-0.0113,0.1029,1.0152,1,Wipro market update,1.0,0,0.0113
2025-10-08,2.66,9176500,Wipro,WIT,0.0114,-0.0784,1.0152,1,Wipro market update,1.0,0,0.0114
2025-10-09,2.72,9735900,Wipro,WIT,0.0226,0.061,1.0224,0,Wipro market update,1.0,0,0.0226
2025-10-10,2.66,11039200,Wipro,WIT,-0.0221,0.1339,1.0338,1,Wipro market update,1.0,0,0.0221
2025-10-13,2.69,11460100,Wipro,WIT,0.0113,0.0381,1.0226,1,Wipro market update,1.0,0,0.0113
2025-10-14,2.73,16347700,Wipro,WIT,0.0149,0.4265,1.0223,1,Wipro market update,1.0,0,0.0149
2025-10-15,2.74,14471000,Wipro,WIT,0.0037,-0.1148,1.0146,0,Wipro market update,1.0,0,0.0037
2025-10-16,2.67,10950500,Wipro,WIT,-0.0255,-0.2433,1.03,0,Wipro market update,1.0,0,0.0255
2025-10-17,2.64,8945000,Wipro,WIT,-0.0112,-0.1831,1.0229,0,Wipro market update,1.0,0,0.0112
2025-10-20,2.64,12130900,Wipro,WIT,0.0,0.3562,1.0153,1,Wipro market update,1.0,0,0.0
2025-10-21,2.69,8281600,Wipro,WIT,0.0189,-0.3173,1.0305,1,Wipro market update,1.0,0,0.0189
2025-10-22,2.72,9201000,Wipro,WIT,0.0112,0.111,1.0187,0,Wipro market update,1.0,0,0.0112
2025-10-23,2.71,5595100,Wipro,WIT,-0.0037,-0.3919,1.0148,0,Wipro market update,1.0,0,0.0037
2025-10-24,2.69,9331800,Wipro,WIT,-0.0074,0.6679,1.0112,0,Wipro market update,1.0,0,0.0074
2025-10-27,2.67,6113100,Wipro,WIT,-0.0074,-0.3449,1.015,1,Wipro market update,1.0,0,0.0074
2025-10-28,2.68,5667500,Wipro,WIT,0.0037,-0.0729,1.0228,0,Wipro market update,1.0,0,0.0037
2025-10-29,2.67,9025600,Wipro,WIT,-0.0037,0.5925,1.0226,0,Wipro market update,1.0,0,0.0037
2025-10-30,2.67,11027000,Wipro,WIT,0.0,0.2217,1.0227,0,Wipro market update,1.0,0,0.0
2025-10-31,2.63,7204400,Wipro,WIT,-0.015,-0.3467,1.0153,0,Wipro market update,1.0,0,0.015
2025-11-03,2.61,5129200,Wipro,WIT,-0.0076,-0.288,1.0192,0,Wipro market update,1.0,0,0.0076
2025-11-04,2.58,4475900,Wipro,WIT,-0.0115,-0.1274,1.0156,1,Wipro market update,1.0,0,0.0115
2025-11-05,2.63,4589200,Wipro,WIT,0.0194,0.0253,1.0154,0,Wipro market update,1.0,0,0.0194
2025-11-06,2.61,4584800,Wipro,WIT,-0.0076,-0.001,1.0154,0,Wipro market update,1.0,0,0.0076
2025-11-07,2.6,9325100,Wipro,WIT,-0.0038,1.0339,1.0235,1,Wipro market update,1.0,0,0.0038
2025-11-10,2.62,4862200,Wipro,WIT,0.0077,-0.4786,1.0115,1,Wipro market update,1.0,0,0.0077
2025-11-11,2.67,3804700,Wipro,WIT,0.0191,-0.2175,1.0152,0,Wipro market update,1.0,0,0.0191
2025-11-12,2.66,3714800,Wipro,WIT,-0.0037,-0.0236,1.0189,0,Wipro market update,1.0,0,0.0037
2025-11-13,2.66,6091500,Wipro,WIT,0.0,0.6398,1.0114,0,Wipro market update,1.0,0,0.0
2025-11-14,2.65,4657400,Wipro,WIT,-0.0038,-0.2354,1.0076,0,Wipro market update,1.0,0,0.0038
2025-11-17,2.63,8178200,Wipro,WIT,-0.0075,0.756,1.0114,0,Wipro market update,1.0,0,0.0075
2025-11-18,2.63,9089300,Wipro,WIT,0.0,0.1114,1.0115,1,Wipro market update,1.0,0,0.0
2025-11-19,2.69,6627500,Wipro,WIT,0.0228,-0.2708,1.0226,0,Wipro market update,1.0,0,0.0228
2025-11-20,2.69,10181100,Wipro,WIT,0.0,0.5362,1.0112,1,Wipro market update,1.0,0,0.0
2025-11-21,2.7,6938500,Wipro,WIT,0.0037,-0.3185,1.0189,0,Wipro market update,1.0,0,0.0037
2025-11-24,2.7,7701500,Wipro,WIT,0.0,0.11,1.0112,0,Wipro market update,1.0,0,0.0
2025-11-25,2.7,5990800,Wipro,WIT,0.0,-0.2221,1.0075,0,Wipro market update,1.0,0,0.0
2025-11-26,2.69,9815800,Wipro,WIT,-0.0037,0.6385,1.0262,1,Wipro market update,1.0,0,0.0037
2025-11-28,2.72,4205000,Wipro,WIT,0.0112,-0.5716,1.0187,0,Wipro market update,1.0,0,0.0112
2025-12-01,2.72,4519800,Wipro,WIT,0.0,0.0749,1.0148,1,Wipro market update,1.0,0,0.0
2025-12-02,2.73,3311700,Wipro,WIT,0.0037,-0.2673,1.0111,1,Wipro market update,1.0,0,0.0037
2025-12-03,2.77,4814900,Wipro,WIT,0.0147,0.4539,1.0147,1,Wipro market update,1.0,0,0.0147
2025-12-04,2.82,7801800,Wipro,WIT,0.0181,0.6203,1.0181,1,Wipro market update,1.0,0,0.0181
2025-12-05,2.85,6223200,Wipro,WIT,0.0106,-0.2023,1.0106,0,Wipro market update,1.0,0,0.0106
2025-12-08,2.83,6061700,Wipro,WIT,-0.007,-0.026,1.0178,1,Wipro market update,1.0,0,0.007
2025-12-09,2.86,7606500,Wipro,WIT,0.0106,0.2548,1.0286,1,Wipro market update,1.0,0,0.0106
2025-12-10,2.89,9431300,Wipro,WIT,0.0105,0.2399,1.0211,0,Wipro market update,1.0,0,0.0105
2025-12-11,2.83,9749600,Wipro,WIT,-0.0208,0.0337,1.0213,0,Wipro market update,1.0,0,0.0208
2025-12-12,2.78,9149600,Wipro,WIT,-0.0177,-0.0615,1.029,1,Wipro market update,1.0,0,0.0177
2025-12-15,2.82,4162100,Wipro,WIT,0.0144,-0.5451,1.0179,0,Wipro market update,1.0,0,0.0144
2025-12-16,2.8,4884500,Wipro,WIT,-0.0071,0.1736,1.0108,1,Wipro market update,1.0,0,0.0071
2025-12-17,2.85,7767600,Wipro,WIT,0.0179,0.5903,1.0177,1,Wipro market update,1.0,0,0.0179
2025-12-18,2.86,7493700,Wipro,WIT,0.0035,-0.0353,1.0246,1,Wipro market update,1.0,0,0.0035
2025-12-19,3.06,47106700,Wipro,WIT,0.0699,5.2862,1.0692,0,Wipro market update,1.0,0,0.0699
2025-12-22,3.02,6870700,Wipro,WIT,-0.0131,-0.8541,1.0267,0,Wipro market update,1.0,0,0.0131
2025-12-23,2.97,4933900,Wipro,WIT,-0.0166,-0.2819,1.0236,0,Wipro market update,1.0,0,0.0166
2025-12-24,2.91,4195500,Wipro,WIT,-0.0202,-0.1497,1.0172,1,Wipro market update,1.0,0,0.0202
2025-12-26,2.92,1079500,Wipro,WIT,0.0034,-0.7427,1.0103,0,Wipro market update,1.0,0,0.0034
2025-12-29,2.89,2452700,Wipro,WIT,-0.0103,1.2721,1.0105,0,Wipro market update,1.0,0,0.0103
2025-12-30,2.86,3884900,Wipro,WIT,-0.0104,0.5839,1.007,0,Wipro market update,1.0,0,0.0104
2025-12-31,2.84,2542300,Wipro,WIT,-0.007,-0.3456,1.0106,1,Wipro market update,1.0,0,0.007
2026-01-02,2.92,4718500,Wipro,WIT,0.0282,0.856,1.0278,0,Wipro market update,1.0,0,0.0282
2026-01-05,2.86,5306900,Wipro,WIT,-0.0205,0.1247,1.0175,1,Wipro market update,1.0,0,0.0205
2026-01-06,2.9,4053400,Wipro,WIT,0.014,-0.2362,1.0104,1,Wipro market update,1.0,0,0.014
2026-01-07,2.93,2458100,Wipro,WIT,0.0103,-0.3936,1.0171,0,Wipro market update,1.0,0,0.0103
2026-01-08,2.91,5453200,Wipro,WIT,-0.0068,1.2185,1.0139,0,Wipro market update,1.0,0,0.0068
2026-01-09,2.87,4841100,Wipro,WIT,-0.0137,-0.1122,1.0139,1,Wipro market update,1.0,0,0.0137
2026-01-12,2.91,3709800,Wipro,WIT,0.0139,-0.2337,1.0139,0,Wipro market update,1.0,0,0.0139
2026-01-13,2.88,6748000,Wipro,WIT,-0.0103,0.819,1.0244,1,Wipro market update,1.0,0,0.0103
2026-01-14,3.03,20512100,Wipro,WIT,0.0521,2.0397,1.0552,0,Wipro market update,1.0,0,0.0521
2026-01-15,2.97,5553600,Wipro,WIT,-0.0198,-0.7293,1.017,0,Wipro market update,1.0,0,0.0198
2026-01-16,2.75,13547300,Wipro,WIT,-0.0741,1.4394,1.0366,0,Wipro market update,1.0,0,0.0741
2026-01-20,2.6,5397400,Wipro,WIT,-0.0545,-0.6016,1.0308,0,Wipro market update,1.0,0,0.0545
2026-01-21,2.6,7105300,Wipro,WIT,0.0,0.3164,1.0233,1,Wipro market update,1.0,0,0.0
2026-01-22,2.61,4561100,Wipro,WIT,0.0038,-0.3581,1.0154,0,Wipro market update,1.0,0,0.0038
2026-01-23,2.58,4089500,Wipro,WIT,-0.0115,-0.1034,1.0195,1,Wipro market update,1.0,0,0.0115
2026-01-26,2.61,3200700,Wipro,WIT,0.0116,-0.2173,1.0156,0,Wipro market update,1.0,0,0.0116
2026-01-27,2.61,9289100,Wipro,WIT,0.0,1.9022,1.0316,0,Wipro market update,1.0,0,0.0
2026-01-28,2.55,9834000,Wipro,WIT,-0.023,0.0587,1.0275,0,Wipro market update,1.0,0,0.023
2026-01-29,2.53,8378600,Wipro,WIT,-0.0078,-0.148,1.0319,0,Wipro market update,1.0,0,0.0078
2026-01-30,2.52,7392500,Wipro,WIT,-0.004,-0.1177,1.02,1,Wipro market update,1.0,0,0.004
2026-02-02,2.69,14427000,Wipro,WIT,0.0675,0.9516,1.0506,0,Wipro market update,1.0,0,0.0675
2026-02-03,2.56,17028400,Wipro,WIT,-0.0483,0.1803,1.0677,0,Wipro market update,1.0,0,0.0483
2026-02-04,2.56,14095900,Wipro,WIT,0.0,-0.1722,1.0238,0,Wipro market update,1.0,0,0.0
2026-02-05,2.55,12886500,Wipro,WIT,-0.0039,-0.0858,1.0198,0,Wipro market update,1.0,0,0.0039
2026-02-06,2.51,11881700,Wipro,WIT,-0.0157,-0.078,1.0324,0,Wipro market update,1.0,0,0.0157
2026-02-09,2.44,10756700,Wipro,WIT,-0.0279,-0.0947,1.0206,1,Wipro market update,1.0,0,0.0279
2026-02-10,2.5,8329000,Wipro,WIT,0.0246,-0.2257,1.0245,0,Wipro market update,1.0,0,0.0246
2026-02-11,2.39,13972900,Wipro,WIT,-0.044,0.6776,1.0464,0,Wipro market update,1.0,0,0.044
2026-02-12,2.28,24548600,Wipro,WIT,-0.046,0.7569,1.031,1,Wipro market update,1.0,0,0.046
2026-02-13,2.34,12586000,Wipro,WIT,0.0263,-0.4873,1.0439,0,Wipro market update,1.0,0,0.0263
2026-02-17,2.29,11407700,Wipro,WIT,-0.0214,-0.0936,1.0351,1,Wipro market update,1.0,0,0.0214
2026-02-18,2.3,8250400,Wipro,WIT,0.0044,-0.2768,1.0264,0,Wipro market update,1.0,0,0.0044
2026-02-19,2.24,9659100,Wipro,WIT,-0.0261,0.1707,1.0224,1,Wipro market update,1.0,0,0.0261
2026-02-20,2.26,5198800,Wipro,WIT,0.0089,-0.4618,1.0179,0,Wipro market update,1.0,0,0.0089
2026-02-23,2.19,12429500,Wipro,WIT,-0.031,1.3908,1.0183,0,Wipro market update,1.0,0,0.031
2026-02-24,2.14,13196300,Wipro,WIT,-0.0228,0.0617,1.033,1,Wipro market update,1.0,0,0.0228
2026-02-25,2.2,16278400,Wipro,WIT,0.028,0.2336,1.0472,1,Wipro market update,1.0,0,0.028
2026-02-26,2.25,13591500,Wipro,WIT,0.0227,-0.1651,1.0271,0,Wipro market update,1.0,0,0.0227
2026-02-27,2.22,11393500,Wipro,WIT,-0.0133,-0.1617,1.0276,0,Wipro market update,1.0,0,0.0133
2026-03-02,2.16,12025700,Wipro,WIT,-0.027,0.0555,1.0376,1,Wipro market update,1.0,0,0.027
2026-03-03,2.2,12828300,Wipro,WIT,0.0185,0.0667,1.0569,0,Wipro market update,1.0,0,0.0185
2026-03-04,2.2,16247400,Wipro,WIT,0.0,0.2665,1.0231,1,Wipro market update,1.0,0,0.0
2026-03-05,2.22,22146600,Wipro,WIT,0.0091,0.3631,1.0323,1,Wipro market update,1.0,0,0.0091
2026-03-06,2.32,18684300,Wipro,WIT,0.045,-0.1563,1.0495,0,Wipro market update,1.0,0,0.045
2026-03-09,2.31,21745900,Wipro,WIT,-0.0043,0.1639,1.0357,1,Wipro market update,1.0,0,0.0043
2026-03-10,2.55,46465300,Wipro,WIT,0.1039,1.1367,1.1179,0,Wipro market update,1.0,0,0.1039
2026-03-11,2.37,43733100,Wipro,WIT,-0.0706,-0.0588,1.0733,0,Wipro market update,1.0,0,0.0706
2026-03-12,2.3,21134600,Wipro,WIT,-0.0295,-0.5167,1.0533,0,Wipro market update,1.0,0,0.0295
2026-03-13,2.26,15317200,Wipro,WIT,-0.0174,-0.2753,1.0133,0,Wipro market update,1.0,0,0.0174
2026-03-16,2.21,20488300,Wipro,WIT,-0.0221,0.3376,1.0227,1,Wipro market update,1.0,0,0.0221
2026-03-17,2.22,9159500,Wipro,WIT,0.0045,-0.5529,1.032,0,Wipro market update,1.0,0,0.0045
2026-03-18,2.19,16585900,Wipro,WIT,-0.0135,0.8108,1.0275,0,Wipro market update,1.0,0,0.0135
2026-03-19,2.19,10639700,Wipro,WIT,0.0,-0.3585,1.0279,0,Wipro market update,1.0,0,0.0
2026-03-20,2.15,14875500,Wipro,WIT,-0.0183,0.3981,1.0327,1,Wipro market update,1.0,0,0.0183
2026-03-23,2.16,11958600,Wipro,WIT,0.0047,-0.1961,1.0282,0,Wipro market update,1.0,0,0.0047
2026-03-24,2.1,8495800,Wipro,WIT,-0.0278,-0.2896,1.0286,0,Wipro market update,1.0,0,0.0278
2026-03-25,2.09,9633900,Wipro,WIT,-0.0048,0.134,1.0437,0,Wipro market update,1.0,0,0.0048
2026-03-26,2.09,5541800,Wipro,WIT,0.0,-0.4248,1.0191,0,Wipro market update,1.0,0,0.0
2026-03-27,2.08,10653300,Wipro,WIT,-0.0048,0.9224,1.0293,0,Wipro market update,1.0,0,0.0048
2026-03-30,2.07,11305100,Wipro,WIT,-0.0048,0.0612,1.0291,1,Wipro market update,1.0,0,0.0048
2026-03-31,2.12,11065200,Wipro,WIT,0.0242,-0.0212,1.0386,0,Wipro market update,1.0,0,0.0242
2026-04-01,2.11,9721500,Wipro,WIT,-0.0047,-0.1214,1.0338,1,Wipro market update,1.0,0,0.0047
2026-04-02,2.16,10329600,Wipro,WIT,0.0237,0.0626,1.033,1,Wipro market update,1.0,0,0.0237
2026-04-06,2.19,8231000,Wipro,WIT,0.0139,-0.2032,1.0279,1,Wipro market update,1.0,0,0.0139
2026-04-07,2.25,12249000,Wipro,WIT,0.0274,0.4882,1.0271,0,Wipro market update,1.0,0,0.0274
2026-04-08,2.25,6167500,Wipro,WIT,0.0,-0.4965,1.0315,1,Wipro market update,1.0,0,0.0
2026-04-09,2.26,13102200,Wipro,WIT,0.0044,1.1244,1.0364,0,Wipro market update,1.0,0,0.0044
2026-04-10,2.17,10651300,Wipro,WIT,-0.0398,-0.1871,1.0461,1,Wipro market update,1.0,0,0.0398
2026-04-13,2.24,14648300,Wipro,WIT,0.0323,0.3753,1.0321,0,"Q4 Results 15th Apr Highlights : Elecon Engineering PAT declines , HDB Financial shares gain ahead of Q4 results today , ICICI Lombard , Reliance Industrial Infra , GTPL Hathway , Tejas Networks to announce Q4 results today , ICICI Prudential Life , ... | Stock market today ( April 15 , 2026 ): Which are the top gainers and losers in Nifty50 and BSE Sensex today ? Check list | Sensex Jumps Over 1 , 300 Points , Nifty Above 24 , 280 Mark As Hopes Of Peace Talks Gain Pace",3.0,0,0.0323
2026-04-14,2.21,10538700,Wipro,WIT,-0.0134,-0.2806,1.032,1,"Q4 Results 15th Apr Highlights : Elecon Engineering PAT declines , HDB Financial shares gain ahead of Q4 results today , ICICI Lombard , Reliance Industrial Infra , GTPL Hathway , Tejas Networks to announce Q4 results today , ICICI Prudential Life , ... | Stock market today ( April 15 , 2026 ): Which are the top gainers and losers in Nifty50 and BSE Sensex today ? Check list | Sensex Jumps Over 1 , 300 Points , Nifty Above 24 , 280 Mark As Hopes Of Peace Talks Gain Pace",3.0,0,0.0134
2026-04-15,2.27,10883200,Wipro,WIT,0.0271,0.0327,1.0133,0,"Q4 Results 15th Apr Highlights : Elecon Engineering PAT declines , HDB Financial shares gain ahead of Q4 results today , ICICI Lombard , Reliance Industrial Infra , GTPL Hathway , Tejas Networks to announce Q4 results today , ICICI Prudential Life , ... | Stock market today ( April 15 , 2026 ): Which are the top gainers and losers in Nifty50 and BSE Sensex today ? Check list | Sensex Jumps Over 1 , 300 Points , Nifty Above 24 , 280 Mark As Hopes Of Peace Talks Gain Pace",3.0,0,0.0271
2026-04-16,2.16,21130600,Wipro,WIT,-0.0485,0.9416,1.066,1,"Wipro ( NYSE : WIT ) & Baozun ( NASDAQ : BZUN ) Head - To - Head Analysis | Wipro announces ₹15 , 000 crore buyback amid revenue decline , weak outlook | Wipro Q4FY26 Results : Profit Declines , Announces ₹15000 Cr Share Buyback |   Weak and lacklustre : Why Jefferies is disappointed with Wipro earnings as ADRs fall nearly 3 %  | Q4 Results Highlights 16th April : Wipro con . Q4 PAT down , board approves buyback , HDFC AMC profit dips , Alok Ind loss widens | Wipro board approves Rs 15 , 000 - crore share buyback via tender offer at 19 % premium | Q4 Results 16th Apr Live : Wipro , HDFC Life Insurance , HDFC Asset Management , CRISIL , Angel One , Waaree Renewable Tech , Alok Ind to announce Q4 results , HDBFS , ICICI Lombard , Elecon , Hathway , Tejas Networks shares in focus | Sensex up 500 points , Nifty 50 nears 24 , 400 on hopes of Iran - US peace talks | Nifty 50 , Sensex prediction today : Check how Indian stock market is expected to trade on 16 April | Stocks to watch : Wipro , HDFC AMC , GMR Airports among 10 shares in focus today | Stocks to Watch Today : HDB Financial , Tejas Networks , Aurobindo Pharma , GHV Infra , John Cockerill , Brigade , Container Corporation , UFO Moviez in focus on 16 April | Stocks to trade : Raja Venkatraman recommends 3 stocks for 16 April",12.0,0,0.0485
2026-04-17,2.19,7563000,Wipro,WIT,0.0139,-0.6421,1.0324,0,"Wipro to Acquire Alpha Net Contracts for $71 Million to Boost AI and Consulting Capabilities | Indian stock markets gain in early trade amid oil relief , Israel - Lebanon ceasefire | Stock Market Highlights | Nifty , SENSEX end higher | Gautam Adani becomes richest Asian | उतार - चढ़ाव के बीच शेयर बाजार में तेजी , सेंसेक्स और निफ्टी में मामूली बढ़त | Wipro Buyback : २५० रुपयांना शेअर खरेदी करणार ! विप्रोचा १५ , ००० कोटींचा प्लॅन ; तुम्ही गुंतवणूक करणार का ?  | Market insight : बाजार अब थोड़ा मुनाफावसूली के मूड में , इंडेक्स की जगह चुनिंदा शेयरों पर करें फोकस | Nifty dips on profit booking ; IT drags , defence and metals hold | stock market today 13 april rise or fall what signals is gift nifty Stock Market Today : तेजी की पटरी पर लौटा शेयर मार्केट , सेंसेक्स 78000 और निफ्टी 24200 के पार , Business Hindi News | Wipro stock call : Brokerages divided after Q4 revenue miss , buyback offers near - term support | Wipro Q4 net profit dips 1 . 9 % to Rs 3 , 502 crore , revenue rises 8 %  | Dalal Street set for dull start on Friday amid mixed global cues | Stocks to Watch Today : HDFC Life , Wipro , Angel One , Waaree Renewable , Om Power Transmission , Rail Vikas Nigam , VST Industries in focus on 17 April",12.0,0,0.0139
2026-04-20,2.14,7598600,Wipro,WIT,-0.0228,0.0047,1.0187,0,"Sensex Today | Stock Market Live : Sensex up 150 pts , Nifty at 24 , 380 ; auto , FMCG drag , PSU Banks shine",1.0,0,0.0228
2026-04-21,2.13,14079800,Wipro,WIT,-0.0047,0.8529,1.0282,0,"HCL Tech share price in green before Q4 results today ; Guidance key for street | HCL Tech Q4 FY26 Results Today : Margins , software decline in focus ; street awaits FY27 guidance | Stocks to trade : Raja Venkatraman recommends three stocks for 21 April",3.0,0,0.0047
2026-04-22,2.11,13315900,Wipro,WIT,-0.0094,-0.0543,1.0142,0,"Rs 92 , 000 crore ripple effect ! HCL Tech weak Q4 drags IT pack ; Infosys , Tech Mahindra slump up to 6 %  | Sensex Today | Stock Market Live : Nifty at 24 , 450 , Sensex down 480 pts ; IT top drag , India VIX up 3 % ",2.0,0,0.0094
2026-04-23,2.03,23794800,Wipro,WIT,-0.0379,0.7869,1.0348,1,"Infosys has its best growth in 3 years , but Big Five have another uncertain year ahead | US Iran war : Why BFSI stocks rallied post Q4 results ; ICICI Securities decodes | How Wipro Rs 15 , 000 crore share buyback offer can give double - digit returns in weak market | Nifty IT Index : कमतोर तिमाही नतीजों का असर , निफ्टी आईटी इंडेक्स 5 % तक गिरा ; किन कंपनियों को हुआ नुकसान",4.0,0,0.0379
2026-04-24,2.04,8579400,Wipro,WIT,0.0049,-0.6394,1.0249,1,"Infosys Shares Crash 7 % After Weak FY27 Guidance ; IT Stocks Drag Markets Down | ITC , RIL , Infosys , Wipro , TCS : What should investors do amid Q4 results | భారీ నష్టాల్లో సూచీలు .. ఇంట్రాడేలో ఏకంగా .. | indian stock market fall sensex nifty us iran tensions it stocks decline pcs | Sensex tanks 900 pts , Nifty slips below 24K : Why stock market is down today | IT stocks tumble : Nifty IT falls over 3 %, top sector loser ; weak guidance , global uncertainty weigh",5.0,0,0.0049
2026-04-27,2.05,7829600,Wipro,WIT,0.0049,-0.0874,1.0246,0,"Sensex , Nifty Snap Losing Streak On Monday , End 0 . 8 % Higher ; Sun Pharma , IT Stocks Support Rally | Will AI replace me ? Huge swathes of job cuts in tech spark concern | Sensex Today | Stock Market Live : Nifty opens above 24 , 000 , Sensex up 400 pts ; Sun Pharma up 2 %, Axis Bank falls | Inside AI - led digital storefronts ; Lalit Keshre big ET Awards win",4.0,0,0.0049
2026-04-28,2.03,7502900,Wipro,WIT,-0.0098,-0.0417,1.0297,0,"Are metals turning defensive ? 5 - year returns rival , even beat traditional safe havens | Sensex Today | Stock Market Live : Sensex , Nifty erase losses , trade at day high ; mid , smallcaps shine | Portfolio Review Guide | पोर्टफोलिओचा आढावा घेण्याची हीच योग्य वेळ ! ",3.0,0,0.0098
2026-04-29,2.02,7609500,Wipro,WIT,-0.0049,0.0142,1.015,1,"Are metals turning defensive ? 5 - year returns rival , even beat traditional safe havens | Sensex Today | Stock Market Live : Sensex , Nifty erase losses , trade at day high ; mid , smallcaps shine | Portfolio Review Guide | पोर्टफोलिओचा आढावा घेण्याची हीच योग्य वेळ ! ",3.0,0,0.0049
2026-04-30,2.04,7886800,Wipro,WIT,0.0099,0.0364,1.0199,0,"शुरुआती पहले घंटे के कारोबार में कमजोरी का रुख , सेंसेक्स और निफ्टी लुढ़के | Another buyback offer coming soon ! This time it from Bajaj Auto | Stock Market Today Live : Markets slide at open on rising crude , FII selling | Sensex , Nifty slide at open as crude shock , FII selling weigh on markets",4.0,0,0.0099
2026-05-01,2.03,3327300,Wipro,WIT,-0.0049,-0.5781,1.0099,0,"शुरुआती पहले घंटे के कारोबार में कमजोरी का रुख , सेंसेक्स और निफ्टी लुढ़के | Another buyback offer coming soon ! This time it from Bajaj Auto | Stock Market Today Live : Markets slide at open on rising crude , FII selling | Sensex , Nifty slide at open as crude shock , FII selling weigh on markets",4.0,0,0.0049
2026-05-04,1.99,8028400,Wipro,WIT,-0.0197,1.4129,1.0251,0,"Design focus under ECMS ; Kissht strong IPO demand | India Jobless Growth Problem | India Top - Heavy Boom and Bangladesh Lesson | India vs Bangladesh Economic Development | India Top - Heavy Boom and Bangladesh Lesson | Q4 Results 05th May Live : L & T , M & M , Hero MotoCorp , Coforge , SRF , United Breweries , Lloyds Metals & Energy , Marico , Emcure Pharma , PNB , Poonawalla to announce Q4 results , Ambuja Cements , BHEL , Tata Tech , Aditya Birla Capital , Godre...",4.0,0,0.0197
2026-05-05,1.99,5922400,Wipro,WIT,0.0,-0.2623,1.0151,1,"Design focus under ECMS ; Kissht strong IPO demand | India Jobless Growth Problem | India Top - Heavy Boom and Bangladesh Lesson | India vs Bangladesh Economic Development | India Top - Heavy Boom and Bangladesh Lesson | Q4 Results 05th May Live : L & T , M & M , Hero MotoCorp , Coforge , SRF , United Breweries , Lloyds Metals & Energy , Marico , Emcure Pharma , PNB , Poonawalla to announce Q4 results , Ambuja Cements , BHEL , Tata Tech , Aditya Birla Capital , Godre...",4.0,0,0.0
2026-05-06,2.0,6971400,Wipro,WIT,0.005,0.1771,1.0203,0,"Design focus under ECMS ; Kissht strong IPO demand | India Jobless Growth Problem | India Top - Heavy Boom and Bangladesh Lesson | India vs Bangladesh Economic Development | India Top - Heavy Boom and Bangladesh Lesson | Q4 Results 05th May Live : L & T , M & M , Hero MotoCorp , Coforge , SRF , United Breweries , Lloyds Metals & Energy , Marico , Emcure Pharma , PNB , Poonawalla to announce Q4 results , Ambuja Cements , BHEL , Tata Tech , Aditya Birla Capital , Godre...",4.0,0,0.005
2026-05-07,1.98,15180000,Wipro,WIT,-0.01,1.1775,1.0254,0,"Stock market today ( May 7 , 2026 ): Which are the top gainers and losers in BSE Sensex and Nifty50 today ? Check list | AI Deflation Hits Indian IT Stocks as FIIs Cut Stakes Sharply",2.0,0,0.01
2026-05-08,1.95,14524600,Wipro,WIT,-0.0152,-0.0432,1.0363,0,"10 Best American AI Stocks to Buy Now - Insider Monkey | Stock Market Today : Benchmark indices end lower ; Sensex drops 516 pts to 77 , 328 , Nifty closes at 24 , 176 amid West Asia tensions",2.0,0,0.0152
2026-05-11,1.9,13701800,Wipro,WIT,-0.0256,-0.0566,1.0368,0,"Share Market Live Updates | Sensex crashes over 800 points , Nifty below 24 , 000 at open as volatility spikes",1.0,0,0.0256
2026-05-12,1.86,12348800,Wipro,WIT,-0.0211,-0.0987,1.0324,0,"Stock Market Highlights , May 12 : Sensex plunges 1 , 456 pts , Nifty closes at 23 , 379 , Rupee falls to 95 . 63 / $ on Iran - US deadlock | Top Gainers & Losers on May 12 : Kalyan Jewellers , Adani Power , Anant Raj , Tata Motors , BEML , UPL among top losers | markets | సెన్సెక్స్ 650 పాయింట్లు డౌన్‌ .. రూపాయి కనిష్ఠానికి - Andhra Prabha | Telugu News Daily , Latest Telugu News , Latest తెలుగు వార్తలు and LIVE Updates | Breaking News in AP and Telangana",3.0,0,0.0211
2026-05-13,1.82,21176400,Wipro,WIT,-0.0215,0.7149,1.0278,1,"Stock Market Highlights , May 12 : Sensex plunges 1 , 456 pts , Nifty closes at 23 , 379 , Rupee falls to 95 . 63 / $ on Iran - US deadlock | Top Gainers & Losers on May 12 : Kalyan Jewellers , Adani Power , Anant Raj , Tata Motors , BEML , UPL among top losers | markets | సెన్సెక్స్ 650 పాయింట్లు డౌన్‌ .. రూపాయి కనిష్ఠానికి - Andhra Prabha | Telugu News Daily , Latest Telugu News , Latest తెలుగు వార్తలు and LIVE Updates | Breaking News in AP and Telangana",3.0,0,0.0215
2026-05-14,1.85,20611300,Wipro,WIT,0.0165,-0.0267,1.0383,1,Critical Analysis : C3 . ai ( NYSE : AI ) versus Wipro ( NYSE : WIT ) ,1.0,0,0.0165
2026-05-15,1.89,12500400,Wipro,WIT,0.0216,-0.3935,1.0437,1,"Sensex Today | Stock Market Live : Sensex up over 300 points but off highs , Nifty near 23 , 800 ; IT , FMCG stocks rise",1.0,0,0.0216
2026-05-18,1.94,13688000,Wipro,WIT,0.0265,0.095,1.0319,0,"BSE to Replace Wipro in Nifty50 : $657M Inflow Expected | आज शुरुआती कारोबार में शेयर बाजार में गिरावट , सेंसेक्स और निफ्टी लुढ़के | Share Market : सितंबर 2026 में निफ्टी 50 में हो सकती है BSE की धमाकेदार एंट्री , विप्रो पर मंडराया बाहर होने का खतरा | Stock Market Live , May 18 : Sensex sinks 800 pts , Nifty below 23 , 400 amid Iran war fears",4.0,0,0.0265
2026-05-19,1.93,9090700,Wipro,WIT,-0.0052,-0.3359,1.0207,1,"AI spooks IT valuations ; Groww promoters cut stake | IT Stocks Rally As Rupee Hits Record Low : Why Infosys , TCS , Coforge Are Surging Should You Buy , Sell Or Hold ?  | Why 10 stocks suffered massive Rs 17 , 000 crore mutual fund selloff in April",3.0,0,0.0052
2026-05-20,1.97,7700100,Wipro,WIT,0.0207,-0.153,1.0365,1,"Blackstone pledges all its Mphasis shares to raise $700 million and refinance loan | UBS sees mixed outlook for Indian IT sector , mid - tier firms outperform large caps amid AI shift | India Inc buyback boom hits a three - year high , but will the momentum last ?  | Sensex Today | Stock Market Live : Sensex pares losses to 300 points , Nifty above 23 , 500 ; IT stocks support market | Earnings pops prove short - lived amid volatile markets",5.0,0,0.0207
2026-05-21,1.98,7115600,Wipro,WIT,0.0051,-0.0759,1.0309,1,"Blackstone pledges all its Mphasis shares to raise $700 million and refinance loan | UBS sees mixed outlook for Indian IT sector , mid - tier firms outperform large caps amid AI shift | India Inc buyback boom hits a three - year high , but will the momentum last ?  | Sensex Today | Stock Market Live : Sensex pares losses to 300 points , Nifty above 23 , 500 ; IT stocks support market | Earnings pops prove short - lived amid volatile markets",5.0,0,0.0051
2026-05-22,2.01,7036000,Wipro,WIT,0.0152,-0.0112,1.02,1,"Sensex today | Stock Market Highlights , May 22 : Sensex rises 231 pts , Nifty ends at 23 , 719 led by banks , positive global cues | LTM makes its first acquisition for $186 million , to buy Randstad Europe , Australia units",2.0,0,0.0152
2026-05-26,2.06,10363300,Wipro,WIT,0.0249,0.4729,1.04,0,"Taking Stock : Sensex slips 479 pts , Nifty ends below 24 , 000 on monthly F & O expiry ; metals shine | Stock Market Today : Dalal Street Opens On A Tepid Note ; Sensex Slips Over 200 Points , Nifty Below 24K Amid Fresh US – Iran Tensions",2.0,0,0.0249
2026-05-27,2.05,11911200,Wipro,WIT,-0.0049,0.1494,1.0343,1,"Closing Bell : Nifty Ends Nearly Flat | HDFC Bank , Coal India in spotlight | Diamonds in the dust ? Retail investors unleash Rs 17 , 500 crore on 8 battered bluechip stocks | Sensex Today | Stock Market Live : Sensex , Nifty open lower ; ONGC , Siemens , Coal India in focus",3.0,0,0.0049
2026-05-28,2.43,24909500,Wipro,WIT,0.1854,1.0913,1.2146,0,ServiceNow ( NYSE : NOW ) Shares Up 6 . 3 % – Still a Buy ? ,1.0,0,0.1854
2026-05-29,2.36,21851600,Wipro,WIT,-0.0288,-0.1228,1.0977,1,"NSE equity cash volume hits record Rs 2 . 87 lakh crore even as indices end lower | NSE equity cash volume hits record Rs 2 . 87 lakh crore even as indices end lower | NSE equity cash volume hits record Rs 2 . 87 lakh crore even as indices end lower | Stock Market Today : Closing Bell | Nifty Slips , Sensex Tanks 880 Points As Broad Selling Hits Auto , Metal & Energy Stocks | Prospera Financial Services Inc Raises Stock Position in ServiceNow , Inc . $NOW | India may drive 30 % of emerging - market pet adoption growth : Royal Canin Satinder Singh | 140 % return in one year ! Multibagger stock hits 5 % upper circuit after 1 : 10 stock split , 10 : 1 bonus shares move | शेअर बाजारात उत्साह परतला ! सेन्सेक्समध्ये १५० अंकांची तेजी , निफ्टीही ५० अंकांनी वधारला ;  या  शेअर्समध्ये तेजी | Wipro shares rise up to 4 . 5 % after IT firm AI partnership with ServiceNow | Sensex gains 200 pts , Nifty above 23 , 900 : Buying in IT shares among key factors behind market rise | IT stocks lead Nifty higher as crude dips on Iran truce reports ; FII selling caps gains | Wipro shares jump 4 . 6 % at open on ServiceNow AI deal buzz | Wipro shares : IT stock rises 5 % in early deals ; here why | Q4 Results 29th May Live : Asian Paints , IndiGo , NMDC , Glenmark Pharma , Ipca Lab , IREDA , Gujarat Gas , Natco Pharma , Inox Wind , Rubicon Research , BEML , NMDC Steel , JM Financial , Triveni Engg to announce Q4 results , Ashok Leyland , Graphi...",14.0,0,0.0288
2026-06-01,2.41,19446500,Wipro,WIT,0.0212,-0.1101,1.0965,0,"Wipro to acquire additional 20pc stake in Aggne Global for 28 . 5 million dollar , check all details निवेशकों के लिए बड़ी खबर ! ₹240 करोड़ लगाकर इस कंपनी में 80 % हिस्सेदारी बढ़ाएगी Wipro , अब स्टॉक में आएगी तेजी ?, Business Hindi News | From Tata to tech giants , Indian companies tighten grip on united kingdom economy | IT stocks rally : Why are Infosys , TCS and Tech Mahindra shares surging despite AI disruption fears ?  | Infosys , TCS up 2 - 4 %, Nifty IT jumps 3 % as lone bright spot in weak market amid global AI rally | Stock Market Outlook Today , June 1 : GIFT Nifty Signals Positive Start Will June Begin On A Strong Note For Dalal Street ? ",5.0,0,0.0212
2026-06-02,2.21,11741200,Wipro,WIT,-0.083,-0.3962,1.0829,0,"Market cap slide : India slips behind South Korea to 7th spot amid foreign outflows , lack of AI plays | Nifty , Sensex Rally , Led by IT Stocks : Tuesday Market Report | Stocks to Watch : Nifty की एक्सपायरी ; दो लिस्टिंग और Ola Electric - NHPC समेत इन स्टॉक्स पर रहेगी खास नजर | Sensex Today | Nifty 50 Today | Stock Market LIVE Updates , June 2 : Nifty Falls Below 23 , 300 , Sensex Drops Over 400 Points At Open | Stock Market Outlook Today , June 2 : Will Nifty Hold 23 , 300 Or Extend Its Losing Streak ?  | Sensex rises 300 pts from day low , Nifty above 23 , 300 : Four key reasons behind partial market recovery | Stocks to Watch Today : Alkem Labs , Ola Electric , PNC Infratech , Equitas Small Finance Bank , NHPC , Anant Raj , SoftTech Engineers in focus on 02 June",7.0,0,0.083
2026-06-03,2.13,5059000,Wipro,WIT,-0.0362,-0.5691,1.0235,0,CrowdStrike ( CRWD ) Q1 2027 Earnings Transcript | True North seeks exit from Cloudnine Hospitals amid $300 million fundraise,2.0,0,0.0362
2026-06-04,2.07,8876100,Wipro,WIT,-0.0282,0.7545,1.0485,1,"Stock Market Outlook Today , June 4 : Will Sensex , Nifty Open Lower Today ? GIFT Nifty Signals Weak Start Amid Global Jitters | Sensex Today | Stock Market Live : GIFT Nifty hints a muted start ; US , Asian markets fall",2.0,0,0.0282
2026-06-05,2.1,7297600,Wipro,WIT,0.0145,-0.1778,1.0446,1,"RBI Holds Repo Rate At 5 . 25 %, Sensex Falls 117 Points And Nifty Ends Below 23 , 400 | घरेलू शेयर बाजार में उतार - चढ़ाव के बीच सेंसेक्स और निफ्टी में हल्की बढ़त | Wipro stock falls 4 %, emerges as top Nifty loser today as share buyback enters record date | Stocks to Watch : RBI MPC के फैसले का दिन ; खास वजहों से Indigo , Groww और CG Power जैसे स्टॉक्स पर रहेगी नजर | Stocks to Watch Today : Aurobindo Pharma , Panacea Biotec , InterGlobe Aviation , CG Power Industrial , AvenuesAI in focus on 05 June",5.0,0,0.0145
2026-06-08,2.18,14700000,Wipro,WIT,0.0381,1.0144,1.0887,0,"Wipro ( NYSE : WIT ) Shares Gap Down – Time to Sell ?  | Wipro Share Buyback के बाद शेयरों में बड़ी गिरावट : 2 दिन में 11 % टूटा स्टॉक ; निवेशकों को क्या करना चाहिए ?  | Wipro shares fall over 11 % in 2 days ; should you buy , sell or hold ?  | Taking Stock : Markets fall for second session on weak global cues , oil surge | Stock Market | 800 పాయింట్లు కోల్పోయిన సెన్సెక్స్ .. - Andhra Prabha | Telugu News Daily , Latest Telugu News , Latest తెలుగు వార్తలు and LIVE Updates | Breaking News in AP and Telangana | Wipro , MTAR Technologies , Netweb Technologies shares slip up to 8 % today | Wipro का शेयर और 5 % लुढ़का , 2 दिन में 8 % कमजोर ; लेकिन क्यों ?  | TCS , Wipro to Infosys : IT stocks bleed on AI and tech stocks selloff in global markets ; Nifty IT dips 2 %  | Sell - off In IT Stocks Continues On Monday , Wipro Falls Over 6 % To Hit 52 - Week Low | शेयर बाजार में शुरुआती गिरावट , सेंसेक्स और निफ्टी दबाव में , बाद में हुई रिकवरी | Wipro , TCS drag Nifty IT 2 % lower after Nasdaq crash , AI selloff | Wipro shares crack 5 %, down 8 % in two sessions . What behind the selloff ?  | Infosys , TCS , HCL Tech , Wipro , TechM : IT stocks in focus as Nasdaq tumbles",13.0,0,0.0381
2026-06-09,2.16,10646800,Wipro,WIT,-0.0092,-0.2757,1.0469,0,"Ahead of Market : 10 things that will decide stock market action on Wednesday | Wipro shares hit fresh 52 week low ahead of buyback opening ; buy , add or wait ?  | IndiGo shares gain 2 % after analyst meet . Why Goldman , Morgan Stanley , others see up to 38 % upside ?  | RVNL shares jump 3 % after securing Rs 221 crore Railway contract",4.0,0,0.0092
2026-06-10,2.1,5393600,Wipro,WIT,-0.0278,-0.4934,1.0574,1,"Secondaries Edge : Secondaries Boom Faces Quality Squeeze as New Liquidity Machines Multiply | Will AI - led tech unwinding pause Rs 60 , 000 crore FII selloff in Indian IT stocks ?  | Wipro ₹15 , 000 crore buyback opens tomorrow : Should you tender your shares ? Key details explained | Sensex up over 500 pts , Nifty nears 23 , 400 : Reliance , FMCG stocks among key factors driving gains despite Iran tensions | Four IT stocks in India with strong growth plans",5.0,0,0.0278
2026-06-11,2.15,9056900,Wipro,WIT,0.0238,0.6792,1.0588,1,"Stock Market Highlights , June 11 : Sensex , Nifty end lower as West Asia tensions weigh ; IT stocks extend losing streak | IT Stocks Crash Today : TCS , Infosys , Wipro चे शेअर्स नीचांकी पातळीवर ; ५ मोठी कारणे !  | Wipro Buyback 2026 : Wipro Rs 15 , 000 crore buyback opens - what it means for retail investors | Taking Stock : Nifty ends near 23 , 150 in volatile trade ; pharma , private banks rally | Wipro Rs 15 , 000 Crore Buyback Opens Today : Check Eligibility , Tender Process , Key Dates And Potential Gains | Global Tech Stocks Sell - Off ; अखेर बुल रनचा फुगा फुटला ... Share Market मध्ये त्सुनामीचे संकेत ; IT कंपन्यांना आली उपरती , गुंतवणूकदारांचा हिरमोड | Sensex Drops 450 Points In Early Trade , Nifty Slips Below 23 , 100 As Oil Prices Surge On West Asia Tensions | Momentum Stocks : HCLTech , LTIMindtree , Zensar Tech , RVNL , Kalyan Jewellers hit 52 - week low | Wipro Rs 15 , 000 crore buyback opens today : Analysts expect 7 - 8 % returns for retail investors . Here how | Daily Voice : AI stocks in a late - cycle momentum trade , not headed for a structural collapse ; Rishabh Nahar warns against complacency at current valuations",10.0,0,0.0238
2026-06-12,2.2,5768300,Wipro,WIT,0.0233,-0.3631,1.0512,1,Cognizant dropped from Nasdaq - 100 Index for the first time in over two decades | Nifty in control of FIIs ? The unlucky 13 bluechips facing the hardest institutional selloff,2.0,0,0.0233
2026-06-15,2.3,15047400,Wipro,WIT,0.0455,1.6086,1.0588,1,Wipro announces center of excellence in Bengaluru for Claude models,1.0,0,0.0455
2026-06-16,2.37,13211100,Wipro,WIT,0.0304,-0.122,1.0664,1,Wipro announces center of excellence in Bengaluru for Claude models,1.0,0,0.0304
2026-06-17,2.48,15569300,Wipro,WIT,0.0464,0.1785,1.072,0,"FinancialContent - Kyndryl and Everforth Shares Plummet , What You Need To Know | FinancialContent - EPAM , Gartner , and Accenture Shares Plummet , What You Need To Know | International Markets Wrap | Dow Opens Higher as Kevin Warsh Leads First Fed Meeting | Guardian Wealth Advisors LLC NC Purchases 8 , 857 Shares of ServiceNow , Inc . $NOW | Guardian Wealth Advisors LLC NC Has $1 . 70 Million Stock Position in ServiceNow , Inc . $NOW | Markets : Four - Day Winning Streak : Sensex Gains 347 Pts , but Stalled Monsoon Caps Upside – The Indian Awaaz | लगातार चौथे दिन बाजार में रौनक : सेंसेक्स 347 अंक उछला , लेकिन कम बारिश ने बढ़ाई चिंता – The Indian Awaaz | Barbara Oil Co . Acquires 5 , 060 Shares of ServiceNow , Inc . $NOW | Vedanta Iron and Steel shares rally 16 % in 3 days as Azim Premji - backed fund buys shares worth Rs 102 crore | Wipro Rs 15 , 000 crore buyback closes today : Should retail investors participate ? Analysts weigh in | Nifty IT rises 4 . 3 % in three sessions to cross 29 , 000 : Infosys , Tech Mahindra , Wipro & TCS lead gains | Sensex Up 272 Points , Nifty Continues Bull Run As Crude Slips Below $80 Per Barrel After Peace Agreement | Stocks to watch : GIC , Wipro , Prime Focus among shares in focus today ; check list here | Stocks in news : Prime Focus , Groww , GIC RE , Wipro , Nykaa",14.0,0,0.0464
2026-06-18,2.39,29607200,Wipro,WIT,-0.0363,0.9016,1.0756,0,"AI jitters trigger another sell - off in IT stocks | Wipro ( NYSE : WIT ) Stock Price Down 6 . 2 % – Time to Sell ?  | Infosys , Wipro ADRs slide after Accenture weak outlook sparks fresh concerns over IT demand | Stock market today : Which are the top gainers and losers in BSE Sensex and Nifty50 today ? Check list | निफ्टी में जल्द हासिल हो सकते हैं 24250 - 24400 के टारगेट , इस शेयर में दिख रहा दमदार कमाई का मौका | Sensex down 300 pts from day high , Nifty below 24 , 050 : 5 key reasons behind markets turning red",6.0,0,0.0363
2026-06-22,2.24,11648300,Wipro,WIT,-0.0628,-0.6066,1.1014,1,"FinancialContent - Why Accenture ( ACN ) Stock Is Down Today | Stock Market Highlights , June 22 : Sensex gains 291 pts , Nifty closes above 24 , 100 ; most sectors end higher | Stocks To Watch Today On June 22 : Reliance , Tata Motors , Sun Pharma , Bharat Forge , Voltas Among Stocks in Focus",3.0,0,0.0628
2026-06-23,2.29,15555300,Wipro,WIT,0.0223,0.3354,1.0541,0,"Ahead of Market : 10 things that will decide stock market action on Wednesday | Nifty , Sensex , Borader Market Slump on Global Selloff : Tuesday Market Report | लगातार तेजी के बाद फिसला बाजार , सेंसेक्स 893 अंक गिरा ; आईटी , मेटल और पीएसयू बैंक के शेयरों में भारी गिरावट | sensex - falls - 893 - points - it - metal - psu - bank - stocks - decline | शेयर बाजार में भारी गिरावट : सेंसेक्स 500 अंक फिसला , निफ्टी 24 , 000 के नीचे ; जानिए गिरावट की 3 बड़ी वजह | Top Gainers & Losers on June 23 : Vedanta , Hindustan Zinc , Infosys , TCS , Bank of Baroda among top losers | Sensex tumbles 900 points , Nifty closes below 23 , 900 amid sell - off in IT stocks | Markets | Taking Stock : Nifty slips below 23 , 850 , Sensex sheds 893 pts ; pharma outperforms | Why Accenture ( ACN ) Stock Is Down Today",8.0,0,0.0223
2026-06-24,2.19,29158200,Wipro,WIT,-0.0437,0.8745,1.0741,0,"Research Analyst Updated EPS Estimates for June 24th ( ALTG , APGE , BAESY , BARC , BNZL , BRBY , CBRS , CLYM , COUR , DGE )  | Research Analyst Updated EPS Estimates for June 24th ( ALTG , APGE , BAESY , BARC , BNZL , BRBY , CBRS , CLYM , COUR , DGE )  | Vodafone Idea , Roto Pumps , YES Bank among most traded stocks on NSE today , 24 June 2026 | Bajaj Auto share buyback : Stock turns ex date , falls 2 %; tender period , retail quota , entitlement ratio | Nifty , Sensex , Broader Market Slump on Global Selloff : Tuesday Market Report",5.0,0,0.0437
2026-06-25,2.19,14487300,Wipro,WIT,0.0,-0.5031,1.0516,1,Wipro Rs 1 crore - plus club shrinks to 101 in FY26 amid aggressive cost optimization,1.0,0,0.0
2026-06-26,2.27,7507300,Wipro,WIT,0.0365,-0.4818,1.0505,0,Wipro Rs 1 crore - plus club shrinks to 101 in FY26 amid aggressive cost optimization,1.0,0,0.0365
2026-06-29,2.17,8051800,Wipro,WIT,-0.0441,0.0725,1.0599,1,"Stock Market Highlights , Jun 29 : Sensex falls 372 pts to settle at 76 , 728 , Nifty closes below 24 , 000 ; Kotak Bank , M & M top losers",1.0,0,0.0441
2026-06-30,2.25,13352100,Wipro,WIT,0.0369,0.6583,1.0751,0,"Stock Market Highlights , Jun 29 : Sensex falls 372 pts to settle at 76 , 728 , Nifty closes below 24 , 000 ; Kotak Bank , M & M top losers",1.0,0,0.0369
2026-07-01,1.87,35265500,Wipro,WIT,-0.1689,1.6412,1.2032,1,"Stock Market Highlights , Jun 29 : Sensex falls 372 pts to settle at 76 , 728 , Nifty closes below 24 , 000 ; Kotak Bank , M & M top losers",1.0,0,0.1689
2026-07-02,1.89,14188300,Wipro,WIT,0.0107,-0.5977,1.0481,0,"Stock Market Highlights , Jun 29 : Sensex falls 372 pts to settle at 76 , 728 , Nifty closes below 24 , 000 ; Kotak Bank , M & M top losers",1.0,0,0.0107
2026-07-06,1.84,19263100,Wipro,WIT,-0.0265,0.3577,1.0328,1,"Indian equities open higher amid monsoon revival , FII inflows | Navi eyes Rs 3 , 000 - crore IPO ; inside IT CEO pay",2.0,0,0.0265
2026-07-07,1.85,12844800,Wipro,WIT,0.0054,-0.3332,1.0383,0,"TCS , Infosys and other Indian IT stocks rise up to 4 % after AI worries trigger Kospi selloff | Vedanta Iron and Steel , Vedanta Aluminium , 2 other stocks drop up to 5 %. What spooking investors ?  | IT stocks are beginning to offer bank FD - like dividend yields . But is that a trap for investors ? ",3.0,0,0.0054
2026-07-08,1.83,9513800,Wipro,WIT,-0.0108,-0.2593,1.0221,1,"पश्चिम एशिया तनाव का असर , शेयर बाजार में गिरावट , सेंसेक्स और निफ्टी भी दबाव में | Google Cloud big India AI bet ; Swiggy crosses key ownership threshold",2.0,0,0.0108
2026-07-09,1.85,6360200,Wipro,WIT,0.0109,-0.3315,1.0333,1,How to trade TCS shares before Q1 results ? Key levels and 5 things to watch out for | TCS shares dip 2 % ahead of Q1 earnings today . What can shareholders expect ? ,2.0,0,0.0109
2026-07-10,1.87,17706300,Wipro,WIT,0.0108,1.7839,1.0326,0,"Global stocks rise on Friday , ending the week on a quiet note | Closing Bell : Sensex Surges Over 825 Points , Nifty Reclaims 24 , 200 as TCS - Led IT Rally , Lower Crude Prices and Positive Global Cues Lift Markets | TCS shares close 1 % higher after Q1 earnings beat ; valuation zooms ₹7 , 706 cr | Why Are IT Stocks Rising Today ? TCS Earnings , Global Tech Rally Lift Sensex , Nifty | शुरुआती कारोबार में शेयर बाजार में तेजी , सेंसेक्स और निफ्टी में जोरदार उछाल | AI , Iran war risks weigh on Indian IT firm earnings outlook",6.0,0,0.0108
2023-01-04,32.44,1954200,HDFC,HDB,-0.0082,0.3014,1.0107,0,HDFC stock market financial update,1.0,0,16.3476
2023-01-05,32.02,2758200,HDFC,HDB,-0.013,0.4114,1.0126,1,HDFC stock market financial update,1.0,0,0.0129
2023-01-06,32.23,1763000,HDFC,HDB,0.0066,-0.3608,1.0171,0,HDFC stock market financial update,1.0,0,0.0066
2023-01-09,32.23,2054000,HDFC,HDB,0.0,0.1651,1.021,0,HDFC market update,1.0,0,0.0
2023-01-10,31.36,2712400,HDFC,HDB,-0.027,0.3205,1.029,1,HDFC market update,1.0,0,0.027
2023-01-11,31.83,2332200,HDFC,HDB,0.0152,-0.1402,1.0228,1,HDFC market update,1.0,0,0.015
2023-01-12,31.89,2502400,HDFC,HDB,0.0018,0.073,1.0119,1,HDFC market update,1.0,0,0.0019
2023-01-13,32.28,1919600,HDFC,HDB,0.0123,-0.2329,1.0229,0,HDFC market update,1.0,0,0.0122
2023-01-17,32.04,4249600,HDFC,HDB,-0.0077,1.2138,1.0372,1,HDFC market update,1.0,0,0.0074
2023-01-18,32.82,2523400,HDFC,HDB,0.0246,-0.4062,1.0181,1,HDFC market update,1.0,0,0.0243
2023-01-19,33.21,2796200,HDFC,HDB,0.0117,0.1081,1.0141,1,HDFC market update,1.0,0,0.0119
2023-01-20,33.7,2506400,HDFC,HDB,0.015,-0.1036,1.0249,1,HDFC market update,1.0,0,0.0148
2023-01-23,33.83,2376000,HDFC,HDB,0.0037,-0.052,1.012,1,HDFC market update,1.0,0,0.0039
2023-01-24,34.16,2419800,HDFC,HDB,0.0098,0.0184,1.017,0,HDFC market update,1.0,0,0.0098
2023-01-25,32.0,4858200,HDFC,HDB,-0.0631,1.0077,1.0408,1,HDFC market update,1.0,0,0.0632
2023-01-26,32.52,2788600,HDFC,HDB,0.0161,-0.426,1.0149,0,HDFC market update,1.0,0,0.0163
2023-01-27,31.45,5493800,HDFC,HDB,-0.0329,0.9701,1.0291,1,HDFC market update,1.0,0,0.0329
2023-01-30,31.56,4069800,HDFC,HDB,0.0035,-0.2592,1.0149,1,HDFC market update,1.0,0,0.0035
2023-01-31,32.21,3169600,HDFC,HDB,0.0206,-0.2212,1.0269,0,HDFC market update,1.0,0,0.0206
2023-02-01,30.93,6032800,HDFC,HDB,-0.0398,0.9033,1.0514,1,HDFC market update,1.0,0,0.0397
2023-02-02,32.08,3991800,HDFC,HDB,0.0374,-0.3383,1.0346,1,HDFC market update,1.0,0,0.0372
2023-02-03,32.26,3803400,HDFC,HDB,0.0057,-0.0472,1.0177,0,HDFC market update,1.0,0,0.0056
2023-02-06,31.99,1771000,HDFC,HDB,-0.0084,-0.5344,1.0151,1,HDFC market update,1.0,0,0.0084
2023-02-07,32.13,2096600,HDFC,HDB,0.0042,0.1839,1.0188,1,HDFC market update,1.0,0,0.0044
2023-02-08,32.45,2445800,HDFC,HDB,0.01,0.1666,1.0203,0,HDFC market update,1.0,0,0.01
2023-02-09,32.35,2256000,HDFC,HDB,-0.0031,-0.0776,1.0129,1,HDFC market update,1.0,0,0.0031
2023-02-10,32.5,1768600,HDFC,HDB,0.0047,-0.216,1.0212,1,HDFC market update,1.0,0,0.0046
2023-02-13,32.95,1981800,HDFC,HDB,0.0138,0.1205,1.0203,1,HDFC market update,1.0,0,0.0138
2023-02-14,33.3,3392000,HDFC,HDB,0.0107,0.7116,1.0142,0,HDFC market update,1.0,0,0.0106
2023-02-15,33.26,1769200,HDFC,HDB,-0.0011,-0.4784,1.0098,0,HDFC market update,1.0,0,0.0012
2023-02-16,33.1,3008000,HDFC,HDB,-0.0049,0.7002,1.0134,1,HDFC market update,1.0,0,0.0048
2023-02-17,33.2,2745800,HDFC,HDB,0.0029,-0.0872,1.0096,0,HDFC market update,1.0,0,0.003
2023-02-21,32.9,2493400,HDFC,HDB,-0.0089,-0.0919,1.0102,0,HDFC market update,1.0,0,0.009
2023-02-22,32.26,2157400,HDFC,HDB,-0.0196,-0.1348,1.0203,1,HDFC market update,1.0,0,0.0195
2023-02-23,32.31,1766600,HDFC,HDB,0.0016,-0.1811,1.0115,0,HDFC market update,1.0,0,0.0015
2023-02-24,31.95,2503400,HDFC,HDB,-0.011,0.4171,1.0071,1,HDFC market update,1.0,0,0.0111
2023-02-27,32.06,2208200,HDFC,HDB,0.0034,-0.1179,1.0141,1,HDFC market update,1.0,0,0.0034
2023-02-28,32.34,2102200,HDFC,HDB,0.0086,-0.048,1.0124,0,HDFC market update,1.0,0,0.0087
2023-03-01,31.89,3474600,HDFC,HDB,-0.0139,0.6528,1.0228,0,HDFC market update,1.0,0,0.0139
2023-03-02,31.87,3263200,HDFC,HDB,-0.0007,-0.0608,1.0129,1,HDFC market update,1.0,0,0.0006
2023-03-03,32.38,2007200,HDFC,HDB,0.0161,-0.3849,1.0127,1,HDFC market update,1.0,0,0.016
2023-03-06,32.67,2303200,HDFC,HDB,0.0089,0.1475,1.0088,0,HDFC market update,1.0,0,0.009
2023-03-07,32.48,2233200,HDFC,HDB,-0.0057,-0.0304,1.017,1,HDFC market update,1.0,0,0.0058
2023-03-08,32.51,2433800,HDFC,HDB,0.001,0.0898,1.0127,0,HDFC market update,1.0,0,0.0009
2023-03-09,31.64,3479000,HDFC,HDB,-0.0268,0.4295,1.0241,0,HDFC market update,1.0,0,0.0268
2023-03-10,30.8,4866200,HDFC,HDB,-0.0266,0.3987,1.0292,0,HDFC market update,1.0,0,0.0265
2023-03-13,30.44,4522400,HDFC,HDB,-0.0116,-0.0707,1.0249,1,HDFC market update,1.0,0,0.0117
2023-03-14,30.78,2944200,HDFC,HDB,0.011,-0.349,1.0155,0,HDFC market update,1.0,0,0.0112
2023-03-15,29.79,5540600,HDFC,HDB,-0.032,0.8819,1.0213,1,HDFC market update,1.0,0,0.0322
2023-03-16,30.55,2809000,HDFC,HDB,0.0254,-0.493,1.0317,0,HDFC market update,1.0,0,0.0255
2023-03-17,30.19,2368200,HDFC,HDB,-0.0116,-0.1569,1.0151,1,HDFC market update,1.0,0,0.0118
2023-03-20,30.48,3294400,HDFC,HDB,0.0093,0.3911,1.019,1,HDFC market update,1.0,0,0.0096
2023-03-21,30.88,4176000,HDFC,HDB,0.0133,0.2676,1.0144,0,HDFC market update,1.0,0,0.0131
2023-03-22,30.03,4214800,HDFC,HDB,-0.0276,0.0093,1.0346,1,HDFC market update,1.0,0,0.0275
2023-03-23,30.32,3422000,HDFC,HDB,0.0097,-0.1881,1.0228,0,HDFC market update,1.0,0,0.0097
2023-03-24,30.31,2265600,HDFC,HDB,-0.0005,-0.3379,1.0146,1,HDFC market update,1.0,0,0.0003
2023-03-27,30.78,2349800,HDFC,HDB,0.0156,0.0372,1.0232,1,HDFC market update,1.0,0,0.0155
2023-03-28,31.01,2431400,HDFC,HDB,0.0075,0.0347,1.0066,1,HDFC market update,1.0,0,0.0075
2023-03-29,31.59,2173800,HDFC,HDB,0.0185,-0.1059,1.0144,1,HDFC market update,1.0,0,0.0187
2023-03-30,31.6,1901400,HDFC,HDB,0.0003,-0.1253,1.0062,1,HDFC market update,1.0,0,0.0003
2023-03-31,31.88,2368800,HDFC,HDB,0.0089,0.2458,1.0125,1,HDFC market update,1.0,0,0.0089
2023-04-03,31.92,2507200,HDFC,HDB,0.0013,0.0584,1.0151,1,HDFC market update,1.0,0,0.0013
2023-04-04,32.02,1427400,HDFC,HDB,0.003,-0.4307,1.0131,1,HDFC market update,1.0,0,0.0031
2023-04-05,32.49,2336800,HDFC,HDB,0.0148,0.6371,1.0147,1,HDFC market update,1.0,0,0.0147
2023-04-06,32.75,1680800,HDFC,HDB,0.0079,-0.2807,1.0115,0,HDFC market update,1.0,0,0.008
2023-04-10,32.36,994800,HDFC,HDB,-0.012,-0.4081,1.0081,1,HDFC market update,1.0,0,0.0119
2023-04-11,32.8,1678000,HDFC,HDB,0.0137,0.6868,1.0076,1,HDFC market update,1.0,0,0.0136
2023-04-12,33.35,2454400,HDFC,HDB,0.0169,0.4627,1.0157,0,HDFC market update,1.0,0,0.0168
2023-04-13,33.21,2243600,HDFC,HDB,-0.0043,-0.0859,1.0284,1,HDFC market update,1.0,0,0.0042
2023-04-14,33.68,3557600,HDFC,HDB,0.014,0.5857,1.0156,0,HDFC market update,1.0,0,0.0142
2023-04-17,32.84,3377400,HDFC,HDB,-0.0248,-0.0507,1.0166,1,HDFC market update,1.0,0,0.0249
2023-04-18,32.96,5763400,HDFC,HDB,0.0036,0.7065,1.0104,1,HDFC market update,1.0,0,0.0037
2023-04-19,33.45,3382800,HDFC,HDB,0.0149,-0.4131,1.0202,0,HDFC market update,1.0,0,0.0149
2023-04-20,33.39,1684600,HDFC,HDB,-0.0017,-0.502,1.0067,1,HDFC market update,1.0,0,0.0018
2023-04-21,33.9,3130200,HDFC,HDB,0.015,0.8581,1.0158,0,HDFC market update,1.0,0,0.0153
2023-04-24,33.72,2365400,HDFC,HDB,-0.0052,-0.2443,1.0142,0,HDFC market update,1.0,0,0.0053
2023-04-25,33.26,2990400,HDFC,HDB,-0.0135,0.2642,1.0101,1,HDFC market update,1.0,0,0.0136
2023-04-26,33.31,3601800,HDFC,HDB,0.0013,0.2045,1.0176,0,HDFC market update,1.0,0,0.0015
2023-04-27,33.28,2749200,HDFC,HDB,-0.0009,-0.2367,1.0103,1,HDFC market update,1.0,0,0.0009
2023-04-28,33.37,2379600,HDFC,HDB,0.0029,-0.1344,1.0116,1,HDFC market update,1.0,0,0.0027
2023-05-01,33.43,1102400,HDFC,HDB,0.0016,-0.5367,1.016,0,HDFC market update,1.0,0,0.0018
2023-05-02,33.25,1664200,HDFC,HDB,-0.0051,0.5096,1.0124,0,HDFC market update,1.0,0,0.0054
2023-05-03,33.23,1908400,HDFC,HDB,-0.0007,0.1467,1.0141,0,HDFC market update,1.0,0,0.0006
2023-05-04,32.76,10072600,HDFC,HDB,-0.0141,4.278,1.0418,0,HDFC market update,1.0,0,0.0141
2023-05-05,32.04,7101000,HDFC,HDB,-0.0219,-0.295,1.0219,1,HDFC market update,1.0,0,0.022
2023-05-08,32.09,4267000,HDFC,HDB,0.0015,-0.3991,1.0177,0,HDFC market update,1.0,0,0.0016
2023-05-09,31.55,5460200,HDFC,HDB,-0.0168,0.2796,1.0166,1,HDFC market update,1.0,0,0.0168
2023-05-10,32.67,5632200,HDFC,HDB,0.0355,0.0315,1.0316,0,HDFC market update,1.0,0,0.0355
2023-05-11,32.1,4321800,HDFC,HDB,-0.0176,-0.2327,1.0183,1,HDFC market update,1.0,0,0.0174
2023-05-12,32.83,3064600,HDFC,HDB,0.0228,-0.2909,1.0093,1,HDFC market update,1.0,0,0.0227
2023-05-15,32.9,2207800,HDFC,HDB,0.0022,-0.2796,1.0105,0,HDFC market update,1.0,0,0.0021
2023-05-16,32.37,1880400,HDFC,HDB,-0.0162,-0.1483,1.0124,0,HDFC market update,1.0,0,0.0161
2023-05-17,32.32,5837200,HDFC,HDB,-0.0015,2.1042,1.012,0,HDFC market update,1.0,0,0.0015
2023-05-18,32.21,3061200,HDFC,HDB,-0.0034,-0.4756,1.0104,0,HDFC market update,1.0,0,0.0034
2023-05-19,32.12,1961200,HDFC,HDB,-0.0027,-0.3593,1.008,1,HDFC market update,1.0,0,0.0028
2023-05-22,32.16,1749000,HDFC,HDB,0.0011,-0.1082,1.009,0,HDFC market update,1.0,0,0.0012
2023-05-23,31.57,7850400,HDFC,HDB,-0.0183,3.4885,1.0277,0,HDFC market update,1.0,0,0.0183
2023-05-24,31.4,2845600,HDFC,HDB,-0.0055,-0.6375,1.0088,0,HDFC market update,1.0,0,0.0054
2023-05-25,31.11,4245800,HDFC,HDB,-0.0092,0.4921,1.0135,1,HDFC market update,1.0,0,0.0092
2023-05-26,31.31,2023000,HDFC,HDB,0.0067,-0.5235,1.0096,0,HDFC market update,1.0,0,0.0064
2023-05-30,31.31,3453600,HDFC,HDB,-0.0002,0.7072,1.0142,0,HDFC market update,1.0,0,0.0
2023-05-31,31.12,6449600,HDFC,HDB,-0.0062,0.8675,1.0116,1,HDFC market update,1.0,0,0.0061
2023-06-01,31.29,4388400,HDFC,HDB,0.0056,-0.3196,1.0079,1,HDFC market update,1.0,0,0.0055
2023-06-02,31.64,2855000,HDFC,HDB,0.0111,-0.3494,1.0133,0,HDFC market update,1.0,0,0.0112
2023-06-05,31.5,2158200,HDFC,HDB,-0.0044,-0.2441,1.0129,0,HDFC market update,1.0,0,0.0044
2023-06-06,31.11,2429800,HDFC,HDB,-0.0124,0.1258,1.0117,1,HDFC market update,1.0,0,0.0124
2023-06-07,31.36,2180600,HDFC,HDB,0.0081,-0.1026,1.0142,0,HDFC market update,1.0,0,0.008
2023-06-08,31.25,1589800,HDFC,HDB,-0.0034,-0.2709,1.0108,1,HDFC market update,1.0,0,0.0035
2023-06-09,31.72,1838800,HDFC,HDB,0.015,0.1566,1.0161,0,HDFC market update,1.0,0,0.015
2023-06-12,30.89,4052000,HDFC,HDB,-0.026,1.2036,1.0189,1,HDFC market update,1.0,0,0.0262
2023-06-13,31.36,2883600,HDFC,HDB,0.0152,-0.2884,1.0121,0,HDFC market update,1.0,0,0.0152
2023-06-14,31.1,3336800,HDFC,HDB,-0.0085,0.1572,1.0147,1,HDFC market update,1.0,0,0.0083
2023-06-15,31.21,3397400,HDFC,HDB,0.0037,0.0182,1.028,1,HDFC market update,1.0,0,0.0035
2023-06-16,32.11,5664200,HDFC,HDB,0.0286,0.6672,1.0229,0,HDFC market update,1.0,0,0.0288
2023-06-20,31.98,6718800,HDFC,HDB,-0.0038,0.1862,1.0125,1,HDFC market update,1.0,0,0.004
2023-06-21,32.77,5151600,HDFC,HDB,0.0246,-0.2333,1.0236,1,HDFC market update,1.0,0,0.0247
2023-06-22,33.04,2201400,HDFC,HDB,0.0081,-0.5727,1.0115,1,HDFC market update,1.0,0,0.0082
2023-06-23,33.19,3571600,HDFC,HDB,0.0045,0.6224,1.016,0,HDFC market update,1.0,0,0.0045
2023-06-26,32.92,2905600,HDFC,HDB,-0.008,-0.1865,1.0139,1,HDFC market update,1.0,0,0.0081
2023-06-27,33.27,3095000,HDFC,HDB,0.0104,0.0652,1.0175,1,HDFC market update,1.0,0,0.0106
2023-06-28,33.31,1775000,HDFC,HDB,0.0013,-0.4265,1.0074,1,HDFC market update,1.0,0,0.0012
2023-06-29,33.56,3099200,HDFC,HDB,0.0074,0.746,1.0122,1,HDFC market update,1.0,0,0.0075
2023-06-30,33.68,3766800,HDFC,HDB,0.0036,0.2154,1.0098,1,HDFC market update,1.0,0,0.0036
2023-07-03,34.2,3305600,HDFC,HDB,0.0156,-0.1224,1.0109,0,HDFC market update,1.0,0,0.0154
2023-07-05,32.41,4750400,HDFC,HDB,-0.0525,0.4371,1.0378,0,HDFC market update,1.0,0,0.0523
2023-07-06,32.1,5959000,HDFC,HDB,-0.0095,0.2544,1.0183,0,HDFC market update,1.0,0,0.0096
2023-07-07,32.04,6133000,HDFC,HDB,-0.0017,0.0292,1.0134,0,HDFC market update,1.0,0,0.0019
2023-07-10,31.98,2954800,HDFC,HDB,-0.0021,-0.5182,1.0174,1,HDFC market update,1.0,0,0.0019
2023-07-11,32.47,3551800,HDFC,HDB,0.0156,0.202,1.0126,0,HDFC market update,1.0,0,0.0153
2023-07-12,32.37,2286800,HDFC,HDB,-0.0031,-0.3562,1.0129,1,HDFC market update,1.0,0,0.0031
2023-07-13,32.62,2505400,HDFC,HDB,0.0078,0.0956,1.0099,1,HDFC market update,1.0,0,0.0077
2023-07-14,32.64,2854000,HDFC,HDB,0.0006,0.1391,1.0115,1,HDFC market update,1.0,0,0.0006
2023-07-17,34.09,6324000,HDFC,HDB,0.0443,1.2158,1.0405,1,HDFC market update,1.0,0,0.0444
2023-07-18,34.16,9091000,HDFC,HDB,0.0023,0.4375,1.0351,0,HDFC market update,1.0,0,0.0021
2023-07-19,34.08,9089200,HDFC,HDB,-0.0024,-0.0002,1.0143,1,HDFC market update,1.0,0,0.0023
2023-07-20,34.31,5566800,HDFC,HDB,0.0067,-0.3875,1.0163,0,HDFC market update,1.0,0,0.0067
2023-07-21,34.04,3804800,HDFC,HDB,-0.0079,-0.3165,1.0084,0,HDFC market update,1.0,0,0.0079
2023-07-24,33.85,3756600,HDFC,HDB,-0.0055,-0.0127,1.014,1,HDFC market update,1.0,0,0.0056
2023-07-25,34.06,3461400,HDFC,HDB,0.0063,-0.0786,1.0094,1,HDFC market update,1.0,0,0.0062
2023-07-26,34.21,4351800,HDFC,HDB,0.0044,0.2572,1.0196,0,HDFC market update,1.0,0,0.0044
2023-07-27,32.98,3083200,HDFC,HDB,-0.0359,-0.2915,1.0334,0,HDFC market update,1.0,0,0.036
2023-07-28,32.9,3016000,HDFC,HDB,-0.0026,-0.0218,1.009,1,HDFC market update,1.0,0,0.0024
2023-07-31,32.99,1807800,HDFC,HDB,0.0028,-0.4006,1.0146,0,HDFC market update,1.0,0,0.0027
2023-08-01,32.64,2331000,HDFC,HDB,-0.0107,0.2894,1.0123,0,HDFC market update,1.0,0,0.0106
2023-08-02,32.22,2737200,HDFC,HDB,-0.0129,0.1743,1.0138,0,HDFC market update,1.0,0,0.0129
2023-08-03,32.02,2433800,HDFC,HDB,-0.006,-0.1108,1.0127,1,HDFC market update,1.0,0,0.0062
2023-08-04,32.29,2756600,HDFC,HDB,0.0083,0.1326,1.0105,1,HDFC market update,1.0,0,0.0084
2023-08-07,32.35,2719800,HDFC,HDB,0.0019,-0.0133,1.0091,0,HDFC market update,1.0,0,0.0019
2023-08-08,32.14,1901200,HDFC,HDB,-0.0066,-0.301,1.013,1,HDFC market update,1.0,0,0.0065
2023-08-09,32.29,2004800,HDFC,HDB,0.0047,0.0545,1.0081,0,HDFC market update,1.0,0,0.0047
2023-08-10,32.16,2257400,HDFC,HDB,-0.0039,0.126,1.0161,0,HDFC market update,1.0,0,0.004
2023-08-11,32.04,1865400,HDFC,HDB,-0.0038,-0.1737,1.0094,0,HDFC market update,1.0,0,0.0037
2023-08-14,31.78,2657000,HDFC,HDB,-0.0082,0.4244,1.0178,0,HDFC market update,1.0,0,0.0081
2023-08-15,31.18,4045000,HDFC,HDB,-0.019,0.5224,1.0204,0,HDFC market update,1.0,0,0.0189
2023-08-16,31.03,3899000,HDFC,HDB,-0.0045,-0.0361,1.0134,0,HDFC market update,1.0,0,0.0048
2023-08-17,30.87,2771600,HDFC,HDB,-0.0052,-0.2892,1.0114,0,HDFC market update,1.0,0,0.0052
2023-08-18,30.68,5474600,HDFC,HDB,-0.0062,0.9752,1.0101,1,HDFC market update,1.0,0,0.0062
2023-08-21,31.08,4269200,HDFC,HDB,0.0129,-0.2202,1.0148,0,HDFC market update,1.0,0,0.013
2023-08-22,30.74,4264400,HDFC,HDB,-0.011,-0.0011,1.0175,1,HDFC market update,1.0,0,0.0109
2023-08-23,31.16,3583200,HDFC,HDB,0.0138,-0.1597,1.0132,0,HDFC market update,1.0,0,0.0137
2023-08-24,30.78,2352800,HDFC,HDB,-0.0122,-0.3434,1.0079,0,HDFC market update,1.0,0,0.0122
2023-08-25,30.62,3344000,HDFC,HDB,-0.0051,0.4213,1.0155,1,HDFC market update,1.0,0,0.0052
2023-08-28,30.99,2485400,HDFC,HDB,0.012,-0.2568,1.0105,1,HDFC market update,1.0,0,0.0121
2023-08-29,31.06,3541000,HDFC,HDB,0.0022,0.4247,1.0119,1,HDFC market update,1.0,0,0.0023
2023-08-30,31.09,2042600,HDFC,HDB,0.0009,-0.4232,1.0146,0,HDFC market update,1.0,0,0.001
2023-08-31,30.42,5319400,HDFC,HDB,-0.0215,1.6042,1.0145,1,HDFC market update,1.0,0,0.0216
2023-09-01,30.66,3372800,HDFC,HDB,0.0079,-0.3659,1.0153,0,HDFC market update,1.0,0,0.0079
2023-09-05,30.42,1862600,HDFC,HDB,-0.0076,-0.4478,1.0141,1,HDFC market update,1.0,0,0.0078
2023-09-06,30.73,2865200,HDFC,HDB,0.0101,0.5383,1.007,1,HDFC market update,1.0,0,0.0102
2023-09-07,30.83,3328000,HDFC,HDB,0.0033,0.1615,1.0062,1,HDFC market update,1.0,0,0.0033
2023-09-08,31.42,3464000,HDFC,HDB,0.019,0.0409,1.016,1,HDFC market update,1.0,0,0.0191
2023-09-11,31.84,3042800,HDFC,HDB,0.0134,-0.1216,1.0117,1,HDFC market update,1.0,0,0.0134
2023-09-12,32.01,2160600,HDFC,HDB,0.0052,-0.2899,1.0103,0,HDFC market update,1.0,0,0.0053
2023-09-13,31.99,2429600,HDFC,HDB,-0.0006,0.1245,1.0096,1,HDFC market update,1.0,0,0.0006
2023-09-14,32.32,2136400,HDFC,HDB,0.0104,-0.1207,1.0116,0,HDFC market update,1.0,0,0.0103
2023-09-15,31.74,6318000,HDFC,HDB,-0.0178,1.9573,1.0196,0,HDFC market update,1.0,0,0.0179
2023-09-18,30.95,5654200,HDFC,HDB,-0.0249,-0.1051,1.0261,0,HDFC market update,1.0,0,0.0249
2023-09-19,30.73,3617600,HDFC,HDB,-0.0073,-0.3602,1.014,0,HDFC market update,1.0,0,0.0071
2023-09-20,28.88,19359800,HDFC,HDB,-0.0601,4.3516,1.0475,1,HDFC market update,1.0,0,0.0602
2023-09-21,28.99,14201000,HDFC,HDB,0.0039,-0.2665,1.0177,0,HDFC market update,1.0,0,0.0038
2023-09-22,28.74,5866400,HDFC,HDB,-0.0088,-0.5869,1.0155,0,HDFC market update,1.0,0,0.0086
2023-09-25,28.62,5999400,HDFC,HDB,-0.0041,0.0227,1.0085,0,HDFC market update,1.0,0,0.0042
2023-09-26,28.42,5444000,HDFC,HDB,-0.0072,-0.0926,1.0205,1,HDFC market update,1.0,0,0.007
2023-09-27,28.53,5106000,HDFC,HDB,0.004,-0.0621,1.0102,1,HDFC market update,1.0,0,0.0039
2023-09-28,28.87,4222400,HDFC,HDB,0.0118,-0.1731,1.0156,0,HDFC market update,1.0,0,0.0119
2023-09-29,28.81,4591600,HDFC,HDB,-0.002,0.0874,1.0119,0,HDFC market update,1.0,0,0.0021
2023-10-02,28.28,4061000,HDFC,HDB,-0.0185,-0.1156,1.0262,0,HDFC market update,1.0,0,0.0184
2023-10-03,28.08,4511000,HDFC,HDB,-0.0069,0.1108,1.0127,1,HDFC market update,1.0,0,0.0071
2023-10-04,28.93,6044200,HDFC,HDB,0.0303,0.3399,1.0199,1,HDFC market update,1.0,0,0.0303
2023-10-05,28.94,2730800,HDFC,HDB,0.0003,-0.5482,1.01,1,HDFC market update,1.0,0,0.0003
2023-10-06,28.94,1929000,HDFC,HDB,0.0002,-0.2936,1.0145,0,HDFC market update,1.0,0,0.0
2023-10-09,28.74,2319800,HDFC,HDB,-0.0071,0.2026,1.0131,1,HDFC market update,1.0,0,0.0069
2023-10-10,28.81,3382600,HDFC,HDB,0.0025,0.4581,1.0081,1,HDFC market update,1.0,0,0.0024
2023-10-11,28.86,3544400,HDFC,HDB,0.0017,0.0478,1.0189,0,HDFC market update,1.0,0,0.0017
2023-10-12,28.71,3238400,HDFC,HDB,-0.0054,-0.0863,1.0191,0,HDFC market update,1.0,0,0.0052
2023-10-13,28.41,4237000,HDFC,HDB,-0.0102,0.3084,1.0136,1,HDFC market update,1.0,0,0.0104
2023-10-16,28.81,7525200,HDFC,HDB,0.0139,0.7761,1.0167,0,HDFC market update,1.0,0,0.0141
2023-10-17,28.43,6923200,HDFC,HDB,-0.013,-0.08,1.0183,0,HDFC market update,1.0,0,0.0132
2023-10-18,28.02,7291400,HDFC,HDB,-0.0144,0.0532,1.0147,0,HDFC market update,1.0,0,0.0144
2023-10-19,27.95,4115400,HDFC,HDB,-0.0026,-0.4356,1.0169,1,HDFC market update,1.0,0,0.0025
2023-10-20,27.96,3690000,HDFC,HDB,0.0003,-0.1034,1.0098,0,HDFC market update,1.0,0,0.0004
2023-10-23,27.66,4374000,HDFC,HDB,-0.0108,0.1854,1.0122,1,HDFC market update,1.0,0,0.0107
2023-10-24,27.86,4066000,HDFC,HDB,0.0072,-0.0704,1.012,1,HDFC market update,1.0,0,0.0072
2023-10-25,27.97,4123800,HDFC,HDB,0.0042,0.0142,1.0209,0,HDFC market update,1.0,0,0.0039
2023-10-26,27.74,6010800,HDFC,HDB,-0.0084,0.4576,1.0144,0,HDFC market update,1.0,0,0.0082
2023-10-27,27.5,4608800,HDFC,HDB,-0.0086,-0.2332,1.0155,1,HDFC market update,1.0,0,0.0087
2023-10-30,27.97,3109800,HDFC,HDB,0.0172,-0.3252,1.0077,0,HDFC market update,1.0,0,0.0171
2023-10-31,27.61,3352000,HDFC,HDB,-0.0131,0.0779,1.0157,0,HDFC market update,1.0,0,0.0129
2023-11-01,27.6,4525800,HDFC,HDB,-0.0002,0.3502,1.0098,1,HDFC market update,1.0,0,0.0004
2023-11-02,28.23,3284200,HDFC,HDB,0.0228,-0.2743,1.0229,1,HDFC market update,1.0,0,0.0228
2023-11-03,28.27,3332000,HDFC,HDB,0.0012,0.0146,1.0128,0,HDFC market update,1.0,0,0.0014
2023-11-06,27.96,3879800,HDFC,HDB,-0.0107,0.1644,1.0216,0,HDFC market update,1.0,0,0.011
2023-11-07,27.51,7355800,HDFC,HDB,-0.0162,0.8959,1.0218,1,HDFC market update,1.0,0,0.0161
2023-11-08,27.64,3500600,HDFC,HDB,0.0046,-0.5241,1.0092,0,HDFC market update,1.0,0,0.0047
2023-11-09,27.42,3275400,HDFC,HDB,-0.0078,-0.0643,1.0155,1,HDFC market update,1.0,0,0.008
2023-11-10,27.98,4536600,HDFC,HDB,0.0205,0.3851,1.0167,0,HDFC market update,1.0,0,0.0204
2023-11-13,27.91,3722600,HDFC,HDB,-0.0024,-0.1794,1.0074,1,HDFC market update,1.0,0,0.0025
2023-11-14,28.66,4864200,HDFC,HDB,0.0266,0.3067,1.0136,0,HDFC market update,1.0,0,0.0269
2023-11-15,28.57,3126800,HDFC,HDB,-0.0031,-0.3572,1.0082,0,HDFC market update,1.0,0,0.0031
2023-11-16,28.21,2592600,HDFC,HDB,-0.0125,-0.1708,1.0174,1,HDFC market update,1.0,0,0.0126
2023-11-17,28.38,2039600,HDFC,HDB,0.0061,-0.2133,1.0113,1,HDFC market update,1.0,0,0.006
2023-11-20,28.45,2349800,HDFC,HDB,0.0022,0.1521,1.0116,1,HDFC market update,1.0,0,0.0025
2023-11-21,28.73,4182200,HDFC,HDB,0.01,0.7798,1.0126,0,HDFC market update,1.0,0,0.0098
2023-11-22,28.63,1966000,HDFC,HDB,-0.0036,-0.5299,1.0084,1,HDFC market update,1.0,0,0.0035
2023-11-24,29.05,1472600,HDFC,HDB,0.0147,-0.251,1.0095,0,HDFC market update,1.0,0,0.0147
2023-11-27,28.75,2721400,HDFC,HDB,-0.0103,0.848,1.0105,1,HDFC market update,1.0,0,0.0103
2023-11-28,28.97,4238400,HDFC,HDB,0.0078,0.5574,1.0163,1,HDFC market update,1.0,0,0.0077
2023-11-29,29.56,6241600,HDFC,HDB,0.0202,0.4726,1.0177,0,HDFC market update,1.0,0,0.0204
2023-11-30,29.31,4789000,HDFC,HDB,-0.0084,-0.2327,1.0169,1,HDFC market update,1.0,0,0.0085
2023-12-01,29.64,3637600,HDFC,HDB,0.0112,-0.2404,1.0263,1,HDFC market update,1.0,0,0.0113
2023-12-04,30.88,9552600,HDFC,HDB,0.042,1.6261,1.0198,0,HDFC market update,1.0,0,0.0418
2023-12-05,30.7,5286400,HDFC,HDB,-0.006,-0.4466,1.0185,0,HDFC market update,1.0,0,0.0058
2023-12-06,30.62,5856600,HDFC,HDB,-0.0024,0.1079,1.0127,1,HDFC market update,1.0,0,0.0026
2023-12-07,30.93,3532400,HDFC,HDB,0.01,-0.3969,1.0145,1,HDFC market update,1.0,0,0.0101
2023-12-08,31.51,4777200,HDFC,HDB,0.0186,0.3524,1.0143,1,HDFC market update,1.0,0,0.0188
2023-12-11,31.78,7868400,HDFC,HDB,0.0085,0.6471,1.0192,0,HDFC market update,1.0,0,0.0086
2023-12-12,31.56,4178600,HDFC,HDB,-0.0068,-0.4689,1.0067,1,HDFC market update,1.0,0,0.0069
2023-12-13,32.18,4634600,HDFC,HDB,0.0196,0.1091,1.0271,1,HDFC market update,1.0,0,0.0196
2023-12-14,32.65,8795800,HDFC,HDB,0.0146,0.8979,1.0132,0,HDFC market update,1.0,0,0.0146
2023-12-15,32.26,4891000,HDFC,HDB,-0.012,-0.4439,1.0112,1,HDFC market update,1.0,0,0.0119
2023-12-18,32.28,2897400,HDFC,HDB,0.0008,-0.4076,1.0075,1,HDFC market update,1.0,0,0.0006
2023-12-19,32.31,3885800,HDFC,HDB,0.0009,0.3411,1.0152,0,HDFC market update,1.0,0,0.0009
2023-12-20,32.02,3489200,HDFC,HDB,-0.0092,-0.1021,1.0189,1,HDFC market update,1.0,0,0.009
2023-12-21,32.52,3770600,HDFC,HDB,0.0159,0.0806,1.0106,1,HDFC market update,1.0,0,0.0156
2023-12-22,32.71,3203600,HDFC,HDB,0.0057,-0.1504,1.0157,0,HDFC market update,1.0,0,0.0058
2023-12-26,32.57,2825800,HDFC,HDB,-0.0042,-0.1179,1.0099,1,HDFC market update,1.0,0,0.0043
2023-12-27,32.73,3579800,HDFC,HDB,0.0048,0.2668,1.0096,1,HDFC market update,1.0,0,0.0049
2023-12-28,32.82,3761200,HDFC,HDB,0.0027,0.0507,1.0097,0,HDFC market update,1.0,0,0.0027
2023-12-29,32.76,1593000,HDFC,HDB,-0.0016,-0.5765,1.0078,0,HDFC market update,1.0,0,0.0018
2024-01-02,32.52,3160400,HDFC,HDB,-0.0073,0.9839,1.0111,0,HDFC market update,1.0,0,0.0073
2024-01-03,32.18,3069000,HDFC,HDB,-0.0107,-0.0289,1.0112,1,HDFC market update,1.0,0,0.0105
2024-01-04,32.35,1835600,HDFC,HDB,0.0055,-0.4019,1.0068,0,HDFC market update,1.0,0,0.0053
2024-01-05,32.01,2971600,HDFC,HDB,-0.0106,0.6189,1.0136,1,HDFC market update,1.0,0,0.0105
2024-01-08,32.18,3986200,HDFC,HDB,0.0053,0.3414,1.016,0,HDFC market update,1.0,0,0.0053
2024-01-09,31.64,3366000,HDFC,HDB,-0.0167,-0.1556,1.01,1,HDFC market update,1.0,0,0.0168
2024-01-10,31.9,3913200,HDFC,HDB,0.0082,0.1626,1.0121,1,HDFC market update,1.0,0,0.0082
2024-01-11,31.92,3338400,HDFC,HDB,0.0005,-0.1469,1.011,1,HDFC market update,1.0,0,0.0006
2024-01-12,32.02,3973800,HDFC,HDB,0.0031,0.1903,1.0115,0,HDFC market update,1.0,0,0.0031
2024-01-16,29.87,18395400,HDFC,HDB,-0.0671,3.6292,1.0795,0,HDFC market update,1.0,0,0.0671
2024-01-17,27.14,31634400,HDFC,HDB,-0.0914,0.7197,1.0752,1,HDFC market update,1.0,0,0.0914
2024-01-18,27.59,26324000,HDFC,HDB,0.0167,-0.1679,1.0291,0,HDFC market update,1.0,0,0.0166
2024-01-19,27.26,14250000,HDFC,HDB,-0.012,-0.4587,1.0252,1,HDFC market update,1.0,0,0.012
2024-01-22,27.39,7036400,HDFC,HDB,0.0047,-0.5062,1.0231,0,HDFC market update,1.0,0,0.0048
2024-01-23,26.35,19030200,HDFC,HDB,-0.038,1.7045,1.0439,1,HDFC market update,1.0,0,0.038
2024-01-24,26.75,15042600,HDFC,HDB,0.0154,-0.2095,1.0286,1,HDFC market update,1.0,0,0.0152
2024-01-25,27.55,12227600,HDFC,HDB,0.0297,-0.1871,1.0353,1,HDFC market update,1.0,0,0.0299
2024-01-26,27.64,9433800,HDFC,HDB,0.0032,-0.2285,1.0176,0,HDFC market update,1.0,0,0.0033
2024-01-29,27.03,10296600,HDFC,HDB,-0.0221,0.0915,1.0314,1,HDFC market update,1.0,0,0.0221
2024-01-30,27.2,7400200,HDFC,HDB,0.0065,-0.2813,1.0205,0,HDFC market update,1.0,0,0.0063
2024-01-31,27.09,6407200,HDFC,HDB,-0.0041,-0.1342,1.0287,1,HDFC market update,1.0,0,0.004
2024-02-01,27.66,8478800,HDFC,HDB,0.0211,0.3233,1.0287,0,HDFC market update,1.0,0,0.021
2024-02-02,26.75,6920600,HDFC,HDB,-0.0328,-0.1838,1.0227,1,HDFC market update,1.0,0,0.0329
2024-02-05,27.08,9202000,HDFC,HDB,0.0122,0.3297,1.0326,1,HDFC market update,1.0,0,0.0123
2024-02-06,27.36,6638800,HDFC,HDB,0.0105,-0.2785,1.0139,0,HDFC market update,1.0,0,0.0103
2024-02-07,27.16,4609200,HDFC,HDB,-0.0075,-0.3057,1.0151,0,HDFC market update,1.0,0,0.0073
2024-02-08,26.18,9094000,HDFC,HDB,-0.0361,0.973,1.0267,1,HDFC market update,1.0,0,0.0361
2024-02-09,26.24,7445800,HDFC,HDB,0.0024,-0.1812,1.0112,0,HDFC market update,1.0,0,0.0023
2024-02-12,25.87,6223000,HDFC,HDB,-0.014,-0.1642,1.0125,0,HDFC market update,1.0,0,0.0141
2024-02-13,25.56,9224200,HDFC,HDB,-0.0121,0.4823,1.0094,1,HDFC market update,1.0,0,0.012
2024-02-14,25.77,6338400,HDFC,HDB,0.008,-0.3129,1.012,1,HDFC market update,1.0,0,0.0082
2024-02-15,26.45,5665400,HDFC,HDB,0.0267,-0.1062,1.0185,0,HDFC market update,1.0,0,0.0264
2024-02-16,26.26,5140000,HDFC,HDB,-0.0072,-0.0927,1.0161,1,HDFC market update,1.0,0,0.0072
2024-02-20,26.75,16069000,HDFC,HDB,0.0184,2.1263,1.0363,0,HDFC market update,1.0,0,0.0187
2024-02-21,26.41,9915400,HDFC,HDB,-0.0126,-0.3829,1.0162,1,HDFC market update,1.0,0,0.0127
2024-02-22,26.56,11508200,HDFC,HDB,0.0055,0.1606,1.0146,0,HDFC market update,1.0,0,0.0057
2024-02-23,26.36,4723400,HDFC,HDB,-0.0074,-0.5896,1.0179,0,HDFC market update,1.0,0,0.0075
2024-02-26,26.28,6306600,HDFC,HDB,-0.0031,0.3352,1.0163,0,HDFC market update,1.0,0,0.003
2024-02-27,26.25,4092400,HDFC,HDB,-0.0013,-0.3511,1.0096,0,HDFC market update,1.0,0,0.0011
2024-02-28,25.95,3405800,HDFC,HDB,-0.0113,-0.1678,1.0085,1,HDFC market update,1.0,0,0.0114
2024-02-29,26.12,5561000,HDFC,HDB,0.0066,0.6328,1.0165,1,HDFC market update,1.0,0,0.0066
2024-03-01,26.86,5565200,HDFC,HDB,0.0282,0.0008,1.0137,0,HDFC market update,1.0,0,0.0283
2024-03-04,26.6,7931600,HDFC,HDB,-0.0096,0.4252,1.0134,1,HDFC market update,1.0,0,0.0097
2024-03-05,26.82,6357400,HDFC,HDB,0.0083,-0.1985,1.0154,1,HDFC market update,1.0,0,0.0083
2024-03-06,27.24,5022600,HDFC,HDB,0.0157,-0.21,1.0184,1,HDFC market update,1.0,0,0.0157
2024-03-07,27.34,4146600,HDFC,HDB,0.0039,-0.1744,1.011,0,HDFC market update,1.0,0,0.0037
2024-03-08,27.28,4902400,HDFC,HDB,-0.0023,0.1823,1.0124,1,HDFC market update,1.0,0,0.0022
2024-03-11,27.29,6747600,HDFC,HDB,0.0004,0.3764,1.0156,1,HDFC market update,1.0,0,0.0004
2024-03-12,27.83,8815400,HDFC,HDB,0.0197,0.3064,1.0133,0,HDFC market update,1.0,0,0.0198
2024-03-13,27.82,5680000,HDFC,HDB,-0.0002,-0.3557,1.0153,0,HDFC market update,1.0,0,0.0004
2024-03-14,27.05,5946400,HDFC,HDB,-0.0277,0.0469,1.0367,0,HDFC market update,1.0,0,0.0277
2024-03-15,26.96,4207600,HDFC,HDB,-0.0032,-0.2924,1.0124,1,HDFC market update,1.0,0,0.0033
2024-03-18,27.34,4939800,HDFC,HDB,0.0141,0.174,1.0161,0,HDFC market update,1.0,0,0.0141
2024-03-19,27.07,3986600,HDFC,HDB,-0.01,-0.193,1.0088,1,HDFC market update,1.0,0,0.0099
2024-03-20,27.21,3804000,HDFC,HDB,0.0052,-0.0458,1.0184,0,HDFC market update,1.0,0,0.0052
2024-03-21,27.15,3174000,HDFC,HDB,-0.0023,-0.1656,1.016,0,HDFC market update,1.0,0,0.0022
2024-03-22,26.55,4598000,HDFC,HDB,-0.0219,0.4486,1.0234,1,HDFC market update,1.0,0,0.0221
2024-03-25,26.62,3399200,HDFC,HDB,0.0024,-0.2607,1.0064,1,HDFC market update,1.0,0,0.0026
2024-03-26,26.62,2991600,HDFC,HDB,0.0002,-0.1199,1.0161,1,HDFC market update,1.0,0,0.0
2024-03-27,27.17,4770800,HDFC,HDB,0.0205,0.5947,1.0171,1,HDFC market update,1.0,0,0.0207
2024-03-28,27.32,4019400,HDFC,HDB,0.0058,-0.1575,1.015,1,HDFC market update,1.0,0,0.0055
2024-04-01,27.45,5413400,HDFC,HDB,0.0046,0.3468,1.0102,1,HDFC market update,1.0,0,0.0048
2024-04-02,27.79,6330800,HDFC,HDB,0.0123,0.1695,1.0243,0,HDFC market update,1.0,0,0.0124
2024-04-03,27.53,6329200,HDFC,HDB,-0.0091,-0.0003,1.0158,1,HDFC market update,1.0,0,0.0094
2024-04-04,28.94,13834400,HDFC,HDB,0.0511,1.1858,1.0326,0,HDFC market update,1.0,0,0.0512
2024-04-05,28.79,6219800,HDFC,HDB,-0.0051,-0.5504,1.0432,1,HDFC market update,1.0,0,0.0052
2024-04-08,29.0,5688200,HDFC,HDB,0.0071,-0.0855,1.0212,0,HDFC market update,1.0,0,0.0073
2024-04-09,28.81,4876000,HDFC,HDB,-0.0064,-0.1428,1.0147,0,HDFC market update,1.0,0,0.0066
2024-04-10,28.52,4519000,HDFC,HDB,-0.01,-0.0732,1.0161,0,HDFC market update,1.0,0,0.0101
2024-04-11,28.31,4381200,HDFC,HDB,-0.0077,-0.0305,1.0141,0,HDFC market update,1.0,0,0.0074
2024-04-12,27.85,12219600,HDFC,HDB,-0.016,1.7891,1.0121,0,HDFC market update,1.0,0,0.0162
2024-04-15,27.59,3963800,HDFC,HDB,-0.0095,-0.6756,1.0304,1,HDFC market update,1.0,0,0.0093
2024-04-16,27.6,3626600,HDFC,HDB,0.0004,-0.0851,1.0164,1,HDFC market update,1.0,0,0.0004
2024-04-17,27.74,5575800,HDFC,HDB,0.0051,0.5375,1.0099,1,HDFC market update,1.0,0,0.0051
2024-04-18,28.01,6685400,HDFC,HDB,0.0099,0.199,1.0184,1,HDFC market update,1.0,0,0.0097
2024-04-19,28.83,8593400,HDFC,HDB,0.0291,0.2854,1.0239,0,HDFC market update,1.0,0,0.0293
2024-04-22,28.46,7955400,HDFC,HDB,-0.0127,-0.0742,1.0318,1,HDFC market update,1.0,0,0.0128
2024-04-23,28.53,5303200,HDFC,HDB,0.0024,-0.3334,1.016,0,HDFC market update,1.0,0,0.0025
2024-04-24,28.44,3267600,HDFC,HDB,-0.0031,-0.3838,1.0118,1,HDFC market update,1.0,0,0.0032
2024-04-25,28.48,3373400,HDFC,HDB,0.0012,0.0324,1.0111,1,HDFC market update,1.0,0,0.0014
2024-04-26,28.48,2869800,HDFC,HDB,0.0002,-0.1493,1.0098,0,HDFC market update,1.0,0,0.0
2024-04-29,28.48,3064400,HDFC,HDB,-0.0002,0.0678,1.0076,0,HDFC market update,1.0,0,0.0
2024-04-30,28.12,3174200,HDFC,HDB,-0.0125,0.0358,1.0197,1,HDFC market update,1.0,0,0.0126
2024-05-01,28.38,4590400,HDFC,HDB,0.0094,0.4462,1.0156,1,HDFC market update,1.0,0,0.0092
2024-05-02,28.74,3577400,HDFC,HDB,0.0126,-0.2207,1.0108,0,HDFC market update,1.0,0,0.0127
2024-05-03,28.56,7570600,HDFC,HDB,-0.0061,1.1162,1.0105,0,HDFC market update,1.0,0,0.0063
2024-05-06,28.35,3284000,HDFC,HDB,-0.0073,-0.5662,1.0115,0,HDFC market update,1.0,0,0.0074
2024-05-07,27.71,8088800,HDFC,HDB,-0.0227,1.4631,1.017,0,HDFC market update,1.0,0,0.0226
2024-05-08,27.37,6222600,HDFC,HDB,-0.0122,-0.2307,1.007,0,HDFC market update,1.0,0,0.0123
2024-05-09,27.01,5672400,HDFC,HDB,-0.0132,-0.0884,1.0121,1,HDFC market update,1.0,0,0.0132
2024-05-10,27.09,4626600,HDFC,HDB,0.0031,-0.1844,1.0102,1,HDFC market update,1.0,0,0.003
2024-05-13,27.29,3721600,HDFC,HDB,0.0072,-0.1956,1.0123,1,HDFC market update,1.0,0,0.0074
2024-05-14,27.31,3514000,HDFC,HDB,0.0009,-0.0558,1.0095,0,HDFC market update,1.0,0,0.0007
2024-05-15,27.17,3143400,HDFC,HDB,-0.0052,-0.1055,1.0138,1,HDFC market update,1.0,0,0.0051
2024-05-16,27.36,2266400,HDFC,HDB,0.0068,-0.279,1.0075,1,HDFC market update,1.0,0,0.007
2024-05-17,27.72,3415600,HDFC,HDB,0.0132,0.5071,1.0128,0,HDFC market update,1.0,0,0.0132
2024-05-20,27.59,1631600,HDFC,HDB,-0.0048,-0.5223,1.0115,0,HDFC market update,1.0,0,0.0047
2024-05-21,27.42,4140600,HDFC,HDB,-0.006,1.5378,1.0089,0,HDFC market update,1.0,0,0.0062
2024-05-22,27.41,1760000,HDFC,HDB,-0.0004,-0.5749,1.0057,1,HDFC market update,1.0,0,0.0004
2024-05-23,27.71,4357200,HDFC,HDB,0.011,1.4757,1.0104,1,HDFC market update,1.0,0,0.0109
2024-05-24,28.31,5510400,HDFC,HDB,0.0217,0.2647,1.0171,0,HDFC market update,1.0,0,0.0217
2024-05-28,28.2,4229000,HDFC,HDB,-0.004,-0.2325,1.0121,0,HDFC market update,1.0,0,0.0039
2024-05-29,27.83,3104800,HDFC,HDB,-0.0133,-0.2658,1.0042,1,HDFC market update,1.0,0,0.0131
2024-05-30,27.93,7197600,HDFC,HDB,0.0039,1.3182,1.0166,1,HDFC market update,1.0,0,0.0036
2024-05-31,28.26,7352600,HDFC,HDB,0.0117,0.0215,1.0119,1,HDFC market update,1.0,0,0.0118
2024-06-03,29.89,8752800,HDFC,HDB,0.0577,0.1904,1.0263,0,HDFC market update,1.0,0,0.0577
2024-06-04,27.1,10632600,HDFC,HDB,-0.0934,0.2148,1.0516,1,HDFC market update,1.0,0,0.0933
2024-06-05,28.52,9037600,HDFC,HDB,0.0526,-0.15,1.0226,1,HDFC market update,1.0,0,0.0524
2024-06-06,28.84,4934200,HDFC,HDB,0.0111,-0.454,1.0109,1,HDFC market update,1.0,0,0.0112
2024-06-07,28.85,3420400,HDFC,HDB,0.0002,-0.3068,1.0105,0,HDFC market update,1.0,0,0.0003
2024-06-10,28.85,3241000,HDFC,HDB,0.0,-0.0525,1.0109,0,HDFC market update,1.0,0,0.0
2024-06-11,28.83,5597000,HDFC,HDB,-0.0007,0.7269,1.0125,1,HDFC market update,1.0,0,0.0007
2024-06-12,29.45,6392800,HDFC,HDB,0.0215,0.1422,1.0163,0,HDFC market update,1.0,0,0.0215
2024-06-13,29.41,4887600,HDFC,HDB,-0.0012,-0.2355,1.0102,1,HDFC market update,1.0,0,0.0014
2024-06-14,29.61,3599000,HDFC,HDB,0.0068,-0.2636,1.021,1,HDFC market update,1.0,0,0.0068
2024-06-17,29.75,4305400,HDFC,HDB,0.0046,0.1963,1.0136,1,HDFC market update,1.0,0,0.0047
2024-06-18,30.1,6963400,HDFC,HDB,0.0117,0.6174,1.0099,1,HDFC market update,1.0,0,0.0118
2024-06-20,30.87,6041000,HDFC,HDB,0.0258,-0.1325,1.0105,1,HDFC market update,1.0,0,0.0256
2024-06-21,30.96,4166000,HDFC,HDB,0.0027,-0.3104,1.0166,1,HDFC market update,1.0,0,0.0029
2024-06-24,31.35,5970800,HDFC,HDB,0.0128,0.4332,1.0172,1,HDFC market update,1.0,0,0.0126
2024-06-25,31.76,6385200,HDFC,HDB,0.0131,0.0694,1.0118,0,HDFC market update,1.0,0,0.0131
2024-06-26,31.73,8083600,HDFC,HDB,-0.0009,0.266,1.0139,0,HDFC market update,1.0,0,0.0009
2024-06-27,31.67,7176200,HDFC,HDB,-0.002,-0.1123,1.0138,0,HDFC market update,1.0,0,0.0019
2024-06-28,31.41,7078200,HDFC,HDB,-0.0083,-0.0137,1.0142,0,HDFC market update,1.0,0,0.0082
2024-07-01,31.29,6099000,HDFC,HDB,-0.0036,-0.1383,1.0169,1,HDFC market update,1.0,0,0.0038
2024-07-02,32.69,9717800,HDFC,HDB,0.0448,0.5933,1.0316,0,HDFC market update,1.0,0,0.0447
2024-07-03,32.53,4629800,HDFC,HDB,-0.0049,-0.5236,1.0109,0,HDFC market update,1.0,0,0.0049
2024-07-05,30.21,9175800,HDFC,HDB,-0.0713,0.9819,1.0281,1,HDFC market update,1.0,0,0.0713
2024-07-08,30.23,5546800,HDFC,HDB,0.0005,-0.3955,1.0091,0,HDFC market update,1.0,0,0.0007
2024-07-09,29.92,7134800,HDFC,HDB,-0.0102,0.2863,1.0152,0,HDFC market update,1.0,0,0.0103
2024-07-10,29.47,4682800,HDFC,HDB,-0.0152,-0.3437,1.017,0,HDFC market update,1.0,0,0.015
2024-07-11,29.45,6277800,HDFC,HDB,-0.0007,0.3406,1.012,1,HDFC market update,1.0,0,0.0007
2024-07-12,29.51,3721600,HDFC,HDB,0.002,-0.4072,1.0096,0,HDFC market update,1.0,0,0.002
2024-07-15,29.43,7200400,HDFC,HDB,-0.0026,0.9348,1.0112,1,HDFC market update,1.0,0,0.0027
2024-07-16,29.75,7024000,HDFC,HDB,0.0109,-0.0245,1.0121,0,HDFC market update,1.0,0,0.0109
2024-07-17,29.47,4238000,HDFC,HDB,-0.0095,-0.3966,1.0115,0,HDFC market update,1.0,0,0.0094
2024-07-18,29.44,2885600,HDFC,HDB,-0.001,-0.3191,1.0132,0,HDFC market update,1.0,0,0.001
2024-07-19,29.04,4071000,HDFC,HDB,-0.0134,0.4108,1.0165,1,HDFC market update,1.0,0,0.0136
2024-07-22,29.67,4577600,HDFC,HDB,0.0215,0.1244,1.0216,0,HDFC market update,1.0,0,0.0217
2024-07-23,29.55,3977800,HDFC,HDB,-0.0038,-0.131,1.0125,0,HDFC market update,1.0,0,0.004
2024-07-24,29.14,5717200,HDFC,HDB,-0.014,0.4373,1.0096,1,HDFC market update,1.0,0,0.0139
2024-07-25,29.39,3520000,HDFC,HDB,0.0085,-0.3843,1.0199,1,HDFC market update,1.0,0,0.0086
2024-07-26,29.6,2278400,HDFC,HDB,0.0073,-0.3527,1.0086,0,HDFC market update,1.0,0,0.0071
2024-07-29,29.35,1797000,HDFC,HDB,-0.0084,-0.2113,1.012,0,HDFC market update,1.0,0,0.0084
2024-07-30,29.25,3472800,HDFC,HDB,-0.0037,0.9326,1.008,1,HDFC market update,1.0,0,0.0034
2024-07-31,29.3,3571200,HDFC,HDB,0.0017,0.0283,1.0092,1,HDFC market update,1.0,0,0.0017
2024-08-01,29.54,6389200,HDFC,HDB,0.0083,0.7891,1.0129,0,HDFC market update,1.0,0,0.0082
2024-08-02,29.29,12958400,HDFC,HDB,-0.0084,1.0282,1.014,0,HDFC market update,1.0,0,0.0085
2024-08-05,28.33,14264400,HDFC,HDB,-0.0327,0.1008,1.0161,1,HDFC market update,1.0,0,0.0328
2024-08-06,28.49,9530000,HDFC,HDB,0.0055,-0.3319,1.0245,1,HDFC market update,1.0,0,0.0056
2024-08-07,29.02,9795000,HDFC,HDB,0.0187,0.0278,1.0165,1,HDFC market update,1.0,0,0.0186
2024-08-08,29.41,9373600,HDFC,HDB,0.0135,-0.043,1.007,1,HDFC market update,1.0,0,0.0134
2024-08-09,29.65,7827400,HDFC,HDB,0.008,-0.165,1.0111,1,HDFC market update,1.0,0,0.0082
2024-08-12,29.92,8969600,HDFC,HDB,0.0091,0.1459,1.0114,0,HDFC market update,1.0,0,0.0091
2024-08-13,28.97,7466200,HDFC,HDB,-0.0317,-0.1676,1.0125,1,HDFC market update,1.0,0,0.0318
2024-08-14,29.06,6515600,HDFC,HDB,0.0031,-0.1273,1.0096,1,HDFC market update,1.0,0,0.0031
2024-08-15,29.55,7513200,HDFC,HDB,0.017,0.1531,1.0178,1,HDFC market update,1.0,0,0.0169
2024-08-16,29.69,3677400,HDFC,HDB,0.0045,-0.5105,1.0109,1,HDFC market update,1.0,0,0.0047
2024-08-19,29.76,3574800,HDFC,HDB,0.0027,-0.0279,1.0085,0,HDFC market update,1.0,0,0.0024
2024-08-20,29.68,2178800,HDFC,HDB,-0.003,-0.3905,1.006,1,HDFC market update,1.0,0,0.0027
2024-08-21,29.85,3695000,HDFC,HDB,0.006,0.6959,1.0087,0,HDFC market update,1.0,0,0.0057
2024-08-22,29.64,3595000,HDFC,HDB,-0.0073,-0.0271,1.0134,1,HDFC market update,1.0,0,0.007
2024-08-23,30.09,4895600,HDFC,HDB,0.0153,0.3618,1.0156,1,HDFC market update,1.0,0,0.0152
2024-08-26,30.23,2357600,HDFC,HDB,0.0048,-0.5184,1.0051,0,HDFC market update,1.0,0,0.0047
2024-08-27,30.19,2901800,HDFC,HDB,-0.0013,0.2308,1.0097,0,HDFC market update,1.0,0,0.0013
2024-08-28,30.05,2468400,HDFC,HDB,-0.0047,-0.1494,1.0066,1,HDFC market update,1.0,0,0.0046
2024-08-29,30.12,2160600,HDFC,HDB,0.0025,-0.1247,1.0077,1,HDFC market update,1.0,0,0.0023
2024-08-30,30.18,4962800,HDFC,HDB,0.0018,1.297,1.0073,0,HDFC market update,1.0,0,0.002
2024-09-03,30.1,8185600,HDFC,HDB,-0.0028,0.6494,1.0081,1,HDFC market update,1.0,0,0.0027
2024-09-04,30.48,5163200,HDFC,HDB,0.0126,-0.3692,1.0169,0,HDFC market update,1.0,0,0.0126
2024-09-05,30.1,6653400,HDFC,HDB,-0.0123,0.2886,1.0239,0,HDFC market update,1.0,0,0.0125
2024-09-06,29.88,5569600,HDFC,HDB,-0.0072,-0.1629,1.0164,1,HDFC market update,1.0,0,0.0073
2024-09-09,30.38,4407600,HDFC,HDB,0.0165,-0.2086,1.0088,0,HDFC market update,1.0,0,0.0167
2024-09-10,30.14,2863600,HDFC,HDB,-0.0078,-0.3503,1.0187,1,HDFC market update,1.0,0,0.0079
2024-09-11,30.22,2768800,HDFC,HDB,0.0026,-0.0331,1.0082,1,HDFC market update,1.0,0,0.0027
2024-09-12,30.86,4444400,HDFC,HDB,0.0211,0.6052,1.0159,1,HDFC market update,1.0,0,0.0212
2024-09-13,30.91,5482000,HDFC,HDB,0.0019,0.2335,1.01,1,HDFC market update,1.0,0,0.0016
2024-09-16,31.04,5933600,HDFC,HDB,0.0042,0.0824,1.0072,1,HDFC market update,1.0,0,0.0042
2024-09-17,31.11,10361200,HDFC,HDB,0.0021,0.7462,1.0067,1,HDFC market update,1.0,0,0.0023
2024-09-18,31.34,5379000,HDFC,HDB,0.0075,-0.4809,1.0125,1,HDFC market update,1.0,0,0.0074
2024-09-19,32.0,3911200,HDFC,HDB,0.0211,-0.2729,1.0103,1,HDFC market update,1.0,0,0.0211
2024-09-20,32.46,3802000,HDFC,HDB,0.0144,-0.0279,1.0132,1,HDFC market update,1.0,0,0.0144
2024-09-23,32.61,6221600,HDFC,HDB,0.0046,0.6364,1.0052,1,HDFC market update,1.0,0,0.0046
2024-09-24,32.63,4255600,HDFC,HDB,0.0008,-0.316,1.0056,1,HDFC market update,1.0,0,0.0006
2024-09-25,32.67,7815000,HDFC,HDB,0.0012,0.8364,1.0061,0,HDFC market update,1.0,0,0.0012
2024-09-26,32.5,11009600,HDFC,HDB,-0.0054,0.4088,1.0172,0,HDFC market update,1.0,0,0.0052
2024-09-27,31.78,6508800,HDFC,HDB,-0.022,-0.4088,1.0197,0,HDFC market update,1.0,0,0.0222
2024-09-30,30.9,12032400,HDFC,HDB,-0.0278,0.8486,1.0176,0,HDFC market update,1.0,0,0.0277
2024-10-01,30.81,8402600,HDFC,HDB,-0.0027,-0.3017,1.0206,0,HDFC market update,1.0,0,0.0029
2024-10-02,30.78,5915400,HDFC,HDB,-0.0011,-0.296,1.0121,0,HDFC market update,1.0,0,0.001
2024-10-03,29.77,10480200,HDFC,HDB,-0.0326,0.7717,1.0249,1,HDFC market update,1.0,0,0.0328
2024-10-04,30.13,8243000,HDFC,HDB,0.0119,-0.2135,1.0138,0,HDFC market update,1.0,0,0.0121
2024-10-07,29.36,4911200,HDFC,HDB,-0.0256,-0.4042,1.0148,1,HDFC market update,1.0,0,0.0256
2024-10-08,29.82,4551600,HDFC,HDB,0.0156,-0.0732,1.012,0,HDFC market update,1.0,0,0.0157
2024-10-09,29.62,3529400,HDFC,HDB,-0.0068,-0.2246,1.0112,1,HDFC market update,1.0,0,0.0067
2024-10-10,29.99,4145200,HDFC,HDB,0.0127,0.1745,1.0066,0,HDFC market update,1.0,0,0.0125
2024-10-11,29.9,3154800,HDFC,HDB,-0.0031,-0.2389,1.0076,1,HDFC market update,1.0,0,0.003
2024-10-14,30.52,3301800,HDFC,HDB,0.0208,0.0466,1.0078,0,HDFC market update,1.0,0,0.0207
2024-10-15,30.32,2618000,HDFC,HDB,-0.0066,-0.2071,1.008,1,HDFC market update,1.0,0,0.0066
2024-10-16,30.76,3758000,HDFC,HDB,0.0147,0.4354,1.0104,0,HDFC market update,1.0,0,0.0145
2024-10-17,30.07,4899400,HDFC,HDB,-0.0226,0.3037,1.0155,0,HDFC market update,1.0,0,0.0224
2024-10-18,30.06,8147200,HDFC,HDB,-0.0002,0.6629,1.0138,1,HDFC market update,1.0,0,0.0003
2024-10-21,31.36,9998400,HDFC,HDB,0.0432,0.2272,1.0269,0,HDFC market update,1.0,0,0.0432
2024-10-22,31.18,2935200,HDFC,HDB,-0.0057,-0.7064,1.006,1,HDFC market update,1.0,0,0.0057
2024-10-23,31.69,5135600,HDFC,HDB,0.0163,0.7497,1.0169,1,HDFC market update,1.0,0,0.0164
2024-10-24,31.72,2580000,HDFC,HDB,0.0011,-0.4976,1.0042,0,HDFC market update,1.0,0,0.0009
2024-10-25,31.43,2095600,HDFC,HDB,-0.0092,-0.1878,1.0121,1,HDFC market update,1.0,0,0.0091
2024-10-28,31.85,3969600,HDFC,HDB,0.0134,0.8943,1.0129,1,HDFC market update,1.0,0,0.0134
2024-10-29,31.92,3191400,HDFC,HDB,0.002,-0.196,1.0166,0,HDFC market update,1.0,0,0.0022
2024-10-30,31.69,3416600,HDFC,HDB,-0.0071,0.0706,1.0124,0,HDFC market update,1.0,0,0.0072
2024-10-31,31.13,2572000,HDFC,HDB,-0.0178,-0.2472,1.017,1,HDFC market update,1.0,0,0.0177
2024-11-01,31.21,2522200,HDFC,HDB,0.0027,-0.0194,1.0097,0,HDFC market update,1.0,0,0.0026
2024-11-04,30.87,3131400,HDFC,HDB,-0.0109,0.2415,1.0126,1,HDFC market update,1.0,0,0.0109
2024-11-05,31.72,4668200,HDFC,HDB,0.0277,0.4908,1.0126,1,HDFC market update,1.0,0,0.0275
2024-11-06,31.83,2142800,HDFC,HDB,0.0034,-0.541,1.0187,0,HDFC market update,1.0,0,0.0035
2024-11-07,31.48,3162400,HDFC,HDB,-0.011,0.4758,1.0111,1,HDFC market update,1.0,0,0.011
2024-11-08,31.65,3115400,HDFC,HDB,0.0053,-0.0149,1.0112,1,HDFC market update,1.0,0,0.0054
2024-11-11,31.86,3838800,HDFC,HDB,0.0067,0.2322,1.0086,0,HDFC market update,1.0,0,0.0066
2024-11-12,30.69,5586600,HDFC,HDB,-0.0369,0.4553,1.0209,0,HDFC market update,1.0,0,0.0367
2024-11-13,30.31,4337000,HDFC,HDB,-0.0122,-0.2237,1.0123,1,HDFC market update,1.0,0,0.0124
2024-11-14,30.57,3690200,HDFC,HDB,0.0086,-0.1491,1.0173,0,HDFC market update,1.0,0,0.0086
2024-11-15,30.57,4750200,HDFC,HDB,-0.0002,0.2872,1.0083,1,HDFC market update,1.0,0,0.0
2024-11-18,30.78,8269800,HDFC,HDB,0.0068,0.7409,1.0092,1,HDFC market update,1.0,0,0.0069
2024-11-19,31.19,3481800,HDFC,HDB,0.0133,-0.579,1.0078,1,HDFC market update,1.0,0,0.0133
2024-11-20,31.27,5345600,HDFC,HDB,0.0027,0.5353,1.009,1,HDFC market update,1.0,0,0.0026
2024-11-21,31.4,3664000,HDFC,HDB,0.0041,-0.3146,1.0089,1,HDFC market update,1.0,0,0.0042
2024-11-22,31.85,6292800,HDFC,HDB,0.0145,0.7175,1.0194,1,HDFC market update,1.0,0,0.0143
2024-11-25,33.04,15175600,HDFC,HDB,0.0374,1.4116,1.029,0,HDFC market update,1.0,0,0.0374
2024-11-26,32.91,8253000,HDFC,HDB,-0.0039,-0.4562,1.0095,1,HDFC market update,1.0,0,0.0039
2024-11-27,33.33,11400000,HDFC,HDB,0.0128,0.3813,1.0133,0,HDFC market update,1.0,0,0.0128
2024-11-29,32.97,5377400,HDFC,HDB,-0.011,-0.5283,1.0071,0,HDFC market update,1.0,0,0.0108
2024-12-02,32.81,6315800,HDFC,HDB,-0.0048,0.1745,1.0134,1,HDFC market update,1.0,0,0.0049
2024-12-03,32.94,9382200,HDFC,HDB,0.0039,0.4855,1.0075,1,HDFC market update,1.0,0,0.004
2024-12-04,33.42,7913800,HDFC,HDB,0.0147,-0.1565,1.008,1,HDFC market update,1.0,0,0.0146
2024-12-05,33.44,7232600,HDFC,HDB,0.0004,-0.0861,1.0106,0,HDFC market update,1.0,0,0.0006
2024-12-06,33.24,3812000,HDFC,HDB,-0.0059,-0.4729,1.0126,1,HDFC market update,1.0,0,0.006
2024-12-09,33.59,5349200,HDFC,HDB,0.0104,0.4033,1.0133,0,HDFC market update,1.0,0,0.0105
2024-12-10,33.42,3633000,HDFC,HDB,-0.0049,-0.3208,1.0073,0,HDFC market update,1.0,0,0.0051
2024-12-11,33.3,4228000,HDFC,HDB,-0.0037,0.1638,1.0089,0,HDFC market update,1.0,0,0.0036
2024-12-12,32.9,5548400,HDFC,HDB,-0.012,0.3123,1.0101,1,HDFC market update,1.0,0,0.012
2024-12-13,33.09,4011400,HDFC,HDB,0.0057,-0.277,1.01,0,HDFC market update,1.0,0,0.0058
2024-12-16,32.93,7289000,HDFC,HDB,-0.0046,0.8171,1.0062,0,HDFC market update,1.0,0,0.0048
2024-12-17,32.35,6180400,HDFC,HDB,-0.0178,-0.1521,1.0106,0,HDFC market update,1.0,0,0.0176
2024-12-18,31.8,6366000,HDFC,HDB,-0.0169,0.03,1.0218,0,HDFC market update,1.0,0,0.017
2024-12-19,31.76,6850000,HDFC,HDB,-0.0011,0.076,1.0095,0,HDFC market update,1.0,0,0.0013
2024-12-20,31.73,6495000,HDFC,HDB,-0.0009,-0.0518,1.0162,1,HDFC market update,1.0,0,0.0009
2024-12-23,32.16,5063200,HDFC,HDB,0.0134,-0.2204,1.0135,1,HDFC market update,1.0,0,0.0136
2024-12-24,32.19,2735600,HDFC,HDB,0.0011,-0.4597,1.006,0,HDFC market update,1.0,0,0.0009
2024-12-26,31.99,1051400,HDFC,HDB,-0.0064,-0.6157,1.0059,0,HDFC market update,1.0,0,0.0062
2024-12-27,31.9,1425200,HDFC,HDB,-0.0026,0.3555,1.0081,0,HDFC market update,1.0,0,0.0028
2024-12-30,31.68,3046400,HDFC,HDB,-0.0071,1.1375,1.0083,0,HDFC market update,1.0,0,0.0069
2024-12-31,31.54,3281200,HDFC,HDB,-0.0044,0.0771,1.0088,1,HDFC market update,1.0,0,0.0044
2025-01-02,31.64,2920400,HDFC,HDB,0.0031,-0.11,1.0088,0,HDFC market update,1.0,0,0.0032
2025-01-03,30.89,3996200,HDFC,HDB,-0.0237,0.3684,1.0113,0,HDFC market update,1.0,0,0.0237
2025-01-06,30.61,11405400,HDFC,HDB,-0.009,1.8541,1.0089,0,HDFC market update,1.0,0,0.0091
2025-01-07,30.36,4421600,HDFC,HDB,-0.0082,-0.6123,1.0153,0,HDFC market update,1.0,0,0.0082
2025-01-08,29.82,3497400,HDFC,HDB,-0.0177,-0.209,1.0109,0,HDFC market update,1.0,0,0.0178
2025-01-10,28.95,11897200,HDFC,HDB,-0.029,2.4017,1.0181,0,HDFC market update,1.0,0,0.0292
2025-01-13,28.67,6931400,HDFC,HDB,-0.0097,-0.4174,1.0076,1,HDFC market update,1.0,0,0.0097
2025-01-14,28.9,6302200,HDFC,HDB,0.0081,-0.0908,1.0091,1,HDFC market update,1.0,0,0.008
2025-01-15,29.22,5807800,HDFC,HDB,0.0108,-0.0784,1.0068,0,HDFC market update,1.0,0,0.0111
2025-01-16,28.96,3542200,HDFC,HDB,-0.0088,-0.3901,1.014,0,HDFC market update,1.0,0,0.0089
2025-01-17,28.84,3595400,HDFC,HDB,-0.0041,0.015,1.0097,1,HDFC market update,1.0,0,0.0041
2025-01-21,29.07,5289600,HDFC,HDB,0.0079,0.4712,1.0082,1,HDFC market update,1.0,0,0.008
2025-01-22,29.97,11277400,HDFC,HDB,0.0309,1.132,1.0254,0,HDFC market update,1.0,0,0.031
2025-01-23,29.12,8567400,HDFC,HDB,-0.0283,-0.2403,1.0227,0,HDFC market update,1.0,0,0.0284
2025-01-24,28.81,6543200,HDFC,HDB,-0.0107,-0.2363,1.0123,1,HDFC market update,1.0,0,0.0106
2025-01-27,29.0,5806000,HDFC,HDB,0.0067,-0.1127,1.0138,1,HDFC market update,1.0,0,0.0066
2025-01-28,29.8,4815200,HDFC,HDB,0.0276,-0.1707,1.016,0,HDFC market update,1.0,0,0.0276
2025-01-29,29.42,3023400,HDFC,HDB,-0.0128,-0.3721,1.0099,1,HDFC market update,1.0,0,0.0128
2025-01-30,29.88,2831600,HDFC,HDB,0.0156,-0.0634,1.0102,1,HDFC market update,1.0,0,0.0156
2025-01-31,29.95,4050000,HDFC,HDB,0.0023,0.4303,1.0106,0,HDFC market update,1.0,0,0.0023
2025-02-03,29.57,3742200,HDFC,HDB,-0.0127,-0.076,1.0116,1,HDFC market update,1.0,0,0.0127
2025-02-04,30.17,3731200,HDFC,HDB,0.0205,-0.0029,1.0094,1,HDFC market update,1.0,0,0.0203
2025-02-05,30.42,4390000,HDFC,HDB,0.0082,0.1766,1.0062,1,HDFC market update,1.0,0,0.0083
2025-02-06,30.59,2759600,HDFC,HDB,0.0057,-0.3714,1.0065,0,HDFC market update,1.0,0,0.0056
2025-02-07,30.23,3137200,HDFC,HDB,-0.0118,0.1368,1.0092,0,HDFC market update,1.0,0,0.0118
2025-02-10,29.91,4698800,HDFC,HDB,-0.0106,0.4978,1.0167,1,HDFC market update,1.0,0,0.0106
2025-02-11,29.97,4207000,HDFC,HDB,0.0018,-0.1047,1.0123,0,HDFC market update,1.0,0,0.002
2025-02-12,29.77,5946200,HDFC,HDB,-0.0066,0.4134,1.0097,0,HDFC market update,1.0,0,0.0067
2025-02-13,29.71,8055000,HDFC,HDB,-0.0018,0.3546,1.0067,1,HDFC market update,1.0,0,0.002
2025-02-14,29.74,4418800,HDFC,HDB,0.001,-0.4514,1.0078,1,HDFC market update,1.0,0,0.001
2025-02-18,29.88,6841000,HDFC,HDB,0.0046,0.5482,1.0071,1,HDFC market update,1.0,0,0.0047
2025-02-19,30.0,4976200,HDFC,HDB,0.004,-0.2726,1.0094,0,HDFC market update,1.0,0,0.004
2025-02-20,29.42,3207200,HDFC,HDB,-0.0193,-0.3555,1.017,0,HDFC market update,1.0,0,0.0193
2025-02-21,29.37,4249400,HDFC,HDB,-0.0017,0.325,1.0084,1,HDFC market update,1.0,0,0.0017
2025-02-24,29.46,7466000,HDFC,HDB,0.003,0.757,1.0096,1,HDFC market update,1.0,0,0.0031
2025-02-25,29.71,3912200,HDFC,HDB,0.0084,-0.476,1.0126,0,HDFC market update,1.0,0,0.0085
2025-02-26,29.62,3746600,HDFC,HDB,-0.0032,-0.0423,1.0064,1,HDFC market update,1.0,0,0.003
2025-02-27,29.82,3791400,HDFC,HDB,0.007,0.012,1.0133,1,HDFC market update,1.0,0,0.0068
2025-02-28,30.43,4108800,HDFC,HDB,0.0204,0.0837,1.0128,0,HDFC market update,1.0,0,0.0205
2025-03-03,29.95,5843800,HDFC,HDB,-0.0157,0.4223,1.0187,0,HDFC market update,1.0,0,0.0158
2025-03-04,29.48,4825800,HDFC,HDB,-0.0157,-0.1742,1.0191,1,HDFC market update,1.0,0,0.0157
2025-03-05,29.79,5238400,HDFC,HDB,0.0104,0.0855,1.0102,0,HDFC market update,1.0,0,0.0105
2025-03-06,29.17,4963600,HDFC,HDB,-0.0207,-0.0525,1.0211,1,HDFC market update,1.0,0,0.0208
2025-03-07,29.19,5580200,HDFC,HDB,0.0005,0.1242,1.0221,0,HDFC market update,1.0,0,0.0007
2025-03-10,29.04,4725000,HDFC,HDB,-0.0051,-0.1533,1.0111,1,HDFC market update,1.0,0,0.0051
2025-03-11,29.54,7577800,HDFC,HDB,0.0173,0.6038,1.0239,1,HDFC market update,1.0,0,0.0172
2025-03-12,29.87,4270800,HDFC,HDB,0.011,-0.4364,1.0118,0,HDFC market update,1.0,0,0.0112
2025-03-13,29.65,3149400,HDFC,HDB,-0.0074,-0.2626,1.0053,1,HDFC market update,1.0,0,0.0074
2025-03-14,29.97,2651400,HDFC,HDB,0.0108,-0.1581,1.0096,1,HDFC market update,1.0,0,0.0108
2025-03-17,30.43,4121400,HDFC,HDB,0.0155,0.5544,1.0154,1,HDFC market update,1.0,0,0.0153
2025-03-18,30.82,5750400,HDFC,HDB,0.0127,0.3953,1.012,1,HDFC market update,1.0,0,0.0128
2025-03-19,31.2,7025000,HDFC,HDB,0.0123,0.2217,1.0113,1,HDFC market update,1.0,0,0.0123
2025-03-20,31.47,7865000,HDFC,HDB,0.0087,0.1196,1.017,1,HDFC market update,1.0,0,0.0087
2025-03-21,31.86,7128800,HDFC,HDB,0.0126,-0.0936,1.013,1,HDFC market update,1.0,0,0.0124
2025-03-24,32.5,8377000,HDFC,HDB,0.0198,0.1751,1.0123,1,HDFC market update,1.0,0,0.0201
2025-03-25,32.54,5547200,HDFC,HDB,0.0014,-0.3378,1.0116,1,HDFC market update,1.0,0,0.0012
2025-03-26,32.54,6286400,HDFC,HDB,0.0002,0.1333,1.0119,1,HDFC market update,1.0,0,0.0
2025-03-27,33.01,10107400,HDFC,HDB,0.0144,0.6078,1.0153,0,HDFC market update,1.0,0,0.0144
2025-03-28,32.66,4279600,HDFC,HDB,-0.0108,-0.5766,1.0139,1,HDFC market update,1.0,0,0.0106
2025-03-31,32.81,3653000,HDFC,HDB,0.0047,-0.1464,1.0251,0,HDFC market update,1.0,0,0.0046
2025-04-01,32.22,6425200,HDFC,HDB,-0.0179,0.7589,1.0152,1,HDFC market update,1.0,0,0.018
2025-04-02,32.65,4498000,HDFC,HDB,0.0132,-0.2999,1.0133,1,HDFC market update,1.0,0,0.0133
2025-04-03,33.07,13286400,HDFC,HDB,0.0129,1.9538,1.0286,0,HDFC market update,1.0,0,0.0129
2025-04-04,32.05,16424600,HDFC,HDB,-0.0308,0.2362,1.0356,0,HDFC market update,1.0,0,0.0308
2025-04-07,31.5,9984800,HDFC,HDB,-0.0173,-0.3921,1.0475,1,HDFC market update,1.0,0,0.0172
2025-04-08,31.51,8306200,HDFC,HDB,0.0005,-0.1681,1.0441,1,HDFC market update,1.0,0,0.0003
2025-04-09,32.43,7466600,HDFC,HDB,0.029,-0.1011,1.0588,0,HDFC market update,1.0,0,0.0292
2025-04-10,32.11,5192600,HDFC,HDB,-0.0096,-0.3046,1.0318,1,HDFC market update,1.0,0,0.0099
2025-04-11,33.32,6114400,HDFC,HDB,0.0375,0.1775,1.0404,0,HDFC market update,1.0,0,0.0377
2025-04-14,33.28,13104800,HDFC,HDB,-0.0013,1.1433,1.0129,1,HDFC market update,1.0,0,0.0012
2025-04-15,34.28,9284400,HDFC,HDB,0.0301,-0.2915,1.0297,0,HDFC market update,1.0,0,0.03
2025-04-16,34.2,14542800,HDFC,HDB,-0.0022,0.5664,1.0199,1,HDFC market update,1.0,0,0.0023
2025-04-17,35.58,11065200,HDFC,HDB,0.0401,-0.2391,1.0281,1,HDFC market update,1.0,0,0.0404
2025-04-21,36.43,8308600,HDFC,HDB,0.024,-0.2491,1.0321,1,HDFC market update,1.0,0,0.0239
2025-04-22,37.13,9632800,HDFC,HDB,0.0191,0.1594,1.025,0,HDFC market update,1.0,0,0.0192
2025-04-23,35.7,8603400,HDFC,HDB,-0.0384,-0.1069,1.0229,0,HDFC market update,1.0,0,0.0385
2025-04-24,35.56,8243400,HDFC,HDB,-0.004,-0.0418,1.0105,1,HDFC market update,1.0,0,0.0039
2025-04-25,35.64,5844200,HDFC,HDB,0.0024,-0.291,1.0181,0,HDFC market update,1.0,0,0.0022
2025-04-28,35.48,3528200,HDFC,HDB,-0.0046,-0.3963,1.0168,1,HDFC market update,1.0,0,0.0045
2025-04-29,35.77,4198400,HDFC,HDB,0.0082,0.19,1.0123,1,HDFC market update,1.0,0,0.0082
2025-04-30,35.9,3519400,HDFC,HDB,0.0036,-0.1617,1.0143,0,HDFC market update,1.0,0,0.0036
2025-05-01,35.7,2446800,HDFC,HDB,-0.0056,-0.3048,1.0083,1,HDFC market update,1.0,0,0.0056
2025-05-02,36.34,2951600,HDFC,HDB,0.0181,0.2063,1.0092,0,HDFC market update,1.0,0,0.0179
2025-05-05,36.34,3154000,HDFC,HDB,-0.0001,0.0686,1.0135,0,HDFC market update,1.0,0,0.0
2025-05-06,36.06,3709200,HDFC,HDB,-0.0076,0.176,1.0103,0,HDFC market update,1.0,0,0.0077
2025-05-07,35.97,5273000,HDFC,HDB,-0.0026,0.4216,1.0088,0,HDFC market update,1.0,0,0.0025
2025-05-08,34.32,10114000,HDFC,HDB,-0.0457,0.9181,1.038,1,HDFC market update,1.0,0,0.0459
2025-05-09,34.81,4646400,HDFC,HDB,0.0141,-0.5406,1.011,1,HDFC market update,1.0,0,0.0143
2025-05-12,35.81,4981000,HDFC,HDB,0.0289,0.072,1.0257,0,HDFC market update,1.0,0,0.0287
2025-05-13,35.75,3617800,HDFC,HDB,-0.0018,-0.2737,1.0199,0,HDFC market update,1.0,0,0.0017
2025-05-14,35.39,3688800,HDFC,HDB,-0.0101,0.0196,1.0112,1,HDFC market update,1.0,0,0.0101
2025-05-15,36.21,5173600,HDFC,HDB,0.0233,0.4025,1.0149,0,HDFC market update,1.0,0,0.0232
2025-05-16,36.06,2986800,HDFC,HDB,-0.0042,-0.4227,1.0139,1,HDFC market update,1.0,0,0.0041
2025-05-19,36.44,2664200,HDFC,HDB,0.0104,-0.108,1.0161,0,HDFC market update,1.0,0,0.0105
2025-05-20,36.09,3299000,HDFC,HDB,-0.0096,0.2383,1.0104,0,HDFC market update,1.0,0,0.0096
2025-05-21,36.02,2906600,HDFC,HDB,-0.0019,-0.1189,1.0084,0,HDFC market update,1.0,0,0.0019
2025-05-22,35.91,4091000,HDFC,HDB,-0.0029,0.4075,1.0079,1,HDFC market update,1.0,0,0.0031
2025-05-23,36.53,6189000,HDFC,HDB,0.0173,0.5128,1.0254,1,HDFC market update,1.0,0,0.0173
2025-05-27,36.62,5327200,HDFC,HDB,0.0024,-0.1392,1.0211,0,HDFC market update,1.0,0,0.0025
2025-05-28,36.61,4151600,HDFC,HDB,-0.0003,-0.2207,1.0123,1,HDFC market update,1.0,0,0.0003
2025-05-29,36.91,4669200,HDFC,HDB,0.0081,0.1247,1.0075,1,HDFC market update,1.0,0,0.0082
2025-05-30,37.23,5567600,HDFC,HDB,0.0087,0.1924,1.0164,1,HDFC market update,1.0,0,0.0087
2025-06-02,37.39,4359800,HDFC,HDB,0.0044,-0.2169,1.0112,0,HDFC market update,1.0,0,0.0043
2025-06-03,36.97,5617800,HDFC,HDB,-0.0114,0.2885,1.007,1,HDFC market update,1.0,0,0.0112
2025-06-04,37.08,2778400,HDFC,HDB,0.0029,-0.5054,1.0093,1,HDFC market update,1.0,0,0.003
2025-06-05,37.39,3602600,HDFC,HDB,0.0084,0.2966,1.0073,1,HDFC market update,1.0,0,0.0084
2025-06-06,38.26,6465400,HDFC,HDB,0.0234,0.7946,1.0182,0,HDFC market update,1.0,0,0.0233
2025-06-09,37.65,5334000,HDFC,HDB,-0.0161,-0.175,1.0183,1,HDFC market update,1.0,0,0.0159
2025-06-10,37.8,2517400,HDFC,HDB,0.0041,-0.528,1.0155,0,HDFC market update,1.0,0,0.004
2025-06-11,37.57,3390800,HDFC,HDB,-0.0061,0.3469,1.0119,0,HDFC market update,1.0,0,0.0061
2025-06-12,37.47,3228800,HDFC,HDB,-0.0025,-0.0478,1.0086,0,HDFC market update,1.0,0,0.0027
2025-06-13,36.51,5914400,HDFC,HDB,-0.0257,0.8318,1.0104,1,HDFC market update,1.0,0,0.0256
2025-06-16,36.96,5337600,HDFC,HDB,0.0123,-0.0975,1.0166,0,HDFC market update,1.0,0,0.0123
2025-06-17,36.53,7815200,HDFC,HDB,-0.0115,0.4642,1.0178,1,HDFC market update,1.0,0,0.0116
2025-06-18,36.74,4519000,HDFC,HDB,0.0057,-0.4218,1.0126,1,HDFC market update,1.0,0,0.0057
2025-06-20,36.85,4873000,HDFC,HDB,0.003,0.0783,1.0149,1,HDFC market update,1.0,0,0.003
2025-06-23,37.03,2860600,HDFC,HDB,0.0048,-0.413,1.0199,1,HDFC market update,1.0,0,0.0049
2025-06-24,37.09,3503400,HDFC,HDB,0.0016,0.2247,1.0085,1,HDFC market update,1.0,0,0.0016
2025-06-25,37.51,4491200,HDFC,HDB,0.0115,0.282,1.0085,1,HDFC market update,1.0,0,0.0113
2025-06-26,37.99,7793400,HDFC,HDB,0.0126,0.7353,1.0188,1,HDFC market update,1.0,0,0.0128
2025-06-27,38.04,3088000,HDFC,HDB,0.0014,-0.6038,1.0098,0,HDFC market update,1.0,0,0.0013
2025-06-30,37.86,2526200,HDFC,HDB,-0.0047,-0.1819,1.0103,1,HDFC market update,1.0,0,0.0047
2025-07-01,37.88,3282400,HDFC,HDB,0.0005,0.2993,1.0076,0,HDFC market update,1.0,0,0.0005
2025-07-02,37.62,3873600,HDFC,HDB,-0.0069,0.1801,1.0091,1,HDFC market update,1.0,0,0.0069
2025-07-03,37.8,3237800,HDFC,HDB,0.0047,-0.1641,1.0096,0,HDFC market update,1.0,0,0.0048
2025-07-07,37.28,3509000,HDFC,HDB,-0.0138,0.0838,1.0157,1,HDFC market update,1.0,0,0.0138
2025-07-08,37.62,3246600,HDFC,HDB,0.0091,-0.0748,1.0069,1,HDFC market update,1.0,0,0.0091
2025-07-09,37.96,3178400,HDFC,HDB,0.0092,-0.021,1.0121,0,HDFC market update,1.0,0,0.009
2025-07-10,37.87,2235000,HDFC,HDB,-0.0025,-0.2968,1.011,0,HDFC market update,1.0,0,0.0024
2025-07-11,37.54,1997400,HDFC,HDB,-0.0087,-0.1063,1.0063,0,HDFC market update,1.0,0,0.0087
2025-07-14,37.14,4525200,HDFC,HDB,-0.0105,1.2655,1.0104,1,HDFC market update,1.0,0,0.0107
2025-07-15,37.16,2739600,HDFC,HDB,0.0005,-0.3946,1.0077,1,HDFC market update,1.0,0,0.0005
2025-07-16,37.38,3666200,HDFC,HDB,0.006,0.3382,1.0092,1,HDFC market update,1.0,0,0.0059
2025-07-17,37.6,4537600,HDFC,HDB,0.0058,0.2377,1.0169,0,HDFC market update,1.0,0,0.0059
2025-07-18,37.18,5875600,HDFC,HDB,-0.0113,0.2949,1.0176,1,HDFC market update,1.0,0,0.0112
2025-07-21,38.75,7825800,HDFC,HDB,0.0422,0.3319,1.0293,0,HDFC market update,1.0,0,0.0422
2025-07-22,38.6,3779000,HDFC,HDB,-0.0037,-0.5171,1.012,1,HDFC market update,1.0,0,0.0039
2025-07-23,38.98,5121200,HDFC,HDB,0.0099,0.3552,1.017,0,HDFC market update,1.0,0,0.0098
2025-07-24,38.52,4708000,HDFC,HDB,-0.0119,-0.0807,1.0135,0,HDFC market update,1.0,0,0.0118
2025-07-25,38.44,2680600,HDFC,HDB,-0.0021,-0.4306,1.0117,0,HDFC market update,1.0,0,0.0021
2025-07-28,37.92,4027600,HDFC,HDB,-0.0136,0.5025,1.0135,1,HDFC market update,1.0,0,0.0135
2025-07-29,38.25,4079200,HDFC,HDB,0.0089,0.0128,1.0061,0,HDFC market update,1.0,0,0.0087
2025-07-30,37.76,3822800,HDFC,HDB,-0.0129,-0.0629,1.006,1,HDFC market update,1.0,0,0.0128
2025-07-31,38.0,2352000,HDFC,HDB,0.0063,-0.3847,1.0071,1,HDFC market update,1.0,0,0.0064
2025-08-01,38.1,1722400,HDFC,HDB,0.0027,-0.2677,1.0126,0,HDFC market update,1.0,0,0.0026
2025-08-04,37.86,3468200,HDFC,HDB,-0.0065,1.0136,1.0156,0,HDFC market update,1.0,0,0.0063
2025-08-05,37.48,2042800,HDFC,HDB,-0.0098,-0.411,1.0115,1,HDFC market update,1.0,0,0.01
2025-08-06,37.56,2194200,HDFC,HDB,0.002,0.0741,1.0091,0,HDFC market update,1.0,0,0.0021
2025-08-07,37.48,2660600,HDFC,HDB,-0.002,0.2126,1.0142,0,HDFC market update,1.0,0,0.0021
2025-08-08,36.98,3425800,HDFC,HDB,-0.0133,0.2876,1.0199,1,HDFC market update,1.0,0,0.0133
2025-08-11,37.04,3504800,HDFC,HDB,0.0016,0.0231,1.0185,0,HDFC market update,1.0,0,0.0016
2025-08-12,36.92,3003600,HDFC,HDB,-0.0035,-0.143,1.0112,1,HDFC market update,1.0,0,0.0032
2025-08-13,37.0,4368000,HDFC,HDB,0.0023,0.4543,1.0113,0,HDFC market update,1.0,0,0.0022
2025-08-14,36.92,2775600,HDFC,HDB,-0.002,-0.3646,1.0071,1,HDFC market update,1.0,0,0.0022
2025-08-15,37.5,3308400,HDFC,HDB,0.0156,0.192,1.0234,1,HDFC market update,1.0,0,0.0157
2025-08-18,37.72,2822200,HDFC,HDB,0.006,-0.147,1.0095,0,HDFC market update,1.0,0,0.0059
2025-08-19,37.43,3348800,HDFC,HDB,-0.0078,0.1866,1.0069,1,HDFC market update,1.0,0,0.0077
2025-08-20,37.49,4003800,HDFC,HDB,0.0017,0.1956,1.0111,1,HDFC market update,1.0,0,0.0016
2025-08-21,37.71,2017800,HDFC,HDB,0.0057,-0.496,1.0122,0,HDFC market update,1.0,0,0.0059
2025-08-22,36.99,4608800,HDFC,HDB,-0.019,1.2841,1.0184,0,HDFC market update,1.0,0,0.0191
2025-08-25,36.4,3985000,HDFC,HDB,-0.0159,-0.1353,1.0179,0,HDFC market update,1.0,0,0.016
2025-08-26,36.33,3108200,HDFC,HDB,-0.0019,-0.22,1.0134,0,HDFC market update,1.0,0,0.0019
2025-08-27,36.15,3088600,HDFC,HDB,-0.0052,-0.0063,1.0081,0,HDFC market update,1.0,0,0.005
2025-08-28,35.56,3485200,HDFC,HDB,-0.0162,0.1284,1.0135,1,HDFC market update,1.0,0,0.0163
2025-08-29,35.58,2966000,HDFC,HDB,0.0006,-0.149,1.0095,0,HDFC market update,1.0,0,0.0006
2025-09-02,34.94,6040000,HDFC,HDB,-0.0178,1.0364,1.0192,1,HDFC market update,1.0,0,0.018
2025-09-03,35.31,3168400,HDFC,HDB,0.0104,-0.4754,1.0137,1,HDFC market update,1.0,0,0.0106
2025-09-04,35.32,3517600,HDFC,HDB,0.0003,0.1102,1.0108,0,HDFC market update,1.0,0,0.0003
2025-09-05,35.3,3437200,HDFC,HDB,-0.0006,-0.0229,1.0131,1,HDFC market update,1.0,0,0.0006
2025-09-08,35.38,1950600,HDFC,HDB,0.0023,-0.4325,1.0137,0,HDFC market update,1.0,0,0.0023
2025-09-09,35.0,3368700,HDFC,HDB,-0.0107,0.727,1.0143,1,HDFC market update,1.0,0,0.0107
2025-09-10,35.22,2862200,HDFC,HDB,0.0063,-0.1504,1.012,1,HDFC market update,1.0,0,0.0063
2025-09-11,35.39,3523100,HDFC,HDB,0.0048,0.2309,1.0134,0,HDFC market update,1.0,0,0.0048
2025-09-12,35.07,1775000,HDFC,HDB,-0.009,-0.4962,1.0112,1,HDFC market update,1.0,0,0.009
2025-09-15,35.08,3622300,HDFC,HDB,0.0003,1.0407,1.0097,1,HDFC market update,1.0,0,0.0003
2025-09-16,35.16,2993800,HDFC,HDB,0.0023,-0.1735,1.0091,1,HDFC market update,1.0,0,0.0023
2025-09-17,35.97,5584700,HDFC,HDB,0.023,0.8654,1.0288,0,HDFC market update,1.0,0,0.023
2025-09-18,35.62,2348000,HDFC,HDB,-0.0097,-0.5796,1.0167,0,HDFC market update,1.0,0,0.0097
2025-09-19,35.45,3559800,HDFC,HDB,-0.0048,0.5161,1.017,0,HDFC market update,1.0,0,0.0048
2025-09-22,35.06,3084000,HDFC,HDB,-0.011,-0.1337,1.012,0,HDFC market update,1.0,0,0.011
2025-09-23,34.66,3041600,HDFC,HDB,-0.0114,-0.0137,1.0139,0,HDFC market update,1.0,0,0.0114
2025-09-24,34.46,3918200,HDFC,HDB,-0.0058,0.2882,1.0175,0,HDFC market update,1.0,0,0.0058
2025-09-25,34.25,2494800,HDFC,HDB,-0.0061,-0.3633,1.0111,0,HDFC market update,1.0,0,0.0061
2025-09-26,34.15,3439500,HDFC,HDB,-0.0029,0.3787,1.0144,0,HDFC market update,1.0,0,0.0029
2025-09-29,34.14,2535600,HDFC,HDB,-0.0003,-0.2628,1.0068,1,HDFC market update,1.0,0,0.0003
2025-09-30,34.16,3531500,HDFC,HDB,0.0006,0.3928,1.0085,0,HDFC market update,1.0,0,0.0006
2025-10-01,33.8,4002900,HDFC,HDB,-0.0105,0.1335,1.0266,1,HDFC market update,1.0,0,0.0105
2025-10-02,34.09,3581800,HDFC,HDB,0.0086,-0.1052,1.0086,1,HDFC market update,1.0,0,0.0086
2025-10-03,34.25,2932000,HDFC,HDB,0.0047,-0.1814,1.016,1,HDFC market update,1.0,0,0.0047
2025-10-06,34.83,3094500,HDFC,HDB,0.0169,0.0554,1.016,1,HDFC market update,1.0,0,0.0169
2025-10-07,34.91,3676400,HDFC,HDB,0.0023,0.188,1.0089,0,HDFC market update,1.0,0,0.0023
2025-10-08,34.58,2720100,HDFC,HDB,-0.0095,-0.2601,1.0166,1,HDFC market update,1.0,0,0.0095
2025-10-09,34.77,3312100,HDFC,HDB,0.0055,0.2176,1.0122,1,HDFC market update,1.0,0,0.0055
2025-10-10,34.82,3768200,HDFC,HDB,0.0014,0.1377,1.0155,1,HDFC market update,1.0,0,0.0014
2025-10-13,35.08,4265400,HDFC,HDB,0.0075,0.1319,1.0104,1,HDFC market update,1.0,0,0.0075
2025-10-14,35.11,2601300,HDFC,HDB,0.0009,-0.3901,1.0147,1,HDFC market update,1.0,0,0.0009
2025-10-15,36.05,5925900,HDFC,HDB,0.0268,1.2781,1.0265,0,HDFC market update,1.0,0,0.0268
2025-10-16,35.44,6524800,HDFC,HDB,-0.0169,0.1011,1.0336,1,HDFC market update,1.0,0,0.0169
2025-10-17,36.74,5105200,HDFC,HDB,0.0367,-0.2176,1.033,0,HDFC market update,1.0,0,0.0367
2025-10-20,36.63,4258800,HDFC,HDB,-0.003,-0.1658,1.0165,1,HDFC market update,1.0,0,0.003
2025-10-21,36.69,2758400,HDFC,HDB,0.0016,-0.3523,1.0077,1,HDFC market update,1.0,0,0.0016
2025-10-22,37.18,3023800,HDFC,HDB,0.0134,0.0962,1.0229,0,HDFC market update,1.0,0,0.0134
2025-10-23,36.46,3710300,HDFC,HDB,-0.0194,0.227,1.0143,1,HDFC market update,1.0,0,0.0194
2025-10-24,36.76,3586100,HDFC,HDB,0.0082,-0.0335,1.016,0,HDFC market update,1.0,0,0.0082
2025-10-27,36.64,4384300,HDFC,HDB,-0.0033,0.2226,1.0197,1,HDFC market update,1.0,0,0.0033
2025-10-28,37.0,3034900,HDFC,HDB,0.0098,-0.3078,1.0117,0,HDFC market update,1.0,0,0.0098
2025-10-29,36.99,3429200,HDFC,HDB,-0.0003,0.1299,1.0051,0,HDFC market update,1.0,0,0.0003
2025-10-30,36.88,4950800,HDFC,HDB,-0.003,0.4437,1.0104,0,HDFC market update,1.0,0,0.003
2025-10-31,36.22,3500600,HDFC,HDB,-0.0179,-0.2929,1.0125,1,HDFC market update,1.0,0,0.0179
2025-11-03,36.5,2905000,HDFC,HDB,0.0077,-0.1701,1.013,0,HDFC market update,1.0,0,0.0077
2025-11-04,36.24,3778800,HDFC,HDB,-0.0071,0.3008,1.0128,0,HDFC market update,1.0,0,0.0071
2025-11-05,35.83,4880200,HDFC,HDB,-0.0113,0.2915,1.0191,0,HDFC market update,1.0,0,0.0113
2025-11-06,35.69,4087500,HDFC,HDB,-0.0039,-0.1624,1.0115,1,HDFC market update,1.0,0,0.0039
2025-11-07,35.81,3478800,HDFC,HDB,0.0034,-0.1489,1.0149,1,HDFC market update,1.0,0,0.0034
2025-11-10,36.07,2417000,HDFC,HDB,0.0073,-0.3052,1.0137,1,HDFC market update,1.0,0,0.0073
2025-11-11,36.7,2600900,HDFC,HDB,0.0175,0.0761,1.0158,0,HDFC market update,1.0,0,0.0175
2025-11-12,36.48,3588600,HDFC,HDB,-0.006,0.3798,1.0083,0,HDFC market update,1.0,0,0.006
2025-11-13,36.27,3739900,HDFC,HDB,-0.0058,0.0422,1.0064,1,HDFC market update,1.0,0,0.0058
2025-11-14,36.44,2389800,HDFC,HDB,0.0047,-0.361,1.015,1,HDFC market update,1.0,0,0.0047
2025-11-17,36.84,3954700,HDFC,HDB,0.011,0.6548,1.0192,1,HDFC market update,1.0,0,0.011
2025-11-18,37.13,4245300,HDFC,HDB,0.0079,0.0735,1.0189,0,HDFC market update,1.0,0,0.0079
2025-11-19,36.46,2994200,HDFC,HDB,-0.018,-0.2947,1.0189,1,HDFC market update,1.0,0,0.018
2025-11-20,36.88,4286600,HDFC,HDB,0.0115,0.4316,1.0144,0,HDFC market update,1.0,0,0.0115
2025-11-21,36.67,4854800,HDFC,HDB,-0.0057,0.1326,1.017,0,HDFC market update,1.0,0,0.0057
2025-11-24,36.38,3874300,HDFC,HDB,-0.0079,-0.202,1.0108,0,HDFC market update,1.0,0,0.0079
2025-11-25,36.18,2708300,HDFC,HDB,-0.0055,-0.301,1.0188,1,HDFC market update,1.0,0,0.0055
2025-11-26,36.63,2228100,HDFC,HDB,0.0124,-0.1773,1.0093,1,HDFC market update,1.0,0,0.0124
2025-11-28,36.82,1572900,HDFC,HDB,0.0052,-0.2941,1.0087,0,HDFC market update,1.0,0,0.0052
2025-12-01,35.44,8691200,HDFC,HDB,-0.0375,4.5256,1.0461,1,HDFC market update,1.0,0,0.0375
2025-12-02,35.84,3951500,HDFC,HDB,0.0113,-0.5453,1.0133,1,HDFC market update,1.0,0,0.0113
2025-12-03,35.87,2896700,HDFC,HDB,0.0008,-0.2669,1.0137,1,HDFC market update,1.0,0,0.0008
2025-12-04,35.96,2412300,HDFC,HDB,0.0025,-0.1672,1.0098,0,HDFC market update,1.0,0,0.0025
2025-12-05,35.72,3101300,HDFC,HDB,-0.0067,0.2856,1.0146,0,HDFC market update,1.0,0,0.0067
2025-12-08,35.16,4320000,HDFC,HDB,-0.0157,0.393,1.0209,1,HDFC market update,1.0,0,0.0157
2025-12-09,35.17,3131900,HDFC,HDB,0.0003,-0.275,1.0135,1,HDFC market update,1.0,0,0.0003
2025-12-10,35.42,2585400,HDFC,HDB,0.0071,-0.1745,1.0207,1,HDFC market update,1.0,0,0.0071
2025-12-11,35.83,3801300,HDFC,HDB,0.0116,0.4703,1.0164,1,HDFC market update,1.0,0,0.0116
2025-12-12,35.89,2994600,HDFC,HDB,0.0017,-0.2122,1.011,1,HDFC market update,1.0,0,0.0017
2025-12-15,35.99,3475600,HDFC,HDB,0.0028,0.1606,1.0163,0,HDFC market update,1.0,0,0.0028
2025-12-16,35.3,3599300,HDFC,HDB,-0.0192,0.0356,1.0142,0,HDFC market update,1.0,0,0.0192
2025-12-17,35.13,3244300,HDFC,HDB,-0.0048,-0.0986,1.0152,1,HDFC market update,1.0,0,0.0048
2025-12-18,35.15,2397200,HDFC,HDB,0.0006,-0.2611,1.0123,1,HDFC market update,1.0,0,0.0006
2025-12-19,35.89,4805800,HDFC,HDB,0.0211,1.0048,1.0232,1,HDFC market update,1.0,0,0.0211
2025-12-22,36.29,3060100,HDFC,HDB,0.0111,-0.3632,1.017,0,HDFC market update,1.0,0,0.0111
2025-12-23,36.28,2471800,HDFC,HDB,-0.0003,-0.1922,1.0108,1,HDFC market update,1.0,0,0.0003
2025-12-24,36.4,1536800,HDFC,HDB,0.0033,-0.3783,1.0077,1,HDFC market update,1.0,0,0.0033
2025-12-26,36.46,2261300,HDFC,HDB,0.0016,0.4714,1.0097,0,HDFC market update,1.0,0,0.0016
2025-12-29,36.34,2560100,HDFC,HDB,-0.0033,0.1321,1.0117,1,HDFC market update,1.0,0,0.0033
2025-12-30,36.44,2780700,HDFC,HDB,0.0028,0.0862,1.0094,1,HDFC market update,1.0,0,0.0028
2025-12-31,36.54,1979700,HDFC,HDB,0.0027,-0.2881,1.0096,0,HDFC market update,1.0,0,0.0027
2026-01-02,36.48,3247600,HDFC,HDB,-0.0016,0.6405,1.0166,0,HDFC market update,1.0,0,0.0016
2026-01-05,34.17,9159900,HDFC,HDB,-0.0633,1.8205,1.0483,0,HDFC market update,1.0,0,0.0633
2026-01-06,33.43,8482800,HDFC,HDB,-0.0217,-0.0739,1.0266,0,HDFC market update,1.0,0,0.0217
2026-01-07,33.2,13949300,HDFC,HDB,-0.0069,0.6444,1.0232,1,HDFC market update,1.0,0,0.0069
2026-01-08,33.39,15963300,HDFC,HDB,0.0057,0.1444,1.0121,0,HDFC market update,1.0,0,0.0057
2026-01-09,33.1,5370800,HDFC,HDB,-0.0087,-0.6636,1.0082,1,HDFC market update,1.0,0,0.0087
2026-01-12,33.52,3690800,HDFC,HDB,0.0127,-0.3128,1.0191,0,HDFC market update,1.0,0,0.0127
2026-01-13,33.2,4211300,HDFC,HDB,-0.0095,0.141,1.0201,0,HDFC market update,1.0,0,0.0095
2026-01-14,32.92,4616200,HDFC,HDB,-0.0084,0.0961,1.0131,0,HDFC market update,1.0,0,0.0084
2026-01-15,32.51,6726400,HDFC,HDB,-0.0125,0.4571,1.0198,1,HDFC market update,1.0,0,0.0125
2026-01-16,32.65,4782700,HDFC,HDB,0.0043,-0.289,1.0099,0,HDFC market update,1.0,0,0.0043
2026-01-20,32.34,6419700,HDFC,HDB,-0.0095,0.3423,1.0213,0,HDFC market update,1.0,0,0.0095
2026-01-21,32.13,6985200,HDFC,HDB,-0.0065,0.0881,1.0129,0,HDFC market update,1.0,0,0.0065
2026-01-22,32.1,5594800,HDFC,HDB,-0.0009,-0.199,1.0106,0,HDFC market update,1.0,0,0.0009
2026-01-23,32.06,5414400,HDFC,HDB,-0.0012,-0.0322,1.023,1,HDFC market update,1.0,0,0.0012
2026-01-26,32.15,5042200,HDFC,HDB,0.0028,-0.0687,1.0084,1,HDFC market update,1.0,0,0.0028
2026-01-27,32.44,3900500,HDFC,HDB,0.009,-0.2264,1.0118,0,HDFC market update,1.0,0,0.009
2026-01-28,32.31,9603000,HDFC,HDB,-0.004,1.462,1.0112,1,HDFC market update,1.0,0,0.004
2026-01-29,32.55,5929500,HDFC,HDB,0.0074,-0.3825,1.0112,0,HDFC market update,1.0,0,0.0074
2026-01-30,32.38,4608800,HDFC,HDB,-0.0052,-0.2227,1.0137,1,HDFC market update,1.0,0,0.0052
2026-02-02,33.79,9850100,HDFC,HDB,0.0435,1.1372,1.0583,0,HDFC market update,1.0,0,0.0435
2026-02-03,33.57,9556000,HDFC,HDB,-0.0065,-0.0299,1.0339,1,HDFC market update,1.0,0,0.0065
2026-02-04,33.95,7082400,HDFC,HDB,0.0113,-0.2589,1.0149,1,HDFC market update,1.0,0,0.0113
2026-02-05,33.99,5034600,HDFC,HDB,0.0012,-0.2891,1.0158,1,HDFC market update,1.0,0,0.0012
2026-02-06,34.46,8547400,HDFC,HDB,0.0138,0.6977,1.0235,0,HDFC market update,1.0,0,0.0138
2026-02-09,33.86,6531500,HDFC,HDB,-0.0174,-0.2358,1.0198,1,HDFC market update,1.0,0,0.0174
2026-02-10,33.99,6454200,HDFC,HDB,0.0038,-0.0118,1.0119,0,HDFC market update,1.0,0,0.0038
2026-02-11,33.21,7806100,HDFC,HDB,-0.0229,0.2095,1.0184,0,HDFC market update,1.0,0,0.0229
2026-02-12,32.86,6803800,HDFC,HDB,-0.0105,-0.1284,1.0168,0,HDFC market update,1.0,0,0.0105
2026-02-13,32.52,9085100,HDFC,HDB,-0.0103,0.3353,1.0128,1,HDFC market update,1.0,0,0.0103
2026-02-17,32.81,8213300,HDFC,HDB,0.0089,-0.096,1.0107,1,HDFC market update,1.0,0,0.0089
2026-02-18,33.35,5047800,HDFC,HDB,0.0165,-0.3854,1.0211,0,HDFC market update,1.0,0,0.0165
2026-02-19,32.7,3532800,HDFC,HDB,-0.0195,-0.3001,1.0132,1,HDFC market update,1.0,0,0.0195
2026-02-20,33.09,7115300,HDFC,HDB,0.0119,1.0141,1.024,0,HDFC market update,1.0,0,0.0119
2026-02-23,32.69,4795600,HDFC,HDB,-0.0121,-0.326,1.0227,0,HDFC market update,1.0,0,0.0121
2026-02-24,32.23,8442800,HDFC,HDB,-0.0141,0.7605,1.0272,0,HDFC market update,1.0,0,0.0141
2026-02-25,32.15,5678000,HDFC,HDB,-0.0025,-0.3275,1.0166,0,HDFC market update,1.0,0,0.0025
2026-02-26,32.0,4207800,HDFC,HDB,-0.0047,-0.2589,1.0097,0,HDFC market update,1.0,0,0.0047
2026-02-27,31.85,5256300,HDFC,HDB,-0.0047,0.2492,1.0108,0,HDFC market update,1.0,0,0.0047
2026-03-02,31.56,6003100,HDFC,HDB,-0.0091,0.1421,1.0251,0,HDFC market update,1.0,0,0.0091
2026-03-03,30.85,9262900,HDFC,HDB,-0.0225,0.543,1.0174,0,HDFC market update,1.0,0,0.0225
2026-03-04,30.79,6116200,HDFC,HDB,-0.0019,-0.3397,1.0108,0,HDFC market update,1.0,0,0.0019
2026-03-05,30.39,10444800,HDFC,HDB,-0.013,0.7077,1.0202,0,HDFC market update,1.0,0,0.013
2026-03-06,29.47,10790500,HDFC,HDB,-0.0303,0.0331,1.0197,1,HDFC market update,1.0,0,0.0303
2026-03-09,29.72,8140900,HDFC,HDB,0.0085,-0.2455,1.0408,0,HDFC market update,1.0,0,0.0085
2026-03-10,29.48,5913300,HDFC,HDB,-0.0081,-0.2736,1.018,0,HDFC market update,1.0,0,0.0081
2026-03-11,28.5,11629900,HDFC,HDB,-0.0332,0.9667,1.0286,0,HDFC market update,1.0,0,0.0332
2026-03-12,28.39,12057800,HDFC,HDB,-0.0039,0.0368,1.0196,0,HDFC market update,1.0,0,0.0039
2026-03-13,28.23,8736000,HDFC,HDB,-0.0056,-0.2755,1.0114,1,HDFC market update,1.0,0,0.0056
2026-03-16,28.99,7707400,HDFC,HDB,0.0269,-0.1177,1.0156,0,HDFC market update,1.0,0,0.0269
2026-03-17,28.71,6510900,HDFC,HDB,-0.0097,-0.1552,1.0168,0,HDFC market update,1.0,0,0.0097
2026-03-18,26.62,18213000,HDFC,HDB,-0.0728,1.7973,1.0859,0,HDFC market update,1.0,0,0.0728
2026-03-19,26.14,32970400,HDFC,HDB,-0.018,0.8103,1.0597,0,HDFC market update,1.0,0,0.018
2026-03-20,25.39,14991500,HDFC,HDB,-0.0287,-0.5453,1.0295,1,HDFC market update,1.0,0,0.0287
2026-03-23,25.4,19046700,HDFC,HDB,0.0004,0.2705,1.0384,0,HDFC market update,1.0,0,0.0004
2026-03-24,25.12,13980400,HDFC,HDB,-0.011,-0.266,1.0179,1,HDFC market update,1.0,0,0.011
2026-03-25,25.81,20723400,HDFC,HDB,0.0275,0.4823,1.0245,0,HDFC market update,1.0,0,0.0275
2026-03-26,25.11,10598700,HDFC,HDB,-0.0271,-0.4886,1.0243,0,HDFC market update,1.0,0,0.0271
2026-03-27,24.35,16419800,HDFC,HDB,-0.0303,0.5492,1.0305,0,HDFC market update,1.0,0,0.0303
2026-03-30,24.1,15006600,HDFC,HDB,-0.0103,-0.0861,1.0213,1,HDFC market update,1.0,0,0.0103
2026-03-31,24.88,13964400,HDFC,HDB,0.0324,-0.0694,1.0302,1,HDFC market update,1.0,0,0.0324
2026-04-01,24.9,13792600,HDFC,HDB,0.0008,-0.0123,1.0235,0,HDFC market update,1.0,0,0.0008
2026-04-02,24.83,6940100,HDFC,HDB,-0.0028,-0.4968,1.0281,1,HDFC market update,1.0,0,0.0028
2026-04-06,25.67,6946300,HDFC,HDB,0.0338,0.0009,1.0252,0,HDFC market update,1.0,0,0.0338
2026-04-07,25.51,11087500,HDFC,HDB,-0.0062,0.5962,1.0182,1,HDFC market update,1.0,0,0.0062
2026-04-08,27.11,12967200,HDFC,HDB,0.0627,0.1695,1.0222,0,HDFC market update,1.0,0,0.0627
2026-04-09,26.78,8187200,HDFC,HDB,-0.0122,-0.3686,1.0212,0,HDFC market update,1.0,0,0.0122
2026-04-10,26.73,5137200,HDFC,HDB,-0.0019,-0.3725,1.0165,1,HDFC market update,1.0,0,0.0019
2026-04-13,26.8,8830700,HDFC,HDB,0.0026,0.719,1.0288,0,HDFC market update,1.0,0,0.0026
2026-04-14,26.79,7681000,HDFC,HDB,-0.0004,-0.1302,1.0139,1,HDFC market update,1.0,0,0.0004
2026-04-15,27.14,6319200,HDFC,HDB,0.0131,-0.1773,1.0175,0,HDFC market update,1.0,0,0.0131
2026-04-16,26.43,6177300,HDFC,HDB,-0.0262,-0.0225,1.0144,1,HDFC market update,1.0,0,0.0262
2026-04-17,27.51,9091300,HDFC,HDB,0.0409,0.4717,1.0275,0,HDFC market update,1.0,0,0.0409
2026-04-20,26.58,12583500,HDFC,HDB,-0.0338,0.3841,1.021,0,HDFC market update,1.0,0,0.0338
2026-04-21,26.45,8475300,HDFC,HDB,-0.0049,-0.3265,1.0253,0,HDFC market update,1.0,0,0.0049
2026-04-22,26.1,8222500,HDFC,HDB,-0.0132,-0.0298,1.0142,0,HDFC market update,1.0,0,0.0132
2026-04-23,25.51,9376300,HDFC,HDB,-0.0226,0.1403,1.015,1,HDFC market update,1.0,0,0.0226
2026-04-24,25.65,5490700,HDFC,HDB,0.0055,-0.4144,1.0098,1,HDFC market update,1.0,0,0.0055
2026-04-27,25.71,5958700,HDFC,HDB,0.0023,0.0852,1.0113,0,HDFC market update,1.0,0,0.0023
2026-04-28,25.35,5629200,HDFC,HDB,-0.014,-0.0553,1.0126,0,HDFC market update,1.0,0,0.014
2026-04-29,25.26,5528500,HDFC,HDB,-0.0036,-0.0179,1.0111,1,HDFC market update,1.0,0,0.0036
2026-04-30,25.41,7640000,HDFC,HDB,0.0059,0.3819,1.0135,0,HDFC market update,1.0,0,0.0059
2026-05-01,25.18,2623200,HDFC,HDB,-0.0091,-0.6566,1.0159,0,HDFC market update,1.0,0,0.0091
2026-05-04,24.85,7549600,HDFC,HDB,-0.0131,1.878,1.0177,0,HDFC market update,1.0,0,0.0131
2026-05-05,24.83,4403700,HDFC,HDB,-0.0008,-0.4167,1.0085,1,HDFC market update,1.0,0,0.0008
2026-05-06,25.63,10215000,HDFC,HDB,0.0322,1.3196,1.02,1,HDFC market update,1.0,0,0.0322
2026-05-07,25.67,6424000,HDFC,HDB,0.0016,-0.3711,1.0113,0,HDFC market update,1.0,0,0.0016
2026-05-08,25.02,6231500,HDFC,HDB,-0.0253,-0.03,1.0233,0,HDFC market update,1.0,0,0.0253
2026-05-11,24.2,7490800,HDFC,HDB,-0.0328,0.2021,1.0261,0,HDFC market update,1.0,0,0.0328
2026-05-12,24.04,8419200,HDFC,HDB,-0.0066,0.1239,1.0151,0,HDFC market update,1.0,0,0.0066
2026-05-13,23.88,11568300,HDFC,HDB,-0.0067,0.374,1.0152,1,HDFC market update,1.0,0,0.0067
2026-05-14,24.84,6137400,HDFC,HDB,0.0402,-0.4695,1.0271,0,HDFC market update,1.0,0,0.0402
2026-05-15,24.45,8695000,HDFC,HDB,-0.0157,0.4167,1.014,1,HDFC market update,1.0,0,0.0157
2026-05-18,24.63,7379900,HDFC,HDB,0.0074,-0.1512,1.018,0,HDFC market update,1.0,0,0.0074
2026-05-19,24.26,13512100,HDFC,HDB,-0.015,0.8309,1.0167,1,HDFC market update,1.0,0,0.015
2026-05-20,24.63,15002300,HDFC,HDB,0.0153,0.1103,1.0224,0,HDFC market update,1.0,0,0.0153
2026-05-21,24.62,11836600,HDFC,HDB,-0.0004,-0.211,1.0266,1,HDFC market update,1.0,0,0.0004
2026-05-22,24.74,7095700,HDFC,HDB,0.0049,-0.4005,1.0199,1,HDFC market update,1.0,0,0.0049
2026-05-26,24.8,7250400,HDFC,HDB,0.0024,0.0218,1.0222,0,HDFC market update,1.0,0,0.0024
2026-05-27,23.78,10388100,HDFC,HDB,-0.0411,0.4328,1.0372,0,HDFC market update,1.0,0,0.0411
2026-05-28,23.66,9583000,HDFC,HDB,-0.005,-0.0775,1.0202,1,HDFC market update,1.0,0,0.005
2026-05-29,23.78,9220300,HDFC,HDB,0.0051,-0.0378,1.0143,0,HDFC market update,1.0,0,0.0051
2026-06-01,23.6,6999100,HDFC,HDB,-0.0076,-0.2409,1.012,0,HDFC market update,1.0,0,0.0076
2026-06-02,23.54,7663400,HDFC,HDB,-0.0025,0.0949,1.0158,1,HDFC market update,1.0,0,0.0025
2026-06-03,23.55,8281400,HDFC,HDB,0.0004,0.0806,1.0191,1,HDFC market update,1.0,0,0.0004
2026-06-04,24.03,9322400,HDFC,HDB,0.0204,0.1257,1.021,0,HDFC market update,1.0,0,0.0204
2026-06-05,23.41,9124600,HDFC,HDB,-0.0258,-0.0212,1.0223,0,HDFC market update,1.0,0,0.0258
2026-06-08,23.01,12181900,HDFC,HDB,-0.0171,0.3351,1.0218,1,HDFC market update,1.0,0,0.0171
2026-06-09,23.29,20862200,HDFC,HDB,0.0122,0.7126,1.0095,0,HDFC market update,1.0,0,0.0122
2026-06-10,23.2,13223700,HDFC,HDB,-0.0039,-0.3661,1.022,1,HDFC market update,1.0,0,0.0039
2026-06-11,23.81,15317800,HDFC,HDB,0.0263,0.1584,1.0254,1,HDFC market update,1.0,0,0.0263
2026-06-12,24.17,7574200,HDFC,HDB,0.0151,-0.5055,1.0254,1,HDFC market update,1.0,0,0.0151
2026-06-15,24.74,10040700,HDFC,HDB,0.0236,0.3256,1.0269,1,HDFC market update,1.0,0,0.0236
2026-06-16,25.27,8632700,HDFC,HDB,0.0214,-0.1402,1.0189,0,HDFC market update,1.0,0,0.0214
2026-06-17,24.76,6302100,HDFC,HDB,-0.0202,-0.27,1.0324,1,HDFC market update,1.0,0,0.0202
2026-06-18,25.06,8683600,HDFC,HDB,0.0121,0.3779,1.023,1,HDFC market update,1.0,0,0.0121
2026-06-22,25.09,10807500,HDFC,HDB,0.0012,0.2446,1.0206,0,HDFC market update,1.0,0,0.0012
2026-06-23,25.02,6219300,HDFC,HDB,-0.0028,-0.4245,1.0224,1,HDFC market update,1.0,0,0.0028
2026-06-24,25.56,5788200,HDFC,HDB,0.0216,-0.0693,1.0194,0,HDFC market update,1.0,0,0.0216
2026-06-25,25.37,7877900,HDFC,HDB,-0.0074,0.361,1.0182,1,HDFC market update,1.0,0,0.0074
2026-06-26,25.74,6116600,HDFC,HDB,0.0146,-0.2236,1.0201,1,HDFC market update,1.0,0,0.0146
2026-06-29,25.91,7562700,HDFC,HDB,0.0066,0.2364,1.0149,0,HDFC market update,1.0,0,0.0066
2026-06-30,25.83,7546700,HDFC,HDB,-0.0031,-0.0021,1.0156,0,HDFC market update,1.0,0,0.0031
2026-07-01,25.55,9697300,HDFC,HDB,-0.0108,0.285,1.0261,1,HDFC market update,1.0,0,0.0108
2026-07-02,25.77,5609900,HDFC,HDB,0.0086,-0.4215,1.0173,1,HDFC market update,1.0,0,0.0086
2026-07-06,27.4,12843000,HDFC,HDB,0.0633,1.2893,1.0335,0,HDFC market update,1.0,0,0.0633
2026-07-07,27.13,10944000,HDFC,HDB,-0.0099,-0.1479,1.0148,0,HDFC market update,1.0,0,0.0099
2026-07-08,26.15,7137900,HDFC,HDB,-0.0361,-0.3478,1.0191,1,HDFC market update,1.0,0,0.0361
2026-07-09,26.52,6800100,HDFC,HDB,0.0141,-0.0473,1.0091,0,HDFC market update,1.0,0,0.0141
2026-07-10,26.51,4656500,HDFC,HDB,-0.0004,-0.3152,1.0155,0,HDFC market update,1.0,0,0.0004
2023-01-03,1161.91,7658932,Reliance,RELIANCE.NS,-0.0073,0.4407,1.0099,0,Reliance stock market financial update,1.0,0,42.8291
2023-01-04,1144.42,9264891,Reliance,RELIANCE.NS,-0.0151,0.2097,1.0187,0,Reliance stock market financial update,1.0,0,0.0151
2023-01-05,1142.37,13637099,Reliance,RELIANCE.NS,-0.0018,0.4719,1.0129,1,Reliance stock market financial update,1.0,0,0.0018
2023-01-06,1152.76,6349597,Reliance,RELIANCE.NS,0.0091,-0.5344,1.0118,1,Reliance stock market financial update,1.0,0,0.0091
2023-01-09,1179.97,10722753,Reliance,RELIANCE.NS,0.0236,0.6887,1.0231,0,Reliance market update,1.0,0,0.0236
2023-01-10,1162.53,8047142,Reliance,RELIANCE.NS,-0.0148,-0.2495,1.0236,0,Reliance market update,1.0,0,0.0148
2023-01-11,1147.87,11509553,Reliance,RELIANCE.NS,-0.0126,0.4303,1.0146,0,Reliance market update,1.0,0,0.0126
2023-01-12,1123.08,17688773,Reliance,RELIANCE.NS,-0.0216,0.5369,1.0274,0,Reliance market update,1.0,0,0.0216
2023-01-13,1121.27,20618583,Reliance,RELIANCE.NS,-0.0016,0.1656,1.0157,0,Reliance market update,1.0,0,0.0016
2023-01-16,1110.59,13623855,Reliance,RELIANCE.NS,-0.0095,-0.3392,1.0217,1,Reliance market update,1.0,0,0.0095
2023-01-17,1126.36,10751000,Reliance,RELIANCE.NS,0.0142,-0.2109,1.0132,0,Reliance market update,1.0,0,0.0142
2023-01-18,1124.49,13448286,Reliance,RELIANCE.NS,-0.0017,0.2509,1.0125,0,Reliance market update,1.0,0,0.0017
2023-01-19,1123.29,11940054,Reliance,RELIANCE.NS,-0.0011,-0.1122,1.01,0,Reliance market update,1.0,0,0.0011
2023-01-20,1109.93,14930286,Reliance,RELIANCE.NS,-0.0119,0.2504,1.0155,0,Reliance market update,1.0,0,0.0119
2023-01-23,1104.32,10954118,Reliance,RELIANCE.NS,-0.0051,-0.2663,1.017,0,Reliance market update,1.0,0,0.0051
2023-01-24,1097.8,16488755,Reliance,RELIANCE.NS,-0.0059,0.5053,1.0236,0,Reliance market update,1.0,0,0.0059
2023-01-25,1082.62,12385018,Reliance,RELIANCE.NS,-0.0138,-0.2489,1.0146,0,Reliance market update,1.0,0,0.0138
2023-01-27,1062.08,25830975,Reliance,RELIANCE.NS,-0.019,1.0857,1.0327,1,Reliance market update,1.0,0,0.019
2023-01-30,1072.26,21772103,Reliance,RELIANCE.NS,0.0096,-0.1571,1.0308,0,Reliance market update,1.0,0,0.0096
2023-01-31,1069.58,22691594,Reliance,RELIANCE.NS,-0.0025,0.0422,1.0199,0,Reliance market update,1.0,0,0.0025
2023-02-01,1063.24,19347800,Reliance,RELIANCE.NS,-0.0059,-0.1474,1.0325,0,Reliance market update,1.0,0,0.0059
2023-02-02,1057.36,13662663,Reliance,RELIANCE.NS,-0.0055,-0.2938,1.016,1,Reliance market update,1.0,0,0.0055
2023-02-03,1058.29,24699575,Reliance,RELIANCE.NS,0.0009,0.8078,1.0244,0,Reliance market update,1.0,0,0.0009
2023-02-06,1050.31,14837879,Reliance,RELIANCE.NS,-0.0075,-0.3993,1.0066,0,Reliance market update,1.0,0,0.0075
2023-02-07,1047.79,15135435,Reliance,RELIANCE.NS,-0.0024,0.0201,1.015,1,Reliance market update,1.0,0,0.0024
2023-02-08,1068.72,21160332,Reliance,RELIANCE.NS,0.02,0.3981,1.0229,1,Reliance market update,1.0,0,0.02
2023-02-09,1070.58,13172763,Reliance,RELIANCE.NS,0.0017,-0.3775,1.0158,0,Reliance market update,1.0,0,0.0017
2023-02-10,1061.76,10790445,Reliance,RELIANCE.NS,-0.0082,-0.1809,1.0145,0,Reliance market update,1.0,0,0.0082
2023-02-13,1055.72,10352493,Reliance,RELIANCE.NS,-0.0057,-0.0406,1.0158,1,Reliance market update,1.0,0,0.0057
2023-02-14,1080.6,14321920,Reliance,RELIANCE.NS,0.0236,0.3834,1.0251,1,Reliance market update,1.0,0,0.0236
2023-02-15,1105.07,33503591,Reliance,RELIANCE.NS,0.0226,1.3393,1.0271,0,Reliance market update,1.0,0,0.0226
2023-02-16,1104.2,17264487,Reliance,RELIANCE.NS,-0.0008,-0.4847,1.016,1,Reliance market update,1.0,0,0.0008
2023-02-17,1108.82,11809520,Reliance,RELIANCE.NS,0.0042,-0.316,1.0153,0,Reliance market update,1.0,0,0.0042
2023-02-20,1097.09,8836937,Reliance,RELIANCE.NS,-0.0106,-0.2517,1.0165,1,Reliance market update,1.0,0,0.0106
2023-02-21,1106.04,13311592,Reliance,RELIANCE.NS,0.0082,0.5064,1.0143,0,Reliance market update,1.0,0,0.0082
2023-02-22,1080.96,11024335,Reliance,RELIANCE.NS,-0.0227,-0.1718,1.0231,0,Reliance market update,1.0,0,0.0227
2023-02-23,1075.78,9851910,Reliance,RELIANCE.NS,-0.0048,-0.1063,1.0141,1,Reliance market update,1.0,0,0.0048
2023-02-24,1083.14,9434053,Reliance,RELIANCE.NS,0.0068,-0.0424,1.0119,0,Reliance market update,1.0,0,0.0068
2023-02-27,1075.94,11199715,Reliance,RELIANCE.NS,-0.0066,0.1872,1.0161,0,Reliance market update,1.0,0,0.0066
2023-02-28,1055.36,21994038,Reliance,RELIANCE.NS,-0.0191,0.9638,1.0231,1,Reliance market update,1.0,0,0.0191
2023-03-01,1065.06,11551145,Reliance,RELIANCE.NS,0.0092,-0.4748,1.0096,0,Reliance market update,1.0,0,0.0092
2023-03-02,1056.95,9333535,Reliance,RELIANCE.NS,-0.0076,-0.192,1.0129,1,Reliance market update,1.0,0,0.0076
2023-03-03,1083.92,14643807,Reliance,RELIANCE.NS,0.0255,0.5689,1.0222,1,Reliance market update,1.0,0,0.0255
2023-03-06,1094.5,10171916,Reliance,RELIANCE.NS,0.0098,-0.3054,1.0103,1,Reliance market update,1.0,0,0.0098
2023-03-08,1098.43,15782657,Reliance,RELIANCE.NS,0.0036,0.5516,1.0143,0,Reliance market update,1.0,0,0.0036
2023-03-09,1072.03,16235128,Reliance,RELIANCE.NS,-0.024,0.0287,1.0262,0,Reliance market update,1.0,0,0.024
2023-03-10,1055.42,13334091,Reliance,RELIANCE.NS,-0.0155,-0.1787,1.0125,0,Reliance market update,1.0,0,0.0155
2023-03-13,1038.07,12771592,Reliance,RELIANCE.NS,-0.0164,-0.0422,1.0303,0,Reliance market update,1.0,0,0.0164
2023-03-14,1034.18,16027522,Reliance,RELIANCE.NS,-0.0037,0.2549,1.0158,0,Reliance market update,1.0,0,0.0037
2023-03-15,1016.51,21728555,Reliance,RELIANCE.NS,-0.0171,0.3557,1.0318,0,Reliance market update,1.0,0,0.0171
2023-03-16,1011.44,18363159,Reliance,RELIANCE.NS,-0.005,-0.1549,1.0235,0,Reliance market update,1.0,0,0.005
2023-03-17,1010.17,34014213,Reliance,RELIANCE.NS,-0.0013,0.8523,1.0177,0,Reliance market update,1.0,0,0.0013
2023-03-20,1000.24,19524589,Reliance,RELIANCE.NS,-0.0098,-0.426,1.0183,1,Reliance market update,1.0,0,0.0098
2023-03-21,1031.34,21400360,Reliance,RELIANCE.NS,0.0311,0.0961,1.0257,1,Reliance market update,1.0,0,0.0311
2023-03-22,1034.48,10920094,Reliance,RELIANCE.NS,0.003,-0.4897,1.0094,0,Reliance market update,1.0,0,0.003
2023-03-23,1021.39,16249370,Reliance,RELIANCE.NS,-0.0127,0.488,1.012,0,Reliance market update,1.0,0,0.0127
2023-03-24,1001.17,12375945,Reliance,RELIANCE.NS,-0.0198,-0.2384,1.0237,1,Reliance market update,1.0,0,0.0198
2023-03-27,1016.73,14054323,Reliance,RELIANCE.NS,0.0155,0.1356,1.0245,1,Reliance market update,1.0,0,0.0155
2023-03-28,1021.48,12576424,Reliance,RELIANCE.NS,0.0047,-0.1052,1.0087,0,Reliance market update,1.0,0,0.0047
2023-03-29,1015.44,18804065,Reliance,RELIANCE.NS,-0.0059,0.4952,1.0152,1,Reliance market update,1.0,0,0.0059
2023-03-31,1059.22,28171201,Reliance,RELIANCE.NS,0.0431,0.4981,1.0394,1,Reliance market update,1.0,0,0.0431
2023-04-03,1059.4,10293043,Reliance,RELIANCE.NS,0.0002,-0.6346,1.0147,0,Reliance market update,1.0,0,0.0002
2023-04-05,1056.86,16262928,Reliance,RELIANCE.NS,-0.0024,0.58,1.0171,1,Reliance market update,1.0,0,0.0024
2023-04-06,1063.94,18435046,Reliance,RELIANCE.NS,0.0067,0.1336,1.0155,0,Reliance market update,1.0,0,0.0067
2023-04-10,1056.4,12961408,Reliance,RELIANCE.NS,-0.0071,-0.2969,1.0124,1,Reliance market update,1.0,0,0.0071
2023-04-11,1061.63,10542367,Reliance,RELIANCE.NS,0.0049,-0.1866,1.0073,1,Reliance market update,1.0,0,0.005
2023-04-12,1066.31,18179087,Reliance,RELIANCE.NS,0.0044,0.7244,1.0162,1,Reliance market update,1.0,0,0.0044
2023-04-13,1070.33,12378208,Reliance,RELIANCE.NS,0.0038,-0.3191,1.0102,1,Reliance market update,1.0,0,0.0038
2023-04-17,1075.76,17929479,Reliance,RELIANCE.NS,0.0051,0.4485,1.0323,0,Reliance market update,1.0,0,0.0051
2023-04-18,1063.44,10405576,Reliance,RELIANCE.NS,-0.0114,-0.4196,1.0219,1,Reliance market update,1.0,0,0.0115
2023-04-19,1068.74,12273475,Reliance,RELIANCE.NS,0.005,0.1795,1.011,0,Reliance market update,1.0,0,0.005
2023-04-20,1066.03,7007330,Reliance,RELIANCE.NS,-0.0025,-0.4291,1.0115,1,Reliance market update,1.0,0,0.0025
2023-04-21,1067.38,7647317,Reliance,RELIANCE.NS,0.0013,0.0913,1.0105,1,Reliance market update,1.0,0,0.0013
2023-04-24,1071.47,12936186,Reliance,RELIANCE.NS,0.0038,0.6916,1.014,1,Reliance market update,1.0,0,0.0038
2023-04-25,1079.67,9236126,Reliance,RELIANCE.NS,0.0077,-0.286,1.0128,0,Reliance market update,1.0,0,0.0077
2023-04-26,1073.33,8617834,Reliance,RELIANCE.NS,-0.0059,-0.0669,1.0136,1,Reliance market update,1.0,0,0.0059
2023-04-27,1080.12,9167125,Reliance,RELIANCE.NS,0.0063,0.0637,1.0085,1,Reliance market update,1.0,0,0.0063
2023-04-28,1099.86,15565210,Reliance,RELIANCE.NS,0.0183,0.6979,1.0177,1,Reliance market update,1.0,0,0.0183
2023-05-02,1109.2,12981805,Reliance,RELIANCE.NS,0.0085,-0.166,1.0073,0,Reliance market update,1.0,0,0.0085
2023-05-03,1099.68,7061872,Reliance,RELIANCE.NS,-0.0086,-0.456,1.0132,1,Reliance market update,1.0,0,0.0086
2023-05-04,1112.36,8635233,Reliance,RELIANCE.NS,0.0115,0.2228,1.0158,0,Reliance market update,1.0,0,0.0115
2023-05-05,1109.52,8746585,Reliance,RELIANCE.NS,-0.0026,0.0129,1.0104,1,Reliance market update,1.0,0,0.0026
2023-05-08,1123.22,9153782,Reliance,RELIANCE.NS,0.0123,0.0466,1.0162,1,Reliance market update,1.0,0,0.0123
2023-05-09,1126.7,6464721,Reliance,RELIANCE.NS,0.0031,-0.2938,1.0096,1,Reliance market update,1.0,0,0.0031
2023-05-10,1134.44,10872255,Reliance,RELIANCE.NS,0.0069,0.6818,1.0075,0,Reliance market update,1.0,0,0.0069
2023-05-11,1127.04,10557860,Reliance,RELIANCE.NS,-0.0065,-0.0289,1.0133,1,Reliance market update,1.0,0,0.0065
2023-05-12,1128.88,6955341,Reliance,RELIANCE.NS,0.0016,-0.3412,1.0126,1,Reliance market update,1.0,0,0.0016
2023-05-15,1131.1,6833343,Reliance,RELIANCE.NS,0.002,-0.0175,1.0127,0,Reliance market update,1.0,0,0.002
2023-05-16,1115.0,8717229,Reliance,RELIANCE.NS,-0.0142,0.2757,1.0202,0,Reliance market update,1.0,0,0.0142
2023-05-17,1108.41,8798967,Reliance,RELIANCE.NS,-0.0059,0.0094,1.0148,0,Reliance market update,1.0,0,0.0059
2023-05-18,1106.02,10525531,Reliance,RELIANCE.NS,-0.0022,0.1962,1.0123,1,Reliance market update,1.0,0,0.0022
2023-05-19,1109.61,8050447,Reliance,RELIANCE.NS,0.0032,-0.2352,1.0112,1,Reliance market update,1.0,0,0.0032
2023-05-22,1115.54,7434906,Reliance,RELIANCE.NS,0.0053,-0.0765,1.0138,0,Reliance market update,1.0,0,0.0053
2023-05-23,1115.34,6092034,Reliance,RELIANCE.NS,-0.0002,-0.1806,1.0068,0,Reliance market update,1.0,0,0.0002
2023-05-24,1108.84,8112254,Reliance,RELIANCE.NS,-0.0058,0.3316,1.0126,0,Reliance market update,1.0,0,0.0058
2023-05-25,1108.7,11487863,Reliance,RELIANCE.NS,-0.0001,0.4161,1.0136,1,Reliance market update,1.0,0,0.0001
2023-05-26,1138.94,12626260,Reliance,RELIANCE.NS,0.0273,0.0991,1.0238,1,Reliance market update,1.0,0,0.0273
2023-05-29,1145.35,10010304,Reliance,RELIANCE.NS,0.0056,-0.2072,1.0091,0,Reliance market update,1.0,0,0.0056
2023-05-30,1145.05,11342504,Reliance,RELIANCE.NS,-0.0003,0.1331,1.0093,0,Reliance market update,1.0,0,0.0003
2023-05-31,1122.31,27107927,Reliance,RELIANCE.NS,-0.0199,1.3899,1.0198,0,Reliance market update,1.0,0,0.0199
2023-06-01,1119.29,14592692,Reliance,RELIANCE.NS,-0.0027,-0.4617,1.0109,0,Reliance market update,1.0,0,0.0027
2023-06-02,1115.63,15800644,Reliance,RELIANCE.NS,-0.0033,0.0828,1.013,1,Reliance market update,1.0,0,0.0033
2023-06-05,1125.65,10908682,Reliance,RELIANCE.NS,0.009,-0.3096,1.0103,1,Reliance market update,1.0,0,0.009
2023-06-06,1126.61,7493309,Reliance,RELIANCE.NS,0.0008,-0.3131,1.0104,1,Reliance market update,1.0,0,0.0009
2023-06-07,1135.15,10312545,Reliance,RELIANCE.NS,0.0076,0.3762,1.0111,1,Reliance market update,1.0,0,0.0076
2023-06-08,1135.83,12071109,Reliance,RELIANCE.NS,0.0006,0.1705,1.0104,0,Reliance market update,1.0,0,0.0006
2023-06-09,1127.79,5877018,Reliance,RELIANCE.NS,-0.0071,-0.5131,1.0123,1,Reliance market update,1.0,0,0.0071
2023-06-12,1128.79,6391969,Reliance,RELIANCE.NS,0.0009,0.0876,1.0098,1,Reliance market update,1.0,0,0.0009
2023-06-13,1145.46,11248016,Reliance,RELIANCE.NS,0.0148,0.7597,1.015,1,Reliance market update,1.0,0,0.0148
2023-06-14,1159.55,13277380,Reliance,RELIANCE.NS,0.0123,0.1804,1.0151,1,Reliance market update,1.0,0,0.0123
2023-06-15,1159.87,11813494,Reliance,RELIANCE.NS,0.0003,-0.1103,1.0107,1,Reliance market update,1.0,0,0.0003
2023-06-16,1171.16,24171579,Reliance,RELIANCE.NS,0.0097,1.0461,1.0087,0,Reliance market update,1.0,0,0.0097
2023-06-19,1159.53,6798554,Reliance,RELIANCE.NS,-0.0099,-0.7187,1.0163,1,Reliance market update,1.0,0,0.0099
2023-06-20,1161.94,6921096,Reliance,RELIANCE.NS,0.0021,0.018,1.0114,1,Reliance market update,1.0,0,0.0021
2023-06-21,1165.21,6961603,Reliance,RELIANCE.NS,0.0028,0.0059,1.0086,0,Reliance market update,1.0,0,0.0028
2023-06-22,1152.12,7619166,Reliance,RELIANCE.NS,-0.0112,0.0945,1.0163,0,Reliance market update,1.0,0,0.0112
2023-06-23,1142.69,6628570,Reliance,RELIANCE.NS,-0.0082,-0.13,1.0085,0,Reliance market update,1.0,0,0.0082
2023-06-26,1133.97,12641159,Reliance,RELIANCE.NS,-0.0076,0.9071,1.0107,1,Reliance market update,1.0,0,0.0076
2023-06-27,1134.38,9689466,Reliance,RELIANCE.NS,0.0004,-0.2335,1.0092,1,Reliance market update,1.0,0,0.0004
2023-06-28,1149.39,11354006,Reliance,RELIANCE.NS,0.0132,0.1718,1.016,1,Reliance market update,1.0,0,0.0132
2023-06-30,1158.82,11151555,Reliance,RELIANCE.NS,0.0082,-0.0178,1.0092,1,Reliance market update,1.0,0,0.0082
2023-07-03,1188.56,12154387,Reliance,RELIANCE.NS,0.0257,0.0899,1.0261,0,Reliance market update,1.0,0,0.0257
2023-07-04,1176.32,8061643,Reliance,RELIANCE.NS,-0.0103,-0.3367,1.0201,0,Reliance market update,1.0,0,0.0103
2023-07-05,1174.39,10248062,Reliance,RELIANCE.NS,-0.0016,0.2712,1.0129,1,Reliance market update,1.0,0,0.0016
2023-07-06,1199.04,19117987,Reliance,RELIANCE.NS,0.021,0.8655,1.0266,0,Reliance market update,1.0,0,0.021
2023-07-07,1196.7,13375267,Reliance,RELIANCE.NS,-0.002,-0.3004,1.0141,1,Reliance market update,1.0,0,0.002
2023-07-10,1242.79,33240016,Reliance,RELIANCE.NS,0.0385,1.4852,1.0303,1,Reliance market update,1.0,0,0.0385
2023-07-11,1256.27,20069348,Reliance,RELIANCE.NS,0.0108,-0.3962,1.0118,1,Reliance market update,1.0,0,0.0108
2023-07-12,1257.65,18733835,Reliance,RELIANCE.NS,0.0011,-0.0665,1.0146,0,Reliance market update,1.0,0,0.0011
2023-07-13,1246.41,14682934,Reliance,RELIANCE.NS,-0.0089,-0.2162,1.0226,0,Reliance market update,1.0,0,0.0089
2023-07-14,1245.36,15124144,Reliance,RELIANCE.NS,-0.0008,0.03,1.0131,1,Reliance market update,1.0,0,0.0008
2023-07-17,1270.81,22220040,Reliance,RELIANCE.NS,0.0204,0.4692,1.0319,1,Reliance market update,1.0,0,0.0204
2023-07-18,1281.6,25867313,Reliance,RELIANCE.NS,0.0085,0.1641,1.0159,1,Reliance market update,1.0,0,0.0085
2023-07-19,1291.32,39122156,Reliance,RELIANCE.NS,0.0076,0.5124,1.0211,0,Reliance market update,1.0,0,0.0076
2023-07-20,1289.76,38717624,Reliance,RELIANCE.NS,-0.0012,-0.0103,1.0197,0,Reliance market update,1.0,0,0.0012
2023-07-21,1249.83,30249238,Reliance,RELIANCE.NS,-0.031,-0.2187,1.0362,0,Reliance market update,1.0,0,0.031
2023-07-24,1224.55,23727866,Reliance,RELIANCE.NS,-0.0202,-0.2156,1.0185,0,Reliance market update,1.0,0,0.0202
2023-07-25,1223.77,12026020,Reliance,RELIANCE.NS,-0.0006,-0.4932,1.0102,1,Reliance market update,1.0,0,0.0006
2023-07-26,1243.66,12911012,Reliance,RELIANCE.NS,0.0163,0.0736,1.0249,0,Reliance market update,1.0,0,0.0163
2023-07-27,1232.09,17226898,Reliance,RELIANCE.NS,-0.0093,0.3343,1.019,1,Reliance market update,1.0,0,0.0093
2023-07-28,1244.47,20827852,Reliance,RELIANCE.NS,0.01,0.209,1.0169,1,Reliance market update,1.0,0,0.01
2023-07-31,1255.0,8551174,Reliance,RELIANCE.NS,0.0085,-0.5894,1.0143,0,Reliance market update,1.0,0,0.0085
2023-08-01,1237.26,9536632,Reliance,RELIANCE.NS,-0.0141,0.1152,1.0214,0,Reliance market update,1.0,0,0.0141
2023-08-02,1224.04,12748214,Reliance,RELIANCE.NS,-0.0107,0.3368,1.0196,0,Reliance market update,1.0,0,0.0107
2023-08-03,1218.89,10168350,Reliance,RELIANCE.NS,-0.0042,-0.2024,1.0174,1,Reliance market update,1.0,0,0.0042
2023-08-04,1235.46,22885610,Reliance,RELIANCE.NS,0.0136,1.2507,1.018,1,Reliance market update,1.0,0,0.0136
2023-08-07,1242.5,5982870,Reliance,RELIANCE.NS,0.0057,-0.7386,1.0093,0,Reliance market update,1.0,0,0.0057
2023-08-08,1235.02,9844072,Reliance,RELIANCE.NS,-0.006,0.6454,1.014,1,Reliance market update,1.0,0,0.006
2023-08-09,1243.16,11486586,Reliance,RELIANCE.NS,0.0066,0.1669,1.0193,1,Reliance market update,1.0,0,0.0066
2023-08-10,1248.7,15470598,Reliance,RELIANCE.NS,0.0045,0.3468,1.0166,1,Reliance market update,1.0,0,0.0045
2023-08-11,1253.97,22179330,Reliance,RELIANCE.NS,0.0042,0.4336,1.0185,1,Reliance market update,1.0,0,0.0042
2023-08-14,1268.79,9575812,Reliance,RELIANCE.NS,0.0118,-0.5683,1.0227,0,Reliance market update,1.0,0,0.0118
2023-08-16,1267.75,10203112,Reliance,RELIANCE.NS,-0.0008,0.0655,1.0125,0,Reliance market update,1.0,0,0.0008
2023-08-17,1249.47,13673744,Reliance,RELIANCE.NS,-0.0144,0.3402,1.0179,1,Reliance market update,1.0,0,0.0144
2023-08-18,1258.72,18639978,Reliance,RELIANCE.NS,0.0074,0.3632,1.0275,0,Reliance market update,1.0,0,0.0074
2023-08-21,1244.99,9221746,Reliance,RELIANCE.NS,-0.0109,-0.5053,1.0158,0,Reliance market update,1.0,0,0.0109
2023-08-22,1244.69,7713044,Reliance,RELIANCE.NS,-0.0002,-0.1636,1.0156,1,Reliance market update,1.0,0,0.0002
2023-08-23,1246.07,9517952,Reliance,RELIANCE.NS,0.0011,0.234,1.0103,0,Reliance market update,1.0,0,0.0011
2023-08-24,1225.13,14140020,Reliance,RELIANCE.NS,-0.0168,0.4856,1.0279,0,Reliance market update,1.0,0,0.0168
2023-08-25,1219.47,22222400,Reliance,RELIANCE.NS,-0.0046,0.5716,1.0255,0,Reliance market update,1.0,0,0.0046
2023-08-28,1207.32,12580826,Reliance,RELIANCE.NS,-0.01,-0.4339,1.0218,0,Reliance market update,1.0,0,0.01
2023-08-29,1195.76,16876644,Reliance,RELIANCE.NS,-0.0096,0.3415,1.0188,0,Reliance market update,1.0,0,0.0096
2023-08-30,1194.62,12168946,Reliance,RELIANCE.NS,-0.001,-0.2789,1.0116,0,Reliance market update,1.0,0,0.001
2023-08-31,1189.16,21638600,Reliance,RELIANCE.NS,-0.0046,0.7782,1.0105,1,Reliance market update,1.0,0,0.0046
2023-09-01,1191.95,18112842,Reliance,RELIANCE.NS,0.0023,-0.1629,1.01,0,Reliance market update,1.0,0,0.0023
2023-09-04,1190.99,9347626,Reliance,RELIANCE.NS,-0.0008,-0.4839,1.0076,1,Reliance market update,1.0,0,0.0008
2023-09-05,1197.36,8675876,Reliance,RELIANCE.NS,0.0054,-0.0719,1.0089,1,Reliance market update,1.0,0,0.0053
2023-09-06,1199.88,8200370,Reliance,RELIANCE.NS,0.0021,-0.0548,1.0078,1,Reliance market update,1.0,0,0.0021
2023-09-07,1201.51,13652572,Reliance,RELIANCE.NS,0.0014,0.6649,1.0113,1,Reliance market update,1.0,0,0.0014
2023-09-08,1209.51,23109288,Reliance,RELIANCE.NS,0.0067,0.6927,1.0136,1,Reliance market update,1.0,0,0.0067
2023-09-11,1222.56,13271074,Reliance,RELIANCE.NS,0.0108,-0.4257,1.0101,0,Reliance market update,1.0,0,0.0108
2023-09-12,1204.9,16255666,Reliance,RELIANCE.NS,-0.0144,0.2249,1.0193,1,Reliance market update,1.0,0,0.0144
2023-09-13,1210.92,12803338,Reliance,RELIANCE.NS,0.005,-0.2124,1.015,1,Reliance market update,1.0,0,0.005
2023-09-14,1212.03,9209636,Reliance,RELIANCE.NS,0.0009,-0.2807,1.0085,1,Reliance market update,1.0,0,0.0009
2023-09-15,1214.28,25468592,Reliance,RELIANCE.NS,0.0019,1.7654,1.0076,0,Reliance market update,1.0,0,0.0019
2023-09-18,1203.71,7516300,Reliance,RELIANCE.NS,-0.0087,-0.7049,1.0078,0,Reliance market update,1.0,0,0.0087
2023-09-20,1176.88,57081884,Reliance,RELIANCE.NS,-0.0223,6.5944,1.0308,0,Reliance market update,1.0,0,0.0223
2023-09-21,1168.31,12226182,Reliance,RELIANCE.NS,-0.0073,-0.7858,1.0128,0,Reliance market update,1.0,0,0.0073
2023-09-22,1163.44,19176786,Reliance,RELIANCE.NS,-0.0042,0.5685,1.0138,0,Reliance market update,1.0,0,0.0042
2023-09-25,1156.28,14254884,Reliance,RELIANCE.NS,-0.0062,-0.2567,1.011,1,Reliance market update,1.0,0,0.0062
2023-09-26,1157.29,10087782,Reliance,RELIANCE.NS,0.0009,-0.2923,1.0063,1,Reliance market update,1.0,0,0.0009
2023-09-27,1170.34,11722778,Reliance,RELIANCE.NS,0.0113,0.1621,1.0142,0,Reliance market update,1.0,0,0.0113
2023-09-28,1153.14,14518346,Reliance,RELIANCE.NS,-0.0147,0.2385,1.0249,1,Reliance market update,1.0,0,0.0147
2023-09-29,1158.53,12342014,Reliance,RELIANCE.NS,0.0047,-0.1499,1.015,0,Reliance market update,1.0,0,0.0047
2023-10-03,1145.26,8859056,Reliance,RELIANCE.NS,-0.0114,-0.2822,1.0085,0,Reliance market update,1.0,0,0.0115
2023-10-04,1143.29,10286386,Reliance,RELIANCE.NS,-0.0017,0.1611,1.0104,0,Reliance market update,1.0,0,0.0017
2023-10-05,1143.26,10953682,Reliance,RELIANCE.NS,-0.0,0.0649,1.0088,1,Reliance market update,1.0,0,0.0
2023-10-06,1145.19,5431026,Reliance,RELIANCE.NS,0.0017,-0.5042,1.0055,0,Reliance market update,1.0,0,0.0017
2023-10-09,1135.43,7576878,Reliance,RELIANCE.NS,-0.0085,0.3951,1.0074,1,Reliance market update,1.0,0,0.0085
2023-10-10,1140.45,10236032,Reliance,RELIANCE.NS,0.0044,0.351,1.0061,1,Reliance market update,1.0,0,0.0044
2023-10-11,1158.55,9814118,Reliance,RELIANCE.NS,0.0159,-0.0412,1.0159,1,Reliance market update,1.0,0,0.0159
2023-10-12,1160.7,12554450,Reliance,RELIANCE.NS,0.0019,0.2792,1.0091,0,Reliance market update,1.0,0,0.0019
2023-10-13,1160.65,10150316,Reliance,RELIANCE.NS,-0.0,-0.1915,1.0122,0,Reliance market update,1.0,0,0.0
2023-10-16,1158.06,5929036,Reliance,RELIANCE.NS,-0.0022,-0.4159,1.0079,1,Reliance market update,1.0,0,0.0022
2023-10-17,1163.59,7928180,Reliance,RELIANCE.NS,0.0048,0.3372,1.0079,0,Reliance market update,1.0,0,0.0048
2023-10-18,1148.15,8918320,Reliance,RELIANCE.NS,-0.0133,0.1249,1.0198,0,Reliance market update,1.0,0,0.0133
2023-10-19,1139.34,12032556,Reliance,RELIANCE.NS,-0.0077,0.3492,1.009,0,Reliance market update,1.0,0,0.0077
2023-10-20,1135.85,8913312,Reliance,RELIANCE.NS,-0.0031,-0.2592,1.008,0,Reliance market update,1.0,0,0.0031
2023-10-23,1118.12,7853962,Reliance,RELIANCE.NS,-0.0156,-0.1189,1.0226,0,Reliance market update,1.0,0,0.0156
2023-10-25,1115.52,11620688,Reliance,RELIANCE.NS,-0.0023,0.4796,1.017,0,Reliance market update,1.0,0,0.0023
2023-10-26,1099.99,15222534,Reliance,RELIANCE.NS,-0.0139,0.31,1.017,1,Reliance market update,1.0,0,0.0139
2023-10-27,1119.4,11771084,Reliance,RELIANCE.NS,0.0177,-0.2267,1.0168,1,Reliance market update,1.0,0,0.0176
2023-10-30,1142.47,16813304,Reliance,RELIANCE.NS,0.0206,0.4284,1.0243,0,Reliance market update,1.0,0,0.0206
2023-10-31,1130.32,12808438,Reliance,RELIANCE.NS,-0.0106,-0.2382,1.0198,1,Reliance market update,1.0,0,0.0106
2023-11-01,1135.01,10309190,Reliance,RELIANCE.NS,0.0042,-0.1951,1.0186,1,Reliance market update,1.0,0,0.0041
2023-11-02,1146.28,10562104,Reliance,RELIANCE.NS,0.0099,0.0245,1.0071,0,Reliance market update,1.0,0,0.0099
2023-11-03,1146.03,8850156,Reliance,RELIANCE.NS,-0.0002,-0.1621,1.0083,1,Reliance market update,1.0,0,0.0002
2023-11-06,1155.56,10647304,Reliance,RELIANCE.NS,0.0083,0.2031,1.0062,0,Reliance market update,1.0,0,0.0083
2023-11-07,1148.06,6960204,Reliance,RELIANCE.NS,-0.0065,-0.3463,1.0084,1,Reliance market update,1.0,0,0.0065
2023-11-08,1154.03,7884494,Reliance,RELIANCE.NS,0.0052,0.1328,1.0083,0,Reliance market update,1.0,0,0.0052
2023-11-09,1141.51,14513610,Reliance,RELIANCE.NS,-0.0109,0.8408,1.0138,1,Reliance market update,1.0,0,0.0108
2023-11-10,1143.66,7734954,Reliance,RELIANCE.NS,0.0019,-0.4671,1.008,0,Reliance market update,1.0,0,0.0019
2023-11-13,1143.51,3854810,Reliance,RELIANCE.NS,-0.0001,-0.5016,1.0056,1,Reliance market update,1.0,0,0.0001
2023-11-15,1164.19,12220648,Reliance,RELIANCE.NS,0.0181,2.1702,1.015,1,Reliance market update,1.0,0,0.0181
2023-11-16,1166.29,13134910,Reliance,RELIANCE.NS,0.0018,0.0748,1.0116,0,Reliance market update,1.0,0,0.0018
2023-11-17,1163.74,7758634,Reliance,RELIANCE.NS,-0.0022,-0.4093,1.009,0,Reliance market update,1.0,0,0.0022
2023-11-20,1160.68,4490186,Reliance,RELIANCE.NS,-0.0026,-0.4213,1.0094,1,Reliance market update,1.0,0,0.0026
2023-11-21,1175.28,8214450,Reliance,RELIANCE.NS,0.0126,0.8294,1.0118,1,Reliance market update,1.0,0,0.0126
2023-11-22,1179.87,8534814,Reliance,RELIANCE.NS,0.0039,0.039,1.0094,1,Reliance market update,1.0,0,0.0039
2023-11-23,1183.48,8531542,Reliance,RELIANCE.NS,0.0031,-0.0004,1.0049,0,Reliance market update,1.0,0,0.0031
2023-11-24,1182.69,6749486,Reliance,RELIANCE.NS,-0.0007,-0.2089,1.0048,1,Reliance market update,1.0,0,0.0007
2023-11-28,1182.93,13792174,Reliance,RELIANCE.NS,0.0002,1.0434,1.0103,1,Reliance market update,1.0,0,0.0002
2023-11-29,1186.05,12531306,Reliance,RELIANCE.NS,0.0026,-0.0914,1.0058,0,Reliance market update,1.0,0,0.0026
2023-11-30,1174.56,28439984,Reliance,RELIANCE.NS,-0.0097,1.2695,1.013,1,Reliance market update,1.0,0,0.0097
2023-12-01,1182.89,14342842,Reliance,RELIANCE.NS,0.0071,-0.4957,1.0079,1,Reliance market update,1.0,0,0.0071
2023-12-04,1195.68,15590990,Reliance,RELIANCE.NS,0.0108,0.087,1.0214,1,Reliance market update,1.0,0,0.0108
2023-12-05,1204.35,12693624,Reliance,RELIANCE.NS,0.0073,-0.1858,1.0079,1,Reliance market update,1.0,0,0.0073
2023-12-06,1215.89,16422442,Reliance,RELIANCE.NS,0.0096,0.2938,1.0156,0,Reliance market update,1.0,0,0.0096
2023-12-07,1213.89,8142096,Reliance,RELIANCE.NS,-0.0016,-0.5042,1.0078,0,Reliance market update,1.0,0,0.0016
2023-12-08,1213.24,10204894,Reliance,RELIANCE.NS,-0.0005,0.2533,1.013,1,Reliance market update,1.0,0,0.0005
2023-12-11,1215.02,7066138,Reliance,RELIANCE.NS,0.0015,-0.3076,1.0062,0,Reliance market update,1.0,0,0.0015
2023-12-12,1197.58,9197124,Reliance,RELIANCE.NS,-0.0144,0.3016,1.0185,1,Reliance market update,1.0,0,0.0144
2023-12-13,1202.47,10031182,Reliance,RELIANCE.NS,0.0041,0.0907,1.0133,1,Reliance market update,1.0,0,0.0041
2023-12-14,1217.39,16972354,Reliance,RELIANCE.NS,0.0124,0.692,1.0132,1,Reliance market update,1.0,0,0.0124
2023-12-15,1232.93,15932152,Reliance,RELIANCE.NS,0.0128,-0.0613,1.0121,1,Reliance market update,1.0,0,0.0128
2023-12-18,1245.48,14165188,Reliance,RELIANCE.NS,0.0102,-0.1109,1.0176,1,Reliance market update,1.0,0,0.0102
2023-12-19,1263.81,16820604,Reliance,RELIANCE.NS,0.0147,0.1875,1.0193,0,Reliance market update,1.0,0,0.0147
2023-12-20,1248.52,17736722,Reliance,RELIANCE.NS,-0.0121,0.0545,1.0313,1,Reliance market update,1.0,0,0.0121
2023-12-21,1266.01,13765454,Reliance,RELIANCE.NS,0.014,-0.2239,1.0219,1,Reliance market update,1.0,0,0.014
2023-12-22,1267.24,16541784,Reliance,RELIANCE.NS,0.001,0.2017,1.0131,1,Reliance market update,1.0,0,0.001
2023-12-26,1273.67,7465664,Reliance,RELIANCE.NS,0.0051,-0.5487,1.0114,1,Reliance market update,1.0,0,0.0051
2023-12-27,1278.01,9204156,Reliance,RELIANCE.NS,0.0034,0.2329,1.0104,1,Reliance market update,1.0,0,0.0034
2023-12-28,1287.25,12302636,Reliance,RELIANCE.NS,0.0072,0.3366,1.0097,0,Reliance market update,1.0,0,0.0072
2023-12-29,1277.07,10864584,Reliance,RELIANCE.NS,-0.0079,-0.1169,1.0135,1,Reliance market update,1.0,0,0.0079
2024-01-01,1279.69,4030540,Reliance,RELIANCE.NS,0.0021,-0.629,1.0131,1,Reliance market update,1.0,0,0.0021
2024-01-02,1290.29,7448800,Reliance,RELIANCE.NS,0.0083,0.8481,1.0163,0,Reliance market update,1.0,0,0.0083
2024-01-03,1276.26,9037536,Reliance,RELIANCE.NS,-0.0109,0.2133,1.022,1,Reliance market update,1.0,0,0.0109
2024-01-04,1282.85,9612778,Reliance,RELIANCE.NS,0.0052,0.0637,1.0119,1,Reliance market update,1.0,0,0.0052
2024-01-05,1288.31,8086406,Reliance,RELIANCE.NS,0.0043,-0.1588,1.0084,0,Reliance market update,1.0,0,0.0043
2024-01-08,1278.26,7734652,Reliance,RELIANCE.NS,-0.0078,-0.0435,1.0245,0,Reliance market update,1.0,0,0.0078
2024-01-09,1274.88,5403074,Reliance,RELIANCE.NS,-0.0026,-0.3014,1.0115,1,Reliance market update,1.0,0,0.0026
2024-01-10,1309.26,11102740,Reliance,RELIANCE.NS,0.027,1.0549,1.0326,1,Reliance market update,1.0,0,0.027
2024-01-11,1343.7,23725852,Reliance,RELIANCE.NS,0.0263,1.1369,1.0256,1,Reliance market update,1.0,0,0.0263
2024-01-12,1354.39,15012164,Reliance,RELIANCE.NS,0.008,-0.3673,1.0205,1,Reliance market update,1.0,0,0.008
2024-01-15,1377.51,8610594,Reliance,RELIANCE.NS,0.0171,-0.4264,1.0223,0,Reliance market update,1.0,0,0.0171
2024-01-16,1358.25,9069024,Reliance,RELIANCE.NS,-0.014,0.0532,1.0188,0,Reliance market update,1.0,0,0.014
2024-01-17,1345.35,12197382,Reliance,RELIANCE.NS,-0.0095,0.3449,1.0231,1,Reliance market update,1.0,0,0.0095
2024-01-18,1351.65,10279438,Reliance,RELIANCE.NS,0.0047,-0.1572,1.0146,0,Reliance market update,1.0,0,0.0047
2024-01-19,1351.16,10422704,Reliance,RELIANCE.NS,-0.0004,0.0139,1.0125,0,Reliance market update,1.0,0,0.0004
2024-01-23,1312.74,20055420,Reliance,RELIANCE.NS,-0.0284,0.9242,1.0372,1,Reliance market update,1.0,0,0.0284
2024-01-24,1327.86,21919128,Reliance,RELIANCE.NS,0.0115,0.0929,1.0193,1,Reliance market update,1.0,0,0.0115
2024-01-25,1336.95,11808872,Reliance,RELIANCE.NS,0.0068,-0.4613,1.0217,1,Reliance market update,1.0,0,0.0068
2024-01-29,1430.8,23893438,Reliance,RELIANCE.NS,0.0702,1.0233,1.0679,0,Reliance market update,1.0,0,0.0702
2024-01-30,1390.85,14093978,Reliance,RELIANCE.NS,-0.0279,-0.4101,1.0396,1,Reliance market update,1.0,0,0.0279
2024-01-31,1409.63,15130226,Reliance,RELIANCE.NS,0.0135,0.0735,1.0226,1,Reliance market update,1.0,0,0.0135
2024-02-01,1409.65,13349362,Reliance,RELIANCE.NS,0.0,-0.1177,1.0178,1,Reliance market update,1.0,0,0.0
2024-02-02,1440.33,19652588,Reliance,RELIANCE.NS,0.0218,0.4722,1.0291,0,Reliance market update,1.0,0,0.0218
2024-02-05,1421.88,8814432,Reliance,RELIANCE.NS,-0.0128,-0.5515,1.0272,0,Reliance market update,1.0,0,0.0128
2024-02-06,1410.79,9047984,Reliance,RELIANCE.NS,-0.0078,0.0265,1.0155,1,Reliance market update,1.0,0,0.0078
2024-02-07,1424.97,9296568,Reliance,RELIANCE.NS,0.0101,0.0275,1.0142,1,Reliance market update,1.0,0,0.0101
2024-02-08,1432.85,14694634,Reliance,RELIANCE.NS,0.0055,0.5807,1.0224,1,Reliance market update,1.0,0,0.0055
2024-02-09,1443.34,12556798,Reliance,RELIANCE.NS,0.0073,-0.1455,1.0145,0,Reliance market update,1.0,0,0.0073
2024-02-12,1435.04,6674430,Reliance,RELIANCE.NS,-0.0058,-0.4685,1.0129,1,Reliance market update,1.0,0,0.0058
2024-02-13,1447.64,7715594,Reliance,RELIANCE.NS,0.0088,0.156,1.0172,1,Reliance market update,1.0,0,0.0088
2024-02-14,1463.72,7117888,Reliance,RELIANCE.NS,0.0111,-0.0775,1.0179,0,Reliance market update,1.0,0,0.0111
2024-02-15,1453.08,10006782,Reliance,RELIANCE.NS,-0.0073,0.4059,1.0124,0,Reliance market update,1.0,0,0.0073
2024-02-16,1443.17,9767498,Reliance,RELIANCE.NS,-0.0068,-0.0239,1.0126,1,Reliance market update,1.0,0,0.0068
2024-02-19,1456.44,6729828,Reliance,RELIANCE.NS,0.0092,-0.311,1.0179,0,Reliance market update,1.0,0,0.0092
2024-02-20,1453.5,7117496,Reliance,RELIANCE.NS,-0.002,0.0576,1.0094,0,Reliance market update,1.0,0,0.002
2024-02-21,1450.21,12720292,Reliance,RELIANCE.NS,-0.0023,0.7872,1.0213,1,Reliance market update,1.0,0,0.0023
2024-02-22,1464.09,18493728,Reliance,RELIANCE.NS,0.0096,0.4539,1.0185,1,Reliance market update,1.0,0,0.0096
2024-02-23,1475.83,14438584,Reliance,RELIANCE.NS,0.008,-0.2193,1.0096,0,Reliance market update,1.0,0,0.008
2024-02-26,1469.6,7513106,Reliance,RELIANCE.NS,-0.0042,-0.4797,1.0081,0,Reliance market update,1.0,0,0.0042
2024-02-27,1467.95,10826044,Reliance,RELIANCE.NS,-0.0011,0.441,1.0148,0,Reliance market update,1.0,0,0.0011
2024-02-28,1438.28,8647950,Reliance,RELIANCE.NS,-0.0202,-0.2012,1.0283,1,Reliance market update,1.0,0,0.0202
2024-02-29,1443.39,23628976,Reliance,RELIANCE.NS,0.0036,1.7323,1.0168,1,Reliance market update,1.0,0,0.0036
2024-03-01,1474.35,12132926,Reliance,RELIANCE.NS,0.0214,-0.4865,1.0256,1,Reliance market update,1.0,0,0.0214
2024-03-04,1489.44,10024420,Reliance,RELIANCE.NS,0.0102,-0.1738,1.017,0,Reliance market update,1.0,0,0.0102
2024-03-05,1482.32,7107668,Reliance,RELIANCE.NS,-0.0048,-0.291,1.0144,1,Reliance market update,1.0,0,0.0048
2024-03-06,1485.09,7805676,Reliance,RELIANCE.NS,0.0019,0.0982,1.0206,0,Reliance market update,1.0,0,0.0019
2024-03-07,1461.3,8315726,Reliance,RELIANCE.NS,-0.016,0.0653,1.0187,0,Reliance market update,1.0,0,0.016
2024-03-11,1449.12,11277130,Reliance,RELIANCE.NS,-0.0083,0.3561,1.0174,1,Reliance market update,1.0,0,0.0083
2024-03-12,1457.84,9432678,Reliance,RELIANCE.NS,0.006,-0.1636,1.0157,0,Reliance market update,1.0,0,0.006
2024-03-13,1415.11,13522134,Reliance,RELIANCE.NS,-0.0293,0.4335,1.0387,0,Reliance market update,1.0,0,0.0293
2024-03-14,1414.42,18571102,Reliance,RELIANCE.NS,-0.0005,0.3734,1.0162,0,Reliance market update,1.0,0,0.0005
2024-03-15,1401.33,19223818,Reliance,RELIANCE.NS,-0.0093,0.0351,1.0144,1,Reliance market update,1.0,0,0.0093
2024-03-18,1422.32,9169392,Reliance,RELIANCE.NS,0.015,-0.523,1.0178,0,Reliance market update,1.0,0,0.015
2024-03-19,1408.27,8275764,Reliance,RELIANCE.NS,-0.0099,-0.0975,1.0144,1,Reliance market update,1.0,0,0.0099
2024-03-20,1426.55,8488806,Reliance,RELIANCE.NS,0.013,0.0257,1.0147,1,Reliance market update,1.0,0,0.013
2024-03-21,1433.69,13006936,Reliance,RELIANCE.NS,0.005,0.5322,1.0092,1,Reliance market update,1.0,0,0.005
2024-03-22,1437.69,19527608,Reliance,RELIANCE.NS,0.0028,0.5013,1.0087,0,Reliance market update,1.0,0,0.0028
2024-03-26,1424.4,11415906,Reliance,RELIANCE.NS,-0.0092,-0.4154,1.0093,1,Reliance market update,1.0,0,0.0092
2024-03-27,1475.06,16326644,Reliance,RELIANCE.NS,0.0356,0.4302,1.0366,0,Reliance market update,1.0,0,0.0356
2024-03-28,1468.15,21854364,Reliance,RELIANCE.NS,-0.0047,0.3386,1.0185,0,Reliance market update,1.0,0,0.0047
2024-04-01,1467.08,5013880,Reliance,RELIANCE.NS,-0.0007,-0.7706,1.0077,1,Reliance market update,1.0,0,0.0007
2024-04-02,1469.23,8910166,Reliance,RELIANCE.NS,0.0015,0.7771,1.0129,0,Reliance market update,1.0,0,0.0015
2024-04-03,1454.07,7008292,Reliance,RELIANCE.NS,-0.0103,-0.2134,1.0106,0,Reliance market update,1.0,0,0.0103
2024-04-04,1445.49,14490272,Reliance,RELIANCE.NS,-0.0059,1.0676,1.0205,0,Reliance market update,1.0,0,0.0059
2024-04-05,1442.7,7442298,Reliance,RELIANCE.NS,-0.0019,-0.4864,1.0102,1,Reliance market update,1.0,0,0.0019
2024-04-08,1468.27,8357118,Reliance,RELIANCE.NS,0.0177,0.1229,1.0205,0,Reliance market update,1.0,0,0.0177
2024-04-09,1446.21,7071414,Reliance,RELIANCE.NS,-0.015,-0.1538,1.0187,1,Reliance market update,1.0,0,0.015
2024-04-10,1461.95,9138330,Reliance,RELIANCE.NS,0.0109,0.2923,1.0141,0,Reliance market update,1.0,0,0.0109
2024-04-12,1449.67,15551012,Reliance,RELIANCE.NS,-0.0084,0.7017,1.016,0,Reliance market update,1.0,0,0.0084
2024-04-15,1447.37,12902062,Reliance,RELIANCE.NS,-0.0016,-0.1703,1.0248,1,Reliance market update,1.0,0,0.0016
2024-04-16,1448.28,9366184,Reliance,RELIANCE.NS,0.0006,-0.2741,1.014,0,Reliance market update,1.0,0,0.0006
2024-04-18,1446.88,19005692,Reliance,RELIANCE.NS,-0.001,1.0292,1.0183,1,Reliance market update,1.0,0,0.001
2024-04-19,1452.61,15741778,Reliance,RELIANCE.NS,0.004,-0.1717,1.0215,1,Reliance market update,1.0,0,0.004
2024-04-22,1462.22,10350362,Reliance,RELIANCE.NS,0.0066,-0.3425,1.0102,0,Reliance market update,1.0,0,0.0066
2024-04-23,1441.94,14605554,Reliance,RELIANCE.NS,-0.0139,0.4111,1.0261,0,Reliance market update,1.0,0,0.0139
2024-04-24,1432.9,10462776,Reliance,RELIANCE.NS,-0.0063,-0.2836,1.0131,1,Reliance market update,1.0,0,0.0063
2024-04-25,1442.58,15943926,Reliance,RELIANCE.NS,0.0068,0.5239,1.0184,0,Reliance market update,1.0,0,0.0068
2024-04-26,1435.24,9413848,Reliance,RELIANCE.NS,-0.0051,-0.4096,1.0103,1,Reliance market update,1.0,0,0.0051
2024-04-29,1447.57,7247974,Reliance,RELIANCE.NS,0.0086,-0.2301,1.0123,1,Reliance market update,1.0,0,0.0086
2024-04-30,1449.52,11474262,Reliance,RELIANCE.NS,0.0013,0.5831,1.0138,0,Reliance market update,1.0,0,0.0013
2024-05-02,1449.08,14512646,Reliance,RELIANCE.NS,-0.0003,0.2648,1.009,0,Reliance market update,1.0,0,0.0003
2024-05-03,1416.91,17226958,Reliance,RELIANCE.NS,-0.0222,0.187,1.0415,0,Reliance market update,1.0,0,0.0222
2024-05-06,1402.61,7394208,Reliance,RELIANCE.NS,-0.0101,-0.5708,1.0155,0,Reliance market update,1.0,0,0.0101
2024-05-07,1384.78,14517472,Reliance,RELIANCE.NS,-0.0127,0.9634,1.0207,1,Reliance market update,1.0,0,0.0127
2024-05-08,1401.65,9439002,Reliance,RELIANCE.NS,0.0122,-0.3498,1.0254,0,Reliance market update,1.0,0,0.0122
2024-05-09,1377.51,11009612,Reliance,RELIANCE.NS,-0.0172,0.1664,1.0243,1,Reliance market update,1.0,0,0.0172
2024-05-10,1390.65,10505096,Reliance,RELIANCE.NS,0.0095,-0.0458,1.0158,0,Reliance market update,1.0,0,0.0095
2024-05-13,1385.99,8456620,Reliance,RELIANCE.NS,-0.0034,-0.195,1.0166,1,Reliance market update,1.0,0,0.0034
2024-05-14,1403.15,7188300,Reliance,RELIANCE.NS,0.0124,-0.15,1.0193,0,Reliance market update,1.0,0,0.0124
2024-05-15,1399.4,5046534,Reliance,RELIANCE.NS,-0.0027,-0.298,1.012,1,Reliance market update,1.0,0,0.0027
2024-05-16,1408.37,14711774,Reliance,RELIANCE.NS,0.0064,1.9152,1.0211,1,Reliance market update,1.0,0,0.0064
2024-05-17,1418.59,10916476,Reliance,RELIANCE.NS,0.0073,-0.258,1.0169,1,Reliance market update,1.0,0,0.0073
2024-05-21,1419.01,11176128,Reliance,RELIANCE.NS,0.0003,0.0238,1.0114,1,Reliance market update,1.0,0,0.0003
2024-05-22,1443.25,10281604,Reliance,RELIANCE.NS,0.0171,-0.08,1.0226,1,Reliance market update,1.0,0,0.0171
2024-05-23,1468.34,14608260,Reliance,RELIANCE.NS,0.0174,0.4208,1.0256,0,Reliance market update,1.0,0,0.0174
2024-05-24,1462.61,7094776,Reliance,RELIANCE.NS,-0.0039,-0.5143,1.0084,0,Reliance market update,1.0,0,0.0039
2024-05-27,1448.78,6629010,Reliance,RELIANCE.NS,-0.0095,-0.0656,1.016,0,Reliance market update,1.0,0,0.0095
2024-05-28,1438.85,7820162,Reliance,RELIANCE.NS,-0.0069,0.1797,1.0177,0,Reliance market update,1.0,0,0.0069
2024-05-29,1423.61,7383556,Reliance,RELIANCE.NS,-0.0106,-0.0558,1.0136,0,Reliance market update,1.0,0,0.0106
2024-05-30,1407.87,13206858,Reliance,RELIANCE.NS,-0.0111,0.7887,1.0143,1,Reliance market update,1.0,0,0.0111
2024-05-31,1413.36,31069832,Reliance,RELIANCE.NS,0.0039,1.3526,1.0141,1,Reliance market update,1.0,0,0.0039
2024-06-03,1492.33,21527942,Reliance,RELIANCE.NS,0.0559,-0.3071,1.038,0,Reliance market update,1.0,0,0.0559
2024-06-04,1380.63,36709098,Reliance,RELIANCE.NS,-0.0749,0.7052,1.1021,1,Reliance market update,1.0,0,0.0748
2024-06-05,1403.82,17464890,Reliance,RELIANCE.NS,0.0168,-0.5242,1.034,1,Reliance market update,1.0,0,0.0168
2024-06-06,1414.54,17855722,Reliance,RELIANCE.NS,0.0076,0.0224,1.0157,1,Reliance market update,1.0,0,0.0076
2024-06-07,1452.43,18558696,Reliance,RELIANCE.NS,0.0268,0.0394,1.0319,1,Reliance market update,1.0,0,0.0268
2024-06-10,1453.87,9251760,Reliance,RELIANCE.NS,0.001,-0.5015,1.0172,0,Reliance market update,1.0,0,0.001
2024-06-11,1439.32,11774902,Reliance,RELIANCE.NS,-0.01,0.2727,1.0131,1,Reliance market update,1.0,0,0.01
2024-06-12,1445.89,10081742,Reliance,RELIANCE.NS,0.0046,-0.1438,1.0143,1,Reliance market update,1.0,0,0.0046
2024-06-13,1447.79,9181160,Reliance,RELIANCE.NS,0.0013,-0.0893,1.0083,1,Reliance market update,1.0,0,0.0013
2024-06-14,1459.94,8157998,Reliance,RELIANCE.NS,0.0084,-0.1114,1.0154,1,Reliance market update,1.0,0,0.0084
2024-06-18,1463.38,7196766,Reliance,RELIANCE.NS,0.0024,-0.1178,1.0109,0,Reliance market update,1.0,0,0.0024
2024-06-19,1441.27,8725874,Reliance,RELIANCE.NS,-0.0151,0.2125,1.0216,1,Reliance market update,1.0,0,0.0151
2024-06-20,1456.14,16113776,Reliance,RELIANCE.NS,0.0103,0.8467,1.0226,0,Reliance market update,1.0,0,0.0103
2024-06-21,1436.87,31170360,Reliance,RELIANCE.NS,-0.0132,0.9344,1.0237,0,Reliance market update,1.0,0,0.0132
2024-06-24,1424.3,8878386,Reliance,RELIANCE.NS,-0.0088,-0.7152,1.0083,1,Reliance market update,1.0,0,0.0087
2024-06-25,1436.82,7045386,Reliance,RELIANCE.NS,0.0088,-0.2065,1.0104,1,Reliance market update,1.0,0,0.0088
2024-06-26,1495.98,22014882,Reliance,RELIANCE.NS,0.0412,2.1247,1.0511,1,Reliance market update,1.0,0,0.0412
2024-06-27,1512.31,28383030,Reliance,RELIANCE.NS,0.0109,0.2893,1.0209,1,Reliance market update,1.0,0,0.0109
2024-06-28,1546.75,28957336,Reliance,RELIANCE.NS,0.0228,0.0202,1.0326,0,Reliance market update,1.0,0,0.0228
2024-07-01,1541.56,7724306,Reliance,RELIANCE.NS,-0.0034,-0.7333,1.0153,1,Reliance market update,1.0,0,0.0034
2024-07-02,1546.53,7749246,Reliance,RELIANCE.NS,0.0032,0.0032,1.0106,0,Reliance market update,1.0,0,0.0032
2024-07-03,1533.93,9049620,Reliance,RELIANCE.NS,-0.0081,0.1678,1.0209,1,Reliance market update,1.0,0,0.0081
2024-07-04,1535.51,6837176,Reliance,RELIANCE.NS,0.001,-0.2445,1.0108,1,Reliance market update,1.0,0,0.001
2024-07-05,1569.7,12269710,Reliance,RELIANCE.NS,0.0223,0.7946,1.0326,1,Reliance market update,1.0,0,0.0223
2024-07-08,1581.82,9500806,Reliance,RELIANCE.NS,0.0077,-0.2257,1.0166,0,Reliance market update,1.0,0,0.0077
2024-07-09,1571.33,6960002,Reliance,RELIANCE.NS,-0.0066,-0.2674,1.0127,0,Reliance market update,1.0,0,0.0066
2024-07-10,1565.35,7134578,Reliance,RELIANCE.NS,-0.0038,0.0251,1.022,0,Reliance market update,1.0,0,0.0038
2024-07-11,1561.82,11940946,Reliance,RELIANCE.NS,-0.0023,0.6737,1.0215,1,Reliance market update,1.0,0,0.0023
2024-07-12,1577.7,12924784,Reliance,RELIANCE.NS,0.0102,0.0824,1.0195,1,Reliance market update,1.0,0,0.0102
2024-07-15,1578.19,5329688,Reliance,RELIANCE.NS,0.0003,-0.5876,1.0128,0,Reliance market update,1.0,0,0.0003
2024-07-16,1557.47,9386838,Reliance,RELIANCE.NS,-0.0131,0.7612,1.0197,1,Reliance market update,1.0,0,0.0131
2024-07-18,1567.77,12298374,Reliance,RELIANCE.NS,0.0066,0.3102,1.0232,0,Reliance market update,1.0,0,0.0066
2024-07-19,1536.62,13140390,Reliance,RELIANCE.NS,-0.0199,0.0685,1.0239,0,Reliance market update,1.0,0,0.0199
2024-07-22,1482.79,19674376,Reliance,RELIANCE.NS,-0.035,0.4972,1.0255,0,Reliance market update,1.0,0,0.035
2024-07-23,1470.17,18052044,Reliance,RELIANCE.NS,-0.0085,-0.0825,1.0292,1,Reliance market update,1.0,0,0.0085
2024-07-24,1477.88,11913362,Reliance,RELIANCE.NS,0.0052,-0.3401,1.0224,0,Reliance market update,1.0,0,0.0052
2024-07-25,1474.62,12519876,Reliance,RELIANCE.NS,-0.0022,0.0509,1.0158,1,Reliance market update,1.0,0,0.0022
2024-07-26,1491.04,9859940,Reliance,RELIANCE.NS,0.0111,-0.2125,1.0148,1,Reliance market update,1.0,0,0.0111
2024-07-29,1501.99,7538550,Reliance,RELIANCE.NS,0.0073,-0.2354,1.0104,0,Reliance market update,1.0,0,0.0073
2024-07-30,1495.12,8228208,Reliance,RELIANCE.NS,-0.0046,0.0915,1.0099,0,Reliance market update,1.0,0,0.0046
2024-07-31,1487.49,10057346,Reliance,RELIANCE.NS,-0.0051,0.2223,1.0062,1,Reliance market update,1.0,0,0.0051
2024-08-01,1497.24,10764222,Reliance,RELIANCE.NS,0.0066,0.0703,1.0091,0,Reliance market update,1.0,0,0.0066
2024-08-02,1481.46,10268248,Reliance,RELIANCE.NS,-0.0105,-0.0461,1.0107,0,Reliance market update,1.0,0,0.0105
2024-08-05,1430.08,17046704,Reliance,RELIANCE.NS,-0.0347,0.6601,1.0353,1,Reliance market update,1.0,0,0.0347
2024-08-06,1438.7,10236186,Reliance,RELIANCE.NS,0.006,-0.3995,1.018,1,Reliance market update,1.0,0,0.006
2024-08-07,1447.37,8174568,Reliance,RELIANCE.NS,0.006,-0.2014,1.0075,0,Reliance market update,1.0,0,0.006
2024-08-08,1431.86,12387192,Reliance,RELIANCE.NS,-0.0107,0.5153,1.0132,1,Reliance market update,1.0,0,0.0107
2024-08-09,1456.73,6249776,Reliance,RELIANCE.NS,0.0174,-0.4955,1.0141,0,Reliance market update,1.0,0,0.0174
2024-08-12,1443.22,8184584,Reliance,RELIANCE.NS,-0.0093,0.3096,1.0105,1,Reliance market update,1.0,0,0.0093
2024-08-13,1446.19,6265064,Reliance,RELIANCE.NS,0.0021,-0.2345,1.0083,0,Reliance market update,1.0,0,0.0021
2024-08-14,1444.43,6267466,Reliance,RELIANCE.NS,-0.0012,0.0004,1.0126,1,Reliance market update,1.0,0,0.0012
2024-08-16,1460.59,9416902,Reliance,RELIANCE.NS,0.0112,0.5025,1.0153,1,Reliance market update,1.0,0,0.0112
2024-08-19,1475.66,13797742,Reliance,RELIANCE.NS,0.0103,0.4652,1.012,1,Reliance market update,1.0,0,0.0103
2024-08-20,1483.14,8411808,Reliance,RELIANCE.NS,0.0051,-0.3903,1.0093,1,Reliance market update,1.0,0,0.0051
2024-08-21,1485.84,7769996,Reliance,RELIANCE.NS,0.0018,-0.0763,1.012,0,Reliance market update,1.0,0,0.0018
2024-08-22,1485.3,10445782,Reliance,RELIANCE.NS,-0.0004,0.3444,1.0106,1,Reliance market update,1.0,0,0.0004
2024-08-23,1487.13,9249654,Reliance,RELIANCE.NS,0.0012,-0.1145,1.0086,1,Reliance market update,1.0,0,0.0012
2024-08-26,1499.65,8816114,Reliance,RELIANCE.NS,0.0084,-0.0469,1.0133,0,Reliance market update,1.0,0,0.0084
2024-08-27,1487.6,6251156,Reliance,RELIANCE.NS,-0.008,-0.2909,1.0094,0,Reliance market update,1.0,0,0.008
2024-08-28,1485.47,9610286,Reliance,RELIANCE.NS,-0.0014,0.5374,1.0097,1,Reliance market update,1.0,0,0.0014
2024-08-29,1507.9,38335358,Reliance,RELIANCE.NS,0.0151,2.989,1.0288,0,Reliance market update,1.0,0,0.0151
2024-08-30,1496.7,41620730,Reliance,RELIANCE.NS,-0.0074,0.0857,1.0242,1,Reliance market update,1.0,0,0.0074
2024-09-02,1503.27,11240852,Reliance,RELIANCE.NS,0.0044,-0.7299,1.0134,0,Reliance market update,1.0,0,0.0044
2024-09-03,1496.2,10923800,Reliance,RELIANCE.NS,-0.0047,-0.0282,1.0103,1,Reliance market update,1.0,0,0.0047
2024-09-04,1501.58,11983304,Reliance,RELIANCE.NS,0.0036,0.097,1.012,0,Reliance market update,1.0,0,0.0036
2024-09-05,1480.19,16264168,Reliance,RELIANCE.NS,-0.0142,0.3572,1.026,0,Reliance market update,1.0,0,0.0142
2024-09-06,1452.28,19394228,Reliance,RELIANCE.NS,-0.0189,0.1925,1.0242,0,Reliance market update,1.0,0,0.0189
2024-09-09,1449.93,9010298,Reliance,RELIANCE.NS,-0.0016,-0.5354,1.0098,0,Reliance market update,1.0,0,0.0016
2024-09-10,1449.01,10768260,Reliance,RELIANCE.NS,-0.0006,0.1951,1.0099,0,Reliance market update,1.0,0,0.0006
2024-09-11,1439.07,9760202,Reliance,RELIANCE.NS,-0.0069,-0.0936,1.0146,1,Reliance market update,1.0,0,0.0069
2024-09-12,1467.13,22349376,Reliance,RELIANCE.NS,0.0195,1.2898,1.0278,0,Reliance market update,1.0,0,0.0195
2024-09-13,1460.02,8711328,Reliance,RELIANCE.NS,-0.0048,-0.6102,1.0093,0,Reliance market update,1.0,0,0.0048
2024-09-16,1458.75,5481774,Reliance,RELIANCE.NS,-0.0009,-0.3707,1.011,1,Reliance market update,1.0,0,0.0009
2024-09-17,1459.69,5935328,Reliance,RELIANCE.NS,0.0006,0.0827,1.0074,0,Reliance market update,1.0,0,0.0006
2024-09-18,1450.92,8574714,Reliance,RELIANCE.NS,-0.006,0.4447,1.0147,1,Reliance market update,1.0,0,0.006
2024-09-19,1457.09,16955902,Reliance,RELIANCE.NS,0.0043,0.9774,1.0144,1,Reliance market update,1.0,0,0.0043
2024-09-20,1473.2,30897320,Reliance,RELIANCE.NS,0.0111,0.8222,1.0161,1,Reliance market update,1.0,0,0.0111
2024-09-23,1480.59,8832314,Reliance,RELIANCE.NS,0.005,-0.7141,1.0084,0,Reliance market update,1.0,0,0.005
2024-09-24,1476.62,17137444,Reliance,RELIANCE.NS,-0.0027,0.9403,1.0085,1,Reliance market update,1.0,0,0.0027
2024-09-25,1481.16,7069002,Reliance,RELIANCE.NS,0.0031,-0.5875,1.011,1,Reliance market update,1.0,0,0.0031
2024-09-26,1485.12,18818998,Reliance,RELIANCE.NS,0.0027,1.6622,1.0107,1,Reliance market update,1.0,0,0.0027
2024-09-27,1513.11,20597478,Reliance,RELIANCE.NS,0.0188,0.0945,1.0278,0,Reliance market update,1.0,0,0.0188
2024-09-30,1463.93,27008814,Reliance,RELIANCE.NS,-0.0325,0.3113,1.0343,0,Reliance market update,1.0,0,0.0325
2024-10-01,1452.28,16431642,Reliance,RELIANCE.NS,-0.008,-0.3916,1.0172,0,Reliance market update,1.0,0,0.008
2024-10-03,1394.93,37757294,Reliance,RELIANCE.NS,-0.0395,1.2978,1.0338,0,Reliance market update,1.0,0,0.0395
2024-10-04,1374.65,37072876,Reliance,RELIANCE.NS,-0.0145,-0.0181,1.0257,0,Reliance market update,1.0,0,0.0145
2024-10-07,1358.99,22181340,Reliance,RELIANCE.NS,-0.0114,-0.4017,1.0258,1,Reliance market update,1.0,0,0.0114
2024-10-08,1385.39,17020808,Reliance,RELIANCE.NS,0.0194,-0.2327,1.0263,0,Reliance market update,1.0,0,0.0194
2024-10-09,1362.83,14310610,Reliance,RELIANCE.NS,-0.0163,-0.1592,1.0207,0,Reliance market update,1.0,0,0.0163
2024-10-10,1359.31,22358646,Reliance,RELIANCE.NS,-0.0026,0.5624,1.0121,1,Reliance market update,1.0,0,0.0026
2024-10-11,1360.35,7980122,Reliance,RELIANCE.NS,0.0008,-0.6431,1.0106,1,Reliance market update,1.0,0,0.0008
2024-10-14,1360.77,12221432,Reliance,RELIANCE.NS,0.0003,0.5315,1.0086,0,Reliance market update,1.0,0,0.0003
2024-10-15,1332.52,33762794,Reliance,RELIANCE.NS,-0.0208,1.7626,1.0231,1,Reliance market update,1.0,0,0.0208
2024-10-16,1342.48,20034438,Reliance,RELIANCE.NS,0.0075,-0.4066,1.0197,1,Reliance market update,1.0,0,0.0075
2024-10-17,1344.81,15543660,Reliance,RELIANCE.NS,0.0017,-0.2242,1.0121,1,Reliance market update,1.0,0,0.0017
2024-10-18,1347.66,12082452,Reliance,RELIANCE.NS,0.0021,-0.2227,1.0202,1,Reliance market update,1.0,0,0.0021
2024-10-21,1357.48,14067408,Reliance,RELIANCE.NS,0.0073,0.1643,1.012,0,Reliance market update,1.0,0,0.0073
2024-10-22,1331.85,15831960,Reliance,RELIANCE.NS,-0.0189,0.1254,1.0267,0,Reliance market update,1.0,0,0.0189
2024-10-23,1327.06,17214742,Reliance,RELIANCE.NS,-0.0036,0.0873,1.0168,1,Reliance market update,1.0,0,0.0036
2024-10-24,1328.33,22155934,Reliance,RELIANCE.NS,0.001,0.287,1.0156,0,Reliance market update,1.0,0,0.001
2024-10-25,1316.48,18597496,Reliance,RELIANCE.NS,-0.0089,-0.1606,1.0169,1,Reliance market update,1.0,0,0.0089
2024-10-28,1322.93,10824350,Reliance,RELIANCE.NS,0.0049,-0.418,1.0234,1,Reliance market update,1.0,0,0.0049
2024-10-29,1328.53,12008361,Reliance,RELIANCE.NS,0.0042,0.1094,1.0173,1,Reliance market update,1.0,0,0.0042
2024-10-30,1332.39,11984423,Reliance,RELIANCE.NS,0.0029,-0.002,1.0186,0,Reliance market update,1.0,0,0.0029
2024-10-31,1320.65,9331650,Reliance,RELIANCE.NS,-0.0088,-0.2214,1.0127,1,Reliance market update,1.0,0,0.0088
2024-11-01,1327.19,2127335,Reliance,RELIANCE.NS,0.005,-0.772,1.0067,0,Reliance market update,1.0,0,0.005
2024-11-04,1291.0,19796890,Reliance,RELIANCE.NS,-0.0273,8.306,1.0427,1,Reliance market update,1.0,0,0.0273
2024-11-05,1294.12,16267479,Reliance,RELIANCE.NS,0.0024,-0.1783,1.0182,1,Reliance market update,1.0,0,0.0024
2024-11-06,1314.0,21625209,Reliance,RELIANCE.NS,0.0154,0.3294,1.0216,0,Reliance market update,1.0,0,0.0154
2024-11-07,1294.47,9611974,Reliance,RELIANCE.NS,-0.0149,-0.5555,1.0164,0,Reliance market update,1.0,0,0.0149
2024-11-08,1272.76,19814406,Reliance,RELIANCE.NS,-0.0168,1.0614,1.0209,0,Reliance market update,1.0,0,0.0168
2024-11-11,1261.8,9056552,Reliance,RELIANCE.NS,-0.0086,-0.5429,1.015,1,Reliance market update,1.0,0,0.0086
2024-11-12,1263.34,10671091,Reliance,RELIANCE.NS,0.0012,0.1783,1.0172,0,Reliance market update,1.0,0,0.0012
2024-11-13,1241.33,14633633,Reliance,RELIANCE.NS,-0.0174,0.3713,1.0208,1,Reliance market update,1.0,0,0.0174
2024-11-14,1256.75,12612633,Reliance,RELIANCE.NS,0.0124,-0.1381,1.0172,0,Reliance market update,1.0,0,0.0124
2024-11-18,1249.96,13620611,Reliance,RELIANCE.NS,-0.0054,0.0799,1.0233,0,Reliance market update,1.0,0,0.0054
2024-11-19,1231.02,14183746,Reliance,RELIANCE.NS,-0.0151,0.0413,1.0375,0,Reliance market update,1.0,0,0.0152
2024-11-21,1212.53,19433843,Reliance,RELIANCE.NS,-0.015,0.3701,1.0219,1,Reliance market update,1.0,0,0.015
2024-11-22,1254.57,20471957,Reliance,RELIANCE.NS,0.0347,0.0534,1.038,1,Reliance market update,1.0,0,0.0347
2024-11-25,1275.98,28923341,Reliance,RELIANCE.NS,0.0171,0.4128,1.0172,1,Reliance market update,1.0,0,0.0171
2024-11-26,1284.61,9247557,Reliance,RELIANCE.NS,0.0068,-0.6803,1.0106,0,Reliance market update,1.0,0,0.0068
2024-11-27,1282.13,9572746,Reliance,RELIANCE.NS,-0.0019,0.0352,1.0139,0,Reliance market update,1.0,0,0.0019
2024-11-28,1259.92,15027412,Reliance,RELIANCE.NS,-0.0173,0.5698,1.0217,1,Reliance market update,1.0,0,0.0173
2024-11-29,1281.14,13202307,Reliance,RELIANCE.NS,0.0168,-0.1215,1.019,1,Reliance market update,1.0,0,0.0168
2024-12-02,1297.94,11024152,Reliance,RELIANCE.NS,0.0131,-0.165,1.0269,1,Reliance market update,1.0,0,0.0131
2024-12-03,1311.97,16869482,Reliance,RELIANCE.NS,0.0108,0.5302,1.0151,0,Reliance market update,1.0,0,0.0108
2024-12-04,1297.74,19608540,Reliance,RELIANCE.NS,-0.0108,0.1624,1.0187,1,Reliance market update,1.0,0,0.0108
2024-12-05,1310.73,16858723,Reliance,RELIANCE.NS,0.01,-0.1402,1.0182,0,Reliance market update,1.0,0,0.01
2024-12-06,1300.32,9037514,Reliance,RELIANCE.NS,-0.0079,-0.4639,1.0106,0,Reliance market update,1.0,0,0.0079
2024-12-09,1284.06,14650002,Reliance,RELIANCE.NS,-0.0125,0.621,1.0169,0,Reliance market update,1.0,0,0.0125
2024-12-10,1273.85,16043729,Reliance,RELIANCE.NS,-0.008,0.0951,1.0115,0,Reliance market update,1.0,0,0.008
2024-12-11,1267.26,11724373,Reliance,RELIANCE.NS,-0.0052,-0.2692,1.0109,0,Reliance market update,1.0,0,0.0052
2024-12-12,1252.09,20906813,Reliance,RELIANCE.NS,-0.012,0.7832,1.014,1,Reliance market update,1.0,0,0.012
2024-12-13,1261.95,28630222,Reliance,RELIANCE.NS,0.0079,0.3694,1.0287,0,Reliance market update,1.0,0,0.0079
2024-12-16,1257.44,9486781,Reliance,RELIANCE.NS,-0.0036,-0.6686,1.0114,0,Reliance market update,1.0,0,0.0036
2024-12-17,1234.64,17462791,Reliance,RELIANCE.NS,-0.0181,0.8407,1.017,1,Reliance market update,1.0,0,0.0181
2024-12-18,1242.52,12670179,Reliance,RELIANCE.NS,0.0064,-0.2744,1.0156,0,Reliance market update,1.0,0,0.0064
2024-12-19,1219.91,14244653,Reliance,RELIANCE.NS,-0.0182,0.1243,1.0129,0,Reliance market update,1.0,0,0.0182
2024-12-20,1194.98,20312896,Reliance,RELIANCE.NS,-0.0204,0.426,1.0316,1,Reliance market update,1.0,0,0.0204
2024-12-23,1211.83,10052824,Reliance,RELIANCE.NS,0.0141,-0.5051,1.0115,1,Reliance market update,1.0,0,0.0141
2024-12-24,1212.28,6734917,Reliance,RELIANCE.NS,0.0004,-0.33,1.0103,0,Reliance market update,1.0,0,0.0004
2024-12-26,1206.13,10016178,Reliance,RELIANCE.NS,-0.0051,0.4872,1.0111,1,Reliance market update,1.0,0,0.0051
2024-12-27,1210.6,7000397,Reliance,RELIANCE.NS,0.0037,-0.3011,1.009,0,Reliance market update,1.0,0,0.0037
2024-12-30,1200.33,8818766,Reliance,RELIANCE.NS,-0.0085,0.2598,1.0125,1,Reliance market update,1.0,0,0.0085
2024-12-31,1205.04,6405475,Reliance,RELIANCE.NS,0.0039,-0.2737,1.0107,1,Reliance market update,1.0,0,0.0039
2025-01-01,1210.79,5892590,Reliance,RELIANCE.NS,0.0048,-0.0801,1.0121,1,Reliance market update,1.0,0,0.0048
2025-01-02,1231.17,15486276,Reliance,RELIANCE.NS,0.0168,1.6281,1.02,1,Reliance market update,1.0,0,0.0168
2025-01-03,1240.44,15521102,Reliance,RELIANCE.NS,0.0075,0.0022,1.0215,0,Reliance market update,1.0,0,0.0075
2025-01-06,1207.57,14816766,Reliance,RELIANCE.NS,-0.0265,-0.0454,1.0387,1,Reliance market update,1.0,0,0.0265
2025-01-07,1230.23,10070505,Reliance,RELIANCE.NS,0.0188,-0.3203,1.019,1,Reliance market update,1.0,0,0.0188
2025-01-08,1254.66,19346579,Reliance,RELIANCE.NS,0.0199,0.9211,1.0206,0,Reliance market update,1.0,0,0.0199
2025-01-09,1244.01,12794704,Reliance,RELIANCE.NS,-0.0085,-0.3387,1.0174,0,Reliance market update,1.0,0,0.0085
2025-01-10,1231.27,8120332,Reliance,RELIANCE.NS,-0.0102,-0.3653,1.0168,0,Reliance market update,1.0,0,0.0102
2025-01-13,1229.23,13764861,Reliance,RELIANCE.NS,-0.0017,0.6951,1.0154,0,Reliance market update,1.0,0,0.0017
2025-01-14,1228.14,13095266,Reliance,RELIANCE.NS,-0.0009,-0.0486,1.0213,1,Reliance market update,1.0,0,0.0009
2025-01-15,1241.48,9578856,Reliance,RELIANCE.NS,0.0109,-0.2685,1.0122,1,Reliance market update,1.0,0,0.0109
2025-01-16,1255.61,14117603,Reliance,RELIANCE.NS,0.0114,0.4738,1.0189,1,Reliance market update,1.0,0,0.0114
2025-01-17,1291.2,29366277,Reliance,RELIANCE.NS,0.0283,1.0801,1.0319,1,Reliance market update,1.0,0,0.0283
2025-01-20,1294.27,14040244,Reliance,RELIANCE.NS,0.0024,-0.5219,1.0121,0,Reliance market update,1.0,0,0.0024
2025-01-21,1262.79,14562976,Reliance,RELIANCE.NS,-0.0243,0.0372,1.0337,1,Reliance market update,1.0,0,0.0243
2025-01-22,1266.17,10273590,Reliance,RELIANCE.NS,0.0027,-0.2945,1.0112,0,Reliance market update,1.0,0,0.0027
2025-01-23,1252.83,8720682,Reliance,RELIANCE.NS,-0.0105,-0.1512,1.0125,0,Reliance market update,1.0,0,0.0105
2025-01-24,1235.63,14235970,Reliance,RELIANCE.NS,-0.0137,0.6324,1.0237,0,Reliance market update,1.0,0,0.0137
2025-01-27,1218.82,9536019,Reliance,RELIANCE.NS,-0.0136,-0.3301,1.0168,1,Reliance market update,1.0,0,0.0136
2025-01-28,1223.83,10568025,Reliance,RELIANCE.NS,0.0041,0.1082,1.0215,1,Reliance market update,1.0,0,0.0041
2025-01-29,1224.92,5928156,Reliance,RELIANCE.NS,0.0009,-0.439,1.012,1,Reliance market update,1.0,0,0.0009
2025-01-30,1242.32,9269259,Reliance,RELIANCE.NS,0.0142,0.5636,1.02,1,Reliance market update,1.0,0,0.0142
2025-01-31,1254.27,6584612,Reliance,RELIANCE.NS,0.0096,-0.2896,1.0144,0,Reliance market update,1.0,0,0.0096
2025-02-01,1253.77,7118453,Reliance,RELIANCE.NS,-0.0004,0.0811,1.0238,0,Reliance market update,1.0,0,0.0004
2025-02-03,1235.23,9252345,Reliance,RELIANCE.NS,-0.0148,0.2998,1.0149,1,Reliance market update,1.0,0,0.0148
2025-02-04,1274.2,16691069,Reliance,RELIANCE.NS,0.0315,0.804,1.0339,0,Reliance market update,1.0,0,0.0315
2025-02-05,1267.26,10112028,Reliance,RELIANCE.NS,-0.0054,-0.3942,1.0108,1,Reliance market update,1.0,0,0.0054
2025-02-06,1270.58,9956001,Reliance,RELIANCE.NS,0.0026,-0.0154,1.0139,0,Reliance market update,1.0,0,0.0026
2025-02-07,1255.85,8764283,Reliance,RELIANCE.NS,-0.0116,-0.1197,1.0172,0,Reliance market update,1.0,0,0.0116
2025-02-10,1242.92,6970972,Reliance,RELIANCE.NS,-0.0103,-0.2046,1.0168,0,Reliance market update,1.0,0,0.0103
2025-02-11,1224.28,8859714,Reliance,RELIANCE.NS,-0.015,0.2709,1.028,0,Reliance market update,1.0,0,0.015
2025-02-12,1206.13,21131654,Reliance,RELIANCE.NS,-0.0148,1.3851,1.0281,0,Reliance market update,1.0,0,0.0148
2025-02-13,1205.69,8511216,Reliance,RELIANCE.NS,-0.0004,-0.5972,1.0132,1,Reliance market update,1.0,0,0.0004
2025-02-14,1206.83,10298145,Reliance,RELIANCE.NS,0.0009,0.2099,1.0154,1,Reliance market update,1.0,0,0.0009
2025-02-17,1214.41,8166683,Reliance,RELIANCE.NS,0.0063,-0.207,1.0191,1,Reliance market update,1.0,0,0.0063
2025-02-18,1214.91,6673250,Reliance,RELIANCE.NS,0.0004,-0.1829,1.0113,1,Reliance market update,1.0,0,0.0004
2025-02-19,1216.94,6217338,Reliance,RELIANCE.NS,0.0017,-0.0683,1.0125,1,Reliance market update,1.0,0,0.0017
2025-02-20,1222.44,7795582,Reliance,RELIANCE.NS,0.0045,0.2538,1.0142,0,Reliance market update,1.0,0,0.0045
2025-02-21,1217.63,6904025,Reliance,RELIANCE.NS,-0.0039,-0.1144,1.0146,0,Reliance market update,1.0,0,0.0039
2025-02-24,1204.15,7172498,Reliance,RELIANCE.NS,-0.0111,0.0389,1.0105,0,Reliance market update,1.0,0,0.0111
2025-02-25,1193.69,11552182,Reliance,RELIANCE.NS,-0.0087,0.6106,1.0162,1,Reliance market update,1.0,0,0.0087
2025-02-27,1196.76,11509215,Reliance,RELIANCE.NS,0.0026,-0.0037,1.012,0,Reliance market update,1.0,0,0.0026
2025-02-28,1189.82,23007298,Reliance,RELIANCE.NS,-0.0058,0.999,1.0202,0,Reliance market update,1.0,0,0.0058
2025-03-03,1161.22,17944938,Reliance,RELIANCE.NS,-0.024,-0.22,1.0436,0,Reliance market update,1.0,0,0.024
2025-03-04,1151.95,11377373,Reliance,RELIANCE.NS,-0.008,-0.366,1.0125,1,Reliance market update,1.0,0,0.008
2025-03-05,1165.53,8664095,Reliance,RELIANCE.NS,0.0118,-0.2385,1.0225,1,Reliance market update,1.0,0,0.0118
2025-03-06,1199.24,14468014,Reliance,RELIANCE.NS,0.0289,0.6699,1.0243,1,Reliance market update,1.0,0,0.0289
2025-03-07,1239.1,16474965,Reliance,RELIANCE.NS,0.0332,0.1387,1.0353,0,Reliance market update,1.0,0,0.0332
2025-03-10,1227.8,11931051,Reliance,RELIANCE.NS,-0.0091,-0.2758,1.0183,1,Reliance market update,1.0,0,0.0091
2025-03-11,1236.62,10089838,Reliance,RELIANCE.NS,0.0072,-0.1543,1.0161,1,Reliance market update,1.0,0,0.0072
2025-03-12,1246.29,11977555,Reliance,RELIANCE.NS,0.0078,0.1871,1.0153,0,Reliance market update,1.0,0,0.0078
2025-03-13,1237.22,9505270,Reliance,RELIANCE.NS,-0.0073,-0.2064,1.0163,0,Reliance market update,1.0,0,0.0073
2025-03-17,1228.24,16640917,Reliance,RELIANCE.NS,-0.0073,0.7507,1.0197,0,Reliance market update,1.0,0,0.0073
2025-03-18,1228.24,0,Reliance,RELIANCE.NS,0.0,-1.0,1.0,1,Reliance market update,1.0,0,0.0
2025-03-19,1236.47,16162399,Reliance,RELIANCE.NS,0.0067,inf,1.0117,1,Reliance market update,1.0,0,0.0067
2025-03-20,1258.28,15971477,Reliance,RELIANCE.NS,0.0176,-0.0118,1.0184,1,Reliance market update,1.0,0,0.0176
2025-03-21,1265.42,21780769,Reliance,RELIANCE.NS,0.0057,0.3637,1.0086,1,Reliance market update,1.0,0,0.0057
2025-03-24,1290.95,20299319,Reliance,RELIANCE.NS,0.0202,-0.068,1.0169,0,Reliance market update,1.0,0,0.0202
2025-03-25,1274.44,13713899,Reliance,RELIANCE.NS,-0.0128,-0.3244,1.0196,0,Reliance market update,1.0,0,0.0128
2025-03-26,1262.15,12074747,Reliance,RELIANCE.NS,-0.0096,-0.1195,1.0197,1,Reliance market update,1.0,0,0.0096
2025-03-27,1267.26,15028056,Reliance,RELIANCE.NS,0.004,0.2446,1.0108,0,Reliance market update,1.0,0,0.004
2025-03-28,1264.18,18147129,Reliance,RELIANCE.NS,-0.0024,0.2075,1.0211,0,Reliance market update,1.0,0,0.0024
2025-04-01,1241.88,12099648,Reliance,RELIANCE.NS,-0.0176,-0.3332,1.0229,0,Reliance market update,1.0,0,0.0176
2025-04-02,1240.44,10142590,Reliance,RELIANCE.NS,-0.0012,-0.1617,1.0094,0,Reliance market update,1.0,0,0.0012
2025-04-03,1238.01,7434366,Reliance,RELIANCE.NS,-0.002,-0.267,1.0152,0,Reliance market update,1.0,0,0.002
2025-04-04,1194.39,17908652,Reliance,RELIANCE.NS,-0.0352,1.4089,1.0438,0,Reliance market update,1.0,0,0.0352
2025-04-07,1155.72,22156106,Reliance,RELIANCE.NS,-0.0324,0.2372,1.0506,1,Reliance market update,1.0,0,0.0324
2025-04-08,1172.08,19555040,Reliance,RELIANCE.NS,0.0142,-0.1174,1.0286,1,Reliance market update,1.0,0,0.0142
2025-04-09,1175.2,10223104,Reliance,RELIANCE.NS,0.0027,-0.4772,1.0187,1,Reliance market update,1.0,0,0.0027
2025-04-11,1208.51,11224242,Reliance,RELIANCE.NS,0.0283,0.0979,1.023,1,Reliance market update,1.0,0,0.0283
2025-04-15,1229.48,13378535,Reliance,RELIANCE.NS,0.0174,0.1919,1.0112,0,Reliance market update,1.0,0,0.0174
2025-04-16,1228.69,8248464,Reliance,RELIANCE.NS,-0.0006,-0.3835,1.0097,1,Reliance market update,1.0,0,0.0006
2025-04-17,1263.59,15398401,Reliance,RELIANCE.NS,0.0284,0.8668,1.0428,1,Reliance market update,1.0,0,0.0284
2025-04-21,1284.41,10429964,Reliance,RELIANCE.NS,0.0165,-0.3227,1.0268,0,Reliance market update,1.0,0,0.0165
2025-04-22,1280.14,13051707,Reliance,RELIANCE.NS,-0.0033,0.2514,1.0137,1,Reliance market update,1.0,0,0.0033
2025-04-23,1288.87,10480888,Reliance,RELIANCE.NS,0.0068,-0.197,1.016,1,Reliance market update,1.0,0,0.0068
2025-04-24,1290.46,10468940,Reliance,RELIANCE.NS,0.0012,-0.0011,1.011,0,Reliance market update,1.0,0,0.0012
2025-04-25,1289.27,14431012,Reliance,RELIANCE.NS,-0.0009,0.3785,1.0288,1,Reliance market update,1.0,0,0.0009
2025-04-28,1357.08,31104496,Reliance,RELIANCE.NS,0.0526,1.1554,1.0412,1,Reliance market update,1.0,0,0.0526
2025-04-29,1387.72,32538970,Reliance,RELIANCE.NS,0.0226,0.0461,1.0299,1,Reliance market update,1.0,0,0.0226
2025-04-30,1392.97,25480745,Reliance,RELIANCE.NS,0.0038,-0.2169,1.0317,1,Reliance market update,1.0,0,0.0038
2025-05-02,1407.64,13007841,Reliance,RELIANCE.NS,0.0105,-0.4895,1.0125,1,Reliance market update,1.0,0,0.0105
2025-05-05,1419.05,12685649,Reliance,RELIANCE.NS,0.0081,-0.0248,1.0088,0,Reliance market update,1.0,0,0.0081
2025-05-06,1408.73,14084117,Reliance,RELIANCE.NS,-0.0073,0.1102,1.0152,0,Reliance market update,1.0,0,0.0073
2025-05-07,1393.96,13440169,Reliance,RELIANCE.NS,-0.0105,-0.0457,1.0155,1,Reliance market update,1.0,0,0.0105
2025-05-08,1394.95,16106175,Reliance,RELIANCE.NS,0.0007,0.1984,1.0163,0,Reliance market update,1.0,0,0.0007
2025-05-09,1365.41,13668904,Reliance,RELIANCE.NS,-0.0212,-0.1513,1.0148,1,Reliance market update,1.0,0,0.0212
2025-05-12,1424.2,10674081,Reliance,RELIANCE.NS,0.0431,-0.2191,1.0279,0,Reliance market update,1.0,0,0.0431
2025-05-13,1403.58,11407896,Reliance,RELIANCE.NS,-0.0145,0.0687,1.025,1,Reliance market update,1.0,0,0.0145
2025-05-14,1412.2,5570160,Reliance,RELIANCE.NS,0.0061,-0.5117,1.0102,1,Reliance market update,1.0,0,0.0061
2025-05-15,1441.75,20177211,Reliance,RELIANCE.NS,0.0209,2.6224,1.0345,1,Reliance market update,1.0,0,0.0209
2025-05-16,1443.93,9036695,Reliance,RELIANCE.NS,0.0015,-0.5521,1.0095,0,Reliance market update,1.0,0,0.0015
2025-05-19,1428.46,6195791,Reliance,RELIANCE.NS,-0.0107,-0.3144,1.0114,0,Reliance market update,1.0,0,0.0107
2025-05-20,1412.4,11270560,Reliance,RELIANCE.NS,-0.0112,0.8191,1.0163,1,Reliance market update,1.0,0,0.0112
2025-05-21,1416.96,6136364,Reliance,RELIANCE.NS,0.0032,-0.4555,1.0128,0,Reliance market update,1.0,0,0.0032
2025-05-22,1397.33,12134466,Reliance,RELIANCE.NS,-0.0139,0.9775,1.0193,1,Reliance market update,1.0,0,0.0139
2025-05-23,1414.58,6474883,Reliance,RELIANCE.NS,0.0123,-0.4664,1.0193,1,Reliance market update,1.0,0,0.0123
2025-05-26,1422.52,4842944,Reliance,RELIANCE.NS,0.0056,-0.252,1.0112,0,Reliance market update,1.0,0,0.0056
2025-05-27,1409.92,12640414,Reliance,RELIANCE.NS,-0.0089,1.6101,1.0163,0,Reliance market update,1.0,0,0.0089
2025-05-28,1400.8,5944611,Reliance,RELIANCE.NS,-0.0065,-0.5297,1.0084,1,Reliance market update,1.0,0,0.0065
2025-05-29,1405.66,13771917,Reliance,RELIANCE.NS,0.0035,1.3167,1.0081,1,Reliance market update,1.0,0,0.0035
2025-05-30,1408.73,13788484,Reliance,RELIANCE.NS,0.0022,0.0012,1.0148,0,Reliance market update,1.0,0,0.0022
2025-06-02,1401.6,8098668,Reliance,RELIANCE.NS,-0.0051,-0.4126,1.0157,0,Reliance market update,1.0,0,0.0051
2025-06-03,1393.47,11252626,Reliance,RELIANCE.NS,-0.0058,0.3894,1.0165,1,Reliance market update,1.0,0,0.0058
2025-06-04,1411.31,8126827,Reliance,RELIANCE.NS,0.0128,-0.2778,1.0139,1,Reliance market update,1.0,0,0.0128
2025-06-05,1430.05,13716817,Reliance,RELIANCE.NS,0.0133,0.6878,1.0218,1,Reliance market update,1.0,0,0.0133
2025-06-06,1431.14,8182161,Reliance,RELIANCE.NS,0.0008,-0.4035,1.0101,1,Reliance market update,1.0,0,0.0008
2025-06-09,1436.4,7885125,Reliance,RELIANCE.NS,0.0037,-0.0363,1.0084,0,Reliance market update,1.0,0,0.0037
2025-06-10,1426.18,7913181,Reliance,RELIANCE.NS,-0.0071,0.0036,1.0125,1,Reliance market update,1.0,0,0.0071
2025-06-11,1436.49,8195700,Reliance,RELIANCE.NS,0.0072,0.0357,1.0177,0,Reliance market update,1.0,0,0.0072
2025-06-12,1429.26,8828114,Reliance,RELIANCE.NS,-0.005,0.0772,1.0158,0,Reliance market update,1.0,0,0.005
2025-06-13,1415.67,9757276,Reliance,RELIANCE.NS,-0.0095,0.1053,1.015,1,Reliance market update,1.0,0,0.0095
2025-06-16,1425.49,8458093,Reliance,RELIANCE.NS,0.0069,-0.1332,1.0126,0,Reliance market update,1.0,0,0.0069
2025-06-17,1418.95,10366599,Reliance,RELIANCE.NS,-0.0046,0.2256,1.0156,0,Reliance market update,1.0,0,0.0046
2025-06-18,1417.86,6681735,Reliance,RELIANCE.NS,-0.0008,-0.3555,1.012,1,Reliance market update,1.0,0,0.0008
2025-06-19,1421.03,10007230,Reliance,RELIANCE.NS,0.0022,0.4977,1.01,1,Reliance market update,1.0,0,0.0022
2025-06-20,1453.65,29010635,Reliance,RELIANCE.NS,0.023,1.899,1.03,0,Reliance market update,1.0,0,0.023
2025-06-23,1444.33,5989078,Reliance,RELIANCE.NS,-0.0064,-0.7936,1.0151,0,Reliance market update,1.0,0,0.0064
2025-06-24,1438.38,16402744,Reliance,RELIANCE.NS,-0.0041,1.7388,1.0221,1,Reliance market update,1.0,0,0.0041
2025-06-25,1454.74,7525851,Reliance,RELIANCE.NS,0.0114,-0.5412,1.0081,1,Reliance market update,1.0,0,0.0114
2025-06-26,1482.5,14657893,Reliance,RELIANCE.NS,0.0191,0.9477,1.023,1,Reliance market update,1.0,0,0.0191
2025-06-27,1502.43,11117052,Reliance,RELIANCE.NS,0.0134,-0.2416,1.0168,0,Reliance market update,1.0,0,0.0134
2025-06-30,1487.75,8409527,Reliance,RELIANCE.NS,-0.0098,-0.2435,1.0193,1,Reliance market update,1.0,0,0.0098
2025-07-01,1515.31,10368523,Reliance,RELIANCE.NS,0.0185,0.2329,1.0209,0,Reliance market update,1.0,0,0.0185
2025-07-02,1505.8,6361002,Reliance,RELIANCE.NS,-0.0063,-0.3865,1.0141,0,Reliance market update,1.0,0,0.0063
2025-07-03,1504.8,11283291,Reliance,RELIANCE.NS,-0.0007,0.7738,1.0125,1,Reliance market update,1.0,0,0.0007
2025-07-04,1514.22,6603501,Reliance,RELIANCE.NS,0.0063,-0.4148,1.0084,1,Reliance market update,1.0,0,0.0063
2025-07-07,1528.3,7251074,Reliance,RELIANCE.NS,0.0093,0.0981,1.013,0,Reliance market update,1.0,0,0.0093
2025-07-08,1524.44,7171261,Reliance,RELIANCE.NS,-0.0025,-0.011,1.0096,0,Reliance market update,1.0,0,0.0025
2025-07-09,1505.99,8870660,Reliance,RELIANCE.NS,-0.0121,0.237,1.0271,0,Reliance market update,1.0,0,0.0121
2025-07-10,1504.21,10047129,Reliance,RELIANCE.NS,-0.0012,0.1326,1.0114,0,Reliance market update,1.0,0,0.0012
2025-07-11,1482.4,7234991,Reliance,RELIANCE.NS,-0.0145,-0.2799,1.0166,0,Reliance market update,1.0,0,0.0145
2025-07-14,1471.0,10311846,Reliance,RELIANCE.NS,-0.0077,0.4253,1.0141,1,Reliance market update,1.0,0,0.0077
2025-07-15,1472.68,8132454,Reliance,RELIANCE.NS,0.0011,-0.2113,1.0095,1,Reliance market update,1.0,0,0.0011
2025-07-16,1472.88,10409983,Reliance,RELIANCE.NS,0.0001,0.2801,1.0133,0,Reliance market update,1.0,0,0.0001
2025-07-17,1463.76,11854613,Reliance,RELIANCE.NS,-0.0062,0.1388,1.0107,0,Reliance market update,1.0,0,0.0062
2025-07-18,1463.36,10296318,Reliance,RELIANCE.NS,-0.0003,-0.1315,1.0107,0,Reliance market update,1.0,0,0.0003
2025-07-21,1416.37,22442744,Reliance,RELIANCE.NS,-0.0321,1.1797,1.0372,0,Reliance market update,1.0,0,0.0321
2025-07-22,1400.7,20396320,Reliance,RELIANCE.NS,-0.0111,-0.0912,1.015,1,Reliance market update,1.0,0,0.0111
2025-07-23,1412.4,8354596,Reliance,RELIANCE.NS,0.0084,-0.5904,1.0082,0,Reliance market update,1.0,0,0.0084
2025-07-24,1390.89,14740507,Reliance,RELIANCE.NS,-0.0152,0.7644,1.0193,0,Reliance market update,1.0,0,0.0152
2025-07-25,1379.78,11854722,Reliance,RELIANCE.NS,-0.008,-0.1958,1.0122,0,Reliance market update,1.0,0,0.008
2025-07-28,1375.72,7748361,Reliance,RELIANCE.NS,-0.0029,-0.3464,1.0165,1,Reliance market update,1.0,0,0.0029
2025-07-29,1404.97,10750072,Reliance,RELIANCE.NS,0.0213,0.3874,1.0269,0,Reliance market update,1.0,0,0.0213
2025-07-30,1398.03,7209849,Reliance,RELIANCE.NS,-0.0049,-0.3293,1.0157,0,Reliance market update,1.0,0,0.0049
2025-07-31,1378.3,17065827,Reliance,RELIANCE.NS,-0.0141,1.367,1.0148,1,Reliance market update,1.0,0,0.0141
2025-08-01,1381.77,10321171,Reliance,RELIANCE.NS,0.0025,-0.3952,1.0156,1,Reliance market update,1.0,0,0.0025
2025-08-04,1399.41,6312820,Reliance,RELIANCE.NS,0.0128,-0.3884,1.0175,0,Reliance market update,1.0,0,0.0128
2025-08-05,1379.78,9315972,Reliance,RELIANCE.NS,-0.014,0.4757,1.0165,1,Reliance market update,1.0,0,0.014
2025-08-06,1380.87,5834312,Reliance,RELIANCE.NS,0.0008,-0.3737,1.0091,0,Reliance market update,1.0,0,0.0008
2025-08-07,1377.5,9976705,Reliance,RELIANCE.NS,-0.0024,0.71,1.0203,0,Reliance market update,1.0,0,0.0024
2025-08-08,1356.09,8793606,Reliance,RELIANCE.NS,-0.0155,-0.1186,1.0236,1,Reliance market update,1.0,0,0.0155
2025-08-11,1374.33,9997486,Reliance,RELIANCE.NS,0.0135,0.1369,1.0197,0,Reliance market update,1.0,0,0.0135
2025-08-12,1368.58,12244664,Reliance,RELIANCE.NS,-0.0042,0.2248,1.0194,1,Reliance market update,1.0,0,0.0042
2025-08-13,1370.76,7457021,Reliance,RELIANCE.NS,0.0016,-0.391,1.0104,0,Reliance market update,1.0,0,0.0016
2025-08-14,1367.48,7126128,Reliance,RELIANCE.NS,-0.0024,-0.0444,1.0077,1,Reliance market update,1.0,0,0.0024
2025-08-18,1375.34,11785109,Reliance,RELIANCE.NS,0.0058,0.6538,1.013,1,Reliance market update,1.0,0,0.0057
2025-08-19,1413.56,14384719,Reliance,RELIANCE.NS,0.0278,0.2206,1.023,0,Reliance market update,1.0,0,0.0278
2025-08-20,1406.5,8725641,Reliance,RELIANCE.NS,-0.005,-0.3934,1.0106,1,Reliance market update,1.0,0,0.005
2025-08-21,1418.24,11021323,Reliance,RELIANCE.NS,0.0084,0.2631,1.0082,0,Reliance market update,1.0,0,0.0083
2025-08-22,1402.71,5818868,Reliance,RELIANCE.NS,-0.0109,-0.472,1.011,1,Reliance market update,1.0,0,0.011
2025-08-25,1406.1,5979407,Reliance,RELIANCE.NS,0.0024,0.0276,1.0098,0,Reliance market update,1.0,0,0.0024
2025-08-26,1378.53,12145259,Reliance,RELIANCE.NS,-0.0196,1.0312,1.0206,1,Reliance market update,1.0,0,0.0196
2025-08-28,1379.52,13161813,Reliance,RELIANCE.NS,0.0007,0.0837,1.0188,0,Reliance market update,1.0,0,0.0007
2025-08-29,1350.95,18758842,Reliance,RELIANCE.NS,-0.0207,0.4252,1.0396,0,Reliance market update,1.0,0,0.0207
2025-09-01,1347.67,11232238,Reliance,RELIANCE.NS,-0.0024,-0.4012,1.0169,1,Reliance market update,1.0,0,0.0024
2025-09-02,1360.21,11517006,Reliance,RELIANCE.NS,0.0093,0.0254,1.0221,1,Reliance market update,1.0,0,0.0093
2025-09-03,1366.28,7847563,Reliance,RELIANCE.NS,0.0045,-0.3186,1.0118,0,Reliance market update,1.0,0,0.0045
2025-09-04,1353.04,13223177,Reliance,RELIANCE.NS,-0.0097,0.685,1.0125,1,Reliance market update,1.0,0,0.0097
2025-09-05,1368.67,5777575,Reliance,RELIANCE.NS,0.0116,-0.5631,1.016,1,Reliance market update,1.0,0,0.0116
2025-09-08,1372.16,6986720,Reliance,RELIANCE.NS,0.0025,0.2093,1.0099,0,Reliance market update,1.0,0,0.0025
2025-09-09,1369.87,9754452,Reliance,RELIANCE.NS,-0.0017,0.3961,1.0091,1,Reliance market update,1.0,0,0.0017
2025-09-10,1370.66,7790815,Reliance,RELIANCE.NS,0.0006,-0.2013,1.0105,1,Reliance market update,1.0,0,0.0006
2025-09-11,1376.93,9766072,Reliance,RELIANCE.NS,0.0046,0.2535,1.0076,1,Reliance market update,1.0,0,0.0046
2025-09-12,1388.58,7403368,Reliance,RELIANCE.NS,0.0085,-0.2419,1.0114,1,Reliance market update,1.0,0,0.0085
2025-09-15,1392.86,5396697,Reliance,RELIANCE.NS,0.0031,-0.271,1.0088,1,Reliance market update,1.0,0,0.0031
2025-09-16,1398.83,8686961,Reliance,RELIANCE.NS,0.0043,0.6097,1.007,1,Reliance market update,1.0,0,0.0043
2025-09-17,1407.29,7519417,Reliance,RELIANCE.NS,0.006,-0.1344,1.0066,1,Reliance market update,1.0,0,0.006
2025-09-18,1408.49,9332642,Reliance,RELIANCE.NS,0.0008,0.2411,1.008,0,Reliance market update,1.0,0,0.0009
2025-09-19,1400.92,13461373,Reliance,RELIANCE.NS,-0.0054,0.4424,1.0095,0,Reliance market update,1.0,0,0.0054
2025-09-22,1384.2,7757970,Reliance,RELIANCE.NS,-0.0119,-0.4237,1.0164,0,Reliance market update,1.0,0,0.0119
2025-09-23,1383.4,14014702,Reliance,RELIANCE.NS,-0.0006,0.8065,1.0132,0,Reliance market update,1.0,0,0.0006
2025-09-24,1376.64,5922759,Reliance,RELIANCE.NS,-0.0049,-0.5774,1.0113,0,Reliance market update,1.0,0,0.0049
2025-09-25,1366.08,11411143,Reliance,RELIANCE.NS,-0.0077,0.9267,1.0113,1,Reliance market update,1.0,0,0.0077
2025-09-26,1371.26,9879109,Reliance,RELIANCE.NS,0.0038,-0.1343,1.0122,0,Reliance market update,1.0,0,0.0038
2025-09-29,1366.48,14231999,Reliance,RELIANCE.NS,-0.0035,0.4406,1.0154,0,Reliance market update,1.0,0,0.0035
2025-09-30,1357.72,14604684,Reliance,RELIANCE.NS,-0.0064,0.0262,1.0105,1,Reliance market update,1.0,0,0.0064
2025-10-01,1362.4,12045916,Reliance,RELIANCE.NS,0.0034,-0.1752,1.0117,0,Reliance market update,1.0,0,0.0034
2025-10-03,1357.13,12842347,Reliance,RELIANCE.NS,-0.0039,0.0661,1.0108,1,Reliance market update,1.0,0,0.0039
2025-10-06,1368.67,12396580,Reliance,RELIANCE.NS,0.0085,-0.0347,1.0135,1,Reliance market update,1.0,0,0.0085
2025-10-07,1378.43,11244040,Reliance,RELIANCE.NS,0.0071,-0.093,1.0145,0,Reliance market update,1.0,0,0.0071
2025-10-08,1361.11,8525081,Reliance,RELIANCE.NS,-0.0126,-0.2418,1.018,1,Reliance market update,1.0,0,0.0126
2025-10-09,1371.46,8826633,Reliance,RELIANCE.NS,0.0076,0.0354,1.008,1,Reliance market update,1.0,0,0.0076
2025-10-10,1375.34,6373084,Reliance,RELIANCE.NS,0.0028,-0.278,1.0094,0,Reliance market update,1.0,0,0.0028
2025-10-13,1368.67,7600682,Reliance,RELIANCE.NS,-0.0048,0.1926,1.0072,1,Reliance market update,1.0,0,0.0048
2025-10-14,1369.57,9768174,Reliance,RELIANCE.NS,0.0007,0.2852,1.0131,0,Reliance market update,1.0,0,0.0007
2025-10-15,1367.98,10882743,Reliance,RELIANCE.NS,-0.0012,0.1141,1.0082,1,Reliance market update,1.0,0,0.0012
2025-10-16,1391.86,12315932,Reliance,RELIANCE.NS,0.0175,0.1317,1.0185,1,Reliance market update,1.0,0,0.0175
2025-10-17,1410.28,19335561,Reliance,RELIANCE.NS,0.0132,0.57,1.0173,1,Reliance market update,1.0,0,0.0132
2025-10-20,1460.05,24721978,Reliance,RELIANCE.NS,0.0353,0.2786,1.0283,0,Reliance market update,1.0,0,0.0353
2025-10-21,1458.46,2066169,Reliance,RELIANCE.NS,-0.0011,-0.9164,1.0096,0,Reliance market update,1.0,0,0.0011
2025-10-23,1441.73,18707090,Reliance,RELIANCE.NS,-0.0115,8.054,1.0265,1,Reliance market update,1.0,0,0.0115
2025-10-24,1444.92,9700837,Reliance,RELIANCE.NS,0.0022,-0.4814,1.013,1,Reliance market update,1.0,0,0.0022
2025-10-27,1477.27,14113867,Reliance,RELIANCE.NS,0.0224,0.4549,1.0185,1,Reliance market update,1.0,0,0.0224
2025-10-28,1480.06,17631577,Reliance,RELIANCE.NS,0.0019,0.2492,1.0097,1,Reliance market update,1.0,0,0.0019
2025-10-29,1497.28,11884745,Reliance,RELIANCE.NS,0.0116,-0.3259,1.0136,0,Reliance market update,1.0,0,0.0116
2025-10-30,1481.65,9318663,Reliance,RELIANCE.NS,-0.0104,-0.2159,1.0129,0,Reliance market update,1.0,0,0.0104
2025-10-31,1479.56,8758053,Reliance,RELIANCE.NS,-0.0014,-0.0602,1.0103,0,Reliance market update,1.0,0,0.0014
2025-11-03,1477.87,8452085,Reliance,RELIANCE.NS,-0.0011,-0.0349,1.0106,0,Reliance market update,1.0,0,0.0011
2025-11-04,1466.32,10007806,Reliance,RELIANCE.NS,-0.0078,0.1841,1.0154,1,Reliance market update,1.0,0,0.0078
2025-11-06,1489.21,16772678,Reliance,RELIANCE.NS,0.0156,0.676,1.0172,0,Reliance market update,1.0,0,0.0156
2025-11-07,1471.2,7821765,Reliance,RELIANCE.NS,-0.0121,-0.5337,1.0152,1,Reliance market update,1.0,0,0.0121
2025-11-10,1482.45,7068438,Reliance,RELIANCE.NS,0.0076,-0.0963,1.0173,1,Reliance market update,1.0,0,0.0076
2025-11-11,1486.53,7127506,Reliance,RELIANCE.NS,0.0028,0.0084,1.0126,1,Reliance market update,1.0,0,0.0028
2025-11-12,1504.54,12384459,Reliance,RELIANCE.NS,0.0121,0.7376,1.0165,0,Reliance market update,1.0,0,0.0121
2025-11-13,1503.95,7196443,Reliance,RELIANCE.NS,-0.0004,-0.4189,1.0102,1,Reliance market update,1.0,0,0.0004
2025-11-14,1511.91,7682823,Reliance,RELIANCE.NS,0.0053,0.0676,1.0102,0,Reliance market update,1.0,0,0.0053
2025-11-17,1511.31,5871416,Reliance,RELIANCE.NS,-0.0004,-0.2358,1.0081,1,Reliance market update,1.0,0,0.0004
2025-11-18,1512.41,11045042,Reliance,RELIANCE.NS,0.0007,0.8812,1.0115,0,Reliance market update,1.0,0,0.0007
2025-11-19,1511.91,5692366,Reliance,RELIANCE.NS,-0.0003,-0.4846,1.0068,1,Reliance market update,1.0,0,0.0003
2025-11-20,1541.97,18171724,Reliance,RELIANCE.NS,0.0199,2.1923,1.0159,0,Reliance market update,1.0,0,0.0199
2025-11-21,1539.48,9615271,Reliance,RELIANCE.NS,-0.0016,-0.4709,1.0115,0,Reliance market update,1.0,0,0.0016
2025-11-24,1528.83,18433951,Reliance,RELIANCE.NS,-0.0069,0.9172,1.0119,1,Reliance market update,1.0,0,0.0069
2025-11-25,1532.61,15033482,Reliance,RELIANCE.NS,0.0025,-0.1845,1.0226,1,Reliance market update,1.0,0,0.0025
2025-11-26,1562.67,14054299,Reliance,RELIANCE.NS,0.0196,-0.0651,1.0202,0,Reliance market update,1.0,0,0.0196
2025-11-27,1556.2,9794643,Reliance,RELIANCE.NS,-0.0041,-0.3031,1.0125,1,Reliance market update,1.0,0,0.0041
2025-11-28,1560.29,8959508,Reliance,RELIANCE.NS,0.0026,-0.0853,1.0117,0,Reliance market update,1.0,0,0.0026
2025-12-01,1558.89,8920233,Reliance,RELIANCE.NS,-0.0009,-0.0044,1.0089,0,Reliance market update,1.0,0,0.0009
2025-12-02,1539.18,11389150,Reliance,RELIANCE.NS,-0.0126,0.2768,1.0165,0,Reliance market update,1.0,0,0.0126
2025-12-03,1531.72,6090883,Reliance,RELIANCE.NS,-0.0049,-0.4652,1.0127,0,Reliance market update,1.0,0,0.0048
2025-12-04,1528.53,11867930,Reliance,RELIANCE.NS,-0.0021,0.9485,1.0283,1,Reliance market update,1.0,0,0.0021
2025-12-05,1533.51,10183266,Reliance,RELIANCE.NS,0.0033,-0.142,1.0166,1,Reliance market update,1.0,0,0.0033
2025-12-08,1535.9,11301491,Reliance,RELIANCE.NS,0.0016,0.1098,1.0104,0,Reliance market update,1.0,0,0.0016
2025-12-09,1522.36,11503971,Reliance,RELIANCE.NS,-0.0088,0.0179,1.0147,1,Reliance market update,1.0,0,0.0088
2025-12-10,1529.83,7991629,Reliance,RELIANCE.NS,0.0049,-0.3053,1.0105,1,Reliance market update,1.0,0,0.0049
2025-12-11,1537.89,4706197,Reliance,RELIANCE.NS,0.0053,-0.4111,1.0171,1,Reliance market update,1.0,0,0.0053
2025-12-12,1549.34,5106655,Reliance,RELIANCE.NS,0.0074,0.0851,1.0089,0,Reliance market update,1.0,0,0.0074
2025-12-15,1549.04,5774543,Reliance,RELIANCE.NS,-0.0002,0.1308,1.0078,0,Reliance market update,1.0,0,0.0002
2025-12-16,1535.2,11731856,Reliance,RELIANCE.NS,-0.0089,1.0317,1.0084,1,Reliance market update,1.0,0,0.0089
2025-12-17,1537.29,7116649,Reliance,RELIANCE.NS,0.0014,-0.3934,1.007,0,Reliance market update,1.0,0,0.0014
2025-12-18,1537.29,6580829,Reliance,RELIANCE.NS,0.0,-0.0753,1.0106,1,Reliance market update,1.0,0,0.0
2025-12-19,1557.9,13937275,Reliance,RELIANCE.NS,0.0134,1.1179,1.015,1,Reliance market update,1.0,0,0.0134
2025-12-22,1568.15,10184852,Reliance,RELIANCE.NS,0.0066,-0.2692,1.0078,0,Reliance market update,1.0,0,0.0066
2025-12-23,1563.47,7506564,Reliance,RELIANCE.NS,-0.003,-0.263,1.0082,0,Reliance market update,1.0,0,0.003
2025-12-24,1551.03,8815745,Reliance,RELIANCE.NS,-0.008,0.1744,1.0142,1,Reliance market update,1.0,0,0.008
2025-12-26,1552.02,2311495,Reliance,RELIANCE.NS,0.0006,-0.7378,1.0043,0,Reliance market update,1.0,0,0.0006
2025-12-29,1538.49,5972105,Reliance,RELIANCE.NS,-0.0087,1.5837,1.0094,0,Reliance market update,1.0,0,0.0087
2025-12-30,1532.71,8815884,Reliance,RELIANCE.NS,-0.0038,0.4762,1.0103,1,Reliance market update,1.0,0,0.0038
2025-12-31,1563.17,5771830,Reliance,RELIANCE.NS,0.0199,-0.3453,1.0234,1,Reliance market update,1.0,0,0.0199
2026-01-01,1568.35,6408128,Reliance,RELIANCE.NS,0.0033,0.1102,1.0136,1,Reliance market update,1.0,0,0.0033
2026-01-02,1584.97,6602230,Reliance,RELIANCE.NS,0.0106,0.0303,1.0104,0,Reliance market update,1.0,0,0.0106
2026-01-05,1570.84,8704973,Reliance,RELIANCE.NS,-0.0089,0.3185,1.0232,0,Reliance market update,1.0,0,0.0089
2026-01-06,1500.66,27417125,Reliance,RELIANCE.NS,-0.0447,2.1496,1.0486,0,Reliance market update,1.0,0,0.0447
2026-01-07,1497.28,11199340,Reliance,RELIANCE.NS,-0.0023,-0.5915,1.0147,0,Reliance market update,1.0,0,0.0023
2026-01-08,1463.83,16518684,Reliance,RELIANCE.NS,-0.0223,0.475,1.0239,1,Reliance market update,1.0,0,0.0223
2026-01-09,1468.51,8335311,Reliance,RELIANCE.NS,0.0032,-0.4954,1.0102,1,Reliance market update,1.0,0,0.0032
2026-01-12,1476.37,8883745,Reliance,RELIANCE.NS,0.0054,0.0658,1.0236,0,Reliance market update,1.0,0,0.0054
2026-01-13,1446.11,13499760,Reliance,RELIANCE.NS,-0.0205,0.5196,1.0284,1,Reliance market update,1.0,0,0.0205
2026-01-14,1452.09,8321764,Reliance,RELIANCE.NS,0.0041,-0.3836,1.0186,0,Reliance market update,1.0,0,0.0041
2026-01-15,1452.09,0,Reliance,RELIANCE.NS,0.0,-1.0,1.0,0,Reliance market update,1.0,0,0.0
2026-01-16,1451.19,17167161,Reliance,RELIANCE.NS,-0.0006,inf,1.0171,0,Reliance market update,1.0,0,0.0006
2026-01-19,1407.09,20392765,Reliance,RELIANCE.NS,-0.0304,0.1879,1.0337,0,Reliance market update,1.0,0,0.0304
2026-01-20,1387.58,13189498,Reliance,RELIANCE.NS,-0.0139,-0.3532,1.0187,1,Reliance market update,1.0,0,0.0139
2026-01-21,1398.14,17352720,Reliance,RELIANCE.NS,0.0076,0.3156,1.0291,0,Reliance market update,1.0,0,0.0076
2026-01-22,1396.05,15721693,Reliance,RELIANCE.NS,-0.0015,-0.094,1.0176,0,Reliance market update,1.0,0,0.0015
2026-01-23,1379.72,9837802,Reliance,RELIANCE.NS,-0.0117,-0.3743,1.0188,0,Reliance market update,1.0,0,0.0117
2026-01-27,1374.15,26302396,Reliance,RELIANCE.NS,-0.004,1.6736,1.0173,1,Reliance market update,1.0,0,0.004
2026-01-28,1390.27,11121657,Reliance,RELIANCE.NS,0.0117,-0.5772,1.0181,0,Reliance market update,1.0,0,0.0117
2026-01-29,1384.6,20846683,Reliance,RELIANCE.NS,-0.0041,0.8744,1.0137,1,Reliance market update,1.0,0,0.0041
2026-01-30,1388.98,11239835,Reliance,RELIANCE.NS,0.0032,-0.4608,1.0141,0,Reliance market update,1.0,0,0.0032
2026-02-02,1384.0,15711165,Reliance,RELIANCE.NS,-0.0036,0.3978,1.043,1,Reliance market update,1.0,0,0.0036
2026-02-03,1430.49,25456171,Reliance,RELIANCE.NS,0.0336,0.6203,1.0415,1,Reliance market update,1.0,0,0.0336
2026-02-04,1450.1,8333387,Reliance,RELIANCE.NS,0.0137,-0.6726,1.0165,0,Reliance market update,1.0,0,0.0137
2026-02-05,1436.76,11763658,Reliance,RELIANCE.NS,-0.0092,0.4116,1.0153,1,Reliance market update,1.0,0,0.0092
2026-02-06,1444.12,8277304,Reliance,RELIANCE.NS,0.0051,-0.2964,1.0135,1,Reliance market update,1.0,0,0.0051
2026-02-09,1454.87,5775864,Reliance,RELIANCE.NS,0.0074,-0.3022,1.0089,0,Reliance market update,1.0,0,0.0074
2026-02-10,1451.79,10259630,Reliance,RELIANCE.NS,-0.0021,0.7763,1.0129,1,Reliance market update,1.0,0,0.0021
2026-02-11,1461.94,7106877,Reliance,RELIANCE.NS,0.007,-0.3073,1.0113,0,Reliance market update,1.0,0,0.007
2026-02-12,1442.23,11135399,Reliance,RELIANCE.NS,-0.0135,0.5668,1.019,0,Reliance market update,1.0,0,0.0135
2026-02-13,1413.07,10755693,Reliance,RELIANCE.NS,-0.0202,-0.0341,1.0243,1,Reliance market update,1.0,0,0.0202
2026-02-16,1430.49,5896514,Reliance,RELIANCE.NS,0.0123,-0.4518,1.0215,0,Reliance market update,1.0,0,0.0123
2026-02-17,1416.45,10731630,Reliance,RELIANCE.NS,-0.0098,0.82,1.0093,1,Reliance market update,1.0,0,0.0098
2026-02-18,1434.67,5521096,Reliance,RELIANCE.NS,0.0129,-0.4855,1.0161,0,Reliance market update,1.0,0,0.0129
2026-02-19,1403.01,11884664,Reliance,RELIANCE.NS,-0.0221,1.1526,1.0307,1,Reliance market update,1.0,0,0.0221
2026-02-20,1412.87,8177670,Reliance,RELIANCE.NS,0.007,-0.3119,1.0151,1,Reliance market update,1.0,0,0.007
2026-02-23,1421.43,7758856,Reliance,RELIANCE.NS,0.0061,-0.0512,1.0117,1,Reliance market update,1.0,0,0.0061
2026-02-24,1422.22,12529409,Reliance,RELIANCE.NS,0.0006,0.6149,1.0129,0,Reliance market update,1.0,0,0.0006
2026-02-25,1392.06,10728792,Reliance,RELIANCE.NS,-0.0212,-0.1437,1.0337,1,Reliance market update,1.0,0,0.0212
2026-02-26,1400.33,16683858,Reliance,RELIANCE.NS,0.0059,0.5551,1.0151,0,Reliance market update,1.0,0,0.0059
2026-02-27,1387.48,12031440,Reliance,RELIANCE.NS,-0.0092,-0.2789,1.0161,0,Reliance market update,1.0,0,0.0092
2026-03-02,1351.75,23728722,Reliance,RELIANCE.NS,-0.0258,0.9722,1.0277,0,Reliance market update,1.0,0,0.0258
2026-03-04,1338.81,32495007,Reliance,RELIANCE.NS,-0.0096,0.3694,1.035,1,Reliance market update,1.0,0,0.0096
2026-03-05,1383.01,25957532,Reliance,RELIANCE.NS,0.033,-0.2012,1.0339,1,Reliance market update,1.0,0,0.033
2026-03-06,1398.33,19311971,Reliance,RELIANCE.NS,0.0111,-0.256,1.0245,1,Reliance market update,1.0,0,0.0111
2026-03-09,1417.45,24870822,Reliance,RELIANCE.NS,0.0137,0.2878,1.0434,0,Reliance market update,1.0,0,0.0137
2026-03-10,1402.32,18071259,Reliance,RELIANCE.NS,-0.0107,-0.2734,1.0221,0,Reliance market update,1.0,0,0.0107
2026-03-11,1383.8,21848087,Reliance,RELIANCE.NS,-0.0132,0.209,1.0364,1,Reliance market update,1.0,0,0.0132
2026-03-12,1385.79,20939959,Reliance,RELIANCE.NS,0.0014,-0.0416,1.0216,0,Reliance market update,1.0,0,0.0014
2026-03-13,1374.35,17265090,Reliance,RELIANCE.NS,-0.0083,-0.1755,1.0163,1,Reliance market update,1.0,0,0.0083
2026-03-16,1388.68,22837802,Reliance,RELIANCE.NS,0.0104,0.3228,1.0248,1,Reliance market update,1.0,0,0.0104
2026-03-17,1391.17,19007744,Reliance,RELIANCE.NS,0.0018,-0.1677,1.0128,1,Reliance market update,1.0,0,0.0018
2026-03-18,1401.62,9559327,Reliance,RELIANCE.NS,0.0075,-0.4971,1.0112,0,Reliance market update,1.0,0,0.0075
2026-03-19,1378.43,16498373,Reliance,RELIANCE.NS,-0.0165,0.7259,1.0288,1,Reliance market update,1.0,0,0.0165
2026-03-20,1407.89,22994918,Reliance,RELIANCE.NS,0.0214,0.3938,1.0243,0,Reliance market update,1.0,0,0.0214
2026-03-23,1401.32,18979554,Reliance,RELIANCE.NS,-0.0047,-0.1746,1.0177,1,Reliance market update,1.0,0,0.0047
2026-03-24,1405.3,18620893,Reliance,RELIANCE.NS,0.0028,-0.0189,1.0112,1,Reliance market update,1.0,0,0.0028
2026-03-25,1406.6,19041331,Reliance,RELIANCE.NS,0.0009,0.0226,1.0157,0,Reliance market update,1.0,0,0.0009
2026-03-27,1341.9,23266517,Reliance,RELIANCE.NS,-0.046,0.2219,1.0444,0,Reliance market update,1.0,0,0.046
2026-03-30,1337.71,24393861,Reliance,RELIANCE.NS,-0.0031,0.0485,1.0232,1,Reliance market update,1.0,0,0.0031
2026-04-01,1362.9,14404619,Reliance,RELIANCE.NS,0.0188,-0.4095,1.0158,0,Reliance market update,1.0,0,0.0188
2026-04-02,1344.28,21280051,Reliance,RELIANCE.NS,-0.0137,0.4773,1.0227,0,Reliance market update,1.0,0,0.0137
2026-04-06,1298.7,29274881,Reliance,RELIANCE.NS,-0.0339,0.3757,1.0535,0,Reliance market update,1.0,0,0.0339
2026-04-07,1298.6,28388922,Reliance,RELIANCE.NS,-0.0001,-0.0303,1.0134,1,Reliance market update,1.0,0,0.0001
2026-04-08,1341.6,21817543,Reliance,RELIANCE.NS,0.0331,-0.2315,1.0184,0,Reliance market update,1.0,0,0.0331
2026-04-09,1323.88,20725390,Reliance,RELIANCE.NS,-0.0132,-0.0501,1.0179,1,Reliance market update,1.0,0,0.0132
2026-04-10,1343.99,19364461,Reliance,RELIANCE.NS,0.0152,-0.0657,1.0156,0,Reliance market update,1.0,0,0.0152
2026-04-13,1309.05,28753269,Reliance,RELIANCE.NS,-0.026,0.4848,1.0134,1,Reliance market update,1.0,0,0.026
2026-04-15,1337.91,15313779,Reliance,RELIANCE.NS,0.0221,-0.4674,1.0096,0,Reliance market update,1.0,0,0.022
2026-04-16,1337.12,30211012,Reliance,RELIANCE.NS,-0.0006,0.9728,1.0179,1,Reliance market update,1.0,0,0.0006
2026-04-17,1358.72,13869105,Reliance,RELIANCE.NS,0.0162,-0.5409,1.0212,0,Reliance market update,1.0,0,0.0162
2026-04-20,1357.03,13614733,Reliance,RELIANCE.NS,-0.0012,-0.0183,1.0149,0,Reliance market update,1.0,0,0.0012
2026-04-21,1347.07,27293629,Reliance,RELIANCE.NS,-0.0073,1.0047,1.0146,1,Reliance market update,1.0,0,0.0073
2026-04-22,1355.83,9525953,Reliance,RELIANCE.NS,0.0065,-0.651,1.0125,0,Reliance market update,1.0,0,0.0065
2026-04-23,1337.22,16385079,Reliance,RELIANCE.NS,-0.0137,0.72,1.011,0,Reliance market update,1.0,0,0.0137
2026-04-24,1321.69,11744802,Reliance,RELIANCE.NS,-0.0116,-0.2832,1.0158,1,Reliance market update,1.0,0,0.0116
2026-04-27,1359.51,24673098,Reliance,RELIANCE.NS,0.0286,1.1008,1.0462,1,Reliance market update,1.0,0,0.0286
2026-04-28,1382.51,41027699,Reliance,RELIANCE.NS,0.0169,0.6629,1.0282,1,Reliance market update,1.0,0,0.0169
2026-04-29,1418.84,30542143,Reliance,RELIANCE.NS,0.0263,-0.2556,1.0305,1,Reliance market update,1.0,0,0.0263
2026-04-30,1424.22,30957881,Reliance,RELIANCE.NS,0.0038,0.0136,1.0315,0,Reliance market update,1.0,0,0.0038
2026-05-01,1424.22,0,Reliance,RELIANCE.NS,0.0,-1.0,1.0,1,Reliance market update,1.0,0,0.0
2026-05-04,1456.37,24035700,Reliance,RELIANCE.NS,0.0226,inf,1.0237,1,Reliance market update,1.0,0,0.0226
2026-05-05,1456.86,23543341,Reliance,RELIANCE.NS,0.0003,-0.0205,1.0161,0,Reliance market update,1.0,0,0.0003
2026-05-06,1431.28,14221786,Reliance,RELIANCE.NS,-0.0176,-0.3959,1.0321,0,Reliance market update,1.0,0,0.0176
2026-05-07,1429.59,19816903,Reliance,RELIANCE.NS,-0.0012,0.3934,1.0134,0,Reliance market update,1.0,0,0.0012
2026-05-08,1428.59,8663105,Reliance,RELIANCE.NS,-0.0007,-0.5628,1.0178,0,Reliance market update,1.0,0,0.0007
2026-05-11,1381.81,15261787,Reliance,RELIANCE.NS,-0.0327,0.7617,1.0333,0,Reliance market update,1.0,0,0.0327
2026-05-12,1357.72,24357500,Reliance,RELIANCE.NS,-0.0174,0.596,1.0244,0,Reliance market update,1.0,0,0.0174
2026-05-13,1352.55,13797989,Reliance,RELIANCE.NS,-0.0038,-0.4335,1.0148,1,Reliance market update,1.0,0,0.0038
2026-05-14,1355.53,17303059,Reliance,RELIANCE.NS,0.0022,0.254,1.0144,0,Reliance market update,1.0,0,0.0022
2026-05-15,1330.25,19976192,Reliance,RELIANCE.NS,-0.0187,0.1545,1.0268,0,Reliance market update,1.0,0,0.0186
2026-05-18,1329.75,13022473,Reliance,RELIANCE.NS,-0.0004,-0.3481,1.0177,0,Reliance market update,1.0,0,0.0004
2026-05-19,1316.61,21665501,Reliance,RELIANCE.NS,-0.0099,0.6637,1.0194,1,Reliance market update,1.0,0,0.0099
2026-05-20,1353.44,13248515,Reliance,RELIANCE.NS,0.028,-0.3885,1.0383,0,Reliance market update,1.0,0,0.028
2026-05-21,1343.39,17150630,Reliance,RELIANCE.NS,-0.0074,0.2945,1.0191,1,Reliance market update,1.0,0,0.0074
2026-05-22,1348.27,7105813,Reliance,RELIANCE.NS,0.0036,-0.5857,1.0136,1,Reliance market update,1.0,0,0.0036
2026-05-25,1360.71,6750071,Reliance,RELIANCE.NS,0.0092,-0.0501,1.0104,0,Reliance market update,1.0,0,0.0092
2026-05-26,1350.06,13769747,Reliance,RELIANCE.NS,-0.0078,1.0399,1.0119,0,Reliance market update,1.0,0,0.0078
2026-05-27,1344.28,13215138,Reliance,RELIANCE.NS,-0.0043,-0.0403,1.0092,0,Reliance market update,1.0,0,0.0043
2026-05-28,1344.28,0,Reliance,RELIANCE.NS,0.0,-1.0,1.0,0,Reliance market update,1.0,0,0.0
2026-05-29,1315.12,42634247,Reliance,RELIANCE.NS,-0.0217,inf,1.0395,0,Reliance market update,1.0,0,0.0217
2026-06-01,1313.92,10700603,Reliance,RELIANCE.NS,-0.0009,-0.749,1.0129,0,Reliance market update,1.0,0,0.0009
2026-06-02,1308.55,23302785,Reliance,RELIANCE.NS,-0.0041,1.1777,1.0211,0,Reliance market update,1.0,0,0.0041
2026-06-03,1307.16,20012293,Reliance,RELIANCE.NS,-0.0011,-0.1412,1.0177,0,Reliance market update,1.0,0,0.0011
2026-06-04,1297.7,23474327,Reliance,RELIANCE.NS,-0.0072,0.173,1.014,0,Reliance market update,1.0,0,0.0072
2026-06-05,1291.0,17785223,Reliance,RELIANCE.NS,-0.0052,-0.2424,1.014,0,Reliance market update,1.0,0,0.0052
2026-06-08,1263.3,16494759,Reliance,RELIANCE.NS,-0.0215,-0.0726,1.0186,1,Reliance market update,1.0,0,0.0215
2026-06-09,1269.2,23620214,Reliance,RELIANCE.NS,0.0047,0.432,1.0133,0,Reliance market update,1.0,0,0.0047
2026-06-10,1258.8,21012796,Reliance,RELIANCE.NS,-0.0082,-0.1104,1.0368,1,Reliance market update,1.0,0,0.0082
2026-06-11,1263.0,13117486,Reliance,RELIANCE.NS,0.0033,-0.3757,1.0182,1,Reliance market update,1.0,0,0.0033
2026-06-12,1293.0,11988785,Reliance,RELIANCE.NS,0.0238,-0.086,1.0273,1,Reliance market update,1.0,0,0.0238
2026-06-15,1307.0,18633321,Reliance,RELIANCE.NS,0.0108,0.5542,1.0167,1,Reliance market update,1.0,0,0.0108
2026-06-16,1328.8,18513223,Reliance,RELIANCE.NS,0.0167,-0.0064,1.0207,1,Reliance market update,1.0,0,0.0167
2026-06-17,1332.7,10029170,Reliance,RELIANCE.NS,0.0029,-0.4583,1.0129,0,Reliance market update,1.0,0,0.0029
2026-06-18,1328.1,15494549,Reliance,RELIANCE.NS,-0.0035,0.5449,1.009,0,Reliance market update,1.0,0,0.0035
2026-06-19,1309.5,24887034,Reliance,RELIANCE.NS,-0.014,0.6062,1.0252,1,Reliance market update,1.0,0,0.014
2026-06-22,1326.5,12931213,Reliance,RELIANCE.NS,0.013,-0.4804,1.0234,0,Reliance market update,1.0,0,0.013
2026-06-23,1309.5,15400184,Reliance,RELIANCE.NS,-0.0128,0.1909,1.0222,1,Reliance market update,1.0,0,0.0128
2026-06-24,1313.6,11030917,Reliance,RELIANCE.NS,0.0031,-0.2837,1.0189,1,Reliance market update,1.0,0,0.0031
2026-06-25,1318.1,12694362,Reliance,RELIANCE.NS,0.0034,0.1508,1.0102,0,Reliance market update,1.0,0,0.0034
2026-06-26,1318.1,0,Reliance,RELIANCE.NS,0.0,-1.0,1.0,0,Reliance market update,1.0,0,0.0
2026-06-29,1301.0,13757656,Reliance,RELIANCE.NS,-0.013,inf,1.0163,0,Reliance market update,1.0,0,0.013
2026-06-30,1293.9,15695263,Reliance,RELIANCE.NS,-0.0055,0.1408,1.0131,1,Reliance market update,1.0,0,0.0055
2026-07-01,1308.0,7001401,Reliance,RELIANCE.NS,0.0109,-0.5539,1.0121,0,Reliance market update,1.0,0,0.0109
2026-07-02,1303.5,17795024,Reliance,RELIANCE.NS,-0.0034,1.5416,1.0109,1,Reliance market update,1.0,0,0.0034
2026-07-03,1304.0,7839550,Reliance,RELIANCE.NS,0.0004,-0.5595,1.0077,1,Reliance market update,1.0,0,0.0004
2026-07-06,1321.3,7610709,Reliance,RELIANCE.NS,0.0133,-0.0292,1.0202,0,Reliance market update,1.0,0,0.0133
2026-07-07,1308.4,14335554,Reliance,RELIANCE.NS,-0.0098,0.8836,1.0183,0,Reliance market update,1.0,0,0.0098
2026-07-08,1275.9,19960868,Reliance,RELIANCE.NS,-0.0248,0.3924,1.0241,1,Reliance market update,1.0,0,0.0248
2026-07-09,1279.8,14651963,Reliance,RELIANCE.NS,0.0031,-0.266,1.0175,1,Reliance market update,1.0,0,0.0031
2026-07-10,1307.8,8412537,Reliance,RELIANCE.NS,0.0219,-0.4258,1.0181,0,Reliance market update,1.0,0,0.0219
2023-01-03,2937.83,1245178,TCS,TCS.NS,0.0153,0.7549,1.023,1,TCS stock market financial update,1.0,0,1.2464
2023-01-04,2940.76,1231668,TCS,TCS.NS,0.001,-0.0108,1.0125,0,TCS stock market financial update,1.0,0,0.001
2023-01-05,2937.61,1826057,TCS,TCS.NS,-0.0011,0.4826,1.0169,0,TCS stock market financial update,1.0,0,0.0011
2023-01-06,2849.29,2488376,TCS,TCS.NS,-0.0301,0.3627,1.0317,1,TCS stock market financial update,1.0,0,0.0301
2023-01-09,2945.46,2885060,TCS,TCS.NS,0.0338,0.1594,1.0329,0,TCS market update,1.0,0,0.0338
2023-01-10,2915.7,3864655,TCS,TCS.NS,-0.0101,0.3395,1.021,1,TCS market update,1.0,0,0.0101
2023-01-11,2953.22,2720512,TCS,TCS.NS,0.0129,-0.2961,1.024,1,TCS market update,1.0,0,0.0129
2023-01-12,2958.24,2250391,TCS,TCS.NS,0.0017,-0.1728,1.0104,1,TCS market update,1.0,0,0.0017
2023-01-13,2993.9,1742837,TCS,TCS.NS,0.0121,-0.2255,1.0224,1,TCS market update,1.0,0,0.0121
2023-01-16,3025.21,1843607,TCS,TCS.NS,0.0105,0.0578,1.0167,1,TCS market update,1.0,0,0.0105
2023-01-17,3065.45,1688475,TCS,TCS.NS,0.0133,-0.0841,1.0183,1,TCS market update,1.0,0,0.0133
2023-01-18,3075.97,2421189,TCS,TCS.NS,0.0034,0.434,1.0109,0,TCS market update,1.0,0,0.0034
2023-01-19,3060.64,1585044,TCS,TCS.NS,-0.005,-0.3453,1.0077,0,TCS market update,1.0,0,0.005
2023-01-20,3051.57,1529349,TCS,TCS.NS,-0.003,-0.0351,1.0116,1,TCS market update,1.0,0,0.003
2023-01-23,3098.57,1067916,TCS,TCS.NS,0.0154,-0.3017,1.0189,1,TCS market update,1.0,0,0.0154
2023-01-24,3117.99,1387863,TCS,TCS.NS,0.0063,0.2996,1.0101,0,TCS market update,1.0,0,0.0063
2023-01-25,3112.04,874110,TCS,TCS.NS,-0.0019,-0.3702,1.0088,0,TCS market update,1.0,0,0.0019
2023-01-27,3095.07,1785879,TCS,TCS.NS,-0.0055,1.0431,1.0188,1,TCS market update,1.0,0,0.0055
2023-01-30,3115.58,1953798,TCS,TCS.NS,0.0066,0.094,1.0215,0,TCS market update,1.0,0,0.0066
2023-01-31,3047.57,2820375,TCS,TCS.NS,-0.0218,0.4435,1.0292,1,TCS market update,1.0,0,0.0218
2023-02-01,3092.62,2205161,TCS,TCS.NS,0.0148,-0.2181,1.0191,1,TCS market update,1.0,0,0.0148
2023-02-02,3139.85,1813847,TCS,TCS.NS,0.0153,-0.1775,1.0143,1,TCS market update,1.0,0,0.0153
2023-02-03,3159.72,1804469,TCS,TCS.NS,0.0063,-0.0052,1.0148,0,TCS market update,1.0,0,0.0063
2023-02-06,3139.44,1138714,TCS,TCS.NS,-0.0064,-0.3689,1.0106,1,TCS market update,1.0,0,0.0064
2023-02-07,3150.88,1455647,TCS,TCS.NS,0.0036,0.2783,1.0091,1,TCS market update,1.0,0,0.0036
2023-02-08,3194.02,1986946,TCS,TCS.NS,0.0137,0.365,1.0178,1,TCS market update,1.0,0,0.0137
2023-02-09,3212.85,1655427,TCS,TCS.NS,0.0059,-0.1668,1.0121,0,TCS market update,1.0,0,0.0059
2023-02-10,3209.86,1187821,TCS,TCS.NS,-0.0009,-0.2825,1.0097,0,TCS market update,1.0,0,0.0009
2023-02-13,3159.81,1087939,TCS,TCS.NS,-0.0156,-0.0841,1.0218,1,TCS market update,1.0,0,0.0156
2023-02-14,3175.88,1579818,TCS,TCS.NS,0.0051,0.4521,1.0085,1,TCS market update,1.0,0,0.0051
2023-02-15,3194.52,1429449,TCS,TCS.NS,0.0059,-0.0952,1.019,1,TCS market update,1.0,0,0.0059
2023-02-16,3228.46,1618931,TCS,TCS.NS,0.0106,0.1326,1.0136,0,TCS market update,1.0,0,0.0106
2023-02-17,3176.83,1061369,TCS,TCS.NS,-0.016,-0.3444,1.014,0,TCS market update,1.0,0,0.016
2023-02-20,3164.26,1296082,TCS,TCS.NS,-0.004,0.2211,1.0135,0,TCS market update,1.0,0,0.004
2023-02-21,3131.32,1139541,TCS,TCS.NS,-0.0104,-0.1208,1.0186,0,TCS market update,1.0,0,0.0104
2023-02-22,3086.45,1218430,TCS,TCS.NS,-0.0143,0.0692,1.0153,1,TCS market update,1.0,0,0.0143
2023-02-23,3097.57,1441570,TCS,TCS.NS,0.0036,0.1831,1.013,0,TCS market update,1.0,0,0.0036
2023-02-24,3085.46,977592,TCS,TCS.NS,-0.0039,-0.3219,1.0153,0,TCS market update,1.0,0,0.0039
2023-02-27,3023.21,1128022,TCS,TCS.NS,-0.0202,0.1539,1.0223,0,TCS market update,1.0,0,0.0202
2023-02-28,3005.97,4116217,TCS,TCS.NS,-0.0057,2.6491,1.0279,1,TCS market update,1.0,0,0.0057
2023-03-01,3072.07,1669307,TCS,TCS.NS,0.022,-0.5945,1.0223,0,TCS market update,1.0,0,0.022
2023-03-02,3013.77,1556538,TCS,TCS.NS,-0.019,-0.0676,1.0156,1,TCS market update,1.0,0,0.019
2023-03-03,3032.56,1043190,TCS,TCS.NS,0.0062,-0.3298,1.0081,1,TCS market update,1.0,0,0.0062
2023-03-06,3059.51,1334132,TCS,TCS.NS,0.0089,0.2789,1.0137,1,TCS market update,1.0,0,0.0089
2023-03-08,3076.34,1844590,TCS,TCS.NS,0.0055,0.3826,1.0196,0,TCS market update,1.0,0,0.0055
2023-03-09,3027.75,1648500,TCS,TCS.NS,-0.0158,-0.1063,1.0163,0,TCS market update,1.0,0,0.0158
2023-03-10,3022.44,1024404,TCS,TCS.NS,-0.0018,-0.3786,1.0144,0,TCS market update,1.0,0,0.0018
2023-03-13,2977.93,1901233,TCS,TCS.NS,-0.0147,0.8559,1.0299,0,TCS market update,1.0,0,0.0147
2023-03-14,2917.14,2670334,TCS,TCS.NS,-0.0204,0.4045,1.0296,0,TCS market update,1.0,0,0.0204
2023-03-15,2902.58,1780522,TCS,TCS.NS,-0.005,-0.3332,1.0214,0,TCS market update,1.0,0,0.005
2023-03-16,2889.96,1901060,TCS,TCS.NS,-0.0043,0.0677,1.0151,0,TCS market update,1.0,0,0.0043
2023-03-17,2884.79,6739966,TCS,TCS.NS,-0.0018,2.5454,1.0246,0,TCS market update,1.0,0,0.0018
2023-03-20,2852.13,2289468,TCS,TCS.NS,-0.0113,-0.6603,1.0241,0,TCS market update,1.0,0,0.0113
2023-03-21,2818.37,1815297,TCS,TCS.NS,-0.0118,-0.2071,1.0191,1,TCS market update,1.0,0,0.0118
2023-03-22,2840.78,1123939,TCS,TCS.NS,0.008,-0.3809,1.012,0,TCS market update,1.0,0,0.008
2023-03-23,2835.2,1372218,TCS,TCS.NS,-0.002,0.2209,1.0146,0,TCS market update,1.0,0,0.002
2023-03-24,2831.44,1329577,TCS,TCS.NS,-0.0013,-0.0311,1.0206,1,TCS market update,1.0,0,0.0013
2023-03-27,2833.07,1524217,TCS,TCS.NS,0.0006,0.1464,1.0151,0,TCS market update,1.0,0,0.0006
2023-03-28,2827.26,1303530,TCS,TCS.NS,-0.002,-0.1448,1.0127,1,TCS market update,1.0,0,0.0021
2023-03-29,2848.13,1740616,TCS,TCS.NS,0.0074,0.3353,1.0148,1,TCS market update,1.0,0,0.0074
2023-03-31,2908.93,2382581,TCS,TCS.NS,0.0213,0.3688,1.0194,0,TCS market update,1.0,0,0.0213
2023-04-03,2903.57,1521830,TCS,TCS.NS,-0.0018,-0.3613,1.0161,1,TCS market update,1.0,0,0.0018
2023-04-05,2939.69,2655065,TCS,TCS.NS,0.0124,0.7447,1.0248,0,TCS market update,1.0,0,0.0124
2023-04-06,2922.36,1703464,TCS,TCS.NS,-0.0059,-0.3584,1.0132,1,TCS market update,1.0,0,0.0059
2023-04-10,2961.1,2203187,TCS,TCS.NS,0.0133,0.2934,1.0177,0,TCS market update,1.0,0,0.0133
2023-04-11,2916.1,2348779,TCS,TCS.NS,-0.0152,0.0661,1.0253,1,TCS market update,1.0,0,0.0152
2023-04-12,2941.37,2417727,TCS,TCS.NS,0.0087,0.0294,1.0194,0,TCS market update,1.0,0,0.0087
2023-04-13,2893.46,4174070,TCS,TCS.NS,-0.0163,0.7264,1.0157,0,TCS market update,1.0,0,0.0163
2023-04-17,2848.68,5505048,TCS,TCS.NS,-0.0155,0.3189,1.0303,0,TCS market update,1.0,0,0.0155
2023-04-18,2840.74,2617302,TCS,TCS.NS,-0.0028,-0.5246,1.0149,0,TCS market update,1.0,0,0.0028
2023-04-19,2803.4,3298034,TCS,TCS.NS,-0.0131,0.2601,1.0223,1,TCS market update,1.0,0,0.0131
2023-04-20,2817.19,2419999,TCS,TCS.NS,0.0049,-0.2662,1.0114,1,TCS market update,1.0,0,0.0049
2023-04-21,2868.05,1929184,TCS,TCS.NS,0.0181,-0.2028,1.0205,1,TCS market update,1.0,0,0.0181
2023-04-24,2880.71,1640676,TCS,TCS.NS,0.0044,-0.1495,1.0175,1,TCS market update,1.0,0,0.0044
2023-04-25,2881.8,2024090,TCS,TCS.NS,0.0004,0.2337,1.0139,1,TCS market update,1.0,0,0.0004
2023-04-26,2901.9,2000029,TCS,TCS.NS,0.007,-0.0119,1.0086,0,TCS market update,1.0,0,0.007
2023-04-27,2892.64,2434446,TCS,TCS.NS,-0.0032,0.2172,1.009,1,TCS market update,1.0,0,0.0032
2023-04-28,2921.04,2931312,TCS,TCS.NS,0.0098,0.2041,1.0097,1,TCS market update,1.0,0,0.0098
2023-05-02,2921.18,2321159,TCS,TCS.NS,0.0,-0.2082,1.0078,0,TCS market update,1.0,0,0.0
2023-05-03,2885.34,2468285,TCS,TCS.NS,-0.0123,0.0634,1.0135,1,TCS market update,1.0,0,0.0123
2023-05-04,2922.36,1953253,TCS,TCS.NS,0.0128,-0.2087,1.0146,1,TCS market update,1.0,0,0.0128
2023-05-05,2931.43,1710027,TCS,TCS.NS,0.0031,-0.1245,1.0106,1,TCS market update,1.0,0,0.0031
2023-05-08,2949.49,928235,TCS,TCS.NS,0.0062,-0.4572,1.0073,1,TCS market update,1.0,0,0.0062
2023-05-09,2979.11,1107375,TCS,TCS.NS,0.01,0.193,1.016,1,TCS market update,1.0,0,0.01
2023-05-10,2982.33,1559987,TCS,TCS.NS,0.0011,0.4087,1.0124,0,TCS market update,1.0,0,0.0011
2023-05-11,2978.11,1719623,TCS,TCS.NS,-0.0014,0.1023,1.0115,0,TCS market update,1.0,0,0.0014
2023-05-12,2970.99,1027479,TCS,TCS.NS,-0.0024,-0.4025,1.0092,0,TCS market update,1.0,0,0.0024
2023-05-15,2953.52,1150390,TCS,TCS.NS,-0.0059,0.1196,1.0134,1,TCS market update,1.0,0,0.0059
2023-05-16,2956.34,986306,TCS,TCS.NS,0.001,-0.1426,1.0106,0,TCS market update,1.0,0,0.001
2023-05-17,2911.47,1588815,TCS,TCS.NS,-0.0152,0.6109,1.0256,0,TCS market update,1.0,0,0.0152
2023-05-18,2903.44,1369364,TCS,TCS.NS,-0.0028,-0.1381,1.0106,1,TCS market update,1.0,0,0.0028
2023-05-19,2924.31,1152449,TCS,TCS.NS,0.0072,-0.1584,1.0098,1,TCS market update,1.0,0,0.0072
2023-05-22,2993.13,1333243,TCS,TCS.NS,0.0235,0.1569,1.0284,0,TCS market update,1.0,0,0.0235
2023-05-23,2991.63,1687418,TCS,TCS.NS,-0.0005,0.2656,1.0115,1,TCS market update,1.0,0,0.0005
2023-05-24,2997.35,1016555,TCS,TCS.NS,0.0019,-0.3976,1.0126,0,TCS market update,1.0,0,0.0019
2023-05-25,2988.41,1374917,TCS,TCS.NS,-0.003,0.3525,1.0119,1,TCS market update,1.0,0,0.003
2023-05-26,3020.53,1791115,TCS,TCS.NS,0.0107,0.3027,1.0145,0,TCS market update,1.0,0,0.0107
2023-05-29,3012.78,1210372,TCS,TCS.NS,-0.0026,-0.3242,1.0181,0,TCS market update,1.0,0,0.0026
2023-05-30,3009.01,1344224,TCS,TCS.NS,-0.0012,0.1106,1.0078,0,TCS market update,1.0,0,0.0013
2023-05-31,2984.78,5815424,TCS,TCS.NS,-0.0081,3.3262,1.0192,1,TCS market update,1.0,0,0.0081
2023-06-01,3016.09,1177314,TCS,TCS.NS,0.0105,-0.7976,1.0129,0,TCS market update,1.0,0,0.0105
2023-06-02,2999.39,2030661,TCS,TCS.NS,-0.0055,0.7248,1.0117,0,TCS market update,1.0,0,0.0055
2023-06-05,2984.24,1861468,TCS,TCS.NS,-0.0051,-0.0833,1.0128,0,TCS market update,1.0,0,0.0051
2023-06-06,2932.88,2022849,TCS,TCS.NS,-0.0172,0.0867,1.0212,1,TCS market update,1.0,0,0.0172
2023-06-07,2971.54,1567196,TCS,TCS.NS,0.0132,-0.2253,1.0117,0,TCS market update,1.0,0,0.0132
2023-06-08,2936.65,1759366,TCS,TCS.NS,-0.0117,0.1226,1.0114,0,TCS market update,1.0,0,0.0117
2023-06-09,2912.01,1775689,TCS,TCS.NS,-0.0084,0.0093,1.0139,1,TCS market update,1.0,0,0.0084
2023-06-12,2946.13,2324605,TCS,TCS.NS,0.0117,0.3091,1.0135,0,TCS market update,1.0,0,0.0117
2023-06-13,2943.23,1371928,TCS,TCS.NS,-0.001,-0.4098,1.008,1,TCS market update,1.0,0,0.001
2023-06-14,2949.89,1658544,TCS,TCS.NS,0.0023,0.2089,1.0093,0,TCS market update,1.0,0,0.0023
2023-06-15,2940.07,2273810,TCS,TCS.NS,-0.0033,0.371,1.0117,0,TCS market update,1.0,0,0.0033
2023-06-16,2902.22,4156189,TCS,TCS.NS,-0.0129,0.8279,1.0138,1,TCS market update,1.0,0,0.0129
2023-06-19,2934.68,1468186,TCS,TCS.NS,0.0112,-0.6467,1.0126,1,TCS market update,1.0,0,0.0112
2023-06-20,2950.49,1528452,TCS,TCS.NS,0.0054,0.041,1.0098,1,TCS market update,1.0,0,0.0054
2023-06-21,2978.37,1645987,TCS,TCS.NS,0.0094,0.0769,1.0116,0,TCS market update,1.0,0,0.0094
2023-06-22,2960.36,1529603,TCS,TCS.NS,-0.006,-0.0707,1.0116,0,TCS market update,1.0,0,0.006
2023-06-23,2940.11,1119505,TCS,TCS.NS,-0.0068,-0.2681,1.0125,0,TCS market update,1.0,0,0.0068
2023-06-26,2915.71,1978803,TCS,TCS.NS,-0.0083,0.7676,1.0129,1,TCS market update,1.0,0,0.0083
2023-06-27,2922.75,863542,TCS,TCS.NS,0.0024,-0.5636,1.0086,1,TCS market update,1.0,0,0.0024
2023-06-28,2939.29,1575872,TCS,TCS.NS,0.0057,0.8249,1.0118,1,TCS market update,1.0,0,0.0057
2023-06-30,3018.64,2672406,TCS,TCS.NS,0.027,0.6958,1.0298,0,TCS market update,1.0,0,0.027
2023-07-03,2991.26,1687264,TCS,TCS.NS,-0.0091,-0.3686,1.0153,1,TCS market update,1.0,0,0.0091
2023-07-04,3024.67,1656681,TCS,TCS.NS,0.0112,-0.0181,1.0115,1,TCS market update,1.0,0,0.0112
2023-07-05,3034.82,1453008,TCS,TCS.NS,0.0034,-0.1229,1.0073,1,TCS market update,1.0,0,0.0034
2023-07-06,3037.51,1848238,TCS,TCS.NS,0.0009,0.272,1.008,1,TCS market update,1.0,0,0.0009
2023-07-07,3043.32,1789326,TCS,TCS.NS,0.0019,-0.0319,1.0166,0,TCS market update,1.0,0,0.0019
2023-07-10,2990.94,1407431,TCS,TCS.NS,-0.0172,-0.2134,1.0182,1,TCS market update,1.0,0,0.0172
2023-07-11,2991.35,1110172,TCS,TCS.NS,0.0001,-0.2112,1.0105,0,TCS market update,1.0,0,0.0001
2023-07-12,2979.92,1515240,TCS,TCS.NS,-0.0038,0.3649,1.012,1,TCS market update,1.0,0,0.0038
2023-07-13,3053.65,4585146,TCS,TCS.NS,0.0247,2.026,1.0289,1,TCS market update,1.0,0,0.0247
2023-07-14,3212.79,6306101,TCS,TCS.NS,0.0521,0.3753,1.0516,0,TCS market update,1.0,0,0.0521
2023-07-17,3191.82,2743228,TCS,TCS.NS,-0.0065,-0.565,1.021,1,TCS market update,1.0,0,0.0065
2023-07-18,3196.52,2600090,TCS,TCS.NS,0.0015,-0.0522,1.017,0,TCS market update,1.0,0,0.0015
2023-07-19,3172.03,2405370,TCS,TCS.NS,-0.0077,-0.0749,1.0207,1,TCS market update,1.0,0,0.0077
2023-07-20,3174.09,1715404,TCS,TCS.NS,0.0006,-0.2868,1.0125,0,TCS market update,1.0,0,0.0006
2023-07-21,3087.02,3770223,TCS,TCS.NS,-0.0274,1.1979,1.0226,1,TCS market update,1.0,0,0.0274
2023-07-24,3111.26,1680132,TCS,TCS.NS,0.0079,-0.5544,1.0123,1,TCS market update,1.0,0,0.0079
2023-07-25,3115.29,1272980,TCS,TCS.NS,0.0013,-0.2423,1.0079,0,TCS market update,1.0,0,0.0013
2023-07-26,3105.35,1066803,TCS,TCS.NS,-0.0032,-0.162,1.0106,1,TCS market update,1.0,0,0.0032
2023-07-27,3113.23,1701769,TCS,TCS.NS,0.0025,0.5952,1.0079,0,TCS market update,1.0,0,0.0025
2023-07-28,3075.2,2599831,TCS,TCS.NS,-0.0122,0.5277,1.0188,1,TCS market update,1.0,0,0.0122
2023-07-31,3135.73,2743678,TCS,TCS.NS,0.0197,0.0553,1.0196,1,TCS market update,1.0,0,0.0197
2023-08-01,3163.78,1956167,TCS,TCS.NS,0.0089,-0.287,1.0132,0,TCS market update,1.0,0,0.0089
2023-08-02,3153.33,1914899,TCS,TCS.NS,-0.0033,-0.0211,1.0096,0,TCS market update,1.0,0,0.0033
2023-08-03,3116.03,2026351,TCS,TCS.NS,-0.0118,0.0582,1.0194,1,TCS market update,1.0,0,0.0118
2023-08-04,3155.99,2248493,TCS,TCS.NS,0.0128,0.1096,1.0205,1,TCS market update,1.0,0,0.0128
2023-08-07,3193.1,1853889,TCS,TCS.NS,0.0118,-0.1755,1.0136,0,TCS market update,1.0,0,0.0118
2023-08-08,3180.78,1634225,TCS,TCS.NS,-0.0039,-0.1185,1.0096,0,TCS market update,1.0,0,0.0039
2023-08-09,3173.35,1794589,TCS,TCS.NS,-0.0023,0.0981,1.0122,0,TCS market update,1.0,0,0.0023
2023-08-10,3154.66,1096701,TCS,TCS.NS,-0.0059,-0.3889,1.0102,1,TCS market update,1.0,0,0.0059
2023-08-11,3160.8,1679974,TCS,TCS.NS,0.0019,0.5318,1.0154,1,TCS market update,1.0,0,0.0019
2023-08-14,3161.76,1190425,TCS,TCS.NS,0.0003,-0.2914,1.0129,1,TCS market update,1.0,0,0.0003
2023-08-16,3169.6,1328445,TCS,TCS.NS,0.0025,0.1159,1.009,0,TCS market update,1.0,0,0.0025
2023-08-17,3148.84,1843241,TCS,TCS.NS,-0.0065,0.3875,1.0139,0,TCS market update,1.0,0,0.0065
2023-08-18,3085.92,2526749,TCS,TCS.NS,-0.02,0.3708,1.0159,1,TCS market update,1.0,0,0.02
2023-08-21,3117.59,1375579,TCS,TCS.NS,0.0103,-0.4556,1.0112,0,TCS market update,1.0,0,0.0103
2023-08-22,3099.71,1222012,TCS,TCS.NS,-0.0057,-0.1116,1.0137,1,TCS market update,1.0,0,0.0057
2023-08-23,3114.47,1330046,TCS,TCS.NS,0.0048,0.0884,1.0077,0,TCS market update,1.0,0,0.0048
2023-08-24,3104.85,1152881,TCS,TCS.NS,-0.0031,-0.1332,1.0103,0,TCS market update,1.0,0,0.0031
2023-08-25,3098.93,1158046,TCS,TCS.NS,-0.0019,0.0045,1.0106,0,TCS market update,1.0,0,0.0019
2023-08-28,3093.67,1037485,TCS,TCS.NS,-0.0017,-0.1041,1.0101,1,TCS market update,1.0,0,0.0017
2023-08-29,3094.22,944517,TCS,TCS.NS,0.0002,-0.0896,1.0073,1,TCS market update,1.0,0,0.0002
2023-08-30,3107.78,1188200,TCS,TCS.NS,0.0044,0.258,1.0074,0,TCS market update,1.0,0,0.0044
2023-08-31,3076.48,3417652,TCS,TCS.NS,-0.0101,1.8763,1.0221,1,TCS market update,1.0,0,0.0101
2023-09-01,3097.01,1277950,TCS,TCS.NS,0.0067,-0.6261,1.0096,1,TCS market update,1.0,0,0.0067
2023-09-04,3133.03,1828332,TCS,TCS.NS,0.0116,0.4307,1.0186,1,TCS market update,1.0,0,0.0116
2023-09-05,3142.97,1501842,TCS,TCS.NS,0.0032,-0.1786,1.0123,1,TCS market update,1.0,0,0.0032
2023-09-06,3143.48,1314818,TCS,TCS.NS,0.0002,-0.1245,1.0135,1,TCS market update,1.0,0,0.0002
2023-09-07,3166.71,1885092,TCS,TCS.NS,0.0074,0.4337,1.011,0,TCS market update,1.0,0,0.0074
2023-09-08,3154.47,1518917,TCS,TCS.NS,-0.0039,-0.1942,1.0087,1,TCS market update,1.0,0,0.0039
2023-09-11,3189.99,1783604,TCS,TCS.NS,0.0113,0.1743,1.0118,1,TCS market update,1.0,0,0.0113
2023-09-12,3281.77,4476016,TCS,TCS.NS,0.0288,1.5095,1.0307,0,TCS market update,1.0,0,0.0288
2023-09-13,3269.91,1754929,TCS,TCS.NS,-0.0036,-0.6079,1.0124,0,TCS market update,1.0,0,0.0036
2023-09-14,3262.76,2604721,TCS,TCS.NS,-0.0022,0.4842,1.0147,1,TCS market update,1.0,0,0.0022
2023-09-15,3297.81,2952897,TCS,TCS.NS,0.0107,0.1337,1.0126,1,TCS market update,1.0,0,0.0107
2023-09-18,3305.01,1395753,TCS,TCS.NS,0.0022,-0.5273,1.0123,0,TCS market update,1.0,0,0.0022
2023-09-20,3304.92,1649396,TCS,TCS.NS,-0.0,0.1817,1.0126,0,TCS market update,1.0,0,0.0
2023-09-21,3285.9,2004073,TCS,TCS.NS,-0.0058,0.215,1.0218,1,TCS market update,1.0,0,0.0058
2023-09-22,3302.72,1989083,TCS,TCS.NS,0.0051,-0.0075,1.0193,0,TCS market update,1.0,0,0.0051
2023-09-25,3278.43,1238778,TCS,TCS.NS,-0.0074,-0.3772,1.0172,1,TCS market update,1.0,0,0.0074
2023-09-26,3286.27,1726062,TCS,TCS.NS,0.0024,0.3934,1.0167,1,TCS market update,1.0,0,0.0024
2023-09-27,3289.57,1541134,TCS,TCS.NS,0.001,-0.1071,1.0164,0,TCS market update,1.0,0,0.001
2023-09-28,3241.4,1755753,TCS,TCS.NS,-0.0146,0.1393,1.0214,0,TCS market update,1.0,0,0.0146
2023-09-29,3233.93,2243791,TCS,TCS.NS,-0.0023,0.278,1.0179,0,TCS market update,1.0,0,0.0023
2023-10-03,3220.42,1948148,TCS,TCS.NS,-0.0042,-0.1318,1.0155,1,TCS market update,1.0,0,0.0042
2023-10-04,3242.32,1788138,TCS,TCS.NS,0.0068,-0.0821,1.0203,1,TCS market update,1.0,0,0.0068
2023-10-05,3289.61,2990768,TCS,TCS.NS,0.0146,0.6726,1.0205,1,TCS market update,1.0,0,0.0146
2023-10-06,3318.98,2075691,TCS,TCS.NS,0.0089,-0.306,1.0168,1,TCS market update,1.0,0,0.0089
2023-10-09,3334.52,4233074,TCS,TCS.NS,0.0047,1.0394,1.0132,0,TCS market update,1.0,0,0.0047
2023-10-10,3325.86,1848148,TCS,TCS.NS,-0.0026,-0.5634,1.013,0,TCS market update,1.0,0,0.0026
2023-10-11,3308.44,2426417,TCS,TCS.NS,-0.0052,0.3129,1.0125,0,TCS market update,1.0,0,0.0052
2023-10-12,3246.72,4241281,TCS,TCS.NS,-0.0187,0.748,1.0143,1,TCS market update,1.0,0,0.0187
2023-10-13,3272.66,2890357,TCS,TCS.NS,0.008,-0.3185,1.0148,0,TCS market update,1.0,0,0.008
2023-10-16,3229.76,1671104,TCS,TCS.NS,-0.0131,-0.4218,1.0158,0,TCS market update,1.0,0,0.0131
2023-10-17,3214.18,1672065,TCS,TCS.NS,-0.0048,0.0006,1.0088,0,TCS market update,1.0,0,0.0048
2023-10-18,3196.04,1408245,TCS,TCS.NS,-0.0056,-0.1578,1.0111,0,TCS market update,1.0,0,0.0056
2023-10-19,3175.27,1514545,TCS,TCS.NS,-0.0065,0.0755,1.0072,1,TCS market update,1.0,0,0.0065
2023-10-20,3211.01,1481211,TCS,TCS.NS,0.0113,-0.022,1.0161,0,TCS market update,1.0,0,0.0113
2023-10-23,3133.46,1106272,TCS,TCS.NS,-0.0242,-0.2531,1.0228,0,TCS market update,1.0,0,0.0242
2023-10-25,3115.04,1518537,TCS,TCS.NS,-0.0059,0.3727,1.0142,0,TCS market update,1.0,0,0.0059
2023-10-26,3066.02,1984471,TCS,TCS.NS,-0.0157,0.3068,1.0131,1,TCS market update,1.0,0,0.0157
2023-10-27,3079.07,1108851,TCS,TCS.NS,0.0043,-0.4412,1.0075,1,TCS market update,1.0,0,0.0043
2023-10-30,3104.43,910972,TCS,TCS.NS,0.0082,-0.1785,1.0147,0,TCS market update,1.0,0,0.0082
2023-10-31,3095.42,999811,TCS,TCS.NS,-0.0029,0.0975,1.0146,0,TCS market update,1.0,0,0.0029
2023-11-01,3060.41,1563475,TCS,TCS.NS,-0.0113,0.5638,1.0183,1,TCS market update,1.0,0,0.0113
2023-11-02,3087.47,1245384,TCS,TCS.NS,0.0088,-0.2035,1.0098,0,TCS market update,1.0,0,0.0088
2023-11-03,3079.02,1402598,TCS,TCS.NS,-0.0027,0.1262,1.013,1,TCS market update,1.0,0,0.0027
2023-11-06,3105.99,1099852,TCS,TCS.NS,0.0088,-0.2158,1.0099,0,TCS market update,1.0,0,0.0088
2023-11-07,3096.98,1191144,TCS,TCS.NS,-0.0029,0.083,1.0113,1,TCS market update,1.0,0,0.0029
2023-11-08,3107.18,992899,TCS,TCS.NS,0.0033,-0.1664,1.0096,0,TCS market update,1.0,0,0.0033
2023-11-09,3075.85,2112352,TCS,TCS.NS,-0.0101,1.1275,1.0148,0,TCS market update,1.0,0,0.0101
2023-11-10,3062.99,1338557,TCS,TCS.NS,-0.0042,-0.3663,1.0076,0,TCS market update,1.0,0,0.0042
2023-11-13,3061.24,1030990,TCS,TCS.NS,-0.0006,-0.2298,1.0087,1,TCS market update,1.0,0,0.0006
2023-11-15,3128.09,2059802,TCS,TCS.NS,0.0218,0.9979,1.017,1,TCS market update,1.0,0,0.0218
2023-11-16,3214.05,3951984,TCS,TCS.NS,0.0275,0.9186,1.0337,1,TCS market update,1.0,0,0.0275
2023-11-17,3218.27,2021292,TCS,TCS.NS,0.0013,-0.4885,1.0091,1,TCS market update,1.0,0,0.0013
2023-11-20,3234.03,1475621,TCS,TCS.NS,0.0049,-0.27,1.0122,0,TCS market update,1.0,0,0.0049
2023-11-21,3225.4,1807236,TCS,TCS.NS,-0.0027,0.2247,1.0109,1,TCS market update,1.0,0,0.0027
2023-11-22,3243.73,1798051,TCS,TCS.NS,0.0057,-0.0051,1.0148,0,TCS market update,1.0,0,0.0057
2023-11-23,3223.6,2729804,TCS,TCS.NS,-0.0062,0.5182,1.0126,0,TCS market update,1.0,0,0.0062
2023-11-24,3176.6,1989733,TCS,TCS.NS,-0.0146,-0.2711,1.0149,1,TCS market update,1.0,0,0.0146
2023-11-28,3188.59,1689195,TCS,TCS.NS,0.0038,-0.151,1.0141,1,TCS market update,1.0,0,0.0038
2023-11-29,3228.66,1441634,TCS,TCS.NS,0.0126,-0.1466,1.0121,0,TCS market update,1.0,0,0.0126
2023-11-30,3204.63,3266235,TCS,TCS.NS,-0.0074,1.2656,1.0102,1,TCS market update,1.0,0,0.0074
2023-12-01,3226.73,1172141,TCS,TCS.NS,0.0069,-0.6411,1.0077,1,TCS market update,1.0,0,0.0069
2023-12-04,3227.46,1625213,TCS,TCS.NS,0.0002,0.3865,1.0142,1,TCS market update,1.0,0,0.0002
2023-12-05,3245.06,1377656,TCS,TCS.NS,0.0055,-0.1523,1.01,1,TCS market update,1.0,0,0.0055
2023-12-06,3311.68,1896572,TCS,TCS.NS,0.0205,0.3767,1.0249,1,TCS market update,1.0,0,0.0205
2023-12-07,3321.6,1967653,TCS,TCS.NS,0.003,0.0375,1.0108,1,TCS market update,1.0,0,0.003
2023-12-08,3332.44,1641155,TCS,TCS.NS,0.0033,-0.1659,1.0119,1,TCS market update,1.0,0,0.0033
2023-12-11,3347.33,1102503,TCS,TCS.NS,0.0045,-0.3282,1.0105,1,TCS market update,1.0,0,0.0045
2023-12-12,3374.16,2236866,TCS,TCS.NS,0.008,1.0289,1.0186,0,TCS market update,1.0,0,0.008
2023-12-13,3301.98,3850968,TCS,TCS.NS,-0.0214,0.7216,1.0244,1,TCS market update,1.0,0,0.0214
2023-12-14,3369.7,3290396,TCS,TCS.NS,0.0205,-0.1456,1.0139,1,TCS market update,1.0,0,0.0205
2023-12-15,3547.73,8531230,TCS,TCS.NS,0.0528,1.5928,1.0625,0,TCS market update,1.0,0,0.0528
2023-12-18,3546.08,2521612,TCS,TCS.NS,-0.0005,-0.7044,1.0258,0,TCS market update,1.0,0,0.0005
2023-12-19,3506.57,2004435,TCS,TCS.NS,-0.0111,-0.2051,1.0172,0,TCS market update,1.0,0,0.0111
2023-12-20,3473.35,2586083,TCS,TCS.NS,-0.0095,0.2902,1.0351,1,TCS market update,1.0,0,0.0095
2023-12-21,3480.2,1517562,TCS,TCS.NS,0.002,-0.4132,1.0169,1,TCS market update,1.0,0,0.002
2023-12-22,3513.73,2413058,TCS,TCS.NS,0.0096,0.5901,1.0223,0,TCS market update,1.0,0,0.0096
2023-12-26,3487.59,1285231,TCS,TCS.NS,-0.0074,-0.4674,1.0116,1,TCS market update,1.0,0,0.0074
2023-12-27,3501.97,1293976,TCS,TCS.NS,0.0041,0.0068,1.0133,0,TCS market update,1.0,0,0.0041
2023-12-28,3491.59,1682889,TCS,TCS.NS,-0.003,0.3006,1.0121,0,TCS market update,1.0,0,0.003
2023-12-29,3485.62,1574996,TCS,TCS.NS,-0.0017,-0.0641,1.0152,1,TCS market update,1.0,0,0.0017
2024-01-01,3501.88,825907,TCS,TCS.NS,0.0047,-0.4756,1.0156,0,TCS market update,1.0,0,0.0047
2024-01-02,3476.24,1344068,TCS,TCS.NS,-0.0073,0.6274,1.0116,0,TCS market update,1.0,0,0.0073
2024-01-03,3392.21,1803075,TCS,TCS.NS,-0.0242,0.3415,1.023,0,TCS market update,1.0,0,0.0242
2024-01-04,3369.29,3598144,TCS,TCS.NS,-0.0068,0.9956,1.0186,1,TCS market update,1.0,0,0.0068
2024-01-05,3434.62,1963127,TCS,TCS.NS,0.0194,-0.4544,1.0198,0,TCS market update,1.0,0,0.0194
2024-01-08,3379.86,1067805,TCS,TCS.NS,-0.0159,-0.4561,1.0183,1,TCS market update,1.0,0,0.0159
2024-01-09,3390.51,1370944,TCS,TCS.NS,0.0032,0.2839,1.0189,1,TCS market update,1.0,0,0.0032
2024-01-10,3411.79,1292227,TCS,TCS.NS,0.0063,-0.0574,1.0112,1,TCS market update,1.0,0,0.0063
2024-01-11,3432.46,1777909,TCS,TCS.NS,0.0061,0.3758,1.0178,1,TCS market update,1.0,0,0.0061
2024-01-12,3567.76,6813450,TCS,TCS.NS,0.0394,2.8323,1.0219,1,TCS market update,1.0,0,0.0394
2024-01-15,3587.06,2801505,TCS,TCS.NS,0.0054,-0.5888,1.0206,0,TCS market update,1.0,0,0.0054
2024-01-16,3548.01,1432672,TCS,TCS.NS,-0.0109,-0.4886,1.0113,1,TCS market update,1.0,0,0.0109
2024-01-17,3569.42,3458696,TCS,TCS.NS,0.006,1.4142,1.0255,1,TCS market update,1.0,0,0.006
2024-01-18,3585.96,2239110,TCS,TCS.NS,0.0046,-0.3526,1.0121,1,TCS market update,1.0,0,0.0046
2024-01-19,3648.37,2941975,TCS,TCS.NS,0.0174,0.3139,1.0124,0,TCS market update,1.0,0,0.0174
2024-01-23,3569.9,2618854,TCS,TCS.NS,-0.0215,-0.1098,1.0237,0,TCS market update,1.0,0,0.0215
2024-01-24,3554.68,2657709,TCS,TCS.NS,-0.0043,0.0148,1.0205,0,TCS market update,1.0,0,0.0043
2024-01-25,3525.54,2205154,TCS,TCS.NS,-0.0082,-0.1703,1.0218,0,TCS market update,1.0,0,0.0082
2024-01-29,3516.93,1646747,TCS,TCS.NS,-0.0024,-0.2532,1.0104,0,TCS market update,1.0,0,0.0024
2024-01-30,3516.52,1411621,TCS,TCS.NS,-0.0001,-0.1428,1.0161,1,TCS market update,1.0,0,0.0001
2024-01-31,3530.77,2459358,TCS,TCS.NS,0.0041,0.7422,1.0099,1,TCS market update,1.0,0,0.0041
2024-02-01,3566.11,2363107,TCS,TCS.NS,0.01,-0.0391,1.0262,1,TCS market update,1.0,0,0.01
2024-02-02,3669.88,2826510,TCS,TCS.NS,0.0291,0.1961,1.029,1,TCS market update,1.0,0,0.0291
2024-02-05,3676.36,1691523,TCS,TCS.NS,0.0018,-0.4016,1.0151,1,TCS market update,1.0,0,0.0018
2024-02-06,3826.9,4474396,TCS,TCS.NS,0.0409,1.6452,1.0401,0,TCS market update,1.0,0,0.0409
2024-02-07,3778.23,2124267,TCS,TCS.NS,-0.0127,-0.5252,1.0199,1,TCS market update,1.0,0,0.0127
2024-02-08,3825.14,2345173,TCS,TCS.NS,0.0124,0.104,1.0176,0,TCS market update,1.0,0,0.0124
2024-02-09,3824.77,2100596,TCS,TCS.NS,-0.0001,-0.1043,1.0207,0,TCS market update,1.0,0,0.0001
2024-02-12,3812.74,1013716,TCS,TCS.NS,-0.0031,-0.5174,1.0132,1,TCS market update,1.0,0,0.0031
2024-02-13,3839.39,1257415,TCS,TCS.NS,0.007,0.2404,1.0217,0,TCS market update,1.0,0,0.007
2024-02-14,3793.68,1391283,TCS,TCS.NS,-0.0119,0.1065,1.0162,1,TCS market update,1.0,0,0.0119
2024-02-15,3796.55,1091582,TCS,TCS.NS,0.0008,-0.2154,1.0155,1,TCS market update,1.0,0,0.0008
2024-02-16,3819.77,1307556,TCS,TCS.NS,0.0061,0.1979,1.0117,0,TCS market update,1.0,0,0.0061
2024-02-19,3797.1,772291,TCS,TCS.NS,-0.0059,-0.4094,1.0181,0,TCS market update,1.0,0,0.0059
2024-02-20,3729.42,1193648,TCS,TCS.NS,-0.0178,0.5456,1.0219,0,TCS market update,1.0,0,0.0178
2024-02-21,3693.2,1885939,TCS,TCS.NS,-0.0097,0.58,1.0208,1,TCS market update,1.0,0,0.0097
2024-02-22,3781.65,2982052,TCS,TCS.NS,0.024,0.5812,1.0312,0,TCS market update,1.0,0,0.0239
2024-02-23,3749.27,2538072,TCS,TCS.NS,-0.0086,-0.1489,1.0207,0,TCS market update,1.0,0,0.0086
2024-02-26,3702.03,1379284,TCS,TCS.NS,-0.0126,-0.4566,1.0169,1,TCS market update,1.0,0,0.0126
2024-02-27,3797.66,2960475,TCS,TCS.NS,0.0258,1.1464,1.0313,1,TCS market update,1.0,0,0.0258
2024-02-28,3811.12,1939225,TCS,TCS.NS,0.0035,-0.345,1.0161,0,TCS market update,1.0,0,0.0035
2024-02-29,3789.05,3772719,TCS,TCS.NS,-0.0058,0.9455,1.0181,0,TCS market update,1.0,0,0.0058
2024-03-01,3788.36,2043265,TCS,TCS.NS,-0.0002,-0.4584,1.013,0,TCS market update,1.0,0,0.0002
2024-03-04,3775.73,1749271,TCS,TCS.NS,-0.0033,-0.1439,1.0103,0,TCS market update,1.0,0,0.0033
2024-03-05,3712.26,2070859,TCS,TCS.NS,-0.0168,0.1838,1.0211,1,TCS market update,1.0,0,0.0168
2024-03-06,3760.55,1744204,TCS,TCS.NS,0.013,-0.1577,1.0287,1,TCS market update,1.0,0,0.013
2024-03-07,3801.54,2688905,TCS,TCS.NS,0.0109,0.5416,1.0214,1,TCS market update,1.0,0,0.0109
2024-03-11,3814.27,2304068,TCS,TCS.NS,0.0033,-0.1431,1.0157,1,TCS market update,1.0,0,0.0033
2024-03-12,3878.94,4039801,TCS,TCS.NS,0.017,0.7533,1.0264,0,TCS market update,1.0,0,0.017
2024-03-13,3838.92,2837260,TCS,TCS.NS,-0.0103,-0.2977,1.0264,1,TCS market update,1.0,0,0.0103
2024-03-14,3893.14,2919608,TCS,TCS.NS,0.0141,0.029,1.034,1,TCS market update,1.0,0,0.0141
2024-03-15,3903.92,3373143,TCS,TCS.NS,0.0028,0.1553,1.0148,0,TCS market update,1.0,0,0.0028
2024-03-18,3842.16,1526904,TCS,TCS.NS,-0.0158,-0.5473,1.0332,0,TCS market update,1.0,0,0.0158
2024-03-19,3680.06,8931209,TCS,TCS.NS,-0.0422,4.8492,1.023,0,TCS market update,1.0,0,0.0422
2024-03-20,3674.13,1817913,TCS,TCS.NS,-0.0016,-0.7965,1.0146,1,TCS market update,1.0,0,0.0016
2024-03-21,3676.03,3829582,TCS,TCS.NS,0.0005,1.1066,1.0153,0,TCS market update,1.0,0,0.0005
2024-03-22,3618.62,5852485,TCS,TCS.NS,-0.0156,0.5282,1.0215,0,TCS market update,1.0,0,0.0156
2024-03-26,3587.72,3440925,TCS,TCS.NS,-0.0085,-0.4121,1.0194,0,TCS market update,1.0,0,0.0085
2024-03-27,3553.85,1968575,TCS,TCS.NS,-0.0094,-0.4279,1.0171,1,TCS market update,1.0,0,0.0094
2024-03-28,3586.6,4311783,TCS,TCS.NS,0.0092,1.1903,1.0194,1,TCS market update,1.0,0,0.0092
2024-04-01,3624.03,1569676,TCS,TCS.NS,0.0104,-0.636,1.0116,0,TCS market update,1.0,0,0.0104
2024-04-02,3593.54,2142666,TCS,TCS.NS,-0.0084,0.365,1.0095,1,TCS market update,1.0,0,0.0084
2024-04-03,3652.3,3973090,TCS,TCS.NS,0.0163,0.8543,1.0338,1,TCS market update,1.0,0,0.0164
2024-04-04,3704.11,3394637,TCS,TCS.NS,0.0142,-0.1456,1.0237,0,TCS market update,1.0,0,0.0142
2024-04-05,3681.86,1636819,TCS,TCS.NS,-0.006,-0.5178,1.0105,0,TCS market update,1.0,0,0.006
2024-04-08,3675.66,2302538,TCS,TCS.NS,-0.0017,0.4067,1.0183,0,TCS market update,1.0,0,0.0017
2024-04-09,3651.6,1876992,TCS,TCS.NS,-0.0065,-0.1848,1.0231,1,TCS market update,1.0,0,0.0065
2024-04-10,3686.86,2101965,TCS,TCS.NS,0.0097,0.1199,1.0184,1,TCS market update,1.0,0,0.0097
2024-04-12,3702.36,4354821,TCS,TCS.NS,0.0042,1.0718,1.0172,0,TCS market update,1.0,0,0.0042
2024-04-15,3646.65,4200329,TCS,TCS.NS,-0.015,-0.0355,1.037,0,TCS market update,1.0,0,0.015
2024-04-16,3583.37,3051420,TCS,TCS.NS,-0.0174,-0.2735,1.017,0,TCS market update,1.0,0,0.0174
2024-04-18,3573.37,3476284,TCS,TCS.NS,-0.0028,0.1392,1.0223,0,TCS market update,1.0,0,0.0028
2024-04-19,3540.25,2957749,TCS,TCS.NS,-0.0093,-0.1492,1.0136,1,TCS market update,1.0,0,0.0093
2024-04-22,3575.78,1728883,TCS,TCS.NS,0.01,-0.4155,1.0173,1,TCS market update,1.0,0,0.01
2024-04-23,3585.12,1807586,TCS,TCS.NS,0.0026,0.0455,1.0089,0,TCS market update,1.0,0,0.0026
2024-04-24,3544.74,1317312,TCS,TCS.NS,-0.0113,-0.2712,1.0192,1,TCS market update,1.0,0,0.0113
2024-04-25,3564.31,2856271,TCS,TCS.NS,0.0055,1.1683,1.0164,0,TCS market update,1.0,0,0.0055
2024-04-26,3535.76,2039178,TCS,TCS.NS,-0.008,-0.2861,1.0195,1,TCS market update,1.0,0,0.008
2024-04-29,3580.96,1110693,TCS,TCS.NS,0.0128,-0.4553,1.0153,0,TCS market update,1.0,0,0.0128
2024-04-30,3535.11,2203078,TCS,TCS.NS,-0.0128,0.9835,1.0188,1,TCS market update,1.0,0,0.0128
2024-05-02,3574.58,2491044,TCS,TCS.NS,0.0112,0.1307,1.0246,0,TCS market update,1.0,0,0.0112
2024-05-03,3556.16,2962234,TCS,TCS.NS,-0.0052,0.1892,1.0253,1,TCS market update,1.0,0,0.0052
2024-05-06,3628.01,2053831,TCS,TCS.NS,0.0202,-0.3067,1.0226,1,TCS market update,1.0,0,0.0202
2024-05-07,3681.58,2062112,TCS,TCS.NS,0.0148,0.004,1.019,0,TCS market update,1.0,0,0.0148
2024-05-08,3679.73,1247685,TCS,TCS.NS,-0.0005,-0.3949,1.0116,0,TCS market update,1.0,0,0.0005
2024-05-09,3664.23,1726486,TCS,TCS.NS,-0.0042,0.3838,1.0156,0,TCS market update,1.0,0,0.0042
2024-05-10,3602.89,1672489,TCS,TCS.NS,-0.0167,-0.0313,1.0228,1,TCS market update,1.0,0,0.0167
2024-05-13,3652.76,931326,TCS,TCS.NS,0.0138,-0.4431,1.022,0,TCS market update,1.0,0,0.0138
2024-05-14,3609.64,1058317,TCS,TCS.NS,-0.0118,0.1364,1.0136,0,TCS market update,1.0,0,0.0118
2024-05-15,3590.4,1115021,TCS,TCS.NS,-0.0053,0.0536,1.0133,1,TCS market update,1.0,0,0.0053
2024-05-16,3635.65,2599399,TCS,TCS.NS,0.0126,1.3313,1.0172,0,TCS market update,1.0,0,0.0126
2024-05-17,3573.34,2765804,TCS,TCS.NS,-0.0171,0.064,1.0235,0,TCS market update,1.0,0,0.0171
2024-05-21,3560.39,1908117,TCS,TCS.NS,-0.0036,-0.3101,1.0091,1,TCS market update,1.0,0,0.0036
2024-05-22,3571.39,1311168,TCS,TCS.NS,0.0031,-0.3128,1.0062,1,TCS market update,1.0,0,0.0031
2024-05-23,3628.66,2095742,TCS,TCS.NS,0.016,0.5984,1.0208,0,TCS market update,1.0,0,0.016
2024-05-24,3587.7,1309452,TCS,TCS.NS,-0.0113,-0.3752,1.0103,0,TCS market update,1.0,0,0.0113
2024-05-27,3585.41,1841538,TCS,TCS.NS,-0.0006,0.4063,1.0174,0,TCS market update,1.0,0,0.0006
2024-05-28,3578.75,1801993,TCS,TCS.NS,-0.0019,-0.0215,1.0104,0,TCS market update,1.0,0,0.0019
2024-05-29,3544.96,1568095,TCS,TCS.NS,-0.0094,-0.1298,1.0129,0,TCS market update,1.0,0,0.0094
2024-05-30,3482.01,2919230,TCS,TCS.NS,-0.0178,0.8616,1.0212,0,TCS market update,1.0,0,0.0178
2024-05-31,3421.29,10956800,TCS,TCS.NS,-0.0174,2.7533,1.0263,1,TCS market update,1.0,0,0.0174
2024-06-03,3451.02,2156773,TCS,TCS.NS,0.0087,-0.8032,1.015,1,TCS market update,1.0,0,0.0087
2024-06-04,3462.34,3395997,TCS,TCS.NS,0.0033,0.5746,1.0427,1,TCS market update,1.0,0,0.0033
2024-06-05,3491.65,2799670,TCS,TCS.NS,0.0085,-0.1756,1.0226,1,TCS market update,1.0,0,0.0085
2024-06-06,3569.89,4328036,TCS,TCS.NS,0.0224,0.5459,1.0263,1,TCS market update,1.0,0,0.0224
2024-06-07,3629.12,4552445,TCS,TCS.NS,0.0166,0.0519,1.0202,0,TCS market update,1.0,0,0.0166
2024-06-10,3596.27,1734661,TCS,TCS.NS,-0.0091,-0.619,1.0167,0,TCS market update,1.0,0,0.0091
2024-06-11,3590.12,1419898,TCS,TCS.NS,-0.0017,-0.1815,1.0101,0,TCS market update,1.0,0,0.0017
2024-06-12,3571.06,2177001,TCS,TCS.NS,-0.0053,0.5332,1.0173,1,TCS market update,1.0,0,0.0053
2024-06-13,3614.4,1932323,TCS,TCS.NS,0.0121,-0.1124,1.0099,0,TCS market update,1.0,0,0.0121
2024-06-14,3571.43,1860730,TCS,TCS.NS,-0.0119,-0.0371,1.0159,0,TCS market update,1.0,0,0.0119
2024-06-18,3555.63,1774045,TCS,TCS.NS,-0.0044,-0.0466,1.0124,0,TCS market update,1.0,0,0.0044
2024-06-19,3543.15,1509050,TCS,TCS.NS,-0.0035,-0.1494,1.0108,0,TCS market update,1.0,0,0.0035
2024-06-20,3529.68,2846526,TCS,TCS.NS,-0.0038,0.8863,1.0079,1,TCS market update,1.0,0,0.0038
2024-06-21,3551.58,4642195,TCS,TCS.NS,0.0062,0.6308,1.021,1,TCS market update,1.0,0,0.0062
2024-06-24,3557.22,1702154,TCS,TCS.NS,0.0016,-0.6333,1.0173,1,TCS market update,1.0,0,0.0016
2024-06-25,3577.4,1338808,TCS,TCS.NS,0.0057,-0.2135,1.0144,1,TCS market update,1.0,0,0.0057
2024-06-26,3593.61,1639845,TCS,TCS.NS,0.0045,0.2249,1.0068,1,TCS market update,1.0,0,0.0045
2024-06-27,3666.59,4526556,TCS,TCS.NS,0.0203,1.7604,1.0325,0,TCS market update,1.0,0,0.0203
2024-06-28,3638.63,2731571,TCS,TCS.NS,-0.0076,-0.3965,1.0159,1,TCS market update,1.0,0,0.0076
2024-07-01,3707.64,2658723,TCS,TCS.NS,0.019,-0.0267,1.0303,1,TCS market update,1.0,0,0.019
2024-07-02,3744.18,2307449,TCS,TCS.NS,0.0099,-0.1321,1.0103,0,TCS market update,1.0,0,0.0099
2024-07-03,3695.57,1821198,TCS,TCS.NS,-0.013,-0.2107,1.018,1,TCS market update,1.0,0,0.013
2024-07-04,3747.49,2518001,TCS,TCS.NS,0.014,0.3826,1.0164,0,TCS market update,1.0,0,0.014
2024-07-05,3738.96,1668616,TCS,TCS.NS,-0.0023,-0.3373,1.0097,0,TCS market update,1.0,0,0.0023
2024-07-08,3721.62,1758882,TCS,TCS.NS,-0.0046,0.0541,1.0134,0,TCS market update,1.0,0,0.0046
2024-07-09,3714.45,1305801,TCS,TCS.NS,-0.0019,-0.2576,1.008,0,TCS market update,1.0,0,0.0019
2024-07-10,3643.29,2669716,TCS,TCS.NS,-0.0192,1.0445,1.026,1,TCS market update,1.0,0,0.0192
2024-07-11,3656.85,4872189,TCS,TCS.NS,0.0037,0.825,1.0217,1,TCS market update,1.0,0,0.0037
2024-07-12,3899.4,13509164,TCS,TCS.NS,0.0663,1.7727,1.0576,0,TCS market update,1.0,0,0.0663
2024-07-15,3885.65,4848030,TCS,TCS.NS,-0.0035,-0.6411,1.02,1,TCS market update,1.0,0,0.0035
2024-07-16,3894.27,2029521,TCS,TCS.NS,0.0022,-0.5814,1.012,1,TCS market update,1.0,0,0.0022
2024-07-18,4022.05,5613364,TCS,TCS.NS,0.0328,1.7659,1.0397,0,TCS market update,1.0,0,0.0328
2024-07-19,4019.11,3903354,TCS,TCS.NS,-0.0007,-0.3046,1.0172,0,TCS market update,1.0,0,0.0007
2024-07-22,4005.05,1896386,TCS,TCS.NS,-0.0035,-0.5142,1.0129,1,TCS market update,1.0,0,0.0035
2024-07-23,4019.06,2365208,TCS,TCS.NS,0.0035,0.2472,1.0224,1,TCS market update,1.0,0,0.0035
2024-07-24,4022.7,1809793,TCS,TCS.NS,0.0009,-0.2348,1.0166,1,TCS market update,1.0,0,0.0009
2024-07-25,4037.88,2810342,TCS,TCS.NS,0.0038,0.5529,1.0161,1,TCS market update,1.0,0,0.0038
2024-07-26,4098.93,3552210,TCS,TCS.NS,0.0151,0.264,1.0197,0,TCS market update,1.0,0,0.0151
2024-07-29,4092.62,1746803,TCS,TCS.NS,-0.0015,-0.5082,1.0137,0,TCS market update,1.0,0,0.0015
2024-07-30,4077.91,1797906,TCS,TCS.NS,-0.0036,0.0293,1.0163,1,TCS market update,1.0,0,0.0036
2024-07-31,4096.6,2330091,TCS,TCS.NS,0.0046,0.296,1.0159,1,TCS market update,1.0,0,0.0046
2024-08-01,4107.57,2202244,TCS,TCS.NS,0.0027,-0.0549,1.0124,0,TCS market update,1.0,0,0.0027
2024-08-02,4001.03,2811282,TCS,TCS.NS,-0.0259,0.2766,1.03,0,TCS market update,1.0,0,0.0259
2024-08-05,3881.46,2787771,TCS,TCS.NS,-0.0299,-0.0084,1.0313,1,TCS market update,1.0,0,0.0299
2024-08-06,3896.55,2203067,TCS,TCS.NS,0.0039,-0.2097,1.0234,1,TCS market update,1.0,0,0.0039
2024-08-07,3923.87,1237666,TCS,TCS.NS,0.007,-0.4382,1.0155,0,TCS market update,1.0,0,0.007
2024-08-08,3897.81,2441283,TCS,TCS.NS,-0.0066,0.9725,1.0173,1,TCS market update,1.0,0,0.0066
2024-08-09,3950.31,1302536,TCS,TCS.NS,0.0135,-0.4665,1.0114,0,TCS market update,1.0,0,0.0135
2024-08-12,3919.39,936912,TCS,TCS.NS,-0.0078,-0.2807,1.0126,1,TCS market update,1.0,0,0.0078
2024-08-13,3920.6,1495593,TCS,TCS.NS,0.0003,0.5963,1.0122,1,TCS market update,1.0,0,0.0003
2024-08-14,4012.43,3226545,TCS,TCS.NS,0.0234,1.1574,1.0282,1,TCS market update,1.0,0,0.0234
2024-08-16,4125.27,3457058,TCS,TCS.NS,0.0281,0.0714,1.0236,1,TCS market update,1.0,0,0.0281
2024-08-19,4194.35,2055210,TCS,TCS.NS,0.0167,-0.4055,1.0237,1,TCS market update,1.0,0,0.0167
2024-08-20,4225.46,2212298,TCS,TCS.NS,0.0074,0.0764,1.0144,1,TCS market update,1.0,0,0.0074
2024-08-21,4251.8,1896990,TCS,TCS.NS,0.0062,-0.1425,1.015,0,TCS market update,1.0,0,0.0062
2024-08-22,4205.56,1829872,TCS,TCS.NS,-0.0109,-0.0354,1.0142,0,TCS market update,1.0,0,0.0109
2024-08-23,4169.97,1809253,TCS,TCS.NS,-0.0085,-0.0113,1.0114,1,TCS market update,1.0,0,0.0085
2024-08-26,4205.98,1844164,TCS,TCS.NS,0.0086,0.0193,1.015,0,TCS market update,1.0,0,0.0086
2024-08-27,4201.03,930697,TCS,TCS.NS,-0.0012,-0.4953,1.0052,1,TCS market update,1.0,0,0.0012
2024-08-28,4209.35,1848058,TCS,TCS.NS,0.002,0.9857,1.0236,1,TCS market update,1.0,0,0.002
2024-08-29,4214.72,2133641,TCS,TCS.NS,0.0013,0.1545,1.0215,1,TCS market update,1.0,0,0.0013
2024-08-30,4253.91,3637222,TCS,TCS.NS,0.0093,0.7047,1.0233,0,TCS market update,1.0,0,0.0093
2024-09-02,4223.36,1216500,TCS,TCS.NS,-0.0072,-0.6655,1.0168,0,TCS market update,1.0,0,0.0072
2024-09-03,4215.23,1717263,TCS,TCS.NS,-0.0019,0.4116,1.0133,0,TCS market update,1.0,0,0.0019
2024-09-04,4184.31,1265505,TCS,TCS.NS,-0.0073,-0.2631,1.0113,0,TCS market update,1.0,0,0.0073
2024-09-05,4181.23,1688793,TCS,TCS.NS,-0.0007,0.3345,1.0101,0,TCS market update,1.0,0,0.0007
2024-09-06,4163.29,1649179,TCS,TCS.NS,-0.0043,-0.0235,1.0178,0,TCS market update,1.0,0,0.0043
2024-09-09,4156.57,1184938,TCS,TCS.NS,-0.0016,-0.2815,1.0135,1,TCS market update,1.0,0,0.0016
2024-09-10,4211.03,1385591,TCS,TCS.NS,0.0131,0.1693,1.0224,0,TCS market update,1.0,0,0.0131
2024-09-11,4184.41,1325919,TCS,TCS.NS,-0.0063,-0.0431,1.0175,1,TCS market update,1.0,0,0.0063
2024-09-12,4220.23,2742216,TCS,TCS.NS,0.0086,1.0682,1.0229,1,TCS market update,1.0,0,0.0086
2024-09-13,4224.81,1458786,TCS,TCS.NS,0.0011,-0.468,1.0093,0,TCS market update,1.0,0,0.0011
2024-09-16,4216.07,1155120,TCS,TCS.NS,-0.0021,-0.2082,1.0115,0,TCS market update,1.0,0,0.0021
2024-09-17,4208.97,1699364,TCS,TCS.NS,-0.0017,0.4712,1.0156,0,TCS market update,1.0,0,0.0017
2024-09-18,4059.98,2961779,TCS,TCS.NS,-0.0354,0.7429,1.0407,0,TCS market update,1.0,0,0.0354
2024-09-19,4013.27,2927551,TCS,TCS.NS,-0.0115,-0.0116,1.0328,0,TCS market update,1.0,0,0.0115
2024-09-20,4002.76,5447908,TCS,TCS.NS,-0.0026,0.8609,1.0244,0,TCS market update,1.0,0,0.0026
2024-09-23,3987.44,1702319,TCS,TCS.NS,-0.0038,-0.6875,1.0133,1,TCS market update,1.0,0,0.0038
2024-09-24,3990.05,3012026,TCS,TCS.NS,0.0007,0.7694,1.012,1,TCS market update,1.0,0,0.0007
2024-09-25,3993.28,2713073,TCS,TCS.NS,0.0008,-0.0993,1.0117,1,TCS market update,1.0,0,0.0008
2024-09-26,4009.86,3964251,TCS,TCS.NS,0.0042,0.4612,1.0133,1,TCS market update,1.0,0,0.0042
2024-09-27,4024.99,3012477,TCS,TCS.NS,0.0038,-0.2401,1.0181,0,TCS market update,1.0,0,0.0038
2024-09-30,3987.44,2503416,TCS,TCS.NS,-0.0093,-0.169,1.0091,1,TCS market update,1.0,0,0.0093
2024-10-01,4005.56,1823365,TCS,TCS.NS,0.0045,-0.2716,1.0124,0,TCS market update,1.0,0,0.0045
2024-10-03,3954.04,3350119,TCS,TCS.NS,-0.0129,0.8373,1.0164,1,TCS market update,1.0,0,0.0129
2024-10-04,3972.26,2965463,TCS,TCS.NS,0.0046,-0.1148,1.0175,1,TCS market update,1.0,0,0.0046
2024-10-07,3991.5,1472619,TCS,TCS.NS,0.0048,-0.5034,1.016,0,TCS market update,1.0,0,0.0048
2024-10-08,3973.19,1541867,TCS,TCS.NS,-0.0046,0.047,1.0179,0,TCS market update,1.0,0,0.0046
2024-10-09,3972.91,1082504,TCS,TCS.NS,-0.0001,-0.2979,1.0114,0,TCS market update,1.0,0,0.0001
2024-10-10,3949.05,2378875,TCS,TCS.NS,-0.006,1.1976,1.0227,0,TCS market update,1.0,0,0.006
2024-10-11,3875.99,5759183,TCS,TCS.NS,-0.0185,1.421,1.0315,0,TCS market update,1.0,0,0.0185
2024-10-14,3864.27,2137590,TCS,TCS.NS,-0.003,-0.6288,1.0105,0,TCS market update,1.0,0,0.003
2024-10-15,3845.73,2759474,TCS,TCS.NS,-0.0048,0.2909,1.0183,0,TCS market update,1.0,0,0.0048
2024-10-16,3825.32,2359151,TCS,TCS.NS,-0.0053,-0.1451,1.0118,1,TCS market update,1.0,0,0.0053
2024-10-17,3838.44,2522659,TCS,TCS.NS,0.0034,0.0693,1.009,1,TCS market update,1.0,0,0.0034
2024-10-18,3860.96,2361000,TCS,TCS.NS,0.0059,-0.0641,1.0162,0,TCS market update,1.0,0,0.0059
2024-10-21,3820.51,1595450,TCS,TCS.NS,-0.0105,-0.3242,1.0172,0,TCS market update,1.0,0,0.0105
2024-10-22,3760.25,1928049,TCS,TCS.NS,-0.0158,0.2085,1.0208,1,TCS market update,1.0,0,0.0158
2024-10-23,3807.77,1966476,TCS,TCS.NS,0.0126,0.0199,1.0296,0,TCS market update,1.0,0,0.0126
2024-10-24,3790.59,2676744,TCS,TCS.NS,-0.0045,0.3612,1.0187,1,TCS market update,1.0,0,0.0045
2024-10-25,3799.63,1759676,TCS,TCS.NS,0.0024,-0.3426,1.0147,1,TCS market update,1.0,0,0.0024
2024-10-28,3830.81,1532534,TCS,TCS.NS,0.0082,-0.1291,1.0205,0,TCS market update,1.0,0,0.0082
2024-10-29,3816.2,1445885,TCS,TCS.NS,-0.0038,-0.0565,1.0107,1,TCS market update,1.0,0,0.0038
2024-10-30,3825.0,1935002,TCS,TCS.NS,0.0023,0.3383,1.0116,0,TCS market update,1.0,0,0.0023
2024-10-31,3716.19,3740372,TCS,TCS.NS,-0.0284,0.933,1.0299,1,TCS market update,1.0,0,0.0284
2024-11-01,3730.94,154895,TCS,TCS.NS,0.004,-0.9586,1.0058,0,TCS market update,1.0,0,0.004
2024-11-04,3712.16,2269192,TCS,TCS.NS,-0.005,13.6499,1.0201,1,TCS market update,1.0,0,0.005
2024-11-05,3718.91,967590,TCS,TCS.NS,0.0018,-0.5736,1.0114,1,TCS market update,1.0,0,0.0018
2024-11-06,3876.51,3792017,TCS,TCS.NS,0.0424,2.919,1.0439,1,TCS market update,1.0,0,0.0424
2024-11-07,3887.04,3724349,TCS,TCS.NS,0.0027,-0.0178,1.0296,0,TCS market update,1.0,0,0.0027
2024-11-08,3883.39,1648039,TCS,TCS.NS,-0.0009,-0.5575,1.0127,1,TCS market update,1.0,0,0.0009
2024-11-11,3931.8,1406487,TCS,TCS.NS,0.0125,-0.1466,1.0283,0,TCS market update,1.0,0,0.0125
2024-11-12,3930.59,1587640,TCS,TCS.NS,-0.0003,0.1288,1.0129,0,TCS market update,1.0,0,0.0003
2024-11-13,3886.53,1098813,TCS,TCS.NS,-0.0112,-0.3079,1.0159,0,TCS market update,1.0,0,0.0112
2024-11-14,3882.36,1825432,TCS,TCS.NS,-0.0011,0.6613,1.0106,0,TCS market update,1.0,0,0.0011
2024-11-18,3763.99,3313944,TCS,TCS.NS,-0.0305,0.8154,1.0558,1,TCS market update,1.0,0,0.0305
2024-11-19,3782.77,1776233,TCS,TCS.NS,0.005,-0.464,1.0294,1,TCS market update,1.0,0,0.005
2024-11-21,3813.95,2384347,TCS,TCS.NS,0.0082,0.3424,1.017,1,TCS market update,1.0,0,0.0082
2024-11-22,3974.79,3096553,TCS,TCS.NS,0.0422,0.2987,1.0496,1,TCS market update,1.0,0,0.0422
2024-11-25,4040.8,4052167,TCS,TCS.NS,0.0166,0.3086,1.0178,1,TCS market update,1.0,0,0.0166
2024-11-26,4076.01,2060669,TCS,TCS.NS,0.0087,-0.4915,1.0131,0,TCS market update,1.0,0,0.0087
2024-11-27,4057.14,1558993,TCS,TCS.NS,-0.0046,-0.2435,1.0123,0,TCS market update,1.0,0,0.0046
2024-11-28,3975.07,2558544,TCS,TCS.NS,-0.0202,0.6412,1.0253,1,TCS market update,1.0,0,0.0202
2024-11-29,3999.37,2017425,TCS,TCS.NS,0.0061,-0.2115,1.0246,1,TCS market update,1.0,0,0.0061
2024-12-02,4004.8,1670944,TCS,TCS.NS,0.0014,-0.1717,1.0137,1,TCS market update,1.0,0,0.0014
2024-12-03,4029.24,2010905,TCS,TCS.NS,0.0061,0.2035,1.014,1,TCS market update,1.0,0,0.0061
2024-12-04,4077.61,3302642,TCS,TCS.NS,0.012,0.6424,1.0228,1,TCS market update,1.0,0,0.012
2024-12-05,4180.29,3746747,TCS,TCS.NS,0.0252,0.1345,1.0296,0,TCS market update,1.0,0,0.0252
2024-12-06,4162.92,1842087,TCS,TCS.NS,-0.0042,-0.5084,1.0118,1,TCS market update,1.0,0,0.0042
2024-12-09,4169.14,2066639,TCS,TCS.NS,0.0015,0.1219,1.0122,0,TCS market update,1.0,0,0.0015
2024-12-10,4150.79,2087828,TCS,TCS.NS,-0.0044,0.0103,1.0185,0,TCS market update,1.0,0,0.0044
2024-12-11,4146.01,1635256,TCS,TCS.NS,-0.0012,-0.2168,1.0095,1,TCS market update,1.0,0,0.0012
2024-12-12,4171.76,1914642,TCS,TCS.NS,0.0062,0.1709,1.0133,1,TCS market update,1.0,0,0.0062
2024-12-13,4189.51,1967048,TCS,TCS.NS,0.0043,0.0274,1.0229,0,TCS market update,1.0,0,0.0043
2024-12-16,4134.54,1646224,TCS,TCS.NS,-0.0131,-0.1631,1.0177,0,TCS market update,1.0,0,0.0131
2024-12-17,4053.35,3225027,TCS,TCS.NS,-0.0196,0.959,1.0266,1,TCS market update,1.0,0,0.0196
2024-12-18,4071.47,1575404,TCS,TCS.NS,0.0045,-0.5115,1.0169,0,TCS market update,1.0,0,0.0045
2024-12-19,4000.35,3015763,TCS,TCS.NS,-0.0175,0.9143,1.0239,0,TCS market update,1.0,0,0.0175
2024-12-20,3905.21,4116989,TCS,TCS.NS,-0.0238,0.3652,1.0553,0,TCS market update,1.0,0,0.0238
2024-12-23,3893.97,2195338,TCS,TCS.NS,-0.0029,-0.4668,1.0248,1,TCS market update,1.0,0,0.0029
2024-12-24,3913.82,1181886,TCS,TCS.NS,0.0051,-0.4616,1.0144,0,TCS market update,1.0,0,0.0051
2024-12-26,3904.09,1208464,TCS,TCS.NS,-0.0025,0.0225,1.0137,0,TCS market update,1.0,0,0.0025
2024-12-27,3900.11,858100,TCS,TCS.NS,-0.001,-0.2899,1.0081,0,TCS market update,1.0,0,0.001
2024-12-30,3894.44,1527169,TCS,TCS.NS,-0.0015,0.7797,1.0212,0,TCS market update,1.0,0,0.0015
2024-12-31,3834.51,1555429,TCS,TCS.NS,-0.0154,0.0185,1.0268,1,TCS market update,1.0,0,0.0154
2025-01-01,3851.04,763161,TCS,TCS.NS,0.0043,-0.5094,1.0119,1,TCS market update,1.0,0,0.0043
2025-01-02,3910.31,1720835,TCS,TCS.NS,0.0154,1.2549,1.021,0,TCS market update,1.0,0,0.0154
2025-01-03,3839.28,1791953,TCS,TCS.NS,-0.0182,0.0413,1.0214,0,TCS market update,1.0,0,0.0182
2025-01-06,3834.7,2085593,TCS,TCS.NS,-0.0012,0.1639,1.0205,0,TCS market update,1.0,0,0.0012
2025-01-07,3772.24,2669054,TCS,TCS.NS,-0.0163,0.2798,1.0321,1,TCS market update,1.0,0,0.0163
2025-01-08,3847.24,2181277,TCS,TCS.NS,0.0199,-0.1828,1.0269,0,TCS market update,1.0,0,0.0199
2025-01-09,3782.11,2392472,TCS,TCS.NS,-0.0169,0.0968,1.0279,1,TCS market update,1.0,0,0.0169
2025-01-10,3994.5,7894300,TCS,TCS.NS,0.0562,2.2996,1.0305,1,TCS market update,1.0,0,0.0562
2025-01-13,4018.33,4003771,TCS,TCS.NS,0.006,-0.4928,1.0226,0,TCS market update,1.0,0,0.006
2025-01-14,3963.97,3441709,TCS,TCS.NS,-0.0135,-0.1404,1.0225,1,TCS market update,1.0,0,0.0135
2025-01-15,3979.47,1653474,TCS,TCS.NS,0.0039,-0.5196,1.0116,0,TCS market update,1.0,0,0.0039
2025-01-16,3938.92,2637705,TCS,TCS.NS,-0.0102,0.5953,1.0244,0,TCS market update,1.0,0,0.0102
2025-01-17,3933.2,1761466,TCS,TCS.NS,-0.0015,-0.3322,1.0148,0,TCS market update,1.0,0,0.0015
2025-01-20,3888.85,1287799,TCS,TCS.NS,-0.0113,-0.2689,1.0191,0,TCS market update,1.0,0,0.0113
2025-01-21,3848.85,1971591,TCS,TCS.NS,-0.0103,0.531,1.0201,1,TCS market update,1.0,0,0.0103
2025-01-22,3964.0,2409223,TCS,TCS.NS,0.0299,0.222,1.0294,0,TCS market update,1.0,0,0.0299
2025-01-23,3953.37,1822998,TCS,TCS.NS,-0.0027,-0.2433,1.0124,1,TCS market update,1.0,0,0.0027
2025-01-24,3959.95,1910099,TCS,TCS.NS,0.0017,0.0478,1.018,0,TCS market update,1.0,0,0.0017
2025-01-27,3876.79,1551782,TCS,TCS.NS,-0.021,-0.1876,1.0285,0,TCS market update,1.0,0,0.021
2025-01-28,3853.09,2468272,TCS,TCS.NS,-0.0061,0.5906,1.0183,1,TCS market update,1.0,0,0.0061
2025-01-29,3909.83,1217089,TCS,TCS.NS,0.0147,-0.5069,1.0133,1,TCS market update,1.0,0,0.0147
2025-01-30,3910.07,1531251,TCS,TCS.NS,0.0001,0.2581,1.0176,1,TCS market update,1.0,0,0.0001
2025-01-31,3921.85,1492943,TCS,TCS.NS,0.003,-0.025,1.0106,0,TCS market update,1.0,0,0.003
2025-02-01,3884.42,437172,TCS,TCS.NS,-0.0095,-0.7072,1.0197,0,TCS market update,1.0,0,0.0095
2025-02-03,3880.13,1265713,TCS,TCS.NS,-0.0011,1.8952,1.0196,1,TCS market update,1.0,0,0.0011
2025-02-04,3916.75,2547132,TCS,TCS.NS,0.0094,1.0124,1.013,0,TCS market update,1.0,0,0.0094
2025-02-05,3901.54,1693912,TCS,TCS.NS,-0.0039,-0.335,1.0182,0,TCS market update,1.0,0,0.0039
2025-02-06,3893.57,2284536,TCS,TCS.NS,-0.002,0.3487,1.0217,0,TCS market update,1.0,0,0.002
2025-02-07,3842.7,1548940,TCS,TCS.NS,-0.0131,-0.322,1.0205,1,TCS market update,1.0,0,0.0131
2025-02-10,3849.9,1339511,TCS,TCS.NS,0.0019,-0.1352,1.0094,0,TCS market update,1.0,0,0.0019
2025-02-11,3779.9,1810908,TCS,TCS.NS,-0.0182,0.3519,1.0215,0,TCS market update,1.0,0,0.0182
2025-02-12,3767.12,1678002,TCS,TCS.NS,-0.0034,-0.0734,1.0207,0,TCS market update,1.0,0,0.0034
2025-02-13,3728.97,2277310,TCS,TCS.NS,-0.0101,0.3572,1.0211,1,TCS market update,1.0,0,0.0101
2025-02-14,3752.53,1681975,TCS,TCS.NS,0.0063,-0.2614,1.0123,0,TCS market update,1.0,0,0.0063
2025-02-17,3723.58,1799806,TCS,TCS.NS,-0.0077,0.0701,1.0202,0,TCS market update,1.0,0,0.0077
2025-02-18,3693.73,2149879,TCS,TCS.NS,-0.008,0.1945,1.0155,0,TCS market update,1.0,0,0.008
2025-02-19,3608.76,4366672,TCS,TCS.NS,-0.023,1.0311,1.0283,0,TCS market update,1.0,0,0.023
2025-02-20,3604.28,2888572,TCS,TCS.NS,-0.0012,-0.3385,1.0098,1,TCS market update,1.0,0,0.0012
2025-02-21,3610.57,1833931,TCS,TCS.NS,0.0017,-0.3651,1.0111,0,TCS market update,1.0,0,0.0017
2025-02-24,3505.29,2508516,TCS,TCS.NS,-0.0292,0.3678,1.0254,0,TCS market update,1.0,0,0.0292
2025-02-25,3461.37,4101954,TCS,TCS.NS,-0.0125,0.6352,1.0101,0,TCS market update,1.0,0,0.0125
2025-02-27,3445.16,3823856,TCS,TCS.NS,-0.0047,-0.0678,1.0104,0,TCS market update,1.0,0,0.0047
2025-02-28,3321.85,7085018,TCS,TCS.NS,-0.0358,0.8528,1.0414,1,TCS market update,1.0,0,0.0358
2025-03-03,3331.2,4990439,TCS,TCS.NS,0.0028,-0.2956,1.0135,1,TCS market update,1.0,0,0.0028
2025-03-04,3368.39,2797737,TCS,TCS.NS,0.0112,-0.4394,1.025,1,TCS market update,1.0,0,0.0112
2025-03-05,3382.7,2501894,TCS,TCS.NS,0.0042,-0.1057,1.0226,1,TCS market update,1.0,0,0.0042
2025-03-06,3434.72,2786513,TCS,TCS.NS,0.0154,0.1138,1.0207,1,TCS market update,1.0,0,0.0154
2025-03-07,3443.87,2051315,TCS,TCS.NS,0.0027,-0.2638,1.0142,0,TCS market update,1.0,0,0.0027
2025-03-10,3423.32,1004626,TCS,TCS.NS,-0.006,-0.5103,1.011,0,TCS market update,1.0,0,0.006
2025-03-11,3409.64,1995450,TCS,TCS.NS,-0.004,0.9863,1.0144,0,TCS market update,1.0,0,0.004
2025-03-12,3343.74,3174167,TCS,TCS.NS,-0.0193,0.5907,1.0236,1,TCS market update,1.0,0,0.0193
2025-03-13,3348.36,1693004,TCS,TCS.NS,0.0014,-0.4666,1.0115,0,TCS market update,1.0,0,0.0014
2025-03-17,3335.63,2690906,TCS,TCS.NS,-0.0038,0.5894,1.0153,0,TCS market update,1.0,0,0.0038
2025-03-18,3335.63,0,TCS,TCS.NS,0.0,-1.0,1.0,0,TCS market update,1.0,0,0.0
2025-03-19,3335.06,3051244,TCS,TCS.NS,-0.0002,inf,1.0243,1,TCS market update,1.0,0,0.0002
2025-03-20,3398.05,2845192,TCS,TCS.NS,0.0189,-0.0675,1.0191,1,TCS market update,1.0,0,0.0189
2025-03-21,3412.31,4161925,TCS,TCS.NS,0.0042,0.4628,1.0437,1,TCS market update,1.0,0,0.0042
2025-03-24,3460.8,1834751,TCS,TCS.NS,0.0142,-0.5592,1.0233,1,TCS market update,1.0,0,0.0142
2025-03-25,3488.27,3135390,TCS,TCS.NS,0.0079,0.7089,1.0198,0,TCS market update,1.0,0,0.0079
2025-03-26,3467.33,1734499,TCS,TCS.NS,-0.006,-0.4468,1.0151,1,TCS market update,1.0,0,0.006
2025-03-27,3482.02,2528474,TCS,TCS.NS,0.0042,0.4578,1.0145,0,TCS market update,1.0,0,0.0042
2025-03-28,3439.06,2051919,TCS,TCS.NS,-0.0123,-0.1885,1.0192,0,TCS market update,1.0,0,0.0123
2025-04-01,3386.27,2618493,TCS,TCS.NS,-0.0153,0.2761,1.0167,0,TCS market update,1.0,0,0.0154
2025-04-02,3379.74,1764313,TCS,TCS.NS,-0.0019,-0.3262,1.0096,0,TCS market update,1.0,0,0.0019
2025-04-03,3245.46,4537821,TCS,TCS.NS,-0.0397,1.572,1.0312,0,TCS market update,1.0,0,0.0397
2025-04-04,3146.52,5317367,TCS,TCS.NS,-0.0305,0.1718,1.0316,0,TCS market update,1.0,0,0.0305
2025-04-07,3122.35,6623955,TCS,TCS.NS,-0.0077,0.2457,1.077,1,TCS market update,1.0,0,0.0077
2025-04-08,3140.37,5557558,TCS,TCS.NS,0.0058,-0.161,1.0288,0,TCS market update,1.0,0,0.0058
2025-04-09,3096.17,2990265,TCS,TCS.NS,-0.0141,-0.4619,1.018,0,TCS market update,1.0,0,0.0141
2025-04-11,3081.77,7108961,TCS,TCS.NS,-0.0047,1.3774,1.029,1,TCS market update,1.0,0,0.0047
2025-04-15,3097.69,3512160,TCS,TCS.NS,0.0052,-0.506,1.0234,1,TCS market update,1.0,0,0.0052
2025-04-16,3122.11,2384391,TCS,TCS.NS,0.0079,-0.3211,1.0152,1,TCS market update,1.0,0,0.0079
2025-04-17,3146.04,2932346,TCS,TCS.NS,0.0077,0.2298,1.0266,1,TCS market update,1.0,0,0.0077
2025-04-21,3167.69,2432946,TCS,TCS.NS,0.0069,-0.1703,1.0213,0,TCS market update,1.0,0,0.0069
2025-04-22,3160.83,2710498,TCS,TCS.NS,-0.0022,0.1141,1.0118,1,TCS market update,1.0,0,0.0022
2025-04-23,3254.86,3543923,TCS,TCS.NS,0.0297,0.3075,1.0251,0,TCS market update,1.0,0,0.0297
2025-04-24,3243.99,2252175,TCS,TCS.NS,-0.0033,-0.3645,1.0073,1,TCS market update,1.0,0,0.0033
2025-04-25,3288.24,2742991,TCS,TCS.NS,0.0136,0.2179,1.0214,0,TCS market update,1.0,0,0.0136
2025-04-28,3283.94,1593296,TCS,TCS.NS,-0.0013,-0.4191,1.0155,1,TCS market update,1.0,0,0.0013
2025-04-29,3311.6,1578332,TCS,TCS.NS,0.0084,-0.0094,1.0188,0,TCS market update,1.0,0,0.0084
2025-04-30,3293.67,2809332,TCS,TCS.NS,-0.0054,0.7799,1.0428,0,TCS market update,1.0,0,0.0054
2025-05-02,3272.02,1721761,TCS,TCS.NS,-0.0066,-0.3871,1.0209,1,TCS market update,1.0,0,0.0066
2025-05-05,3294.24,1284443,TCS,TCS.NS,0.0068,-0.254,1.0169,1,TCS market update,1.0,0,0.0068
2025-05-06,3299.68,1324763,TCS,TCS.NS,0.0017,0.0314,1.0105,0,TCS market update,1.0,0,0.0017
2025-05-07,3285.47,1477128,TCS,TCS.NS,-0.0043,0.115,1.0114,1,TCS market update,1.0,0,0.0043
2025-05-08,3289.09,2543591,TCS,TCS.NS,0.0011,0.722,1.0141,0,TCS market update,1.0,0,0.0011
2025-05-09,3280.89,2531757,TCS,TCS.NS,-0.0025,-0.0047,1.0142,1,TCS market update,1.0,0,0.0025
2025-05-12,3452.65,2228678,TCS,TCS.NS,0.0523,-0.1197,1.0366,0,TCS market update,1.0,0,0.0524
2025-05-13,3352.13,3062887,TCS,TCS.NS,-0.0291,0.3743,1.032,1,TCS market update,1.0,0,0.0291
2025-05-14,3384.27,2119499,TCS,TCS.NS,0.0096,-0.308,1.0149,1,TCS market update,1.0,0,0.0096
2025-05-15,3414.02,3548330,TCS,TCS.NS,0.0088,0.6741,1.0244,0,TCS market update,1.0,0,0.0088
2025-05-16,3396.29,1666727,TCS,TCS.NS,-0.0052,-0.5303,1.0135,0,TCS market update,1.0,0,0.0052
2025-05-19,3355.75,2537377,TCS,TCS.NS,-0.0119,0.5224,1.0132,0,TCS market update,1.0,0,0.0119
2025-05-20,3336.2,2038374,TCS,TCS.NS,-0.0058,-0.1967,1.0183,1,TCS market update,1.0,0,0.0058
2025-05-21,3362.43,1440153,TCS,TCS.NS,0.0079,-0.2935,1.0111,0,TCS market update,1.0,0,0.0079
2025-05-22,3315.89,2034383,TCS,TCS.NS,-0.0138,0.4126,1.0135,1,TCS market update,1.0,0,0.0138
2025-05-23,3351.75,1274331,TCS,TCS.NS,0.0108,-0.3736,1.02,1,TCS market update,1.0,0,0.0108
2025-05-26,3373.4,967470,TCS,TCS.NS,0.0065,-0.2408,1.0099,0,TCS market update,1.0,0,0.0065
2025-05-27,3336.59,2467680,TCS,TCS.NS,-0.0109,1.5507,1.0163,0,TCS market update,1.0,0,0.0109
2025-05-28,3335.63,1222933,TCS,TCS.NS,-0.0003,-0.5044,1.0103,1,TCS market update,1.0,0,0.0003
2025-05-29,3336.01,3188072,TCS,TCS.NS,0.0001,1.6069,1.0132,0,TCS market update,1.0,0,0.0001
2025-05-30,3302.92,3404365,TCS,TCS.NS,-0.0099,0.0678,1.0155,0,TCS market update,1.0,0,0.0099
2025-06-02,3289.95,1877585,TCS,TCS.NS,-0.0039,-0.4485,1.0121,0,TCS market update,1.0,0,0.0039
2025-06-03,3247.42,2848125,TCS,TCS.NS,-0.0129,0.5169,1.0215,1,TCS market update,1.0,0,0.0129
2025-06-04,3252.9,2544807,TCS,TCS.NS,0.0017,-0.1065,1.0074,0,TCS market update,1.0,0,0.0017
2025-06-05,3243.47,3584683,TCS,TCS.NS,-0.0029,0.4086,1.0135,1,TCS market update,1.0,0,0.0029
2025-06-06,3256.08,2070390,TCS,TCS.NS,0.0039,-0.4224,1.0096,1,TCS market update,1.0,0,0.0039
2025-06-09,3292.35,1718678,TCS,TCS.NS,0.0111,-0.1699,1.0127,1,TCS market update,1.0,0,0.0111
2025-06-10,3331.8,2419874,TCS,TCS.NS,0.012,0.408,1.0183,1,TCS market update,1.0,0,0.012
2025-06-11,3340.46,2847013,TCS,TCS.NS,0.0026,0.1765,1.0116,0,TCS market update,1.0,0,0.0026
2025-06-12,3304.18,4060134,TCS,TCS.NS,-0.0109,0.4261,1.015,1,TCS market update,1.0,0,0.0109
2025-06-13,3315.25,2178493,TCS,TCS.NS,0.0033,-0.4634,1.0169,1,TCS market update,1.0,0,0.0034
2025-06-16,3363.93,1934088,TCS,TCS.NS,0.0147,-0.1122,1.0242,1,TCS market update,1.0,0,0.0147
2025-06-17,3382.21,2111940,TCS,TCS.NS,0.0054,0.092,1.0091,0,TCS market update,1.0,0,0.0054
2025-06-18,3320.73,2696327,TCS,TCS.NS,-0.0182,0.2767,1.0276,0,TCS market update,1.0,0,0.0182
2025-06-19,3294.37,2672768,TCS,TCS.NS,-0.0079,-0.0087,1.0111,1,TCS market update,1.0,0,0.0079
2025-06-20,3305.63,2351248,TCS,TCS.NS,0.0034,-0.1203,1.0104,0,TCS market update,1.0,0,0.0034
2025-06-23,3265.12,3123421,TCS,TCS.NS,-0.0123,0.3284,1.0163,0,TCS market update,1.0,0,0.0123
2025-06-24,3262.04,3403048,TCS,TCS.NS,-0.0009,0.0895,1.0178,1,TCS market update,1.0,0,0.0009
2025-06-25,3314.38,1757699,TCS,TCS.NS,0.016,-0.4835,1.0147,0,TCS market update,1.0,0,0.016
2025-06-26,3311.5,2879106,TCS,TCS.NS,-0.0009,0.638,1.0106,0,TCS market update,1.0,0,0.0009
2025-06-27,3310.82,1778433,TCS,TCS.NS,-0.0002,-0.3823,1.0103,1,TCS market update,1.0,0,0.0002
2025-06-30,3330.93,1468351,TCS,TCS.NS,0.0061,-0.1744,1.0102,0,TCS market update,1.0,0,0.0061
2025-07-01,3299.85,2375183,TCS,TCS.NS,-0.0093,0.6176,1.0209,0,TCS market update,1.0,0,0.0093
2025-07-02,3293.7,3090585,TCS,TCS.NS,-0.0019,0.3012,1.0204,0,TCS market update,1.0,0,0.0019
2025-07-03,3272.05,2531870,TCS,TCS.NS,-0.0066,-0.1808,1.0111,1,TCS market update,1.0,0,0.0066
2025-07-04,3290.33,1109320,TCS,TCS.NS,0.0056,-0.5619,1.0109,0,TCS market update,1.0,0,0.0056
2025-07-07,3282.54,1639174,TCS,TCS.NS,-0.0024,0.4776,1.0052,0,TCS market update,1.0,0,0.0024
2025-07-08,3277.24,2325242,TCS,TCS.NS,-0.0016,0.4185,1.0093,0,TCS market update,1.0,0,0.0016
2025-07-09,3255.69,2034938,TCS,TCS.NS,-0.0066,-0.1248,1.014,0,TCS market update,1.0,0,0.0066
2025-07-10,3253.96,3035012,TCS,TCS.NS,-0.0005,0.4915,1.0128,0,TCS market update,1.0,0,0.0005
2025-07-11,3142.35,7635550,TCS,TCS.NS,-0.0343,1.5158,1.0227,0,TCS market update,1.0,0,0.0343
2025-07-14,3100.69,3924009,TCS,TCS.NS,-0.0133,-0.4861,1.0225,1,TCS market update,1.0,0,0.0133
2025-07-15,3129.17,2590889,TCS,TCS.NS,0.0092,-0.3397,1.0167,0,TCS market update,1.0,0,0.0092
2025-07-16,3121.25,2540733,TCS,TCS.NS,-0.0025,-0.0194,1.0075,0,TCS market update,1.0,0,0.0025
2025-07-17,3098.18,2947640,TCS,TCS.NS,-0.0074,0.1602,1.0118,0,TCS market update,1.0,0,0.0074
2025-07-18,3079.55,3432645,TCS,TCS.NS,-0.006,0.1645,1.0131,0,TCS market update,1.0,0,0.006
2025-07-21,3048.95,3844346,TCS,TCS.NS,-0.0099,0.1199,1.0145,1,TCS market update,1.0,0,0.0099
2025-07-22,3050.3,3198036,TCS,TCS.NS,0.0004,-0.1681,1.0081,1,TCS market update,1.0,0,0.0004
2025-07-23,3069.12,1922875,TCS,TCS.NS,0.0062,-0.3987,1.0077,0,TCS market update,1.0,0,0.0062
2025-07-24,3039.1,2934778,TCS,TCS.NS,-0.0098,0.5262,1.0107,0,TCS market update,1.0,0,0.0098
2025-07-25,3027.32,2568917,TCS,TCS.NS,-0.0039,-0.1247,1.01,0,TCS market update,1.0,0,0.0039
2025-07-28,2972.78,3374473,TCS,TCS.NS,-0.018,0.3136,1.0157,0,TCS market update,1.0,0,0.018
2025-07-29,2950.28,4785312,TCS,TCS.NS,-0.0076,0.4181,1.0108,0,TCS market update,1.0,0,0.0076
2025-07-30,2947.96,2880121,TCS,TCS.NS,-0.0008,-0.3981,1.0072,0,TCS market update,1.0,0,0.0008
2025-07-31,2931.75,2968371,TCS,TCS.NS,-0.0055,0.0306,1.0149,0,TCS market update,1.0,0,0.0055
2025-08-01,2899.11,2053847,TCS,TCS.NS,-0.0111,-0.3081,1.0123,1,TCS market update,1.0,0,0.0111
2025-08-04,2968.04,2519252,TCS,TCS.NS,0.0238,0.2266,1.0293,0,TCS market update,1.0,0,0.0238
2025-08-05,2957.91,1927996,TCS,TCS.NS,-0.0034,-0.2347,1.0117,0,TCS market update,1.0,0,0.0034
2025-08-06,2927.4,1487081,TCS,TCS.NS,-0.0103,-0.2287,1.0135,1,TCS market update,1.0,0,0.0103
2025-08-07,2941.59,2543076,TCS,TCS.NS,0.0048,0.7101,1.0135,0,TCS market update,1.0,0,0.0048
2025-08-08,2931.36,2762140,TCS,TCS.NS,-0.0035,0.0861,1.0115,1,TCS market update,1.0,0,0.0035
2025-08-11,2935.61,1884215,TCS,TCS.NS,0.0014,-0.3178,1.0095,0,TCS market update,1.0,0,0.0014
2025-08-12,2930.39,3358232,TCS,TCS.NS,-0.0018,0.7823,1.023,1,TCS market update,1.0,0,0.0018
2025-08-13,2931.17,2148166,TCS,TCS.NS,0.0003,-0.3603,1.0052,0,TCS market update,1.0,0,0.0003
2025-08-14,2917.75,3342174,TCS,TCS.NS,-0.0046,0.5558,1.0122,0,TCS market update,1.0,0,0.0046
2025-08-18,2907.03,2945609,TCS,TCS.NS,-0.0037,-0.1187,1.0152,1,TCS market update,1.0,0,0.0037
2025-08-19,2911.86,2650784,TCS,TCS.NS,0.0017,-0.1001,1.0046,1,TCS market update,1.0,0,0.0017
2025-08-20,2991.41,4952358,TCS,TCS.NS,0.0273,0.8683,1.0307,1,TCS market update,1.0,0,0.0273
2025-08-21,2995.27,3230726,TCS,TCS.NS,0.0013,-0.3476,1.0152,0,TCS market update,1.0,0,0.0013
2025-08-22,2948.35,1593791,TCS,TCS.NS,-0.0157,-0.5067,1.015,1,TCS market update,1.0,0,0.0157
2025-08-25,3031.96,3448370,TCS,TCS.NS,0.0284,1.1636,1.0243,1,TCS market update,1.0,0,0.0284
2025-08-26,3047.98,5522097,TCS,TCS.NS,0.0053,0.6014,1.0135,0,TCS market update,1.0,0,0.0053
2025-08-28,2986.68,3116051,TCS,TCS.NS,-0.0201,-0.4357,1.0194,0,TCS market update,1.0,0,0.0201
2025-08-29,2977.99,2271789,TCS,TCS.NS,-0.0029,-0.2709,1.0123,1,TCS market update,1.0,0,0.0029
2025-09-01,3004.92,1246862,TCS,TCS.NS,0.009,-0.4512,1.0133,0,TCS market update,1.0,0,0.009
2025-09-02,3003.86,2185229,TCS,TCS.NS,-0.0004,0.7526,1.0167,0,TCS market update,1.0,0,0.0004
2025-09-03,2990.35,1799774,TCS,TCS.NS,-0.0045,-0.1764,1.0175,0,TCS market update,1.0,0,0.0045
2025-09-04,2988.61,1481391,TCS,TCS.NS,-0.0006,-0.1769,1.0088,0,TCS market update,1.0,0,0.0006
2025-09-05,2942.85,2802055,TCS,TCS.NS,-0.0153,0.8915,1.0247,0,TCS market update,1.0,0,0.0153
2025-09-08,2914.56,2626187,TCS,TCS.NS,-0.0096,-0.0628,1.0162,1,TCS market update,1.0,0,0.0096
2025-09-09,2943.91,2489301,TCS,TCS.NS,0.0101,-0.0521,1.0096,1,TCS market update,1.0,0,0.0101
2025-09-10,3002.41,2079428,TCS,TCS.NS,0.0199,-0.1647,1.0227,1,TCS market update,1.0,0,0.0199
2025-09-11,3016.12,2263446,TCS,TCS.NS,0.0046,0.0885,1.0093,1,TCS market update,1.0,0,0.0046
2025-09-12,3025.0,1447167,TCS,TCS.NS,0.0029,-0.3606,1.0089,0,TCS market update,1.0,0,0.0029
2025-09-15,3004.25,1732539,TCS,TCS.NS,-0.0069,0.1972,1.0123,1,TCS market update,1.0,0,0.0069
2025-09-16,3036.88,2573429,TCS,TCS.NS,0.0109,0.4854,1.0132,1,TCS market update,1.0,0,0.0109
2025-09-17,3063.04,2418271,TCS,TCS.NS,0.0086,-0.0603,1.0127,1,TCS market update,1.0,0,0.0086
2025-09-18,3066.81,2633138,TCS,TCS.NS,0.0012,0.0889,1.0132,0,TCS market update,1.0,0,0.0012
2025-09-19,3059.57,4901694,TCS,TCS.NS,-0.0024,0.8615,1.0116,0,TCS market update,1.0,0,0.0024
2025-09-22,2967.47,3634901,TCS,TCS.NS,-0.0301,-0.2584,1.0137,0,TCS market update,1.0,0,0.0301
2025-09-23,2956.46,3177741,TCS,TCS.NS,-0.0037,-0.1258,1.0094,0,TCS market update,1.0,0,0.0037
2025-09-24,2930.39,1625714,TCS,TCS.NS,-0.0088,-0.4884,1.0079,0,TCS market update,1.0,0,0.0088
2025-09-25,2855.09,4974361,TCS,TCS.NS,-0.0257,2.0598,1.0266,0,TCS market update,1.0,0,0.0257
2025-09-26,2798.81,3934636,TCS,TCS.NS,-0.0197,-0.209,1.022,0,TCS market update,1.0,0,0.0197
2025-09-29,2795.91,3110035,TCS,TCS.NS,-0.001,-0.2096,1.0122,0,TCS market update,1.0,0,0.001
2025-09-30,2788.48,2253458,TCS,TCS.NS,-0.0027,-0.2754,1.0105,1,TCS market update,1.0,0,0.0027
2025-10-01,2813.39,1952902,TCS,TCS.NS,0.0089,-0.1334,1.0203,0,TCS market update,1.0,0,0.0089
2025-10-03,2801.51,2899519,TCS,TCS.NS,-0.0042,0.4847,1.0114,1,TCS market update,1.0,0,0.0042
2025-10-06,2885.02,2112774,TCS,TCS.NS,0.0298,-0.2713,1.0338,0,TCS market update,1.0,0,0.0298
2025-10-07,2870.83,3062943,TCS,TCS.NS,-0.0049,0.4497,1.0166,1,TCS market update,1.0,0,0.0049
2025-10-08,2922.48,4121889,TCS,TCS.NS,0.018,0.3457,1.0253,1,TCS market update,1.0,0,0.018
2025-10-09,2955.78,3211304,TCS,TCS.NS,0.0114,-0.2209,1.0152,0,TCS market update,1.0,0,0.0114
2025-10-10,2923.54,8817365,TCS,TCS.NS,-0.0109,1.7457,1.021,0,TCS market update,1.0,0,0.0109
2025-10-13,2903.17,2866865,TCS,TCS.NS,-0.007,-0.6749,1.0124,0,TCS market update,1.0,0,0.007
2025-10-14,2857.89,3611416,TCS,TCS.NS,-0.0156,0.2597,1.0243,1,TCS market update,1.0,0,0.0156
2025-10-15,2877.76,4282226,TCS,TCS.NS,0.007,0.1857,1.0097,1,TCS market update,1.0,0,0.007
2025-10-16,2878.63,3251495,TCS,TCS.NS,0.0003,-0.2407,1.0108,0,TCS market update,1.0,0,0.0003
2025-10-17,2870.39,4374683,TCS,TCS.NS,-0.0029,0.3454,1.0113,1,TCS market update,1.0,0,0.0029
2025-10-20,2921.75,3133039,TCS,TCS.NS,0.0179,-0.2838,1.0149,0,TCS market update,1.0,0,0.0179
2025-10-21,2913.51,310644,TCS,TCS.NS,-0.0028,-0.9008,1.0119,1,TCS market update,1.0,0,0.0028
2025-10-23,2977.95,5564758,TCS,TCS.NS,0.0221,16.9136,1.0204,0,TCS market update,1.0,0,0.0221
2025-10-24,2968.26,2684318,TCS,TCS.NS,-0.0033,-0.5176,1.0104,1,TCS market update,1.0,0,0.0033
2025-10-27,2989.29,1946312,TCS,TCS.NS,0.0071,-0.2749,1.0111,0,TCS market update,1.0,0,0.0071
2025-10-28,2963.13,3470737,TCS,TCS.NS,-0.0088,0.7832,1.0164,0,TCS market update,1.0,0,0.0088
2025-10-29,2962.84,2895420,TCS,TCS.NS,-0.0001,-0.1658,1.0098,0,TCS market update,1.0,0,0.0001
2025-10-30,2941.23,2241536,TCS,TCS.NS,-0.0073,-0.2258,1.0102,1,TCS market update,1.0,0,0.0073
2025-10-31,2963.22,1868085,TCS,TCS.NS,0.0075,-0.1666,1.014,0,TCS market update,1.0,0,0.0075
2025-11-03,2923.3,2194877,TCS,TCS.NS,-0.0135,0.1749,1.0159,0,TCS market update,1.0,0,0.0135
2025-11-04,2897.52,2670720,TCS,TCS.NS,-0.0088,0.2168,1.0179,1,TCS market update,1.0,0,0.0088
2025-11-06,2917.58,2542721,TCS,TCS.NS,0.0069,-0.0479,1.0114,0,TCS market update,1.0,0,0.0069
2025-11-07,2899.07,1830520,TCS,TCS.NS,-0.0063,-0.2801,1.0147,1,TCS market update,1.0,0,0.0063
2025-11-10,2931.44,1556656,TCS,TCS.NS,0.0112,-0.1496,1.0187,1,TCS market update,1.0,0,0.0112
2025-11-11,2952.56,2806868,TCS,TCS.NS,0.0072,0.8031,1.0125,1,TCS market update,1.0,0,0.0072
2025-11-12,3034.74,4460315,TCS,TCS.NS,0.0278,0.5891,1.0259,0,TCS market update,1.0,0,0.0278
2025-11-13,3009.44,1740435,TCS,TCS.NS,-0.0083,-0.6098,1.0096,1,TCS market update,1.0,0,0.0083
2025-11-14,3009.74,2210794,TCS,TCS.NS,0.0001,0.2703,1.0116,0,TCS market update,1.0,0,0.0001
2025-11-17,3006.05,2232853,TCS,TCS.NS,-0.0012,0.01,1.012,0,TCS market update,1.0,0,0.0012
2025-11-18,2991.42,2548350,TCS,TCS.NS,-0.0049,0.1413,1.0088,1,TCS market update,1.0,0,0.0049
2025-11-19,3050.14,3151053,TCS,TCS.NS,0.0196,0.2365,1.0232,0,TCS market update,1.0,0,0.0196
2025-11-20,3047.33,2700767,TCS,TCS.NS,-0.0009,-0.1429,1.0084,1,TCS market update,1.0,0,0.0009
2025-11-21,3052.95,4177037,TCS,TCS.NS,0.0018,0.5466,1.0111,0,TCS market update,1.0,0,0.0018
2025-11-24,3043.84,6703764,TCS,TCS.NS,-0.003,0.6049,1.0153,0,TCS market update,1.0,0,0.003
2025-11-25,3022.53,2737920,TCS,TCS.NS,-0.007,-0.5916,1.0112,1,TCS market update,1.0,0,0.007
2025-11-26,3064.87,2508527,TCS,TCS.NS,0.014,-0.0838,1.0196,0,TCS market update,1.0,0,0.014
2025-11-27,3039.39,2836233,TCS,TCS.NS,-0.0083,0.1306,1.0176,1,TCS market update,1.0,0,0.0083
2025-11-28,3040.26,1616690,TCS,TCS.NS,0.0003,-0.43,1.0071,0,TCS market update,1.0,0,0.0003
2025-12-01,3036.29,1747647,TCS,TCS.NS,-0.0013,0.081,1.0102,1,TCS market update,1.0,0,0.0013
2025-12-02,3038.51,2512003,TCS,TCS.NS,0.0007,0.4374,1.0076,1,TCS market update,1.0,0,0.0007
2025-12-03,3081.44,3952112,TCS,TCS.NS,0.0141,0.5733,1.0232,1,TCS market update,1.0,0,0.0141
2025-12-04,3129.12,5025905,TCS,TCS.NS,0.0155,0.2717,1.0196,1,TCS market update,1.0,0,0.0155
2025-12-05,3137.84,5244013,TCS,TCS.NS,0.0028,0.0434,1.0153,0,TCS market update,1.0,0,0.0028
2025-12-08,3136.19,2544725,TCS,TCS.NS,-0.0005,-0.5147,1.016,0,TCS market update,1.0,0,0.0005
2025-12-09,3108.86,2734893,TCS,TCS.NS,-0.0087,0.0747,1.0165,0,TCS market update,1.0,0,0.0087
2025-12-10,3090.36,1386849,TCS,TCS.NS,-0.006,-0.4929,1.0148,1,TCS market update,1.0,0,0.006
2025-12-11,3092.97,1914362,TCS,TCS.NS,0.0008,0.3804,1.0175,1,TCS market update,1.0,0,0.0008
2025-12-12,3120.69,1146554,TCS,TCS.NS,0.009,-0.4011,1.0117,1,TCS market update,1.0,0,0.009
2025-12-15,3130.09,1562190,TCS,TCS.NS,0.003,0.3625,1.0128,0,TCS market update,1.0,0,0.003
2025-12-16,3105.76,1734623,TCS,TCS.NS,-0.0078,0.1104,1.0091,1,TCS market update,1.0,0,0.0078
2025-12-17,3118.07,1376350,TCS,TCS.NS,0.004,-0.2065,1.0114,1,TCS market update,1.0,0,0.004
2025-12-18,3179.12,2307422,TCS,TCS.NS,0.0196,0.6765,1.0207,1,TCS market update,1.0,0,0.0196
2025-12-19,3180.28,3902511,TCS,TCS.NS,0.0004,0.6913,1.0119,1,TCS market update,1.0,0,0.0004
2025-12-22,3221.85,2632816,TCS,TCS.NS,0.0131,-0.3254,1.0114,0,TCS market update,1.0,0,0.0131
2025-12-23,3207.41,2365420,TCS,TCS.NS,-0.0045,-0.1016,1.008,1,TCS market update,1.0,0,0.0045
2025-12-24,3216.13,1367708,TCS,TCS.NS,0.0027,-0.4218,1.0094,0,TCS market update,1.0,0,0.0027
2025-12-26,3178.34,1176664,TCS,TCS.NS,-0.0118,-0.1397,1.0147,0,TCS market update,1.0,0,0.0118
2025-12-29,3150.73,2079473,TCS,TCS.NS,-0.0087,0.7673,1.0139,0,TCS market update,1.0,0,0.0087
2025-12-30,3146.17,2807593,TCS,TCS.NS,-0.0014,0.3501,1.0086,0,TCS market update,1.0,0,0.0014
2025-12-31,3106.83,3362634,TCS,TCS.NS,-0.0125,0.1977,1.0149,1,TCS market update,1.0,0,0.0125
2026-01-01,3127.37,1255735,TCS,TCS.NS,0.0066,-0.6266,1.0112,1,TCS market update,1.0,0,0.0066
2026-01-02,3149.95,1184324,TCS,TCS.NS,0.0072,-0.0569,1.0108,0,TCS market update,1.0,0,0.0072
2026-01-05,3116.42,2341703,TCS,TCS.NS,-0.0106,0.9772,1.0175,1,TCS market update,1.0,0,0.0106
2026-01-06,3154.89,2912325,TCS,TCS.NS,0.0123,0.2437,1.0182,1,TCS market update,1.0,0,0.0123
2026-01-07,3193.46,1989442,TCS,TCS.NS,0.0122,-0.3169,1.024,0,TCS market update,1.0,0,0.0122
2026-01-08,3104.6,4159336,TCS,TCS.NS,-0.0278,1.0907,1.033,1,TCS market update,1.0,0,0.0278
2026-01-09,3108.38,1938673,TCS,TCS.NS,0.0012,-0.5339,1.0121,1,TCS market update,1.0,0,0.0012
2026-01-12,3139.19,2228342,TCS,TCS.NS,0.0099,0.1494,1.0245,1,TCS market update,1.0,0,0.0099
2026-01-13,3166.71,5645341,TCS,TCS.NS,0.0088,1.5334,1.0216,0,TCS market update,1.0,0,0.0088
2026-01-14,3093.55,3539511,TCS,TCS.NS,-0.0231,-0.373,1.0242,0,TCS market update,1.0,0,0.0231
2026-01-15,3093.55,0,TCS,TCS.NS,0.0,-1.0,1.0,1,TCS market update,1.0,0,0.0
2026-01-16,3163.8,4293470,TCS,TCS.NS,0.0227,inf,1.0161,0,TCS market update,1.0,0,0.0227
2026-01-19,3121.28,3387562,TCS,TCS.NS,-0.0134,-0.211,1.0215,0,TCS market update,1.0,0,0.0134
2026-01-20,3060.8,4499273,TCS,TCS.NS,-0.0194,0.3282,1.0223,1,TCS market update,1.0,0,0.0194
2026-01-21,3080.83,2015150,TCS,TCS.NS,0.0065,-0.5521,1.0183,1,TCS market update,1.0,0,0.0065
2026-01-22,3108.25,2269827,TCS,TCS.NS,0.0089,0.1264,1.0121,1,TCS market update,1.0,0,0.0089
2026-01-23,3120.19,2068857,TCS,TCS.NS,0.0038,-0.0885,1.0135,0,TCS market update,1.0,0,0.0038
2026-01-27,3115.75,4279874,TCS,TCS.NS,-0.0014,1.0687,1.0144,1,TCS market update,1.0,0,0.0014
2026-01-28,3157.29,2751234,TCS,TCS.NS,0.0133,-0.3572,1.0109,0,TCS market update,1.0,0,0.0133
2026-01-29,3102.34,2457641,TCS,TCS.NS,-0.0174,-0.1067,1.0238,0,TCS market update,1.0,0,0.0174
2026-01-30,3082.11,3022068,TCS,TCS.NS,-0.0065,0.2297,1.0158,1,TCS market update,1.0,0,0.0065
2026-02-02,3127.2,2636272,TCS,TCS.NS,0.0146,-0.1277,1.0204,1,TCS market update,1.0,0,0.0146
2026-02-03,3182.15,4366060,TCS,TCS.NS,0.0176,0.6561,1.0514,0,TCS market update,1.0,0,0.0176
2026-02-04,2958.98,10852595,TCS,TCS.NS,-0.0701,1.4857,1.0449,0,TCS market update,1.0,0,0.0701
2026-02-05,2951.48,3521545,TCS,TCS.NS,-0.0025,-0.6755,1.0193,0,TCS market update,1.0,0,0.0025
2026-02-06,2902.25,4687389,TCS,TCS.NS,-0.0167,0.3311,1.0237,1,TCS market update,1.0,0,0.0167
2026-02-09,2908.76,2380318,TCS,TCS.NS,0.0022,-0.4922,1.0134,1,TCS market update,1.0,0,0.0022
2026-02-10,2944.67,3547763,TCS,TCS.NS,0.0123,0.4905,1.0231,0,TCS market update,1.0,0,0.0123
2026-02-11,2870.87,3363513,TCS,TCS.NS,-0.0251,-0.0519,1.0323,0,TCS market update,1.0,0,0.0251
2026-02-12,2713.31,10612156,TCS,TCS.NS,-0.0549,2.1551,1.0511,0,TCS market update,1.0,0,0.0549
2026-02-13,2656.18,11168735,TCS,TCS.NS,-0.0211,0.0524,1.0495,1,TCS market update,1.0,0,0.0211
2026-02-16,2670.39,2918730,TCS,TCS.NS,0.0053,-0.7387,1.0183,1,TCS market update,1.0,0,0.0053
2026-02-17,2681.05,4209118,TCS,TCS.NS,0.004,0.4421,1.024,0,TCS market update,1.0,0,0.004
2026-02-18,2658.85,2950820,TCS,TCS.NS,-0.0083,-0.2989,1.0274,0,TCS market update,1.0,0,0.0083
2026-02-19,2642.08,3238849,TCS,TCS.NS,-0.0063,0.0976,1.0308,1,TCS market update,1.0,0,0.0063
2026-02-20,2650.26,2293482,TCS,TCS.NS,0.0031,-0.2919,1.0208,0,TCS market update,1.0,0,0.0031
2026-02-23,2640.5,4699596,TCS,TCS.NS,-0.0037,1.0491,1.0165,0,TCS market update,1.0,0,0.0037
2026-02-24,2539.27,7798833,TCS,TCS.NS,-0.0383,0.6595,1.0337,1,TCS market update,1.0,0,0.0383
2026-02-25,2594.13,3621285,TCS,TCS.NS,0.0216,-0.5357,1.0228,1,TCS market update,1.0,0,0.0216
2026-02-26,2612.28,3464267,TCS,TCS.NS,0.007,-0.0434,1.0137,0,TCS market update,1.0,0,0.007
2026-02-27,2602.12,5083717,TCS,TCS.NS,-0.0039,0.4675,1.0238,0,TCS market update,1.0,0,0.0039
2026-03-02,2578.54,3374385,TCS,TCS.NS,-0.0091,-0.3362,1.0169,0,TCS market update,1.0,0,0.0091
2026-03-04,2553.18,3446434,TCS,TCS.NS,-0.0098,0.0214,1.0212,0,TCS market update,1.0,0,0.0098
2026-03-05,2544.3,2960636,TCS,TCS.NS,-0.0035,-0.141,1.0248,0,TCS market update,1.0,0,0.0035
2026-03-06,2523.39,3998643,TCS,TCS.NS,-0.0082,0.3506,1.0257,0,TCS market update,1.0,0,0.0082
2026-03-09,2493.59,3653428,TCS,TCS.NS,-0.0118,-0.0863,1.022,0,TCS market update,1.0,0,0.0118
2026-03-10,2479.48,4323710,TCS,TCS.NS,-0.0057,0.1835,1.0221,0,TCS market update,1.0,0,0.0057
2026-03-11,2431.93,2720664,TCS,TCS.NS,-0.0192,-0.3708,1.0248,0,TCS market update,1.0,0,0.0192
2026-03-12,2409.73,2752075,TCS,TCS.NS,-0.0091,0.0115,1.0151,0,TCS market update,1.0,0,0.0091
2026-03-13,2378.25,2466488,TCS,TCS.NS,-0.0131,-0.1038,1.0204,0,TCS market update,1.0,0,0.0131
2026-03-16,2376.97,3807907,TCS,TCS.NS,-0.0005,0.5439,1.0249,0,TCS market update,1.0,0,0.0005
2026-03-17,2359.7,2993367,TCS,TCS.NS,-0.0073,-0.2139,1.0254,1,TCS market update,1.0,0,0.0073
2026-03-18,2408.15,3082388,TCS,TCS.NS,0.0205,0.0297,1.0302,0,TCS market update,1.0,0,0.0205
2026-03-19,2324.48,2757060,TCS,TCS.NS,-0.0347,-0.1055,1.0314,1,TCS market update,1.0,0,0.0347
2026-03-20,2358.62,4206320,TCS,TCS.NS,0.0147,0.5257,1.0184,0,TCS market update,1.0,0,0.0147
2026-03-23,2351.91,3860515,TCS,TCS.NS,-0.0028,-0.0822,1.025,1,TCS market update,1.0,0,0.0028
2026-03-24,2366.71,3420182,TCS,TCS.NS,0.0063,-0.1141,1.0237,0,TCS market update,1.0,0,0.0063
2026-03-25,2345.6,5843778,TCS,TCS.NS,-0.0089,0.7086,1.0219,1,TCS market update,1.0,0,0.0089
2026-03-27,2357.83,4979411,TCS,TCS.NS,0.0052,-0.1479,1.0156,0,TCS market update,1.0,0,0.0052
2026-03-30,2327.34,6804756,TCS,TCS.NS,-0.0129,0.3666,1.0221,1,TCS market update,1.0,0,0.0129
2026-04-01,2375.98,4132661,TCS,TCS.NS,0.0209,-0.3927,1.0309,1,TCS market update,1.0,0,0.0209
2026-04-02,2417.92,5378361,TCS,TCS.NS,0.0176,0.3014,1.0397,1,TCS market update,1.0,0,0.0177
2026-04-06,2440.8,2572417,TCS,TCS.NS,0.0095,-0.5217,1.0138,1,TCS market update,1.0,0,0.0095
2026-04-07,2505.82,4516550,TCS,TCS.NS,0.0266,0.7558,1.0392,1,TCS market update,1.0,0,0.0266
2026-04-08,2524.96,4769337,TCS,TCS.NS,0.0076,0.056,1.0158,1,TCS market update,1.0,0,0.0076
2026-04-09,2554.37,5628261,TCS,TCS.NS,0.0116,0.1801,1.0292,0,TCS market update,1.0,0,0.0116
2026-04-10,2490.53,10480239,TCS,TCS.NS,-0.025,0.8621,1.0259,0,TCS market update,1.0,0,0.025
2026-04-13,2439.52,3739587,TCS,TCS.NS,-0.0205,-0.6432,1.0141,1,TCS market update,1.0,0,0.0205
2026-04-15,2520.72,5261384,TCS,TCS.NS,0.0333,0.4069,1.0263,1,TCS market update,1.0,0,0.0333
2026-04-16,2542.43,3905403,TCS,TCS.NS,0.0086,-0.2577,1.0141,1,TCS market update,1.0,0,0.0086
2026-04-17,2546.97,2718206,TCS,TCS.NS,0.0018,-0.304,1.013,0,TCS market update,1.0,0,0.0018
2026-04-20,2545.09,2288558,TCS,TCS.NS,-0.0007,-0.1581,1.0128,1,TCS market update,1.0,0,0.0007
2026-04-21,2575.58,2719959,TCS,TCS.NS,0.012,0.1885,1.0211,0,TCS market update,1.0,0,0.012
2026-04-22,2504.54,5232045,TCS,TCS.NS,-0.0276,0.9236,1.0305,0,TCS market update,1.0,0,0.0276
2026-04-23,2488.06,2509050,TCS,TCS.NS,-0.0066,-0.5204,1.0172,0,TCS market update,1.0,0,0.0066
2026-04-24,2364.83,5107719,TCS,TCS.NS,-0.0495,1.0357,1.0486,1,TCS market update,1.0,0,0.0495
2026-04-27,2414.86,5853425,TCS,TCS.NS,0.0212,0.146,1.0259,0,TCS market update,1.0,0,0.0212
2026-04-28,2412.0,4508363,TCS,TCS.NS,-0.0012,-0.2298,1.0246,1,TCS market update,1.0,0,0.0012
2026-04-29,2441.59,2835961,TCS,TCS.NS,0.0123,-0.371,1.0165,0,TCS market update,1.0,0,0.0123
2026-04-30,2440.8,3970446,TCS,TCS.NS,-0.0003,0.4,1.0217,0,TCS market update,1.0,0,0.0003
2026-05-01,2440.8,0,TCS,TCS.NS,0.0,-1.0,1.0,0,TCS market update,1.0,0,0.0
2026-05-04,2398.77,2632358,TCS,TCS.NS,-0.0172,inf,1.0302,0,TCS market update,1.0,0,0.0172
2026-05-05,2394.83,3385720,TCS,TCS.NS,-0.0016,0.2862,1.02,1,TCS market update,1.0,0,0.0016
2026-05-06,2402.82,3147628,TCS,TCS.NS,0.0033,-0.0703,1.0268,0,TCS market update,1.0,0,0.0033
2026-05-07,2369.27,5829594,TCS,TCS.NS,-0.014,0.8521,1.0174,0,TCS market update,1.0,0,0.014
2026-05-08,2362.37,3792199,TCS,TCS.NS,-0.0029,-0.3495,1.0134,0,TCS market update,1.0,0,0.0029
2026-05-11,2360.89,1975188,TCS,TCS.NS,-0.0006,-0.4791,1.0186,0,TCS market update,1.0,0,0.0006
2026-05-12,2269.53,6347884,TCS,TCS.NS,-0.0387,2.2138,1.0403,0,TCS market update,1.0,0,0.0387
2026-05-13,2242.4,3171843,TCS,TCS.NS,-0.012,-0.5003,1.0177,0,TCS market update,1.0,0,0.012
2026-05-14,2215.95,5633313,TCS,TCS.NS,-0.0118,0.776,1.0266,1,TCS market update,1.0,0,0.0118
2026-05-15,2233.71,3410637,TCS,TCS.NS,0.008,-0.3946,1.0235,1,TCS market update,1.0,0,0.008
2026-05-18,2252.66,3773336,TCS,TCS.NS,0.0085,0.1063,1.0181,1,TCS market update,1.0,0,0.0085
2026-05-19,2295.97,10394707,TCS,TCS.NS,0.0192,1.7548,1.035,1,TCS market update,1.0,0,0.0192
2026-05-20,2296.26,2537422,TCS,TCS.NS,0.0001,-0.7559,1.0104,0,TCS market update,1.0,0,0.0001
2026-05-21,2296.07,3299087,TCS,TCS.NS,-0.0001,0.3002,1.0095,0,TCS market update,1.0,0,0.0001
2026-05-22,2286.3,2617262,TCS,TCS.NS,-0.0043,-0.2067,1.0138,1,TCS market update,1.0,0,0.0043
2026-05-25,2308.2,3298364,TCS,TCS.NS,0.0096,0.2602,1.0144,0,TCS market update,1.0,0,0.0096
2026-05-26,2276.2,3587597,TCS,TCS.NS,-0.0139,0.0877,1.0244,1,TCS market update,1.0,0,0.0139
2026-05-27,2284.2,2653950,TCS,TCS.NS,0.0035,-0.2602,1.0153,0,TCS market update,1.0,0,0.0035
2026-05-28,2284.2,0,TCS,TCS.NS,0.0,-1.0,1.0,0,TCS market update,1.0,0,0.0
2026-05-29,2258.9,16331582,TCS,TCS.NS,-0.0111,inf,1.0443,1,TCS market update,1.0,0,0.0111
2026-06-01,2297.4,7505095,TCS,TCS.NS,0.017,-0.5405,1.0241,1,TCS market update,1.0,0,0.017
2026-06-02,2446.9,11306127,TCS,TCS.NS,0.0651,0.5065,1.061,0,TCS market update,1.0,0,0.0651
2026-06-03,2241.7,15660062,TCS,TCS.NS,-0.0839,0.3851,1.0756,0,TCS market update,1.0,0,0.0839
2026-06-04,2241.0,4867263,TCS,TCS.NS,-0.0003,-0.6892,1.0165,0,TCS market update,1.0,0,0.0003
2026-06-05,2198.9,5019717,TCS,TCS.NS,-0.0188,0.0313,1.0364,0,TCS market update,1.0,0,0.0188
2026-06-08,2151.4,6536734,TCS,TCS.NS,-0.0216,0.3022,1.0157,0,TCS market update,1.0,0,0.0216
2026-06-09,2151.0,4148655,TCS,TCS.NS,-0.0002,-0.3653,1.0193,1,TCS market update,1.0,0,0.0002
2026-06-10,2153.9,2848650,TCS,TCS.NS,0.0013,-0.3134,1.0168,0,TCS market update,1.0,0,0.0013
2026-06-11,2135.6,3079815,TCS,TCS.NS,-0.0085,0.0811,1.0211,1,TCS market update,1.0,0,0.0085
2026-06-12,2161.4,2124656,TCS,TCS.NS,0.0121,-0.3101,1.014,1,TCS market update,1.0,0,0.0121
2026-06-15,2162.0,3337083,TCS,TCS.NS,0.0003,0.5706,1.0151,1,TCS market update,1.0,0,0.0003
2026-06-16,2199.0,3079898,TCS,TCS.NS,0.0171,-0.0771,1.0224,1,TCS market update,1.0,0,0.0171
2026-06-17,2223.0,2865010,TCS,TCS.NS,0.0109,-0.0698,1.0138,0,TCS market update,1.0,0,0.0109
2026-06-18,2203.3,3735188,TCS,TCS.NS,-0.0089,0.3037,1.0147,0,TCS market update,1.0,0,0.0089
2026-06-19,2125.0,13286502,TCS,TCS.NS,-0.0355,2.5571,1.0379,1,TCS market update,1.0,0,0.0355
2026-06-22,2127.8,4566101,TCS,TCS.NS,0.0013,-0.6563,1.017,0,TCS market update,1.0,0,0.0013
2026-06-23,2059.6,6392736,TCS,TCS.NS,-0.0321,0.4,1.0287,1,TCS market update,1.0,0,0.0321
2026-06-24,2109.0,4747277,TCS,TCS.NS,0.024,-0.2574,1.029,0,TCS market update,1.0,0,0.024
2026-06-25,2094.7,4738903,TCS,TCS.NS,-0.0068,-0.0018,1.029,0,TCS market update,1.0,0,0.0068
2026-06-26,2094.7,0,TCS,TCS.NS,0.0,-1.0,1.0,1,TCS market update,1.0,0,0.0
2026-06-29,2097.9,3412470,TCS,TCS.NS,0.0015,inf,1.0164,0,TCS market update,1.0,0,0.0015
2026-06-30,2031.5,6848411,TCS,TCS.NS,-0.0317,1.0069,1.0424,0,TCS market update,1.0,0,0.0317
2026-07-01,1982.6,4658295,TCS,TCS.NS,-0.0241,-0.3198,1.038,1,TCS market update,1.0,0,0.0241
2026-07-02,2068.1,6040621,TCS,TCS.NS,0.0431,0.2967,1.0372,1,TCS market update,1.0,0,0.0431
2026-07-03,2093.5,4028819,TCS,TCS.NS,0.0123,-0.333,1.0152,0,TCS market update,1.0,0,0.0123
2026-07-06,2057.6,2567386,TCS,TCS.NS,-0.0171,-0.3627,1.0207,1,TCS market update,1.0,0,0.0171
2026-07-07,2096.1,4769048,TCS,TCS.NS,0.0187,0.8576,1.036,0,TCS market update,1.0,0,0.0187
2026-07-08,2057.5,3666985,TCS,TCS.NS,-0.0184,-0.2311,1.0297,0,TCS market update,1.0,0,0.0184
2026-07-09,2049.5,3791498,TCS,TCS.NS,-0.0039,0.034,1.0243,1,TCS market update,1.0,0,0.0039
2026-07-10,2069.0,6714551,TCS,TCS.NS,0.0095,0.7709,1.0333,0,TCS market update,1.0,0,0.0095
