date,volume_change,high_low_ratio,target,headline,volume_log,day_of_week,month,quarter,is_monday,is_friday,company_encoded,close_norm,price_change_norm,news_count_capped
2023-01-04,-0.592745899408003,0.0,0,Apple market update,18.305422529500724,2,1,1,0,0,0,-2.140101600937123,0.5609670436085031,0.5265890341390445
2023-01-05,-0.2359397125040404,0.0,1,Apple market update,18.209499125101075,3,1,1,0,0,0,-2.1718808329315307,-0.7277788022287116,0.5265890341390445
2023-01-09,-0.5532454402197409,0.0,1,Apple market update,18.075239620843863,0,1,1,1,0,0,-2.050301195377168,0.1786596635036834,0.5265890341390445
2023-01-10,-0.2533318206998685,0.0,1,Apple market update,17.972770465311235,1,1,1,0,0,0,-2.0365783451977646,0.2033246557685104,0.5265890341390445
2023-01-11,0.2346022280004348,0.0,0,Apple market update,18.056245783099172,2,1,1,0,0,0,-1.971334618906216,1.226921834758834,0.5265890341390445
2023-01-12,0.0896888694702892,0.0,1,Apple market update,18.0835226862096,3,1,1,0,0,0,-1.973260632966483,-0.1111539956080347,0.5265890341390445
2023-01-13,-0.5427102114283452,0.0,1,Apple market update,17.872667156929733,4,1,1,0,1,0,-1.9412406492145424,0.5486345474760895,0.5265890341390445
2023-01-17,0.2670335922237309,0.0,0,Apple market update,17.9688564801278,1,1,1,0,0,0,-1.913313445340669,0.4684733226154015,0.5265890341390445
2023-01-18,0.2524007318313299,0.0,1,Apple market update,18.059320570016148,2,1,1,0,0,0,-1.9306475718830731,-0.4071339027859597,0.5265890341390445
2023-01-19,-0.4565541768270512,0.0,1,Apple market update,17.880776419844135,3,1,1,0,0,0,-1.9292030613378728,-0.049491514945967,0.5265890341390445
2023-01-20,0.8174840250741575,0.0,1,Apple market update,18.200328306353796,4,1,1,0,1,0,-1.867570611409325,1.1097631215009054,0.5265890341390445
2023-01-23,0.068063055374849,0.0,1,Apple market update,18.21930236591974,0,1,1,1,0,0,-1.790770800756173,1.3749117883477966,0.5265890341390445
2023-01-24,-0.5338496671150914,0.0,0,Apple market update,18.011736104289373,1,1,1,0,0,0,-1.7573063064590313,0.5486345474760895,0.5265890341390445
2023-01-25,-0.0069866732535375,0.0,1,Apple market update,18.002119773138816,2,1,1,0,0,0,-1.773195922456235,-0.3639701663225123,0.5265890341390445
2023-01-26,-0.5022326652217131,0.0,1,Apple market update,17.80643902772674,3,1,1,0,0,0,-1.7233603086468232,0.8384482065878077,0.5265890341390445
2023-01-27,0.6876505648002307,0.0,0,Apple market update,18.071914458254852,4,1,1,0,1,0,-1.6768952194428786,0.7706194778595332,0.5265890341390445
2023-01-30,-0.2394672319828074,0.0,1,Apple market update,17.974632690874326,0,1,1,1,0,0,-1.746231725612495,-1.313572368518355,0.5265890341390445
2023-01-31,0.0929758752879849,0.0,1,Apple market update,18.00326198984455,1,1,1,0,0,0,-1.7156562524057548,0.480805818747815,0.5265890341390445
2023-02-01,0.4396548344565758,0.0,1,Apple market update,18.167897249979816,2,2,1,0,0,0,-1.688692055562015,0.4129770900195406,0.5265890341390445
2023-02-06,-1.9523154728283671,0.0,1,Apple market update,18.06197947697851,0,2,1,1,0,0,-1.539425965891313,-1.177914911061806,0.5265890341390445
2023-02-07,0.4684449786960555,0.0,0,Apple market update,18.238230390864523,1,2,1,0,0,0,-1.4703302114792296,1.1097631215009054,0.5265890341390445
2023-02-08,-0.6784210681181941,0.0,0,Apple market update,17.97626846087594,2,2,1,0,0,0,-1.5350924342557115,-1.1655824149293923,0.5265890341390445
2023-02-09,-0.340898965407362,0.0,1,Apple market update,17.840989044231957,3,2,1,0,0,0,-1.5598898652816509,-0.4996276237790611,0.5265890341390445
2023-02-10,0.0848750623805009,0.0,1,Apple market update,17.866437764099306,4,2,1,0,1,0,-1.5509820502529157,0.079999694444375,0.5265890341390445
2023-02-13,0.2239873237310095,0.0,0,Apple market update,17.94584949648718,0,2,1,1,0,0,-1.4838123099010996,1.0850981292360784,0.5265890341390445
2023-02-14,-0.0024787307450995,0.0,1,Apple market update,17.93791767415672,1,2,1,0,0,0,-1.4992204223832362,-0.3331389259914784,0.5265890341390445
2023-02-15,0.176349669836071,0.0,0,Apple market update,17.99868679914288,2,2,1,0,0,0,-1.4486625533012245,0.7829519739919467,0.5265890341390445
2023-02-16,0.1195779776630243,0.0,0,Apple market update,18.037484352194543,3,2,1,0,0,0,-1.4869420827490334,-0.715446306096298,0.5265890341390445
2023-02-17,-0.3590165099154223,0.0,0,Apple market update,17.895487413914086,4,2,1,0,1,0,-1.5146285348653736,-0.5366251121763018,0.5265890341390445
2023-02-22,-0.3624079503555731,0.0,1,Apple market update,17.747557754376846,2,2,1,0,0,0,-1.600817664062327,0.1046646867092021,0.5265890341390445
2023-02-23,-0.1206646256995312,0.0,0,Apple market update,17.694890550458997,3,2,1,0,0,0,-1.5892615797007246,0.1293296789740292,0.5265890341390445
2023-02-24,0.368926041025801,0.0,1,Apple market update,17.831345698928207,4,2,1,0,1,0,-1.6530607954470733,-1.1840811591280125,0.5265890341390445
2023-02-27,-0.5384407622498084,0.0,0,Apple market update,17.622139736068654,0,2,1,1,0,0,-1.6244113363006,0.4314758342181609,0.5265890341390445
2023-02-28,0.3179687199414235,0.0,0,Apple market update,17.7384141742722,1,2,1,0,0,0,-1.6364489241772695,-0.2838089414618243,0.5265890341390445
2023-03-01,0.2591500353067332,0.0,1,Apple market update,17.831515146759962,2,3,1,0,0,0,-1.686284537986681,-0.9497637326121554,0.5265890341390445
2023-03-02,-0.1406163990052927,0.0,1,Apple market update,17.771322690816895,3,3,1,0,0,0,-1.672080184292211,0.1786596635036834,0.5265890341390445
2023-03-06,0.5604685400847903,0.0,0,Apple market update,18.28781200029894,0,3,1,1,0,0,-1.4842938134161658,1.066599385037458,0.5265890341390445
2023-03-07,-1.1469093145757507,0.0,1,Apple market update,17.84410699666361,1,3,1,0,0,0,-1.5370184483159783,-0.9682624768107756,0.5265890341390445
2023-03-08,-0.4447700578235917,0.0,0,Apple market update,17.670006161484746,2,3,1,0,0,0,-1.5069244786243046,0.4438083303505744,0.5265890341390445
2023-03-09,0.3561455801130718,0.0,0,Apple market update,17.801408384082738,3,3,1,0,0,0,-1.5610936240693174,-0.9929274690756028,0.5265890341390445
2023-03-10,0.6305043725275444,0.0,1,Apple market update,18.043400693960344,4,3,1,0,1,0,-1.610688486121196,-0.931264988413535,0.5265890341390445
2023-03-13,0.5479060299443298,0.0,1,Apple market update,18.251754282940663,0,3,1,1,0,0,-1.5639826451597183,0.7459544855947061,0.5265890341390445
2023-03-14,-0.34365471884463,0.0,1,Apple market update,18.115457738245155,1,3,1,0,0,0,-1.5136655278352396,0.7952844701243603,0.5265890341390445
2023-03-15,0.1381884301366041,0.0,1,Apple market update,18.16149413837487,2,3,1,0,0,0,-1.5040354575339043,0.0861659425105818,0.5265890341390445
2023-03-16,-0.0160321568993812,0.0,0,Apple market update,18.148361404750453,3,3,1,0,0,0,-1.4363842136670215,1.0789318811698716,0.5265890341390445
2023-03-17,0.6783399239989137,0.0,1,Apple market update,18.410070665613677,4,3,1,0,1,0,-1.4563666095422925,-0.4133001508521664,0.5265890341390445
2023-03-20,-0.7660614585176617,0.0,1,Apple market update,18.1147179391346,0,3,1,1,0,0,-1.3995491947644128,0.8816119430512551,0.5265890341390445
2023-03-21,0.0288011484536882,0.0,0,Apple market update,18.118741533118417,1,3,1,0,0,0,-1.3550101196207347,0.6596270126678114,0.5265890341390445
2023-03-22,0.0800496667921276,0.0,1,Apple market update,18.142312509406043,2,3,1,0,0,0,-1.38943762094801,-0.6352850812356101,0.5265890341390445
2023-03-23,-0.2809939041162413,0.0,1,Apple market update,18.029445425450476,3,3,1,0,0,0,-1.3631956793768705,0.3574808574236797,0.5265890341390445
2023-03-24,-0.3350906438554052,0.0,0,Apple market update,17.89637299337775,4,3,1,0,1,0,-1.3318979508975295,0.4376420822843677,0.5265890341390445
2023-03-27,-0.3059377773018191,0.0,0,Apple market update,17.774232036739154,0,3,1,1,0,0,-1.3786037918590075,-0.8326050193542267,0.5265890341390445
2023-03-28,-0.3274675014651451,0.0,1,Apple market update,17.64398239660099,1,3,1,0,0,0,-1.3935304008260778,-0.3208064298590649,0.5265890341390445
2023-03-29,0.3003032678223618,0.0,1,Apple market update,17.753312434570738,2,3,1,0,0,0,-1.3196196112633265,1.1467606098981462,0.5265890341390445
2023-03-30,-0.0760665361723417,-3.469446951953614e-18,1,Apple market update,17.717517590584865,3,3,1,0,0,0,-1.282062337088118,0.536302051343676,0.5265890341390445
2023-03-31,0.8386608843239628,0.0,1,Apple market update,18.045984399961313,4,3,1,0,1,0,-1.2216336459472363,0.8877781911174618,0.5265890341390445
2023-04-03,-0.4815561326280494,0.0,0,Apple market update,17.858144212294654,0,4,2,1,0,0,-1.1915396762555626,0.4006445938871271,0.5265890341390445
2023-04-04,-0.5351606919780444,0.0,0,Apple market update,17.650183748293486,1,4,2,0,0,0,-1.2045402711623654,-0.2714764453294107,0.5265890341390445
2023-04-05,0.2948354569970755,0.0,1,Apple market update,17.757319543710565,2,4,2,0,0,0,-1.2488385945485094,-0.770942538692159,0.5265890341390445
2023-04-06,-0.3174386621161992,0.0,0,Apple market update,17.6308045995899,3,4,2,0,0,0,-1.227411688128038,0.2649871364305781,0.5265890341390445
2023-04-10,0.1485348663937004,0.0,0,Apple market update,17.680796211760818,0,4,2,1,0,0,-1.2897663933291863,-1.0607561978038773,0.5265890341390445
2023-04-11,0.0144039585668472,0.0,0,Apple market update,17.679271480763383,1,4,2,0,0,0,-1.3188973559907262,-0.5427913602425086,0.5265890341390445
2023-04-12,0.1507449801089337,0.0,1,Apple market update,17.730192046492654,2,4,2,0,0,0,-1.335509227260531,-0.345471422123892,0.5265890341390445
2023-04-14,-0.8473480492075067,0.0,1,Apple market update,17.715187685706766,4,4,2,0,1,0,-1.214411093221235,-0.2036477166011362,0.5265890341390445
2023-04-17,-0.4434990169444543,0.0,1,Apple market update,17.541594294562486,0,4,2,1,0,0,-1.213929589706168,-0.0679902591445873,0.5265890341390445
2023-04-18,0.4887773036173036,0.0,1,Apple market update,17.72599239640444,1,4,2,0,0,0,-1.1845578752870944,0.3883120977547135,0.5265890341390445
2023-04-19,-0.1006096918238999,0.0,0,Apple market update,17.680865367255528,2,4,2,0,0,0,-1.157112174928287,0.3574808574236797,0.5265890341390445
2023-04-20,0.2628638876087643,0.0,0,Apple market update,17.77549292539843,3,4,2,0,0,0,-1.1802243436514932,-0.4317988950507867,0.5265890341390445
2023-04-21,0.2925526835997258,0.0,1,Apple market update,17.881752258049474,4,4,2,0,1,0,-1.2189853766143697,-0.6784488176990574,0.5265890341390445
2023-04-24,-0.8560151046391499,0.0,0,Apple market update,17.551979479509253,0,4,2,1,0,0,-1.2115220721308342,0.0430022060471344,0.5265890341390445
2023-04-25,0.4018092107359393,0.0,0,Apple market update,17.701479094396433,1,4,2,0,0,0,-1.2485978427909763,-0.6537838254342304,0.5265890341390445
2023-04-26,-0.1621666074435447,0.0,1,Apple market update,17.633196531925616,2,4,2,0,0,0,-1.2488385945485094,-0.0803227552770009,0.5265890341390445
2023-04-28,-0.4084544547527973,0.0,0,Apple market update,17.827847584891533,4,4,2,0,1,0,-1.108480319906543,0.3883120977547135,0.5265890341390445
2023-05-01,-0.1189865457927474,0.0,0,Apple market update,17.77580742287095,0,5,2,1,0,0,-1.1106470857243436,-0.1049877475418279,0.5265890341390445
2023-05-02,-0.1940014129327652,0.0,0,Apple market update,17.695541243146362,1,5,2,0,0,0,-1.135444516750283,-0.4564638873156138,0.5265890341390445
2023-05-03,0.7622901218174795,0.0,0,Apple market update,17.99198796507739,2,5,2,0,0,0,-1.1612049548063554,-0.4749626315142341,0.5265890341390445
2023-05-04,0.5788622872123724,0.0,1,Apple market update,18.212861683029736,3,5,2,0,0,0,-1.2006882430418313,-0.6846150657652643,0.5265890341390445
2023-05-08,-1.76743700046808,0.0,0,Apple market update,17.840197760118635,0,5,2,1,0,0,-1.0179576590739874,-0.0988214994756212,0.5265890341390445
2023-05-09,-0.5427102114283452,0.0,1,Apple market update,17.629411255259036,1,5,2,0,0,0,-1.0588854578546645,-0.690781313831471,0.5265890341390445
2023-05-10,0.4529477413555116,0.0,1,Apple market update,17.799379712408765,2,5,2,0,0,0,-1.0165131485287875,0.5671332916747098,0.5265890341390445
2023-05-11,-0.1977578357181651,0.0,0,Apple market update,17.717780173345137,3,5,2,0,0,0,-1.011938865135653,-0.0063277784825196,0.5265890341390445
2023-05-12,-0.2035484360554552,0.0,0,Apple market update,17.63395011393082,4,5,2,0,1,0,-1.0343287785862585,-0.4071339027859597,0.5265890341390445
2023-05-15,-0.5145786001181636,0.0,0,Apple market update,17.43361075130475,0,5,2,1,0,0,-1.0461256147053946,-0.2529777011307904,0.5265890341390445
2023-05-17,0.8169644502051043,0.0,1,Apple market update,17.87511875463329,2,5,2,0,0,0,-1.0314397574958574,0.1478284231726495,0.5265890341390445
2023-05-18,0.3334636265334269,0.0,1,Apple market update,17.997510332924836,3,5,2,0,0,0,-0.9753445979905776,0.7706194778595332,0.5265890341390445
2023-05-19,-0.4071997530463045,0.0,0,Apple market update,17.837454681674654,4,5,2,0,1,0,-0.97269632865771,-0.0371590188135535,0.5265890341390445
2023-05-22,-0.6402086712127787,-3.469446951953614e-18,0,Apple market update,17.589900077246348,0,5,2,1,0,0,-0.9955677456233826,-0.4133001508521664,0.5265890341390445
2023-05-23,0.4091368633423349,0.0,1,Apple market update,17.742368992205932,1,5,2,0,0,0,-1.0581632025820642,-1.0114262132742229,0.5265890341390445
2023-05-24,-0.2920835761034208,0.0,1,Apple market update,17.62535688505239,2,5,2,0,0,0,-1.0516629051286623,0.0245034618485141,0.5265890341390445
2023-05-25,0.5682038154391545,0.0,1,Apple market update,17.84190279642753,3,5,2,0,0,0,-1.024217204769856,0.3389821132250594,0.5265890341390445
2023-05-26,-0.0396275059009279,0.0,1,Apple market update,17.819839252412972,4,5,2,0,1,0,-0.966436782961842,0.7952844701243603,0.5265890341390445
2023-05-30,0.0716410271632076,0.0,0,Apple market update,17.840226350130205,1,5,2,0,0,0,-0.9218977078181648,0.5856320358733301,0.5265890341390445
2023-05-31,1.4076001446236523,0.0,1,Apple market update,18.416926716400077,2,5,2,0,0,0,-0.9231014666058316,-0.0926552514094144,0.5265890341390445
2023-06-01,-0.9568345487304192,0.0,1,Apple market update,18.048192874974628,3,6,2,0,0,0,-0.8556909744964823,0.9124431833822888,0.5265890341390445
2023-06-02,-0.2616283116950996,0.0,0,Apple market update,17.942594957889163,4,6,2,0,1,0,-0.8352270751061442,0.2218233999671307,0.5265890341390445
2023-06-05,1.624648442995066,0.0,0,Apple market update,18.61909299012766,0,6,2,1,0,0,-0.8677285623731519,-0.5427913602425086,0.5265890341390445
2023-06-06,-1.5984165156620522,0.0,0,Apple market update,17.9875628115222,1,6,2,0,0,0,-0.8766363774018875,-0.2036477166011362,0.5265890341390445
2023-06-07,-0.1025516276307518,0.0,1,Apple market update,17.941751011313396,2,6,2,0,0,0,-0.9096193681839616,-0.5551238563749221,0.5265890341390445
2023-06-08,-0.5404105245504198,0.0,1,Apple market update,17.73182237328518,3,6,2,0,0,0,-0.844375641892413,0.8816119430512551,0.5265890341390445
2023-06-09,-0.0515246168258259,0.0,1,Apple market update,17.705287974894997,4,6,2,0,1,0,-0.8349863233486104,0.0615009502457547,0.5265890341390445
2023-06-12,0.2875211892277768,0.0,0,Apple market update,17.809572449682747,0,6,2,1,0,0,-0.7678165829967946,0.8877781911174618,0.5265890341390445
2023-06-13,0.0498188907916692,0.0,1,Apple market update,17.821553838900513,1,6,2,0,0,0,-0.7791319156008639,-0.2344789569321701,0.5265890341390445
2023-06-14,0.1357170502718312,0.0,1,Apple market update,17.866650097536485,2,6,2,0,0,0,-0.7639645548762604,0.1416621751064427,0.5265890341390445
2023-06-15,0.3523835835090155,0.0,0,Apple market update,17.99654034816186,3,6,2,0,0,0,-0.715091948096982,0.616463276204364,0.5265890341390445
2023-06-16,1.091784880630686,0.0,1,Apple market update,18.433164506520004,4,6,2,0,1,0,-0.7410931379105878,-0.4379651431169935,0.5265890341390445
2023-06-20,-1.7741373145303383,0.0,0,Apple market update,17.723507489623103,1,6,2,0,0,0,-0.7389263720927879,-0.0433252668797603,0.5265890341390445
2023-06-21,0.0033404420452844,0.0,1,Apple market update,17.71780036916339,2,6,2,0,0,0,-0.7637238031187272,-0.42563264698458,0.5265890341390445
2023-06-22,0.107826359145205,0.0,0,Apple market update,17.75213448397433,3,6,2,0,0,0,-0.6917390276162431,0.9432744237133228,0.5265890341390445
2023-06-23,0.111834674995679,0.0,0,Apple market update,17.78800760446038,4,6,2,0,1,0,-0.6992023320997782,-0.1789827243363092,0.5265890341390445
2023-06-26,-0.2453576152744505,0.0,1,Apple market update,17.688557801036243,0,6,2,1,0,0,-0.7326668263969193,-0.5427913602425086,0.5265890341390445
2023-06-27,0.157360624355263,0.0,1,Apple market update,17.742043798891906,1,6,2,0,0,0,-0.6664600930752367,0.856946950786428,0.5265890341390445
2023-06-28,0.0433552964459615,0.0,1,Apple market update,17.751578180713345,2,6,2,0,0,0,-0.6382921374438303,0.3143171209602323,0.5265890341390445
2023-06-29,-0.2465373701058125,-3.469446951953614e-18,1,Apple market update,17.651673617428443,3,6,2,0,0,0,-0.630106577687695,0.0368359579809276,0.5265890341390445
2023-06-30,1.478520079564861,0.0,0,Apple market update,18.260666921111937,4,6,2,0,1,0,-0.5261018184332702,1.3502467960829694,0.5265890341390445
2023-07-03,-2.3512739207417206,0.0,0,Apple market update,17.26417027023399,0,7,3,1,0,0,-0.561973830305745,-0.5551238563749221,0.5265890341390445
2023-07-05,1.0064740109796906,0.0,1,Apple market update,17.663960996903736,2,7,3,0,0,0,-0.5889380271494848,-0.4379651431169935,0.5265890341390445
2023-07-06,-0.086236748169737,0.0,0,Apple market update,17.624266432851986,3,7,3,0,0,0,-0.5773819427878824,0.079999694444375,0.5265890341390445
2023-07-07,0.116084719073815,0.0,0,Apple market update,17.661714243715803,4,7,3,0,1,0,-0.6043461396316222,-0.4379651431169935,0.5265890341390445
2023-07-10,0.6423403244084906,0.0,0,Apple market update,17.90855762880837,0,7,3,1,0,0,-0.6534594981684338,-0.7462775464273319,0.5265890341390445
2023-07-11,-0.6483588685713187,0.0,1,Apple market update,17.657928383054088,1,7,3,0,0,0,-0.6659785895601704,-0.2468114530645836,0.5265890341390445
2023-07-12,0.6848622448257744,0.0,1,Apple market update,17.922280948821435,2,7,3,0,0,0,-0.6257730460520937,0.480805818747815,0.5265890341390445
2023-07-13,-0.9983179577167952,-3.469446951953614e-18,1,Apple market update,17.537396771046275,3,7,3,0,0,0,-0.6074759124795562,0.1786596635036834,0.5265890341390445
2023-07-14,0.0355715025355934,0.0,1,Apple market update,17.54400009653203,4,7,3,0,1,0,-0.6041053878740884,-0.0248265226811399,0.5265890341390445
2023-07-17,0.5123640845060393,0.0,0,Apple market update,17.737883834060977,0,7,3,1,0,0,-0.5256203149182032,0.9926044082429768,0.5265890341390445
2023-07-18,-0.1008870077857047,0.0,1,Apple market update,17.6926978030659,1,7,3,0,0,0,-0.5318798606140711,-0.1543177320714821,0.5265890341390445
2023-07-19,1.261394007936746,0.0,0,Apple market update,18.203858433928364,2,7,3,0,0,0,-0.4993783733470635,0.3636471054898864,0.5265890341390445
2023-07-20,-0.7808927165227336,0.0,0,Apple market update,17.902850662817308,3,7,3,0,0,0,-0.5460842143085413,-0.6969475618976777,0.5265890341390445
2023-07-21,0.4992735063888848,0.0,1,Apple market update,18.091505632435847,4,7,3,0,1,0,-0.5742521699399483,-0.4564638873156138,0.5265890341390445
2023-07-24,-1.1900550212786447,0.0,1,Apple market update,17.630533578671617,0,7,3,1,0,0,-0.5549920293372769,0.1848259115698901,0.5265890341390445
2023-07-25,-0.5045030374179372,0.0,1,Apple market update,17.43405340782949,1,7,3,0,0,0,-0.5345281299469388,0.2033246557685104,0.5265890341390445
2023-07-26,0.6295466024082965,0.0,0,Apple market update,17.675648536070728,2,7,3,0,0,0,-0.5135827270415336,0.2033246557685104,0.5265890341390445
2023-07-27,0.017816203418992,0.0,1,Apple market update,17.67540204410831,3,7,3,0,0,0,-0.5439174484907406,-0.4811288795804409,0.5265890341390445
2023-07-28,0.063709788363681,0.0,1,Apple market update,17.692764069646728,4,7,3,0,1,0,-0.4820442468046593,0.7582869817271197,0.5265890341390445
2023-07-31,-0.5621631149792087,-3.469446951953614e-18,0,Apple market update,17.474551771547425,0,7,3,1,0,0,-0.4673583895951228,0.1231634309078224,0.5265890341390445
2023-08-01,-0.2432943905131308,-3.469446951953614e-18,0,Apple market update,17.375849032318104,1,8,3,0,0,0,-0.4871000337128607,-0.3393051740576852,0.5265890341390445
2023-08-02,0.9119741227581408,0.0,0,Apple market update,17.735289428760606,2,8,3,0,0,0,-0.5590848092153449,-1.0299249574728433,0.5265890341390445
2023-08-03,0.5148085957349819,0.0,0,Apple market update,17.930232761868652,3,8,3,0,0,0,-0.5925493035124859,-0.5242926160438883,0.5265890341390445
2023-08-07,-0.4406412557704361,0.0,1,Apple market update,18.396143154595272,0,8,3,1,0,0,-0.8850626889155561,-1.1409174226645653,0.5265890341390445
2023-08-08,-0.9438484681462116,0.0,0,Apple market update,18.03241194316671,1,8,3,0,0,0,-0.8626727754649505,0.2526546402981646,0.5265890341390445
2023-08-09,-0.29028198640524,0.0,0,Apple market update,17.916143655833437,2,8,3,0,0,0,-0.9007115531552266,-0.6291188331694033,0.5265890341390445
2023-08-10,-0.2441784199153934,0.0,1,Apple market update,17.817134768879264,3,8,3,0,0,0,-0.9060080918209612,-0.1481514840052753,0.5265890341390445
2023-08-11,-0.1128442234395074,0.0,1,Apple market update,17.767459816055695,4,8,3,0,1,0,-0.9045635812757608,-0.0556577630121738,0.5265890341390445
2023-08-14,-0.447631980998068,0.0,0,Apple market update,17.5923001746224,0,8,3,1,0,0,-0.8648395412827511,0.5054708110126422,0.5265890341390445
2023-08-15,0.0151919103786582,0.0,0,Apple market update,17.59108594557077,1,8,3,0,0,0,-0.912749141031896,-0.7647762906259522,0.5265890341390445
2023-08-16,0.209744682897674,0.0,0,Apple market update,17.6649110934558,2,8,3,0,0,0,-0.9336945439373006,-0.3824689105211326,0.5265890341390445
2023-08-17,0.8688796974001811,0.0,1,Apple market update,18.00611789158577,3,8,3,0,0,0,-0.9946047385932484,-0.9744287248769824,0.5265890341390445
2023-08-18,-0.1850675179665069,0.0,1,Apple market update,17.929203412261792,4,8,3,0,1,0,-0.983048654231646,0.0984984386429953,0.5265890341390445
2023-08-21,-0.7212574915725177,0.0,1,Apple market update,17.650909527063792,0,8,3,1,0,0,-0.9510286704797054,0.4006445938871271,0.5265890341390445
2023-08-22,-0.2382908330705837,0.0,1,Apple market update,17.55410596186158,1,8,3,0,0,0,-0.9178049279400968,0.4129770900195406,0.5265890341390445
2023-08-23,0.5923945899450231,0.0,0,Apple market update,17.780558576489224,2,8,3,0,0,0,-0.8253562530472747,1.2762518192884882,0.5265890341390445
2023-08-25,-0.1553396514002992,0.0,1,Apple market update,17.75611326511222,4,8,3,0,1,0,-0.8850626889155561,0.7027907491312588,0.5265890341390445
2023-08-28,-0.4084544547527973,0.0,1,Apple market update,17.595616889265163,0,8,3,1,0,0,-0.847505414740347,0.4684733226154015,0.5265890341390445
2023-08-29,0.5033739684303682,0.0,1,Apple market update,17.785876072581356,1,8,3,0,0,0,-0.7540937328173914,1.2700855712222814,0.5265890341390445
2023-08-30,0.371340451908524,0.0,1,Apple market update,17.92332895567185,2,8,3,0,0,0,-0.6700713694382378,1.1097631215009054,0.5265890341390445
2023-08-31,0.0175539273043284,0.0,1,Apple market update,17.923009898767134,3,8,3,0,0,0,-0.6650155825300363,-0.0001615304163129,0.5265890341390445
2023-09-01,-0.7362423660173624,0.0,1,Apple market update,17.639062962252904,4,9,3,0,1,0,-0.6272175565972942,0.4499745784167812,0.5265890341390445
2023-09-05,-0.0096430118357682,0.0,0,Apple market update,17.628376013944006,1,9,3,0,0,0,-0.6214395144164925,0.0060047176498938,0.5265890341390445
2023-09-08,-1.3836343325728848,0.0,1,Apple market update,17.998343615421724,4,9,3,0,1,0,-0.895415014489492,0.1416621751064427,0.5265890341390445
2023-09-11,-0.2631127164365094,0.0,0,Apple market update,17.89225278746573,0,9,3,1,0,0,-0.8672470588580848,0.3328158651588526,0.5265890341390445
2023-09-12,1.0699338340055906,0.0,0,Apple market update,18.31942513606511,1,9,3,0,0,0,-0.9399540896331692,-1.1285849265321517,0.5265890341390445
2023-09-13,-0.1664436012771079,0.0,1,Apple market update,18.249511579404626,2,9,3,0,0,0,-0.989789703442581,-0.8079400270893997,0.5265890341390445
2023-09-14,-0.8433826994684174,0.0,0,Apple market update,17.924674781206146,3,9,3,0,0,0,-0.9534361880550392,0.4684733226154015,0.5265890341390445
2023-09-15,1.4248740496104024,0.0,1,Apple market update,18.509236353833735,4,9,3,0,1,0,-0.9707703145974432,-0.3331389259914784,0.5265890341390445
2023-09-18,-1.2500191200451625,0.0,1,Apple market update,18.02404059608157,0,9,3,1,0,0,-0.9002300496401595,0.9679394159781496,0.5265890341390445
2023-09-19,-0.6746479715017413,0.0,0,Apple market update,17.763419896751827,1,9,3,0,0,0,-0.8742288598265531,0.3081508728940255,0.5265890341390445
2023-09-20,0.3274150644261726,0.0,0,Apple market update,17.88344613588911,2,9,3,0,0,0,-0.95921423023584,-1.307406120452148,0.5265890341390445
2023-09-21,0.2194882630178055,0.0,1,Apple market update,17.961009170713282,3,9,3,0,0,0,-0.9962900008959829,-0.6229525851031965,0.5265890341390445
2023-09-22,-0.2660841528417018,0.0,1,Apple market update,17.85373265779867,4,9,3,0,1,0,-0.975826101505644,0.2279896480333375,0.5265890341390445
2023-09-25,-0.5292655936428404,0.0,0,Apple market update,17.64789929396329,0,9,3,1,0,0,-0.9452506282989038,0.3821458496885068,0.5265890341390445
2023-09-26,0.8558687869592927,0.0,0,Apple market update,17.983553142846095,1,9,3,0,0,0,-1.0432365936149937,-1.5170585547031783,0.5265890341390445
2023-09-27,0.1108333494159203,0.0,1,Apple market update,18.019035346452377,2,9,3,0,0,0,-1.0795901090025355,-0.6229525851031965,0.5265890341390445
2023-09-28,-0.4415935227321901,0.0,1,Apple market update,17.84610563878617,3,9,3,0,0,0,-1.0733305633066677,0.0183372137823073,0.5265890341390445
2023-09-29,-0.1989148415883689,0.0,1,Apple market update,17.764079568084682,4,9,3,0,1,0,-1.0610522236724649,0.1108309347754089,0.5265890341390445
2023-10-02,0.0337509499650935,0.0,0,Apple market update,17.76991276403763,0,10,4,1,0,0,-1.000623532531583,0.8384482065878077,0.5265890341390445
2023-10-03,-0.1150758615149881,0.0,1,Apple market update,17.719392534964026,1,10,4,0,0,0,-1.0326435162835246,-0.5551238563749221,0.5265890341390445
2023-10-04,0.1917957968964663,0.0,1,Apple market update,17.786185435912017,2,10,4,0,0,0,-1.002790298349384,0.3759796016223,0.5265890341390445
2023-10-05,-0.2160454142628845,0.0,1,Apple market update,17.69764946884907,3,10,4,0,0,0,-0.9731778321727772,0.3698133535560932,0.5265890341390445
2023-10-06,0.441982453730511,0.0,1,Apple market update,17.863229878380483,4,10,4,0,1,0,-0.911786134001762,0.8384482065878077,0.5265890341390445
2023-10-09,-0.7805388440847134,0.0,0,Apple market update,17.562441939116322,0,10,4,1,0,0,-0.8761548738868205,0.4499745784167812,0.5265890341390445
2023-10-10,0.0975182250992397,0.0,1,Apple market update,17.59281291531245,1,10,4,0,0,0,-0.8903592275812906,-0.2838089414618243,0.5265890341390445
2023-10-11,0.2371883090878876,0.0,1,Apple market update,17.67731550126174,2,10,4,0,0,0,-0.8568947332841489,0.4129770900195406,0.5265890341390445
2023-10-12,0.4696960390738742,0.0,0,Apple market update,17.854044638653825,3,10,4,0,0,0,-0.8352270751061442,0.240322144165751,0.5265890341390445
2023-10-13,-0.2424106757540281,0.0,0,Apple market update,17.7556758482837,4,10,4,0,1,0,-0.8792846467347545,-0.7092800580300913,0.5265890341390445
2023-10-16,0.0731724937827654,0.0,0,Apple market update,17.776647503712127,0,10,4,1,0,0,-0.8824144195826884,-0.1173202436742415,0.5265890341390445
2023-10-17,0.254963541798794,0.0,0,Apple market update,17.868154284737425,1,10,4,0,0,0,-0.9197309420003644,-0.6167863370369898,0.5265890341390445
2023-10-18,-0.112565424031973,0.0,0,Apple market update,17.818550924037513,2,10,4,0,0,0,-0.9510286704797054,-0.530458864110095,0.5265890341390445
2023-10-19,0.2246967647457675,0.0,0,Apple market update,17.898168783513363,3,10,4,0,0,0,-0.9599364855084402,-0.209813964667343,0.5265890341390445
2023-10-20,0.2256422893177731,0.0,1,Apple market update,17.97819890773058,4,10,4,0,1,0,-1.0213281836794552,-0.9805949729431892,0.5265890341390445
2023-10-23,-0.3473335015572876,0.0,1,Apple market update,17.840506846265747,0,10,4,1,0,0,-1.0184391625890543,-0.0309927707473467,0.5265890341390445
2023-10-24,-0.6334327286012031,0.0,0,Apple market update,17.595523321802236,1,10,4,0,0,0,-1.0080868370151184,0.079999694444375,0.5265890341390445
2023-10-25,0.6883934137123139,0.0,0,Apple market update,17.861312442889542,2,10,4,0,0,0,-1.0637004930053318,-0.906599996148708,0.5265890341390445
2023-10-27,-0.4828441319325961,0.0,1,Apple market update,17.884521944562636,4,10,4,0,1,0,-1.1320739921448149,0.4191433380857474,0.5265890341390445
2023-10-30,-0.3393692256581617,0.0,1,Apple market update,17.749901544411973,0,10,4,1,0,0,-1.082960633608003,0.6842920049326385,0.5265890341390445
2023-10-31,-0.3299045109823269,0.0,1,Apple market update,17.618744978614146,1,10,4,0,0,0,-1.0714045492464008,0.0984984386429953,0.5265890341390445
2023-11-01,0.6224438961412706,0.0,1,Apple market update,17.857419085400355,2,11,4,0,0,0,-0.9953269938658488,1.0789318811698716,0.5265890341390445
2023-11-02,0.7856943641558303,0.0,0,Apple market update,18.163654619230662,3,11,4,0,0,0,-0.9098601199414952,1.202256842494007,0.5265890341390445
2023-11-03,0.1012956581254272,0.0,1,Apple market update,18.19539992280326,4,11,4,0,1,0,-0.9317685298770338,-0.3948014066535461,0.5265890341390445
2023-11-06,-0.5764193773900674,0.0,1,Apple market update,17.971910889970857,0,11,4,1,0,0,-0.8703768317060189,0.8261157104553942,0.5265890341390445
2023-11-07,0.2758073119447231,0.0,1,Apple market update,18.071548723362724,1,11,4,0,0,0,-0.8087443817774708,0.8199494623891874,0.5265890341390445
2023-11-08,-0.9272183983616648,0.0,0,Apple market update,17.71425176957383,2,11,4,0,0,0,-0.783465447236465,0.2896521286954052,0.5265890341390445
2023-11-09,0.2404747812788389,0.0,1,Apple market update,17.80010537482663,3,11,4,0,0,0,-0.7947807798405344,-0.2344789569321701,0.5265890341390445
2023-11-10,0.5449026564437542,0.0,0,Apple market update,18.007184487331898,4,11,4,0,1,0,-0.6941465451915768,1.3564130441491762,0.5265890341390445
2023-11-13,-1.0772800241920912,0.0,1,Apple market update,17.591198266356486,0,11,4,1,0,0,-0.7321853228818529,-0.6044538409045762,0.5265890341390445
2023-11-14,0.819733818688356,0.0,1,Apple market update,17.911660173430448,1,11,4,0,0,0,-0.6693491141656376,0.8076169662567738,0.5265890341390445
2023-11-15,-0.2762132473734619,0.0,1,Apple market update,17.800607448204936,2,11,4,0,0,0,-0.6556262639862344,0.1108309347754089,0.5265890341390445
2023-11-16,0.048527831110732,0.0,0,Apple market update,17.812111834445673,3,11,4,0,0,0,-0.6151799687206245,0.480805818747815,0.5265890341390445
2023-11-17,-0.1567602867410779,0.0,1,Apple market update,17.74581937423727,4,11,4,0,1,0,-0.6156614722356916,-0.0803227552770009,0.5265890341390445
2023-11-20,-0.2221720185705726,0.0,0,Apple market update,17.65507256346583,0,11,4,1,0,0,-0.5737706664248814,0.4993045629464354,0.5265890341390445
2023-11-21,-0.5096990369084801,0.0,1,Apple market update,17.45662996840243,1,11,4,0,0,0,-0.5930308070275528,-0.3331389259914784,0.5265890341390445
2023-11-22,0.1178321122394037,0.0,0,Apple market update,17.494786571301724,2,11,4,0,0,0,-0.5771411910303492,0.1416621751064427,0.5265890341390445
2023-11-24,-1.2845528672064166,0.0,0,Apple market update,16.99557490752996,4,11,4,0,1,0,-0.6091611747822898,-0.505793871845268,0.5265890341390445
2023-11-27,1.2869954598230964,0.0,1,Apple market update,17.51811047950191,0,11,4,1,0,0,-0.6132539546603578,-0.129652739806655,0.5265890341390445
2023-11-28,-0.1245849825416611,0.0,0,Apple market update,17.463969004860132,1,11,4,0,0,0,-0.5988088492083539,0.1231634309078224,0.5265890341390445
2023-11-29,0.3098352862971533,0.0,1,Apple market update,17.577040874949343,2,11,4,0,0,0,-0.62336552847676,-0.4071339027859597,0.5265890341390445
2023-11-30,0.3428353120149093,0.0,1,Apple market update,17.703126130634413,3,11,4,0,0,0,-0.6096426782973569,0.1169971828416156,0.5265890341390445
2023-12-01,-0.1544876862176312,0.0,0,Apple market update,17.637713905051168,4,12,4,0,1,0,-0.5788264533330828,0.3451483612912661,0.5265890341390445
2023-12-04,-0.1189865457927474,0.0,1,Apple market update,17.5857280573627,0,12,4,1,0,0,-0.6219210179315595,-0.6599500735004371,0.5265890341390445
2023-12-05,1.0739950925871329,0.0,0,Apple market update,18.014641486051747,1,12,4,0,0,0,-0.5268240737058704,1.226921834758834,0.5265890341390445
2023-12-06,-1.2456220311811816,0.0,1,Apple market update,17.531268064123456,2,12,4,0,0,0,-0.55306601527701,-0.42563264698458,0.5265890341390445
2023-12-07,0.389244596124948,-3.469446951953614e-18,1,Apple market update,17.675770706145904,3,12,4,0,0,0,-0.5066009260730655,0.5486345474760895,0.5265890341390445
2023-12-08,0.3215727255012138,0.0,0,Apple market update,17.793441165660578,4,12,4,0,1,0,-0.4724141765033235,0.3821458496885068,0.5265890341390445
2023-12-11,0.3576925221596571,0.0,1,Apple market update,17.925461061545143,0,12,4,1,0,0,-0.5326021158866713,-0.8696025077514673,0.5265890341390445
2023-12-12,-0.3679668023914204,0.0,1,Apple market update,17.780067207228456,1,12,4,0,0,0,-0.4962486004991295,0.4129770900195406,0.5265890341390445
2023-12-13,0.7459810510045763,0.0,1,Apple market update,18.069763492643347,2,12,4,0,0,0,-0.4189672863309108,0.9556069198457364,0.5265890341390445
2023-12-14,-0.1189865457927474,0.0,0,Apple market update,18.017686595507353,3,12,4,0,0,0,-0.4153560099679104,-0.0248265226811399,0.5265890341390445
2023-12-15,1.5763401184559764,-3.469446951953614e-18,0,Apple market update,18.671738258122556,4,12,4,0,1,0,-0.4281158531171795,-0.2406452049983769,0.5265890341390445
2023-12-18,-2.04034854079823,0.0,1,Apple market update,17.836422066377864,0,12,4,1,0,0,-0.468080644867723,-0.5982875928383695,0.5265890341390445
2023-12-19,-0.8157492348974602,-3.469446951953614e-18,0,Apple market update,17.522085052325213,1,12,4,0,0,0,-0.4430424620842498,0.2588208883643714,0.5265890341390445
2023-12-20,0.648420123102295,0.0,0,Apple market update,17.771412659412366,2,12,4,0,0,0,-0.4933595794087286,-0.7339450502949184,0.5265890341390445
2023-12-21,-0.2917832233697439,0.0,0,Apple market update,17.654586477149827,3,12,4,0,0,0,-0.4969708557717296,-0.1234864917404483,0.5265890341390445
2023-12-22,-0.5780813938130084,0.0,0,Apple market update,17.430463588828104,4,12,4,0,1,0,-0.5227312938278024,-0.4133001508521664,0.5265890341390445
2023-12-26,-0.6476788907602299,-3.469446951953614e-18,1,Apple market update,17.180019784838255,1,12,4,0,0,0,-0.535731888734606,-0.2468114530645836,0.5265890341390445
2023-12-27,1.2554422956674935,0.0,1,Apple market update,17.688537005914377,2,12,4,0,0,0,-0.5333243711592714,-0.0433252668797603,0.5265890341390445
2023-12-28,-0.8960093521461989,-3.469446951953614e-18,0,Apple market update,17.343337683066583,3,12,4,0,0,0,-0.5232127973428694,0.0615009502457547,0.5265890341390445
2023-12-29,0.5906349947796532,0.0,0,Apple market update,17.56905589229277,4,12,4,0,1,0,-0.5480102283688086,-0.4071339027859597,0.5265890341390445
2024-01-03,-0.8956437676144798,0.0,0,Apple market update,17.88307472177044,2,1,1,0,0,0,-0.7451859177886558,-0.5366251121763018,0.5265890341390445
2024-01-04,0.5493059796802109,0.0,0,Apple market update,18.091948887149307,3,1,1,0,0,0,-0.8010403255364024,-0.8572700116190537,0.5265890341390445
2024-01-05,-0.3620994609467426,0.0,1,Apple market update,17.948750475929494,4,1,1,0,1,0,-0.8183744520788065,-0.3208064298590649,0.5265890341390445
2024-01-08,-0.122343949327613,0.0,0,Apple market update,17.895494177034,0,1,1,1,0,0,-0.7141289410668485,1.4180755248112438,0.5265890341390445
2024-01-09,-0.8369035010167106,0.0,1,Apple market update,17.573024842809552,1,1,1,0,0,0,-0.7239997631257176,-0.2159802127335498,0.5265890341390445
2024-01-10,0.2465637106789827,0.0,0,Apple market update,17.661242061347895,2,1,1,0,0,0,-0.6989615803422444,0.2773196325629917,0.5265890341390445
2024-01-11,0.1450920252461241,0.0,1,Apple market update,17.70994785730947,3,1,1,0,0,0,-0.7134066857942484,-0.2714764453294107,0.5265890341390445
2024-01-12,-0.4970498182229783,0.0,0,Apple market update,17.5162642583454,4,1,1,0,1,0,-0.7054618777956462,0.0368359579809276,0.5265890341390445
2024-01-16,1.1974414197799057,0.0,0,Apple market update,17.999131999819177,1,1,1,0,0,0,-0.7601125267557262,-0.8326050193542267,0.5265890341390445
2024-01-17,-0.8480694979548831,0.0,1,Apple market update,17.672388671643855,2,1,1,0,0,0,-0.7825024402063318,-0.3948014066535461,0.5265890341390445
2024-01-19,-0.311076631007661,0.0,1,Apple market update,18.04821029091344,4,1,1,0,1,0,-0.5711223970920144,0.8816119430512551,0.5265890341390445
2024-01-22,-0.3433483829297917,0.0,1,Apple market update,17.912084317013168,0,1,1,1,0,0,-0.5157494928593342,0.6781257568664317,0.5265890341390445
2024-01-23,-0.9095618131981816,0.0,0,Apple market update,17.561611225335124,1,1,1,0,0,0,-0.4849332678950601,0.3389821132250594,0.5265890341390445
2024-01-24,0.6158933531360399,0.0,0,Apple market update,17.797643429475237,2,1,1,0,0,0,-0.5013043874073309,-0.289975189528031,0.5265890341390445
2024-01-25,0.0757223441806867,0.0,0,Apple market update,17.819603973533187,3,1,1,0,0,0,-0.5090084436483993,-0.1789827243363092,0.5265890341390445
2024-01-26,-0.5312293369224533,0.0,0,Apple market update,17.613109901216994,4,1,1,0,1,0,-0.5506584977016756,-0.6291188331694033,0.5265890341390445
2024-01-29,0.1629788592429374,0.0,0,Apple market update,17.66875126470606,0,1,1,1,0,0,-0.5672703689714795,-0.2961414375942378,0.5265890341390445
2024-01-30,0.4518961026833542,0.0,0,Apple market update,17.838348395187147,1,1,1,0,0,0,-0.6549040087136342,-1.2580761359224937,0.5265890341390445
2024-01-31,-9.616486604598614e-05,0.0,1,Apple market update,17.831313248195315,2,1,1,0,0,0,-0.7415746414256549,-1.2704086320549075,0.5265890341390445
2024-02-01,0.4200764323516345,0.0,0,Apple market update,17.988133210299278,3,2,1,0,0,0,-0.6830719643450407,0.7459544855947061,0.5265890341390445
2024-02-02,1.1402029326410708,3.469446951953614e-18,1,Apple market update,18.44587762937582,4,2,1,0,1,0,-0.7071471400983798,-0.4071339027859597,0.5265890341390445
2024-02-05,-1.0024537139559266,0.0,1,Apple market update,18.05926315715533,0,2,1,1,0,0,-0.6635710719848359,0.5301358032774692,0.5265890341390445
2024-02-06,-1.2153660403460167,0.0,1,Apple market update,17.588060002431344,1,2,1,0,0,0,-0.6250507907794935,0.456140826482988,0.5265890341390445
2024-02-07,0.5420952152914128,0.0,0,Apple market update,17.794051393155655,2,2,1,0,0,0,-0.6224025214466266,-0.0371590188135535,0.5265890341390445
2024-02-08,-0.6887336027519991,0.0,1,Apple market update,17.52815539004134,3,2,1,0,0,0,-0.6484037112602324,-0.4317988950507867,0.5265890341390445
2024-02-09,0.2702705824709817,0.0,0,Apple market update,17.625616024991423,4,2,1,0,1,0,-0.630106577687695,0.1786596635036834,0.5265890341390445
2024-02-12,-0.1870819275024988,0.0,0,Apple market update,17.547973813296938,0,2,1,1,0,0,-0.6705528729533048,-0.6291188331694033,0.5265890341390445
2024-02-13,0.7763328283716698,0.0,0,Apple market update,17.8502732014411,1,2,1,0,0,0,-0.7208699902777835,-0.770942538692159,0.5265890341390445
2024-02-14,-0.0716831906239336,0.0,0,Apple market update,17.81610291111513,2,2,1,0,0,0,-0.7420561449407218,-0.370136414388719,0.5265890341390445
2024-02-15,0.479053036489883,0.0,0,Apple market update,17.996560215554354,3,2,1,0,0,0,-0.74903794590919,-0.1728164762701024,0.5265890341390445
2024-02-16,-0.7101495402205514,0.0,0,Apple market update,17.7225712916621,4,2,1,0,1,0,-0.7858729648117988,-0.5921213447721627,0.5265890341390445
2024-02-20,0.214741303075975,0.0,1,Apple market update,17.798282776940614,1,2,1,0,0,0,-0.80368859486927,-0.3269726779252717,0.5265890341390445
2024-02-21,-0.6736197053593662,0.0,1,Apple market update,17.538100402983837,2,2,1,0,0,0,-0.7856322130542657,0.1848259115698901,0.5265890341390445
2024-02-22,0.6116425865810494,0.0,0,Apple market update,17.7723577974567,3,2,1,0,0,0,-0.7367596062749873,0.616463276204364,0.5265890341390445
2024-02-23,-0.373846904732781,0.0,0,Apple market update,17.62482953835907,4,2,1,0,1,0,-0.7808171779035974,-0.690781313831471,0.5265890341390445
2024-02-26,-0.2438837084860336,0.0,1,Apple market update,17.52584326164173,0,2,1,1,0,0,-0.8133186651706051,-0.5366251121763018,0.5265890341390445
2024-02-27,0.7335184003170759,0.0,0,Apple market update,17.810382809051283,1,2,1,0,0,0,-0.7781689085707305,0.4253095861519541,0.5265890341390445
2024-02-28,-0.2574766356081646,0.0,0,Apple market update,17.70638961733029,2,2,1,0,0,0,-0.8070591194747372,-0.4811288795804409,0.5265890341390445
2024-02-29,2.3374356842992423,0.0,0,Apple market update,18.733172014881045,3,2,1,0,0,0,-0.8231894872294747,-0.3023076856604446,0.5265890341390445
2024-03-01,-1.5708691502629977,0.0,0,Apple market update,18.11365411287493,4,3,1,0,1,0,-0.8489499252855474,-0.4441313911832003,0.5265890341390445
2024-03-06,-0.8491519457644625,0.0,0,Apple market update,18.043623790908224,2,3,1,0,0,0,-1.1002947601504076,-0.4379651431169935,0.5265890341390445
2024-03-07,0.1362115715287171,0.0,1,Apple market update,18.088908857357907,3,3,1,0,0,0,-1.1031837812408083,-0.1173202436742415,0.5265890341390445
2024-03-08,0.176349669836071,0.0,1,Apple market update,18.149750912533456,4,3,1,0,1,0,-1.0620152307025983,0.5548007955422963,0.5265890341390445
2024-03-11,-0.6138641084881263,0.0,1,Apple market update,17.91217743818395,0,3,1,1,0,0,-1.0138648791959202,0.6534607646016046,0.5265890341390445
2024-03-12,0.0046606795802619,0.0,0,Apple market update,17.906940894619655,1,3,1,0,0,0,-1.0023087948343177,0.0984984386429953,0.5265890341390445
2024-03-13,-0.3289903681901877,0.0,1,Apple market update,17.77610848535129,2,3,1,0,0,0,-1.0523851604012624,-0.8202725232218131,0.5265890341390445
2024-03-14,0.8391743488153393,0.0,0,Apple market update,18.104784378734298,3,3,1,0,0,0,-1.0078460852575852,0.5979645320057437,0.5265890341390445
2024-03-15,1.2649013528357456,0.0,1,Apple market update,18.617502504485824,4,3,1,0,1,0,-1.0167539002863208,-0.209813964667343,0.5265890341390445
2024-03-18,-1.2284769311193402,0.0,1,Apple market update,18.14102240838894,0,3,1,1,0,0,-0.9907527104727144,0.3204833690264391,0.5265890341390445
2024-03-19,-0.8157492348974602,0.0,1,Apple market update,17.826748853771875,1,3,1,0,0,0,-0.9344167992099008,0.7644532297933264,0.5265890341390445
2024-03-20,-0.0686747452483381,0.0,0,Apple market update,17.79375381338098,2,3,1,0,0,0,-0.8725435975238195,0.8322819585216009,0.5265890341390445
2024-03-22,-1.037218986618717,0.0,0,Apple market update,18.080442840097607,4,3,1,0,1,0,-1.0249394600424562,0.2526546402981646,0.5265890341390445
2024-03-25,-0.7011516923444634,0.0,0,Apple market update,17.809819310494166,0,3,1,1,0,0,-1.0591262096121974,-0.5859550967059559,0.5265890341390445
2024-03-26,0.1627349182069894,0.0,1,Apple market update,17.86535276769953,1,3,1,0,0,0,-1.0863311582134705,-0.4872951276466477,0.5265890341390445
2024-03-27,0.1460763020025901,0.0,0,Apple market update,17.914399794160158,2,3,1,0,0,0,-1.0003827807740502,1.2330880828250408,0.5265890341390445
2024-03-28,0.2404747812788389,0.0,0,Apple market update,18.00019388721323,3,3,1,0,0,0,-1.043958848887594,-0.7277788022287116,0.5265890341390445
2024-04-01,-0.9106628669263556,0.0,0,Apple market update,17.649366617044787,0,4,2,1,0,0,-1.078627101972402,-0.5982875928383695,0.5265890341390445
2024-04-02,0.1862586949764869,-3.469446951953614e-18,1,Apple market update,17.71403285761041,1,4,2,0,0,0,-1.1070358093613424,-0.505793871845268,0.5265890341390445
2024-04-03,-0.0705887293297587,0.0,0,Apple market update,17.68026795749322,2,4,2,0,0,0,-1.0875349170011377,0.2218233999671307,0.5265890341390445
2024-04-04,0.3242713654843508,0.0,1,Apple market update,17.799005511428202,3,4,2,0,0,0,-1.1075173128764095,-0.3763026624549258,0.5265890341390445
2024-04-05,-0.6290361079574338,0.0,0,Apple market update,17.55567233015552,4,4,2,0,1,0,-1.0892201793038714,0.2033246557685104,0.5265890341390445
2024-04-08,-0.2941870285341391,-3.469446951953614e-18,1,Apple market update,17.43786287495391,0,4,2,1,0,0,-1.1161843761476111,-0.4872951276466477,0.5265890341390445
2024-04-09,0.3379319622947632,0.0,0,Apple market update,17.562040828279326,1,4,2,0,0,0,-1.0870534134860708,0.3698133535560932,0.5265890341390445
2024-04-10,0.427122039483405,0.0,1,Apple market update,17.72170261641496,2,4,2,0,0,0,-1.1323147439023482,-0.7586100425597455,0.5265890341390445
2024-04-12,0.3023497611535166,0.0,0,Apple market update,18.4372516942166,4,4,2,0,1,0,-0.9231014666058316,0.456140826482988,0.5265890341390445
2024-04-15,-0.8412216488025391,0.0,0,Apple market update,18.1132285372765,0,4,2,1,0,0,-1.0150686379835874,-1.4245648337100765,0.5265890341390445
2024-04-16,0.0246234535516309,0.0,0,Apple market update,18.115665326615694,1,4,2,0,0,0,-1.0940352144545396,-1.2580761359224937,0.5265890341390445
2024-04-17,-0.9609252163800008,0.0,0,Apple market update,17.745397076527258,2,4,2,0,0,0,-1.1270182052366136,-0.5736226005735424,0.5265890341390445
2024-04-18,-0.4226089673303587,0.0,0,Apple market update,17.579564759667488,3,4,2,0,0,0,-1.149889622202286,-0.42563264698458,0.5265890341390445
2024-04-19,1.140058198653613,0.0,1,Apple market update,18.037212926633117,4,4,2,0,1,0,-1.198521477224031,-0.82643877128802,0.5265890341390445
2024-04-22,-0.9036951149035732,0.0,1,Apple market update,17.689133654087478,0,4,2,1,0,0,-1.1785390813487595,0.240322144165751,0.5265890341390445
2024-04-23,0.0942386731960277,0.0,1,Apple market update,17.718246592667263,1,4,2,0,0,0,-1.1532601468077532,0.3204833690264391,0.5265890341390445
2024-04-24,-0.0509823991071623,0.0,1,Apple market update,17.691943711477524,2,4,2,0,0,0,-1.1027022777257414,0.7089569971974655,0.5265890341390445
2024-04-25,0.1399165737437676,0.0,0,Apple market update,17.73863770359902,3,4,2,0,0,0,-1.08199762657787,0.240322144165751,0.5265890341390445
2024-04-26,-0.3002063767697639,0.0,1,Apple market update,17.61857549540751,4,4,2,0,1,0,-1.0959612285148064,-0.289975189528031,0.5265890341390445
2024-04-30,-0.0694948179458486,0.0,0,Apple market update,18.004176948095473,1,4,2,0,0,0,-1.0714045492464008,-1.202579903326633,0.5265890341390445
2024-05-01,-0.6970071089345717,0.0,1,Apple market update,17.735166379197736,2,5,2,0,0,0,-1.0959612285148064,-0.4441313911832003,0.5265890341390445
2024-05-02,1.5154539669571796,0.0,1,Apple market update,18.361088911750084,3,5,2,0,0,0,-1.0071238299849852,1.282418067354695,0.5265890341390445
2024-05-06,-1.820831032597612,0.0,1,Apple market update,18.179496699621023,0,5,2,1,0,0,-0.800077318506269,-0.6352850812356101,0.5265890341390445
2024-05-07,-0.024313932532069,0.0,1,Apple market update,18.163279556020033,1,5,2,0,0,0,-0.7837061989939983,0.1601609193050631,0.5265890341390445
2024-05-08,-1.3832220280718457,0.0,1,Apple market update,17.623441154458394,2,5,2,0,0,0,-0.7755206392378629,0.0430022060471344,0.5265890341390445
2024-05-09,0.2346022280004348,0.0,0,Apple market update,17.706983877517455,3,5,2,0,0,0,-0.7319445711243191,0.5424682994098828,0.5265890341390445
2024-05-10,0.1113340749227267,0.0,1,Apple market update,17.742609370186884,4,5,2,0,1,0,-0.7622792925735268,-0.4996276237790611,0.5265890341390445
2024-05-13,0.8901384984270792,0.0,1,Apple market update,18.09279871958282,0,5,2,1,0,0,-0.6852387301628412,1.0111031524415972,0.5265890341390445
2024-05-14,-0.8268483153724889,0.0,1,Apple market update,17.77429502351361,1,5,2,0,0,0,-0.657793029804035,0.3081508728940255,0.5265890341390445
2024-05-15,0.7597903716643382,0.0,1,Apple market update,18.069703835332817,2,5,2,0,0,0,-0.603142380843955,0.6781257568664317,0.5265890341390445
2024-05-16,-0.7439350343589359,-3.469446951953614e-18,1,Apple market update,17.782877461994847,3,5,2,0,0,0,-0.6002533597535542,-0.0371590188135535,0.5265890341390445
2024-05-17,-0.6385133317446886,0.0,1,Apple market update,17.53595895283112,4,5,2,0,1,0,-0.599531104480954,-0.0618240110783806,0.5265890341390445
2024-05-20,0.2049742201147728,0.0,1,Apple market update,17.60787804824,0,5,2,1,0,0,-0.5716039006070808,0.3081508728940255,0.5265890341390445
2024-05-21,-0.1067186089365464,0.0,0,Apple market update,17.560519865186436,1,5,2,0,0,0,-0.5403061721277403,0.3513146093574729,0.5265890341390445
2024-05-22,-0.5132765964118955,0.0,0,Apple market update,17.360765021481132,2,5,2,0,0,0,-0.5749744252125486,-0.5366251121763018,0.5265890341390445
2024-05-23,0.9759446120231,0.0,1,Apple market update,17.747451889877542,3,5,2,0,0,0,-0.6707936247108379,-1.3752348491804225,0.5265890341390445
2024-05-24,-0.8810505010855003,0.0,1,Apple market update,17.40807185193235,4,5,2,0,1,0,-0.596882835148087,0.9494406717795296,0.5265890341390445
2024-05-28,0.922957669845166,0.0,1,Apple market update,17.772126378623554,1,5,2,0,0,0,-0.5966420833905532,-0.0679902591445873,0.5265890341390445
2024-05-29,0.0575478997608164,0.0,1,Apple market update,17.78708468686269,2,5,2,0,0,0,-0.5894195306645519,0.0245034618485141,0.5265890341390445
2024-05-30,-0.1448538787273262,0.0,1,Apple market update,17.72531312003165,3,5,2,0,0,0,-0.565585106668746,0.2526546402981646,0.5265890341390445
2024-05-31,1.0297280047465511,0.0,1,Apple market update,18.135107127144934,4,5,2,0,1,0,-0.5427136897030741,0.2341558960995443,0.5265890341390445
2024-06-03,-1.0520510592291257,0.0,1,Apple market update,17.729142288699688,0,6,2,1,0,0,-0.5003413803771968,0.4993045629464354,0.5265890341390445
2024-06-04,-0.1229040002893909,0.0,1,Apple market update,17.67563800346886,1,6,2,0,0,0,-0.4926373241361285,0.0245034618485141,0.5265890341390445
2024-06-05,0.3570296978822113,0.0,0,Apple market update,17.807394119092677,2,6,2,0,0,0,-0.4562838087485866,0.4068108419533338,0.5265890341390445
2024-06-06,-0.709803015644425,0.0,1,Apple market update,17.533506993430308,3,6,2,0,0,0,-0.4895075512881945,-0.5119601199114747,0.5265890341390445
2024-06-07,0.6603324075021044,0.0,0,Apple market update,17.78776094867381,4,6,2,0,1,0,-0.4319678812377144,0.6904582529988452,0.5265890341390445
2024-06-10,1.4644281673716393,0.0,1,Apple market update,18.390326695886664,0,6,2,1,0,0,-0.5220090385552022,-1.251909887856287,0.5265890341390445
2024-06-13,-1.764759298035102,0.0,0,Apple market update,18.39907604409836,3,6,2,0,0,0,-0.0178748582802815,0.2649871364305781,0.5265890341390445
2024-06-14,-0.8654282334155041,0.0,1,Apple market update,18.06575713695599,4,6,2,0,1,0,-0.0595249123335585,-0.5797888486397492,0.5265890341390445
2024-06-17,0.7470608099529075,0.0,0,Apple market update,18.35591074002472,0,6,2,1,0,0,0.0401463152852656,1.1405943618319392,0.5265890341390445
2024-06-18,-0.4046920519069216,0.0,0,Apple market update,18.196828203865003,1,6,2,0,0,0,-0.0166710994926149,-0.7524437944935387,0.5265890341390445
2024-06-20,0.2128393188740482,0.0,0,Apple market update,18.27186167081704,3,6,2,0,0,0,-0.1266946526853744,-1.3998998414452497,0.5265890341390445
2024-06-21,2.34708396989262,0.0,1,Apple market update,19.303642591869515,4,6,2,0,1,0,-0.17893778407012,-0.715446306096298,0.5265890341390445
2024-06-24,-2.5283633751462755,0.0,1,Apple market update,18.206583662161417,0,6,2,1,0,0,-0.1635296715879833,0.1169971828416156,0.5265890341390445
2024-06-25,-0.9698658029470216,0.0,1,Apple market update,17.832788691497175,1,6,2,0,0,0,-0.1413805098949109,0.2033246557685104,0.5265890341390445
2024-06-26,0.466984375251517,0.0,1,Apple market update,18.008390411903665,2,6,2,0,0,0,-0.0414685305185542,1.1590931060305596,0.5265890341390445
2024-06-27,-0.7400865002237456,0.0,0,Apple market update,17.722977219002537,3,6,2,0,0,0,-0.0212453828857493,0.1724934154374766,0.5265890341390445
2024-06-28,1.249470103560688,0.0,1,Apple market update,18.228826305281295,4,6,2,0,1,0,-0.1043047392347689,-1.0792549420024975,0.5265890341390445
2024-07-02,-0.086512272629345,0.0,1,Apple market update,17.87674982038353,1,7,3,0,0,0,0.126094692724686,0.9247756795147024,0.5265890341390445
2024-07-03,-1.138723733042729,0.0,1,Apple market update,17.43637347632038,2,7,3,0,0,0,0.1566701659314269,0.2834858806291984,0.5265890341390445
2024-07-05,1.1916884768154803,0.0,1,Apple market update,17.916704956400427,4,7,3,0,1,0,0.2710272507597877,1.257753075089868,0.5265890341390445
2024-07-08,-0.0401668442797953,0.0,1,Apple market update,17.894502892156215,0,7,3,1,0,0,0.3061770073596629,0.3266496170926458,0.5265890341390445
2024-07-09,-0.5302473041155468,0.0,1,Apple market update,17.688295750892944,1,7,3,0,0,0,0.3268816585075342,0.1601609193050631,0.5265890341390445
2024-07-10,0.6850482624760826,0.0,0,Apple market update,17.95271824617976,2,7,3,0,0,0,0.4294419072167585,1.0850981292360784,0.5265890341390445
2024-07-11,0.1038099905366355,0.0,1,Apple market update,17.98543559458111,3,7,3,0,0,0,0.3003989651788613,-1.5047260585707645,0.5265890341390445
2024-07-12,-0.5106743058071136,0.0,1,Apple market update,17.786679464204358,4,7,3,0,1,0,0.3711799818936782,0.7336219894622926,0.5265890341390445
2024-07-15,0.4432508774537114,0.0,1,Apple market update,17.952775727078436,0,7,3,1,0,0,0.4633879050289666,0.9556069198457364,0.5265890341390445
2024-07-16,-0.9616694536155518,0.0,0,Apple market update,17.58214474278905,1,7,3,0,0,0,0.4732587270878362,0.0368359579809276,0.5265890341390445
2024-07-18,0.380531544336212,0.0,1,Apple market update,18.005689420191466,3,7,3,0,0,0,0.2192656228901084,-1.338237360783182,0.5265890341390445
2024-07-19,-0.7660614585176617,0.0,0,Apple market update,17.710417943256957,4,7,3,0,1,0,0.2223953957380424,-0.0371590188135535,0.5265890341390445
2024-07-22,-0.0328973349392432,0.0,1,Apple market update,17.690906943467997,0,7,3,1,0,0,0.214209835981907,-0.1728164762701024,0.5265890341390445
2024-07-23,-0.4805905077853463,0.0,0,Apple market update,17.50339704424879,1,7,3,0,0,0,0.2392480187653802,0.215657151900924,0.5265890341390445
2024-07-25,-0.4712726845769457,0.0,1,Apple market update,17.754977529000836,3,7,3,0,0,0,0.0596472076454703,-0.370136414388719,0.5265890341390445
2024-07-26,-0.5440251068756784,0.0,1,Apple market update,17.54364199878093,4,7,3,0,1,0,0.0709625402495397,0.0615009502457547,0.5265890341390445
2024-07-29,-0.3427358169220703,0.0,1,Apple market update,17.407653342821423,0,7,3,1,0,0,0.0777035894604746,0.0060047176498938,0.5265890341390445
2024-07-30,0.3702433651095713,0.0,1,Apple market update,17.544663079965805,1,7,3,0,0,0,0.0909449361248107,0.0861659425105818,0.5265890341390445
2024-07-31,0.4867124472383444,0.0,0,Apple market update,17.728259319967393,2,7,3,0,0,0,0.1691892573231628,0.8507807027202212,0.5265890341390445
2024-08-01,0.5825982522021709,0.0,1,Apple market update,17.950693130578376,3,8,3,0,0,0,0.0803518587933416,-1.1100861823335313,0.5265890341390445
2024-08-02,1.2907169134890597,0.0,0,Apple market update,18.474871546007275,4,8,3,0,1,0,0.1162238706658171,0.3513146093574729,0.5265890341390445
2024-08-06,-1.3836343325728848,3.469446951953614e-18,1,Apple market update,18.059144014952064,1,8,3,0,0,0,-0.1851973297659886,-0.6722825696328507,0.5265890341390445
2024-08-07,-0.2262649693347223,0.0,1,Apple market update,17.966808713978054,2,8,3,0,0,0,-0.1233241280799066,0.696624501065052,0.5265890341390445
2024-08-08,-0.7724098399424295,0.0,1,Apple market update,17.66907997941691,3,8,3,0,0,0,-0.0400240199733538,0.9494406717795296,0.5265890341390445
2024-08-09,-0.276511775386672,0.0,1,Apple market update,17.557968716675223,4,8,3,0,1,0,0.0297939897113296,0.7706194778595332,0.5265890341390445
2024-08-12,-0.2577729563301311,0.0,1,Apple market update,17.453835944395262,0,8,3,1,0,0,0.0666290086139385,0.3636471054898864,0.5265890341390445
2024-08-13,0.4013773052302752,0.0,1,Apple market update,17.603223545756833,1,8,3,0,0,0,0.1559479106588267,0.98643816017677,0.5265890341390445
2024-08-14,-0.116192509198255,0.0,1,Apple market update,17.552241664554714,2,8,3,0,0,0,0.166781739747829,0.0491684541133412,0.5265890341390445
2024-08-15,0.2787998586957139,0.0,1,Apple market update,17.653111717370063,3,8,3,0,0,0,0.23852576349278,0.7582869817271197,0.5265890341390445
2024-08-16,-0.1022741047856775,0.0,0,Apple market update,17.607402295295074,4,8,3,0,1,0,0.2703049954871874,0.2896521286954052,0.5265890341390445
2024-08-19,-0.2093529684733058,0.0,1,Apple market update,17.52143887575516,0,8,3,1,0,0,0.2664529673666533,-0.1173202436742415,0.5265890341390445
2024-08-20,-0.7646523100636339,-3.469446951953614e-18,0,Apple market update,17.226625299639036,1,8,3,0,0,0,0.2811388245761897,0.0923321905767886,0.5265890341390445
2024-08-21,0.3715597947893986,0.0,0,Apple market update,17.36413610245701,2,8,3,0,0,0,0.278731307000856,-0.1049877475418279,0.5265890341390445
2024-08-22,0.5978584198599081,0.0,1,Apple market update,17.592751125680085,3,8,3,0,0,0,0.2339514800996456,-0.5859550967059559,0.5265890341390445
2024-08-23,-0.3053338743898321,0.0,1,Apple market update,17.47076344845192,4,8,3,0,1,0,0.2890836325747919,0.5609670436085031,0.5265890341390445
2024-08-26,-0.6047959449234763,0.0,1,Apple market update,17.236582492440483,0,8,3,1,0,0,0.2972691923309273,0.0183372137823073,0.5265890341390445
2024-08-27,0.4294648598685308,0.0,0,Apple market update,17.39721120544193,1,8,3,0,0,0,0.3174923399637323,0.1539946712388563,0.5265890341390445
2024-08-28,0.1671212795021956,0.0,1,Apple market update,17.45446948553988,2,8,3,0,0,0,0.2806573210611234,-0.4934613757128544,0.5265890341390445
2024-08-29,0.7958848758625716,0.0,0,Apple market update,17.764950747317997,3,8,3,0,0,0,0.3596238975320757,0.8261157104553942,0.5265890341390445
2024-08-30,0.0724069065260094,0.0,0,Apple market update,17.785628890414333,4,8,3,0,1,0,0.3408452604444711,-0.2838089414618243,0.5265890341390445
2024-09-04,-0.340898965407362,0.0,1,Apple market update,17.59606178544754,2,9,3,0,0,0,0.1460770885999578,-0.6044538409045762,0.5265890341390445
2024-09-05,-0.4607061132811837,0.0,0,Apple market update,17.415979502213048,3,9,3,0,0,0,0.1826713557450328,0.3513146093574729,0.5265890341390445
2024-09-06,0.7215187600530185,0.0,1,Apple market update,17.69548548607487,4,9,3,0,1,0,0.1453548333273576,-0.505793871845268,0.5265890341390445
2024-09-09,0.8362628114741241,0.0,0,Apple market update,18.022886157033803,0,9,3,1,0,0,0.1475215991451582,-0.049491514945967,0.5265890341390445
2024-09-10,-0.683573260592134,0.0,1,Apple market update,17.75885781601767,1,9,3,0,0,0,0.1282614585424866,-0.2961414375942378,0.5265890341390445
2024-09-11,-0.3695129602784502,0.0,1,Apple market update,17.61295515991286,2,9,3,0,0,0,0.1891716531984346,0.641128268469191,0.5265890341390445
2024-09-12,-0.4450879069772978,0.0,0,Apple market update,17.43866681615716,3,9,3,0,0,0,0.1918199225313022,-0.0433252668797603,0.5265890341390445
2024-09-13,-0.0304797115336818,0.0,0,Apple market update,17.42010040951595,4,9,3,0,1,0,0.1853196250779004,-0.1481514840052753,0.5265890341390445
2024-09-17,-0.6873567144840843,0.0,1,Apple market update,17.633646991776924,1,9,3,0,0,0,0.0490541303140012,0.0615009502457547,0.5265890341390445
2024-09-18,0.7092575285708198,0.0,1,Apple market update,17.90810193425364,2,9,3,0,0,0,0.1422250604794236,1.0357681447064242,0.5265890341390445
2024-09-20,3.293675799749391,0.0,0,Apple market update,19.579697711819932,4,9,3,0,1,0,0.3215851198417996,-0.2529777011307904,0.5265890341390445
2024-09-23,-3.416358882264082,0.0,1,Apple market update,17.807194678268687,0,9,3,1,0,0,0.2801758175460564,-0.5427913602425086,0.5265890341390445
2024-09-24,-0.5608403269125849,0.0,0,Apple market update,17.58956034329929,1,9,3,0,0,0,0.3018434757240617,0.1724934154374766,0.5265890341390445
2024-09-25,-0.0580419332665769,0.0,1,Apple market update,17.560503320263223,2,9,3,0,0,0,0.2780090517282558,-0.345471422123892,0.5265890341390445
2024-09-26,-0.3642596288136469,0.0,1,Apple market update,17.416561055506914,3,9,3,0,0,0,0.3054547520870627,0.240322144165751,0.5265890341390445
2024-09-27,-0.1773136084272203,0.0,1,Apple market update,17.34263552561351,4,9,3,0,1,0,0.3119550495404639,-0.0001615304163129,0.5265890341390445
2024-09-30,1.1723269863552943,0.0,0,Apple market update,17.814479789926473,0,9,3,1,0,0,0.4364237081852273,1.337914299950556,0.5265890341390445
2024-10-02,-1.651361875193684,0.0,0,Apple market update,17.30839340657401,2,10,4,0,0,0,0.2876391220295916,0.079999694444375,0.5265890341390445
2024-10-03,0.1090798215467184,0.0,1,Apple market update,17.343170267685633,3,10,4,0,0,0,0.2611564287009187,-0.3763026624549258,0.5265890341390445
2024-10-04,0.2507681115322517,0.0,0,Apple market update,17.43303097736223,4,10,4,0,1,0,0.2881206255446586,0.2341558960995443,0.5265890341390445
2024-10-07,0.1714979720957044,0.0,1,Apple market update,17.4919479547013,0,10,4,1,0,0,0.1660594844752288,-1.4615623221073173,0.5265890341390445
2024-10-08,-0.5542350010477667,0.0,1,Apple market update,17.276726919255125,1,10,4,0,0,0,0.2635639462762524,1.0604331369712512,0.5265890341390445
2024-10-09,0.1563819167412352,0.0,0,Apple market update,17.329771738663688,2,10,4,0,0,0,0.3536051035937409,0.9556069198457364,0.5265890341390445
2024-10-10,-0.4485865958454585,0.0,0,Apple market update,17.154247293765575,3,10,4,0,0,0,0.3418082674746046,-0.209813964667343,0.5265890341390445
2024-10-11,0.3260683857097765,0.0,1,Apple market update,17.273693036596026,4,10,4,0,1,0,0.3061770073596629,-0.4749626315142341,0.5265890341390445
2024-10-14,0.5957138014149955,0.0,1,Apple market update,17.501438184719355,0,10,4,1,0,0,0.3957366611620843,0.9432744237133228,0.5265890341390445
2024-10-15,1.2014991791927576,0.0,0,Apple market update,17.98606589537548,1,10,4,0,0,0,0.4566468558180322,0.6041307800719504,0.5265890341390445
2024-10-16,-1.6217811919143272,0.0,1,Apple market update,17.34428584117331,2,10,4,0,0,0,0.4072927455236869,-0.6229525851031965,0.5265890341390445
2024-10-17,-0.0670355276126012,0.0,1,Apple market update,17.31183025330017,3,10,4,0,0,0,0.4159598087948886,0.0245034618485141,0.5265890341390445
2024-10-18,0.8700579214638265,0.0,1,Apple market update,17.65348868770961,4,10,4,0,1,0,0.4840925561768385,0.6842920049326385,0.5265890341390445
2024-10-21,-0.6398695311044953,0.0,0,Apple market update,17.4060740970743,0,10,4,1,0,0,0.519483064534247,0.3143171209602323,0.5265890341390445
2024-10-22,0.1975571795822767,0.0,0,Apple market update,17.475131140602937,1,10,4,0,0,0,0.5047972073247105,-0.2344789569321701,0.5265890341390445
2024-10-23,0.7638953212299748,0.0,0,Apple market update,17.77225835129714,2,10,4,0,0,0,0.3827360662552807,-1.4060660895114565,0.5265890341390445
2024-10-24,-1.3332039905747295,0.0,1,Apple market update,17.253023828886615,3,10,4,0,0,0,0.3781617828621463,-0.1234864917404483,0.5265890341390445
2024-10-25,0.5790591011007202,0.0,1,Apple market update,17.473990106958794,4,10,4,0,1,0,0.3983849304949513,0.1478284231726495,0.5265890341390445
2024-10-28,-0.1735892787911511,0.0,1,Apple market update,17.401446046432213,0,10,4,1,0,0,0.4458130267290293,0.456140826482988,0.5265890341390445
2024-10-29,-0.0310167216006183,0.0,0,Apple market update,17.382708164045706,1,10,4,0,0,0,0.4523133241824311,-0.0001615304163129,0.5265890341390445
2024-10-30,0.7333371650868887,0.0,0,Apple market update,17.66716555489797,2,10,4,0,0,0,0.3670872020156102,-1.0175924613404297,0.5265890341390445
2024-10-31,0.8018325102263176,0.0,0,Apple market update,17.980159813081475,3,10,4,0,0,0,0.2669344708817196,-1.1964136552604263,0.5265890341390445
2024-11-01,0.0549748617894035,0.0,0,Apple market update,17.99414573119117,4,11,4,0,1,0,0.1951904471367693,-0.8942675000162943,0.5265890341390445
2024-11-04,-0.968374229266175,0.0,1,Apple market update,17.620938975469443,0,11,4,1,0,0,0.1737635407162979,-0.3208064298590649,0.5265890341390445
2024-11-05,-1.2106085518879228,0.0,0,Apple market update,17.151682224273472,1,11,4,0,0,0,0.2081910420435722,0.3266496170926458,0.5265890341390445
2024-11-06,1.5959658373753896,0.0,1,Apple market update,17.814831750914642,2,11,4,0,0,0,0.190616163743635,-0.2776426933956175,0.5265890341390445
2024-11-07,-0.6688254368960207,0.0,0,Apple market update,17.55645340861097,3,11,4,0,0,0,0.3044917450569286,1.2454205789574542,0.5265890341390445
2024-11-08,-0.2327105724908206,0.0,0,Apple market update,17.461712155886524,4,11,4,0,1,0,0.2979914476035276,-0.1481514840052753,0.5265890341390445
2024-11-11,0.2551963589120706,0.0,0,Apple market update,17.553313524499227,0,11,4,1,0,0,0.2327477213119784,-0.8141062751556064,0.5265890341390445
2024-11-13,0.488158080826727,0.0,1,Apple market update,17.698438394256435,2,11,4,0,0,0,0.2539338759749167,0.1724934154374766,0.5265890341390445
2024-11-14,-0.1879457674854824,0.0,0,Apple market update,17.620480527340796,3,11,4,0,0,0,0.3280854172952014,0.77678572592574,0.5265890341390445
2024-11-15,0.1862586949764869,0.0,1,Apple market update,17.68512074167731,4,11,4,0,1,0,0.2510448548845159,-0.9435974845459484,0.5265890341390445
2024-11-18,-0.1698708185081666,0.0,1,Apple market update,17.613999759450028,0,11,4,1,0,0,0.3232703821445332,0.7521207336609129,0.5265890341390445
2024-11-19,-0.5381125939691747,0.0,1,Apple market update,17.404895618146483,1,11,4,0,0,0,0.3295299278404018,-0.0063277784825196,0.5265890341390445
2024-11-20,-0.0585859351963338,0.0,0,Apple market update,17.375692659489594,2,11,4,0,0,0,0.3468640543828059,0.1231634309078224,0.5265890341390445
2024-11-21,0.4780156253605865,0.0,1,Apple market update,17.555755452613166,3,11,4,0,0,0,0.3353079700212028,-0.2036477166011362,0.5265890341390445
2024-11-22,-0.2421161740839156,0.0,1,Apple market update,17.457515912334365,4,11,4,0,1,0,0.3675687055306772,0.2896521286954052,0.5265890341390445
2024-11-25,2.00630714205209,0.0,1,Apple market update,18.31701657756908,0,11,4,1,0,0,0.4393127292756275,0.7336219894622926,0.5265890341390445
2024-11-26,-1.6929841088635698,0.0,0,Apple market update,17.64385193119002,1,11,4,0,0,0,0.4917966124179069,0.5054708110126422,0.5265890341390445
2024-11-27,-0.8225477290448139,0.0,1,Apple market update,17.327008264312834,2,11,4,0,0,0,0.4886668395699729,-0.1111539956080347,0.5265890341390445
2024-11-29,-0.4131646409580176,0.0,1,Apple market update,17.164761835713872,4,11,4,0,1,0,0.5459657578629199,0.5548007955422963,0.5265890341390445
2024-12-02,1.2920440638008766,0.0,1,Apple market update,17.689563768314784,0,12,4,1,0,0,0.6001349033079328,0.5116370590788489,0.5265890341390445
2024-12-03,-0.551267287239816,0.0,1,Apple market update,17.475501760717165,1,12,4,0,0,0,0.6733234375980842,0.7151232452636723,0.5265890341390445
2024-12-04,0.3599003036904697,0.0,1,Apple market update,17.60838737156068,2,12,4,0,0,0,0.6819905008692859,0.0183372137823073,0.5265890341390445
2024-12-05,-0.255107329969155,0.0,0,Apple market update,17.505237178131694,3,12,4,0,0,0,0.6827127561418861,-0.0679902591445873,0.5265890341390445
2024-12-06,-0.1994935534085207,0.0,1,Apple market update,17.4229250705928,4,12,4,0,1,0,0.6778977209912186,-0.1234864917404483,0.5265890341390445
2024-12-09,0.5062390587226162,0.0,1,Apple market update,17.61434697038983,0,12,4,1,0,0,0.7713094029141742,0.9186094314484956,0.5265890341390445
2024-12-10,-0.4876792146151736,0.0,0,Apple market update,17.42412313969831,1,12,4,0,0,0,0.7958660821825796,0.1786596635036834,0.5265890341390445
2024-12-11,0.5338494773924974,0.0,1,Apple market update,17.62673597727546,2,12,4,0,0,0,0.7652906089758393,-0.3948014066535461,0.5265890341390445
2024-12-12,-0.8343870153603754,0.0,1,Apple market update,17.305252892864427,3,12,4,0,0,0,0.800440365575714,0.295818376761612,0.5265890341390445
2024-12-13,0.0482695197665115,0.0,1,Apple market update,17.316713171314248,4,12,4,0,1,0,0.8042923936962488,-0.0309927707473467,0.5265890341390445
2024-12-16,1.1091033867617588,0.0,1,Apple market update,17.760867773493636,0,12,4,1,0,0,0.8741104033809316,0.6472945165353979,0.5265890341390445
2024-12-17,0.0012262890456106,0.0,0,Apple market update,17.754300140903144,1,12,4,0,0,0,0.9323723287040128,0.5239695552112625,0.5265890341390445
2024-12-18,0.2774192509314097,0.0,1,Apple market update,17.85459081139636,2,12,4,0,0,0,0.8026071313935146,-1.393733593379043,0.5265890341390445
2024-12-19,0.1997133808192133,0.0,1,Apple market update,17.924453066467066,3,12,4,0,0,0,0.8440164336892577,0.3574808574236797,0.5265890341390445
2024-12-20,2.057518403951639,0.0,1,Apple market update,18.809306875609565,4,12,4,0,1,0,0.9564475044573516,1.0850981292360784,0.5265890341390445
2024-12-23,-2.824222507870398,0.0,1,Apple market update,17.52563280282139,0,12,4,1,0,0,0.9752261415449562,0.1169971828416156,0.5265890341390445
2024-12-24,-1.441730075946382,0.0,1,Apple market update,16.961157451901094,1,12,4,0,0,0,1.045284902987173,0.6349620204029843,0.5265890341390445
2024-12-26,0.4254163781490017,0.0,0,Apple market update,17.12009060920619,3,12,4,0,0,0,1.0650265471049107,0.1231634309078224,0.5265890341390445
2024-12-27,1.1030537648895833,0.0,0,Apple market update,17.561604142421523,4,12,4,0,1,0,0.9829301977860246,-0.8881012519500876,0.5265890341390445
2024-12-30,-0.4469957490148887,0.0,0,Apple market update,17.386661690549982,0,12,4,1,0,0,0.9017968554972716,-0.8942675000162943,0.5265890341390445
2024-12-31,0.288436968878989,0.0,0,Apple market update,17.491322528197657,1,12,4,0,0,0,0.859183794413862,-0.5119601199114747,0.5265890341390445
2025-01-03,-0.8455450682291168,0.0,1,Apple market update,17.510473992081813,4,1,1,0,1,0,0.6904168123829544,-0.1974814685349295,0.5265890341390445
2025-01-06,0.3089294761756977,0.0,0,Apple market update,17.623185890192012,0,1,1,1,0,0,0.7294185971033639,0.3389821132250594,0.5265890341390445
2025-01-07,-0.240349898117215,0.0,1,Apple market update,17.525564271785825,1,1,1,0,0,0,0.6627303602666144,-0.7771087867583658,0.5265890341390445
2025-01-08,-0.1994935534085207,0.0,0,Apple market update,17.443282956721927,2,1,1,0,0,0,0.6745271963857508,0.0491684541133412,0.5265890341390445
2025-01-13,-0.5615016491455286,0.0,0,Apple market update,17.720120171985332,0,1,1,1,0,0,0.4759069964207031,-0.7092800580300913,0.5265890341390445
2025-01-14,-0.5934141225387521,0.0,1,Apple market update,17.49017193759859,1,1,1,0,0,0,0.4491835513344971,-0.370136414388719,0.5265890341390445
2025-01-15,0.0446496763904483,0.0,0,Apple market update,17.5001811924096,2,1,1,0,0,0,0.5589663527697235,1.1405943618319392,0.5265890341390445
2025-01-17,-0.1047730518976201,0.0,0,Apple market update,18.0421735003253,4,1,1,0,1,0,0.3702169748635449,0.3883120977547135,0.5265890341390445
2025-01-22,-1.099584488311355,0.0,0,Apple market update,17.976368268588665,2,1,1,0,0,0,0.2231176510106426,0.2526546402981646,0.5265890341390445
2025-01-23,-0.1471170538319656,0.0,0,Apple market update,17.913760832950565,3,1,1,0,0,0,0.2190248711325753,-0.1234864917404483,0.5265890341390445
2025-01-24,-0.2371149932646792,0.0,1,Apple market update,17.817335893712624,4,1,1,0,1,0,0.1980794682271701,-0.3146401817928581,0.5265890341390445
2025-01-29,-1.3096216393167386,0.0,0,Apple market update,17.63291736472747,2,1,1,0,0,0,0.5945976128846651,0.2094909038347172,0.5265890341390445
2025-01-30,0.5318328840675288,0.0,0,Apple market update,17.834741788982406,3,1,1,0,0,0,0.5522253035587885,-0.530458864110095,0.5265890341390445
2025-01-31,1.4488867687819538,3.469446951953614e-18,0,Apple market update,18.43023298567758,4,1,1,0,1,0,0.5141865258685124,-0.4872951276466477,0.5265890341390445
2025-02-04,-1.245222520807603,0.0,0,Apple market update,17.623667508249756,1,2,1,0,0,0,0.4376274669728939,1.2207555866926274,0.5265890341390445
2025-02-05,-0.3238162141240582,0.0,1,Apple market update,17.494852196378964,2,2,1,0,0,0,0.4296826589742924,-0.1604839801376889,0.5265890341390445
2025-02-06,-0.7275220546119644,0.0,0,Apple market update,17.214214867837256,3,2,1,0,0,0,0.4477390407892967,0.1231634309078224,0.5265890341390445
2025-02-07,0.7295271309798405,0.0,1,Apple market update,17.497043114599506,4,2,1,0,1,0,0.3138810636007312,-1.554056043100419,0.5265890341390445
2025-02-10,-0.4645440129833663,0.0,1,Apple market update,17.31551505861166,0,2,1,1,0,0,0.3203813610541324,-0.0001615304163129,0.5265890341390445
2025-02-11,1.199401513885682,0.0,1,Apple market update,17.79926616372583,1,2,1,0,0,0,0.4395534810331613,1.2700855712222814,0.5265890341390445
2025-02-12,-0.4384205441742695,0.0,1,Apple market update,17.62756517295169,2,2,1,0,0,0,0.5413914744697855,1.0542668889050446,0.5265890341390445
2025-02-13,0.4523168272748252,0.0,1,Apple market update,17.797322669800195,3,2,1,0,0,0,0.6528595382077453,1.1405943618319392,0.5265890341390445
2025-02-14,-0.7014973099999897,0.0,0,Apple market update,17.52654773161337,4,2,1,0,1,0,0.72628882425543,0.7089569971974655,0.5265890341390445
2025-02-18,0.4707379657670601,0.0,1,Apple market update,17.703701850621435,1,2,1,0,0,0,0.723399803165029,-0.1049877475418279,0.5265890341390445
2025-02-19,-1.0776635249017428,0.0,1,Apple market update,17.28760746784322,2,2,1,0,0,0,0.7327891217088317,0.0245034618485141,0.5265890341390445
2025-02-20,0.0274965477362706,0.0,0,Apple market update,17.291100902118927,3,2,1,0,0,0,0.7559012904320368,0.1663271673712698,0.5265890341390445
2025-02-21,1.2326654012993097,0.0,1,Apple market update,17.78952009973505,4,2,1,0,1,0,0.7491602412211018,-0.1419852359390686,0.5265890341390445
2025-02-24,-0.0760665361723417,0.0,0,Apple market update,17.753715817135788,0,2,1,1,0,0,0.7862360118812445,0.3143171209602323,0.5265890341390445
2025-02-25,-0.1578974191163588,0.0,0,Apple market update,17.686988634652565,1,2,1,0,0,0,0.784791501336044,-0.0864890033432077,0.5265890341390445
2025-02-27,-0.1844922853163058,0.0,1,Apple market update,17.532821990371655,3,2,1,0,0,0,0.5515030482861882,-0.8572700116190537,0.5265890341390445
2025-02-28,0.8252600516876804,3.469446951953614e-18,0,Apple market update,17.855634756634863,4,2,1,0,1,0,0.6603228426912806,1.1035968734346986,0.5265890341390445
2025-03-03,-0.476731219059952,0.0,0,Apple market update,17.66956543123082,0,3,1,1,0,0,0.5690779265861255,-1.0484237016714637,0.5265890341390445
2025-03-04,0.3557033702518989,0.0,0,Apple market update,17.800748727111277,1,3,1,0,0,0,0.5187608092616468,-0.6167863370369898,0.5265890341390445
2025-03-05,-0.3274675014651451,0.0,0,Apple market update,17.670489046595367,2,3,1,0,0,0,0.5141865258685124,-0.1234864917404483,0.5265890341390445
2025-03-06,-0.0992236291516769,0.0,1,Apple market update,17.625952585164992,3,3,1,0,0,0,0.5043157038096434,-0.1789827243363092,0.5265890341390445
2025-03-07,0.0813206340470306,0.0,0,Apple market update,17.65008218365997,4,3,1,0,1,0,0.5938753576120649,0.9062769353160822,0.5265890341390445
2025-03-12,-0.504827519270414,0.0,0,Apple market update,17.95143684204072,2,3,1,0,0,0,0.0649437463112049,-1.153249918796979,0.5265890341390445
2025-03-14,-0.0361251460297787,0.0,1,Apple market update,17.911646864054216,4,3,1,0,1,0,-0.0185971135528817,1.0481006408388378,0.5265890341390445
2025-03-17,-0.5760870819302824,0.0,0,Apple market update,17.688239588355554,0,3,1,1,0,0,-0.0063187739186789,0.0738334463781683,0.5265890341390445
2025-03-18,-0.3128927709228825,0.0,1,Apple market update,17.563422802897797,1,3,1,0,0,0,-0.0378572541555532,-0.4502976392494071,0.5265890341390445
2025-03-19,0.6455726710206573,0.0,0,Apple market update,17.81160631183953,2,3,1,0,0,0,0.0232936922579285,0.6657932607340182,0.5265890341390445
2025-03-20,-0.2654895853227285,0.0,1,Apple market update,17.704528995752153,3,3,1,0,0,0,-0.0041520081008783,-0.4009676547197529,0.5265890341390445
2025-03-21,1.5798137980915896,0.0,1,Apple market update,18.360164001941698,4,3,1,0,1,0,0.095759971275479,1.1282618656995258,0.5265890341390445
2025-03-24,-1.8697620104995605,0.0,1,Apple market update,17.60648397084357,0,3,1,1,0,0,0.1547441518711595,0.6226295242705707,0.5265890341390445
2025-03-25,-0.6473389560478938,0.0,0,Apple market update,17.3562843865375,1,3,1,0,0,0,0.2269696791311768,0.7706194778595332,0.5265890341390445
2025-03-26,0.0162420361200644,0.0,1,Apple market update,17.355486819243552,2,3,1,0,0,0,0.174004292473831,-0.6846150657652643,0.5265890341390445
2025-03-27,0.2090298471970166,0.0,0,Apple market update,17.42898738298698,3,3,1,0,0,0,0.2293771967065105,0.5732995397409166,0.5265890341390445
2025-03-31,1.2241328221941103,3.469446951953614e-18,1,Apple market update,17.994491889748325,0,3,1,1,0,0,0.1882086461683012,1.122095617633319,0.5265890341390445
2025-04-01,-1.488319237574856,0.0,1,Apple market update,17.410428200316982,1,4,2,0,0,0,0.2137283324668407,0.2218233999671307,0.5265890341390445
2025-04-02,-0.018433159448492,0.0,0,Apple market update,17.396412213209757,2,4,2,0,0,0,0.2303402037366446,0.1169971828416156,0.5265890341390445
2025-04-14,0.3972693801957167,3.469446951953614e-18,0,Apple market update,18.434119054034284,0,4,2,1,0,0,-0.2812572810218112,1.2885843154209018,0.5265890341390445
2025-04-15,-1.708405787984605,0.0,0,Apple market update,17.754056714159148,1,4,2,0,0,0,-0.2904058478080799,-0.1913152204687227,0.5265890341390445
2025-04-17,-0.3415111081683207,0.0,0,Apple market update,17.76991659805526,3,4,2,0,0,0,-0.4141522511802432,0.7829519739919467,0.5265890341390445
2025-04-21,-0.2726336460716932,0.0,1,Apple market update,17.66016439441537,0,4,2,1,0,0,-0.5056379190429321,-1.2704086320549075,0.5265890341390445
2025-04-24,-0.2792001056197358,0.0,1,Apple market update,17.672253405700978,3,4,2,0,0,0,-0.1413805098949109,1.0604331369712512,0.5265890341390445
2025-04-25,-0.5492904256666689,0.0,1,Apple market update,17.45892969904584,4,4,2,0,1,0,-0.1194720999593724,0.1971584077023037,0.5265890341390445
2025-04-28,0.0536871073239928,0.0,1,Apple market update,17.47246325920318,0,4,2,1,0,0,-0.0987674488115012,0.1786596635036834,0.5265890341390445
2025-04-29,-0.1153549716410444,0.0,1,Apple market update,17.42175814918325,1,4,2,0,0,0,-0.0732477625129617,0.240322144165751,0.5265890341390445
2025-04-30,0.8909704027271709,0.0,1,Apple market update,17.772248788645218,2,4,2,0,0,0,-0.0424315375486876,0.3019846248278188,0.5265890341390445
2025-05-01,0.2579880149367329,0.0,0,Apple market update,17.864957139135488,3,5,2,0,0,0,-0.0226898934309497,0.1663271673712698,0.5265890341390445
2025-05-06,-0.7738221946735095,0.0,0,Apple market update,17.75157232324328,1,5,2,0,0,0,-0.3773172322776344,-0.1913152204687227,0.5265890341390445
2025-05-07,0.7499370936253897,0.0,1,Apple market update,18.042879940774945,2,5,2,0,0,0,-0.4314863777226473,-0.7771087867583658,0.5265890341390445
2025-05-08,-0.7936564156632628,0.0,1,Apple market update,17.737066004961825,3,5,2,0,0,0,-0.4018739115460405,0.3143171209602323,0.5265890341390445
2025-05-09,-0.844824132175843,0.0,1,Apple market update,17.41155903401197,4,5,2,0,1,0,-0.3768357287625674,0.2526546402981646,0.5265890341390445
2025-05-13,-0.529592794653665,0.0,0,Apple market update,17.76500854209919,1,5,2,0,0,0,-0.0253381627638166,0.5548007955422963,0.5265890341390445
2025-05-14,-0.1164717574469422,0.0,0,Apple market update,17.713957848970697,2,5,2,0,0,0,-0.03978326821582,-0.2468114530645836,0.5265890341390445
2025-05-15,-0.2230485036478618,0.0,0,Apple market update,17.622828410715133,3,5,2,0,0,0,-0.0609694228787583,-0.3269726779252717,0.5265890341390445
2025-05-16,0.5156227365397541,0.0,0,Apple market update,17.818066915938445,4,5,2,0,1,0,-0.0653029545143595,-0.129652739806655,0.5265890341390445
2025-05-19,-0.4362015748310023,0.0,0,Apple market update,17.64720166890841,0,5,2,1,0,0,-0.124768638625107,-0.7956075309569861,0.5265890341390445
2025-05-20,-0.1994935534085207,0.0,0,Apple market update,17.56493465422577,1,5,2,0,0,0,-0.1709929760715185,-0.6414513293018168,0.5265890341390445
2025-05-21,0.8463477710883415,0.0,0,Apple market update,17.89663142120463,2,5,2,0,0,0,-0.2853500608998792,-1.498559810504558,0.5265890341390445
2025-05-22,-0.610838468916498,0.0,0,Apple market update,17.660162255032482,3,5,2,0,0,0,-0.3029249391998165,-0.2961414375942378,0.5265890341390445
2025-05-28,-0.5572056211745001,0.0,0,Apple market update,17.629693608403475,2,5,2,0,0,0,-0.325314852650422,-0.0124940265487264,0.5265890341390445
2025-05-29,0.3410537051415034,0.0,1,Apple market update,17.755086491134485,3,5,2,0,0,0,-0.3366301852544914,-0.2159802127335498,0.5265890341390445
2025-05-30,0.8199067655898008,0.0,1,Apple market update,18.07565060673686,4,5,2,0,1,0,-0.314962527076486,0.2033246557685104,0.5265890341390445
2025-06-02,-1.736726976260078,0.0,1,Apple market update,17.38288038191099,0,6,2,1,0,0,-0.2947393794436811,0.1848259115698901,0.5265890341390445
2025-06-03,0.6974693835144932,0.0,0,Apple market update,17.652413408385193,1,6,2,0,0,0,-0.2569413535109389,0.4068108419533338,0.5265890341390445
2025-06-04,-0.1448538787273262,0.0,0,Apple market update,17.590659470164063,2,6,2,0,0,0,-0.2677751825999412,-0.209813964667343,0.5265890341390445
2025-06-05,0.612029416649228,0.0,1,Apple market update,17.825133864320946,3,6,2,0,0,0,-0.3202590657422206,-0.7401112983611252,0.5265890341390445
2025-06-06,-0.4279749370607871,0.0,0,Apple market update,17.657276342953086,4,6,2,0,1,0,-0.2415332410288015,0.937108175647116,0.5265890341390445
2025-06-09,1.115132393080381,0.0,1,Apple market update,18.10408604750757,0,6,2,1,0,0,-0.3007581733820159,-0.8202725232218131,0.5265890341390445
2025-06-10,-0.7446352406479939,0.0,0,Apple market update,17.816873246106756,1,6,2,0,0,0,-0.2713864589629422,0.3019846248278188,0.5265890341390445
2025-06-11,0.3003032678223618,0.0,1,Apple market update,17.9262188510544,2,6,2,0,0,0,-0.3647981408858978,-1.2580761359224937,0.5265890341390445
2025-06-12,-0.8531237415523049,0.0,0,Apple market update,17.59752967893173,3,6,2,0,0,0,-0.3546865670694957,0.0553347021795479,0.5265890341390445
2025-06-13,0.4243495723128113,0.0,1,Apple market update,17.75606856017056,4,6,2,0,1,0,-0.420652548633645,-0.9250987403473282,0.5265890341390445
2025-06-16,-0.4575117818115545,0.0,0,Apple market update,17.57719197641773,0,6,2,1,0,0,-0.373224452399567,0.5424682994098828,0.5265890341390445
2025-06-17,-0.2515575711681533,0.0,1,Apple market update,17.4753782359406,1,6,2,0,0,0,-0.4399126892363159,-0.9374312364797418,0.5265890341390445
2025-06-18,0.4168653486469373,0.0,1,Apple market update,17.63090593813782,2,6,2,0,0,0,-0.4175227757857104,0.2218233999671307,0.5265890341390445
2025-06-20,1.795898710524828,0.0,1,Apple market update,18.388297015661827,4,6,2,0,1,0,-0.3113512507134851,1.3132493076857288,0.5265890341390445
2025-06-23,-1.4092710001836837,0.0,0,Apple market update,17.837540684837364,0,6,2,1,0,0,-0.2995544145943493,0.079999694444375,0.5265890341390445
2025-06-24,-0.0656704577287938,0.0,1,Apple market update,17.805679106432805,1,6,2,0,0,0,-0.3282038737408228,-0.4441313911832003,0.5265890341390445
2025-06-25,-0.812890658548393,0.0,0,Apple market update,17.49246167651291,2,6,2,0,0,0,-0.2981099040491489,0.3143171209602323,0.5265890341390445
2025-06-26,0.6522100115118219,0.0,1,Apple market update,17.743389215541725,3,6,2,0,0,0,-0.3113512507134851,-0.2468114530645836,0.5265890341390445
2025-06-27,0.925407581393136,0.0,1,Apple market update,18.108550242761577,4,6,2,0,1,0,-0.3094252366532183,-0.049491514945967,0.5265890341390445
2025-06-30,0.5957138014149955,0.0,1,Apple market update,18.336350870335053,0,6,2,1,0,0,-0.2114392713371276,1.1775918502291798,0.5265890341390445
2025-07-01,-0.3912520260621709,0.0,1,Apple market update,18.18228269465397,1,7,3,0,0,0,-0.1478808073483127,0.7212894933298791,0.5265890341390445
2025-07-02,-0.3753964218084877,0.0,1,Apple market update,18.034162029029495,2,7,3,0,0,0,-0.037134998882953,1.2947505634871086,0.5265890341390445
2025-07-03,-1.67366347336435,0.0,0,Apple market update,17.36959499284233,3,7,3,0,0,0,-0.0104115537967463,0.2464883922319578,0.5265890341390445
2025-07-07,0.9191946937966818,0.0,1,Apple market update,17.73210312701561,0,7,3,1,0,0,-0.0968414347512337,-1.116252430399738,0.5265890341390445
2025-07-08,-0.4040654812194135,0.0,1,Apple market update,17.57319055507122,1,7,3,0,0,0,-0.0953969242060333,-0.0556577630121738,0.5265890341390445
2025-07-09,0.3501672368342978,0.0,1,Apple market update,17.702203468153154,2,7,3,0,0,0,-0.0681919756047603,0.2588208883643714,0.5265890341390445
2025-07-10,-0.2265575847170448,0.0,0,Apple market update,17.60973155005596,3,7,3,0,0,0,-0.0378572541555532,0.295818376761612,0.5265890341390445
2025-07-11,-0.2768103384665633,0.0,0,Apple market update,17.498517829512632,4,7,3,0,1,0,-0.0677104720896932,-0.4379651431169935,0.5265890341390445
2025-07-14,-0.04367588424345,0.0,1,Apple market update,17.474963801795965,0,7,3,1,0,0,-0.1286206667456412,-0.8141062751556064,0.5265890341390445
2025-07-15,0.2390669648107717,0.0,1,Apple market update,17.5602101933843,1,7,3,0,0,0,-0.1170645823840386,0.0676671983119615,0.5265890341390445
2025-07-16,0.3168411013259949,0.0,0,Apple market update,17.676040270059044,2,7,3,0,0,0,-0.0917856478430323,0.2341558960995443,0.5265890341390445
2025-07-17,0.0500770033724908,0.0,1,Apple market update,17.6881293342011,3,7,3,0,0,0,-0.0951561724485002,-0.1173202436742415,0.5265890341390445
2025-07-18,0.0672955170108446,0.0,1,Apple market update,17.70681237474791,4,7,3,0,1,0,-0.0672289685746269,0.2649871364305781,0.5265890341390445
2025-07-21,0.1431220105329999,0.0,1,Apple market update,17.754708964481825,0,7,3,1,0,0,-0.0361719918528196,0.3081508728940255,0.5265890341390445
2025-07-22,-0.2515575711681533,0.0,0,Apple market update,17.65289839691157,1,7,3,0,0,0,0.0098115938360585,0.480805818747815,0.5265890341390445
2025-07-23,0.0511091227618013,0.0,0,Apple market update,17.66543049546293,2,7,3,0,0,0,0.0037927998977238,-0.1481514840052753,0.5265890341390445
2025-07-24,-0.0363943528422354,0.0,1,Apple market update,17.644643159879184,3,7,3,0,0,0,-0.0053557668885456,-0.185148972402516,0.5265890341390445
2025-07-25,-0.3363123907052288,0.0,1,Apple market update,17.51108755835905,4,7,3,0,1,0,-0.0027074975556779,-0.0371590188135535,0.5265890341390445
2025-07-28,-0.1448538787273262,0.0,0,Apple market update,17.449352902562797,0,7,3,1,0,0,0.0013852823223893,-0.0248265226811399,0.5265890341390445
2025-07-29,0.7851657327790376,0.0,0,Apple market update,17.755376350432392,1,7,3,0,0,0,-0.0650622027568263,-0.875768755817674,0.5265890341390445
2025-07-30,-0.3050319756701413,0.0,0,Apple market update,17.633497593437813,2,7,3,0,0,0,-0.1185090929292391,-0.7216125541625049,0.5265890341390445
2025-07-31,1.3987722672704928,0.0,0,Apple market update,18.20622931891748,3,7,3,0,0,0,-0.1538996012866475,-0.5119601199114747,0.5265890341390445
2025-08-04,-0.8556535560095576,0.0,0,Apple market update,18.134454957268204,0,8,3,1,0,0,-0.2550153394506714,0.2218233999671307,0.5265890341390445
2025-08-05,-1.362244557627703,0.0,1,Apple market update,17.603219016279095,1,8,3,0,0,0,-0.2653676650246074,-0.2036477166011362,0.5265890341390445
2025-08-11,-1.5507384901217456,0.0,1,Apple market update,17.939512639238103,0,8,3,1,0,0,0.322548126871933,-0.5859550967059559,0.5265890341390445
2025-08-12,-0.261034794940324,0.0,1,Apple market update,17.83416488922883,1,8,3,0,0,0,0.3817730592251473,0.5979645320057437,0.5265890341390445
2025-08-13,0.5964939447263442,0.0,0,Apple market update,18.062268591941095,2,8,3,0,0,0,0.4701289542399015,0.9124431833822888,0.5265890341390445
2025-08-14,-0.7706452164838797,0.0,0,Apple market update,17.76514338360024,3,8,3,0,0,0,0.4568876075755654,-0.2221464607997565,0.5265890341390445
2025-08-15,0.2164040377630215,0.0,0,Apple market update,17.841553099292902,4,8,3,0,1,0,0.4284789001866251,-0.3886351585873394,0.5265890341390445
2025-08-18,-1.042536833141382,0.0,0,Apple market update,17.43921664947143,0,8,3,1,0,0,0.411626277159288,-0.2591439491969972,0.5265890341390445
2025-08-19,0.1487805558548112,0.0,0,Apple market update,17.48934238731768,1,8,3,0,0,0,0.4036814691606858,-0.1604839801376889,0.5265890341390445
2025-08-20,0.2001922176514554,0.0,0,Apple market update,17.559443875404465,2,8,3,0,0,0,0.2943801712405265,-1.2889073762535277,0.5265890341390445
2025-08-21,-0.8365438932775843,0.0,1,Apple market update,17.237203170154864,3,8,3,0,0,0,0.2678974779118537,-0.3763026624549258,0.5265890341390445
2025-08-22,0.8359199732052056,0.0,0,Apple market update,17.564492168021353,4,8,3,0,1,0,0.33651172880887,0.7089569971974655,0.5265890341390445
2025-08-25,-0.8189679292189451,0.0,1,Apple market update,17.24895248478031,0,8,3,1,0,0,0.3220666233568666,-0.2344789569321701,0.5265890341390445
2025-08-26,1.3841243424246434,0.0,1,Apple market update,17.815088311062794,1,8,3,0,0,0,0.373587499469012,0.5116370590788489,0.5265890341390445
2025-08-27,-1.4246395482433136,0.0,1,Apple market update,17.25783391993832,2,8,3,0,0,0,0.4019962068579523,0.240322144165751,0.5265890341390445
2025-08-28,0.5205002889177103,0.0,0,Apple market update,17.455060603792802,3,8,3,0,0,0,0.4515910689098309,0.480805818747815,0.5265890341390445
2025-08-29,0.1088291919366041,0.0,0,Apple market update,17.489743295700237,4,8,3,0,1,0,0.4417202468509619,-0.185148972402516,0.5265890341390445
2025-09-02,0.3062095225307586,0.0,1,Apple market update,17.601416922003228,1,9,3,0,0,0,0.3834583215278809,-0.715446306096298,0.5265890341390445
2025-09-04,-0.8679667715919938,0.0,0,Apple market update,17.677279749610292,3,9,3,0,0,0,0.6249323343338721,0.2649871364305781,0.5265890341390445
2025-09-05,0.3859817965920661,0.0,0,Apple market update,17.820484617191433,4,9,3,0,1,0,0.6227655685160716,-0.0988214994756212,0.5265890341390445
2025-09-08,-0.2818912769434079,0.0,0,Apple market update,17.707320672349578,0,9,3,1,0,0,0.5794302521600615,-0.5427913602425086,0.5265890341390445
2025-09-09,0.7770410190661748,0.0,0,Apple market update,18.009910101353753,1,9,3,0,0,0,0.4946856335083077,-0.986761221009396,0.5265890341390445
2025-09-11,-1.305973655795764,0.0,1,Apple market update,17.731696904647205,3,9,3,0,0,0,0.3909216260114161,0.8076169662567738,0.5265890341390445
2025-09-12,0.2918673319165434,0.0,1,Apple market update,17.837718043004102,4,9,3,0,1,0,0.4879445842973727,1.0111031524415972,0.5265890341390445
2025-09-15,-0.6942469538192572,0.0,1,Apple market update,17.5696977919479,0,9,3,1,0,0,0.5510215447711213,0.616463276204364,0.5265890341390445
2025-09-16,0.9967735052827318,0.0,1,Apple market update,17.9653071873779,1,9,3,0,0,0,0.5859305496134627,0.3019846248278188,0.5265890341390445
2025-09-17,-0.8050416307745173,0.0,0,Apple market update,17.655134920272314,2,9,3,0,0,0,0.6061536972462676,0.1416621751064427,0.5265890341390445
2025-09-18,-0.1131230573673962,0.0,1,Apple market update,17.60535691242841,3,9,3,0,0,0,0.5794302521600615,-0.3578039182563055,0.5265890341390445
2025-09-23,-1.4313014505719266,0.0,0,Apple market update,17.914431316741833,1,9,3,0,0,0,0.9766706520901568,-0.4687963834480274,0.5265890341390445
2025-09-24,-0.919115275070747,0.0,1,Apple market update,17.560385134278956,2,9,3,0,0,0,0.9258720312506108,-0.5859550967059559,0.5265890341390445
2025-09-25,0.6891359669900253,0.0,0,Apple market update,17.8265115721172,3,9,3,0,0,0,1.0354140809283032,1.041934392772631,0.5265890341390445
2025-09-26,-0.4623046147142468,0.0,0,Apple market update,17.645809297692324,4,9,3,0,1,0,1.001468083116096,-0.4133001508521664,0.5265890341390445
2025-09-29,-0.3488678272679132,0.0,1,Apple market update,17.50757745179067,0,9,3,1,0,0,0.9766706520901568,-0.3208064298590649,0.5265890341390445
2025-09-30,-0.1462681033973115,0.0,1,Apple market update,17.44528473079169,1,9,3,0,0,0,0.9814856872408242,-0.0248265226811399,0.5265890341390445
2025-10-01,0.6650385848131434,0.0,1,Apple market update,17.70147498880059,2,10,4,0,0,0,1.001227331358562,0.1231634309078224,0.5265890341390445
2025-10-02,-0.3360069011158745,0.0,1,Apple market update,17.56807350371972,3,10,4,0,0,0,1.0414328748666382,0.3328158651588526,0.5265890341390445
2025-10-03,0.3840214730299138,0.0,0,Apple market update,17.710501355338465,4,10,4,0,1,0,1.062859781287111,0.1416621751064427,0.5265890341390445
2025-10-06,-0.2356459796575479,0.0,0,Apple market update,17.61468062729881,0,10,4,1,0,0,1.0310805492927029,-0.3948014066535461,0.5265890341390445
2025-10-07,-0.8690552665839704,-3.469446951953614e-18,1,Apple market update,17.279864287252124,1,10,4,0,0,0,1.0260247623845014,-0.1234864917404483,0.5265890341390445
2025-10-08,0.3599003036904697,0.0,0,Apple market update,17.412737910838572,2,10,4,0,0,0,1.0638227883172435,0.3081508728940255,0.5265890341390445
2025-10-09,0.1453381400677631,0.0,0,Apple market update,17.461534727866454,3,10,4,0,0,0,0.967281333546354,-1.03609120553905,0.5265890341390445
2025-10-13,-1.2516191864679669,0.0,1,Apple market update,17.456850217121282,0,10,4,1,0,0,0.8141632157551177,0.5239695552112625,0.5265890341390445
2025-10-14,-0.1733030350324652,0.0,1,Apple market update,17.384423372217505,1,10,4,0,0,0,0.8168114850879847,-0.049491514945967,0.5265890341390445
2025-10-15,-0.1022741047856775,0.0,0,Apple market update,17.33873679347112,2,10,4,0,0,0,0.8546095110207269,0.3143171209602323,0.5265890341390445
2025-10-16,0.4281873112171347,0.0,1,Apple market update,17.49879943890512,3,10,4,0,0,0,0.8091074288469163,-0.5427913602425086,0.5265890341390445
2025-10-17,0.5558918653943156,0.0,1,Apple market update,17.71032638540182,4,10,4,0,1,0,0.9253905277355444,1.1344281137657324,0.5265890341390445
2025-10-21,-1.666656174655874,0.0,0,Apple market update,17.659166945767577,1,10,4,0,0,0,1.1769761143579371,0.0491684541133412,0.5265890341390445
2025-10-22,-0.078261510057439,0.0,1,Apple market update,17.62251301216236,2,10,4,0,0,0,1.073212106861047,-1.0854211900687043,0.5265890341390445
2025-10-23,-0.8254142014795631,0.0,1,Apple market update,17.304563157704223,3,10,4,0,0,0,1.10041705546232,0.1971584077023037,0.5265890341390445
2025-10-24,0.4160081556697738,0.0,1,Apple market update,17.459750871725984,4,10,4,0,1,0,1.1781798731456044,0.696624501065052,0.5265890341390445
2025-10-27,0.427761273235925,0.0,1,Apple market update,17.619685534214362,0,10,4,1,0,0,1.321908672393039,1.3317480518843492,0.5265890341390445
2025-10-28,-0.1870819275024988,-3.469446951953614e-18,1,Apple market update,17.54204221210383,1,10,4,0,0,0,1.3264829557861737,-0.0309927707473467,0.5265890341390445
2025-10-29,0.5447022625160737,0.0,1,Apple market update,17.74903476689875,2,10,4,0,0,0,1.3433355788135108,0.0861659425105818,0.5265890341390445
2025-10-30,0.8027055432434487,0.0,0,Apple market update,18.062383069813155,3,10,4,0,0,0,1.384022625836654,0.3143171209602323,0.5265890341390445
2025-10-31,0.5507048974654947,0.0,0,Apple market update,18.2717990038509,4,10,4,0,1,0,1.3594659465682484,-0.3084739337266514,0.5265890341390445
2025-11-03,-1.3844590548737945,0.0,1,Apple market update,17.731418029077265,0,11,4,1,0,0,1.327686714573841,-0.3763026624549258,0.5265890341390445
2025-11-04,-0.0302112578335074,0.0,1,Apple market update,17.712923372435796,1,11,4,0,0,0,1.3515211385696455,0.1539946712388563,0.5265890341390445
2025-11-05,-0.3014119329548095,0.0,0,Apple market update,17.592471880470743,2,11,4,0,0,0,1.35392865614498,-0.049491514945967,0.5265890341390445
2025-11-06,0.4252030642404466,0.0,0,Apple market update,17.75132823148786,3,11,4,0,0,0,1.3450208411162443,-0.1604839801376889,0.5265890341390445
2025-11-07,-0.1397698378309605,0.0,1,Apple market update,17.69143790297135,4,11,4,0,1,0,1.3137231126369031,-0.370136414388719,0.5265890341390445
2025-11-10,-0.3931234454102259,0.0,1,Apple market update,17.53667327920417,0,11,4,1,0,0,1.3430948270559775,0.2033246557685104,0.5265890341390445
2025-11-11,0.307116594638106,0.0,0,Apple market update,17.648670015236966,1,11,4,0,0,0,1.482971598182878,1.257753075089868,0.5265890341390445
2025-11-12,0.138929246697532,0.0,0,Apple market update,17.69496906918103,2,11,4,0,0,0,1.4401177853419336,-0.4749626315142341,0.5265890341390445
2025-11-13,0.08259079625316,0.0,0,Apple market update,17.71955786187488,3,11,4,0,0,0,1.4275986939501977,-0.1913152204687227,0.5265890341390445
2025-11-14,-0.0997779507971444,0.0,0,Apple market update,17.674792927374263,4,11,4,0,1,0,1.4145980990433942,-0.1974814685349295,0.5265890341390445
2025-11-17,-0.1195457675834847,0.0,0,Apple market update,17.62257965394797,0,11,4,1,0,0,1.295666730821899,-1.1964136552604263,0.5265890341390445
2025-11-18,0.0562617922907196,0.0,1,Apple market update,17.63711203662774,1,11,4,0,0,0,1.2951852273068327,-0.0803227552770009,0.5265890341390445
2025-11-19,-0.3059377773018191,0.0,0,Apple market update,17.51494661950463,2,11,4,0,0,0,1.3221494241505725,0.1848259115698901,0.5265890341390445
2025-11-20,0.3410537051415034,0.0,1,Apple market update,17.640309822036894,3,11,4,0,0,0,1.2667765199178924,-0.6044538409045762,0.5265890341390445
2025-11-21,0.6578805118498251,0.0,1,Apple market update,17.893569916496315,4,11,4,0,1,0,1.3926896891078562,1.1405943618319392,0.5265890341390445
2025-11-24,0.2900385531554231,0.0,1,Apple market update,17.9988697823153,0,11,4,1,0,0,1.4991019659376157,0.9309419275809092,0.5265890341390445
2025-11-25,-0.8697811132820474,0.0,1,Apple market update,17.663830980760878,1,11,4,0,0,0,1.5243809004786204,0.1601609193050631,0.5265890341390445
2025-11-26,-0.8795944051378659,0.0,1,Apple market update,17.325006165983595,2,11,4,0,0,0,1.5383445024155582,0.0553347021795479,0.5265890341390445
2025-11-28,-1.303543359463534,0.0,1,Apple market update,16.818000000344707,4,11,4,0,1,0,1.5694014791373647,0.215657151900924,0.5265890341390445
2025-12-01,1.9642530185948237,0.0,1,Apple market update,17.65684713722238,0,12,4,1,0,0,1.671720976089056,0.8631131988526348,0.5265890341390445
2025-12-02,0.3816228229418804,0.0,0,Apple market update,17.79835544655063,1,12,4,0,0,0,1.7458725174093412,0.5979645320057437,0.5265890341390445
2025-12-03,-0.5384407622498084,0.0,0,Apple market update,17.589160778690797,2,12,4,0,0,0,1.696759158872529,-0.5119601199114747,0.5265890341390445
2025-12-04,0.0451671955003192,0.0,0,Apple market update,17.599452456653243,3,12,4,0,0,0,1.6139405542810423,-0.8202725232218131,0.5265890341390445
2025-12-05,0.2047353944693345,0.0,0,Apple market update,17.671297568698975,4,12,4,0,1,0,1.567716216834631,-0.4934613757128544,0.5265890341390445
2025-12-08,-0.5476440273739049,0.0,0,Apple market update,17.458654952570345,0,12,4,1,0,0,1.5462893104141595,-0.2714764453294107,0.5265890341390445
2025-12-09,-0.4374693439940931,0.0,1,Apple market update,17.28726894539233,1,12,4,0,0,0,1.5294366873868226,-0.2344789569321701,0.5265890341390445
2025-12-10,0.0858894568315825,0.0,0,Apple market update,17.31317808277671,2,12,4,0,0,0,1.567716216834631,0.2834858806291984,0.5265890341390445
2025-12-11,0.0347914670267063,0.0,1,Apple market update,17.319505202958087,3,12,4,0,0,0,1.549659835019627,-0.2406452049983769,0.5265890341390445
2025-12-12,0.4607120109387693,0.0,0,Apple market update,17.492643819880936,4,12,4,0,1,0,1.5556786289579616,-0.0186602746149332,0.5265890341390445
2025-12-15,0.6329922924920212,0.0,1,Apple market update,17.735682292136648,0,12,4,1,0,0,1.4555258978240715,-0.9990937171418096,0.5265890341390445
2025-12-16,-0.7569124092668646,0.0,0,Apple market update,17.44380635348527,1,12,4,0,0,0,1.4675634857007411,0.0368359579809276,0.5265890341390445
2025-12-17,0.7384050707040626,0.0,1,Apple market update,17.730303742899704,2,12,4,0,0,0,1.4011160006215242,-0.6969475618976777,0.5265890341390445
2025-12-18,0.094995969845783,0.0,1,Apple market update,17.759627034141154,3,12,4,0,0,0,1.409542312135193,0.0060047176498938,0.5265890341390445
2025-12-19,2.343783039143775,0.0,0,Apple market update,18.789703150258088,4,12,4,0,1,0,1.4449328204926024,0.2588208883643714,0.5265890341390445
2025-12-22,-2.953433399972569,0.0,1,Apple market update,17.41478803693042,0,12,4,1,0,0,1.3801705977161205,-0.6846150657652643,0.5265890341390445
2025-12-23,-0.5407389437117103,0.0,1,Apple market update,17.20470286623491,1,12,4,0,0,0,1.4133943402557283,0.240322144165751,0.5265890341390445
2025-12-24,-1.2958563525168951,0.0,0,Apple market update,16.700903330146133,2,12,4,0,0,0,1.4483033450980696,0.2526546402981646,0.5265890341390445
2025-12-26,0.4869190332530952,0.0,1,Apple market update,16.88457697934716,4,12,4,0,1,0,1.4384325230392,-0.1666502282038956,0.5265890341390445
2025-12-29,0.2691151274360978,-3.469446951953614e-18,0,Apple market update,16.981626792906226,0,12,4,1,0,0,1.4470995863104024,0.0060047176498938,0.5265890341390445
2025-12-30,-0.1633063757922435,-3.469446951953614e-18,0,Apple market update,16.912878463402155,1,12,4,0,0,0,1.4307284667981317,-0.2283127088659633,0.5265890341390445
2025-12-31,0.550305311892255,-3.469446951953614e-18,0,Apple market update,17.122162837075848,2,12,4,0,0,0,1.4015975041365918,-0.3516376701900987,0.5265890341390445
2026-01-02,0.8343764065590145,0.0,0,Apple market update,17.448827115899213,4,1,1,0,1,0,1.381133604746253,-0.265310197263204,0.5265890341390445
2026-01-05,0.4968089951478521,0.0,0,Apple market update,17.636452848777147,0,1,1,1,0,0,1.2908516956712317,-0.9250987403473282,0.5265890341390445
2026-01-06,0.3704628321385537,0.0,0,Apple market update,17.77350262819086,1,1,1,0,0,0,1.1731240862374035,-1.202579903326633,0.5265890341390445
2026-01-07,-0.1942901597139747,0.0,0,Apple market update,17.69314501729213,2,1,1,0,0,0,1.124492231215659,-0.5489576083087153,0.5265890341390445
2026-01-08,0.1297732052548046,0.0,1,Apple market update,17.735884616081737,3,1,1,0,0,0,1.093435254493851,-0.3824689105211326,0.5265890341390445
2026-01-09,-0.5977610818293962,0.0,1,Apple market update,17.504315034267446,4,1,1,0,1,0,1.1013800624924526,0.0060047176498938,0.5265890341390445
2026-01-12,0.3368158394922036,0.0,1,Apple market update,17.628018176083987,0,1,1,1,0,0,1.122566217155391,0.135495927040236,0.5265890341390445
2026-01-13,0.0451671955003192,0.0,0,Apple market update,17.638282611334763,1,1,1,0,0,0,1.1418263577580623,0.1169971828416156,0.5265890341390445
2026-01-14,-0.3360069011158745,0.0,0,Apple market update,17.504874919491606,2,1,1,0,0,0,1.1155844161869235,-0.3331389259914784,0.5265890341390445
2026-01-15,-0.0235110345023812,0.0,0,Apple market update,17.488987017687773,3,1,1,0,0,0,1.07345285861858,-0.4872951276466477,0.5265890341390445
2026-01-16,1.4701746883945546,0.0,0,Apple market update,18.0941580599662,4,1,1,0,1,0,1.0091721393571642,-0.715446306096298,0.5265890341390445
2026-01-21,-0.997566482672222,0.0,1,Apple market update,17.81630790378178,2,1,1,0,0,0,0.8197005061783855,0.1663271673712698,0.5265890341390445
2026-01-22,-0.8286417806687271,0.0,0,Apple market update,17.497070816999475,3,1,1,0,0,0,0.8365531292057226,0.0984984386429953,0.5265890341390445
2026-01-23,0.1450920252461241,0.0,1,Apple market update,17.545747886988917,4,1,1,0,1,0,0.8290898247221881,-0.1481514840052753,0.5265890341390445
2026-01-27,-0.2996038095283768,0.0,0,Apple market update,17.720474728333198,1,1,1,0,0,0,1.0748973691637804,0.616463276204364,0.5265890341390445
2026-01-28,-0.4722352065865467,0.0,1,Apple market update,17.536082483030814,2,1,1,0,0,0,1.0308397975351695,-0.5119601199114747,0.5265890341390445
2026-01-29,1.2088908293886658,0.0,1,Apple market update,18.023972199985895,3,1,1,0,0,0,1.0751381209213136,0.3698133535560932,0.5265890341390445
2026-01-30,0.814190898874098,0.0,1,Apple market update,18.342107134125943,4,1,1,0,1,0,1.1040283318253203,0.2094909038347172,0.5265890341390445
2026-02-03,-0.3479471259757555,0.0,1,Apple market update,17.980541905080486,1,2,1,0,0,0,1.344298585843645,-0.1974814685349295,0.5265890341390445
2026-02-05,-1.3737494461394544,0.0,1,Apple market update,17.78537598435726,3,2,1,0,0,0,1.498861214180081,-0.2036477166011362,0.5265890341390445
2026-02-06,-0.1103362713866465,0.0,0,Apple market update,17.736560715772196,4,2,1,0,1,0,1.551826600837428,0.4191433380857474,0.5265890341390445
2026-02-09,-0.3077503298863114,0.0,0,Apple market update,17.613768965489324,0,2,1,1,0,0,1.4740637831541423,-0.7956075309569861,0.5265890341390445
2026-02-10,-0.6753336632519601,0.0,1,Apple market update,17.352895414240102,1,2,1,0,0,0,1.4514331179460036,-0.2838089414618243,0.5265890341390445
2026-02-11,1.036031838408124,0.0,0,Apple market update,17.765432268462582,2,2,1,0,0,0,1.4952499378170807,0.3389821132250594,0.5265890341390445
2026-02-13,-0.94681273435822,0.0,1,Apple market update,17.84603991072916,4,2,1,0,1,0,1.020728223718767,-1.473894818239731,0.5265890341390445
2026-02-18,-1.3741608822415736,0.0,0,Apple market update,17.34783271784287,2,2,1,0,0,0,1.2270524799248834,0.0368359579809276,0.5265890341390445
2026-02-19,-0.2556994463694211,0.0,1,Apple market update,17.24449497904803,3,2,1,0,0,0,1.136289067334794,-0.955929980678362,0.5265890341390445
2026-02-20,0.7955344158216844,0.0,1,Apple market update,17.55485736421935,4,2,1,0,1,0,1.2325897703481503,0.8754456949850483,0.5265890341390445
2026-02-23,-0.3005077131018295,0.0,1,Apple market update,17.43472372639881,0,2,1,1,0,0,1.2708692997959603,0.295818376761612,0.5265890341390445
2026-02-24,0.6042776840233745,0.0,1,Apple market update,17.665968771004106,1,2,1,0,0,0,1.4143573472858608,1.307083059619522,0.5265890341390445
2026-02-25,-0.8632537735267157,0.0,0,Apple market update,17.3334326673243,2,2,1,0,0,0,1.4646744646103405,0.4006445938871271,0.5265890341390445
2026-02-26,-0.0909253466998562,0.0,0,Apple market update,17.29197313003998,3,2,1,0,0,0,1.4338582396460655,-0.3639701663225123,0.5265890341390445
2026-03-02,-1.4030552579164146,0.0,0,Apple market update,17.549074162862205,0,3,1,1,0,0,1.235960294953619,0.0491684541133412,0.5265890341390445
2026-03-03,-0.1963123616199538,0.0,0,Apple market update,17.467956836130547,1,3,1,0,0,0,1.2126073744728794,-0.3023076856604446,0.5265890341390445
2026-03-04,0.1005407417732322,0.0,0,Apple market update,17.499455381792348,2,3,1,0,0,0,1.182994908296272,-0.3639701663225123,0.5265890341390445
2026-03-05,0.5796494198846684,0.0,0,Apple market update,17.720682166080817,3,3,1,0,0,0,1.1293072663663266,-0.5982875928383695,0.5265890341390445
2026-03-06,-0.4834883456787622,0.0,1,Apple market update,17.53200520343025,4,3,1,0,1,0,1.061174518984377,-0.7462775464273319,0.5265890341390445
2026-03-09,-0.1753074707050509,0.0,1,Apple market update,17.458830275703757,0,3,1,1,0,0,1.119436444307457,0.5054708110126422,0.5265890341390445
2026-03-10,-0.5740940638701978,0.0,0,Apple market update,17.23620990081205,1,3,1,0,0,0,1.1423078612731288,0.1539946712388563,0.5265890341390445
2026-03-11,-0.3915638407359338,0.0,0,Apple market update,17.081991120852358,2,3,1,0,0,0,1.1418263577580623,-0.0803227552770009,0.5265890341390445
2026-03-12,1.1042358036391864,0.0,0,Apple market update,17.52404559425006,3,3,1,0,0,0,1.0202467202037004,-1.2704086320549075,0.5265890341390445
2026-03-13,-0.2453576152744505,0.0,1,Apple market update,17.424534813907,4,3,1,0,1,0,0.8847034807124008,-1.4368973298424903,0.5265890341390445
2026-03-16,-0.356244874027644,0.0,1,Apple market update,17.283562557789377,0,3,1,1,0,0,0.9497064552464168,0.5917982839395369,0.5265890341390445
2026-03-17,0.041800941623321,0.0,0,Apple market update,17.29248312359081,1,3,1,0,0,0,0.9836524530586248,0.2711533844967849,0.5265890341390445
2026-03-18,0.2760376701044604,0.0,0,Apple market update,17.39228180967885,2,3,1,0,0,0,0.8803699490768002,-1.116252430399738,0.5265890341390445
2026-03-19,-0.0482733682227632,0.0,0,Apple market update,17.36696823313343,3,3,1,0,0,0,0.8567762768385275,-0.3146401817928581,0.5265890341390445
2026-03-20,2.1471422736437904,0.0,1,Apple market update,18.296602823264937,4,3,1,0,1,0,0.8334233563577886,-0.3146401817928581,0.5265890341390445
2026-03-23,-1.922819450066835,0.0,1,Apple market update,17.51795018100505,0,3,1,1,0,0,0.9176864714944756,0.7952844701243603,0.5265890341390445
2026-03-24,0.2959758455796225,0.0,1,Apple market update,17.625551799983825,1,3,1,0,0,0,0.9212977478574764,-0.0371590188135535,0.5265890341390445
2026-03-25,-1.1900550212786447,0.0,1,Apple market update,17.16459680212442,2,3,1,0,0,0,0.9448914200957486,0.1663271673712698,0.5265890341390445
2026-03-26,0.969107024880737,0.0,0,Apple market update,17.54832797093539,3,3,1,0,0,0,0.9513917175491504,-0.0063277784825196,0.5265890341390445
2026-03-27,0.3684867340554651,0.0,0,Apple market update,17.68462608325797,4,3,1,0,1,0,0.8529242487179933,-1.0730886939362907,0.5265890341390445
2026-03-30,-0.4983446724801296,0.0,1,Apple market update,17.490448301506298,0,3,1,1,0,0,0.8006811173332478,-0.610620088970783,0.5265890341390445
2026-04-01,-0.5499492360466994,0.0,1,Apple market update,17.505873935519013,2,4,2,0,0,0,1.0171169473557655,0.3759796016223,0.5265890341390445
2026-04-02,-0.6388523274254079,0.0,1,Apple market update,17.258789971965502,3,4,2,0,0,0,1.0240987483242348,-0.0063277784825196,0.5265890341390445
2026-04-06,-0.1525009806848999,0.0,0,Apple market update,17.19411806556437,0,4,2,1,0,0,1.0948797650390516,0.6349620204029843,0.5265890341390445
2026-04-07,1.782305379327702,3.469446951953614e-18,1,Apple market update,17.945029211284652,1,4,2,0,0,0,0.9660775747586876,-1.3505698569155953,0.5265890341390445
2026-04-08,-1.0753630777608807,0.0,1,Apple market update,17.529882329209894,2,4,2,0,0,0,1.0958427720691857,1.2392543308912476,0.5265890341390445
2026-04-09,-0.9803233555264528,0.0,0,Apple market update,17.152048557852172,3,4,2,0,0,0,1.134122301516994,0.3019846248278188,0.5265890341390445
2026-04-13,0.3946703950339399,0.0,0,Apple market update,17.405527808801118,0,4,2,1,0,0,1.1030653247951865,-0.3763026624549258,0.5265890341390445
2026-04-14,0.7439998570322014,0.0,1,Apple market update,17.694404837148152,1,4,2,0,0,0,1.0941575097664509,-0.1604839801376889,0.5265890341390445
2026-04-16,-0.3577843185653775,0.0,1,Apple market update,17.584196561099258,3,4,2,0,0,0,1.2041810629592116,-0.7771087867583658,0.5265890341390445
2026-04-20,-1.3307585634514247,0.0,0,Apple market update,17.415291030284482,0,4,2,1,0,0,1.4362657572214002,0.5671332916747098,0.5265890341390445
2026-04-23,-0.6688254368960207,0.0,0,Apple market update,17.324054511767788,3,4,2,0,0,0,1.445414324007669,-0.0124940265487264,0.5265890341390445
2026-04-24,0.360562148857123,0.0,0,Apple market update,17.457222432056845,4,4,2,0,1,0,1.3883561574722552,-0.610620088970783,0.5265890341390445
2026-04-27,0.2336609925187507,0.0,1,Apple market update,17.540403689145837,0,4,2,1,0,0,1.3052968011232355,-0.8572700116190537,0.5265890341390445
2026-04-28,-0.0752439884146958,0.0,0,Apple market update,17.50486242547343,1,4,2,0,0,0,1.3799298459585858,0.641128268469191,0.5265890341390445
2026-04-29,-0.7432349735602743,0.0,1,Apple market update,17.218303366256265,2,4,2,0,0,0,1.3669292510517836,-0.1974814685349295,0.5265890341390445
2026-04-30,2.509886118015959,0.0,1,Apple market update,18.335647783151614,3,4,2,0,0,0,1.395337958440724,0.1971584077023037,0.5265890341390445
2026-05-04,-1.37827731951908,0.0,1,Apple market update,17.658577855500607,0,5,2,1,0,0,1.5272699215690213,-0.8017737790231928,0.5265890341390445
2026-05-06,0.4481054278286157,0.0,0,Apple market update,17.88173168780845,2,5,2,0,0,0,1.78415204685715,0.6472945165353979,0.5265890341390445
2026-05-07,-0.6589170096367923,0.0,1,Apple market update,17.627145133073117,3,5,2,0,0,0,1.7824667845544162,-0.0864890033432077,0.5265890341390445
2026-05-08,0.4099971143555044,0.0,0,Apple market update,17.779989400764936,4,5,2,0,1,0,1.9237880662265168,1.1899243463615934,0.5265890341390445
2026-05-11,-0.5694487188455786,0.0,1,Apple market update,17.559051028070133,0,5,2,1,0,0,1.9148802511977812,-0.1543177320714821,0.5265890341390445
2026-05-12,0.2246967647457675,0.0,1,Apple market update,17.638660840627594,1,5,2,0,0,0,1.96591962379486,0.3698133535560932,0.5265890341390445
2026-05-13,0.3807498492619443,0.0,0,Apple market update,17.779828075394295,2,5,2,0,0,0,2.0639055891109503,0.77678572592574,0.5265890341390445
2026-05-14,-1.0360803930645457,0.0,1,Apple market update,17.380098683983167,3,5,2,0,0,0,2.048015973113746,-0.209813964667343,0.5265890341390445
2026-05-15,1.100095211262491,0.0,0,Apple market update,17.820346099406958,4,5,2,0,1,0,2.0966478281354917,0.3451483612912661,0.5265890341390445
2026-05-18,-1.198738403731144,0.0,1,Apple market update,17.355977035935233,0,5,2,1,0,0,2.03910815808501,-0.5674563525073356,0.5265890341390445
2026-05-19,0.5348569725873876,0.0,1,Apple market update,17.558963444675594,1,5,2,0,0,0,2.0663131066862848,0.1601609193050631,0.5265890341390445
2026-05-20,-0.2462423789441104,0.0,1,Apple market update,17.459125900322924,2,5,2,0,0,0,2.145279683157236,0.6041307800719504,0.5265890341390445
2026-05-21,0.3193210025138456,0.0,1,Apple market update,17.57589873947731,3,5,2,0,0,0,2.2112456647213854,0.4869720668140219,0.5265890341390445
2026-05-22,0.0608879340760541,0.0,0,Apple market update,17.592176528153235,4,5,2,0,1,0,2.3034535878566738,0.7027907491312588,0.5265890341390445
2026-05-26,0.2628638876087643,0.0,1,Apple market update,17.686722006317694,1,5,2,0,0,0,2.2916567517375377,-0.1728164762701024,0.5265890341390445
2026-05-27,0.1468141902820452,0.0,1,Apple market update,17.736114660242702,2,5,2,0,0,0,2.352326194635953,0.4314758342181609,0.5265890341390445
2026-05-28,-0.0997779507971444,0.0,0,Apple market update,17.691292746734153,3,5,2,0,0,0,2.392290986386495,0.2526546402981646,0.5265890341390445
2026-05-29,0.9440808842277816,0.0,0,Apple market update,18.06438859816564,4,5,2,0,1,0,2.381457157297493,-0.1604839801376889,0.5265890341390445
2026-06-01,-0.934600333652665,0.0,1,Apple market update,17.704262909838935,0,6,2,1,0,0,2.243024896715793,-1.2087461513928397,0.5265890341390445
2026-06-03,0.3585759360569646,0.0,1,Apple market update,17.744129112329578,2,6,2,0,0,0,2.3381218409414823,-1.042257453605257,0.5265890341390445
2026-06-04,-0.3131955840357607,0.0,0,Apple market update,17.61925994209288,3,6,2,0,0,0,2.3614747614222216,0.1169971828416156,0.5265890341390445
2026-06-05,0.9495649516193544,0.0,0,Apple market update,17.994663392956443,4,6,2,0,1,0,2.267822327741732,-0.8449375154866403,0.5265890341390445
2026-06-08,0.4701128777476689,3.469446951953614e-18,0,Apple market update,18.171566620367557,0,6,2,1,0,0,2.1281863083723658,-1.2395773917238735,0.5265890341390445
2026-06-10,-0.7355439051545737,0.0,1,Apple market update,17.781894865627176,2,6,2,0,0,0,1.8883975578691077,0.1416621751064427,0.5265890341390445
2026-06-11,-0.5542350010477667,0.0,0,Apple market update,17.566719086372238,3,6,2,0,0,0,1.9859020196701311,0.7829519739919467,0.5265890341390445
2026-06-12,-0.231537387605915,0.0,1,Apple market update,17.47243744782309,4,6,2,0,1,0,1.8775637287801057,-1.0114262132742229,0.5265890341390445
2026-06-15,0.4426167702137142,0.0,1,Apple market update,17.638321971340204,0,6,2,1,0,0,2.0049214085152696,1.0481006408388378,0.5265890341390445
2026-06-16,-0.3458000580071382,0.0,0,Apple market update,17.501245097012877,1,6,2,0,0,0,2.0728134041396857,0.5116370590788489,0.5265890341390445
2026-06-17,0.1987553592810426,0.0,1,Apple market update,17.570765150289137,2,6,2,0,0,0,1.9936060759112,-0.7524437944935387,0.5265890341390445
2026-06-18,1.6719008681936534,0.0,0,Apple market update,18.26941823434331,3,6,2,0,0,0,2.0432009379630784,0.3574808574236797,0.5265890341390445
2026-06-22,-1.64046607226118,0.0,0,Apple market update,17.61950061329393,0,6,2,1,0,0,2.019125762209739,-0.2838089414618243,0.5265890341390445
2026-06-23,0.3966199614432241,0.0,0,Apple market update,17.76696388919082,1,6,2,0,0,0,1.9538820359181908,-0.6352850812356101,0.5265890341390445
2026-06-24,0.0716410271632076,0.0,0,Apple market update,17.78734658065284,2,6,2,0,0,0,1.9245103214991164,-0.3269726779252717,0.5265890341390445
2026-06-29,-2.9485661914707957,0.0,1,Apple market update,18.01161417335665,0,6,2,1,0,0,1.6514978284562516,-0.5181263679776814,0.5265890341390445
2026-07-01,-0.6746479715017413,0.0,1,Apple market update,17.730812202775557,2,7,3,0,0,0,1.9558080499784576,0.9926044082429768,0.5265890341390445
2026-07-06,-0.8846933102393328,0.0,0,Apple market update,17.79687306013123,0,7,3,1,0,0,2.395902262749497,0.7336219894622926,0.5265890341390445
2026-07-07,-0.5990998315871965,0.0,1,Apple market update,17.564779335625943,1,7,3,0,0,0,2.3477519112428187,-0.4687963834480274,0.5265890341390445
2026-07-08,-0.0550523765838358,0.0,1,Apple market update,17.536941927571238,2,7,3,0,0,0,2.4134771410494333,0.4684733226154015,0.5265890341390445
2026-07-09,0.4089217406613987,0.0,0,Apple market update,17.689301981687297,3,7,3,0,0,0,2.481609888431384,0.480805818747815,0.5265890341390445
2026-07-10,-0.8934510318572251,0.0,0,"The Cutthroat Smartphone Industry And DRAM Crisis Force A Player Out Of The U . S . Market , Giving Apple & Samsung Additional Room To Reap Profits | 美股半导体大跌 ！ 闪迪跌超10 % 存储板块领跌 _ 新闻频道 _ 中华网 | 还在找OKX Wallet Ondo代币化股票 开户教程怎么买 ？ 这份交易入口和避坑要点先收藏 『 欧易开户邀请码 _ EA888 』 - 链上小能手 | Stocks Down , US - Iran War Action Up : Stock Market Today | OKX App xStocks 行情到底值不值得做 ？ 费用 、 流动性和风险一次看懂 _ 美股代币化保姆级教程 - 链上小能手 | Here Why Oracle Stock Slumped Today | The Motley Fool |  [ 미국 특징주 ] 애플 , AI 투자 회의론 속 투자자 귀환 힘입어 시총 6000억달러 급증 | RSP Equal - Weight Trap : How a $10 , 000 Investment Lost $27 , 800 to Fees and Rebalancing Drag Over a Decade | Meta加码AI基建 ： 追加400亿美元 ！ 股价应声下跌 | Netflix Earnings Preview Q2 2026 : Ad Growth or Engagement Story ?  | Apple ( NASDAQ : AAPL ) Surges $600 Billion In Market Value As Investors Flee AI Spending Fears | 全球市场 ： 美股三大指数集体收跌 存储概念股普跌 国际油价大涨超9 % _ 东方财富网 | States sue to stop Paramount - Warner Bros blockbuster merger | States sue to stop Paramount - Warner Bros blockbuster merger |  [ 사설 ] 물가 흔든 반도체발 칩플레이션 , 부작용 최소화해야 | States sue to stop Paramount - Warner Bros blockbuster merger | Elon Musk et Sam Altman saffrontent publiquement sur X ( ex - Twitter ) après quApple a intenté une action en justice contre OpenAI , Elon Musk affuble son ancien partenaire du surnom « Scam Altman »  | ارتفاع القيمة السوقية لـ  أبل  بمقدار 650 مليار دولار منذ 25 يونيو | Morgan Stanley Warns of  Chipflation  as Hyperscalers Invest More in Compute Capacity : 2 No - Brainer Artificial Intelligence ( AI ) Chip Stocks to Buy Right Now | Apple  ın Broadcom ile çip anlaşmasının değerinin 30 milyar doları aşm | States sue to stop Paramount - Warner Bros blockbuster merger | FinancialContent - Marvell Technology , Vishay Intertechnology , and Allegro MicroSystems Stocks Trade Down , What You Need To Know | States sue to stop Paramount - Warner Bros blockbuster merger | States sue to stop Paramount - Warner Bros blockbuster merger | Wall Street closes lower as chip selloff and oil surge weigh on markets | OnePlus is ending its US operations pretty soon , says report | States sue to stop Paramount - Warner Bros blockbuster merger | States sue to stop Paramount - Warner Bros blockbuster merger | States sue to stop Paramount - Warner Bros blockbuster merger | Technology Stocks To Watch Now – July 13th | States sue to stop Paramount - Warner Bros blockbuster merger | States sue to stop Paramount - Warner Bros blockbuster merger | States sue to stop Paramount - Warner Bros blockbuster merger | AI Wants Power . Now Comes the Accounting .  | AI Chipmaker Syntiant Eyes $300M IPO - Orange County Business Journal | States sue to stop Paramount - Warner Bros blockbuster merger | 今夜 ， 存储芯片集体大跌 ！ 美联储 ， 加息突变 | States sue to stop Paramount - Warner Bros blockbuster merger | Investors Grapple with an Extraordinary Memory Chip Boom | States sue to stop Paramount - Warner Bros blockbuster merger | States sue to stop Paramount - Warner Bros blockbuster merger | States sue to stop Paramount - Warner Bros blockbuster merger | Bitget Onchain Synthetic Stocks Crypto _ Compare Fees , Liquidity , Dividends , and Platform Access ( Bitget Invitation Code _ FN1688 ) ation Code _ FN1688 ) - 303e5e0b 的部落格",17.345077729904705,4,7,3,0,1,0,2.459942230253378,-0.2468114530645836,0.5265890341390445
2023-01-04,-0.1293545230692566,0.0,0,Infosys market update,16.16119354964281,2,1,1,0,0,1,-0.2120088413561247,-0.3737138467043477,0.5265890341390445
2023-01-05,-1.252819630092155,0.0,1,Infosys market update,15.674975559302291,3,1,1,0,0,1,-0.3557413786500657,-1.257938483661746,0.5265890341390445
2023-01-06,0.838489697495906,0.0,1,Infosys market update,16.003313221477118,4,1,1,0,1,1,-0.3130100837788935,0.4226375344063527,0.5265890341390445
2023-01-09,0.501939808499695,0.0,0,Infosys market update,16.193026948372477,0,1,1,1,0,1,-0.2469708098870833,0.6038761245901673,0.5265890341390445
2023-01-10,-0.311984542664752,0.0,1,Infosys market update,16.068653379212954,1,1,1,0,0,1,-0.3052407574386806,-0.500031651983976,0.5265890341390445
2023-01-11,-0.1198254302942048,0.0,1,Infosys market update,16.016306638771276,2,1,1,0,0,1,-0.2042395150159104,0.9114325200536102,0.5265890341390445
2023-01-12,0.487125596950503,0.0,1,Infosys market update,16.20000747228856,3,1,1,0,0,1,-0.1071229357632473,0.8674958921302613,0.5265890341390445
2023-01-13,-0.0970077213780533,0.0,1,Infosys market update,16.156229331197654,4,1,1,0,1,1,-0.0643916408920758,0.3732088279925851,0.5265890341390445
2023-01-17,-0.9003992322684302,0.0,1,Infosys market update,15.809407963911209,1,1,1,0,0,1,-0.0100063565105843,0.461082083839283,0.5265890341390445
2023-01-18,-0.3732273454736045,0.0,1,Infosys market update,15.66212130942751,2,1,1,0,0,1,0.01718628568016,0.2523831012033753,0.5265890341390445
2023-01-19,-0.835105828287521,0.0,0,Infosys market update,15.340392476486986,3,1,1,0,0,1,0.0366096015306929,0.1919702378087705,0.5265890341390445
2023-01-20,0.74111433398962,0.0,1,Infosys market update,15.628085376806228,4,1,1,0,1,1,0.0249556120203743,-0.0716495297313234,0.5265890341390445
2023-01-23,-0.907360698468682,0.0,0,Infosys market update,15.278557836712244,0,1,1,1,0,1,0.1220721912730374,0.8070830287356563,0.5265890341390445
2023-01-24,1.212227729467478,0.0,0,Infosys market update,15.767942394509742,1,1,1,0,0,1,0.0676869068915458,-0.4176504746276968,0.5265890341390445
2023-01-25,0.4211456059960796,0.0,1,Infosys market update,15.925166148329856,2,1,1,0,0,1,-0.0294296723611171,-0.7966038904665818,0.5265890341390445
2023-01-26,-0.7198669645388752,0.0,0,Infosys market update,15.647371922503371,3,1,1,0,0,1,0.0832255595719716,0.960861226467378,0.5265890341390445
2023-01-27,-0.3627164750964306,0.0,1,Infosys market update,15.50396314213169,4,1,1,0,1,1,-0.0138910196806914,-0.7966038904665818,0.5265890341390445
2023-01-30,1.2176366221402333,0.0,1,Infosys market update,15.995736021152965,0,1,1,1,0,1,-0.0061216933404785,0.1040969819620725,0.5265890341390445
2023-01-31,-0.2545153535625425,0.0,1,Infosys market update,15.892837490433156,1,1,1,0,0,1,0.0327249383605872,0.3402563570500733,0.5265890341390445
2023-02-01,-0.0272605254878651,0.0,1,Infosys market update,15.87547629643512,2,2,1,0,0,1,0.1104182017627174,0.6587969094943535,0.5265890341390445
2023-02-02,0.7309794949434074,0.0,0,Infosys market update,16.158940141225543,3,2,1,0,0,1,0.2813433812474049,1.4331799766433797,0.5265890341390445
2023-02-03,-1.6222149214262995,0.0,0,Infosys market update,15.517017220623272,4,2,1,0,1,1,0.1997654546751676,-0.631841535754023,0.5265890341390445
2023-02-06,0.8879737655782554,0.0,1,Infosys market update,15.866295519028204,0,2,1,1,0,1,0.0404942647008001,-1.2963830330946764,0.5265890341390445
2023-02-07,-0.4207175461059295,0.0,1,Infosys market update,15.701155101106371,1,2,1,0,0,1,0.1143028649328231,0.6313365170422603,0.5265890341390445
2023-02-08,-0.3500959230702499,0.0,1,Infosys market update,15.56249944865357,2,2,1,0,0,1,0.1609188229741018,0.3896850634638409,0.5265890341390445
2023-02-09,-0.4980209053284435,0.0,0,Infosys market update,15.3683994943429,3,2,1,0,0,1,0.2230734336958062,0.5324791042147252,0.5265890341390445
2023-02-10,2.1081393756610303,0.0,0,Infosys market update,16.278461348916043,4,2,1,0,1,1,0.1609188229741018,-0.4945395734935574,0.5265890341390445
2023-02-13,-1.8366389985134717,0.0,1,Infosys market update,15.540061455751983,0,2,1,1,0,1,0.1104182017627174,-0.384698003685185,0.5265890341390445
2023-02-14,0.2870631387209977,0.0,1,Infosys market update,15.64416447900426,1,2,1,0,0,1,0.145380170293676,0.3073038861075616,0.5265890341390445
2023-02-15,0.8238800529628936,0.0,0,Infosys market update,15.96642367992598,2,2,1,0,0,1,0.1842268019947418,0.3347642785596547,0.5265890341390445
2023-02-16,-0.7066859272831437,0.0,0,Infosys market update,15.693753639938908,3,2,1,0,0,1,0.145380170293676,-0.296824747838487,0.5265890341390445
2023-02-17,-0.3497888461797853,0.0,0,Infosys market update,15.555134448358244,4,2,1,0,1,1,0.1298415176132503,-0.0991099221834165,0.5265890341390445
2023-02-21,1.6482294936413686,0.0,0,Infosys market update,16.24265575918225,1,2,1,0,0,1,0.02884027519048,-0.8185722044282562,0.5265890341390445
2023-02-22,-0.9394064903334974,0.0,1,Infosys market update,15.88072651917104,2,2,1,0,0,1,-0.0294296723611171,-0.4780633380223015,0.5265890341390445
2023-02-23,-0.1380776500417458,0.0,0,Infosys market update,15.82152095608254,3,2,1,0,0,1,-0.0022370301703714,0.2523831012033753,0.5265890341390445
2023-02-24,1.1543294678638032,0.0,0,Infosys market update,16.285447468217814,4,2,1,0,1,1,-0.1304309147838873,-1.0712078149875128,0.5265890341390445
2023-02-27,-1.6044633330926714,0.0,0,Infosys market update,15.651303020932314,0,2,1,1,0,1,-0.1887008623354846,-0.4945395734935574,0.5265890341390445
2023-02-28,0.6253266062763244,-3.469446951953614e-18,1,Infosys market update,15.891170081822304,1,2,1,0,0,1,-0.2663941257376148,-0.6483177712252789,0.5265890341390445
2023-03-01,-1.5687235899384606,0.0,1,Infosys market update,15.272659622951728,2,3,1,0,0,1,-0.239201483546869,0.2633672581842126,0.5265890341390445
2023-03-02,0.9543900431076796,0.0,1,Infosys market update,15.650170021175429,3,3,1,0,0,1,-0.2120088413561247,0.2304147872417008,0.5265890341390445
2023-03-03,0.2183025927882766,0.0,1,Infosys market update,15.727302530897305,4,3,1,0,1,1,-0.1809315359952717,0.2908276506363057,0.5265890341390445
2023-03-06,0.2446921997409217,-3.469446951953614e-18,0,Infosys market update,15.814785561387216,0,3,1,1,0,1,-0.153738893804526,0.257875179693794,0.5265890341390445
2023-03-07,-0.7947221916322484,0.0,0,Infosys market update,15.508480652000792,1,3,1,0,0,1,-0.1692775464849517,-0.1046020006738351,0.5265890341390445
2023-03-08,-0.3467200182844964,0.0,0,Infosys market update,15.37108366197457,2,3,1,0,0,1,-0.1887008623354846,-0.16501486406844,0.5265890341390445
2023-03-09,0.8934638355008139,0.0,0,Infosys market update,15.722665177080389,3,3,1,0,0,1,-0.3440873891397457,-1.3128592685659322,0.5265890341390445
2023-03-10,0.0301049060334093,0.0,0,Infosys market update,15.72711035258362,4,3,1,0,1,1,-0.3557413786500657,-0.1100940791642537,0.5265890341390445
2023-03-13,1.6273698754350436,0.0,1,Infosys market update,16.404889904415423,0,3,1,1,0,1,-0.4994739159440067,-1.257938483661746,0.5265890341390445
2023-03-14,-1.498031314944725,0.0,0,Infosys market update,15.816666316424534,1,3,1,0,0,1,-0.4800506000934739,0.2084464732800264,0.5265890341390445
2023-03-15,1.6789783764706117,0.0,1,Infosys market update,16.518601884144555,2,3,1,0,0,1,-0.6198984742173091,-1.252446405171327,0.5265890341390445
2023-03-16,-1.7553982408619853,0.0,0,Infosys market update,15.817369000069744,3,3,1,0,0,1,-0.5266665581347525,0.8620038136398427,0.5265890341390445
2023-03-17,1.7722835887793755,0.0,1,Infosys market update,16.563492821714814,4,3,1,0,1,1,-0.6315524637276285,-0.9448900097078846,0.5265890341390445
2023-03-20,-1.2568235469902218,0.0,0,Infosys market update,16.075522227748532,0,3,1,1,0,1,-0.6198984742173091,0.1480336098854215,0.5265890341390445
2023-03-21,0.8084571910332428,0.0,0,Infosys market update,16.39127818634169,1,3,1,0,0,1,-0.6315524637276285,-0.1155861576546723,0.5265890341390445
2023-03-22,-1.141450433465546,0.0,1,Infosys market update,15.949819119411334,2,3,1,0,0,1,-0.7325537061503979,-0.9284137742366286,0.5265890341390445
2023-03-23,1.277656626039317,0.0,0,Infosys market update,16.468224284486766,3,3,1,0,0,1,-0.6160138110472028,1.1420998166511924,0.5265890341390445
2023-03-24,-2.0155220085728365,0.0,1,Infosys market update,15.644887051277268,4,3,1,0,1,1,-0.6626297690884807,-0.4396187885893712,0.5265890341390445
2023-03-27,1.5765644460937815,0.0,0,Infosys market update,16.299049689792344,0,3,1,1,0,1,-0.588821168856457,0.7356860083602142,0.5265890341390445
2023-03-28,-0.5611709700794121,0.0,1,Infosys market update,16.081245030914115,1,3,1,0,0,1,-0.6742837585988,-0.7911118119761631,0.5265890341390445
2023-03-29,-0.5282842054800286,0.0,1,Infosys market update,15.875858598358638,2,3,1,0,0,1,-0.6082444847069891,0.636828595532679,0.5265890341390445
2023-03-30,-0.5704435571314762,-3.469446951953614e-18,1,Infosys market update,15.654583069207757,3,3,1,0,0,1,-0.5460898739852847,0.5983840460997486,0.5265890341390445
2023-03-31,0.7402116860518491,0.0,0,Infosys market update,15.941883513597654,4,3,1,0,1,1,-0.4412039683924088,0.977337461938634,0.5265890341390445
2023-04-03,0.0376501226585174,0.0,0,Infosys market update,15.949250991445115,0,4,2,1,0,1,-0.4489732947326216,-0.0441891372792303,0.5265890341390445
2023-04-04,-0.289081628821706,-3.469446951953614e-18,0,Infosys market update,15.833382633165003,1,4,2,0,0,1,-0.4645119474130481,-0.1430465501067655,0.5265890341390445
2023-04-05,-0.7844334465360978,0.0,0,Infosys market update,15.531054887802314,2,4,2,0,0,1,-0.4800506000934739,-0.1100940791642537,0.5265890341390445
2023-04-06,0.5418945248921277,0.0,1,Infosys market update,15.736952501390949,3,4,2,0,0,1,-0.5072432422842197,-0.2364118844438821,0.5265890341390445
2023-04-10,0.7665675597126623,0.0,1,Infosys market update,16.0351705682301,0,4,2,1,0,1,-0.4567426210728352,0.461082083839283,0.5265890341390445
2023-04-11,0.6272459607912979,0.0,0,Infosys market update,16.275817176292804,1,4,2,0,0,1,-0.4373193052223023,0.2084464732800264,0.5265890341390445
2023-04-12,0.9380939578904508,3.469446951953614e-18,0,Infosys market update,16.646321076369222,2,4,2,0,0,1,-0.569397853005924,-1.1810493847958854,0.5265890341390445
2023-04-14,-1.1379450112489469,0.0,1,Infosys market update,17.074706529848335,4,4,2,0,1,1,-1.2297905919240333,-0.7691434980144887,0.5265890341390445
2023-04-17,-1.0768965606246776,0.0,0,Infosys market update,16.65884899919694,0,4,2,1,0,1,-1.2259059287539262,0.0546682755483049,0.5265890341390445
2023-04-18,0.5029643184107861,0.0,0,Infosys market update,16.848943206851164,1,4,2,0,0,1,-1.303599192156057,-0.8130801259378376,0.5265890341390445
2023-04-19,-0.2023892016676314,0.0,1,Infosys market update,16.76558107128634,2,4,2,0,0,1,-1.3540998133674416,-0.500031651983976,0.5265890341390445
2023-04-20,-0.3071460050425386,0.0,1,Infosys market update,16.64290707586562,3,4,2,0,0,1,-1.3424458238571222,0.126065295923747,0.5265890341390445
2023-04-21,-2.15893032190717,0.0,0,Infosys market update,15.748248765203208,4,4,2,0,1,1,-1.3346764975169092,0.0876207464908166,0.5265890341390445
2023-04-24,1.3065757677109795,0.0,0,Infosys market update,16.27952557270234,0,4,2,1,0,1,-1.3540998133674416,-0.1705069425588586,0.5265890341390445
2023-04-25,0.5861307888580346,-3.469446951953614e-18,1,Infosys market update,16.50337172512487,1,4,2,0,0,1,-1.3657538028777614,-0.0936178436929979,0.5265890341390445
2023-04-26,-0.7091100753532067,0.0,1,Infosys market update,16.229780217585468,2,4,2,0,0,1,-1.3424458238571222,0.2413989442225381,0.5265890341390445
2023-04-28,0.0319287520091784,0.0,0,Infosys market update,16.272266416298148,4,4,2,0,1,1,-1.101596707310518,0.840035499678168,0.5265890341390445
2023-05-01,-1.079197899179256,-3.469446951953614e-18,1,Infosys market update,15.855613509543614,0,5,2,1,0,1,-1.1210200231610503,-0.1595227855780213,0.5265890341390445
2023-05-02,0.7825203000271127,0.0,0,Infosys market update,16.160513267795935,1,5,2,0,0,1,-1.101596707310518,0.1919702378087705,0.5265890341390445
2023-05-03,-0.2660841528417018,0.0,0,Infosys market update,16.053269195038173,2,5,2,0,0,1,-1.1598666548621153,-0.5494603583977437,0.5265890341390445
2023-05-04,0.7061335735575514,0.0,0,Infosys market update,16.326434227481048,3,5,2,0,0,1,-1.187059297052861,-0.2693643553863938,0.5265890341390445
2023-05-05,-0.2169197017128571,-3.469446951953614e-18,1,Infosys market update,16.237548491713873,4,5,2,0,1,1,-1.2025979497332877,-0.16501486406844,0.5265890341390445
2023-05-08,0.2056905239809314,0.0,1,Infosys market update,16.309756873639685,0,5,2,1,0,1,-1.198713286563181,0.0546682755483049,0.5265890341390445
2023-05-09,0.1240603472734597,-3.469446951953614e-18,1,Infosys market update,16.35030208995952,1,5,2,0,0,1,-1.198713286563181,0.0546682755483049,0.5265890341390445
2023-05-10,0.5489060994013899,0.0,0,Infosys market update,16.559030922050145,2,5,2,0,0,1,-1.187059297052861,0.126065295923747,0.5265890341390445
2023-05-11,0.0876634126142172,0.0,1,Infosys market update,16.585596212642578,3,5,2,0,0,1,-1.2802912131354178,-0.9503820881983032,0.5265890341390445
2023-05-12,-0.9998213514458808,0.0,1,Infosys market update,16.200127241031844,4,5,2,0,1,1,-1.264752560454992,0.1974623162991891,0.5265890341390445
2023-05-15,-0.5035298063186965,0.0,0,Infosys market update,16.003941136748477,0,5,2,1,0,1,-1.1715206443724353,0.960861226467378,0.5265890341390445
2023-05-16,0.9904871743588692,0.0,1,Infosys market update,16.396832912602168,1,5,2,0,0,1,-1.253098570944672,-0.807588047447419,0.5265890341390445
2023-05-17,-1.3762186289840117,0.0,0,Infosys market update,15.859830105255236,2,5,2,0,0,1,-1.2259059287539262,0.3073038861075616,0.5265890341390445
2023-05-18,0.5144013948639936,-3.469446951953614e-18,1,Infosys market update,16.0545913681452,3,5,2,0,0,1,-1.2375599182642465,-0.1265703146355096,0.5265890341390445
2023-05-19,-0.6226212455472874,0.0,1,Infosys market update,15.813633714056056,4,5,2,0,1,1,-1.2025979497332877,0.3787009064830037,0.5265890341390445
2023-05-23,-0.9694928541701728,0.0,1,Infosys market update,15.77754725808832,1,5,2,0,0,1,-1.1054813704806246,-0.4066663176468594,0.5265890341390445
2023-05-24,-0.056954341283473,0.0,1,Infosys market update,15.748943330159276,2,5,2,0,0,1,-1.097712044140411,0.1205732174333284,0.5265890341390445
2023-05-25,0.7633604096112145,0.0,1,Infosys market update,16.045890590196663,3,5,2,0,0,1,-1.0627500756094523,0.3677167495021665,0.5265890341390445
2023-05-26,-0.9979422017102068,0.0,1,Infosys market update,15.661095271820198,4,5,2,0,1,1,-0.9889414753774284,0.7521622438314701,0.5265890341390445
2023-05-30,0.116084719073815,-3.469446951953614e-18,1,Infosys market update,15.698557125244744,1,5,2,0,0,1,-0.9772874858671092,0.1205732174333284,0.5265890341390445
2023-05-31,0.8155781980944093,0.0,1,Infosys market update,16.01728045632673,2,5,2,0,0,1,-0.9578641700165764,0.2249227087512822,0.5265890341390445
2023-06-01,-0.3077503298863114,0.0,0,Infosys market update,15.894439593335186,3,6,2,0,0,1,-0.926786864655724,0.3073038861075616,0.5265890341390445
2023-06-02,-0.122063975677751,0.0,0,Infosys market update,15.841221759123142,4,6,2,0,1,1,-0.9384408541660442,-0.0881257652025792,0.5265890341390445
2023-06-05,1.4966179665611696,0.0,1,Infosys market update,16.45852440736517,0,6,2,1,0,1,-1.0782887282898788,-1.373272131960537,0.5265890341390445
2023-06-06,-0.2968939962310054,0.0,0,Infosys market update,16.339710113812405,1,6,2,0,0,1,-0.992826138547535,0.8729879706206799,0.5265890341390445
2023-06-08,0.8509444504395436,0.0,1,Infosys market update,16.144815573021095,3,6,2,0,0,1,-1.0666347387795594,-0.6867623206582093,0.5265890341390445
2023-06-09,-0.5243618754414633,0.0,1,Infosys market update,15.94089308972151,4,6,2,0,1,1,-1.0627500756094523,0.0491761970578863,0.5265890341390445
2023-06-12,0.3341345310026927,0.0,1,Infosys market update,16.063512846798027,0,6,2,1,0,1,-0.934556190995937,1.295878014382914,0.5265890341390445
2023-06-13,-1.2440242146403184,0.0,0,Infosys market update,15.58084066148565,1,6,2,0,0,1,-0.9190175383155113,0.1535256883758401,0.5265890341390445
2023-06-14,2.2497294284863125,0.0,1,Infosys market update,16.562518681282995,2,6,2,0,0,1,-1.0239034439083872,-0.9888266376312336,0.5265890341390445
2023-06-15,-1.2676528642401057,0.0,1,Infosys market update,16.07024914640207,3,6,2,0,0,1,-1.0005954648877478,0.2304147872417008,0.5265890341390445
2023-06-16,1.5658753161747134,0.0,0,Infosys market update,16.719445529328027,4,6,2,0,1,1,-0.926786864655724,0.7521622438314701,0.5265890341390445
2023-06-20,-2.115960013074972,0.0,0,Infosys market update,15.846549491615097,1,6,2,0,0,1,-0.992826138547535,-0.6428256927348603,0.5265890341390445
2023-06-21,1.6303039901032883,0.0,1,Infosys market update,16.525691886600182,2,6,2,0,0,1,-1.0821733914599851,-0.8625088323516051,0.5265890341390445
2023-06-22,-0.6453001064232332,0.0,0,Infosys market update,16.276201441869105,3,6,2,0,0,1,-1.0549807492692391,0.301811807617143,0.5265890341390445
2023-06-23,-0.8376228262908841,0.0,1,Infosys market update,15.953539471204166,4,6,2,0,1,1,-1.148212665351796,-0.9448900097078846,0.5265890341390445
2023-06-26,0.0264522594542548,0.0,1,Infosys market update,15.956646854546182,0,6,2,1,0,1,-1.04332675975892,1.0981631887278434,0.5265890341390445
2023-06-27,-0.1735892787911511,0.0,1,Infosys market update,15.884093482673965,1,6,2,0,0,1,-1.0005954648877478,0.4391137698776086,0.5265890341390445
2023-06-28,-0.116192509198255,0.0,1,Infosys market update,15.833116721720724,2,6,2,0,0,1,-0.95397950684647,0.4720662408201203,0.5265890341390445
2023-06-29,0.1765919435287503,0.0,1,Infosys market update,15.894064330693842,3,6,2,0,0,1,-0.9034788856350848,0.5379711827051438,0.5265890341390445
2023-06-30,1.1637797313353937,0.0,1,Infosys market update,16.36213151016091,4,6,2,0,1,1,-0.841324274913381,0.6038761245901673,0.5265890341390445
2023-07-03,-1.4900068516010088,0.0,1,Infosys market update,15.777266074907017,0,7,3,1,0,1,-0.8180162958927417,0.257875179693794,0.5265890341390445
2023-07-05,1.5344257327685045,0.0,0,Infosys market update,16.4119213873987,2,7,3,0,0,1,-0.7752850010215702,0.4226375344063527,0.5265890341390445
2023-07-06,-1.8190274155404904,0.0,0,Infosys market update,15.681774504061,3,7,3,0,0,1,-0.841324274913381,-0.6263494572636045,0.5265890341390445
2023-07-07,-0.556215091500951,0.0,0,Infosys market update,15.465821855598106,4,7,3,0,1,1,-0.8490936012535939,-0.0496812157696489,0.5265890341390445
2023-07-10,0.681324383299385,-3.469446951953614e-18,1,Infosys market update,15.728750072331504,0,7,3,1,0,1,-0.8646322539340197,-0.121078236145091,0.5265890341390445
2023-07-11,0.3249454422234195,0.0,0,Infosys market update,15.847795107373145,1,7,3,0,0,1,-0.783054327361783,0.8070830287356563,0.5265890341390445
2023-07-12,-0.1715863017540668,0.0,1,Infosys market update,15.77597161295432,2,7,3,0,0,1,-0.841324274913381,-0.560444515378581,0.5265890341390445
2023-07-14,-0.3577843185653775,0.0,1,Infosys market update,16.261303908829877,4,7,3,0,1,1,-0.4994739159440067,0.8345434211877495,0.5265890341390445
2023-07-17,0.2575230142766398,0.0,1,Infosys market update,16.353831663385833,0,7,3,1,0,1,-0.4101266630315566,0.8235592642069122,0.5265890341390445
2023-07-19,-0.4671054631737615,0.0,0,Infosys market update,16.865622156710625,2,7,3,0,0,1,-0.2625094625675091,-0.5055237304743947,0.5265890341390445
2023-07-21,-2.2667666421262433,0.0,0,Infosys market update,16.541282857549703,4,7,3,0,1,1,-0.7597463483411437,0.2853355721458871,0.5265890341390445
2023-07-24,-1.0126240879511883,0.0,1,Infosys market update,16.15069845629463,0,7,3,1,0,1,-0.7908236537019959,-0.252888119915138,0.5265890341390445
2023-07-25,-0.7565610143178224,0.0,1,Infosys market update,15.859052993840136,1,7,3,0,0,1,-0.7325537061503979,0.5599394966668183,0.5265890341390445
2023-07-26,0.673479986454118,0.0,1,Infosys market update,16.118705564922976,2,7,3,0,0,1,-0.647091116408055,0.8235592642069122,0.5265890341390445
2023-07-27,0.448737726733826,0.0,0,Infosys market update,16.286977379846455,3,7,3,0,0,1,-0.6432064532379478,0.0491761970578863,0.5265890341390445
2023-07-28,-0.6897666494065554,0.0,1,Infosys market update,16.020725460788885,4,7,3,0,1,1,-0.7053610639596523,-0.5439682799073251,0.5265890341390445
2023-07-31,-0.8243390000579202,0.0,1,Infosys market update,15.703186235445523,0,7,3,1,0,1,-0.6354371268977349,0.6862573019464466,0.5265890341390445
2023-08-01,0.3330162284400986,0.0,0,Infosys market update,15.825360968878616,1,8,3,0,0,1,-0.5849365056863505,0.4775583193105389,0.5265890341390445
2023-08-02,1.1599198537626272,0.0,0,Infosys market update,16.291746475363684,2,8,3,0,0,1,-0.6820530849390136,-0.9009533817845354,0.5265890341390445
2023-08-03,-0.4078270329653429,-3.469446951953614e-18,1,Infosys market update,16.131446234000276,3,8,3,0,0,1,-0.68593774810912,-0.0167287448271371,0.5265890341390445
2023-08-04,-0.9553481395734684,0.0,1,Infosys market update,15.763276270111366,4,8,3,0,1,1,-0.6160138110472028,0.680765223456028,0.5265890341390445
2023-08-07,-0.6118466911196395,0.0,0,Infosys market update,15.526367408234371,0,8,3,1,0,1,-0.5927058320265634,0.2468910227129567,0.5265890341390445
2023-08-08,0.3640881831817426,0.0,0,Infosys market update,15.660905734321137,1,8,3,0,0,1,-0.5965904951966698,-0.0167287448271371,0.5265890341390445
2023-08-09,0.6104816194743807,0.0,1,Infosys market update,15.894714696466206,2,8,3,0,0,1,-0.6160138110472028,-0.1814910995396958,0.5265890341390445
2023-08-10,0.3316734171538417,0.0,0,Infosys market update,16.01642841783962,3,8,3,0,0,1,-0.5577438634956048,0.5434632611955623,0.5265890341390445
2023-08-11,-0.7243883019736628,0.0,1,Infosys market update,15.736996419141208,4,8,3,0,1,1,-0.627667800557522,-0.6043811433019298,0.5265890341390445
2023-08-14,-0.6034547467049507,0.0,1,Infosys market update,15.503242141706863,0,8,3,1,0,1,-0.5616285266657112,0.6093682030805859,0.5265890341390445
2023-08-15,2.0946449281216273,0.0,0,Infosys market update,16.406569984488396,1,8,3,0,0,1,-0.4683966105831545,0.8949562845823544,0.5265890341390445
2023-08-17,-0.9080942563157696,0.0,0,Infosys market update,15.634658352675098,3,8,3,0,0,1,-0.5227818949646461,-0.4945395734935574,0.5265890341390445
2023-08-18,-0.3116818702690805,0.0,1,Infosys market update,15.510318684750356,4,8,3,0,1,1,-0.6121291478770956,-0.7911118119761631,0.5265890341390445
2023-08-21,0.650316025071591,0.0,1,Infosys market update,15.760463248802722,0,8,3,1,0,1,-0.5577438634956048,0.5434632611955623,0.5265890341390445
2023-08-22,-1.4055405339842175,0.0,1,Infosys market update,15.211161261680044,1,8,3,0,0,1,-0.5188972317945396,0.3732088279925851,0.5265890341390445
2023-08-23,1.0352642680413917,0.0,0,Infosys market update,15.623307568905028,2,8,3,0,0,1,-0.4178959893717694,0.9224166770344476,0.5265890341390445
2023-08-24,-0.6688254368960207,0.0,1,Infosys market update,15.364943868829654,3,8,3,0,0,1,-0.4683966105831545,-0.4286346316085339,0.5265890341390445
2023-08-25,-0.0077832163813699,0.0,1,Infosys market update,15.354955313078031,4,8,3,0,1,1,-0.425665315711983,0.4006692204446782,0.5265890341390445
2023-08-28,0.3750659094596533,0.0,1,Infosys market update,15.49384019010299,0,8,3,1,0,1,-0.3984726735212373,0.2688593366746312,0.5265890341390445
2023-08-29,0.9885969766867584,0.0,1,Infosys market update,15.885924094567724,1,8,3,0,0,1,-0.3635107049902786,0.301811807617143,0.5265890341390445
2023-08-30,-1.386934128224363,0.0,0,Infosys market update,15.344475887008176,2,8,3,0,0,1,-0.3207794101191064,0.4281296128967713,0.5265890341390445
2023-08-31,0.8769437033675352,0.0,1,Infosys market update,15.689080555964328,3,8,3,0,0,1,-0.3829340208408108,-0.5494603583977437,0.5265890341390445
2023-09-01,-0.5217498527411816,-3.469446951953614e-18,1,Infosys market update,15.486062572399836,4,9,3,0,1,1,-0.32854873645932,0.4885424762913762,0.5265890341390445
2023-09-05,0.2204362865919891,0.0,0,Infosys market update,15.56408430376471,1,9,3,0,0,1,-0.2430861467169762,0.8015909502452377,0.5265890341390445
2023-09-06,-0.3250327463930133,0.0,0,Infosys market update,15.4347603758296,2,9,3,0,0,1,-0.309125420608787,-0.5714286723594182,0.5265890341390445
2023-09-07,0.4260561781727237,-3.469446951953614e-18,1,Infosys market update,15.593965412012183,3,9,3,0,0,1,-0.32854873645932,-0.1705069425588586,0.5265890341390445
2023-09-08,-0.0372021787469271,0.0,1,Infosys market update,15.572816771631905,4,9,3,0,1,1,-0.2469708098870833,0.7356860083602142,0.5265890341390445
2023-09-11,-0.2714415674586575,0.0,1,Infosys market update,15.463515315980686,0,9,3,1,0,1,-0.177046872825166,0.636828595532679,0.5265890341390445
2023-09-12,0.6527778344277749,0.0,0,Infosys market update,15.714628695213417,1,9,3,0,0,1,-0.1382002411241002,0.3512405140309106,0.5265890341390445
2023-09-13,-1.256022463506835,-3.469446951953614e-18,1,Infosys market update,15.227082970028151,2,9,3,0,0,1,-0.1615082201447389,-0.16501486406844,0.5265890341390445
2023-09-14,-0.8879749772323922,0.0,0,Infosys market update,14.885071925397444,3,9,3,0,0,1,-0.1226615884436745,0.3512405140309106,0.5265890341390445
2023-09-15,3.611764091993157,0.0,1,Infosys market update,16.646951803368996,4,9,3,0,1,1,-0.2469708098870833,-1.0766998934779315,0.5265890341390445
2023-09-18,-3.0651802881728907,0.0,1,Infosys market update,15.187782310250975,0,9,3,1,0,1,-0.2469708098870833,0.0491761970578863,0.5265890341390445
2023-09-19,-0.5621631149792087,-3.469446951953614e-18,1,Infosys market update,14.969684004055711,1,9,3,0,0,1,-0.2353168203767633,0.1095890604524911,0.5265890341390445
2023-09-20,1.082538499132962,0.0,0,Infosys market update,15.402314442467883,2,9,3,0,0,1,-0.2003548518458046,0.3237801215788174,0.5265890341390445
2023-09-21,0.3811863852966933,0.0,1,Infosys market update,15.543655701077164,3,9,3,0,0,1,-0.2508554730571891,-0.4451108670797898,0.5265890341390445
2023-09-22,-0.1316024702514412,0.0,0,Infosys market update,15.486852461707834,4,9,3,0,1,1,-0.239201483546869,0.1425415313950029,0.5265890341390445
2023-09-25,-0.1490991506118301,0.0,0,Infosys market update,15.423527661527311,0,9,3,1,0,1,-0.2974714310984677,-0.5110158089648132,0.5265890341390445
2023-09-26,0.4648958662608067,0.0,1,Infosys market update,15.59831353731557,1,9,3,0,0,1,-0.4178959893717694,-1.0437474225354195,0.5265890341390445
2023-09-27,1.3452096366564048,0.0,0,Infosys market update,16.146887265782958,2,9,3,0,0,1,-0.3596260418201721,0.5544474181763996,0.5265890341390445
2023-09-29,-1.6074895476292197,0.0,1,Infosys market update,16.07308792932543,4,9,3,0,1,1,-0.4761659369233674,0.4995266332722134,0.5265890341390445
2023-10-02,-1.8552170081119648,0.0,0,Infosys market update,15.326210642915772,0,10,4,1,0,1,-0.4489732947326216,0.2413989442225381,0.5265890341390445
2023-10-03,1.0128601541533455,0.0,1,Infosys market update,15.728750072331504,1,10,4,0,0,1,-0.5150125686244326,-0.560444515378581,0.5265890341390445
2023-10-04,0.2185397838230959,0.0,1,Infosys market update,15.80595707470696,2,10,4,0,0,1,-0.3596260418201721,1.438672055133798,0.5265890341390445
2023-10-05,-0.9527483431299268,0.0,1,Infosys market update,15.438752948632864,3,10,4,0,0,1,-0.2974714310984677,0.5489553396859811,0.5265890341390445
2023-10-06,0.2185397838230959,0.0,0,Infosys market update,15.515995211011742,4,10,4,0,1,1,-0.2353168203767633,0.5764157321380742,0.5265890341390445
2023-10-09,1.1367260320673875,0.0,1,Infosys market update,15.97222570766686,0,10,4,1,0,1,-0.2469708098870833,-0.1046020006738351,0.5265890341390445
2023-10-10,0.6419596819645896,0.0,0,Infosys market update,16.218927015478187,1,10,4,0,0,1,-0.2120088413561247,0.3237801215788174,0.5265890341390445
2023-10-11,0.9196859600338458,0.0,0,Infosys market update,16.581647323522837,2,10,4,0,0,1,-0.2974714310984677,-0.719714791600721,0.5265890341390445
2023-10-16,-1.4538569397790295,0.0,1,Infosys market update,15.826954402449774,0,10,4,1,0,1,-0.4412039683924088,1.0212740898619828,0.5265890341390445
2023-10-17,-0.0763407875353315,0.0,0,Infosys market update,15.79104899367089,1,10,4,0,0,1,-0.3907033471810244,0.461082083839283,0.5265890341390445
2023-10-18,-0.419772314821181,0.0,0,Infosys market update,15.626337253428469,2,10,4,0,0,1,-0.4645119474130481,-0.6483177712252789,0.5265890341390445
2023-10-19,-0.6091588192078583,0.0,0,Infosys market update,15.39054355067494,3,10,4,0,0,1,-0.4800506000934739,-0.1430465501067655,0.5265890341390445
2023-10-20,0.5314293086599379,0.0,0,Infosys market update,15.592190398956234,4,10,4,0,1,1,-0.5227818949646461,-0.3682217682139291,0.5265890341390445
2023-10-23,0.922957669845166,0.0,1,Infosys market update,15.956258959271633,0,10,4,1,0,1,-0.5927058320265634,-0.5988890648115113,0.5265890341390445
2023-10-24,-1.0811167028256414,0.0,0,Infosys market update,15.538723663148948,1,10,4,0,0,1,-0.5150125686244326,0.7301939298697956,0.5265890341390445
2023-10-25,-0.433667742835198,0.0,0,Infosys market update,15.368822676164417,2,10,4,0,0,1,-0.6587451059183742,-1.290890954604258,0.5265890341390445
2023-10-26,0.9868625470239296,0.0,1,Infosys market update,15.760177219924154,3,10,4,0,0,1,-0.6781684217689071,-0.1869831780301145,0.5265890341390445
2023-10-27,-0.5760870819302824,0.0,1,Infosys market update,15.53679409222448,4,10,4,0,1,1,-0.6354371268977349,0.4226375344063527,0.5265890341390445
2023-10-30,0.0033404420452844,0.0,0,Infosys market update,15.531054887802314,0,10,4,1,0,1,-0.6160138110472028,0.213938551770445,0.5265890341390445
2023-10-31,-0.4492231836694626,0.0,0,Infosys market update,15.355277011580254,1,10,4,0,0,1,-0.6432064532379478,-0.2473960414247193,0.5265890341390445
2023-11-01,0.6316530526612674,0.0,1,Infosys market update,15.597775260887206,2,11,4,0,0,1,-0.6509757795781613,-0.0496812157696489,0.5265890341390445
2023-11-02,1.1080719873335445,0.0,0,Infosys market update,16.041484656548686,3,11,4,0,0,1,-0.5460898739852847,0.988321618919471,0.5265890341390445
2023-11-03,-0.1550556283395364,0.0,1,Infosys market update,15.975863775808987,4,11,4,0,1,1,-0.5499745371553919,-0.0167287448271371,0.5265890341390445
2023-11-06,-1.9241985317173904,0.0,0,Infosys market update,15.19654134072846,0,11,4,1,0,1,-0.483935263263581,0.6093682030805859,0.5265890341390445
2023-11-07,-0.8430224328280597,0.0,0,Infosys market update,14.871737477901492,1,11,4,0,0,1,-0.5111279054543261,-0.2144435704822076,0.5265890341390445
2023-11-08,0.3827134868580482,-3.469446951953614e-18,0,Infosys market update,15.01366677871875,2,11,4,0,0,1,-0.5538592003254983,-0.3737138467043477,0.5265890341390445
2023-11-09,1.8715767307404447,0.0,1,Infosys market update,15.807417995147167,3,11,4,0,0,1,-0.6626297690884807,-1.0053028731024891,0.5265890341390445
2023-11-10,-0.9412566696929494,0.0,0,Infosys market update,15.444653249770347,4,11,4,0,1,1,-0.569397853005924,0.9224166770344476,0.5265890341390445
2023-11-13,-0.2666788604948153,0.0,1,Infosys market update,15.33716610536474,0,11,4,1,0,1,-0.5965904951966698,-0.2473960414247193,0.5265890341390445
2023-11-14,1.0306519072478586,0.0,1,Infosys market update,15.747321927525617,1,11,4,0,0,1,-0.4645119474130481,1.2464493079691463,0.5265890341390445
2023-11-15,0.9395520630266616,0.0,0,Infosys market update,16.118505666890297,2,11,4,0,0,1,-0.3052407574386806,1.4441641336242168,0.5265890341390445
2023-11-16,-1.3712816221845008,0.0,1,Infosys market update,15.58359207049785,3,11,4,0,0,1,-0.3402027259696393,-0.2693643553863938,0.5265890341390445
2023-11-17,-0.83402766378578,0.0,1,Infosys market update,15.262288589790987,4,11,4,0,1,1,-0.2547401362272962,0.7796226362835632,0.5265890341390445
2023-11-20,0.4607120109387693,0.0,0,Infosys market update,15.435374133807676,0,11,4,1,0,1,-0.2430861467169762,0.1095890604524911,0.5265890341390445
2023-11-21,-0.1715863017540668,0.0,1,Infosys market update,15.3635412549354,1,11,4,0,0,1,-0.2780481152479349,-0.296824747838487,0.5265890341390445
2023-11-22,0.3903309743209882,0.0,0,Infosys market update,15.508499049061236,2,11,4,0,0,1,-0.2275474940365504,0.4555900053488644,0.5265890341390445
2023-11-24,-1.716797232998879,0.0,0,Infosys market update,14.824708949537568,4,11,4,0,1,1,-0.2663941257376148,-0.3297772187809987,0.5265890341390445
2023-11-27,0.8054964676583894,0.0,1,Infosys market update,15.13923805295678,0,11,4,1,0,1,-0.3013560942685735,-0.296824747838487,0.5265890341390445
2023-11-28,1.4386894447884644,0.0,0,Infosys market update,15.730062863187015,1,11,4,0,0,1,-0.2081241781860175,0.840035499678168,0.5265890341390445
2023-11-29,-0.29028198640524,0.0,0,Infosys market update,15.613765717773465,2,11,4,0,0,1,-0.2120088413561247,-0.0167287448271371,0.5265890341390445
2023-11-30,-0.2093529684733058,0.0,1,Infosys market update,15.527757914839308,3,11,4,0,0,1,-0.239201483546869,-0.2034594135013703,0.5265890341390445
2023-12-01,-0.3822248036908211,0.0,0,Infosys market update,15.377018146460358,4,12,4,0,1,1,-0.1731622096550589,0.5819078106284928,0.5265890341390445
2023-12-04,0.4260561781727237,0.0,0,Infosys market update,15.53623954547262,0,12,4,1,0,1,-0.1887008623354846,-0.1100940791642537,0.5265890341390445
2023-12-05,-0.2681662427642273,0.0,1,Infosys market update,15.428163496658364,1,12,4,0,0,1,-0.270278788907722,-0.6977464776390465,0.5265890341390445
2023-12-06,0.812802551143137,0.0,0,Infosys market update,15.745770449547924,2,12,4,0,0,1,-0.1887008623354846,0.7411780868506329,0.5265890341390445
2023-12-07,-1.8059696342525984,-3.469446951953614e-18,1,Infosys market update,15.021481664354036,3,12,4,0,0,1,-0.2081241781860175,-0.1375544716163468,0.5265890341390445
2023-12-08,0.8089791770302195,0.0,0,Infosys market update,15.337449920213698,4,12,4,0,1,1,-0.1148922621034616,0.7960988717548192,0.5265890341390445
2023-12-12,-1.121626282276074,0.0,0,Infosys market update,15.524069742392772,1,12,4,0,0,1,-0.239201483546869,0.4555900053488644,0.5265890341390445
2023-12-13,1.2170826349958286,0.0,1,Infosys market update,16.0155756527638,2,12,4,0,0,1,-0.2663941257376148,-0.2364118844438821,0.5265890341390445
2023-12-15,-1.358142837464012,0.0,1,Infosys market update,15.927213678131915,4,12,4,0,1,1,0.1609188229741018,0.9114325200536102,0.5265890341390445
2023-12-18,-1.3421821597482737,0.0,0,Infosys market update,15.404378552810272,0,12,4,1,0,1,0.2075347810153804,0.4006692204446782,0.5265890341390445
2023-12-19,0.2021064065602406,0.0,0,Infosys market update,15.475223436465596,1,12,4,0,0,1,0.2036501178452733,-0.0112366663367185,0.5265890341390445
2023-12-20,0.4324425139123375,0.0,0,Infosys market update,15.636990790427516,2,12,4,0,0,1,0.0715715700616516,-1.0657157364970942,0.5265890341390445
2023-12-21,0.596298939133821,0.0,1,Infosys market update,15.864995472030545,3,12,4,0,0,1,0.0676869068915458,-0.0112366663367185,0.5265890341390445
2023-12-22,-0.2494892052754511,0.0,0,Infosys market update,15.764003226586288,4,12,4,0,1,1,0.1958807915050604,1.0597186392949132,0.5265890341390445
2023-12-26,-1.5166669351122195,0.0,1,Infosys market update,15.167782929121602,1,12,4,0,0,1,0.0832255595719716,-0.8899692248036983,0.5265890341390445
2023-12-27,0.3150355550012734,0.0,0,Infosys market update,15.282924200889909,2,12,4,0,0,1,0.1376108439534631,0.461082083839283,0.5265890341390445
2023-12-28,-0.701842963921857,0.0,0,Infosys market update,15.012066223195808,3,12,4,0,0,1,0.1220721912730374,-0.1046020006738351,0.5265890341390445
2023-12-29,-0.3645683655661797,0.0,0,Infosys market update,14.868009446730806,4,12,4,0,1,1,0.0599175805513329,-0.5165078874552319,0.5265890341390445
2024-01-02,2.553601481340465,0.0,0,Infosys market update,16.008682601533444,1,1,1,0,0,1,-0.04885298821165,-0.8789850678228609,0.5265890341390445
2024-01-03,0.831113489686229,0.0,1,Infosys market update,16.333916536880643,2,1,1,0,0,1,-0.0643916408920758,-0.1046020006738351,0.5265890341390445
2024-01-04,-1.560579149375754,0.0,1,Infosys market update,15.7187519189397,3,1,1,0,0,1,-0.0527376513817572,0.1095890604524911,0.5265890341390445
2024-01-05,1.1136637979198318,0.0,1,Infosys market update,16.164902993492703,4,1,1,0,1,1,-0.0410836618714372,0.1095890604524911,0.5265890341390445
2024-01-08,-0.8549305686778409,0.0,0,Infosys market update,15.835547179002186,0,1,1,1,0,1,0.0676869068915458,0.9279087555248662,0.5265890341390445
2024-01-09,-0.5423815771914513,0.0,0,Infosys market update,15.624798993247266,1,1,1,0,0,1,0.0133016225100543,-0.4341267100989526,0.5265890341390445
2024-01-10,1.8819286950605976,0.0,1,Infosys market update,16.42356368625183,2,1,1,0,0,1,-0.0410836618714372,-0.4341267100989526,0.5265890341390445
2024-01-16,-1.1806028739072243,0.0,1,Infosys market update,16.411511329829075,1,1,1,0,0,1,0.4483838975619852,-0.3462534542522546,0.5265890341390445
2024-01-17,-0.4434990169444543,0.0,1,Infosys market update,16.23793000344719,2,1,1,0,0,1,0.475576539752731,0.213938551770445,0.5265890341390445
2024-01-18,-0.3286857243881553,0.0,1,Infosys market update,16.10721679015461,3,1,1,0,0,1,0.5765777821754998,0.8290513426973308,0.5265890341390445
2024-01-19,-0.5727661038585847,0.0,0,Infosys market update,15.885028144693097,4,1,1,0,1,1,0.6348477297270985,0.461082083839283,0.5265890341390445
2024-01-22,-0.7982771506366612,0.0,0,Infosys market update,15.577377841051216,0,1,1,1,0,1,0.5921164348559256,-0.3133009833097429,0.5265890341390445
2024-01-23,1.0849292786400244,0.0,1,Infosys market update,16.011056059775154,1,1,1,0,0,1,0.5649237926651798,-0.2034594135013703,0.5265890341390445
2024-01-24,0.4119312781183203,0.0,1,Infosys market update,16.16460712564765,2,1,1,0,0,1,0.6348477297270985,0.5709236536476555,0.5265890341390445
2024-01-25,-0.940886560142216,0.0,1,Infosys market update,15.802082825903272,3,1,1,0,0,1,0.6698096982580571,0.2908276506363057,0.5265890341390445
2024-01-26,-0.638174372168654,0.0,0,Infosys market update,15.555327574778872,4,1,1,0,1,1,0.7164256562993344,0.3732088279925851,0.5265890341390445
2024-01-29,-0.1804695501947618,-3.469446951953614e-18,0,Infosys market update,15.480156283052182,0,1,1,1,0,1,0.7008870036189087,-0.121078236145091,0.5265890341390445
2024-01-30,0.510528641662203,0.0,0,Infosys market update,15.673323181943069,1,1,1,0,0,1,0.6193090770466714,-0.5824128293402554,0.5265890341390445
2024-01-31,0.0924705330700315,0.0,1,Infosys market update,15.701716349130384,2,1,1,0,0,1,0.5882317716858199,-0.2309198059534634,0.5265890341390445
2024-02-01,0.5869149009460854,0.0,1,Infosys market update,15.9258814428477,3,2,1,0,0,1,0.7047716667890158,0.9279087555248662,0.5265890341390445
2024-02-02,-0.7762952186649186,0.0,0,Infosys market update,15.626729621803316,4,2,1,0,1,1,0.7630416143406131,0.4500979268584458,0.5265890341390445
2024-02-05,-1.3569130569264087,-3.469446951953614e-18,1,Infosys market update,15.09777712606798,0,2,1,1,0,1,0.7475029616601874,-0.121078236145091,0.5265890341390445
2024-02-06,1.7577864141422763,0.0,0,Infosys market update,15.836978780329458,1,2,1,0,0,1,0.856273530423169,0.8565117351494239,0.5265890341390445
2024-02-07,-0.7104961010848524,0.0,0,Infosys market update,15.562813135820464,2,2,1,0,0,1,0.7941189197014646,-0.4615871025510457,0.5265890341390445
2024-02-08,0.4831970662929412,0.0,0,Infosys market update,15.744957500503071,3,2,1,0,0,1,0.7047716667890158,-0.6263494572636045,0.5265890341390445
2024-02-09,-0.3943717667716614,0.0,1,Infosys market update,15.589666150870606,4,2,1,0,1,1,0.6736943614281629,-0.2309198059534634,0.5265890341390445
2024-02-12,-0.8473480492075067,-3.469446951953614e-18,0,Infosys market update,15.263182433876128,0,2,1,1,0,1,0.6892330141085886,0.126065295923747,0.5265890341390445
2024-02-13,1.204292156093612,0.0,1,Infosys market update,15.749073507398665,1,2,1,0,0,1,0.5882317716858199,-0.7471751840528141,0.5265890341390445
2024-02-14,0.259846917738297,0.0,1,Infosys market update,15.842487198140269,2,2,1,0,0,1,0.7047716667890158,0.900448363072773,0.5265890341390445
2024-02-15,-0.9579497427978024,-3.469446951953614e-18,1,Infosys market update,15.473262521243845,3,2,1,0,0,1,0.7513876248302931,0.3677167495021665,0.5265890341390445
2024-02-16,0.1485348663937004,0.0,0,Infosys market update,15.523272467725128,4,2,1,0,1,1,0.8057729092117846,0.4500979268584458,0.5265890341390445
2024-02-20,0.8154048429843838,0.0,0,Infosys market update,15.841973306654143,1,2,1,0,0,1,0.6465017192374172,-1.1920335417767225,0.5265890341390445
2024-02-21,-0.522729092792825,0.0,1,Infosys market update,15.638688103149027,2,2,1,0,0,1,0.5610391294950741,-0.6428256927348603,0.5265890341390445
2024-02-23,-1.147299514305425,0.0,0,Infosys market update,15.257287165050402,4,2,1,0,1,1,0.67757902459827,-0.5219999659456506,0.5265890341390445
2024-02-26,0.5184694929659128,0.0,1,Infosys market update,15.453672166754492,0,2,1,1,0,1,0.6348477297270985,-0.3133009833097429,0.5265890341390445
2024-02-27,-1.5859147589792373,-3.469446951953614e-18,0,Infosys market update,14.82765713892001,1,2,1,0,0,1,0.6387323928972043,0.0436841185674676,0.5265890341390445
2024-02-28,1.1380306736942247,-3.469446951953614e-18,1,Infosys market update,15.284421465437456,2,2,1,0,0,1,0.6193090770466714,-0.121078236145091,0.5265890341390445
2024-02-29,0.924591312270758,0.0,0,Infosys market update,15.64919557257628,3,2,1,0,0,1,0.6231937402167785,0.0436841185674676,0.5265890341390445
2024-03-01,-0.0261885582728295,0.0,0,Infosys market update,15.632255442440274,4,3,1,0,1,1,0.5765777821754998,-0.3407613757618359,0.5265890341390445
2024-03-04,0.2852298644502184,0.0,0,Infosys market update,15.735634071203984,0,3,1,1,0,1,0.5688084558352869,-0.0661574512409047,0.5265890341390445
2024-03-05,0.2709635289923876,0.0,1,Infosys market update,15.833422513783708,1,3,1,0,0,1,0.3862292868402808,-1.4007325244126303,0.5265890341390445
2024-03-06,0.5376751217448544,0.0,1,Infosys market update,16.037590444682124,2,3,1,0,0,1,0.3978832763505994,0.1315573744141656,0.5265890341390445
2024-03-07,0.4862992082397365,0.0,0,Infosys market update,16.22102229715734,3,3,1,0,0,1,0.4211912553712394,0.1864781593183519,0.5265890341390445
2024-03-08,-0.7872686564962624,0.0,0,Infosys market update,15.917606172408725,4,3,1,0,1,1,0.3745752973299608,-0.3517455327426732,0.5265890341390445
2024-03-11,0.1307650775538575,-3.469446951953614e-18,1,Infosys market update,15.960751661273292,0,3,1,1,0,1,0.359036644649535,-0.0991099221834165,0.5265890341390445
2024-03-12,0.7461610545398571,0.0,0,Infosys market update,16.250517766061964,1,3,1,0,0,1,0.4289605817114523,0.5873998891189114,0.5265890341390445
2024-03-13,-1.1999239035680518,0.0,1,Infosys market update,15.785555812315266,2,3,1,0,0,1,0.4211912553712394,-0.0661574512409047,0.5265890341390445
2024-03-14,0.4462072815002438,0.0,0,Infosys market update,15.952855492862444,3,3,1,0,0,1,0.5183078346239025,0.7796226362835632,0.5265890341390445
2024-03-15,1.1227494779326728,0.0,0,Infosys market update,16.40298139231807,4,3,1,0,1,1,0.3629213078196408,-1.1865414632863038,0.5265890341390445
2024-03-18,-1.8470528198219505,0.0,0,Infosys market update,15.659894260487624,0,3,1,1,0,1,0.3396133287990022,-0.1540307070876027,0.5265890341390445
2024-03-19,1.0378726624302057,0.0,1,Infosys market update,16.073202986659147,1,3,1,0,0,1,0.2269580968659133,-0.9009533817845354,0.5265890341390445
2024-03-20,0.0500770033724908,0.0,0,Infosys market update,16.08529359806054,2,3,1,0,0,1,0.2541507390566591,0.2468910227129567,0.5265890341390445
2024-03-25,-0.4815561326280494,0.0,1,Infosys market update,16.337592641644594,0,3,1,1,0,1,-0.2081241781860175,-0.2638722768959752,0.5265890341390445
2024-03-26,-0.4355679035517473,0.0,1,Infosys market update,16.166971620970134,1,3,1,0,0,1,-0.165392883314846,0.3896850634638409,0.5265890341390445
2024-03-27,-1.400985234124826,0.0,1,Infosys market update,15.61962686602158,2,3,1,0,0,1,-0.153738893804526,0.1425415313950029,0.5265890341390445
2024-03-28,0.389461920578253,0.0,0,Infosys market update,15.76421693677984,3,3,1,0,0,1,-0.1032382725931416,0.4500979268584458,0.5265890341390445
2024-04-01,1.7434623421014557,0.0,0,Infosys market update,16.496641738200864,0,4,2,1,0,1,-0.2275474940365504,-1.0547315795162568,0.5265890341390445
2024-04-03,-0.9283247498591088,0.0,1,Infosys market update,15.998343289953064,2,4,2,0,0,1,-0.177046872825166,0.4555900053488644,0.5265890341390445
2024-04-04,0.9134533980080476,0.0,1,Infosys market update,16.358410999418837,3,4,2,0,0,1,-0.165392883314846,0.1095890604524911,0.5265890341390445
2024-04-05,-1.8761378873951855,0.0,1,Infosys market update,15.601788531205862,4,4,2,0,1,1,-0.1382002411241002,0.2633672581842126,0.5265890341390445
2024-04-08,0.9579202631779408,0.0,1,Infosys market update,15.980739926317916,0,4,2,1,0,1,-0.1265462516137802,0.1095890604524911,0.5265890341390445
2024-04-09,1.0882113504346038,0.0,0,Infosys market update,16.415819708478736,1,4,2,0,0,1,-0.0100063565105843,1.03225824684282,0.5265890341390445
2024-04-10,-0.3893818817696448,0.0,0,Infosys market update,16.262455788022756,2,4,2,0,0,1,-0.0760456304023958,-0.5549524368881623,0.5265890341390445
2024-04-11,0.3966199614432241,0.0,0,Infosys market update,16.409959044490382,3,4,2,0,0,1,-0.0993536094230344,-0.16501486406844,0.5265890341390445
2024-04-12,0.7147576292657104,0.0,0,Infosys market update,16.68668256346533,4,4,2,0,1,1,-0.177046872825166,-0.6593019282061161,0.5265890341390445
2024-04-15,-1.137166438540873,0.0,0,Infosys market update,16.246867070363674,0,4,2,1,0,1,-0.3402027259696393,-1.3787642104509557,0.5265890341390445
2024-04-16,0.3682670432461528,0.0,0,Infosys market update,16.38301825546599,1,4,2,0,0,1,-0.4178959893717694,-0.6812702421677906,0.5265890341390445
2024-04-17,0.6930295296934639,0.0,0,Infosys market update,16.65072783398342,2,4,2,0,0,1,-0.4528579579027288,-0.3078089048193242,0.5265890341390445
2024-04-18,1.5050676631252318,3.469446951953614e-18,1,Infosys market update,17.271918748855924,3,4,2,0,0,1,-0.6121291478770956,-1.4117166813934674,0.5265890341390445
2024-04-19,-1.6916644360842268,0.0,1,Infosys market update,16.599428672091523,4,4,2,0,1,1,-0.5033585791141132,1.015782011371564,0.5265890341390445
2024-04-23,-1.9977890646894836,0.0,0,Infosys market update,15.993937449548037,1,4,2,0,0,1,-0.3790493576707043,-0.4286346316085339,0.5265890341390445
2024-04-24,0.5037835305315981,0.0,0,Infosys market update,16.184351540324524,2,4,2,0,0,1,-0.4217806525418766,-0.3682217682139291,0.5265890341390445
2024-04-25,0.0115121797463253,0.0,0,Infosys market update,16.181755755150668,3,4,2,0,0,1,-0.4334346420521959,-0.0826336867121606,0.5265890341390445
2024-04-26,-0.4776955596935529,0.0,1,Infosys market update,15.995362998634242,4,4,2,0,1,1,-0.4567426210728352,-0.208951491991789,0.5265890341390445
2024-04-29,-0.4466776863950814,0.0,0,Infosys market update,15.820565377104648,0,4,2,1,0,1,-0.4450886315625152,0.1150811389429097,0.5265890341390445
2024-04-30,1.0628420364221742,0.0,1,Infosys market update,16.244649091706183,1,4,2,0,0,1,-0.5383205476450719,-0.8240642829186748,0.5265890341390445
2024-05-01,-1.2572241450058128,0.0,1,Infosys market update,15.756580583927631,2,5,2,0,0,1,-0.5188972317945396,0.213938551770445,0.5265890341390445
2024-05-02,0.5869149009460854,0.0,1,Infosys market update,15.98075139861387,3,5,2,0,0,1,-0.4800506000934739,0.3457484355404919,0.5265890341390445
2024-05-03,-1.9049230929829413,-3.469446951953614e-18,1,Infosys market update,15.210591454177802,4,5,2,0,1,1,-0.4606272842429417,0.213938551770445,0.5265890341390445
2024-05-06,0.1285326707083395,-3.469446951953614e-18,1,Infosys market update,15.252902181758754,0,5,2,1,0,1,-0.4450886315625152,0.1480336098854215,0.5265890341390445
2024-05-07,1.764201180017861,0.0,0,Infosys market update,15.995159473142367,1,5,2,0,0,1,-0.3907033471810244,0.5324791042147252,0.5265890341390445
2024-05-08,-1.580751002519659,0.0,0,Infosys market update,15.371358013235806,2,5,2,0,0,1,-0.4023573366913437,-0.1100940791642537,0.5265890341390445
2024-05-09,2.196228918036794,0.0,0,Infosys market update,16.325792595328828,3,5,2,0,0,1,-0.4450886315625152,-0.3682217682139291,0.5265890341390445
2024-05-10,-0.4450879069772978,0.0,1,Infosys market update,16.151598219717567,4,5,2,0,1,1,-0.4800506000934739,-0.3078089048193242,0.5265890341390445
2024-05-13,-1.4246395482433136,0.0,1,Infosys market update,15.594404452809671,0,5,2,1,0,1,-0.4645119474130481,0.1809860808279333,0.5265890341390445
2024-05-14,1.1484331733991706,0.0,1,Infosys market update,16.05574151564527,1,5,2,0,0,1,-0.4528579579027288,0.1150811389429097,0.5265890341390445
2024-05-15,-2.0681141824744382,0.0,1,Infosys market update,15.206718079719565,2,5,2,0,0,1,-0.4178959893717694,0.3402563570500733,0.5265890341390445
2024-05-16,2.2543410141485105,0.0,0,Infosys market update,16.19073263459587,3,5,2,0,0,1,-0.3479720523098522,0.6258444385518418,0.5265890341390445
2024-05-17,-0.772056842368684,0.0,0,Infosys market update,15.893200691824427,4,5,2,0,1,1,-0.3907033471810244,-0.3352692972714173,0.5265890341390445
2024-05-21,0.669170252670338,-3.469446951953614e-18,1,Infosys market update,15.881068796033007,1,5,2,0,0,1,-0.4334346420521959,-0.3682217682139291,0.5265890341390445
2024-05-22,0.1768341876308721,-3.469446951953614e-18,1,Infosys market update,15.942026626282082,2,5,2,0,0,1,-0.3402027259696393,0.8565117351494239,0.5265890341390445
2024-05-23,0.2716562308262453,0.0,0,Infosys market update,16.04005853906567,3,5,2,0,0,1,-0.2935867679283606,0.4281296128967713,0.5265890341390445
2024-05-24,0.0159795557539218,0.0,0,Infosys market update,16.03916077108357,4,5,2,0,1,1,-0.3052407574386806,-0.1100940791642537,0.5265890341390445
2024-05-28,0.5751189265950831,-3.469446951953614e-18,0,Infosys market update,16.258553090549643,1,5,2,0,0,1,-0.3207794101191064,-0.1100940791642537,0.5265890341390445
2024-05-29,-0.7664138366969692,0.0,0,Infosys market update,15.9630546916165,2,5,2,0,0,1,-0.425665315711983,-0.9009533817845354,0.5265890341390445
2024-05-30,0.7269827567996534,0.0,1,Infosys market update,16.24483411127165,3,5,2,0,0,1,-0.4800506000934739,-0.500031651983976,0.5265890341390445
2024-05-31,0.5955187151826724,0.0,1,Infosys market update,16.472534165953093,4,5,2,0,1,1,-0.4023573366913437,0.7301939298697956,0.5265890341390445
2024-06-03,-1.303543359463534,0.0,0,Infosys market update,15.96556211285226,0,6,2,1,0,1,-0.367395368160385,0.3457484355404919,0.5265890341390445
2024-06-04,0.0896888694702892,0.0,1,Infosys market update,15.992849951263269,1,6,2,0,0,1,-0.3868186840109179,-0.1485386285971841,0.5265890341390445
2024-06-05,-0.4087682188494836,0.0,1,Infosys market update,15.832172164620472,2,6,2,0,0,1,-0.2586247993974019,1.1585760521224484,0.5265890341390445
2024-06-06,-0.0264564987653469,0.0,1,Infosys market update,15.815097009785918,3,6,2,0,0,1,-0.1148922621034616,1.2629255434404023,0.5265890341390445
2024-06-10,-1.41964947954513,0.0,0,Infosys market update,15.672480353868018,0,6,2,1,0,1,-0.0061216933404785,-0.500031651983976,0.5265890341390445
2024-06-11,-0.264597996779187,0.0,1,Infosys market update,15.565840382812508,1,6,2,0,0,1,-0.0216603460209043,-0.1375544716163468,0.5265890341390445
2024-06-12,0.1409034116198044,0.0,0,Infosys market update,15.6129042915397,2,6,2,0,0,1,0.0016476329997343,0.2304147872417008,0.5265890341390445
2024-06-13,0.3450600283365236,0.0,0,Infosys market update,15.73990533094912,3,6,2,0,0,1,-0.0177756828507985,-0.1375544716163468,0.5265890341390445
2024-06-14,-0.0423255681906143,0.0,1,Infosys market update,15.71681193861749,4,6,2,0,1,1,-0.0216603460209043,-0.0441891372792303,0.5265890341390445
2024-06-17,-0.121784036580601,0.0,0,Infosys market update,15.663760783013071,0,6,2,1,0,1,0.0327249383605872,0.4775583193105389,0.5265890341390445
2024-06-18,1.3124854414377114,0.0,1,Infosys market update,16.197655257341832,1,6,2,0,0,1,0.0210709488502672,-0.077141608221742,0.5265890341390445
2024-06-20,1.1709053307542034,0.0,0,Infosys market update,16.668849487540673,3,6,2,0,0,1,0.1531494966338889,1.120131502689518,0.5265890341390445
2024-06-21,0.7090739115792959,0.0,1,Infosys market update,16.943239966521258,4,6,2,0,1,1,0.0754562332317587,-0.6153653002827671,0.5265890341390445
2024-06-24,-2.956680014458775,0.0,1,Infosys market update,15.56623985128161,0,6,2,1,0,1,0.1026488754225045,0.257875179693794,0.5265890341390445
2024-06-25,1.0450643348155222,0.0,0,Infosys market update,15.982631076655911,1,6,2,0,0,1,0.1764574756545275,0.6203523600614231,0.5265890341390445
2024-06-26,0.0065075804192902,0.0,1,Infosys market update,15.978074790066657,2,6,2,0,0,1,0.133726180783356,-0.3407613757618359,0.5265890341390445
2024-06-27,0.0939861773158866,0.0,0,Infosys market update,16.007085986642373,3,6,2,0,0,1,0.2813433812474049,1.251941386459565,0.5265890341390445
2024-06-28,0.1790130540298458,0.0,1,Infosys market update,16.06893702391478,4,6,2,0,1,1,0.2813433812474049,-0.0112366663367185,0.5265890341390445
2024-07-01,-0.4229243284818981,0.0,1,Infosys market update,15.902945194577889,0,7,3,1,0,1,0.3318440024587893,0.4281296128967713,0.5265890341390445
2024-07-02,0.6911764658381963,0.0,1,Infosys market update,16.169900409525763,1,7,3,0,0,1,0.5027691819434754,1.3947354272104493,0.5265890341390445
2024-07-03,-0.9680014281042284,-3.469446951953614e-18,1,Infosys market update,15.79684314441917,2,7,3,0,0,1,0.5532698031548612,0.4171454559159341,0.5265890341390445
2024-07-05,0.177076402148835,0.0,1,Infosys market update,15.857976993227622,4,7,3,0,1,1,0.5765777821754998,0.1864781593183519,0.5265890341390445
2024-07-08,0.8833025014678421,0.0,0,Infosys market update,16.20527293918392,0,7,3,1,0,1,0.5998857611961385,0.213938551770445,0.5265890341390445
2024-07-09,0.385110786784614,0.0,1,Infosys market update,16.34815133832398,1,7,3,0,0,1,0.5260771609641154,-0.5494603583977437,0.5265890341390445
2024-07-10,0.7393085984164364,0.0,1,Infosys market update,16.635024671049678,2,7,3,0,0,1,0.5532698031548612,0.213938551770445,0.5265890341390445
2024-07-12,-0.8096775555153573,0.0,0,Infosys market update,16.17480683702906,4,7,3,0,1,1,0.9300821306551934,1.4221958196625424,0.5265890341390445
2024-07-15,0.2647181831524479,0.0,1,Infosys market update,16.27010412361165,0,7,3,1,0,1,0.8951201621242348,-0.2254277274630449,0.5265890341390445
2024-07-16,-1.2600293816363226,0.0,0,Infosys market update,15.780873273051473,1,7,3,0,0,1,1.0233140467377508,0.960861226467378,0.5265890341390445
2024-07-17,1.67718548221568,0.0,1,Infosys market update,16.48198855265209,2,7,3,0,0,1,0.976698088696472,-0.3297772187809987,0.5265890341390445
2024-07-19,-2.2497127152730294,0.0,1,Infosys market update,16.615440881124734,4,7,3,0,1,1,1.396241711067976,-1.389748367431793,0.5265890341390445
2024-07-22,-1.67366347336435,0.0,1,Infosys market update,15.950812567349624,0,7,3,1,0,1,1.4389730059391477,0.2963197291267244,0.5265890341390445
2024-07-23,0.4443072582005562,0.0,0,Infosys market update,16.117325454433107,1,7,3,0,0,1,1.5438589115320247,0.7466701653410515,0.5265890341390445
2024-07-24,-0.6205982045444615,0.0,1,Infosys market update,15.877182781273556,2,7,3,0,0,1,1.4622809849597875,-0.5329841229264878,0.5265890341390445
2024-07-25,0.9421413500725012,0.0,1,Infosys market update,16.249430971480713,3,7,3,0,0,1,1.516666269341279,0.3951771419542595,0.5265890341390445
2024-07-29,-1.4803113652698443,0.0,1,Infosys market update,16.006135740451533,0,7,3,1,0,1,1.7342074068672435,-0.4396187885893712,0.5265890341390445
2024-07-30,-0.754804585612501,0.0,0,Infosys market update,15.715062732677064,1,7,3,0,0,1,1.7380920700373508,0.038192040077049,0.5265890341390445
2024-07-31,2.294580565079603,0.0,1,Infosys market update,16.719714048213998,2,7,3,0,0,1,1.5632822273825562,-1.1480969138533736,0.5265890341390445
2024-08-01,-1.3556836158174017,0.0,0,Infosys market update,16.19130903022598,3,8,3,0,0,1,1.6254368381042608,0.4391137698776086,0.5265890341390445
2024-08-02,0.0621710863345736,0.0,0,Infosys market update,16.208018709884946,4,8,3,0,1,1,1.4312036795989345,-1.290890954604258,0.5265890341390445
2024-08-06,-1.025091177841696,0.0,0,Infosys market update,16.117765696529343,1,8,3,0,0,1,1.1437386050110523,0.5160028687434693,0.5265890341390445
2024-08-07,-0.276511775386672,0.0,1,Infosys market update,16.006560668004983,2,8,3,0,0,1,1.1359692786708395,-0.0386970587888116,0.5265890341390445
2024-08-08,-0.1977578357181651,0.0,1,Infosys market update,15.924911428460293,3,8,3,0,0,1,1.198123889392544,0.461082083839283,0.5265890341390445
2024-08-09,-0.1293545230692566,0.0,1,Infosys market update,15.868929043030455,4,8,3,0,1,1,1.2563938369441412,0.43362169138719,0.5265890341390445
2024-08-12,1.0151908722973069,0.0,1,Infosys market update,16.272489244136885,0,8,3,1,0,1,1.2602785001142485,0.0436841185674676,0.5265890341390445
2024-08-13,-1.0795815856124913,0.0,1,Infosys market update,15.855665514321306,1,8,3,0,0,1,1.3651644057071244,0.7356860083602142,0.5265890341390445
2024-08-14,-0.9419969993185766,0.0,1,Infosys market update,15.492663378971804,2,8,3,0,0,1,1.4234343532587217,0.4226375344063527,0.5265890341390445
2024-08-15,0.6387211003131577,0.0,1,Infosys market update,15.738035243309184,3,8,3,0,0,1,1.4506269954494675,0.2194306302608636,0.5265890341390445
2024-08-16,-0.7001150569671913,-3.469446951953614e-18,1,Infosys market update,15.467835722804647,4,8,3,0,1,1,1.516666269341279,0.4665741623297017,0.5265890341390445
2024-08-19,0.0472359427784943,0.0,1,Infosys market update,15.478849551552356,0,8,3,1,0,1,1.609898185423835,0.6423206740230977,0.5265890341390445
2024-08-20,0.1676080554552738,0.0,1,Infosys market update,15.536293224729413,1,8,3,0,0,1,1.6254368381042608,0.1370494529045843,0.5265890341390445
2024-08-21,0.8634838206572866,0.0,0,Infosys market update,15.875221347264867,2,8,3,0,0,1,1.7225534173569237,0.6587969094943535,0.5265890341390445
2024-08-22,-1.54262444385991,0.0,0,Infosys market update,15.26782694865375,3,8,3,0,0,1,1.6370908276145806,-0.5439682799073251,0.5265890341390445
2024-08-26,0.0997855404850557,0.0,1,Infosys market update,15.334805139411657,0,8,3,1,0,1,1.6759374593156464,0.2633672581842126,0.5265890341390445
2024-08-27,1.441001364878217,0.0,1,Infosys market update,15.926717325165866,1,8,3,0,0,1,1.808016007099268,0.8949562845823544,0.5265890341390445
2024-08-28,-0.2397614190783788,0.0,1,Infosys market update,15.829373170803429,2,8,3,0,0,1,1.8779399441611857,0.4995266332722134,0.5265890341390445
2024-08-29,-0.6825421702171449,0.0,1,Infosys market update,15.565788266463096,3,8,3,0,0,1,1.9517485443932088,0.4940345547817947,0.5265890341390445
2024-08-30,0.2820174994874568,0.0,0,Infosys market update,15.667894805871496,4,8,3,0,1,1,1.9828258497540616,0.2029543947896077,0.5265890341390445
2024-09-03,-0.2353522817466131,0.0,1,Infosys market update,15.572195546524997,1,9,3,0,0,1,1.8701706178209725,-0.6922543991486279,0.5265890341390445
2024-09-04,-0.0909253466998562,0.0,0,Infosys market update,15.530749069205404,2,9,3,0,0,1,1.901247923181824,0.2084464732800264,0.5265890341390445
2024-09-05,0.3287608131624157,0.0,0,Infosys market update,15.651303020932314,3,9,3,0,0,1,1.842977975630227,-0.3627296897235105,0.5265890341390445
2024-09-06,0.4813333634583167,0.0,1,Infosys market update,15.832717721928098,4,9,3,0,1,1,1.7108994278466052,-0.8460325968803493,0.5265890341390445
2024-09-09,-1.2728767388478317,0.0,1,Infosys market update,15.338300881775186,0,9,3,1,0,1,1.7419767332074567,0.2084464732800264,0.5265890341390445
2024-09-10,0.8817984750754241,0.0,0,Infosys market update,15.684910004465817,1,9,3,0,0,1,1.8546319651405456,0.768638479302726,0.5265890341390445
2024-09-11,-0.3757064313329484,0.0,1,Infosys market update,15.536597352768943,2,9,3,0,0,1,1.8507473019704397,-0.0057445878462999,0.5265890341390445
2024-09-12,0.0428373114412046,0.0,0,Infosys market update,15.545979735950487,3,9,3,0,0,1,1.9711718602437416,0.8070830287356563,0.5265890341390445
2024-09-13,-0.1607426775510562,-3.469446951953614e-18,0,Infosys market update,15.478186063411751,4,9,3,0,1,1,1.9517485443932088,-0.1046020006738351,0.5265890341390445
2024-09-16,0.6413885734877945,0.0,0,Infosys market update,15.724653131034794,0,9,3,1,0,1,1.9478638812231028,-0.0057445878462999,0.5265890341390445
2024-09-17,1.07204082991589,0.0,0,Infosys market update,16.152758009813475,1,9,3,0,0,1,1.8701706178209725,-0.5055237304743947,0.5265890341390445
2024-09-18,-0.9960639761896004,0.0,1,Infosys market update,15.76877942228168,2,9,3,0,0,1,1.6875914488259651,-1.153588992343792,0.5265890341390445
2024-09-19,-0.2887816271940823,0.0,1,Infosys market update,15.653055841549232,3,9,3,0,0,1,1.7652847122280952,0.5269870257243066,0.5265890341390445
2024-09-20,2.747537730434417,0.0,0,Infosys market update,16.899304119658243,4,9,3,0,1,1,1.823554659779694,0.4061612989350968,0.5265890341390445
2024-09-23,-3.109248344272115,0.0,0,Infosys market update,15.404807189765624,0,9,3,1,0,1,1.7652847122280952,-0.3682217682139291,0.5265890341390445
2024-09-24,0.910493640531268,0.0,0,Infosys market update,15.763604178652344,1,9,3,0,0,1,1.726438080527031,-0.2473960414247193,0.5265890341390445
2024-09-25,0.6883934137123139,-3.469446951953614e-18,1,Infosys market update,16.029428467513853,2,9,3,0,0,1,1.718668754186818,-0.033204980298393,0.5265890341390445
2024-09-26,0.4713628499015921,0.0,0,Infosys market update,16.206829801454454,3,9,3,0,0,1,1.8662859546508657,0.988321618919471,0.5265890341390445
2024-09-27,-0.297495931023486,0.0,0,Infosys market update,16.087842710858826,4,9,3,0,1,1,1.6565141434651136,-1.345811739508444,0.5265890341390445
2024-09-30,0.4694875857256216,0.0,1,Infosys market update,16.264522377713106,0,9,3,1,0,1,1.613782848593942,-0.2803485123672311,0.5265890341390445
2024-10-01,-0.8430224328280597,0.0,0,Infosys market update,15.939746314441052,1,10,4,0,0,1,1.6565141434651136,0.3127959645979802,0.5265890341390445
2024-10-02,-1.1916324721526024,0.0,1,Infosys market update,15.478129172510847,2,10,4,0,0,1,1.6293215012743678,-0.1540307070876027,0.5265890341390445
2024-10-03,0.9922181101677766,0.0,1,Infosys market update,15.87178594954185,3,10,4,0,0,1,1.6642834698053264,0.2359068657321195,0.5265890341390445
2024-10-04,0.4518961026833542,0.0,1,Infosys market update,16.0413227001321,4,10,4,0,1,1,1.804131343929161,0.9498770694865408,0.5265890341390445
2024-10-07,-0.5253419746078399,0.0,1,Infosys market update,15.836978780329458,0,10,4,1,0,1,1.8468626388003329,0.3073038861075616,0.5265890341390445
2024-10-08,0.0775053135195191,0.0,0,Infosys market update,15.85964883326661,1,10,4,0,0,1,1.9944798392643817,0.9993057759003082,0.5265890341390445
2024-10-09,-1.508187078674694,-3.469446951953614e-18,0,Infosys market update,15.267007516549237,2,10,4,0,0,1,1.9789411865839543,-0.0991099221834165,0.5265890341390445
2024-10-10,1.426469173742367,0.0,1,Infosys market update,15.8522926106728,3,10,4,0,0,1,1.7497460595476697,-1.4446691523359791,0.5265890341390445
2024-10-11,-1.0730639675918523,0.0,1,Infosys market update,15.437983346078791,4,10,4,0,1,1,1.8546319651405456,0.6972414589272838,0.5265890341390445
2024-10-14,0.8604416160750509,0.0,0,Infosys market update,15.775605482856603,0,10,4,1,0,1,2.010018491944807,1.0487344823140758,0.5265890341390445
2024-10-15,1.0005347646057752,0.0,0,Infosys market update,16.172839580052305,1,10,4,0,0,1,1.8857092705013985,-0.7856197334857445,0.5265890341390445
2024-10-16,0.7041093939436065,0.0,0,Infosys market update,16.44513071146852,2,10,4,0,0,1,1.842977975630227,-0.2693643553863938,0.5265890341390445
2024-10-17,0.4682363892018834,0.0,0,Infosys market update,16.621231846703076,3,10,4,0,0,1,1.7536307227177763,-0.560444515378581,0.5265890341390445
2024-10-18,-0.9863120977876818,0.0,0,Infosys market update,16.24098571241894,4,10,4,0,1,1,1.6992454383362852,-0.3462534542522546,0.5265890341390445
2024-10-21,-0.2000724044956358,0.0,0,Infosys market update,16.158460036791688,0,10,4,1,0,1,1.5865902064031965,-0.7416831055623955,0.5265890341390445
2024-10-22,-1.517515757019823,0.0,1,Infosys market update,15.56188921955638,1,10,4,0,0,1,1.5710515537227692,-0.0826336867121606,0.5265890341390445
2024-10-23,-0.6074800701904761,0.0,0,Infosys market update,15.326674121783142,2,10,4,0,0,1,1.590474869573302,0.1425415313950029,0.5265890341390445
2024-10-24,1.151887060340414,0.0,0,Infosys market update,15.789536165784057,3,10,4,0,0,1,1.5322049220217049,-0.3792059251947663,0.5265890341390445
2024-10-25,-0.2230485036478618,0.0,1,Infosys market update,15.69845063141847,4,10,4,0,1,1,1.473934974470106,-0.384698003685185,0.5265890341390445
2024-10-28,-1.3479050363581182,-3.469446951953614e-18,0,Infosys market update,15.173199919328376,0,10,4,1,0,1,1.5399742483619177,0.4665741623297017,0.5265890341390445
2024-10-29,1.91713879252314,0.0,0,Infosys market update,15.989045744315003,1,10,4,0,0,1,1.5205509325113846,-0.1100940791642537,0.5265890341390445
2024-10-31,0.0575478997608164,0.0,0,Infosys market update,15.969027151613112,3,10,4,0,0,1,1.2020085525626498,-0.5274920444360692,0.5265890341390445
2024-11-01,0.2126014420033588,0.0,0,Infosys market update,16.043964709310032,4,11,4,0,1,1,1.1476232681811582,-0.3792059251947663,0.5265890341390445
2024-11-04,0.6527778344277749,0.0,0,Infosys market update,16.295145084501694,0,11,4,1,0,1,1.1320846155007325,-0.0881257652025792,0.5265890341390445
2024-11-05,-0.5730980399633739,-3.469446951953614e-18,1,Infosys market update,16.072931011623943,1,11,4,0,0,1,1.1281999523306268,-0.0112366663367185,0.5265890341390445
2024-11-07,-0.947554169431731,0.0,1,Infosys market update,16.328445794503605,3,11,4,0,0,1,1.4778196376402133,0.6587969094943535,0.5265890341390445
2024-11-08,-1.203086882142908,0.0,1,Infosys market update,15.862299896517762,4,11,4,0,1,1,1.512781606171172,0.2688593366746312,0.5265890341390445
2024-11-11,-0.6195871708353251,0.0,0,Infosys market update,15.622503571979914,0,11,4,1,0,1,1.6215521749341548,0.7466701653410515,0.5265890341390445
2024-11-12,-1.185720115072502,0.0,1,Infosys market update,15.16327222918859,1,11,4,0,0,1,1.613782848593942,-0.033204980298393,0.5265890341390445
2024-11-13,0.8769437033675352,0.0,0,Infosys market update,15.507836541567691,2,11,4,0,0,1,1.6215521749341548,0.0656524325291421,0.5265890341390445
2024-11-14,0.345726947278122,0.0,0,Infosys market update,15.635079889927155,3,11,4,0,0,1,1.5399742483619177,-0.5329841229264878,0.5265890341390445
2024-11-15,0.5648359115160678,0.0,1,Infosys market update,15.850242479967354,4,11,4,0,1,1,1.4312036795989345,-0.7142227131103024,0.5265890341390445
2024-11-18,-1.1943944504705233,0.0,1,Infosys market update,15.387537526624133,0,11,4,1,0,1,1.4583963217896805,0.1974623162991891,0.5265890341390445
2024-11-19,0.5894610197237937,0.0,1,Infosys market update,15.612771698539188,1,11,4,0,0,1,1.5050122798309589,0.3457484355404919,0.5265890341390445
2024-11-20,0.6706704174503358,0.0,0,Infosys market update,15.871248500943228,2,11,4,0,0,1,1.602128859083622,0.6752731449656094,0.5265890341390445
2024-11-21,-0.6307263941925425,0.0,1,Infosys market update,15.627317885854747,3,11,4,0,0,1,1.590474869573302,-0.0606653727504861,0.5265890341390445
2024-11-25,0.7892147042301592,0.0,1,Infosys market update,16.284101578804695,0,11,4,1,0,1,1.9167865758622495,0.1370494529045843,0.5265890341390445
2024-11-26,-1.2256924253086603,0.0,0,Infosys market update,15.80878141462848,1,11,4,0,0,1,2.0410957973056587,0.8345434211877495,0.5265890341390445
2024-11-27,0.5755133135962984,0.0,0,Infosys market update,16.028291395694268,2,11,4,0,0,1,1.8779399441611857,-1.0272711870641638,0.5265890341390445
2024-12-02,0.1163344402938251,0.0,0,Infosys market update,15.57959062942994,0,12,4,1,0,1,1.679822122485752,0.3402563570500733,0.5265890341390445
2024-12-03,0.870730850833114,0.0,1,Infosys market update,15.921557637523248,1,12,4,0,0,1,1.6487448171249006,-0.1814910995396958,0.5265890341390445
2024-12-04,-0.8745026930342521,0.0,1,Infosys market update,15.584751886224009,2,12,4,0,0,1,1.796362017588948,1.0102899328811457,0.5265890341390445
2024-12-05,0.070363911897857,0.0,0,Infosys market update,15.604700228085225,3,12,4,0,0,1,1.9245559022024628,0.8455275781685867,0.5265890341390445
2024-12-09,0.7459810510045763,0.0,1,Infosys market update,15.65478970209227,0,12,4,1,0,1,2.033326470965446,0.7356860083602142,0.5265890341390445
2024-12-10,0.1431220105329999,0.0,1,Infosys market update,15.702716712830824,1,12,4,0,0,1,2.064403776326299,0.2084464732800264,0.5265890341390445
2024-12-11,-0.1499491403374777,0.0,0,Infosys market update,15.63899492834876,2,12,4,0,0,1,2.10713507119747,0.301811807617143,0.5265890341390445
2024-12-12,-0.1776003384925551,0.0,1,Infosys market update,15.564867096150223,3,12,4,0,0,1,2.0682884394964045,-0.2419039629343007,0.5265890341390445
2024-12-13,-0.6674569486031141,0.0,0,Infosys market update,15.306953137208463,4,12,4,0,1,1,2.122673723877896,0.3732088279925851,0.5265890341390445
2024-12-16,1.8787649652345704,0.0,0,Infosys market update,16.104209787044127,0,12,4,1,0,1,2.103250408027363,-0.0991099221834165,0.5265890341390445
2024-12-17,-2.22737206296558,0.0,0,Infosys market update,15.174074202375584,1,12,4,0,0,1,2.0216724814551257,-0.500031651983976,0.5265890341390445
2024-12-18,1.11087010233605,0.0,1,Infosys market update,15.619034058830067,2,12,4,0,0,1,1.8468626388003329,-1.126128599891699,0.5265890341390445
2024-12-23,-2.738674361778792,0.0,0,Infosys market update,15.102702834085743,0,12,4,1,0,1,1.8934785968416112,0.1370494529045843,0.5265890341390445
2024-12-24,-1.451763827740039,0.0,0,Infosys market update,14.53413102192158,1,12,4,0,0,1,1.889593933671504,-0.0057445878462999,0.5265890341390445
2024-12-26,1.274443099857821,-3.469446951953614e-18,0,Infosys market update,15.05106952552168,3,12,4,0,0,1,1.842977975630227,-0.296824747838487,0.5265890341390445
2024-12-27,0.6068004965573809,0.0,0,Infosys market update,15.283362094756503,4,12,4,0,1,1,1.784708028078628,-0.3737138467043477,0.5265890341390445
2024-12-30,0.2948354569970755,0.0,0,Infosys market update,15.390522850388386,0,12,4,1,0,1,1.6448601539547936,-0.9119375387653726,0.5265890341390445
2024-12-31,-1.8407115411555344,0.0,1,Infosys market update,14.65028793462606,1,12,4,0,0,1,1.5749362168928762,-0.4286346316085339,0.5265890341390445
2025-01-03,-1.3898234324547425,0.0,1,Infosys market update,15.153323719680204,4,1,1,0,1,1,1.8390933124601196,0.038192040077049,0.5265890341390445
2025-01-06,0.6347127705370351,0.0,0,Infosys market update,15.397084037901346,0,1,1,1,0,1,1.8818246073312912,0.3073038861075616,0.5265890341390445
2025-01-07,0.1678513986855727,0.0,1,Infosys market update,15.454585133686338,1,1,1,0,0,1,1.8313239861199069,-0.3242851402905801,0.5265890341390445
2025-01-08,0.4912521908204389,0.0,0,Infosys market update,15.640011623045966,2,1,1,0,0,1,1.8934785968416112,0.4281296128967713,0.5265890341390445
2025-01-10,0.4734443260254078,0.0,0,Infosys market update,15.818206170369766,4,1,1,0,1,1,1.8662859546508657,-0.1759990210492772,0.5265890341390445
2025-01-13,1.1110172490169612,0.0,0,Infosys market update,16.263217204921343,0,1,1,1,0,1,1.8624012914807584,-0.0057445878462999,0.5265890341390445
2025-01-14,0.4924884336529914,0.0,1,Infosys market update,16.449081507740768,1,1,1,0,0,1,1.796362017588948,-0.4176504746276968,0.5265890341390445
2025-01-15,-1.065027608075253,0.0,0,Infosys market update,16.037958880527686,2,1,1,0,0,1,1.9362098917127828,0.944384990996122,0.5265890341390445
2025-01-17,-1.3556836158174017,0.0,0,Infosys market update,16.4191406159346,4,1,1,0,1,1,1.3068944581555255,-0.9503820881983032,0.5265890341390445
2025-01-21,0.739489251137531,0.0,1,Infosys market update,16.706121231762207,1,1,1,0,0,1,1.2913558054751,-0.0881257652025792,0.5265890341390445
2025-01-22,-1.6618443425480085,0.0,1,Infosys market update,16.046771600097212,2,1,1,0,0,1,1.4622809849597875,1.208004758536216,0.5265890341390445
2025-01-23,0.3875051210870764,0.0,0,Infosys market update,16.190583833389265,3,1,1,0,0,1,1.524435595681492,0.4500979268584458,0.5265890341390445
2025-01-24,-0.8963749734150867,0.0,0,Infosys market update,15.845315458564164,4,1,1,0,1,1,1.489473627150533,-0.2364118844438821,0.5265890341390445
2025-01-27,0.6031121692618853,0.0,0,Infosys market update,16.07611684175256,0,1,1,1,0,1,1.4350883427690415,-0.3407613757618359,0.5265890341390445
2025-01-28,1.0730933921804304,0.0,1,Infosys market update,16.504670183724446,1,1,1,0,0,1,1.4312036795989345,-0.0112366663367185,0.5265890341390445
2025-01-29,-1.4471623159440494,0.0,1,Infosys market update,15.937939867183944,2,1,1,0,0,1,1.493358290320639,0.4500979268584458,0.5265890341390445
2025-01-30,-0.5282842054800286,0.0,1,Infosys market update,15.732521548593786,3,1,1,0,0,1,1.5399742483619177,0.3182880430883988,0.5265890341390445
2025-01-31,0.9142746966990212,0.0,1,Infosys market update,16.092952289295848,4,1,1,0,1,1,1.5865902064031965,0.3457484355404919,0.5265890341390445
2025-02-03,0.3247207758748987,0.0,1,Infosys market update,16.211859271820284,0,2,1,1,0,1,1.602128859083622,0.1150811389429097,0.5265890341390445
2025-02-04,-0.2899818443465137,0.0,0,Infosys market update,16.09566607826044,1,2,1,0,0,1,1.7458613963775638,0.988321618919471,0.5265890341390445
2025-02-05,0.0536871073239928,0.0,0,Infosys market update,16.109145820437735,2,2,1,0,0,1,1.718668754186818,-0.1540307070876027,0.5265890341390445
2025-02-06,-0.1285121134423931,0.0,0,Infosys market update,16.053578569590915,3,2,1,0,0,1,1.695360775166178,-0.1540307070876027,0.5265890341390445
2025-02-07,0.0851287091268497,0.0,1,Infosys market update,16.07914700479146,4,2,1,0,1,1,1.5438589115320247,-0.994318716121652,0.5265890341390445
2025-02-10,-0.0845843243196188,-3.469446951953614e-18,1,Infosys market update,16.040123406728632,0,2,1,1,0,1,1.5593975642124505,0.1150811389429097,0.5265890341390445
2025-02-11,-0.1873698393868927,0.0,0,Infosys market update,15.962353822592023,1,2,1,0,0,1,1.5943595327434092,0.2688593366746312,0.5265890341390445
2025-02-12,-0.9586933899027904,0.0,0,Infosys market update,15.592866965966149,2,2,1,0,0,1,1.512781606171172,-0.5329841229264878,0.5265890341390445
2025-02-13,1.2743090733811586,0.0,0,Infosys market update,16.109730863466684,3,2,1,0,0,1,1.508896943001066,-0.0112366663367185,0.5265890341390445
2025-02-14,-0.8901644075222886,0.0,0,Infosys market update,15.7668489474285,4,2,1,0,1,1,1.4467423322793618,-0.412158396137278,0.5265890341390445
2025-02-18,1.0679750998048354,0.0,0,Infosys market update,16.193175386511296,1,2,1,0,0,1,1.388472384727763,-0.3901900821756036,0.5265890341390445
2025-02-19,0.1671212795021956,0.0,1,Infosys market update,16.250403883327245,2,2,1,0,0,1,1.31466378449574,-0.4945395734935574,0.5265890341390445
2025-02-20,-0.1335712397824667,0.0,0,Infosys market update,16.19288776760325,3,2,1,0,0,1,1.3651644057071244,0.3787009064830037,0.5265890341390445
2025-02-21,0.6394836224091945,0.0,0,Infosys market update,16.43859826350325,4,2,1,0,1,1,1.2991251318153128,-0.4451108670797898,0.5265890341390445
2025-02-24,-0.237702843283157,0.0,0,Infosys market update,16.341990999602086,0,2,1,1,0,1,1.174815910371904,-0.8680009108420237,0.5265890341390445
2025-02-25,-0.7933012299970872,0.0,0,Infosys market update,16.036343257604774,1,2,1,0,0,1,1.1515079313512653,-0.1430465501067655,0.5265890341390445
2025-02-27,0.2771890550668265,0.0,0,Infosys market update,16.138545225801543,3,2,1,0,0,1,1.050506688928495,-0.6977464776390465,0.5265890341390445
2025-02-28,1.309598799727699,0.0,0,Infosys market update,16.671152892858206,4,2,1,0,1,1,0.9028894884644476,-1.0547315795162568,0.5265890341390445
2025-03-03,-1.434636035817126,0.0,0,Infosys market update,16.10966027298433,0,3,1,1,0,1,0.8057729092117846,-0.719714791600721,0.5265890341390445
2025-03-04,0.8398587442527837,0.0,1,Infosys market update,16.43859826350325,1,3,1,0,0,1,0.759156951170506,-0.3187930618001615,0.5265890341390445
2025-03-05,-0.2468323962383427,0.0,0,Infosys market update,16.338515576569122,2,3,1,0,0,1,0.8912354989541277,0.9938136974098896,0.5265890341390445
2025-03-06,-0.2406441900623867,0.0,1,Infosys market update,16.24084420466598,3,3,1,0,0,1,0.7746956038509331,-0.835048439899512,0.5265890341390445
2025-03-07,0.8719078801472075,0.0,0,Infosys market update,16.583287786008277,4,3,1,0,1,1,0.8174268987221046,0.3237801215788174,0.5265890341390445
2025-03-10,-0.2881817292541426,0.0,0,Infosys market update,16.467709796022476,0,3,1,1,0,1,0.6620403719178429,-1.142604835362955,0.5265890341390445
2025-03-11,0.579255894506371,0.0,0,Infosys market update,16.688792728274837,1,3,1,0,0,1,0.4872305292630496,-1.3128592685659322,0.5265890341390445
2025-03-12,-0.3695129602784502,0.0,0,Infosys market update,16.542866596316255,2,3,1,0,0,1,0.3124206866082564,-1.345811739508444,0.5265890341390445
2025-03-13,-0.8755931687832107,0.0,1,Infosys market update,16.2055112045909,3,3,1,0,0,1,0.2347274232061262,-0.6098732217923486,0.5265890341390445
2025-03-14,-0.8828714468297084,0.0,1,Infosys market update,15.865433300352436,4,3,1,0,1,1,0.2774587180772978,0.3457484355404919,0.5265890341390445
2025-03-17,0.6672933529785646,0.0,0,Infosys market update,16.122535878541306,0,3,1,1,0,1,0.3396133287990022,0.5214949472338879,0.5265890341390445
2025-03-18,0.6822560496218248,0.0,1,Infosys market update,16.38586076607849,1,3,1,0,0,1,0.2929973707577235,-0.3407613757618359,0.5265890341390445
2025-03-19,-0.7706452164838797,0.0,0,Infosys market update,16.088749329141212,2,3,1,0,0,1,0.3396133287990022,0.3732088279925851,0.5265890341390445
2025-03-21,-0.078261510057439,0.0,1,Infosys market update,16.742835556393434,4,3,1,0,1,1,0.2463814127164462,0.8070830287356563,0.5265890341390445
2025-03-24,-2.1891979132944086,-3.469446951953614e-18,1,Infosys market update,15.832518162315589,0,3,1,1,0,1,0.347382655139215,0.8235592642069122,0.5265890341390445
2025-03-25,1.086869418395953,0.0,0,Infosys market update,16.267024233625655,1,3,1,0,0,1,0.4367299080516652,0.724701851379377,0.5265890341390445
2025-03-26,-1.166072970713507,0.0,1,Infosys market update,15.815787266942223,2,3,1,0,0,1,0.3706906341598537,-0.4780633380223015,0.5265890341390445
2025-03-27,-0.4279749370607871,0.0,0,Infosys market update,15.6480121785252,3,3,1,0,0,1,0.3745752973299608,0.0436841185674676,0.5265890341390445
2025-03-31,1.1357106428492154,0.0,0,Infosys market update,16.33386818293361,0,3,1,1,0,1,0.2191887705257005,0.257875179693794,0.5265890341390445
2025-04-01,0.2507681115322517,0.0,1,Infosys market update,16.42373313094,1,4,2,0,0,1,0.2036501178452733,-0.1320623931259282,0.5265890341390445
2025-04-02,-0.8505957222983268,0.0,0,Infosys market update,16.096085290411544,2,4,2,0,0,1,0.2735740549071906,0.5873998891189114,0.5265890341390445
2025-04-07,0.488158080826727,3.469446951953614e-18,0,Infosys market update,16.964388763898675,0,4,2,1,0,1,-0.3207794101191064,0.680765223456028,0.5265890341390445
2025-04-08,-1.498031314944725,3.469446951953614e-18,1,Infosys market update,16.376197073179892,1,4,2,0,0,1,-0.4567426210728352,-1.1645731493246294,0.5265890341390445
2025-04-11,-1.375807004135294,0.0,1,Infosys market update,16.532421453577246,4,4,2,0,1,1,-0.2858174415881477,-0.3078089048193242,0.5265890341390445
2025-04-14,0.7369585100560516,0.0,1,Infosys market update,16.81831779483773,0,4,2,1,0,1,-0.239201483546869,0.4391137698776086,0.5265890341390445
2025-04-15,-0.4600669620553194,0.0,0,Infosys market update,16.638447812819717,1,4,2,0,0,1,-0.2314321572066562,0.082128668000398,0.5265890341390445
2025-04-16,0.6089325494804742,0.0,0,Infosys market update,16.87161805753227,2,4,2,0,0,1,-0.3945880103511308,-1.433684995355142,0.5265890341390445
2025-04-17,-0.0482733682227632,0.0,1,Infosys market update,16.846325234048397,3,4,2,0,0,1,-0.5577438634956048,-1.4391770738455605,0.5265890341390445
2025-04-22,-1.7048766911123634,0.0,1,Infosys market update,16.16300218836427,1,4,2,0,0,1,-0.2935867679283606,0.944384990996122,0.5265890341390445
2025-04-23,0.487125596950503,0.0,1,Infosys market update,16.34676797042833,2,4,2,0,0,1,-0.1576235569746331,1.2189889155170532,0.5265890341390445
2025-04-24,-0.546327554270857,0.0,1,Infosys market update,16.134529964791746,3,4,2,0,0,1,-0.1071229357632473,0.4281296128967713,0.5265890341390445
2025-04-25,-0.7632437443892074,0.0,0,Infosys market update,15.8402320194745,4,4,2,0,1,1,-0.0915842830828216,0.1425415313950029,0.5265890341390445
2025-04-28,0.0088797133621855,0.0,1,Infosys market update,15.836647573385816,0,4,2,1,0,1,-0.1187769252735673,-0.2034594135013703,0.5265890341390445
2025-04-29,0.0942386731960277,0.0,1,Infosys market update,15.865729369673954,1,4,2,0,0,1,-0.0294296723611171,0.7741305577931445,0.5265890341390445
2025-04-30,-0.2256798432840812,0.0,0,Infosys market update,15.773561141380352,2,4,2,0,0,1,-0.0177756828507985,0.1095890604524911,0.5265890341390445
2025-05-02,0.3842393848287159,0.0,0,Infosys market update,16.006102185847958,4,5,2,0,1,1,0.0832255595719716,0.8894642060919359,0.5265890341390445
2025-05-05,-1.1809962836571897,-3.469446951953614e-18,0,Infosys market update,15.54884628374865,0,5,2,1,0,1,0.0715715700616516,-0.077141608221742,0.5265890341390445
2025-05-06,0.9765793483597046,0.0,0,Infosys market update,15.9357822141314,1,5,2,0,0,1,0.0443789278709058,-0.2309198059534634,0.5265890341390445
2025-05-07,-1.0857256211243085,-3.469446951953614e-18,0,Infosys market update,15.516433343035594,2,5,2,0,0,1,0.0210709488502672,-0.1705069425588586,0.5265890341390445
2025-05-08,1.750135747294122,0.0,0,Infosys market update,16.252040795475722,3,5,2,0,0,1,-0.06050697772197,-0.6647940066965348,0.5265890341390445
2025-05-13,-1.6096522748755608,0.0,1,Infosys market update,15.967237993177472,1,5,2,0,0,1,0.2696893917370849,-0.7801276549953259,0.5265890341390445
2025-05-14,0.0329702096132253,0.0,1,Infosys market update,15.97286188039926,2,5,2,0,0,1,0.2968820339278306,0.257875179693794,0.5265890341390445
2025-05-15,-0.1615969314199198,0.0,0,Infosys market update,15.904791161930923,3,5,2,0,0,1,0.3939986131804937,0.7906067932644004,0.5265890341390445
2025-05-16,1.1660630707205877,0.0,1,Infosys market update,16.373830373107456,4,5,2,0,1,1,0.2424967495463391,-1.1865414632863038,0.5265890341390445
2025-05-19,-0.8257726750942163,0.0,0,Infosys market update,16.055624431479398,0,5,2,1,0,1,0.250266075886552,0.0766365895099794,0.5265890341390445
2025-05-20,-0.7386881242177338,-3.469446951953614e-18,0,Infosys market update,15.770734484537728,1,5,2,0,0,1,0.2153041073555933,-0.252888119915138,0.5265890341390445
2025-05-21,0.2943791153516433,0.0,0,Infosys market update,15.877704333409236,2,5,2,0,0,1,0.1881114651648475,-0.2254277274630449,0.5265890341390445
2025-05-22,0.1729547275427276,0.0,1,Infosys market update,15.9371732349103,3,5,2,0,0,1,0.1414955071235689,-0.3462534542522546,0.5265890341390445
2025-05-23,0.5015298505026018,0.0,1,Infosys market update,16.126708553198956,4,5,2,0,1,1,0.1686881493143147,0.2304147872417008,0.5265890341390445
2025-05-27,-0.2797978981410479,0.0,0,Infosys market update,16.014333967597803,1,5,2,0,0,1,0.3085360234381493,1.1695602091032855,0.5265890341390445
2025-05-28,-0.7989885804783238,-3.469446951953614e-18,1,Infosys market update,15.706496920589398,2,5,2,0,0,1,0.261920065396872,-0.3682217682139291,0.5265890341390445
2025-05-29,0.6554254020070337,0.0,0,Infosys market update,15.958701364088045,3,5,2,0,0,1,0.2968820339278306,0.3127959645979802,0.5265890341390445
2025-05-30,0.9919035186093482,0.0,0,Infosys market update,16.352258347878273,4,5,2,0,1,1,0.2929973707577235,-0.0222208233175558,0.5265890341390445
2025-06-03,0.7238884654839333,0.0,0,Infosys market update,16.233172895929172,1,6,2,0,0,1,0.238612086376232,-0.4341267100989526,0.5265890341390445
2025-06-04,-1.0296346612327114,0.0,1,Infosys market update,15.83595831135798,2,6,2,0,0,1,0.1648034861442089,-0.560444515378581,0.5265890341390445
2025-06-05,0.6264784541026815,0.0,1,Infosys market update,16.076325394479774,3,6,2,0,0,1,0.1958807915050604,0.2633672581842126,0.5265890341390445
2025-06-06,-1.0379782342630015,-3.469446951953614e-18,1,Infosys market update,15.6758474123768,4,6,2,0,1,1,0.2968820339278306,0.8455275781685867,0.5265890341390445
2025-06-09,-0.450815276022879,-3.469446951953614e-18,1,Infosys market update,15.499443696131175,0,6,2,1,0,1,0.3318440024587893,0.2853355721458871,0.5265890341390445
2025-06-10,1.3975252176355353,0.0,1,Infosys market update,16.071611929902865,1,6,2,0,0,1,0.4134219290310266,0.6752731449656094,0.5265890341390445
2025-06-11,1.2062445871415652,0.0,0,Infosys market update,16.55836152632662,2,6,2,0,0,1,0.452268560732091,0.3127959645979802,0.5265890341390445
2025-06-12,-0.8111052359385343,0.0,0,Infosys market update,16.245837906317256,3,6,2,0,0,1,0.4328452448815581,-0.1320623931259282,0.5265890341390445
2025-06-13,-0.1977578357181651,0.0,1,Infosys market update,16.164206132745672,4,6,2,0,1,1,0.3784599605000679,-0.3956821606660222,0.5265890341390445
2025-06-16,-0.2108062793661008,-3.469446951953614e-18,0,Infosys market update,16.077700752719462,0,6,2,1,0,1,0.5027691819434754,0.9993057759003082,0.5265890341390445
2025-06-17,0.1566266388211589,0.0,0,Infosys market update,16.13090338070469,1,6,2,0,0,1,0.4716918765826239,-0.2199356489726262,0.5265890341390445
2025-06-18,0.2123635364799957,0.0,0,Infosys market update,16.2057310915131,2,6,2,0,0,1,0.3823446236701737,-0.6922543991486279,0.5265890341390445
2025-06-23,-2.156534780271784,0.0,1,Infosys market update,16.541584091938464,0,6,2,1,0,1,0.2580354022267648,1.3233384068350071,0.5265890341390445
2025-06-24,-1.4204807792747631,0.0,1,Infosys market update,15.986128862273876,1,6,2,0,0,1,0.335728665628895,0.6203523600614231,0.5265890341390445
2025-06-25,0.5600710067307556,0.0,1,Infosys market update,16.19935309746089,2,6,2,0,0,1,0.4134219290310266,0.6478127525135162,0.5265890341390445
2025-06-26,0.7187807242153257,0.0,0,Infosys market update,16.4777053542749,3,6,2,0,0,1,0.4483838975619852,0.2853355721458871,0.5265890341390445
2025-06-27,-0.138359594813169,0.0,1,Infosys market update,16.418355860929253,4,6,2,0,1,1,0.4173065922011323,-0.2199356489726262,0.5265890341390445
2025-06-30,-0.1344155170255909,-3.469446951953614e-18,1,Infosys market update,16.36050058508312,0,6,2,1,0,1,0.4211912553712394,0.0436841185674676,0.5265890341390445
2025-07-01,0.4373243943397007,0.0,0,Infosys market update,16.52423393243444,1,7,3,0,0,1,0.5610391294950741,1.1146394241990991,0.5265890341390445
2025-07-02,-1.2003191449800366,0.0,1,Infosys market update,16.059226468705873,2,7,3,0,0,1,0.5532698031548612,-0.0441891372792303,0.5265890341390445
2025-07-03,-1.9523154728283671,-3.469446951953614e-18,0,Infosys market update,15.266492101046168,3,7,3,0,0,1,0.580462445345607,0.2468910227129567,0.5265890341390445
2025-07-07,1.722865655870886,0.0,1,Infosys market update,15.989170888643551,0,7,3,1,0,1,0.5299618241342212,-0.3901900821756036,0.5265890341390445
2025-07-08,0.5493059796802109,0.0,0,Infosys market update,16.19805229338989,1,7,3,0,0,1,0.5571544663249669,0.2194306302608636,0.5265890341390445
2025-07-09,0.5015298505026018,0.0,0,Infosys market update,16.387573095133106,2,7,3,0,0,1,0.5299618241342212,-0.1869831780301145,0.5265890341390445
2025-07-11,-1.3104327161380345,0.0,0,Infosys market update,16.61651671531446,4,7,3,0,1,1,0.2929973707577235,0.2908276506363057,0.5265890341390445
2025-07-14,-0.3192592356876758,0.0,1,Infosys market update,16.489328187092386,0,7,3,1,0,1,0.2269580968659133,-0.5274920444360692,0.5265890341390445
2025-07-15,-0.0705887293297587,-3.469446951953614e-18,1,Infosys market update,16.455538915978824,1,7,3,0,0,1,0.3046513602680435,0.6587969094943535,0.5265890341390445
2025-07-16,0.313680298168975,0.0,0,Infosys market update,16.57014538170521,2,7,3,0,0,1,0.4095372658609195,0.8620038136398427,0.5265890341390445
2025-07-17,-0.3800502791503386,0.0,0,Infosys market update,16.420272243481307,3,7,3,0,0,1,0.3978832763505994,-0.0716495297313234,0.5265890341390445
2025-07-18,-0.8618048668257392,0.0,0,Infosys market update,16.088337331814603,4,7,3,0,1,1,0.3007666970979364,-0.7581593410336513,0.5265890341390445
2025-07-21,0.4451519449355792,0.0,1,Infosys market update,16.25518454566179,0,7,3,1,0,1,0.2929973707577235,-0.0441891372792303,0.5265890341390445
2025-07-22,1.2315667695475945,0.0,1,Infosys market update,16.753110467071778,1,7,3,0,0,1,0.3201900129484692,0.2249227087512822,0.5265890341390445
2025-07-23,0.7004234213475603,0.0,0,Infosys market update,17.023919839164396,2,7,3,0,0,1,0.3901139500103865,0.5873998891189114,0.5265890341390445
2025-07-25,0.6811379942437215,0.0,0,Infosys market update,16.764559997867334,4,7,3,0,1,1,-0.0138910196806914,-0.9448900097078846,0.5265890341390445
2025-07-28,0.3499454630812222,0.0,1,Infosys market update,16.893523080182685,0,7,3,1,0,1,-0.0915842830828216,-0.6483177712252789,0.5265890341390445
2025-07-29,-1.5953959122364876,0.0,0,Infosys market update,16.263381525678945,1,7,3,0,0,1,-0.0721609672322887,0.1754940023375146,0.5265890341390445
2025-07-30,0.3735327646516829,0.0,0,Infosys market update,16.401679411791946,2,7,3,0,0,1,-0.1692775464849517,-0.8130801259378376,0.5265890341390445
2025-07-31,0.4823689780516422,0.0,0,Infosys market update,16.5834887304352,3,7,3,0,0,1,-0.2586247993974019,-0.7306989485815583,0.5265890341390445
2025-08-01,0.6052483961799473,0.0,1,Infosys market update,16.815155218142944,4,8,3,0,1,1,-0.3751646945005979,-0.9998107946120708,0.5265890341390445
2025-08-04,-0.2265575847170448,0.0,0,Infosys market update,16.72273948755376,0,8,3,1,0,1,-0.3479720523098522,0.2523831012033753,0.5265890341390445
2025-08-05,0.5473057352487842,0.0,0,Infosys market update,16.9307976743746,1,8,3,0,0,1,-0.4528579579027288,-0.9174296172557914,0.5265890341390445
2025-08-06,-0.7324026305834359,0.0,0,Infosys market update,16.648282687052422,2,8,3,0,0,1,-0.4994739159440067,-0.4231425531181153,0.5265890341390445
2025-08-07,0.3868524145633818,0.0,0,Infosys market update,16.791881657767128,3,8,3,0,0,1,-0.5188972317945396,-0.1540307070876027,0.5265890341390445
2025-08-08,-0.8923551598616893,0.0,0,Infosys market update,16.448111446692415,4,8,3,0,1,1,-0.530551221304859,-0.0881257652025792,0.5265890341390445
2025-08-11,0.9397140021544184,0.0,1,Infosys market update,16.81930033249474,0,8,3,1,0,1,-0.5344358844749654,-0.0167287448271371,0.5265890341390445
2025-08-12,-0.2233407351279417,0.0,1,Infosys market update,16.728029740987886,1,8,3,0,0,1,-0.4994739159440067,0.3237801215788174,0.5265890341390445
2025-08-13,1.019998097449969,0.0,0,Infosys market update,17.133641534628584,2,8,3,0,0,1,-0.3829340208408108,1.0761948747661692,0.5265890341390445
2025-08-14,-1.013755794257712,0.0,1,Infosys market update,16.742701697268398,3,8,3,0,0,1,-0.3907033471810244,-0.0496812157696489,0.5265890341390445
2025-08-15,-1.8181258383051888,0.0,0,Infosys market update,16.012835241400822,4,8,3,0,1,1,-0.3168947469489999,0.6862573019464466,0.5265890341390445
2025-08-18,0.5546961311617764,0.0,1,Infosys market update,16.22390515580541,0,8,3,1,0,1,-0.3751646945005979,-0.4835554165127202,0.5265890341390445
2025-08-19,1.308153663338432,0.0,1,Infosys market update,16.755904577828407,1,8,3,0,0,1,-0.3013560942685735,0.6533048310039349,0.5265890341390445
2025-08-20,0.5099164345154993,0.0,1,Infosys market update,16.94881110869878,2,8,3,0,0,1,-0.1498542306344202,1.3727671132487749,0.5265890341390445
2025-08-21,-0.3507101827365305,0.0,1,Infosys market update,16.80994704234598,3,8,3,0,0,1,-0.1343155779539931,0.1480336098854215,0.5265890341390445
2025-08-22,1.3049964264655178,0.0,0,Infosys market update,17.34049958368211,4,8,3,0,1,1,-0.0255450091910114,0.9498770694865408,0.5265890341390445
2025-08-25,-1.7101712570252348,0.0,0,Infosys market update,16.659687173374476,0,8,3,1,0,1,-0.0294296723611171,-0.0167287448271371,0.5265890341390445
2025-08-26,-0.3844010624093154,0.0,1,Infosys market update,16.50812226308118,1,8,3,0,0,1,-0.0682763040621829,-0.3297772187809987,0.5265890341390445
2025-08-27,-0.944218872449372,0.0,0,Infosys market update,16.144240963965867,2,8,3,0,0,1,-0.0177756828507985,0.461082083839283,0.5265890341390445
2025-08-28,2.315425387557648,0.0,0,Infosys market update,17.15965426147798,3,8,3,0,0,1,-0.153738893804526,-1.1206365214012803,0.5265890341390445
2025-08-29,-1.2656453710041626,0.0,1,Infosys market update,16.668134353233064,4,8,3,0,1,1,-0.2197781676963375,-0.5659365938689995,0.5265890341390445
2025-09-02,-0.6459795784660275,0.0,0,Infosys market update,16.418429920734503,1,9,3,0,0,1,-0.1925855255055918,0.2468910227129567,0.5265890341390445
2025-09-03,0.902246680172914,0.0,0,Infosys market update,16.773727914666882,2,9,3,0,0,1,-0.2858174415881477,-0.7966038904665818,0.5265890341390445
2025-09-04,-0.6175660768819963,0.0,0,Infosys market update,16.534678790729902,3,9,3,0,0,1,-0.3052407574386806,-0.1485386285971841,0.5265890341390445
2025-09-05,1.085078595488978,0.0,1,Infosys market update,16.968417548618003,4,9,3,0,1,1,-0.3829340208408108,-0.6812702421677906,0.5265890341390445
2025-09-08,0.2451602443908532,0.0,1,Infosys market update,17.056065718597395,0,9,3,1,0,1,-0.2314321572066562,1.3892433487200306,0.5265890341390445
2025-09-09,-1.3848714726752531,0.0,0,Infosys market update,16.51552193412128,1,9,3,0,0,1,-0.1498542306344202,0.7356860083602142,0.5265890341390445
2025-09-10,0.477600503425291,0.0,1,Infosys market update,16.695427914095983,2,9,3,0,0,1,-0.1615082201447389,-0.0826336867121606,0.5265890341390445
2025-09-11,1.3018333977297774,0.0,0,Infosys market update,17.224596774118073,3,9,3,0,0,1,-0.1265462516137802,0.3073038861075616,0.5265890341390445
2025-09-12,-2.063398602397193,0.0,0,Infosys market update,16.377910591736704,4,9,3,0,1,1,-0.165392883314846,-0.3352692972714173,0.5265890341390445
2025-09-15,0.946824998972086,0.0,1,Infosys market update,16.75217205498373,0,9,3,1,0,1,-0.1809315359952717,-0.1155861576546723,0.5265890341390445
2025-09-16,-0.1408986552965315,0.0,1,Infosys market update,16.691862326837402,1,9,3,0,0,1,-0.1304309147838873,0.4720662408201203,0.5265890341390445
2025-09-18,-2.1369281914887996,0.0,0,Infosys market update,16.399191154510916,3,9,3,0,0,1,0.0599175805513329,-0.3242851402905801,0.5265890341390445
2025-09-22,-2.840179957124702,0.0,0,Infosys market update,16.52317408431744,0,9,3,1,0,1,-0.0954689462529287,0.5983840460997486,0.5265890341390445
2025-09-23,-0.6815114058059317,0.0,1,Infosys market update,16.25997717152666,1,9,3,0,0,1,-0.1964701886756975,-0.8460325968803493,0.5265890341390445
2025-09-24,0.9874934424156973,0.0,0,Infosys market update,16.651637359660445,2,9,3,0,0,1,-0.142084904294206,0.505018711762632,0.5265890341390445
2025-09-26,0.2449262359823386,0.0,0,Infosys market update,16.78405152604329,4,9,3,0,1,1,-0.3324333996294264,-0.0496812157696489,0.5265890341390445
2025-09-29,0.0057162560000681,0.0,0,Infosys market update,16.779251574756504,0,9,3,1,0,1,-0.4062419998614501,-0.6483177712252789,0.5265890341390445
2025-09-30,-0.9694928541701728,0.0,1,Infosys market update,16.405617785620734,1,9,3,0,0,1,-0.425665315711983,-0.1540307070876027,0.5265890341390445
2025-10-01,0.4682363892018834,0.0,0,Infosys market update,16.58177941435548,2,10,4,0,0,1,-0.3868186840109179,0.3512405140309106,0.5265890341390445
2025-10-02,-0.3698222979123044,0.0,1,Infosys market update,16.43573457748646,3,10,4,0,0,1,-0.472281273753261,-0.719714791600721,0.5265890341390445
2025-10-03,0.264254773427508,0.0,1,Infosys market update,16.530874018541606,4,10,4,0,1,1,-0.4412039683924088,0.2908276506363057,0.5265890341390445
2025-10-07,-0.8538463624861412,0.0,1,Infosys market update,16.53539057670272,1,10,4,0,0,1,-0.3790493576707043,-0.9723504021599776,0.5265890341390445
2025-10-08,-0.346413329575399,0.0,1,Infosys market update,16.398095868368983,2,10,4,0,0,1,-0.2508554730571891,1.19152852306496,0.5265890341390445
2025-10-09,1.1612074219506103,0.0,0,Infosys market update,16.865063227592866,3,10,4,0,0,1,-0.1304309147838873,1.0652107177853316,0.5265890341390445
2025-10-13,-1.0830364352344866,0.0,0,Infosys market update,16.114067649441502,0,10,4,1,0,1,-0.2353168203767633,0.680765223456028,0.5265890341390445
2025-10-14,1.5792540181900705,0.0,0,Infosys market update,16.76946209630299,1,10,4,0,0,1,-0.3479720523098522,-0.9668583236695588,0.5265890341390445
2025-10-15,0.546705250657368,0.0,0,Infosys market update,16.977320712926968,2,10,4,0,0,1,-0.3635107049902786,-0.1155861576546723,0.5265890341390445
2025-10-16,0.6848622448257744,0.0,1,Infosys market update,17.241689973744982,3,10,4,0,0,1,-0.4994739159440067,-1.2194939342288156,0.5265890341390445
2025-10-17,-2.1116803773806803,0.0,1,Infosys market update,16.370767013742604,4,10,4,0,1,1,-0.4023573366913437,0.9059404415631916,0.5265890341390445
2025-10-22,-0.1499491403374777,0.0,1,Infosys market update,16.95157422042362,2,10,4,0,0,1,0.0249556120203743,0.2029543947896077,0.5265890341390445
2025-10-23,-1.2548211196391317,0.0,0,Infosys market update,16.464433419929346,3,10,4,0,0,1,0.0443789278709058,0.2029543947896077,0.5265890341390445
2025-10-24,-1.3100271589162036,0.0,0,Infosys market update,15.954694096767826,4,10,4,0,1,1,0.02884027519048,-0.1430465501067655,0.5265890341390445
2025-10-27,0.778279699210653,0.0,0,Infosys market update,16.257831592995473,0,10,4,1,0,1,-0.0410836618714372,-0.560444515378581,0.5265890341390445
2025-10-28,0.8180034529637333,0.0,0,Infosys market update,16.57762593822941,1,10,4,0,0,1,-0.0993536094230344,-0.4670791810414643,0.5265890341390445
2025-10-29,-0.337534701600217,0.0,0,Infosys market update,16.443665890464214,2,10,4,0,0,1,-0.1032382725931416,-0.0167287448271371,0.5265890341390445
2025-10-30,0.0706193999511408,0.0,0,Infosys market update,16.46362680285231,3,10,4,0,0,1,-0.1925855255055918,-0.76365141952407,0.5265890341390445
2025-10-31,-0.1095009086116896,0.0,0,Infosys market update,16.415188378961776,4,10,4,0,1,1,-0.2197781676963375,-0.2144435704822076,0.5265890341390445
2025-11-03,-0.2259723888573865,0.0,0,Infosys market update,16.32297754866629,0,11,4,1,0,1,-0.281932778418042,-0.5165078874552319,0.5265890341390445
2025-11-04,-0.3329539439220111,0.0,1,Infosys market update,16.190667536792443,1,11,4,0,0,1,-0.3207794101191064,-0.3517455327426732,0.5265890341390445
2025-11-05,-0.3608658566131004,0.0,0,Infosys market update,16.047984404322953,2,11,4,0,0,1,-0.2780481152479349,0.4226375344063527,0.5265890341390445
2025-11-06,0.2861467161231932,0.0,1,Infosys market update,16.151685250648708,3,11,4,0,0,1,-0.367395368160385,-0.7856197334857445,0.5265890341390445
2025-11-07,-0.6334327286012031,0.0,1,Infosys market update,15.906695500204366,4,11,4,0,1,1,-0.2469708098870833,1.1036552672182622,0.5265890341390445
2025-11-10,0.5281976190809392,0.0,1,Infosys market update,16.10702469343757,0,11,4,1,0,1,-0.1459695674643131,0.8839721276015172,0.5265890341390445
2025-11-11,-0.1240245168885818,0.0,1,Infosys market update,16.053055777498006,1,11,4,0,0,1,-0.0527376513817572,0.8345434211877495,0.5265890341390445
2025-11-12,0.4104270961019334,0.0,0,Infosys market update,16.206060831266246,2,11,4,0,0,1,-0.0216603460209043,0.2743514151650498,0.5265890341390445
2025-11-13,-0.1346970119634866,0.0,0,Infosys market update,16.14813016527365,3,11,4,0,0,1,-0.0721609672322887,-0.4011742391564408,0.5265890341390445
2025-11-14,0.2451602443908532,0.0,1,Infosys market update,16.235754323326354,4,11,4,0,1,1,-0.1887008623354846,-0.9888266376312336,0.5265890341390445
2025-11-17,-0.1824800661387239,0.0,1,Infosys market update,16.159870886999478,0,11,4,1,0,1,-0.142084904294206,0.4116533774255154,0.5265890341390445
2025-11-18,0.8205983902933026,0.0,1,Infosys market update,16.48074378979564,1,11,4,0,0,1,-0.0760456304023958,0.6038761245901673,0.5265890341390445
2025-11-19,-1.549029127661098,0.0,0,Infosys market update,15.870621112284452,2,11,4,0,0,1,0.0599175805513329,1.1805443660841228,0.5265890341390445
2025-11-20,1.1613504268665793,0.0,1,Infosys market update,16.337632786967454,3,11,4,0,0,1,-0.0061216933404785,-0.5549524368881623,0.5265890341390445
2025-11-24,-0.6873567144840843,0.0,1,Infosys market update,16.363000772331926,0,11,4,1,0,1,0.0443789278709058,-1.3183513470563508,0.5265890341390445
2025-11-25,-0.5204447004156394,0.0,1,Infosys market update,16.16050368305576,1,11,4,0,0,1,0.0482635910410129,0.0491761970578863,0.5265890341390445
2025-11-26,-0.6031195371839224,0.0,1,Infosys market update,15.926935266562529,2,11,4,0,0,1,0.1026488754225045,0.461082083839283,0.5265890341390445
2025-11-28,-1.9801122071892072,0.0,0,Infosys market update,15.120839139677638,4,11,4,0,1,1,0.1259568544431431,0.2029543947896077,0.5265890341390445
2025-12-01,1.0091246862862644,0.0,0,Infosys market update,15.52178493937601,0,12,4,1,0,1,0.1143028649328231,-0.077141608221742,0.5265890341390445
2025-12-02,0.4957811760447389,0.0,1,Infosys market update,15.709044269853653,1,12,4,0,0,1,0.0987642122523974,-0.1100940791642537,0.5265890341390445
2025-12-03,0.3012130849366896,0.0,1,Infosys market update,15.81870543827798,2,12,4,0,0,1,0.1958807915050604,0.8070830287356563,0.5265890341390445
2025-12-05,-1.726088105344834,0.0,0,Infosys market update,16.034529351051898,4,12,4,0,1,1,0.3512673183093222,-0.6428256927348603,0.5265890341390445
2025-12-08,-0.6297121142054851,0.0,1,Infosys market update,15.790910297434705,0,12,4,1,0,1,0.2191887705257005,-1.0492395010258384,0.5265890341390445
2025-12-09,1.945611525876816,0.0,1,Infosys market update,16.620627032399216,1,12,4,0,0,1,0.2269580968659133,0.1095890604524911,0.5265890341390445
2025-12-10,-1.257624780538409,0.0,0,Infosys market update,16.132353621289344,2,12,4,0,0,1,0.3512673183093222,1.0047978543907268,0.5265890341390445
2025-12-11,0.6429111433327223,0.0,0,Infosys market update,16.37942099131562,3,12,4,0,0,1,0.2463814127164462,-0.8020959689570004,0.5265890341390445
2025-12-12,-1.262034247750185,0.0,0,Infosys market update,15.889424475439666,4,12,4,0,1,1,0.238612086376232,-0.0441891372792303,0.5265890341390445
2025-12-16,1.353806163498347,0.0,1,Infosys market update,16.458759163327823,1,12,4,0,0,1,0.2347274232061262,-0.0167287448271371,0.5265890341390445
2025-12-17,0.3470600993343153,0.0,1,Infosys market update,16.586529361025573,2,12,4,0,0,1,0.4056526026908123,1.4057195841912864,0.5265890341390445
2025-12-24,0.0125642124878491,0.0,1,Infosys market update,16.400451137304938,2,12,4,0,0,1,0.5765777821754998,0.3127959645979802,0.5265890341390445
2025-12-26,-1.8825213384129589,0.0,0,Infosys market update,15.640704964464884,4,12,4,0,1,1,0.6231937402167785,0.3677167495021665,0.5265890341390445
2025-12-29,-0.0366635938985789,0.0,0,Infosys market update,15.619791472338784,0,12,4,1,0,1,0.4872305292630496,-1.038255344045001,0.5265890341390445
2025-12-30,0.333687287040722,0.0,0,Infosys market update,15.742296281121412,1,12,4,0,0,1,0.3396133287990022,-1.1480969138533736,0.5265890341390445
2025-12-31,-1.080732867798671,0.0,1,Infosys market update,15.324929441344716,2,12,4,0,0,1,0.2541507390566591,-0.6538098497156976,0.5265890341390445
2026-01-02,1.4810156573815454,0.0,0,Infosys market update,15.935097985654508,4,1,1,0,1,1,0.3823446236701737,1.03225824684282,0.5265890341390445
2026-01-05,1.5874081294266489,0.0,1,Infosys market update,16.59425535513182,0,1,1,1,0,1,0.2036501178452733,-1.4062246029030487,0.5265890341390445
2026-01-06,-0.7826626256821289,0.0,1,Infosys market update,16.29262870596186,1,1,1,0,0,1,0.3629213078196408,1.3233384068350071,0.5265890341390445
2026-01-07,-0.7372903299649055,0.0,0,Infosys market update,16.00828089655825,2,1,1,0,0,1,0.4095372658609195,0.4116533774255154,0.5265890341390445
2026-01-08,-0.4683870435605504,0.0,0,Infosys market update,15.825280560414296,3,1,1,0,0,1,0.3396133287990022,-0.5549524368881623,0.5265890341390445
2026-01-09,-0.4078270329653429,0.0,0,Infosys market update,15.66495716234564,4,1,1,0,1,1,0.2580354022267648,-0.6208573787731857,0.5265890341390445
2026-01-12,1.6767633395024677,0.0,0,Infosys market update,16.365861646547504,0,1,1,1,0,1,0.2463814127164462,-0.077141608221742,0.5265890341390445
2026-01-13,1.1018709364922668,0.0,1,Infosys market update,16.8069085018679,1,1,1,0,0,1,0.1414955071235689,-0.8460325968803493,0.5265890341390445
2026-01-16,-1.0357009359864346,0.0,0,Infosys market update,16.36438533186939,4,1,1,0,1,1,0.5649237926651798,-0.5384762014169064,0.5265890341390445
2026-01-20,-0.945700858148856,0.0,1,Infosys market update,15.999920150797816,1,1,1,0,0,1,0.4017679395207066,-1.2194939342288156,0.5265890341390445
2026-01-21,0.1404100538012424,0.0,0,Infosys market update,16.046803817453544,2,1,1,0,0,1,0.4406145712217724,0.3182880430883988,0.5265890341390445
2026-01-22,-0.6125190194273383,0.0,0,Infosys market update,15.809707479202409,3,1,1,0,0,1,0.4328452448815581,-0.0441891372792303,0.5265890341390445
2026-01-23,-1.346269174916186,0.0,1,Infosys market update,15.285134756683105,4,1,1,0,1,1,0.4134219290310266,-0.1320623931259282,0.5265890341390445
2026-01-26,0.4573583433641047,0.0,0,Infosys market update,15.4569123393121,0,1,1,1,0,1,0.5338464873043283,0.9498770694865408,0.5265890341390445
2026-01-27,1.083584861412579,0.0,0,Infosys market update,15.88996480875804,1,1,1,0,0,1,0.4173065922011323,-0.8734929893324423,0.5265890341390445
2026-01-28,0.2568253068794687,0.0,0,Infosys market update,15.98218440014501,2,1,1,0,0,1,0.2968820339278306,-0.9448900097078846,0.5265890341390445
2026-01-29,1.348935814686449,0.0,0,Infosys market update,16.532447884653163,3,1,1,0,0,1,0.2269580968659133,-0.5329841229264878,0.5265890341390445
2026-01-30,0.3461714328665924,0.0,1,Infosys market update,16.659867521785987,4,1,1,0,1,1,0.1648034861442089,-0.5110158089648132,0.5265890341390445
2026-02-05,-2.0988604318646034,0.0,1,Infosys market update,16.428722541203932,3,2,1,0,0,1,-0.1343155779539931,0.213938551770445,0.5265890341390445
2026-02-06,0.1982761744756667,0.0,0,Infosys market update,16.498072064687076,4,2,1,0,1,1,-0.1187769252735673,0.1480336098854215,0.5265890341390445
2026-02-10,-0.0596743509720513,0.0,0,Infosys market update,16.115903349620883,1,2,1,0,0,1,-0.2042395150159104,1.0267661683524014,0.5265890341390445
2026-02-17,0.4052609822000292,3.469446951953614e-18,1,Infosys market update,16.95402200009373,1,2,1,0,0,1,-0.9112482119752984,0.126065295923747,0.5265890341390445
2026-02-18,-1.1699949302573196,0.0,0,Infosys market update,16.501083425931675,2,2,1,0,0,1,-0.7985929800422088,1.131115659670355,0.5265890341390445
2026-02-20,-0.3302092957115065,0.0,0,Infosys market update,16.578421412854336,4,2,1,0,1,1,-0.9500948436763634,0.3951771419542595,0.5265890341390445
2026-02-24,0.1639543239317,0.0,1,Infosys market update,17.040018532459452,1,2,1,0,0,1,-1.2569832341147784,-0.2583801984055566,0.5265890341390445
2026-02-27,-0.3286857243881553,0.0,0,Infosys market update,16.644095619791635,4,2,1,0,1,1,-1.0316727702486002,-0.9558741666887216,0.5265890341390445
2026-03-02,-1.2213204810734803,0.0,1,Infosys market update,16.170621780092723,0,3,1,1,0,1,-1.1249046863311567,-0.9339058527270472,0.5265890341390445
2026-03-03,0.2360132385673387,0.0,1,Infosys market update,16.25464382601532,1,3,1,0,0,1,-1.113250696820837,0.1315573744141656,0.5265890341390445
2026-03-04,1.3641416981875685,0.0,1,Infosys market update,16.811717768717735,2,3,1,0,0,1,-1.0705194019496658,0.4391137698776086,0.5265890341390445
2026-03-05,-0.7854963767067287,0.0,1,Infosys market update,16.50894114472282,3,3,1,0,0,1,-1.04332675975892,0.2853355721458871,0.5265890341390445
2026-03-06,0.0939861773158866,0.0,0,Infosys market update,16.537950133661237,4,3,1,0,1,1,-1.0316727702486002,0.170001923847096,0.5265890341390445
2026-03-09,-0.0959005946658534,0.0,0,Infosys market update,16.494667404032494,0,3,1,1,0,1,-1.0394420965888136,-0.0606653727504861,0.5265890341390445
2026-03-10,0.454839240515744,0.0,0,Infosys market update,16.66545960504176,1,3,1,0,0,1,-1.183174633882755,-1.433684995355142,0.5265890341390445
2026-03-11,-0.2965930815315417,0.0,0,Infosys market update,16.546841057737723,2,3,1,0,0,1,-1.245329244604459,-0.6483177712252789,0.5265890341390445
2026-03-13,-1.1586315314087636,0.0,0,Infosys market update,16.16273444821099,4,3,1,0,1,1,-1.474524371640744,-0.675778163677372,0.5265890341390445
2026-03-16,1.8166571248853904,0.0,0,Infosys market update,16.9300564914545,0,3,1,1,0,1,-1.4784090348108505,-0.0277129018079744,0.5265890341390445
2026-03-17,-0.0423255681906143,0.0,0,Infosys market update,16.906952976780286,1,3,1,0,0,1,-1.5017170138314897,-0.2309198059534634,0.5265890341390445
2026-03-18,0.390765354817989,3.469446951953614e-18,1,Infosys market update,17.05213203325645,2,3,1,0,0,1,-1.6066029194243656,-1.1480969138533736,0.5265890341390445
2026-03-19,-0.1014417431445512,3.469446951953614e-18,1,Infosys market update,17.0066945179783,3,3,1,0,0,1,-1.5599869613830877,0.5709236536476555,0.5265890341390445
2026-03-20,3.0601114032035808,0.0,1,Infosys market update,18.43042809381025,4,3,1,0,1,1,-1.532794319192342,0.3127959645979802,0.5265890341390445
2026-03-23,-3.4832844011524977,0.0,0,Infosys market update,16.587042534544988,0,3,1,1,0,1,-1.4628703821304243,0.768638479302726,0.5265890341390445
2026-03-24,-0.9531196320135557,0.0,1,Infosys market update,16.2197403615554,1,3,1,0,0,1,-1.5483329718727676,-0.8899692248036983,0.5265890341390445
2026-03-25,0.0830986359241188,3.469446951953614e-18,0,Infosys market update,16.244560975118013,2,3,1,0,0,1,-1.5133710033418089,0.3951771419542595,0.5265890341390445
2026-03-26,-0.6729343755761749,0.0,0,Infosys market update,15.984621513837526,3,3,1,0,0,1,-1.5172556665119157,-0.0277129018079744,0.5265890341390445
2026-03-27,0.7818142098826029,0.0,1,Infosys market update,16.289263654150187,4,3,1,0,1,1,-1.6415648879553242,-1.3622879749797,0.5265890341390445
2026-03-31,1.0407834245937109,0.0,0,Infosys market update,16.626183590684807,1,3,1,0,0,1,-1.3851771187282935,1.092671110237425,0.5265890341390445
2026-04-01,-0.4292390100961169,0.0,1,Infosys market update,16.457876764346697,2,4,2,0,0,1,-1.4628703821304243,-0.835048439899512,0.5265890341390445
2026-04-06,-0.529592794653665,0.0,1,Infosys market update,16.02301555468275,0,4,2,1,0,1,-1.31136851849627,-0.1430465501067655,0.5265890341390445
2026-04-07,1.5406257314227103,0.0,1,Infosys market update,16.660553711905827,1,4,2,0,0,1,-1.2142519392436069,1.0597186392949132,0.5265890341390445
2026-04-08,-0.7115360014155332,0.0,0,Infosys market update,16.386036720715087,2,4,2,0,0,1,-1.198713286563181,0.1754940023375146,0.5265890341390445
2026-04-09,1.1860575668947453,0.0,0,Infosys market update,16.863882766278522,3,4,2,0,0,1,-1.2880605394756306,-0.92292169574621,0.5265890341390445
2026-04-14,-0.0353177310457243,0.0,1,Infosys market update,16.50471094569891,1,4,2,0,0,1,-1.2181366024137132,-0.0991099221834165,0.5265890341390445
2026-04-16,0.0505931292389167,0.0,1,Infosys market update,16.61655316399554,3,4,2,0,0,1,-1.051096086099133,0.2853355721458871,0.5265890341390445
2026-04-17,-0.3722982718164151,0.0,0,Infosys market update,16.469512867239022,4,4,2,0,1,1,-1.0239034439083872,0.3237801215788174,0.5265890341390445
2026-04-20,-0.2105155474829535,0.0,0,Infosys market update,16.383102651090944,0,4,2,1,0,1,-1.1171353599909437,-0.9339058527270472,0.5265890341390445
2026-04-21,1.0091246862862644,0.0,0,Infosys market update,16.784005284577848,1,4,2,0,0,1,-1.1715206443724353,-0.5274920444360692,0.5265890341390445
2026-04-24,-0.9803233555264528,0.0,0,Infosys market update,16.947175756903185,4,4,2,0,1,1,-1.6299108984450048,-0.3242851402905801,0.5265890341390445
2026-04-28,-0.2239253027753187,0.0,1,Infosys market update,16.740133489744487,1,4,2,0,0,1,-1.862990688651396,-0.1155861576546723,0.5265890341390445
2026-04-29,-0.5744261437062687,0.0,1,Infosys market update,16.51731469294547,2,4,2,0,0,1,-1.8280287201204375,0.4171454559159341,0.5265890341390445
2026-04-30,-0.3107740641400348,0.0,1,Infosys market update,16.393285089391114,3,4,2,0,0,1,-1.7814127620791596,0.5489553396859811,0.5265890341390445
2026-05-01,-1.1648971108287756,0.0,0,Infosys market update,15.942527359449343,4,5,2,0,1,1,-1.773643435738946,0.1040969819620725,0.5265890341390445
2026-05-04,0.8556992029227016,0.0,1,Infosys market update,16.278120557965924,0,5,2,1,0,1,-1.8668753518215029,-1.038255344045001,0.5265890341390445
2026-05-05,-0.2962922019620072,0.0,1,Infosys market update,16.159554338746393,1,5,2,0,0,1,-1.7814127620791596,1.0047978543907268,0.5265890341390445
2026-05-06,1.0987622480953534,0.0,0,Infosys market update,16.59924944789573,2,5,2,0,0,1,-1.7153734881873486,0.8070830287356563,0.5265890341390445
2026-05-07,-0.8318723227299664,0.0,1,Infosys market update,16.27873389808113,3,5,2,0,0,1,-1.7425661303780935,-0.2858405908576497,0.5265890341390445
2026-05-08,0.2528669458703069,0.0,0,Infosys market update,16.36936793390668,4,5,2,0,1,1,-1.6415648879553242,1.1530839736320295,0.5265890341390445
2026-05-12,-0.3844010624093154,0.0,0,Infosys market update,16.12946092090693,1,5,2,0,0,1,-1.93679928888342,-1.098668207439606,0.5265890341390445
2026-05-13,0.5662234209047341,0.0,0,Infosys market update,16.345191461795405,2,5,2,0,0,1,-2.010607889115444,-0.851524675370768,0.5265890341390445
2026-05-14,-0.1482494727041435,0.0,1,Infosys market update,16.282109048182694,3,5,2,0,0,1,-2.0883011525175745,-0.9119375387653726,0.5265890341390445
2026-05-19,-0.0101746892420149,3.469446951953614e-18,1,Infosys market update,16.937994462157405,1,5,2,0,0,1,-1.6842961828264964,0.5819078106284928,0.5265890341390445
2026-05-20,0.6184006657666302,0.0,0,Infosys market update,17.175052299108778,2,5,2,0,0,1,-1.6648728669759636,0.2304147872417008,0.5265890341390445
2026-05-21,-1.303948314823721,0.0,1,Infosys market update,16.667938178648363,3,5,2,0,0,1,-1.7153734881873486,-0.5439682799073251,0.5265890341390445
2026-05-22,0.259846917738297,0.0,0,Infosys market update,16.7613801449022,4,5,2,0,1,1,-1.7037194986770283,0.1480336098854215,0.5265890341390445
2026-05-27,-1.0288770436534969,0.0,1,Infosys market update,16.52599120314303,2,5,2,0,0,1,-1.808605404269905,1.427687898152961,0.5265890341390445
2026-05-28,1.880812802289032,3.469446951953614e-18,0,Infosys market update,17.324237132004036,3,5,2,0,0,1,-1.6920655091667094,1.3892433487200306,0.5265890341390445
2026-05-29,-0.479946936274543,0.0,1,Infosys market update,17.136935787016238,4,5,2,0,1,1,-1.7114888250172415,-0.1979673350109517,0.5265890341390445
2026-06-02,-1.025469597780283,3.469446951953614e-18,0,Infosys market update,16.951608982626908,1,6,2,0,0,1,-1.5483329718727676,-1.3348275825276068,0.5265890341390445
2026-06-04,-0.4466776863950814,0.0,0,Infosys market update,16.515696651202692,3,6,2,0,0,1,-1.7425661303780935,0.4995266332722134,0.5265890341390445
2026-06-05,-1.5052227203400004,0.0,0,Infosys market update,15.92446247838316,4,6,2,0,1,1,-1.804720741099798,-0.7252068700911396,0.5265890341390445
2026-06-08,1.0226288463142594,0.0,0,Infosys market update,16.331188947227105,0,6,2,1,0,1,-1.851336699141077,-0.5165078874552319,0.5265890341390445
2026-06-09,-0.4065726149883134,0.0,0,Infosys market update,16.171314185880405,1,6,2,0,0,1,-1.8668753518215029,-0.16501486406844,0.5265890341390445
2026-06-10,0.1970777044571635,0.0,0,Infosys market update,16.240189470708323,2,6,2,0,0,1,-1.9523379415638464,-0.994318716121652,0.5265890341390445
2026-06-11,-0.2338843161919058,0.0,1,Infosys market update,16.144981077086985,3,6,2,0,0,1,-2.014492552285551,-0.7306989485815583,0.5265890341390445
2026-06-12,-0.8361843221359568,0.0,0,Infosys market update,15.822824991206868,4,6,2,0,1,1,-1.9601072679040592,0.680765223456028,0.5265890341390445
2026-06-15,1.6804534058316225,3.469446951953614e-18,1,Infosys market update,16.525492292454256,0,6,2,1,0,1,-2.014492552285551,-0.6373336142444417,0.5265890341390445
2026-06-17,1.462748405486436,0.0,0,Infosys market update,17.296753754987446,2,6,2,0,0,1,-1.9756459205844856,-1.2249860127192342,0.5265890341390445
2026-06-22,-1.6204802326184995,3.469446951953614e-18,1,Infosys market update,17.326473767631292,0,6,2,1,0,1,-2.336919595404392,1.0542265608044945,0.5265890341390445
2026-06-23,0.1033073768239628,0.0,1,Infosys market update,17.35907810082814,1,6,2,0,0,1,-2.329150269064179,0.1205732174333284,0.5265890341390445
2026-06-24,-1.097656764287624,0.0,0,"Companies should focus on business growth , profitability rather than just share price : NSE chief | NSE CEO Ashishkumar Chauhan Stock Market Tips | कंपन्यांनी केवळ समभागांच्या किमतींमागे धावू नये , एनएसईचे आशिषकुमार चौहान यांचे प्रतिपादन",16.93510075539727,2,6,2,0,0,1,-2.2747649846826876,0.7301939298697956,0.5265890341390445
2026-06-26,-1.2720726528426505,0.0,0,"Companies should focus on business growth , profitability rather than just share price : NSE chief | NSE CEO Ashishkumar Chauhan Stock Market Tips | कंपन्यांनी केवळ समभागांच्या किमतींमागे धावू नये , एनएसईचे आशिषकुमार चौहान यांचे प्रतिपादन",16.677968605823494,4,6,2,0,1,1,-2.333034932234286,1.109147345708681,0.5265890341390445
2026-06-29,0.0075622025026673,0.0,0,"शेयर बाजारों में गिरावट , सेंसेक्स 372 अंक टूटा | Stock Market Highlights , Jun 29 : Sensex falls 372 pts to settle at 76 , 728 , Nifty closes below 24 , 000 ; Kotak Bank , M & M top losers | China , India see large companies lose market cap share , hinting at lag in AI race | Indian markets open flat as investors track US - Iran developments | Indian Markets Flat on US - Iran Developments | Sensex Today | Stock Market Live : Sensex , Nifty trade flat ; FMCG , metal , pharma gain | Sensex , Nifty trade flat ; Dr Reddy tops gainers , Kotak Bank leads losses | Raja Venkatraman recommends three stocks for 29 June | India , China see top firms lose market cap share in AI lag | Stock Market Today Live , June 29 : Sensex , Nifty set for flat - to - negative opening ; volatility likely ahead of F & O expiry | China , India see top firms lose market cap share in AI lag",16.673858368198697,0,6,2,1,0,1,-2.3641122375951378,-0.3901900821756036,0.5265890341390445
2026-06-30,0.1035586994678542,0.0,1,"Indian Stock Market Declines : IT Shares , Monsoon Concerns Weigh on Sensex , Nifty | Indian equity benchmarks open higher amid mixed global cues | Stock markets decline for second day as IT shares lead losses | Sensex Falls 249 Points , Nifty Slips 80 As IT Stocks Drag Markets Ahead Of Key US - Iran Talks | IT stocks : TCS , Infosys , Persistent , Zensar Tech hit 52 week lows ; decoding the crash | Indian Equity Markets Open Higher on Mixed Global Cues | Indian equity benchmarks open higher amid mixed global cues | Sensex rises over 200 points , Nifty above 24 , 000 ; Maruti Suzuki shares jump 3 % ",16.706515504243246,1,6,2,0,0,1,-2.4456901641673747,-1.0602236580066755,0.5265890341390445
2026-07-01,1.1670610989545755,0.0,1,"Indian Stock Market Declines : IT Shares , Monsoon Concerns Weigh on Sensex , Nifty | Indian equity benchmarks open higher amid mixed global cues | Stock markets decline for second day as IT shares lead losses | Sensex Falls 249 Points , Nifty Slips 80 As IT Stocks Drag Markets Ahead Of Key US - Iran Talks | IT stocks : TCS , Infosys , Persistent , Zensar Tech hit 52 week lows ; decoding the crash | Indian Equity Markets Open Higher on Mixed Global Cues | Indian equity benchmarks open higher amid mixed global cues | Sensex rises over 200 points , Nifty above 24 , 000 ; Maruti Suzuki shares jump 3 % ",17.176007500218052,2,7,3,0,0,1,-2.38353555344567,0.8565117351494239,0.5265890341390445
2026-07-06,-0.4248172411595128,0.0,1,"  Ignored every stop los : Man claims he lost Rs 57 lakh due to recent rout in TCS , Infosys shares ; seeks help from internet | FII stake in India 10 biggest stocks hits 20 - year low . Time to go against the crowd ?  | इंफोसिस में 1 , 040 रुपये पर खरीदने वाले निवेशक क्या करें ? एक्सपर्ट ने दी वेट एंड वॉच की सलाह | Indian equities open higher amid monsoon revival , FII inflows | Navi eyes Rs 3 , 000 - crore IPO ; inside IT CEO pay | Corporate trust in AI declines - The HinduBusinessLine | इंफोसिस में 1 , 040 रुपये पर खरीदने वाले निवेशक क्या करें ? एक्सपर्ट ने दी वेट एंड वॉच की सलाह",16.669460406842767,0,7,3,1,0,1,-2.29418830053322,-1.3622879749797,0.5265890341390445
2026-07-09,-2.835921113581324,3.469446951953614e-18,0,"स्थानीय शेयर बाजार में तेजी लौटी , सेंसेक्स 238 अंक चढ़ा - Naya India - Hindi News , Latest Hindi News , Breaking News , Hindi Samachar | Closing Bell : Nifty Rebounds to 23 , 962 as Realty Surges and Morgan Stanley Turns Bullish on India | Market Outlook : बढ़त के साथ बंद हुए सेंसेक्स - निफ्टी , जानिए 10 जुलाई को कैसी रह सकती है बाजार की चाल | লেনদেনের শীর্ষে ইস্টার্ন হাউজিং | Indian Stock Markets Rebound : Sensex , Nifty Gain Amid Global Cues , FII Inflows | Stock Market Highlights , July 9 : Sensex ends 238 points higher ; Nifty closes above 23 , 950 | Sensex jumps over 300 points , Nifty nears 24 , 000 as Indian markets rebound despite spike in crude oil prices | Sensex jumps over 300 points , Nifty nears 24 , 000 as Indian markets rebound despite spike in crude oil prices | Sensex jumps over 300 points , Nifty nears 24 , 000 as Indian markets rebound despite spike in crude oil prices | Sensex jumps over 300 points , Nifty nears 24 , 000 as Indian markets rebound despite spike in crude oil prices | Sensex jumps over 300 points , Nifty nears 24 , 000 as Indian markets rebound despite spike in crude oil prices | Sensex jumps over 300 points , Nifty nears 24 , 000 as Indian markets rebound despite spike in crude oil prices | Sensex jumps over 300 points , Nifty nears 24 , 000 as Indian markets rebound despite spike in crude oil prices | Sensex jumps over 300 points , Nifty nears 24 , 000 as Indian markets rebound despite spike in crude oil prices | How to trade TCS shares before Q1 results ? Key levels and 5 things to watch out for | Sensex jumps over 300 points , Nifty nears 24 , 000 as Indian markets rebound despite spike in crude oil prices | शेयर बाजार में लौटी रौनक , अब अमेरिकी सेना का बयान बना तेजी का कारण , Nifty 24000 के पार - nifty sensex rises four key factors behind market gain | Sensex jumps over 300 points , Nifty nears 24 , 000 as Indian markets rebound despite spike in crude oil prices | Sensex jumps over 300 points , Nifty nears 24 , 000 as Indian markets rebound despite spike in crude oil prices | Sensex jumps over 300 points , Nifty nears 24 , 000 as Indian markets rebound despite spike in crude oil prices | Stock market today : BSE Sensex rebounds nearly 500 points ; Nifty50 reclaims 24 , 000 in early trade | Share Market Opening : भारी गिरावट के एक दिन बाद शेयर बाजार में तेजी , सेंसेक्स 500 अंक उछला , जान लीजिए वजह | Sensex rises over 550 points , Nifty reclaims 24 , 000 in a sharp rebound . What lies ahead ?  | TCS shares dip 2 % ahead of Q1 earnings today . What can shareholders expect ? ",16.31503492969971,3,7,3,0,0,1,-2.197071721280557,1.0212740898619828,0.5265890341390445
2026-07-10,0.6889503563749291,0.0,0,"Global stocks rise on Friday , ending the week on a quiet note | Asian Markets Wrap | China dips , India gains with South Korea and Japan | Closing Bell : Sensex Surges Over 825 Points , Nifty Reclaims 24 , 200 as TCS - Led IT Rally , Lower Crude Prices and Positive Global Cues Lift Markets | TCS shares close 1 % higher after Q1 earnings beat ; valuation zooms ₹7 , 706 cr | Markets rally for 2nd day ; Sensex jumps over 800 points | Why Are IT Stocks Rising Today ? TCS Earnings , Global Tech Rally Lift Sensex , Nifty | IT शेअर्सच्या जोरावर शेअर बाजारात मोठी तेजी ; अवघ्या काही मिनिटांत गुंतवणूकदारांची ₹४ . ५९ लाख कोटींची कमाई ...  | Indian Stock Market Surges : Sensex Jumps 700 Points on IT Sector Rally , TCS Q1 Results | Sensex Today | Stock Market Live : Sensex up 700 pts , Nifty above 24 , 150 ; Dixon , Cupid , TCS , Kalyan Jeweller most active | Sensex surges 653 points , Nifty above 24 , 100 amid positive global cues , TCS jumps 4 % | Markets | शेयर बाजार में तेजी , सेंसेक्स 830 अंक चढ़ा , निफ्टी 24 , 200 के पार - domestic markets rally in early trade bse climbs 830 points | Markets surge in early trade on buying in IT stocks ; Sensex jumps nearly 700 points | Share Market Today : बाजार में उछाल , सेंसेक्स 700 अंक चढ़ा ; रुपया भी मजबूत होकर 95 . 32 प्रति डॉलर पर | Stock Market Today : IT शेयरों के दम पर बाजार गुलजार , सेंसेक्स 810 अंक ऊपर , निफ्टी का दोहरा शतक",16.581074728207675,4,7,3,0,1,1,-2.2708803215125815,-0.92292169574621,0.5265890341390445
2023-01-06,0.2688839547531673,0.0,1,Microsoft market update,17.590879609214404,4,1,1,0,1,2,-2.5200484269688386,0.702866873167892,0.5265890341390445
2023-01-09,-1.2022959130741415,0.0,1,Microsoft market update,17.12495081025605,0,1,1,1,0,2,-2.489785026684075,0.5699316160826438,0.5265890341390445
2023-01-10,-0.0141666238987061,0.0,1,Microsoft market update,17.112602228964015,1,1,1,0,0,2,-2.465773220824333,0.4369963589973956,0.5265890341390445
2023-01-12,-0.1136808287881638,0.0,1,Microsoft market update,17.121279456157836,3,1,1,0,0,2,-2.3323585125267137,0.6902063724931063,0.5265890341390445
2023-01-13,-0.6347867619715464,0.0,1,Microsoft market update,16.875779837029686,4,1,1,0,1,2,-2.32241279412327,0.145804843477328,0.5265890341390445
2023-01-17,0.8548510466044797,0.0,0,Microsoft market update,17.211068769351474,1,1,1,0,0,2,-2.3069258897521943,0.2534190992130052,0.5265890341390445
2023-01-18,0.0355715025355934,0.0,0,Microsoft market update,17.217664182280657,2,1,1,0,0,2,-2.3697259973853653,-1.240519980411689,0.5265890341390445
2023-01-19,-0.1081093274784013,0.0,1,Microsoft market update,17.169721183339032,3,1,1,0,0,2,-2.4232907950724822,-1.0885939723142626,0.5265890341390445
2023-01-23,-0.253923517141982,0.0,0,Microsoft market update,17.27918186219637,0,1,1,1,0,2,-2.276094162701519,0.5762618664200365,0.5265890341390445
2023-01-24,0.603695016710091,0.0,0,Microsoft market update,17.510232933915823,1,1,1,0,0,2,-2.283624492349841,-0.1833681740670961,0.5265890341390445
2023-01-25,1.242794997478032,3.469446951953614e-18,1,Microsoft market update,18.01311244067899,2,1,1,0,0,2,-2.30337384746525,-0.4175874365506286,0.5265890341390445
2023-01-27,-0.601779059207563,0.0,0,Microsoft market update,17.092613818398362,4,1,1,0,1,2,-2.199085885920572,-0.0061211646200984,0.5265890341390445
2023-01-30,-0.0450270570680763,0.0,1,Microsoft market update,17.06849408525763,0,1,1,1,0,2,-2.2743891824037865,-1.436757740870865,0.5265890341390445
2023-01-31,0.0853823237793551,0.0,1,Microsoft market update,17.094205070559497,1,1,1,0,0,2,-2.203916663430816,1.285249904208027,0.5265890341390445
2023-02-01,0.437112396061539,0.0,1,Microsoft market update,17.257846715966025,2,2,1,0,0,2,-2.13571745152149,1.2156171504967066,0.5265890341390445
2023-02-03,-0.8239806727219546,0.0,0,Microsoft market update,17.18546839339236,4,2,1,0,1,2,-2.058282929666109,-1.5380417462691494,0.5265890341390445
2023-02-06,-0.6616473307321229,0.0,1,Microsoft market update,16.929825591754128,0,2,1,1,0,2,-2.080163510153685,-0.4302479372254142,0.5265890341390445
2023-02-08,0.2073608908837806,0.0,0,Microsoft market update,17.817118311420725,2,2,1,0,0,2,-1.942486351111732,-0.240340427103631,0.5265890341390445
2023-02-09,-0.6599406088414527,3.469446951953614e-18,0,Microsoft market update,17.562071507142875,3,2,1,0,0,2,-1.9855371036294944,-0.7847419561194094,0.5265890341390445
2023-02-10,-1.275289898051858,0.0,1,Microsoft market update,17.066601885926747,4,2,1,0,1,2,-1.9926411882033828,-0.1707076733923105,0.5265890341390445
2023-02-14,-0.4770526302709476,0.0,0,Microsoft market update,17.427722254930128,1,2,1,0,0,2,-1.867325136319996,0.1521350938147208,0.5265890341390445
2023-02-15,-0.6402086712127787,0.0,0,Microsoft market update,17.180126973938705,2,2,1,0,0,2,-1.897446454913282,-0.5505226936358769,0.5265890341390445
2023-02-17,0.0531717746186306,0.0,0,Microsoft market update,17.21671130628743,4,2,1,0,1,2,-2.0533100704643874,-1.0316217192777275,0.5265890341390445
2023-02-21,-0.1265477010668455,0.0,0,Microsoft market update,17.161808184859257,1,2,1,0,0,2,-2.128045040181691,-1.3671249871595443,0.5265890341390445
2023-02-22,-0.6021141246872671,0.0,1,Microsoft market update,16.92863027782839,2,2,1,0,0,2,-2.144100271318678,-0.3352941821645225,0.5265890341390445
2023-02-23,0.6783399239989137,0.0,0,Microsoft market update,17.190333197215306,3,2,1,0,0,2,-2.098918293428749,0.7788298772166051,0.5265890341390445
2023-02-24,-0.397182562430558,0.0,1,Microsoft market update,17.03402235658296,4,2,1,0,1,2,-2.175784488518219,-1.4240972401960794,0.5265890341390445
2023-02-27,-0.4204024335074183,0.0,0,Microsoft market update,16.869039977436554,0,2,1,1,0,2,-2.1628550545937424,0.1964468461764702,0.5265890341390445
2023-02-28,0.1731974161760593,0.0,0,Microsoft market update,16.928625831615538,1,2,1,0,0,2,-2.1730849363801417,-0.2340101767662382,0.5265890341390445
2023-03-01,0.5358639341385916,0.0,1,Microsoft market update,17.13206832959078,2,3,1,0,0,2,-2.2167040156638147,-0.8417142091559444,0.5265890341390445
2023-03-02,-0.261034794940324,0.0,1,Microsoft market update,17.026684841954687,3,3,1,0,0,2,-2.1496414572863105,1.2029566498219209,0.5265890341390445
2023-03-03,0.5644392935065652,0.0,1,Microsoft market update,17.241728986081373,4,3,1,0,1,2,-2.0916721271633834,1.006718889362745,0.5265890341390445
2023-03-06,-0.6297121142054851,0.0,0,Microsoft market update,16.99812899628671,0,3,1,1,0,2,-2.069791546675808,0.3483728542738967,0.5265890341390445
2023-03-07,-0.289081628821706,0.0,0,Microsoft market update,16.88231625049783,1,3,1,0,0,2,-2.107585276608893,-0.715109202408089,0.5265890341390445
2023-03-08,-0.5506081899020234,0.0,0,Microsoft market update,16.668538120944987,2,3,1,0,0,2,-2.1136947893424365,-0.158047172717525,0.5265890341390445
2023-03-09,1.0762473440485605,0.0,0,Microsoft market update,17.098427317694526,3,3,1,0,0,2,-2.132875817691935,-0.3859361848636647,0.5265890341390445
2023-03-10,0.177318587089034,0.0,1,Microsoft market update,17.159569560879895,4,3,1,0,1,2,-2.18459355338984,-0.9809797165785854,0.5265890341390445
2023-03-13,0.4347788717520753,3.469446951953614e-18,1,Microsoft market update,17.32225946704035,0,3,1,1,0,2,-2.110711073821404,1.310570905557598,0.5265890341390445
2023-03-15,0.8046247586335911,0.0,1,Microsoft market update,17.644760486651393,2,3,1,0,0,2,-1.951153334291876,1.0826818934114582,0.5265890341390445
2023-03-17,0.6222515582759486,0.0,0,Microsoft market update,18.057231491828173,4,3,1,0,1,2,-1.7573539071162074,0.6965366228304992,0.5265890341390445
2023-03-21,-0.5917438345903496,0.0,0,Microsoft market update,17.35816991438817,1,3,1,0,0,2,-1.8356409191204544,0.3167216025869329,0.5265890341390445
2023-03-22,0.0420600840728071,0.0,1,Microsoft market update,17.367232080073222,2,3,1,0,0,2,-1.85624276438473,-0.3859361848636647,0.5265890341390445
2023-03-23,0.1448458799917046,0.0,1,Microsoft market update,17.415856595555667,3,3,1,0,0,2,-1.7819340397418606,1.2029566498219209,0.5265890341390445
2023-03-24,-0.6784210681181941,0.0,0,Microsoft market update,17.153839170343677,4,3,1,0,1,2,-1.7415828393621755,0.620573618781786,0.5265890341390445
2023-03-27,-0.1095009086116896,0.0,0,Microsoft market update,17.105411358862366,0,3,1,1,0,2,-1.799694251176581,-0.9873099669159782,0.5265890341390445
2023-03-28,-0.5256687459315704,0.0,1,Microsoft market update,16.901019593802893,1,3,1,0,0,2,-1.8156074006220904,-0.3099731808149515,0.5265890341390445
2023-03-29,0.3698043565129782,0.0,1,Microsoft market update,17.037860381505258,2,3,1,0,0,2,-1.7424353295110422,1.171305398134957,0.5265890341390445
2023-03-30,0.0149292938245784,0.0,1,Microsoft market update,17.036520144742518,3,3,1,0,0,2,-1.6934171459512142,0.7535088758670342,0.5265890341390445
2023-03-31,0.6945106561081874,0.0,0,Microsoft market update,17.304901980881787,4,3,1,0,1,2,-1.6345953256794206,0.9054348839644606,0.5265890341390445
2023-04-03,-0.7132698944782793,0.0,0,Microsoft market update,17.029707493883333,0,4,2,1,0,2,-1.6493718215931072,-0.2783219291279876,0.5265890341390445
2023-04-04,0.1150855218573169,0.0,0,Microsoft market update,17.066826505807924,1,4,2,0,0,2,-1.6500822300504965,-0.0567631673192406,0.5265890341390445
2023-04-05,-0.3999962283856488,0.0,1,Microsoft market update,16.909494181837047,2,4,2,0,0,2,-1.6894388585898363,-0.6707974500463396,0.5265890341390445
2023-04-10,-0.6561890026268786,0.0,0,Microsoft market update,16.95547308047392,0,4,2,1,0,2,-1.6195346663827777,-0.5252016922863058,0.5265890341390445
2023-04-11,0.4432508774537114,0.0,1,Microsoft market update,17.12153978640252,1,4,2,0,0,2,-1.710324867237068,-1.4810694932326145,0.5265890341390445
2023-04-12,0.0303655564577048,0.0,1,Microsoft market update,17.126177687743134,2,4,2,0,0,2,-1.7012316389824913,0.1014930911155786,0.5265890341390445
2023-04-13,-0.309261757395173,0.0,0,Microsoft market update,17.002800809276845,3,4,2,0,0,2,-1.613283071957756,1.373873408931526,0.5265890341390445
2023-04-14,-0.3624079503555731,0.0,1,Microsoft market update,16.85945668679648,4,4,2,0,1,2,-1.6644324808897502,-0.8543747098307299,0.5265890341390445
2023-04-17,0.345726947278122,0.0,0,Microsoft market update,16.986716033436377,0,4,2,1,0,2,-1.62763332279701,0.5446106147330726,0.5265890341390445
2023-04-18,-0.4270272553098275,0.0,1,Microsoft market update,16.81930033249474,1,4,2,0,0,2,-1.6336007538390762,-0.1390564217053466,0.5265890341390445
2023-04-19,-0.4119078108109417,0.0,0,Microsoft market update,16.657526282442614,2,4,2,0,0,2,-1.6324641003072535,-0.0251119156322767,0.5265890341390445
2023-04-20,0.7804012181544332,0.0,0,Microsoft market update,16.96157484379222,3,4,2,0,0,2,-1.6648587259641838,-0.5568529439732697,0.5265890341390445
2023-04-21,-0.1664436012771079,0.0,0,Microsoft market update,16.89173471522022,4,4,2,0,1,2,-1.6696895034744277,-0.1200656706931683,0.5265890341390445
2023-04-24,0.5398864539003031,0.0,0,Microsoft market update,17.096835259683406,0,4,2,1,0,2,-1.7249592814592771,-0.9303377138794432,0.5265890341390445
2023-04-25,1.3312612123998595,0.0,1,Microsoft market update,17.639187499741045,1,4,2,0,0,2,-1.812907848484012,-1.4684089925578288,0.5265890341390445
2023-04-28,-0.6259958656957143,0.0,0,Microsoft market update,17.411989622225974,4,4,2,0,1,2,-1.3720283598285143,0.4623173603469667,0.5265890341390445
2023-05-01,-1.378689170889957,0.0,0,Microsoft market update,16.873940643965568,0,5,2,1,0,2,-1.395471838922345,-0.3922664352010575,0.5265890341390445
2023-05-02,0.5646376128917547,0.0,0,Microsoft market update,17.08904125876834,1,5,2,0,0,2,-1.397603064294512,-0.0757539183314189,0.5265890341390445
2023-05-03,-0.4235551573196436,0.0,1,Microsoft market update,16.92282002850758,2,5,2,0,0,2,-1.411527070059332,-0.2530009277784165,0.5265890341390445
2023-05-04,0.0368708913061864,0.0,1,Microsoft market update,16.92990996513374,3,5,2,0,0,2,-1.397603064294512,0.1647955944895063,0.5265890341390445
2023-05-05,0.5884821493992893,0.0,0,Microsoft market update,17.154729729205474,4,5,2,0,1,2,-1.3249993199493748,1.0447003913871016,0.5265890341390445
2023-05-08,-0.7247363514039805,0.0,0,Microsoft market update,16.87509053597193,0,5,2,1,0,2,-1.3527052497875385,-0.4492386882375925,0.5265890341390445
2023-05-09,0.0209608632263835,0.0,1,Microsoft market update,16.87613133827872,1,5,2,0,0,2,-1.3755804021154583,-0.379605934526272,0.5265890341390445
2023-05-10,0.8735880338675212,0.0,0,Microsoft market update,17.219304598720587,2,5,2,0,0,2,-1.301982085929977,1.0510306417244943,0.5265890341390445
2023-05-11,0.1534428998754428,0.0,0,Microsoft market update,17.27120246958734,3,5,2,0,0,2,-1.3325296495976968,-0.4872201902619491,0.5265890341390445
2023-05-12,-1.21576274100653,0.0,1,Microsoft market update,16.799913951402544,4,5,2,0,1,2,-1.348300717351728,-0.2783219291279876,0.5265890341390445
2023-05-15,-0.4899383349805364,-3.469446951953614e-18,1,Microsoft market update,16.608912487378607,0,5,2,1,0,2,-1.3414807961607955,0.0571813387538292,0.5265890341390445
2023-05-16,1.2190208206922135,0.0,1,Microsoft market update,17.101308348807404,1,5,2,0,0,2,-1.309938660652732,0.42433585832261,0.5265890341390445
2023-05-17,-0.2327105724908206,0.0,1,Microsoft market update,17.0066040429469,2,5,2,0,0,2,-1.269161215198614,0.5572711154078582,0.5265890341390445
2023-05-18,0.3145839072798318,0.0,0,Microsoft market update,17.121517789284947,3,5,2,0,0,2,-1.2063611075654426,0.867453381940104,0.5265890341390445
2023-05-19,0.044132024243473,-3.469446951953614e-18,1,Microsoft market update,17.131393340476567,4,5,2,0,1,2,-1.2089185780120424,-0.0820841686688117,0.5265890341390445
2023-05-22,-0.3350906438554052,0.0,0,Microsoft market update,16.998373680106877,0,5,2,1,0,2,-1.1694198677812246,0.5192896133835015,0.5265890341390445
2023-05-23,0.6368134389625426,0.0,0,Microsoft market update,17.242934367190895,1,5,2,0,0,2,-1.251685167146849,-1.208868728724725,0.5265890341390445
2023-05-24,-0.7136167819754221,0.0,1,Microsoft market update,16.96760111565016,2,5,2,0,0,2,-1.2711503588793025,-0.3289639318271298,0.5265890341390445
2023-05-26,-0.4267114324404314,0.0,0,Microsoft market update,17.416394541936807,4,5,2,0,1,2,-1.006878412730664,1.310570905557598,0.5265890341390445
2023-05-30,-0.5575358695082411,0.0,0,Microsoft market update,17.200005934429537,1,5,2,0,0,2,-1.0303218918244943,-0.3606151835140936,0.5265890341390445
2023-05-31,1.1065975159247536,0.0,1,Microsoft market update,17.643077486114603,2,5,2,0,0,2,-1.0693943569808793,-0.5821739453228408,0.5265890341390445
2023-06-01,-1.3836343325728848,0.0,1,Microsoft market update,17.102938127704054,3,6,2,0,0,2,-1.0112829451664749,0.7661693765418197,0.5265890341390445
2023-06-02,-0.0716831906239336,0.0,1,Microsoft market update,17.06874147031191,4,6,2,0,1,2,-0.9720683983186122,0.4939686120339305,0.5265890341390445
2023-06-05,-0.4983446724801296,0.0,0,Microsoft market update,16.874550955402487,0,6,2,1,0,2,-0.964680150361768,0.0571813387538292,0.5265890341390445
2023-06-06,-0.0970077213780533,0.0,0,Microsoft market update,16.83085921598213,1,6,2,0,0,2,-0.9959381224868756,-0.4682294392497708,0.5265890341390445
2023-06-08,-1.4292185651756326,0.0,1,Microsoft market update,16.963006421655454,3,6,2,0,0,2,-1.1128713545730748,0.3230518529243256,0.5265890341390445
2023-06-09,-0.0678549818128538,0.0,1,Microsoft market update,16.930313970546514,4,6,2,0,1,2,-1.0915591008514105,0.2534190992130052,0.5265890341390445
2023-06-12,0.2102210963906135,0.0,1,Microsoft market update,17.00435186865795,0,6,2,1,0,2,-1.0213707452613956,0.9370861356514244,0.5265890341390445
2023-06-13,-0.128231379385187,0.0,1,Microsoft market update,16.94888518131726,1,6,2,0,0,2,-0.987555302689688,0.42433585832261,0.5265890341390445
2023-06-14,0.3397164285249323,0.0,1,Microsoft market update,17.073753277608393,2,6,2,0,0,2,-0.9452149586293144,0.5319501140582872,0.5265890341390445
2023-06-16,0.4767699893927721,0.0,0,Microsoft market update,17.6560805468,4,6,2,0,1,2,-0.8758790931881663,-1.0949242226516551,0.5265890341390445
2023-06-20,-1.450508415272292,0.0,0,Microsoft market update,17.087942353436397,1,6,2,0,0,2,-0.9352692402258712,-0.8353839588185517,0.5265890341390445
2023-06-21,-0.1106147946666901,0.0,1,Microsoft market update,17.039087355923524,2,6,2,0,0,2,-0.9976431027846088,-0.8860259615176937,0.5265890341390445
2023-06-22,-0.1510829450672461,0.0,0,Microsoft market update,16.97492512654387,3,6,2,0,0,2,-0.9122520062064736,1.120663395435815,0.5265890341390445
2023-06-23,-0.0277967143503762,0.0,0,Microsoft market update,16.95737146344494,4,6,2,0,1,2,-0.9773254209032896,-0.9176772132046576,0.5265890341390445
2023-06-26,-0.1744482184504845,0.0,1,Microsoft market update,16.884521220377184,0,6,2,1,0,2,-1.0665527231513243,-1.2595107314238672,0.5265890341390445
2023-06-27,0.3368158394922036,0.0,1,Microsoft market update,17.008210812203174,1,6,2,0,0,2,-0.9835770153283112,1.1080028947610294,0.5265890341390445
2023-06-28,-0.4712726845769457,0.0,0,Microsoft market update,16.824134426669055,2,6,2,0,0,2,-0.9658168038935908,0.1964468461764702,0.5265890341390445
2023-06-29,-0.4485865958454585,0.0,1,Microsoft market update,16.648547474693398,3,6,2,0,0,2,-0.976899175828856,-0.1960286747418816,0.5265890341390445
2023-06-30,1.13759590043379,0.0,0,Microsoft market update,17.10513561501458,4,6,2,0,1,2,-0.9007433891967748,0.9940583886879596,0.5265890341390445
2023-07-03,-1.889825988088402,0.0,1,Microsoft market update,16.34193504012121,0,7,3,1,0,2,-0.9361217303747378,-0.518871441948913,0.5265890341390445
2023-07-05,0.945049871272346,0.0,1,Microsoft market update,16.715414572534094,2,7,3,0,0,2,-0.9339905050025716,-0.0124514149574912,0.5265890341390445
2023-07-06,1.0950543021702146,0.0,0,Microsoft market update,17.153455737492393,3,7,3,0,0,2,-0.8906555891018538,0.5382803643956798,0.5265890341390445
2023-07-07,-0.7344964864963719,0.0,0,Microsoft market update,16.870209656419018,4,7,3,0,1,2,-0.94677785723557,-0.7974024567941951,0.5265890341390445
2023-07-10,1.0891054081958804,0.0,1,Microsoft market update,17.30567687434907,0,7,3,1,0,2,-1.0216549086443507,-1.0569427206272988,0.5265890341390445
2023-07-11,-0.5286112990569227,0.0,1,Microsoft market update,17.100106742823307,1,7,3,0,0,2,-1.0127037620812518,0.0761720897660075,0.5265890341390445
2023-07-12,0.3184195849632276,0.0,1,Microsoft market update,17.216551294024814,2,7,3,0,0,2,-0.9470620206185252,0.8547928812653185,0.5265890341390445
2023-07-13,-0.9788276472667136,0.0,1,Microsoft market update,16.83920818042107,3,7,3,0,0,2,-0.871332479060878,0.9813978880131738,0.5265890341390445
2023-07-14,0.8209441049417104,0.0,1,Microsoft market update,17.160232856968424,4,7,3,0,1,2,-0.8355278928084819,0.4306661086600028,0.5265890341390445
2023-07-17,-0.8592706913710264,0.0,1,Microsoft market update,16.829274332472217,0,7,3,1,0,2,-0.828707971617549,0.0445208380790437,0.5265890341390445
2023-07-19,-1.257624780538409,0.0,0,Microsoft market update,17.497690142995733,2,7,3,0,0,2,-0.6989873872983516,-0.8227234581437661,0.5265890341390445
2023-07-20,-0.4134789371993702,0.0,0,Microsoft market update,17.33533213252196,3,7,3,0,0,2,-0.8129369038635171,-1.506390494582185,0.5265890341390445
2023-07-21,1.7175210692229188,0.0,1,Microsoft market update,18.05547524665638,4,7,3,0,1,2,-0.8559876563812797,-0.6074949466724119,0.5265890341390445
2023-07-24,-2.2765333315470633,0.0,1,Microsoft market update,17.099353599566957,0,7,3,1,0,2,-0.8373749547976927,0.202777096513863,0.5265890341390445
2023-07-25,1.111311505659558,0.0,0,Microsoft market update,17.544516588851586,1,7,3,0,0,2,-0.7558200638894568,1.0320398907123165,0.5265890341390445
2023-07-27,-1.004335082233701,0.0,1,Microsoft market update,17.495230718522524,3,7,3,0,0,2,-1.0369997313239498,-1.3671249871595443,0.5265890341390445
2023-07-28,-0.857461665602316,0.0,0,Microsoft market update,17.164884715377166,4,7,3,0,1,2,-0.9308647077900606,1.4181851612932752,0.5265890341390445
2023-07-31,-0.2809939041162413,0.0,1,Microsoft market update,17.052069156983688,0,7,3,1,0,2,-0.9648222320532456,-0.4998806909367347,0.5265890341390445
2023-08-01,-0.8542077279103953,0.0,0,Microsoft market update,16.72306173430897,1,8,3,0,0,2,-0.9589968827026578,0.0381905877416509,0.5265890341390445
2023-08-03,-1.0857256211243085,0.0,1,Microsoft market update,16.719878411953292,3,8,3,0,0,2,-1.0934061628406213,-0.2086891754166671,0.5265890341390445
2023-08-04,0.6811379942437215,0.0,1,Microsoft market update,16.982735171768812,4,8,3,0,1,2,-1.0779192584695454,0.1711258448268991,0.5265890341390445
2023-08-07,-0.7555070478901154,0.0,0,Microsoft market update,16.691417142314872,0,8,3,1,0,2,-1.045524632812615,0.4053451073104318,0.5265890341390445
2023-08-08,0.6009735192030119,0.0,0,Microsoft market update,16.921334184099535,1,8,3,0,0,2,-1.1019310643292872,-0.8227234581437661,0.5265890341390445
2023-08-09,0.0235776770922654,0.0,1,Microsoft market update,16.923378886281245,2,8,3,0,0,2,-1.154927535250493,-0.7847419561194094,0.5265890341390445
2023-08-10,-0.2640037795623745,0.0,0,Microsoft market update,16.816911782608102,3,8,3,0,0,2,-1.1451238985385268,0.0951628407781858,0.5265890341390445
2023-08-11,0.5060345520393909,0.0,1,Microsoft market update,17.008268295735903,4,8,3,0,1,2,-1.1718352565363468,-0.4175874365506286,0.5265890341390445
2023-08-14,-0.6650634869702652,0.0,0,Microsoft market update,16.751285852403832,0,8,3,1,0,2,-1.1297790758589286,0.5509408650704655,0.5265890341390445
2023-08-15,-0.258958589297137,0.0,0,Microsoft market update,16.646739640557524,1,8,3,0,0,2,-1.160042476143692,-0.4682294392497708,0.5265890341390445
2023-08-16,0.5245553950593185,0.0,0,Microsoft market update,16.84559116503874,2,8,3,0,0,2,-1.1708406846960018,-0.1960286747418816,0.5265890341390445
2023-08-17,0.0879167067232556,0.0,0,Microsoft market update,16.872206266519264,3,8,3,0,0,2,-1.219858868255831,-0.74043020375766,0.5265890341390445
2023-08-18,0.4087065939999439,0.0,1,Microsoft market update,17.02453808717354,4,8,3,0,1,2,-1.225400054223463,-0.1263959210305611,0.5265890341390445
2023-08-21,-0.0588579876492456,0.0,1,Microsoft market update,16.995229709228617,0,8,3,1,0,2,-1.1502388394317264,1.0383701410497088,0.5265890341390445
2023-08-22,-1.041396683075069,0.0,1,Microsoft market update,16.59337291262798,1,8,3,0,0,2,-1.1422822647089717,0.0698418394286147,0.5265890341390445
2023-08-23,0.709441127447837,0.0,0,Microsoft market update,16.86792562393494,2,8,3,0,0,2,-1.0790559120013674,0.8484626309279257,0.5265890341390445
2023-08-24,0.2644864919633894,0.0,1,Microsoft market update,16.963165359429112,3,8,3,0,0,2,-1.176808115738068,-1.405106489183901,0.5265890341390445
2023-08-25,-0.1695850261501016,0.0,1,Microsoft market update,16.89208987716373,4,8,3,0,1,2,-1.135036098443606,0.5509408650704655,0.5265890341390445
2023-08-28,-0.9893100152016902,0.0,1,Microsoft market update,16.510711965726355,0,8,3,1,0,2,-1.124948298348685,0.0951628407781858,0.5265890341390445
2023-08-29,0.6843040806269018,0.0,1,Microsoft market update,16.77481745975526,1,8,3,0,0,2,-1.0594486385774362,0.8801138826148895,0.5265890341390445
2023-08-30,-0.6111745069509411,0.0,0,Microsoft market update,16.53825894292082,2,8,3,0,0,2,-1.054191615992759,0.0318603374042581,0.5265890341390445
2023-08-31,1.3506035448378015,0.0,1,Microsoft market update,17.08929118586477,3,8,3,0,0,2,-1.0685418668320128,-0.240340427103631,0.5265890341390445
2023-09-01,-1.4542756758828317,0.0,1,Microsoft market update,16.519686664443327,4,9,3,0,1,2,-1.0560386779819697,0.1268140924651497,0.5265890341390445
2023-09-05,0.5680058691619655,0.0,0,Microsoft market update,16.736190621404468,1,9,3,0,0,2,-0.9879815477641216,0.8991046336270679,0.5265890341390445
2023-09-06,-0.1307592306901812,0.0,0,Microsoft market update,16.679755120581547,2,9,3,0,0,2,-0.9973589394016537,-0.1707076733923105,0.5265890341390445
2023-09-07,0.1409034116198044,0.0,1,Microsoft market update,16.726828134779904,3,9,3,0,0,2,-1.0385626299302049,-0.6074949466724119,0.5265890341390445
2023-09-08,0.1758650336534414,0.0,1,Microsoft market update,16.787467474370466,4,9,3,0,1,2,-0.9780358293606776,0.7914903778913908,0.5265890341390445
2023-09-11,-0.4166238513667361,0.0,0,Microsoft market update,16.623906783150122,0,9,3,1,0,2,-0.9268864204286836,0.6522248704687498,0.5265890341390445
2023-09-12,0.1678513986855727,0.0,1,Microsoft market update,16.681447365905534,1,9,3,0,0,2,-1.0127037620812518,-1.2025384783873323,0.5265890341390445
2023-09-13,-0.1397698378309605,0.0,1,Microsoft market update,16.621558294391132,2,9,3,0,0,2,-0.9530294516605916,0.7724996268792125,0.5265890341390445
2023-09-14,0.5346555162559224,0.0,0,Microsoft market update,16.824504554842743,3,9,3,0,0,2,-0.916372375259329,0.4559871100095739,0.5265890341390445
2023-09-18,-1.9791833991337937,0.0,0,Microsoft market update,16.63892314880356,0,9,3,1,0,2,-1.050497492014337,-0.2656614284532021,0.5265890341390445
2023-09-19,-0.0334349610988561,0.0,0,Microsoft market update,16.619228511297806,1,9,3,0,0,2,-1.0561807596734474,-0.1200656706931683,0.5265890341390445
2023-09-20,0.6775930635359461,0.0,0,Microsoft market update,16.8806056812215,2,9,3,0,0,2,-1.165725743802803,-1.5633627476187204,0.5265890341390445
2023-09-21,1.250149797102921,0.0,0,Microsoft market update,17.38674324526181,3,9,3,0,0,2,-1.182917628471612,-0.2909824298027731,0.5265890341390445
2023-09-22,-1.300305070457913,0.0,1,Microsoft market update,16.881137343072286,4,9,3,0,1,2,-1.21801180626662,-0.5441924432984842,0.5265890341390445
2023-09-25,-0.4722352065865467,0.0,0,Microsoft market update,16.696729500795886,0,9,3,1,0,2,-1.2106235583097755,0.063511589091222,0.5265890341390445
2023-09-26,0.9795912921682396,0.0,1,Microsoft market update,17.084988276257455,1,9,3,0,0,2,-1.2857847731015124,-1.1202452240012264,0.5265890341390445
2023-09-27,-0.7879778237589956,0.0,1,Microsoft market update,16.781304158635002,2,9,3,0,0,2,-1.2766915448469358,0.0888325904407931,0.5265890341390445
2023-09-28,0.0549748617894035,0.0,1,Microsoft market update,16.79529641049229,3,9,3,0,0,2,-1.2648987644542808,0.1268140924651497,0.5265890341390445
2023-09-29,0.5382784675869836,0.0,1,Microsoft market update,16.99968317198289,4,9,3,0,1,2,-1.2356299360098617,0.3800241059608606,0.5265890341390445
2023-10-02,-0.4078270329653429,0.0,0,Microsoft market update,16.839344310243625,0,10,4,1,0,2,-1.1513754929635491,1.171305398134957,0.5265890341390445
2023-10-04,-0.0211041868775202,0.0,1,Microsoft market update,16.84661484986105,2,10,4,0,0,2,-1.1908742031943669,1.0826818934114582,0.5265890341390445
2023-10-05,-0.5136020436841569,0.0,1,Microsoft market update,16.64669838144979,3,10,4,0,0,2,-1.1853330172267342,0.0381905877416509,0.5265890341390445
2023-10-09,-0.6602818808956167,0.0,0,Microsoft market update,16.805788031108786,0,10,4,1,0,2,-1.0398413651535048,0.4496568596721811,0.5265890341390445
2023-10-10,0.1043124779769481,0.0,1,Microsoft market update,16.838716986664004,1,10,4,0,0,2,-1.059732801960391,-0.3163034311523442,0.5265890341390445
2023-10-11,-0.0455677661219836,0.0,0,Microsoft market update,16.81439789905406,2,10,4,0,0,2,-1.0037526155181529,0.7345181248548558,0.5265890341390445
2023-10-12,-0.0821080118199972,0.0,0,Microsoft market update,16.77629423187913,3,10,4,0,0,2,-1.021228663569918,-0.2846521794653804,0.5265890341390445
2023-10-13,0.2439899239606364,0.0,1,Microsoft market update,16.863474732776538,4,10,4,0,1,2,-1.0689681119064465,-0.7024487017333034,0.5265890341390445
2023-10-16,0.149026214982828,0.0,0,Microsoft market update,16.913709208193183,0,10,4,1,0,2,-1.0006268183056424,0.9054348839644606,0.5265890341390445
2023-10-17,-0.4850995045429572,0.0,0,Microsoft market update,16.724513287537256,1,10,4,0,0,2,-1.0087254747198748,-0.1517169223801322,0.5265890341390445
2023-10-18,0.6089325494804742,0.0,1,Microsoft market update,16.957660877155693,2,10,4,0,0,2,-1.0358630777921272,-0.4175874365506286,0.5265890341390445
2023-10-19,0.2225676757767872,0.0,0,Microsoft market update,17.036468254233554,3,10,4,0,0,2,-1.0189553565062734,0.1901165958390774,0.5265890341390445
2023-10-20,0.0157170413423162,0.0,1,Microsoft market update,17.035493809409243,4,10,4,0,1,2,-1.0837446078201332,-0.9303377138794432,0.5265890341390445
2023-10-23,-0.0512534908170923,0.0,1,Microsoft market update,17.00905630810628,0,10,4,1,0,2,-1.0468033680359154,0.4686476106843594,0.5265890341390445
2023-10-24,0.6387211003131577,0.0,1,Microsoft market update,17.25444039844251,1,10,4,0,0,2,-1.0300377284415392,0.1901165958390774,0.5265890341390445
2023-10-27,-0.6111745069509411,0.0,1,Microsoft market update,17.21191316303504,4,10,4,0,1,2,-1.0399834468449825,0.3293821032617184,0.5265890341390445
2023-10-30,-0.6952817401036147,0.0,1,Microsoft market update,16.94350283502005,0,10,4,1,0,2,-0.9356954853003048,1.3928641599437042,0.5265890341390445
2023-10-31,-0.2977969511183871,0.0,1,Microsoft market update,16.824420671129403,1,10,4,0,0,2,-0.924613113365039,0.1078233414529714,0.5265890341390445
2023-11-02,-0.3679668023914204,0.0,1,Microsoft market update,17.007964416772005,3,11,4,0,0,2,-0.7825314218872761,0.3673636052860751,0.5265890341390445
2023-11-03,-0.0596743509720513,0.0,1,Microsoft market update,16.97835349535003,4,11,4,0,1,2,-0.7202996410200161,0.7724996268792125,0.5265890341390445
2023-11-06,0.0394671582461349,0.0,1,Microsoft market update,16.986384549848346,0,11,4,1,0,2,-0.6682977419391553,0.6269038691191787,0.5265890341390445
2023-11-07,0.2277680635017282,0.0,1,Microsoft market update,17.067198179607583,1,11,4,0,0,2,-0.6127438005713497,0.6648853711435353,0.5265890341390445
2023-11-08,0.1110837278520328,0.0,0,Microsoft market update,17.102710267931258,2,11,4,0,0,2,-0.5755183974041757,0.42433585832261,0.5265890341390445
2023-11-09,-0.1784607371530841,0.0,1,Microsoft market update,17.028259692938217,3,11,4,0,0,2,-0.6104704935077051,-0.4808899399245563,0.5265890341390445
2023-11-13,-0.8792304729005065,-3.469446951953614e-18,1,Microsoft market update,16.81056765363697,0,11,4,1,0,2,-0.5272106223017367,-0.5568529439732697,0.5265890341390445
2023-11-14,0.8323162929248185,0.0,1,Microsoft market update,17.136361610864675,1,11,4,0,0,2,-0.4771978669015635,0.5762618664200365,0.5265890341390445
2023-11-15,-0.0613080045454852,0.0,1,Microsoft market update,17.106152509290567,2,11,4,0,0,2,-0.4752087232208751,-0.018781665294884,0.5265890341390445
2023-11-16,0.0495607451024196,0.0,0,Microsoft market update,17.118076620940645,3,11,4,0,0,2,-0.3845606040580624,1.0700213927366728,0.5265890341390445
2023-11-17,0.9841787683976686,0.0,1,Microsoft market update,17.508307354264513,4,11,4,0,1,2,-0.4726512527742753,-1.1075847233264409,0.5265890341390445
2023-11-20,0.69210322791846,0.0,0,Microsoft market update,17.775658763665213,0,11,4,1,0,2,-0.3668003926233421,1.2535986525210632,0.5265890341390445
2023-11-21,-1.5554423785676788,0.0,1,Microsoft market update,17.1627127879813,1,11,4,0,0,2,-0.4277534382673026,-0.7784117057820167,0.5265890341390445
2023-11-22,-0.5054765902098862,0.0,0,Microsoft market update,16.965906279857276,2,11,4,0,0,2,-0.3611171249642319,0.7661693765418197,0.5265890341390445
2023-11-24,-2.0300299263100143,-3.469446951953614e-18,1,Microsoft market update,16.135601623352628,4,11,4,0,1,2,-0.3669424743148197,-0.1137354203557756,0.5265890341390445
2023-11-27,1.8410656584052236,0.0,1,Microsoft market update,16.91466551579309,0,11,4,1,0,2,-0.3506030797948773,0.1521350938147208,0.5265890341390445
2023-11-28,-0.1960233712226255,0.0,0,Microsoft market update,16.833645067098992,1,11,4,0,0,2,-0.293486239820816,0.6395643697939642,0.5265890341390445
2023-11-29,0.8848052867056405,0.0,1,Microsoft market update,17.18154355643181,2,11,4,0,0,2,-0.3471931191994108,-0.683457950721125,0.5265890341390445
2023-11-30,0.157360624355263,0.0,0,Microsoft market update,17.235019292126193,3,11,4,0,0,2,-0.3463406290505442,-0.0314421659696695,0.5265890341390445
2023-12-01,0.2211470055046705,0.0,0,Microsoft market update,17.313244669940346,4,12,4,0,1,2,-0.4077199197689377,-0.7784117057820167,0.5265890341390445
2023-12-04,-0.0607633160224197,0.0,1,Microsoft market update,17.283222663039346,0,12,4,1,0,2,-0.4825969711777185,-0.9493284648916216,0.5265890341390445
2023-12-05,-0.8549305686778409,0.0,0,Microsoft market update,16.953826918329792,1,12,4,0,0,2,-0.4354258496071013,0.5382803643956798,0.5265890341390445
2023-12-06,-0.2070294831644673,0.0,1,Microsoft market update,16.868667090573798,2,12,4,0,0,2,-0.4872856669964852,-0.6771277003837324,0.5265890341390445
2023-12-07,0.2446921997409217,0.0,1,Microsoft market update,16.956161066036568,3,12,4,0,0,2,-0.4573064300946771,0.3230518529243256,0.5265890341390445
2023-12-08,-0.3461066761499241,0.0,0,Microsoft market update,16.818933234419227,4,12,4,0,1,2,-0.4115561254388371,0.5129593630461088,0.5265890341390445
2023-12-11,0.8145378219222753,0.0,1,Microsoft market update,17.137260646325235,0,12,4,1,0,2,-0.4524756525844327,-0.5378621929610913,0.5265890341390445
2023-12-12,-0.2717395345336626,0.0,0,Microsoft market update,17.027897414944746,1,12,4,0,0,2,-0.4095669817581485,0.481308111359145,0.5265890341390445
2023-12-14,0.8545116738324324,0.0,1,Microsoft market update,17.583143450539716,3,12,4,0,0,2,-0.5272106223017367,-1.4684089925578288,0.5265890341390445
2023-12-15,1.4488867687819538,0.0,1,Microsoft market update,18.178638494424955,4,12,4,0,1,2,-0.4604322273071874,0.785160127553998,0.5265890341390445
2023-12-18,-2.8205042876846886,0.0,1,Microsoft market update,16.897553592300333,0,12,4,1,0,2,-0.4335787876178905,0.285070350899969,0.5265890341390445
2023-12-19,-0.1310402759595875,0.0,0,Microsoft market update,16.840981277817026,1,12,4,0,0,2,-0.4250538861292252,0.0571813387538292,0.5265890341390445
2023-12-20,0.6371951263282569,0.0,1,Microsoft market update,17.085714314620144,2,12,4,0,0,2,-0.4618530442219654,-0.4935504405993419,0.5265890341390445
2023-12-21,-1.0269836478376373,0.0,1,Microsoft market update,16.68952712930582,3,12,4,0,0,2,-0.421217680459325,0.4559871100095739,0.5265890341390445
2023-12-22,-0.072504397511355,-3.469446951953614e-18,1,Microsoft market update,16.655027580262683,4,12,4,0,1,2,-0.4067253479285935,0.1331443428025425,0.5265890341390445
2023-12-26,-0.7784163751411184,0.0,0,Microsoft market update,16.354992273731803,1,12,4,0,0,2,-0.4055886943967716,-0.0314421659696695,0.5265890341390445
2023-12-27,0.4335048464015823,-3.469446951953614e-18,1,Microsoft market update,16.517234188455994,2,12,4,0,0,2,-0.4138294325024816,-0.1453866720427394,0.5265890341390445
2023-12-28,-0.0859612581359438,-3.469446951953614e-18,1,Microsoft market update,16.47765649667379,3,12,4,0,0,2,-0.3969217112166278,0.1584653441521136,0.5265890341390445
2023-12-29,0.6937702399655794,0.0,0,Microsoft market update,16.745679839122506,4,12,4,0,1,2,-0.3864076660472733,0.0825023401034003,0.5265890341390445
2024-01-02,0.7683469076636211,0.0,0,Microsoft market update,17.044677289346534,1,1,1,0,0,2,-0.4584430836264989,-0.9113469628672648,0.5265890341390445
2024-01-03,-0.2201281078846019,0.0,0,Microsoft market update,16.95462867787514,2,1,1,0,0,2,-0.4621372076049206,-0.0884144190062045,0.5265890341390445
2024-01-04,-0.2447679476646934,0.0,0,Microsoft market update,16.855331532538056,3,1,1,0,0,2,-0.499220529080617,-0.4998806909367347,0.5265890341390445
2024-01-05,0.0311473056860236,0.0,1,Microsoft market update,16.860252066927934,4,1,1,0,1,2,-0.5019200812186945,-0.0757539183314189,0.5265890341390445
2024-01-08,0.2679589915789303,0.0,1,Microsoft market update,16.956813998063904,0,1,1,1,0,2,-0.4051624493223378,1.1523146471227788,0.5265890341390445
2024-01-09,-0.2598481816320786,0.0,1,Microsoft market update,16.851904861244837,1,1,1,0,0,2,-0.3898176266427397,0.1394745931399352,0.5265890341390445
2024-01-10,0.5344540385747064,0.0,1,Microsoft market update,17.05474575707709,2,1,1,0,0,2,-0.2926337496719494,1.1333238961106002,0.5265890341390445
2024-01-11,0.2451602443908532,0.0,1,Microsoft market update,17.1423722851448,3,1,1,0,0,2,-0.2666328001315191,0.2660795998877907,0.5265890341390445
2024-01-12,-0.650059445394286,0.0,1,Microsoft market update,16.891033245830045,4,1,1,0,1,2,-0.2130680024444027,0.588922367094822,0.5265890341390445
2024-01-16,0.5957138014149955,0.0,0,Microsoft market update,17.118812123276456,1,1,1,0,0,2,-0.1880616247443166,0.2470888488756124,0.5265890341390445
2024-01-17,-0.518162061644726,0.0,1,Microsoft market update,16.917137749357806,2,1,1,0,0,2,-0.1991439966795817,-0.1707076733923105,0.5265890341390445
2024-01-18,0.1504995331270672,0.0,1,Microsoft market update,16.96790895923778,3,1,1,0,0,2,-0.1379067876526658,0.6712156214809281,0.5265890341390445
2024-01-19,0.5920037104908834,0.0,0,Microsoft market update,17.194158978605717,4,1,1,0,1,2,-0.0709863109666398,0.7281878745174631,0.5265890341390445
2024-01-22,-0.1992041800905554,0.0,1,Microsoft market update,17.111973191098468,0,1,1,1,0,2,-0.1011076295599256,-0.3859361848636647,0.5265890341390445
2024-01-23,-0.7122294497595275,0.0,1,Microsoft market update,16.83719811002504,1,1,1,0,0,2,-0.067718432062651,0.3357123535991112,0.5265890341390445
2024-01-24,0.5072612634033766,0.0,1,Microsoft market update,17.02905222145571,2,1,1,0,0,2,-0.0167111048221345,0.5382803643956798,0.5265890341390445
2024-01-25,-0.4286069025229105,0.0,0,Microsoft market update,16.86104205784177,3,1,1,0,0,2,0.0153993574518397,0.3167216025869329,0.5265890341390445
2024-01-26,-0.4235551573196436,0.0,1,Microsoft market update,16.694894447506893,4,1,1,0,1,2,0.0023278418358861,-0.1896984244044888,0.5265890341390445
2024-01-29,0.8178303266603839,0.0,0,Microsoft market update,17.014599956205064,0,1,1,1,0,2,0.0830302425952555,0.8611231316027113,0.5265890341390445
2024-01-30,0.7990360175620767,0.0,0,Microsoft market update,17.32638714629899,1,1,1,0,0,2,0.0672591748412236,-0.2213496760914527,0.5265890341390445
2024-02-01,-1.1519848200000178,0.0,1,Microsoft market update,17.23839444490442,3,2,1,0,0,2,0.0001966164637192,0.9434163859888172,0.5265890341390445
2024-02-02,-0.1974686712804383,0.0,0,Microsoft market update,17.156841190968237,4,2,1,0,1,2,0.1039162512424862,1.120663395435815,0.5265890341390445
2024-02-05,-0.2693567792971316,0.0,0,Microsoft market update,17.048380053112957,0,2,1,1,0,2,0.026339647695628,-0.8986864621924794,0.5265890341390445
2024-02-06,-0.8343870153603754,0.0,1,Microsoft market update,16.726915177393465,1,2,1,0,0,2,0.0240663406319834,-0.0694236679940261,0.5265890341390445
2024-02-07,0.515012163547157,0.0,1,Microsoft market update,16.921911777495318,2,2,1,0,0,2,0.1434149614733048,1.2915801545454195,0.5265890341390445
2024-02-08,-0.1167510402287393,-3.469446951953614e-18,1,Microsoft market update,16.870704471451,3,2,1,0,0,2,0.1442674516221714,-0.0377724163070623,0.5265890341390445
2024-02-09,0.1155851829466879,0.0,0,Microsoft market update,16.908042855498852,4,2,1,0,1,2,0.233920998944639,0.9434163859888172,0.5265890341390445
2024-02-12,-0.0829331395853839,0.0,0,Microsoft market update,16.869648569903195,0,2,1,1,0,2,0.1603226827591585,-0.8417142091559444,0.5265890341390445
2024-02-13,0.7028201330964865,0.0,1,Microsoft market update,17.14144189716807,1,2,1,0,0,2,0.0357170393331599,-1.405106489183901,0.5265890341390445
2024-02-14,-0.8053980212136902,0.0,0,Microsoft market update,16.831104329630545,2,2,1,0,0,2,0.0904184905520989,0.5699316160826438,0.5265890341390445
2024-02-15,0.193477933215077,0.0,0,Microsoft market update,16.898589614752932,3,2,1,0,0,2,0.0494989634065033,-0.4998806909367347,0.5265890341390445
2024-02-16,0.074192822745358,0.0,0,Microsoft market update,16.919940318289743,4,2,1,0,1,2,0.0145468673029731,-0.4302479372254142,0.5265890341390445
2024-02-20,0.2418815917423076,0.0,0,Microsoft market update,17.006311999495832,1,2,1,0,0,2,-0.0032133441317472,-0.240340427103631,0.5265890341390445
2024-02-21,-0.7049554813482011,0.0,1,Microsoft market update,16.734302444168847,2,2,1,0,0,2,-0.0117382456204125,-0.1390564217053466,0.5265890341390445
2024-02-23,-1.2994958742537177,0.0,0,Microsoft market update,16.60642416175987,4,2,1,0,1,2,0.102211270944753,-0.2466706774410238,0.5265890341390445
2024-02-26,0.0017550318881902,0.0,0,Microsoft market update,16.600120546871754,0,2,1,1,0,2,0.0631388057883682,-0.4745596895871635,0.5265890341390445
2024-02-27,-0.2134244348691776,0.0,1,Microsoft market update,16.512553804182705,1,2,1,0,0,2,0.0622863156395016,-0.0504329169818478,0.5265890341390445
2024-02-28,-0.2950890349643178,0.0,1,Microsoft market update,16.39444634009284,2,2,1,0,0,2,0.0656962762349681,-0.0061211646200984,0.5265890341390445
2024-02-29,2.058183308555825,0.0,1,Microsoft market update,17.27959825947619,3,2,1,0,0,2,0.148387820675026,0.8737836322774969,0.5265890341390445
2024-03-01,-1.4870539256820408,0.0,0,Microsoft market update,16.696022814771013,4,3,1,0,1,2,0.1742466885239787,0.2407585985382196,0.5265890341390445
2024-03-04,-0.0154989766474096,0.0,0,Microsoft market update,16.683182218281843,0,3,1,1,0,2,0.1661480321097463,-0.1327261713679539,0.5265890341390445
2024-03-06,-0.4773740771485116,0.0,1,Microsoft market update,16.922072906826077,2,3,1,0,0,2,-0.0128748991522343,-0.1327261713679539,0.5265890341390445
2024-03-07,-0.4527269613880395,0.0,0,Microsoft market update,16.745022951021237,3,3,1,0,0,2,0.0854456313503769,1.06369114239928,0.5265890341390445
2024-03-08,-0.0845843243196188,0.0,0,Microsoft market update,16.706004586162898,4,3,1,0,1,2,0.0446681858962589,-0.4935504405993419,0.5265890341390445
2024-03-11,-0.2744228156415344,0.0,1,Microsoft market update,16.59562098363456,0,3,1,1,0,2,0.0209405434194731,-0.3099731808149515,0.5265890341390445
2024-03-13,-0.7035717775568978,0.0,1,Microsoft market update,16.65551847244042,2,3,1,0,0,2,0.1687055025563462,-0.0694236679940261,0.5265890341390445
2024-03-15,0.7165873879785292,0.0,1,Microsoft market update,17.623947051037607,4,3,1,0,1,2,0.1871761224484555,-1.3544644864847588,0.5265890341390445
2024-03-18,-1.982899562884226,0.0,1,Microsoft market update,16.816528885683898,0,3,1,1,0,2,0.1996793112984985,0.0951628407781858,0.5265890341390445
2024-03-19,-0.0168321835372933,0.0,1,Microsoft market update,16.803104857853203,1,3,1,0,0,2,0.256796151272559,0.5762618664200365,0.5265890341390445
2024-03-20,-0.2601447824363495,0.0,1,Microsoft market update,16.69807978849182,2,3,1,0,0,2,0.3102188672681977,0.5319501140582872,0.5265890341390445
2024-03-21,0.4678191420902871,0.0,0,Microsoft market update,16.874039257964675,3,3,1,0,0,2,0.3680461156996479,0.5699316160826438,0.5265890341390445
2024-03-22,-0.4815561326280494,0.0,0,Microsoft market update,16.686161408558423,4,3,1,0,1,2,0.3592370508280266,-0.1390564217053466,0.5265890341390445
2024-03-25,0.0785234421492705,0.0,0,Microsoft market update,16.70923784643213,0,3,1,1,0,2,0.2771138331538792,-0.9113469628672648,0.5265890341390445
2024-03-26,-0.1847798842576092,0.0,0,Microsoft market update,16.63245109756314,1,3,1,0,0,2,0.2602061118680254,-0.2276799264288455,0.5265890341390445
2024-03-27,0.0151919103786582,0.0,0,Microsoft market update,16.631218693635308,2,3,1,0,0,2,0.2570803146555151,-0.0757539183314189,0.5265890341390445
2024-03-28,0.6972846005780917,-3.469446951953614e-18,1,Microsoft market update,16.90068130655439,3,3,1,0,0,2,0.247134596252071,-0.1517169223801322,0.5265890341390445
2024-04-01,-0.7600766021228275,0.0,0,Microsoft market update,16.607656840709115,0,4,2,1,0,2,0.3009835573221435,0.5382803643956798,0.5265890341390445
2024-04-02,0.259614651063554,0.0,0,Microsoft market update,16.70098149308922,1,4,2,0,0,2,0.2572223963469927,-0.5125411916115202,0.5265890341390445
2024-04-03,-0.1986255379009986,0.0,0,Microsoft market update,16.619010383693382,2,4,2,0,0,2,0.2434404722736493,-0.1896984244044888,0.5265890341390445
2024-04-04,0.4286132549583772,0.0,1,Microsoft market update,16.779282549531114,3,4,2,0,0,2,0.2074938043297757,-0.4302479372254142,0.5265890341390445
2024-04-05,-0.3993707211997754,0.0,0,Microsoft market update,16.622186708353635,4,4,2,0,1,2,0.3141971546295755,1.1143331450984222,0.5265890341390445
2024-04-08,-0.3760164762293456,0.0,1,Microsoft market update,16.47383823038031,0,4,2,1,0,2,0.3012677207050987,-0.1833681740670961,0.5265890341390445
2024-04-09,-0.3344799819287427,0.0,0,Microsoft market update,16.340991251535286,1,4,2,0,0,2,0.3248532814904077,0.2091073468512558,0.5265890341390445
2024-04-10,0.6755376565709512,0.0,1,Microsoft market update,16.601546028588018,2,4,2,0,0,2,0.2826550191215117,-0.4935504405993419,0.5265890341390445
2024-04-11,0.28293585572807,0.0,0,Microsoft market update,16.704013960459864,3,4,2,0,0,2,0.3478705155098053,0.6522248704687498,0.5265890341390445
2024-04-12,0.198036538542138,0.0,0,Microsoft market update,16.773219053751937,4,4,2,0,1,2,0.2636160724634919,-0.936667964216836,0.5265890341390445
2024-04-15,0.152707466434828,0.0,1,Microsoft market update,16.824825221817004,0,4,2,1,0,2,0.148387820675026,-1.2848317327734384,0.5265890341390445
2024-04-16,-0.487034072936058,0.0,0,Microsoft market update,16.63483978573381,1,4,2,0,0,2,0.1614593362909804,0.1014930911155786,0.5265890341390445
2024-04-17,-0.1290736852834501,0.0,0,Microsoft market update,16.579027064320062,2,4,2,0,0,2,0.1232393612834622,-0.461899188912378,0.5265890341390445
2024-04-18,0.7284371118310149,0.0,0,Microsoft market update,16.861455840107173,3,4,2,0,0,2,0.0175305828240066,-1.208868728724725,0.5265890341390445
2024-04-19,0.9460183389527886,0.0,1,Microsoft market update,17.23539232754686,4,4,2,0,1,2,-0.0543627530637413,-0.8480444594933372,0.5265890341390445
2024-04-22,-1.061970443629192,0.0,1,Microsoft market update,16.825485964799164,0,4,2,1,0,2,-0.0286459669062662,0.2470888488756124,0.5265890341390445
2024-04-23,-0.6575527168993253,0.0,1,Microsoft market update,16.571366375235492,1,4,2,0,0,2,0.0635650508628019,1.0003886390253522,0.5265890341390445
2024-04-24,-0.0961773246509098,0.0,0,Microsoft market update,16.527904710433234,2,4,2,0,0,2,0.0844510595100327,0.1901165958390774,0.5265890341390445
2024-04-25,2.268019190061295,0.0,1,Microsoft market update,17.518946081600948,3,4,2,0,0,2,-0.0554994065955632,-1.5950139993056842,0.5265890341390445
2024-04-26,-0.8111052359385343,0.0,0,Microsoft market update,17.206479170346213,4,4,2,0,1,2,0.0460890028110368,1.1080028947610294,0.5265890341390445
2024-04-29,-1.0784306377510655,0.0,0,Microsoft market update,16.79012649268083,0,4,2,1,0,2,-0.0107436737800682,-0.6771277003837324,0.5265890341390445
2024-05-01,-0.5139275267253536,0.0,1,Microsoft market update,16.975167065612823,2,5,2,0,0,2,-0.1127583282611021,0.867453381940104,0.5265890341390445
2024-05-02,-0.7404361851306984,0.0,1,Microsoft market update,16.689606186487975,3,5,2,0,0,2,-0.0722650461899393,0.4180056079852173,0.5265890341390445
2024-05-03,-0.0208369303108019,0.0,1,Microsoft market update,16.674661134298407,4,5,2,0,1,2,0.0509197803212804,1.3612129082567404,0.5265890341390445
2024-05-06,-0.0504403185797265,0.0,0,Microsoft market update,16.648523940853117,0,5,2,1,0,2,0.1469670037602488,1.0257096403749233,0.5265890341390445
2024-05-07,0.437112396061539,0.0,1,Microsoft market update,16.812152467673823,1,5,2,0,0,2,0.088287265179932,-0.6897882010585179,0.5265890341390445
2024-05-08,-1.3573229460569256,0.0,1,Microsoft market update,16.282957418865667,2,5,2,0,0,2,0.1050529047743081,0.1394745931399352,0.5265890341390445
2024-05-09,0.5759076183943482,0.0,1,Microsoft market update,16.502657193960616,3,5,2,0,0,2,0.1299172007829166,0.228098097863434,0.5265890341390445
2024-05-10,-0.2245100100120316,0.0,0,Microsoft market update,16.410936966597475,4,5,2,0,1,2,0.1637326433546241,0.3293821032617184,0.5265890341390445
2024-05-13,0.381841004880655,0.0,1,Microsoft market update,16.552485120610886,0,5,2,1,0,2,0.1495244742068479,-0.2023589250792744,0.5265890341390445
2024-05-14,-0.038549240205831,0.0,1,Microsoft market update,16.530821072424395,1,5,2,0,0,2,0.189165266129144,0.3926846066356462,0.5265890341390445
2024-05-15,0.9756271598887608,0.0,0,Microsoft market update,16.91738059004458,2,5,2,0,0,2,0.2907536755357441,1.06369114239928,0.5265890341390445
2024-05-16,-0.6148733037013759,0.0,0,Microsoft market update,16.679430018432445,3,5,2,0,0,2,0.2616269287828034,-0.3542849331767009,0.5265890341390445
2024-05-17,-0.333869460990945,0.0,1,Microsoft market update,16.54676940934061,4,5,2,0,1,2,0.2506866385390151,-0.1643774230549177,0.5265890341390445
2024-05-20,0.1695539666383077,0.0,1,Microsoft market update,16.604962604232533,0,5,2,1,0,2,0.3224378927352855,0.7281878745174631,0.5265890341390445
2024-05-21,0.7140252213977762,0.0,1,Microsoft market update,16.881389084271916,1,5,2,0,0,2,0.374155628433191,0.506629112708716,0.5265890341390445
2024-05-22,-0.4374693439940931,0.0,0,Microsoft market update,16.709968456206614,2,5,2,0,0,2,0.3948995553889449,0.1711258448268991,0.5265890341390445
2024-05-23,-0.1106147946666901,0.0,1,Microsoft market update,16.66110000118853,3,5,2,0,0,2,0.3455972084461608,-0.5631831943106624,0.5265890341390445
2024-05-24,-0.9672559364843832,0.0,1,Microsoft market update,16.288285667290065,4,5,2,0,1,2,0.3897846144957452,0.42433585832261,0.5265890341390445
2024-05-28,0.7275282734363301,0.0,0,Microsoft market update,16.57031717402958,1,5,2,0,0,2,0.3920579215593898,-0.018781665294884,0.5265890341390445
2024-05-29,-0.0154989766474096,0.0,0,Microsoft market update,16.557453264034578,2,5,2,0,0,2,0.3760026904224018,-0.2150194257540599,0.5265890341390445
2024-05-31,1.2923093715412317,0.0,0,Microsoft market update,17.68661366824672,4,5,2,0,1,2,0.1796457928001336,0.0255300870668653,0.5265890341390445
2024-06-03,-2.3755617288073,0.0,1,Microsoft market update,16.676836827961655,0,6,2,1,0,2,0.1570548038551697,-0.2909824298027731,0.5265890341390445
2024-06-04,-0.5074246609695635,0.0,1,Microsoft market update,16.479183911871242,1,6,2,0,0,2,0.192717308416088,0.3483728542738967,0.5265890341390445
2024-06-05,0.4500017004657107,0.0,1,Microsoft market update,16.648017829280377,2,6,2,0,0,2,0.3038251911516985,1.1649751477975645,0.5265890341390445
2024-06-06,-0.3369234756433402,0.0,0,Microsoft market update,16.514271143892632,3,6,2,0,0,2,0.3109292757255867,0.0318603374042581,0.5265890341390445
2024-06-07,-0.2122604616142322,-3.469446951953614e-18,1,Microsoft market update,16.42717474075539,4,6,2,0,1,2,0.3015518840880548,-0.1453866720427394,0.5265890341390445
2024-06-10,0.0866499158857268,0.0,1,Microsoft market update,16.45334578397218,0,6,2,1,0,2,0.3578162339132486,0.5572711154078582,0.5265890341390445
2024-06-11,0.1220694256443216,0.0,1,Microsoft market update,16.49317721882203,1,6,2,0,0,2,0.4251629556737084,0.6648853711435353,0.5265890341390445
2024-06-12,1.0762473440485605,0.0,1,Microsoft market update,16.923061493384935,2,6,2,0,0,2,0.5423803511428628,1.1839658988097426,0.5265890341390445
2024-06-13,-0.8759567340776312,0.0,1,Microsoft market update,16.585633805918548,3,6,2,0,0,2,0.5496265174082285,0.0318603374042581,0.5265890341390445
2024-06-14,-0.4106515483290303,0.0,1,Microsoft market update,16.42425601828273,4,6,2,0,1,2,0.5634084414815719,0.0951628407781858,0.5265890341390445
2024-06-17,1.066617788315941,0.0,0,Microsoft market update,16.84998270793424,0,6,2,1,0,2,0.6445370873153742,0.785160127553998,0.5265890341390445
2024-06-18,-0.4996400983603469,0.0,0,Microsoft market update,16.655319807015655,1,6,2,0,0,2,0.6161207490198216,-0.3289639318271298,0.5265890341390445
2024-06-20,0.4024568879757756,0.0,1,Microsoft market update,16.805094016239774,3,6,2,0,0,2,0.6071696024567226,-0.1327261713679539,0.5265890341390445
2024-06-21,1.3311315294443111,0.0,0,Microsoft market update,17.34735896714601,4,6,2,0,1,2,0.664286442430783,0.5382803643956798,0.5265890341390445
2024-06-24,-1.8930248847564624,0.0,1,Microsoft market update,16.58269099425499,0,6,2,1,0,2,0.6347334506034086,-0.3416244325019154,0.5265890341390445
2024-06-25,0.0990300540704485,0.0,1,Microsoft market update,16.613608693268418,1,6,2,0,0,2,0.6806258369507263,0.4180056079852173,0.5265890341390445
2024-06-26,0.0332304899892557,0.0,1,Microsoft market update,16.619295151910038,2,6,2,0,0,2,0.69753355823658,0.1268140924651497,0.5265890341390445
2024-06-27,-0.2699522578235558,0.0,0,Microsoft market update,16.510563391374646,3,6,2,0,0,2,0.7071951132570672,0.0508510884164364,0.5265890341390445
2024-06-28,1.5676804078279336,0.0,1,Microsoft market update,17.160571391738877,4,6,2,0,1,2,0.624645650508487,-0.8670352105055155,0.5265890341390445
2024-07-01,-1.2213204810734803,0.0,1,Microsoft market update,16.68697134758484,0,7,3,1,0,2,0.7614703194015733,1.3422221572445618,0.5265890341390445
2024-07-02,-0.6037899922385318,0.0,1,Microsoft market update,16.453124060047738,1,7,3,0,0,2,0.7971328239624916,0.3103913522495401,0.5265890341390445
2024-07-03,-0.8872454608928542,-3.469446951953614e-18,1,Microsoft market update,16.111353070767468,2,7,3,0,0,2,0.8180188326097224,0.1584653441521136,0.5265890341390445
2024-07-05,1.183658936849245,0.0,0,Microsoft market update,16.588118092527104,4,7,3,0,1,2,0.9130714842083456,0.8864441329522823,0.5265890341390445
2024-07-08,-0.5420529788027368,-3.469446951953614e-18,0,Microsoft market update,16.377555779425222,0,7,3,1,0,2,0.8946008643162364,-0.2213496760914527,0.5265890341390445
2024-07-09,0.7306165104752878,0.0,1,Microsoft market update,16.660838516959565,1,7,3,0,0,2,0.8008269479409134,-0.9556587152290142,0.5265890341390445
2024-07-10,0.1637105026647477,0.0,0,Microsoft market update,16.716717898327104,2,7,3,0,0,2,0.8947429460077149,0.8801138826148895,0.5265890341390445
2024-07-12,-0.9025961565943488,0.0,1,Microsoft market update,16.608165414445896,4,7,3,0,1,2,0.7169987499690328,-0.2023589250792744,0.5265890341390445
2024-07-15,-0.309261757395173,0.0,0,Microsoft market update,16.48477841914695,0,7,3,1,0,2,0.7228240993196214,0.0128695863920798,0.5265890341390445
2024-07-16,0.4634325550292504,0.0,0,Microsoft market update,16.659006210378056,1,7,3,0,0,2,0.6605923184523613,-0.6644671997089467,0.5265890341390445
2024-07-17,0.6193641280367425,0.0,0,Microsoft market update,16.89641088980604,2,7,3,0,0,2,0.5767641204804815,-0.8860259615176937,0.5265890341390445
2024-07-18,-0.1033844030738477,0.0,0,Microsoft market update,16.85021356150528,3,7,3,0,0,2,0.5327187961223747,-0.4935504405993419,0.5265890341390445
2024-07-19,0.0366110805574542,0.0,1,Microsoft market update,16.85719091317555,4,7,3,0,1,2,0.4871105731580131,-0.5125411916115202,0.5265890341390445
2024-07-22,-0.7289157781501109,0.0,1,Microsoft market update,16.576077368232635,0,7,3,1,0,2,0.5686654640662484,0.7978206282287835,0.5265890341390445
2024-07-23,-0.4802687041921171,0.0,0,Microsoft market update,16.38866470237805,1,7,3,0,0,2,0.5953768220640685,0.228098097863434,0.5265890341390445
2024-07-25,0.3039399980809233,0.0,1,Microsoft market update,17.214832882805606,3,7,3,0,0,2,0.2253960974559737,-1.5950139993056842,0.5265890341390445
2024-07-26,-0.6168926673056145,0.0,1,Microsoft market update,16.976070636011585,4,7,3,0,1,2,0.3214433208949412,0.9940583886879596,0.5265890341390445
2024-07-29,-1.1480800256388402,0.0,0,Microsoft market update,16.531912519156602,0,7,3,1,0,2,0.3419030844677391,0.1711258448268991,0.5265890341390445
2024-07-30,1.8234210394649184,0.0,0,Microsoft market update,17.302506389650798,1,7,3,0,0,2,0.288622450163578,-0.6074949466724119,0.5265890341390445
2024-07-31,0.7026358800980762,0.0,0,Microsoft market update,17.57418192091644,2,7,3,0,0,2,0.2246856889985847,-0.7277697030828746,0.5265890341390445
2024-08-01,-0.9022299106639148,0.0,0,Microsoft market update,17.22653948454694,3,8,3,0,0,2,0.2073517226382981,-0.2340101767662382,0.5265890341390445
2024-08-02,-0.0572261877971852,0.0,0,Microsoft market update,17.19779355172881,4,8,3,0,1,2,0.0867243665736772,-1.3544644864847588,0.5265890341390445
2024-08-06,-1.261232188730224,0.0,0,Microsoft market update,17.032244129846223,1,8,3,0,0,2,-0.0374550317778876,0.6712156214809281,0.5265890341390445
2024-08-07,-0.4844549339358064,0.0,1,Microsoft market update,16.84326950838073,2,8,3,0,0,2,-0.0539365079893084,-0.2340101767662382,0.5265890341390445
2024-08-08,-0.0393578880958234,0.0,1,Microsoft market update,16.82134171569328,3,8,3,0,0,2,0.0055957207398741,0.6332341194565714,0.5265890341390445
2024-08-09,-0.1053287528632628,0.0,1,Microsoft market update,16.77440772254719,4,8,3,0,1,2,0.0521985155445808,0.481308111359145,0.5265890341390445
2024-08-12,-0.3528612034625105,0.0,1,Microsoft market update,16.63467872873187,0,8,3,1,0,2,0.0632808874798459,0.0761720897660075,0.5265890341390445
2024-08-13,0.3951038019605957,0.0,1,Microsoft market update,16.781520517409383,1,8,3,0,0,2,0.1638747250461026,1.0763516430740656,0.5265890341390445
2024-08-14,-0.1425929200600665,0.0,1,Microsoft market update,16.720606766002344,2,8,3,0,0,2,0.203799680351354,0.3926846066356462,0.5265890341390445
2024-08-15,0.3463936375644699,0.0,0,Microsoft market update,16.84815805252729,3,8,3,0,0,2,0.2727093007180685,0.702866873167892,0.5265890341390445
2024-08-16,0.2589176862131515,0.0,1,Microsoft market update,16.941200389346097,4,8,3,0,1,2,0.2369047144656725,-0.4302479372254142,0.5265890341390445
2024-08-19,-1.0421567460535133,0.0,1,Microsoft market update,16.53904039555751,0,8,3,1,0,2,0.2798133852919566,0.4180056079852173,0.5265890341390445
2024-08-20,0.2075993995276702,0.0,0,Microsoft market update,16.61203557026927,1,8,3,0,0,2,0.3255636899477967,0.4496568596721811,0.5265890341390445
2024-08-21,-0.0334349610988561,0.0,0,Microsoft market update,16.592296770901154,2,8,3,0,0,2,0.3163283800017416,-0.1453866720427394,0.5265890341390445
2024-08-22,0.4941355142463413,0.0,1,Microsoft market update,16.778817827140934,3,8,3,0,0,2,0.1959851873200769,-1.3291434851351878,0.5265890341390445
2024-08-23,-0.1025516276307518,0.0,0,Microsoft market update,16.732946152815263,4,8,3,0,1,2,0.2133191536803635,0.145804843477328,0.5265890341390445
2024-08-26,-0.8846933102393328,0.0,1,Microsoft market update,16.39214529770824,0,8,3,1,0,2,0.1671426039500906,-0.5441924432984842,0.5265890341390445
2024-08-27,0.0851287091268497,0.0,0,Microsoft market update,16.417674253248233,1,8,3,0,0,2,0.171973381460335,0.006539336054687,0.5265890341390445
2024-08-28,0.2716562308262453,0.0,1,Microsoft market update,16.515710089713878,2,8,3,0,0,2,0.1266493218789286,-0.5378621929610913,0.5265890341390445
2024-08-29,0.3669483755377455,0.0,1,Microsoft market update,16.651379255799075,3,8,3,0,0,2,0.1618855813654133,0.342042603936504,0.5265890341390445
2024-08-30,0.901419920714629,0.0,0,Microsoft market update,17.006328454915366,4,8,3,0,1,2,0.2182920128820855,0.5699316160826438,0.5265890341390445
2024-09-03,-0.4591085023516148,0.0,0,Microsoft market update,16.82680121966222,1,9,3,0,0,2,0.1103099273589854,-1.2151989790621178,0.5265890341390445
2024-09-04,-0.7632437443892074,0.0,0,Microsoft market update,16.532573422724365,2,9,3,0,0,2,0.1027795977106644,-0.1263959210305611,0.5265890341390445
2024-09-05,-0.1510829450672461,0.0,0,Microsoft market update,16.468435641384033,3,9,3,0,0,2,0.0956755131367762,-0.1200656706931683,0.5265890341390445
2024-09-06,0.8259496619473291,0.0,1,Microsoft market update,16.791524751647852,4,9,3,0,1,2,0.0019015967614524,-1.0822637219768698,0.5265890341390445
2024-09-09,-0.6425836630749683,0.0,1,Microsoft market update,16.54304313901052,0,9,3,1,0,2,0.058165946586647,0.588922367094822,0.5265890341390445
2024-09-10,0.6444324786400162,0.0,1,Microsoft market update,16.790749316614196,1,9,3,0,0,2,0.1770883223535338,1.278919653870634,0.5265890341390445
2024-09-11,-0.0259206519861348,0.0,1,Microsoft market update,16.773899207530288,2,9,3,0,0,2,0.3009835573221435,1.3042406552202053,0.5265890341390445
2024-09-12,-0.2524445384796498,0.0,1,Microsoft market update,16.671733664692674,3,9,3,0,0,2,0.3563954169984706,0.5509408650704655,0.5265890341390445
2024-09-13,-0.2239253027753187,0.0,1,Microsoft market update,16.5802309685689,4,9,3,0,1,2,0.406692335781599,0.4876383616965377,0.5265890341390445
2024-09-16,-0.3470267422781484,0.0,1,Microsoft market update,16.44269055911563,0,9,3,1,0,2,0.4172063809509536,0.063511589091222,0.5265890341390445
2024-09-17,0.7962352692065171,0.0,0,Microsoft market update,16.753306521077548,1,9,3,0,0,2,0.4706290969465923,0.5129593630461088,0.5265890341390445
2024-09-18,0.0217462635932599,0.0,1,Microsoft market update,16.75456670724036,2,9,3,0,0,2,0.4098181329941102,-0.6771277003837324,0.5265890341390445
2024-09-19,0.3741899752333242,0.0,0,Microsoft market update,16.8931269658016,3,9,3,0,0,2,0.5202156072723317,1.1143331450984222,0.5265890341390445
2024-09-20,2.1533260605927835,0.0,0,Microsoft market update,17.825877337194072,4,9,3,0,1,2,0.4723340772443255,-0.5378621929610913,0.5265890341390445
2024-09-23,-2.839115005944946,0.0,0,Microsoft market update,16.532117445981587,0,9,3,1,0,2,0.4476118629271947,-0.297312680140166,0.5265890341390445
2024-09-24,0.3211225888352553,0.0,1,Microsoft market update,16.649652940918415,1,9,3,0,0,2,0.3868008989747125,-0.6771277003837324,0.5265890341390445
2024-09-25,-0.617902835744482,0.0,0,Microsoft market update,16.410496646756958,2,9,3,0,0,2,0.4280045895032634,0.3926846066356462,0.5265890341390445
2024-09-26,0.2220942326746393,0.0,0,Microsoft market update,16.48910740000069,3,9,3,0,0,2,0.4167801358765199,-0.1643774230549177,0.5265890341390445
2024-09-27,0.0901949138931733,0.0,1,Microsoft market update,16.516610058819715,4,9,3,0,1,2,0.3707456678377254,-0.5252016922863058,0.5265890341390445
2024-09-30,0.3292091896087021,0.0,0,Microsoft market update,16.637323933302834,0,9,3,1,0,2,0.402714048420222,0.2914006012373618,0.5265890341390445
2024-10-01,0.3463936375644699,0.0,0,Microsoft market update,16.76482714853577,1,10,4,0,0,2,0.2680206048993026,-1.4557484918830432,0.5265890341390445
2024-10-02,-0.356244874027644,0.0,0,Microsoft market update,16.623846479706796,2,10,4,0,0,2,0.2181499311906079,-0.5821739453228408,0.5265890341390445
2024-10-03,-0.4921992047871749,0.0,0,Microsoft market update,16.431913270079956,3,10,4,0,0,2,0.2097671113934194,-0.1327261713679539,0.5265890341390445
2024-10-04,0.8587493100322304,0.0,0,Microsoft market update,16.76884151761276,4,10,4,0,1,2,0.203089271893965,-0.1200656706931683,0.5265890341390445
2024-10-07,0.2444581356607415,0.0,1,Microsoft market update,16.856206684687454,0,10,4,1,0,2,0.1117307442737634,-1.0379519696151205,0.5265890341390445
2024-10-08,-0.2047082277265331,0.0,1,Microsoft market update,16.771945767450326,1,10,4,0,0,2,0.184192406927422,0.7535088758670342,0.5265890341390445
2024-10-09,-0.6469990574631876,0.0,0,Microsoft market update,16.521846023080016,2,10,4,0,0,2,0.2226965453178962,0.3736938556234678,0.5265890341390445
2024-10-10,-0.1885218346969049,0.0,1,Microsoft market update,16.443680332669075,3,10,4,0,0,2,0.1999634746814538,-0.2909824298027731,0.5265890341390445
2024-10-11,0.0736827231035116,0.0,1,Microsoft market update,16.464864763753756,4,10,4,0,1,2,0.2067833958723867,0.0318603374042581,0.5265890341390445
2024-10-14,0.436052054069095,0.0,0,Microsoft market update,16.628107003295295,0,10,4,1,0,2,0.2462821061032044,0.3863543562982534,0.5265890341390445
2024-10-15,0.3439479882671828,0.0,0,Microsoft market update,16.754683114893954,1,10,4,0,0,2,0.2405988384440942,-0.1074051700183828,0.5265890341390445
2024-10-16,-0.507749464555436,0.0,1,Microsoft market update,16.556924675130926,2,10,4,0,0,2,0.2039417620428316,-0.4429084379001997,0.5265890341390445
2024-10-17,-0.1014417431445512,0.0,1,Microsoft market update,16.511488245308595,3,10,4,0,0,2,0.2123245818400193,0.0445208380790437,0.5265890341390445
2024-10-18,0.3922849187536489,0.0,1,Microsoft market update,16.657234699863867,4,10,4,0,1,2,0.2325001820298618,0.1774560951642919,0.5265890341390445
2024-10-21,-0.481878078932983,0.0,1,Microsoft market update,16.469182078186588,0,10,4,1,0,2,0.2411671652100055,0.0508510884164364,0.5265890341390445
2024-10-22,1.4243829403140924,0.0,0,Microsoft market update,17.05349076641324,1,10,4,0,0,2,0.3634995015723588,1.2725894035332417,0.5265890341390445
2024-10-23,-0.6722491905675037,0.0,1,Microsoft market update,16.793811840667775,2,10,4,0,0,2,0.3227220561182408,-0.4745596895871635,0.5265890341390445
2024-10-24,-0.9590652687758248,0.0,1,Microsoft market update,16.424226567107585,3,10,4,0,0,2,0.3245691181074525,-0.0251119156322767,0.5265890341390445
2024-10-25,0.5731457574789233,0.0,0,Microsoft market update,16.642770983212113,4,10,4,0,1,2,0.3725927298269362,0.4686476106843594,0.5265890341390445
2024-10-28,-0.318955718763537,0.0,1,Microsoft market update,16.515689931879376,0,10,4,1,0,2,0.3507121493393604,-0.2719916787905949,0.5265890341390445
2024-10-29,0.4535784481755731,0.0,1,Microsoft market update,16.685912064516135,1,10,4,0,0,2,0.4257312824396189,0.7535088758670342,0.5265890341390445
2024-10-30,1.2867293347869788,0.0,0,Microsoft market update,17.20830947101193,2,10,4,0,0,2,0.4339720205453297,0.0381905877416509,0.5265890341390445
2024-11-01,-1.9689767553736663,0.0,0,Microsoft market update,17.003118642387502,4,11,4,0,1,2,0.1233814429749398,0.5825921167574294,0.5265890341390445
2024-11-04,-0.5361443368203856,0.0,1,Microsoft market update,16.79472216369645,0,11,4,1,0,2,0.0965280032856428,-0.3416244325019154,0.5265890341390445
2024-11-05,-0.2729317533585313,0.0,1,Microsoft market update,16.68488569937611,1,11,4,0,0,2,0.1385841839630604,0.4180056079852173,0.5265890341390445
2024-11-06,1.0409364912069403,0.0,1,Microsoft market update,17.09949228048155,2,11,4,0,0,2,0.2607744386339368,1.2979104048828125,0.5265890341390445
2024-11-07,-0.7604283611576518,0.0,0,Microsoft market update,16.806320788112178,3,11,4,0,0,2,0.3343727548194181,0.7471786255296414,0.5265890341390445
2024-11-08,-0.4178828107825773,0.0,0,Microsoft market update,16.64231523383418,4,11,4,0,1,2,0.2938794727482553,-0.4745596895871635,0.5265890341390445
2024-11-11,0.9414943759086432,0.0,1,Microsoft market update,17.01431840113293,0,11,4,1,0,2,0.2303689566576949,-0.7214394527454817,0.5265890341390445
2024-11-12,-0.602784363674558,0.0,1,Microsoft market update,16.780845529333877,1,11,4,0,0,2,0.3008414756306658,0.7155273738426775,0.5265890341390445
2024-11-13,0.2838537816464308,0.0,1,Microsoft market update,16.88366585995125,2,11,4,0,0,2,0.3312469576069069,0.2787401005625763,0.5265890341390445
2024-11-14,0.8690480617204039,0.0,0,Microsoft market update,17.224904290912153,3,11,4,0,0,2,0.3548325183922159,0.2091073468512558,0.5265890341390445
2024-11-18,-0.3350906438554052,0.0,1,Microsoft market update,17.023406362430933,0,11,4,1,0,2,0.198826821149632,0.0698418394286147,0.5265890341390445
2024-11-19,-0.8050416307745173,0.0,0,Microsoft market update,16.713271669438843,1,11,4,0,0,2,0.2273852411366622,0.2660795998877907,0.5265890341390445
2024-11-20,0.1659038172778004,0.0,0,Microsoft market update,16.769988503972222,2,11,4,0,0,2,0.1951326971712103,-0.3922664352010575,0.5265890341390445
2024-11-21,0.2244603127590409,0.0,1,Microsoft market update,16.849511216350844,3,11,4,0,0,2,0.1699842377796457,-0.3163034311523442,0.5265890341390445
2024-11-22,0.4713628499015921,0.0,1,Microsoft market update,17.026942787889926,4,11,4,0,1,2,0.2279535679025735,0.588922367094822,0.5265890341390445
2024-11-25,0.3012130849366896,0.0,1,Microsoft market update,17.136621656003474,0,11,4,1,0,2,0.2531020272941373,0.228098097863434,0.5265890341390445
2024-11-26,-0.4226089673303587,0.0,0,Microsoft market update,16.97076055439751,1,11,4,0,0,2,0.3822542848474242,1.3485524075819546,0.5265890341390445
2024-11-27,-0.6374965613270998,0.0,1,Microsoft market update,16.724180598690044,2,11,4,0,0,2,0.3120659292574085,-0.7847419561194094,0.5265890341390445
2024-11-29,-0.2980980063469847,0.0,1,Microsoft market update,16.604950313181174,4,11,4,0,1,2,0.3187437687568638,0.0255300870668653,0.5265890341390445
2024-12-02,0.5682038154391545,0.0,1,Microsoft market update,16.821549583994216,0,12,4,1,0,2,0.4243104655248417,1.0826818934114582,0.5265890341390445
2024-12-03,-0.2441784199153934,0.0,1,Microsoft market update,16.722520956096297,1,12,4,0,0,2,0.4272941810458744,-0.0124514149574912,0.5265890341390445
2024-12-04,0.8931315752168714,0.0,1,Microsoft market update,17.07396860755565,2,12,4,0,0,2,0.5146744213046991,0.867453381940104,0.5265890341390445
2024-12-05,-0.4639040067647576,0.0,1,Microsoft market update,16.892721476970276,3,12,4,0,0,2,0.587704410724269,0.7091971235052847,0.5265890341390445
2024-12-06,-0.3596328175175275,0.0,1,Microsoft market update,16.75048387880484,4,12,4,0,1,2,0.6010600897231787,0.0888325904407931,0.5265890341390445
2024-12-09,0.0629405846259454,0.0,0,Microsoft market update,16.767520854861626,0,12,4,1,0,2,0.6354438590607976,0.3040611019121473,0.5265890341390445
2024-12-10,-0.0763407875353315,0.0,1,Microsoft market update,16.73163133502649,1,12,4,0,0,2,0.5976501291277123,-0.4239176868880214,0.5265890341390445
2024-12-11,0.1195779776630243,0.0,1,Microsoft market update,16.77043130569321,2,12,4,0,0,2,0.6772158763552598,0.7661693765418197,0.5265890341390445
2024-12-12,0.2298915481823019,0.0,0,Microsoft market update,16.852135271557177,3,12,4,0,0,2,0.6851724510780146,0.0381905877416509,0.5265890341390445
2024-12-13,-0.0659434029985267,0.0,1,Microsoft market update,16.820093597675644,4,12,4,0,1,2,0.6530619888040395,-0.3669454338514865,0.5265890341390445
2024-12-16,0.4194346433672954,0.0,1,Microsoft market update,16.97670646362047,0,12,4,1,0,2,0.7137308710650448,0.5699316160826438,0.5265890341390445
2024-12-17,-0.0801839180391738,0.0,0,Microsoft market update,16.939350209484953,1,12,4,0,0,2,0.7539399897532515,0.3610333549486823,0.5265890341390445
2024-12-19,-0.14683403571542,0.0,0,Microsoft market update,16.949425309805175,3,12,4,0,0,2,0.5092753170285442,-0.0947446693435972,0.5265890341390445
2024-12-20,2.3418541034886595,0.0,0,Microsoft market update,17.978505504142277,4,12,4,0,1,2,0.5031658042950004,-0.1074051700183828,0.5265890341390445
2024-12-23,-2.713528082626415,0.0,1,Microsoft market update,16.767943865585618,0,12,4,1,0,2,0.4842689393284572,-0.240340427103631,0.5265890341390445
2024-12-24,-2.3270806628147684,0.0,0,Microsoft market update,15.784648972715866,1,12,4,0,0,2,0.5415278609939961,0.5509408650704655,0.5265890341390445
2024-12-26,0.3634275395645779,0.0,0,Microsoft market update,15.918937266932105,3,12,4,0,0,2,0.5243359763251871,-0.2213496760914527,0.5265890341390445
2024-12-27,1.8709216442084593,0.0,0,Microsoft market update,16.71239997414993,4,12,4,0,1,2,0.4179167894083426,-1.139235975013405,0.5265890341390445
2024-12-30,-0.8300772113166002,0.0,0,Microsoft market update,16.39259377078278,0,12,4,1,0,2,0.3379247971063621,-0.879695711180301,0.5265890341390445
2024-12-31,0.0358314473103951,0.0,0,Microsoft market update,16.39924400005074,1,12,4,0,0,2,0.2911799206101778,-0.5378621929610913,0.5265890341390445
2025-01-02,0.6337571439580392,0.0,1,Microsoft market update,16.64261711703715,3,1,1,0,0,2,0.2501183117731045,-0.4808899399245563,0.5265890341390445
2025-01-03,-0.0181662446940556,0.0,1,Microsoft market update,16.628695309196022,4,1,1,0,1,2,0.3171808701506082,0.6775458718183209,0.5265890341390445
2025-01-06,0.5540979812117001,0.0,0,Microsoft market update,16.8395193070759,0,1,1,1,0,2,0.3802651411667349,0.6269038691191787,0.5265890341390445
2025-01-07,-0.3159224853384887,0.0,1,Microsoft market update,16.71358044243751,1,1,1,0,0,2,0.3033989460772656,-0.8543747098307299,0.5265890341390445
2025-01-08,-0.4773740771485116,0.0,0,Microsoft market update,16.52719421672378,2,1,1,0,0,2,0.3340885914364619,0.285070350899969,0.5265890341390445
2025-01-10,0.7565714346600296,0.0,0,Microsoft market update,16.821247665836587,4,1,1,0,1,2,0.2553753343577818,-0.879695711180301,0.5265890341390445
2025-01-13,-0.3470267422781484,0.0,0,Microsoft market update,16.683682206900475,0,1,1,1,0,2,0.230653120040651,-0.3099731808149515,0.5265890341390445
2025-01-14,-0.0837585770763596,0.0,1,Microsoft market update,16.644946246243617,1,1,1,0,0,2,0.2093408663189865,-0.2719916787905949,0.5265890341390445
2025-01-16,-0.6456398243830205,0.0,1,Microsoft market update,16.54336345172214,3,1,1,0,0,2,0.3343727548194181,-0.3036429304775587,0.5265890341390445
2025-01-17,1.3212468873209704,0.0,0,Microsoft market update,17.081174582502815,4,1,1,0,1,2,0.3968886990696334,0.620573618781786,0.5265890341390445
2025-01-21,0.0070349596207855,0.0,1,Microsoft market update,17.076897867759733,1,1,1,0,0,2,0.38950045111279,-0.1200656706931683,0.5265890341390445
2025-01-23,-1.0707661942161169,0.0,0,Microsoft market update,16.727279586070186,3,1,1,0,0,2,0.6451054140812855,0.0255300870668653,0.5265890341390445
2025-01-24,-0.4276590076190883,0.0,0,Microsoft market update,16.559539106042468,4,1,1,0,1,2,0.6078800109141116,-0.4175874365506286,0.5265890341390445
2025-01-27,1.9454329233635144,0.0,1,Microsoft market update,17.38919801989265,0,1,1,1,0,2,0.4746073843079701,-1.3987762388465084,0.5265890341390445
2025-01-29,0.028279409397292,0.0,0,Microsoft market update,16.975968866066783,2,1,1,0,0,2,0.5835840416714136,-0.7340999534202672,0.5265890341390445
2025-01-31,-1.209420021830267,0.0,0,Microsoft market update,17.34662157521915,4,1,1,0,1,2,0.2006738831388428,-0.0314421659696695,0.5265890341390445
2025-02-03,-0.7400865002237456,0.0,1,Microsoft market update,17.061188028385086,0,2,1,1,0,2,0.1425624713244381,-0.6771277003837324,0.5265890341390445
2025-02-04,-0.5767517087902634,0.0,1,Microsoft market update,16.837500121800826,1,2,1,0,0,2,0.163022234897236,0.1774560951642919,0.5265890341390445
2025-02-05,-0.5930799929808861,0.0,1,Microsoft market update,16.60769974245842,2,2,1,0,0,2,0.1758095871302343,0.0951628407781858,0.5265890341390445
2025-02-06,0.0172916171502876,0.0,0,Microsoft market update,16.607276773419144,3,2,1,0,0,2,0.2114720916911527,0.342042603936504,0.5265890341390445
2025-02-07,0.8633149422045319,0.0,1,Microsoft market update,16.94607092681038,4,2,1,0,1,2,0.1262230768044949,-0.9683192159038,0.5265890341390445
2025-02-10,-0.2327105724908206,0.0,0,Microsoft market update,16.851323799546194,0,2,1,1,0,2,0.160891009525069,0.3357123535991112,0.5265890341390445
2025-02-11,-0.3473335015572876,-3.469446951953614e-18,0,Microsoft market update,16.713663133304202,1,2,1,0,0,2,0.1499507192812816,-0.1643774230549177,0.5265890341390445
2025-02-12,0.1554027270703417,0.0,1,Microsoft market update,16.766334426065576,2,2,1,0,0,2,0.116135276709574,-0.4112571862132358,0.5265890341390445
2025-02-13,0.5833838311956375,0.0,0,Microsoft market update,16.98904171810677,3,2,1,0,0,2,0.1373054487397609,0.1901165958390774,0.5265890341390445
2025-02-14,-0.1097793283601288,-3.469446951953614e-18,1,Microsoft market update,16.940449303893534,4,2,1,0,1,2,0.107610375220908,-0.3669454338514865,0.5265890341390445
2025-02-18,-0.1414632717345525,0.0,1,Microsoft market update,16.879980383747363,1,2,1,0,0,2,0.1246601781982393,0.145804843477328,0.5265890341390445
2025-02-19,0.323147386049138,0.0,1,Microsoft market update,16.99831147803147,2,2,1,0,0,2,0.1966955957774658,0.7471786255296414,0.5265890341390445
2025-02-20,-0.0485441169994841,0.0,0,Microsoft market update,16.97288116590595,3,2,1,0,0,2,0.2275273228281398,0.2914006012373618,0.5265890341390445
2025-02-21,0.4222141868167842,0.0,0,Microsoft market update,17.130598010755783,4,2,1,0,1,2,0.1159931950180964,-1.246850230749082,0.5265890341390445
2025-02-24,-0.0873390525729378,0.0,0,Microsoft market update,17.090528540458962,0,2,1,1,0,2,0.0567451296718691,-0.6961184513959107,0.5265890341390445
2025-02-25,0.2907245454613267,0.0,1,Microsoft market update,17.196076603045544,1,2,1,0,0,2,-0.0290722119806999,-0.9999704675907636,0.5265890341390445
2025-02-26,-1.0471007696491834,0.0,0,Microsoft market update,16.792009093373963,2,2,1,0,0,2,-0.0032133441317472,0.2470888488756124,0.5265890341390445
2025-02-27,0.2104592600632265,0.0,1,Microsoft market update,16.8660813815538,3,2,1,0,0,2,-0.104517590155392,-1.183547727375154,0.5265890341390445
2025-02-28,1.1023145897373778,0.0,0,Microsoft market update,17.307331426751077,4,2,1,0,1,2,-0.0418595642136983,0.6775458718183209,0.5265890341390445
2025-03-03,-0.923901331467902,0.0,1,Microsoft market update,16.951339543938634,0,3,1,1,0,2,-0.1613502667464972,-1.3987762388465084,0.5265890341390445
2025-03-04,0.6335659602856197,0.0,1,Microsoft market update,17.1945612010469,1,3,1,0,0,2,-0.1597873681402416,-0.0251119156322767,0.5265890341390445
2025-03-06,0.0038686393343821,0.0,0,Microsoft market update,16.964161366852885,3,3,1,0,0,2,-0.0432803811284762,-0.6961184513959107,0.5265890341390445
2025-03-07,-0.1296353954332192,0.0,0,Microsoft market update,16.90810185669664,4,3,1,0,1,2,-0.0935772999116038,-0.6138251970098045,0.5265890341390445
2025-03-11,-0.1876577860475659,0.0,1,Microsoft market update,17.229301671304878,1,3,1,0,0,2,-0.2745893748542738,0.006539336054687,0.5265890341390445
2025-03-12,-0.5810752879763031,0.0,0,Microsoft market update,17.00407565916886,2,3,1,0,0,2,-0.2348065012405,0.42433585832261,0.5265890341390445
2025-03-13,-0.4324016798852069,0.0,1,Microsoft market update,16.834617551679536,3,3,1,0,0,2,-0.2981749356395828,-0.7847419561194094,0.5265890341390445
2025-03-17,0.3249454422234195,0.0,0,Microsoft market update,16.927883036614723,0,3,1,1,0,2,-0.1585086329169413,-0.018781665294884,0.5265890341390445
2025-03-18,-0.3605575438504624,0.0,1,Microsoft market update,16.785253054223418,1,3,1,0,0,2,-0.2313965406450344,-0.8860259615176937,0.5265890341390445
2025-03-19,-0.0227084442347966,0.0,0,Microsoft market update,16.7696653954739,2,3,1,0,0,2,-0.1708697400755067,0.6648853711435353,0.5265890341390445
2025-03-20,-0.0818330380548292,0.0,1,Microsoft market update,16.73168547687522,3,3,1,0,0,2,-0.1846516641488501,-0.2023589250792744,0.5265890341390445
2025-03-21,1.8109339119135544,0.0,1,Microsoft market update,17.496254533633696,4,3,1,0,1,2,-0.12241988328159,0.6775458718183209,0.5265890341390445
2025-03-24,-1.6087870694258295,0.0,1,Microsoft market update,16.860247306054923,0,3,1,1,0,2,-0.0968451788155926,0.2534190992130052,0.5265890341390445
2025-03-25,-0.7425350582450653,0.0,0,Microsoft market update,16.573937029782993,1,3,1,0,0,2,-0.0675763503711734,0.2914006012373618,0.5265890341390445
2025-03-26,0.0729173304745653,0.0,1,Microsoft market update,16.594851495106,2,3,1,0,0,2,-0.1406063397907433,-0.8733654608429083,0.5265890341390445
2025-03-27,-0.3993707211997754,0.0,0,Microsoft market update,16.437770527084794,3,3,1,0,0,2,-0.132081438302078,0.0571813387538292,0.5265890341390445
2025-03-31,1.2055475407844214,0.0,1,Microsoft market update,17.376121915407214,0,3,1,1,0,2,-0.3457723022846329,-0.6138251970098045,0.5265890341390445
2025-04-01,-1.4798902778463263,0.0,0,Microsoft market update,16.795596107480563,1,4,2,0,0,2,-0.2500092422286206,1.1016726444236369,0.5265890341390445
2025-04-02,-0.518488045545788,0.0,0,Microsoft market update,16.593870159104842,2,4,2,0,0,2,-0.2507196506860095,-0.0504329169818478,0.5265890341390445
2025-04-03,1.522999007902761,0.0,0,Microsoft market update,17.223286288101328,3,4,2,0,0,2,-0.3777406828671295,-1.5380417462691494,0.5265890341390445
2025-04-07,0.0820828279187814,3.469446951953614e-18,0,Microsoft market update,17.73599766163598,0,4,2,1,0,2,-0.5924261186900295,-0.3922664352010575,0.5265890341390445
2025-04-08,-0.8843288641390779,3.469446951953614e-18,1,Microsoft market update,17.395381210622595,1,4,2,0,0,2,-0.63874475011178,-0.6264856976845902,0.5265890341390445
2025-04-10,-0.7198669645388752,3.469446951953614e-18,1,Microsoft market update,17.45373864319134,3,4,2,0,0,2,-0.2619441043127531,-1.5253812455943638,0.5265890341390445
2025-04-11,-1.205064959449514,0.0,0,Microsoft market update,16.986841884499107,4,4,2,0,1,2,-0.1619185935124077,1.1333238961106002,0.5265890341390445
2025-04-14,-0.5506081899020234,0.0,0,Microsoft market update,16.773084006362307,0,4,2,1,0,2,-0.1710118217669852,-0.1453866720427394,0.5265890341390445
2025-04-15,-0.2806948500035089,0.0,0,Microsoft market update,16.66041418595316,1,4,2,0,0,2,-0.2002806502114036,-0.3859361848636647,0.5265890341390445
2025-04-17,-0.08541038134185,0.0,0,Microsoft market update,16.8657405338025,3,4,2,0,0,2,-0.4527598159673888,-0.6961184513959107,0.5265890341390445
2025-04-21,-0.0208369303108019,0.0,1,Microsoft market update,16.850814492697467,0,4,2,1,0,2,-0.5746659072553091,-1.5317114959317566,0.5265890341390445
2025-04-22,-0.1550556283395364,0.0,1,Microsoft market update,16.785155548076474,1,4,2,0,0,2,-0.466257576657776,1.310570905557598,0.5265890341390445
2025-04-23,0.1561371645327596,0.0,1,Microsoft market update,16.83815254549758,2,4,2,0,0,2,-0.3598383897409316,1.259928902858456,0.5265890341390445
2025-04-25,-0.4031258911062019,0.0,0,Microsoft market update,16.75853806779216,4,4,2,0,1,2,-0.11417914517588,0.6965366228304992,0.5265890341390445
2025-04-28,-0.3399810157648185,0.0,1,Microsoft market update,16.6236715791539,0,4,2,1,0,2,-0.1238407001963672,-0.158047172717525,0.5265890341390445
2025-04-29,-0.2515575711681533,0.0,1,Microsoft market update,16.52182598855519,1,4,2,0,0,2,-0.0833474181252052,0.42433585832261,0.5265890341390445
2025-04-30,2.0677925212168,0.0,1,Microsoft market update,17.411756524235543,2,4,2,0,0,2,-0.0661555334563954,0.1521350938147208,0.5265890341390445
2025-05-05,-1.0965005761115898,0.0,0,Microsoft market update,16.818024831676645,0,5,2,1,0,2,0.5094173987200218,0.0825023401034003,0.5265890341390445
2025-05-06,-0.7456858228912633,0.0,1,Microsoft market update,16.530483475011923,1,5,2,0,0,2,0.4692082800318143,-0.461899188912378,0.5265890341390445
2025-05-07,1.084033113645097,0.0,1,Microsoft market update,16.963762224377287,2,5,2,0,0,2,0.4697766067977257,-0.0377724163070623,0.5265890341390445
2025-05-08,0.0402453864645567,0.0,1,Microsoft market update,16.972140740371717,3,5,2,0,0,2,0.5375495736326183,0.6585551208061425,0.5265890341390445
2025-05-09,-1.1057594536292197,0.0,1,Microsoft market update,16.544943901396373,4,5,2,0,1,2,0.5455061483553731,0.0381905877416509,0.5265890341390445
2025-05-13,0.107826359145205,0.0,1,Microsoft market update,16.977553605379008,1,5,2,0,0,2,0.691850290577469,-0.0630934176566334,0.5265890341390445
2025-05-14,-0.4368353883093416,0.0,1,Microsoft market update,16.806371033558683,2,5,2,0,0,2,0.7454150882645854,0.4939686120339305,0.5265890341390445
2025-05-15,0.2762680012009397,0.0,1,Microsoft market update,16.906202995528755,3,5,2,0,0,2,0.7597653391038401,0.1014930911155786,0.5265890341390445
2025-05-16,0.2284761459022112,0.0,1,Microsoft market update,16.9872864314483,4,5,2,0,1,2,0.7758205702408273,0.1141535917903641,0.5265890341390445
2025-05-19,-0.2771089366140825,0.0,0,Microsoft market update,16.87592982600812,0,5,2,1,0,2,0.8406098215546871,0.5952526174322148,0.5265890341390445
2025-05-20,-0.8394217799924383,0.0,0,Microsoft market update,16.552588740836118,1,5,2,0,0,2,0.8308061848427215,-0.1390564217053466,0.5265890341390445
2025-05-21,0.5735405559514455,0.0,1,Microsoft market update,16.771300710212685,2,5,2,0,0,2,0.7518087643810853,-0.8163932078063734,0.5265890341390445
2025-05-22,-0.1507994419073594,0.0,0,Microsoft market update,16.707303583159185,3,5,2,0,0,2,0.7842033900380149,0.2787401005625763,0.5265890341390445
2025-05-23,-0.1547716399456378,0.0,1,Microsoft market update,16.641847430839867,4,5,2,0,1,2,0.7181354035008555,-0.6961184513959107,0.5265890341390445
2025-05-28,-0.5273031396028015,0.0,1,Microsoft market update,16.65378758930079,2,5,2,0,0,2,0.8194396495245003,-0.4998806909367347,0.5265890341390445
2025-05-29,-0.5165326788449215,0.0,1,Microsoft market update,16.452766337190276,3,5,2,0,0,2,0.8380523511080873,0.1394745931399352,0.5265890341390445
2025-05-30,2.111032935903438,0.0,1,Microsoft market update,17.36427991285349,4,5,2,0,1,2,0.8616379118933954,0.1901165958390774,0.5265890341390445
2025-06-02,-1.8352821787283,0.0,1,Microsoft market update,16.62650842614497,0,6,2,1,0,2,0.8843709825298379,0.1774560951642919,0.5265890341390445
2025-06-03,-0.1257063285939444,-3.469446951953614e-18,1,Microsoft market update,16.571957258458518,1,6,2,0,0,2,0.8984370699861365,0.0951628407781858,0.5265890341390445
2025-06-04,-0.2622219685271015,-3.469446951953614e-18,1,Microsoft market update,16.46612237662722,2,6,2,0,0,2,0.9110823405276572,0.0761720897660075,0.5265890341390445
2025-06-05,0.8937960350960383,0.0,1,Microsoft market update,16.817806294791144,3,6,2,0,0,2,0.964789219906252,0.4749778610217522,0.5265890341390445
2025-06-06,-0.7136167819754221,0.0,1,Microsoft market update,16.54242183212845,4,6,2,0,1,2,1.0028671132222915,0.3230518529243256,0.5265890341390445
2025-06-09,0.2118876394508079,0.0,0,Microsoft market update,16.617045091206794,0,6,2,1,0,2,1.0362563107195664,0.2724098502251835,0.5265890341390445
2025-06-10,-0.1633063757922435,0.0,1,Microsoft market update,16.548311971565862,1,6,2,0,0,2,1.0105395245620912,-0.2909824298027731,0.5265890341390445
2025-06-11,0.1857764755520928,0.0,1,Microsoft market update,16.6127431720954,2,6,2,0,0,2,1.0344092487303556,0.1837863455016846,0.5265890341390445
2025-06-12,0.389461920578253,0.0,0,Microsoft market update,16.757346204029375,3,6,2,0,0,2,1.122641979138046,0.7914903778913908,0.5265890341390445
2025-06-13,-0.2990013828443729,0.0,1,Microsoft market update,16.63775222683154,4,6,2,0,1,2,1.067514282844674,-0.5631831943106624,0.5265890341390445
2025-06-16,-0.175593957593362,0.0,0,Microsoft market update,16.56445321510427,0,6,2,1,0,2,1.1263361031164676,0.5129593630461088,0.5265890341390445
2025-06-17,-0.0176325177112822,0.0,1,Microsoft market update,16.55079329778336,1,6,2,0,0,2,1.110849198745392,-0.1896984244044888,0.5265890341390445
2025-06-18,0.3486142889004872,0.0,0,Microsoft market update,16.67922463629001,2,6,2,0,0,2,1.1418230074875444,0.2470888488756124,0.5265890341390445
2025-06-20,1.8069447327347232,0.0,1,Microsoft market update,17.4418814558337,4,6,2,0,1,2,1.101898052182293,-0.4175874365506286,0.5265890341390445
2025-06-23,-1.0696178087699246,0.0,1,Microsoft market update,17.0289315723683,0,6,2,1,0,2,1.223093735012824,1.0953423940862437,0.5265890341390445
2025-06-24,-0.2696545010378898,0.0,1,Microsoft market update,16.92034837081275,1,6,2,0,0,2,1.281063065135752,0.4939686120339305,0.5265890341390445
2025-06-25,-0.6280223691826452,0.0,1,Microsoft market update,16.677431456845284,2,6,2,0,0,2,1.3114685471119931,0.2344283482008268,0.5265890341390445
2025-06-26,0.5515038162503864,0.0,0,Microsoft market update,16.88722658971339,3,6,2,0,0,2,1.384498536531563,0.620573618781786,0.5265890341390445
2025-06-27,1.1690554551623642,0.0,1,Microsoft market update,17.35760549781536,4,6,2,0,1,2,1.3631862828098986,-0.2340101767662382,0.5265890341390445
2025-06-30,-0.5051520368674286,0.0,0,Microsoft market update,17.160807592911596,0,6,2,1,0,2,1.3839302097656525,0.145804843477328,0.5265890341390445
2025-07-01,-0.9143354362665068,0.0,0,Microsoft market update,16.808509148409083,1,7,3,0,0,2,1.308342749899482,-0.7277697030828746,0.5265890341390445
2025-07-02,-0.5155554784969616,0.0,1,Microsoft market update,16.607877458671954,2,7,3,0,0,2,1.2948449892090947,-0.1707076733923105,0.5265890341390445
2025-07-03,-0.3921875763417832,0.0,0,Microsoft market update,16.453481654985314,3,7,3,0,0,2,1.4041058099554942,0.9560768866636028,0.5265890341390445
2025-07-07,0.017816203418992,-3.469446951953614e-18,0,Microsoft market update,16.453252808956858,0,7,3,1,0,2,1.3883347422014625,-0.1833681740670961,0.5265890341390445
2025-07-08,-0.4222936416891508,0.0,1,Microsoft market update,16.28755154895722,1,7,3,0,0,2,1.3727057561389089,-0.1833681740670961,0.5265890341390445
2025-07-09,1.1323702411201713,0.0,0,Microsoft market update,16.741866011332444,2,7,3,0,0,2,1.4698896331096984,0.8358021302531401,0.5265890341390445
2025-07-10,-0.3095641484015073,0.0,1,Microsoft market update,16.618392096971597,3,7,3,0,0,2,1.441331213122668,-0.297312680140166,0.5265890341390445
2025-07-11,0.0130900245027112,0.0,0,Microsoft market update,16.616413436836286,4,7,3,0,1,2,1.467190080971621,0.1901165958390774,0.5265890341390445
2025-07-14,-0.8075371308596008,-3.469446951953614e-18,1,Microsoft market update,16.305305324752037,0,7,3,1,0,2,1.462927630227288,-0.0820841686688117,0.5265890341390445
2025-07-15,0.5604685400847903,0.0,0,Microsoft market update,16.518695677056975,1,7,3,0,0,2,1.5024263404581064,0.3103913522495401,0.5265890341390445
2025-07-16,0.0578050225730762,0.0,1,Microsoft market update,16.53380154278364,2,7,3,0,0,2,1.4995847066285513,-0.0694236679940261,0.5265890341390445
2025-07-17,0.3881576075098976,0.0,0,Microsoft market update,16.677888623195678,3,7,3,0,0,2,1.5854020482811195,0.7155273738426775,0.5265890341390445
2025-07-18,0.5078743233731816,0.0,1,Microsoft market update,16.8699692293175,4,7,3,0,1,2,1.5621006508787667,-0.2466706774410238,0.5265890341390445
2025-07-22,-0.0189670914884902,0.0,1,Microsoft market update,16.44513792202714,1,7,3,0,0,2,1.494753929118307,-0.6391461983593757,0.5265890341390445
2025-07-23,0.4466292538872225,0.0,1,Microsoft market update,16.612584615216353,2,7,3,0,0,2,1.5031367489154954,0.0318603374042581,0.5265890341390445
2025-07-24,-0.0286012542354445,0.0,1,Microsoft market update,16.594764580157623,3,7,3,0,0,2,1.5737513495799431,0.5825921167574294,0.5265890341390445
2025-07-25,0.4573583433641047,0.0,0,Microsoft market update,16.76654359059992,4,7,3,0,1,2,1.6136763048851943,0.3040611019121473,0.5265890341390445
2025-07-28,-0.7526980723395217,0.0,1,Microsoft market update,16.476329449252013,0,7,3,1,0,2,1.5966265019078631,-0.1960286747418816,0.5265890341390445
2025-07-29,0.3794396504274736,0.0,1,Microsoft market update,16.617002588530184,1,7,3,0,0,2,1.5976210737482073,-0.0377724163070623,0.5265890341390445
2025-07-30,1.1707631018310989,0.0,1,Microsoft market update,17.08813190604769,2,7,3,0,0,2,1.60699846538574,0.0381905877416509,0.5265890341390445
2025-08-01,-1.4723171926540524,0.0,1,Microsoft market update,17.18203371020182,4,8,3,0,1,2,1.7603046104902464,-1.158226726025583,0.5265890341390445
2025-08-04,-0.3369234756433402,0.0,0,Microsoft market update,17.048249878940915,0,8,3,1,0,2,1.9228460655408064,1.3485524075819546,0.5265890341390445
2025-08-05,-0.724040288867261,0.0,0,Microsoft market update,16.768940627444845,1,8,3,0,0,2,1.8115961011137192,-0.9746494662411924,0.5265890341390445
2025-08-06,0.2966597597274298,0.0,0,Microsoft market update,16.876829287754997,2,8,3,0,0,2,1.7719553091914222,-0.379605934526272,0.5265890341390445
2025-08-07,-0.735893117409657,0.0,1,Microsoft market update,16.59303091219199,3,8,3,0,0,2,1.7141280607599736,-0.5378621929610913,0.5265890341390445
2025-08-08,-0.0730520406496461,0.0,0,Microsoft market update,16.5583486489395,4,8,3,0,1,2,1.7310357820458264,0.1014930911155786,0.5265890341390445
2025-08-11,0.6805787154352224,0.0,1,Microsoft market update,16.82091594573263,0,8,3,1,0,2,1.7273416580674048,-0.0757539183314189,0.5265890341390445
2025-08-12,-0.1896743864891124,0.0,0,Microsoft market update,16.742267870585206,1,8,3,0,0,2,1.8326241914524264,0.8611231316027113,0.5265890341390445
2025-08-13,0.147797615945491,0.0,1,Microsoft market update,16.792019287520983,2,8,3,0,0,2,1.710433936781552,-1.0822637219768698,0.5265890341390445
2025-08-14,0.1033073768239628,0.0,0,Microsoft market update,16.82460816618662,3,8,3,0,0,2,1.737287376470849,0.1837863455016846,0.5265890341390445
2025-08-15,0.5723559133470301,0.0,0,Microsoft market update,17.04288223069533,4,8,3,0,1,2,1.70475066912244,-0.3226336814897371,0.5265890341390445
2025-08-18,-0.138359594813169,0.0,0,Microsoft market update,16.98353934675161,0,8,3,1,0,2,1.661415753221723,-0.4175874365506286,0.5265890341390445
2025-08-19,-0.2488985584292077,0.0,0,Microsoft market update,16.88267942800888,1,8,3,0,0,2,1.5581223635173898,-0.9429982145542288,0.5265890341390445
2025-08-20,0.6624045834619346,0.0,0,Microsoft market update,17.13777298760942,2,8,3,0,0,2,1.5010055235433284,-0.5441924432984842,0.5265890341390445
2025-08-21,-1.0558632392706646,0.0,1,Microsoft market update,16.73021177308699,3,8,3,0,0,2,1.4919122952887518,-0.1263959210305611,0.5265890341390445
2025-08-22,0.7149406861749736,0.0,0,Microsoft market update,17.00698233863151,4,8,3,0,1,2,1.5341105576576477,0.3293821032617184,0.5265890341390445
2025-08-25,-0.2920835761034208,0.0,0,Microsoft market update,16.88998936105421,0,8,3,1,0,2,1.4921964586717071,-0.4175874365506286,0.5265890341390445
2025-08-26,0.89959972463234,0.0,1,Microsoft market update,17.244183700055594,1,8,3,0,0,2,1.460796404855122,-0.3226336814897371,0.5265890341390445
2025-08-27,-1.476943728395527,0.0,1,Microsoft market update,16.66493884405471,2,8,3,0,0,2,1.5271485547752373,0.5509408650704655,0.5265890341390445
2025-08-28,0.1272913640657353,0.0,0,Microsoft market update,16.706748662695844,3,8,3,0,0,2,1.568068081920833,0.3167216025869329,0.5265890341390445
2025-08-29,0.4065538074149809,0.0,0,Microsoft market update,16.858202798087824,4,8,3,0,1,2,1.5264381463178482,-0.4112571862132358,0.5265890341390445
2025-09-02,-0.3676576768639653,0.0,1,Microsoft market update,16.712968317413207,1,9,3,0,0,2,1.5042734024473172,-0.240340427103631,0.5265890341390445
2025-09-03,-0.256291702770944,0.0,1,Microsoft market update,16.60943877738107,2,9,3,0,0,2,1.507541281351306,-0.0124514149574912,0.5265890341390445
2025-09-04,-0.1201051275497994,0.0,0,Microsoft market update,16.55696336184342,3,9,3,0,0,2,1.544482521135524,0.285070350899969,0.5265890341390445
2025-09-08,-1.6313320684089931,0.0,1,Microsoft market update,16.6351618219405,0,9,3,1,0,2,1.4065211987106163,0.3673636052860751,0.5265890341390445
2025-09-09,-0.3847120980960209,0.0,1,Microsoft market update,16.483467734893882,1,9,3,0,0,2,1.4095049142316491,-0.018781665294884,0.5265890341390445
2025-09-10,1.0192236111999682,0.0,1,Microsoft market update,16.888750066056208,2,9,3,0,0,2,1.4372108440698137,0.202777096513863,0.5265890341390445
2025-09-11,-0.3402869637137251,0.0,1,Microsoft market update,16.753698513815234,3,9,3,0,0,2,1.4463040723243905,0.0381905877416509,0.5265890341390445
2025-09-12,0.5867189034322133,0.0,1,Microsoft market update,16.97781184085911,4,9,3,0,1,2,1.5717622058992546,1.0763516430740656,0.5265890341390445
2025-09-15,-0.8322314547683387,0.0,0,Microsoft market update,16.657147208508686,0,9,3,1,0,2,1.64891256437168,0.6332341194565714,0.5265890341390445
2025-09-16,0.3768165909312789,0.0,1,Microsoft market update,16.796733122981344,1,9,3,0,0,2,1.5596852621236446,-0.8227234581437661,0.5265890341390445
2025-09-17,-0.5674600121342384,0.0,0,Microsoft market update,16.57657064260481,2,9,3,0,0,2,1.5734671861969878,0.0761720897660075,0.5265890341390445
2025-09-18,0.4749000145148634,0.0,1,Microsoft market update,16.755397138036745,3,9,3,0,0,2,1.5513024423264568,-0.240340427103631,0.5265890341390445
2025-09-19,2.3251472173054513,0.0,0,Microsoft market update,17.775830291556613,4,9,3,0,1,2,1.685143395698509,1.1333238961106002,0.5265890341390445
2025-09-22,-2.2917027449433394,0.0,0,Microsoft market update,16.81170777341603,0,9,3,1,0,2,1.6359831304472032,-0.4682294392497708,0.5265890341390445
2025-09-23,-0.0093772243484036,0.0,1,Microsoft market update,16.80117234394657,1,9,3,0,0,2,1.5623848142617218,-0.683457950721125,0.5265890341390445
2025-09-24,-0.9870613554683456,0.0,0,Microsoft market update,16.420693503022505,2,9,3,0,0,2,1.5753142481861988,0.0698418394286147,0.5265890341390445
2025-09-25,0.4130049763179347,0.0,1,Microsoft market update,16.574665765729012,3,9,3,0,0,2,1.531268923828092,-0.4302479372254142,0.5265890341390445
2025-09-26,0.0879167067232556,0.0,1,Microsoft market update,16.601330177081667,4,9,3,0,1,2,1.593784868078308,0.506629112708716,0.5265890341390445
2025-09-29,0.2334256133725769,0.0,1,Microsoft market update,16.68442036932188,0,9,3,1,0,2,1.63811435581937,0.342042603936504,0.5265890341390445
2025-09-30,0.3100616731935139,0.0,1,Microsoft market update,16.797559692898837,1,9,3,0,0,2,1.6854275590814658,0.3673636052860751,0.5265890341390445
2025-10-01,0.3711210842079744,0.0,0,Microsoft market update,16.934888691627663,2,10,4,0,0,2,1.7102918550900743,0.1711258448268991,0.5265890341390445
2025-10-02,-0.1516500553477455,0.0,1,Microsoft market update,16.87059139245639,3,10,4,0,0,2,1.6541695869563573,-0.5252016922863058,0.5265890341390445
2025-10-03,-0.8814146168262059,0.0,1,Microsoft market update,16.531019605911126,4,10,4,0,1,2,1.6769026575927997,0.1521350938147208,0.5265890341390445
2025-10-06,0.8834695388637867,0.0,0,Microsoft market update,16.87836867452505,0,10,4,1,0,2,1.835323743590505,1.3295616565697763,0.5265890341390445
2025-10-07,-0.9878107609264392,0.0,1,Microsoft market update,16.49757270942641,1,10,4,0,0,2,1.7705344922766442,-0.5948344459976262,0.5265890341390445
2025-10-08,-0.2189609264098305,-3.469446951953614e-18,0,Microsoft market update,16.408030259544645,2,10,4,0,0,2,1.7828955994352096,0.063511589091222,0.5265890341390445
2025-10-09,0.8108918584127845,0.0,0,Microsoft market update,16.724791352302073,3,10,4,0,0,2,1.7482276667146364,-0.3416244325019154,0.5265890341390445
2025-10-10,0.7090739115792959,0.0,1,Microsoft market update,16.999123946953112,4,10,4,0,1,2,1.58668078350442,-1.4304274905334722,0.5265890341390445
2025-10-13,-1.34586030379158,0.0,0,Microsoft market update,16.474664659286073,0,10,4,1,0,2,1.630299862788093,0.3357123535991112,0.5265890341390445
2025-10-14,0.0904478881752683,0.0,0,Microsoft market update,16.502289521890543,1,10,4,0,0,2,1.6236220232886378,-0.10107491968099,0.5265890341390445
2025-10-15,0.0201751572353197,0.0,0,Microsoft market update,16.50299751057133,2,10,4,0,0,2,1.621632879607949,-0.0630934176566334,0.5265890341390445
2025-10-16,0.1671212795021956,0.0,1,Microsoft market update,16.56018843371222,3,10,4,0,0,2,1.595916093450474,-0.2656614284532021,0.5265890341390445
2025-10-17,0.63643167399321,0.0,1,Microsoft market update,16.804610939052914,4,10,4,0,1,2,1.623764104980116,0.202777096513863,0.5265890341390445
2025-10-20,-0.787623221887701,0.0,1,Microsoft market update,16.501015241483717,0,10,4,1,0,2,1.6690881645615216,0.3547031046112895,0.5265890341390445
2025-10-21,0.1765919435287503,0.0,1,Microsoft market update,16.561896529491374,1,10,4,0,0,2,1.6813071900286096,0.063511589091222,0.5265890341390445
2025-10-22,0.517656567951788,0.0,1,Microsoft market update,16.757984502450906,2,10,4,0,0,2,1.7219425537912498,0.3103913522495401,0.5265890341390445
2025-10-24,0.282247128909852,0.0,1,Microsoft market update,16.558438787167177,4,10,4,0,1,2,1.7652774696919669,0.3293821032617184,0.5265890341390445
2025-10-27,0.4963979338775174,0.0,1,Microsoft market update,16.74588803064836,0,10,4,1,0,2,1.8769536791934889,0.9117651343018536,0.5265890341390445
2025-10-28,1.1690554551623642,0.0,0,Microsoft market update,17.216264541339935,1,10,4,0,0,2,2.025997373553662,1.2092869001593138,0.5265890341390445
2025-10-29,0.4862992082397365,0.0,0,Microsoft market update,17.399668209066693,2,10,4,0,0,2,2.018609125596819,-0.1074051700183828,0.5265890341390445
2025-10-31,-0.4805905077853463,0.0,0,Microsoft market update,17.34205932956674,4,10,4,0,1,2,1.6834384154007755,-0.9999704675907636,0.5265890341390445
2025-11-03,-1.0838045882746328,0.0,0,Microsoft market update,16.923441458907416,0,11,4,1,0,2,1.672498125156988,-0.1390564217053466,0.5265890341390445
2025-11-04,-0.1544876862176312,0.0,0,Microsoft market update,16.858064440305736,1,11,4,0,0,2,1.63427815014947,-0.3732756841888792,0.5265890341390445
2025-11-05,0.2614720158627631,0.0,0,Microsoft market update,16.952060781338634,2,11,4,0,0,2,1.5331159858173036,-0.9240074635420504,0.5265890341390445
2025-11-06,0.4634325550292504,0.0,0,Microsoft market update,17.12629080598966,3,11,4,0,0,2,1.3910342943395406,-1.2974922334482242,0.5265890341390445
2025-11-07,-0.332038744035958,0.0,1,Microsoft market update,16.994389089819094,4,11,4,0,1,2,1.3870560069781628,-0.0820841686688117,0.5265890341390445
2025-11-10,0.2336609925187507,0.0,1,Microsoft market update,17.077503380217852,0,11,4,1,0,2,1.5167765912973603,1.1269936457732077,0.5265890341390445
2025-11-11,-0.9672559364843832,0.0,1,Microsoft market update,16.7047706426251,1,11,4,0,0,2,1.5545703212304456,0.2914006012373618,0.5265890341390445
2025-11-12,0.9852843390096098,0.0,0,Microsoft market update,17.095477756879607,2,11,4,0,0,2,1.5892382539510197,0.2597493495503979,0.5265890341390445
2025-11-13,-0.1142387383021273,0.0,1,Microsoft market update,17.045251186516985,3,11,4,0,0,2,1.4784145345983646,-1.018961218602942,0.5265890341390445
2025-11-14,0.3283123335112779,0.0,0,Microsoft market update,17.165614660322248,4,11,4,0,1,2,1.5757404932606325,0.8231416295783547,0.5265890341390445
2025-11-17,-1.0387376301349107,0.0,0,Microsoft market update,16.764821910973293,0,11,4,1,0,2,1.5378046816360695,-0.379605934526272,0.5265890341390445
2025-11-19,-0.9724774777949656,0.0,0,Microsoft market update,16.961613562044278,2,11,4,0,0,2,1.2500892563935997,-0.8986864621924794,0.5265890341390445
2025-11-20,0.3838035366974051,0.0,0,Microsoft market update,17.104005762022485,3,11,4,0,0,2,1.140118027189811,-1.0569427206272988,0.5265890341390445
2025-11-21,0.4529477413555116,0.0,1,Microsoft market update,17.274007856417327,4,11,4,0,1,2,1.0508907249417756,-0.879695711180301,0.5265890341390445
2025-11-24,0.2261148816629878,0.0,1,Microsoft market update,17.35417743025391,0,11,4,1,0,2,1.0774600012481172,0.2091073468512558,0.5265890341390445
2025-11-25,-0.5292655936428404,0.0,1,Microsoft market update,17.148421996777966,1,11,4,0,0,2,1.1198003453084908,0.3547031046112895,0.5265890341390445
2025-11-26,-0.209643560949196,0.0,1,Microsoft market update,17.062355611691782,2,11,4,0,0,2,1.2401435379901564,1.0826818934114582,0.5265890341390445
2025-11-28,-1.4798902778463263,0.0,0,Microsoft market update,16.481814796152204,4,11,4,0,1,2,1.332212474067746,0.8041508785661763,0.5265890341390445
2025-12-01,1.2593673081991326,0.0,1,Microsoft market update,16.992063303915213,0,12,4,1,0,2,1.2576195860419208,-0.7214394527454817,0.5265890341390445
2025-12-02,-0.5217498527411816,0.0,0,Microsoft market update,16.789135300972244,1,12,4,0,0,2,1.3037961357721937,0.3800241059608606,0.5265890341390445
2025-12-04,-1.1348316148653268,0.0,1,Microsoft market update,16.920913091870577,3,12,4,0,0,2,1.1742176331444738,0.3673636052860751,0.5265890341390445
2025-12-05,0.0521407130171654,0.0,1,Microsoft market update,16.93384539014903,4,12,4,0,1,2,1.207038503875837,0.2597493495503979,0.5265890341390445
2025-12-08,-0.0574980686316098,0.0,1,Microsoft market update,16.90500185435496,0,12,4,1,0,2,1.3181463866114476,0.9877281383505666,0.5265890341390445
2025-12-09,-1.0417766960316857,-3.469446951953614e-18,0,Microsoft market update,16.50309277847188,1,12,4,0,0,2,1.3323545557592238,0.0825023401034003,0.5265890341390445
2025-12-11,-0.9631583707416864,0.0,0,Microsoft market update,17.021066100465852,3,12,4,0,0,2,1.2114430363116475,0.6079131181070003,0.5265890341390445
2025-12-12,-0.3784981089014342,0.0,0,Microsoft market update,16.871778084635555,4,12,4,0,1,2,1.141538844104589,-0.6897882010585179,0.5265890341390445
2025-12-15,0.3030314497177033,0.0,1,Microsoft market update,16.98215374213413,0,12,4,1,0,2,1.0889686182578162,-0.5378621929610913,0.5265890341390445
2025-12-16,-0.34365471884463,0.0,0,Microsoft market update,16.845914801345653,1,12,4,0,0,2,1.111275443819825,0.1647955944895063,0.5265890341390445
2025-12-17,0.4514752858866902,0.0,1,Microsoft market update,17.015293304546848,2,12,4,0,0,2,1.1074392381499254,-0.0820841686688117,0.5265890341390445
2025-12-18,0.4097820875493404,0.0,1,Microsoft market update,17.16799030782646,3,12,4,0,0,2,1.218547120885536,1.0003886390253522,0.5265890341390445
2025-12-19,2.1037888147909873,0.0,0,Microsoft market update,18.07587932983849,4,12,4,0,1,2,1.2461109690322218,0.2091073468512558,0.5265890341390445
2025-12-22,-3.026286124131516,0.0,1,Microsoft market update,16.646545118429696,0,12,4,1,0,2,1.2319027998844456,-0.1770379237297033,0.5265890341390445
2025-12-23,-0.3651859450877673,-3.469446951953614e-18,1,Microsoft market update,16.502241850797105,1,12,4,0,0,2,1.2591824846481765,0.2091073468512558,0.5265890341390445
2025-12-24,-2.206563413301856,0.0,0,Microsoft market update,15.582960428742677,2,12,4,0,0,2,1.2758060425510749,0.1078233414529714,0.5265890341390445
2025-12-26,1.0351107143772789,-3.469446951953614e-18,0,Microsoft market update,15.995046385523429,4,12,4,0,1,2,1.271401510115264,-0.0820841686688117,0.5265890341390445
2025-12-29,0.5487061276618413,0.0,1,Microsoft market update,16.20366775101898,0,12,4,1,0,2,1.2627345269351204,-0.1263959210305611,0.5265890341390445
2025-12-30,0.6425306166786532,0.0,0,Microsoft market update,16.45059579496856,1,12,4,0,0,2,1.2681336312112752,0.006539336054687,0.5265890341390445
2025-12-31,0.3077966224134353,0.0,0,Microsoft market update,16.562884095158978,2,12,4,0,0,2,1.2135742616838148,-0.5441924432984842,0.5265890341390445
2026-01-02,1.2228907413709105,0.0,0,Microsoft market update,17.05699295774374,4,1,1,0,1,2,1.0623993419514743,-1.443087991208258,0.5265890341390445
2026-01-05,-0.0149659330580273,0.0,1,Microsoft market update,17.04434863440667,0,1,1,1,0,2,1.0611206067281749,-0.0567631673192406,0.5265890341390445
2026-01-06,-0.2245100100120316,0.0,1,Microsoft market update,16.9526426058272,1,1,1,0,0,2,1.141254680721633,0.7155273738426775,0.5265890341390445
2026-01-07,0.2870631387209977,0.0,0,Microsoft market update,17.05670353234071,2,1,1,0,0,2,1.2114430363116475,0.6142433684443931,0.5265890341390445
2026-01-08,-0.8872454608928542,0.0,1,Microsoft market update,16.71487514775368,3,1,1,0,0,2,1.1355714130625227,-0.7467604540950529,0.5265890341390445
2026-01-09,0.0652473129762408,0.0,0,Microsoft market update,16.732794739269487,4,1,1,0,1,2,1.1521949709654211,0.1078233414529714,0.5265890341390445
2026-01-12,0.6270541134928848,0.0,0,Microsoft market update,16.973357471802167,0,1,1,1,0,2,1.1223578157550906,-0.3226336814897371,0.5265890341390445
2026-01-13,0.5117524665458824,0.0,0,Microsoft market update,17.16702040794318,1,1,1,0,0,2,1.0302888796775,-0.905016712529872,0.5265890341390445
2026-01-14,-0.0152324377703977,0.0,0,Microsoft market update,17.154275678764517,2,1,1,0,0,2,0.8705890584564945,-1.5633627476187204,0.5265890341390445
2026-01-15,-0.4964026054349431,0.0,1,Microsoft market update,16.96077433076698,3,1,1,0,0,2,0.8322270017574986,-0.4175874365506286,0.5265890341390445
2026-01-16,0.9797496759393076,0.0,0,Microsoft market update,17.349100796865443,4,1,1,0,1,2,0.8774089796474274,0.3990148569730389,0.5265890341390445
2026-01-20,-0.7008061109544041,0.0,0,Microsoft market update,17.078594675766983,1,1,1,0,0,2,0.8018215197812576,-0.7784117057820167,0.5265890341390445
2026-01-21,0.9461796997737266,0.0,1,Microsoft market update,17.45258345441465,2,1,1,0,0,2,0.6546248874102951,-1.4937299939074,0.5265890341390445
2026-01-22,-1.0478619447707216,0.0,1,Microsoft market update,17.048265658530973,3,1,1,0,0,2,0.754082071444729,0.9560768866636028,0.5265890341390445
2026-01-26,-0.6739624245436011,0.0,1,Microsoft market update,17.192797721718833,0,1,1,1,0,2,1.0247476937098676,0.5446106147330726,0.5265890341390445
2026-01-27,0.0115121797463253,0.0,1,Microsoft market update,17.190155215600953,1,1,1,0,0,2,1.1705235091660522,1.3422221572445618,0.5265890341390445
2026-01-28,0.6083513197057826,0.0,0,Microsoft market update,17.423055247141402,2,1,1,0,0,2,1.1853000050797398,0.0951628407781858,0.5265890341390445
2026-01-30,-1.94354227661486,0.0,0,Microsoft market update,17.885678558168998,4,1,1,0,1,2,0.4591204799368935,-0.5125411916115202,0.5265890341390445
2026-02-02,-0.8495128349546762,0.0,0,Microsoft market update,17.558402255521443,0,2,1,1,0,2,0.361226194508715,-1.0632729709646913,0.5265890341390445
2026-02-04,-0.8068239482079241,0.0,0,Microsoft market update,17.62244858754779,2,2,1,0,0,2,0.2313635284980399,0.4116753576478245,0.5265890341390445
2026-02-06,-0.551267287239816,0.0,1,Microsoft market update,17.795478170976033,4,2,1,0,1,2,0.0467994112684258,1.1586448974601715,0.5265890341390445
2026-02-10,-0.0178993641153206,0.0,0,Microsoft market update,17.619010295948275,1,2,1,0,0,2,0.2184340945735632,-0.0947446693435972,0.5265890341390445
2026-02-11,-0.1248652672099981,0.0,0,Microsoft market update,17.564802870297846,2,2,1,0,0,2,0.0925497159242651,-1.405106489183901,0.5265890341390445
2026-02-12,-0.0884419078523979,0.0,0,Microsoft market update,17.52425148568213,3,2,1,0,0,2,0.0567451296718691,-0.4429084379001997,0.5265890341390445
2026-02-13,-0.4597474398703176,0.0,0,Microsoft market update,17.344561606930352,4,2,1,0,1,2,0.0493568817150257,-0.1263959210305611,0.5265890341390445
2026-02-17,-0.1423104560450668,0.0,1,Microsoft market update,17.283705964952393,1,2,1,0,0,2,-0.0137273893011009,-0.7467604540950529,0.5265890341390445
2026-02-18,-0.8387020887047766,0.0,0,Microsoft market update,16.96067099207013,2,2,1,0,0,2,0.0250609124723277,0.3926846066356462,0.5265890341390445
2026-02-19,0.5160296765393076,0.0,0,Microsoft market update,17.15603751884457,3,2,1,0,0,2,0.0217930335683397,-0.0820841686688117,0.5265890341390445
2026-02-20,0.4935180254051519,0.0,0,Microsoft market update,17.342318070901563,4,2,1,0,1,2,0.0043169855165746,-0.240340427103631,0.5265890341390445
2026-02-24,-0.6300501714516225,0.0,1,Microsoft market update,17.338474172550015,1,2,1,0,0,2,-0.1123320831866683,0.702866873167892,0.5265890341390445
2026-02-26,-0.6131914918811351,0.0,0,Microsoft market update,17.353738648329877,3,2,1,0,0,2,0.0679695832986126,0.1331443428025425,0.5265890341390445
2026-02-27,1.008813045512563,0.0,1,Microsoft market update,17.754510413904274,4,2,1,0,1,2,-0.0593356122654633,-1.462078742220436,0.5265890341390445
2026-03-02,-0.960553153091166,0.0,1,Microsoft market update,17.384335990308813,0,3,1,1,0,2,0.0230717687916392,0.8927743832896752,0.5265890341390445
2026-03-03,0.2102210963906135,0.0,1,Microsoft market update,17.45832515712769,1,3,1,0,0,2,0.0993696371151979,0.810481128903569,0.5265890341390445
2026-03-04,-0.1525009806848999,0.0,1,Microsoft market update,17.39368191802051,2,3,1,0,0,2,0.1172719302413959,0.1521350938147208,0.5265890341390445
2026-03-05,0.2395363488236932,0.0,0,Microsoft market update,17.479105562511883,3,3,1,0,0,2,0.1949906154797326,0.810481128903569,0.5265890341390445
2026-03-06,-0.5820738998175571,0.0,1,Microsoft market update,17.253486602888813,4,3,1,0,1,2,0.1706946462370346,-0.3099731808149515,0.5265890341390445
2026-03-09,-0.0670355276126012,0.0,0,Microsoft market update,17.221095002378718,0,3,1,1,0,2,0.1770883223535338,0.0255300870668653,0.5265890341390445
2026-03-10,0.1509903968106832,0.0,0,Microsoft market update,17.272029142753766,1,3,1,0,0,2,0.1252285049641507,-0.6074949466724119,0.5265890341390445
2026-03-11,-0.5601791482732165,0.0,0,Microsoft market update,17.054663446585486,2,3,1,0,0,2,0.1127253161141076,-0.1833681740670961,0.5265890341390445
2026-03-12,0.1908339340710419,0.0,0,Microsoft market update,17.121074077442614,3,3,1,0,0,2,0.0699587269793011,-0.518871441948913,0.5265890341390445
2026-03-13,-0.0221735550219691,0.0,1,Microsoft market update,17.10570192549579,4,3,1,0,1,2,-0.0194106569602119,-1.0379519696151205,0.5265890341390445
2026-03-16,0.1030560225979358,0.0,0,Microsoft market update,17.13815887424699,0,3,1,1,0,2,0.0429632055985257,0.6585551208061425,0.5265890341390445
2026-03-17,-0.1290736852834501,0.0,0,Microsoft market update,17.082349576584683,1,3,1,0,0,2,0.035290794258727,-0.1327261713679539,0.5265890341390445
2026-03-18,-0.0139002558348421,0.0,0,Microsoft market update,17.070081696754297,2,3,1,0,0,2,-0.0728333729558507,-1.2531804810864746,0.5265890341390445
2026-03-19,-0.0610356431166338,0.0,0,Microsoft market update,17.03992306706938,3,3,1,0,0,2,-0.1120479198037131,-0.4935504405993419,0.5265890341390445
2026-03-20,1.6844503734183858,0.0,1,Microsoft market update,17.744453628330092,4,3,1,0,1,2,-0.2134942475188356,-1.208868728724725,0.5265890341390445
2026-03-23,-1.3799249515446164,0.0,0,Microsoft market update,17.205987379222623,0,3,1,1,0,2,-0.1974390163818485,0.145804843477328,0.5265890341390445
2026-03-25,-0.8178947021429438,0.0,0,Microsoft market update,17.255325939133044,2,3,1,0,0,2,-0.3669424743148197,-0.3352941821645225,0.5265890341390445
2026-03-26,0.4447296479761538,0.0,0,Microsoft market update,17.42200250125116,3,3,1,0,0,2,-0.4388358102025677,-0.9113469628672648,0.5265890341390445
2026-03-30,0.4470511336203221,0.0,1,Microsoft market update,17.617651753180215,0,3,1,1,0,2,-0.5382929942370017,0.342042603936504,0.5265890341390445
2026-04-01,-1.1138785496083354,0.0,1,Microsoft market update,17.19709012925055,2,4,2,0,0,2,-0.3906701167916063,-0.1833681740670961,0.5265890341390445
2026-04-02,-0.5123004691996934,0.0,0,Microsoft market update,16.997685094860547,3,4,2,0,0,2,-0.3327007866686793,0.6585551208061425,0.5265890341390445
2026-04-06,-1.0379782342630015,0.0,0,Microsoft market update,16.597220121085915,0,4,2,1,0,2,-0.3409415247743893,-0.1453866720427394,0.5265890341390445
2026-04-07,0.7315238385766178,0.0,1,Microsoft market update,16.88092284686779,1,4,2,0,0,2,-0.3491822628800993,-0.1453866720427394,0.5265890341390445
2026-04-08,1.083584861412579,0.0,0,Microsoft market update,17.31397986062428,2,4,2,0,0,2,-0.3203396795101139,0.3040611019121473,0.5265890341390445
2026-04-09,-0.2009409422686988,0.0,0,Microsoft market update,17.231113709790616,3,4,2,0,0,2,-0.3382419726363118,-0.2593311781158093,0.5265890341390445
2026-04-10,-0.1919811597669602,0.0,1,Microsoft market update,17.151675109671714,4,4,2,0,1,2,-0.3693578630699419,-0.4175874365506286,0.5265890341390445
2026-04-14,0.1433683690035508,0.0,1,Microsoft market update,17.439971510404682,1,4,2,0,0,2,-0.0540785896807861,1.3928641599437042,0.5265890341390445
2026-04-16,-0.1905391655618349,0.0,1,Microsoft market update,17.544629460951693,3,4,2,0,0,2,0.3308207125324739,1.3485524075819546,0.5265890341390445
2026-04-17,0.4125755687435956,0.0,0,Microsoft market update,17.698479574311268,4,4,2,0,1,2,0.3667673804763476,0.3357123535991112,0.5265890341390445
2026-04-20,-1.4450722352205112,0.0,1,Microsoft market update,17.13268123135119,0,4,2,1,0,2,0.2998469037903216,-0.7530907044324456,0.5265890341390445
2026-04-21,0.403104348107803,0.0,1,Microsoft market update,17.282760969566343,1,4,2,0,0,2,0.3860904905173236,0.8801138826148895,0.5265890341390445
2026-04-22,-0.2119695554504216,0.0,0,Microsoft market update,17.19576349470454,2,4,2,0,0,2,0.5102698888688885,1.2662591531958487,0.5265890341390445
2026-04-24,-0.8643408384865657,0.0,1,Microsoft market update,17.12814630706589,4,4,2,0,1,2,0.3926262483253003,1.3042406552202053,0.5265890341390445
2026-04-27,0.3199967924131479,0.0,1,Microsoft market update,17.245207961493072,0,4,2,1,0,2,0.3954678821548554,-0.0124514149574912,0.5265890341390445
2026-04-28,-0.018433159448492,0.0,0,Microsoft market update,17.23120570399202,1,4,2,0,0,2,0.4582679897880268,0.6142433684443931,0.5265890341390445
2026-04-29,0.5998059597423258,0.0,0,Microsoft market update,17.460654950570348,2,4,2,0,0,2,0.3903529412616566,-0.7530907044324456,0.5265890341390445
2026-05-01,-1.9996530484664563,0.0,0,Microsoft market update,17.26143911533169,4,5,2,0,1,2,0.2482712497838937,0.9877281383505666,0.5265890341390445
2026-05-04,-0.2771089366140825,0.0,0,Microsoft market update,17.1500872879142,0,5,2,1,0,2,0.2367626327741949,-0.1707076733923105,0.5265890341390445
2026-05-05,-0.2148801858591223,0.0,1,Microsoft market update,17.062036607616676,1,5,2,0,0,2,0.2049363338831759,-0.3859361848636647,0.5265890341390445
2026-05-06,0.4383840353796102,0.0,1,Microsoft market update,17.226192848656307,2,5,2,0,0,2,0.2415934102844384,0.3547031046112895,0.5265890341390445
2026-05-07,0.3855463406873685,0.0,0,Microsoft market update,17.36921157811117,3,5,2,0,0,2,0.3380668787978397,1.0003886390253522,0.5265890341390445
2026-05-08,-0.1019966164236088,0.0,0,Microsoft market update,17.323581340296386,4,5,2,0,1,2,0.2579328048043817,-0.8923562118550866,0.5265890341390445
2026-05-11,0.1893902632129407,0.0,0,Microsoft market update,17.389481307197432,0,5,2,1,0,2,0.2231227903923291,-0.4175874365506286,0.5265890341390445
2026-05-12,0.2232776274622261,0.0,0,Microsoft market update,17.468612589988307,1,5,2,0,0,2,0.1537869249511809,-0.7974024567941951,0.5265890341390445
2026-05-13,-0.6811678901011636,0.0,1,Microsoft market update,17.205549279370572,2,5,2,0,0,2,0.1174140119328736,-0.4429084379001997,0.5265890341390445
2026-05-14,-0.2236330015034416,0.0,1,Microsoft market update,17.11421371962306,3,5,2,0,0,2,0.1773724857364899,0.6142433684443931,0.5265890341390445
2026-05-18,-1.1480800256388402,0.0,0,Microsoft market update,17.298721043255767,0,5,2,1,0,2,0.3772814256457022,0.1964468461764702,0.5265890341390445
2026-05-19,0.0547173768433275,0.0,1,Microsoft market update,17.31258465588836,1,5,2,0,0,2,0.2906115938442665,-0.9556587152290142,0.5265890341390445
2026-05-20,-0.4330346402789859,0.0,0,Microsoft market update,17.142846126916574,2,5,2,0,0,2,0.3421872478506944,0.506629112708716,0.5265890341390445
2026-05-21,0.3256192859453646,0.0,0,Microsoft market update,17.262111454934008,3,5,2,0,0,2,0.3271265885540514,-0.2023589250792744,0.5265890341390445
2026-05-22,-0.8774113621684962,0.0,0,Microsoft market update,16.924138431986137,4,5,2,0,1,2,0.319738340597208,-0.1200656706931683,0.5265890341390445
2026-05-26,0.7844606550738707,0.0,0,Microsoft market update,17.229887407635445,1,5,2,0,0,2,0.283649590961856,-0.4302479372254142,0.5265890341390445
2026-05-27,-0.1147967859171373,0.0,1,Microsoft market update,17.179404089450205,2,5,2,0,0,2,0.2359101426253283,-0.5568529439732697,0.5265890341390445
2026-06-01,-1.025469597780283,0.0,0,Microsoft market update,17.797598678487343,0,6,2,1,0,2,0.9157710363464232,1.399194410281097,0.5265890341390445
2026-06-04,-0.966137975802146,0.0,0,Microsoft market update,17.107618294214138,3,6,2,0,0,2,0.4544317841181275,0.063511589091222,0.5265890341390445
2026-06-08,-0.1951566088579372,0.0,0,Microsoft market update,17.283952203189255,0,6,2,1,0,2,0.2226965453178962,-0.7910722064568022,0.5265890341390445
2026-06-09,0.2663392562444626,0.0,0,Microsoft market update,17.379883515151672,1,6,2,0,0,2,0.10434249631692,-1.322813234797795,0.5265890341390445
2026-06-10,-0.1954454948425797,0.0,0,Microsoft market update,17.299086409589776,2,6,2,0,0,2,0.0183830729728732,-0.9936402172533708,0.5265890341390445
2026-06-11,0.9400378369051112,0.0,1,Microsoft market update,17.670414934643386,3,6,2,0,0,2,-0.0813582744445167,-1.1645569763629755,0.5265890341390445
2026-06-12,-0.7872686564962624,0.0,1,Microsoft market update,17.3670169927029,4,6,2,0,1,2,-0.0756750067854058,0.0191998367294726,0.5265890341390445
2026-06-15,-0.1867940503934189,0.0,0,Microsoft market update,17.289537030073728,0,6,2,1,0,2,0.052482678927536,1.4181851612932752,0.5265890341390445
2026-06-16,-0.0442162505536961,0.0,0,Microsoft market update,17.265713985253687,1,6,2,0,0,2,-0.0317717641187774,-0.9809797165785854,0.5265890341390445
2026-06-18,0.8949582560388799,0.0,0,Microsoft market update,17.905080422772425,3,6,2,0,0,2,-0.2367956449211893,0.0381905877416509,0.5265890341390445
2026-06-23,-0.2613315358085329,0.0,0,Microsoft market update,17.52045037622642,1,6,2,0,0,2,-0.3143722484680476,1.0953423940862437,0.5265890341390445
2026-06-24,0.2531000114348829,0.0,0,Microsoft market update,17.611222216770287,2,6,2,0,0,2,-0.4348575228411908,-1.4810694932326145,0.5265890341390445
2026-06-29,-2.8343247080265583,3.469446951953614e-18,1,Microsoft market update,17.751833923452068,0,6,2,1,0,2,-0.3906701167916063,-0.7910722064568022,0.5265890341390445
2026-06-30,-0.3292950472226032,0.0,1,Microsoft market update,17.62096567470859,1,6,2,0,0,2,-0.327443764084002,0.7218576241800703,0.5265890341390445
2026-07-02,-0.3317337478879948,0.0,0,Microsoft market update,17.556244547690437,3,7,3,0,0,2,-0.0792270490723498,0.9813978880131738,0.5265890341390445
2026-07-06,-0.534505107893351,0.0,1,Microsoft market update,17.348452349047108,0,7,3,1,0,2,-0.1325076833765109,-0.6518066990341612,0.5265890341390445
2026-07-07,-0.3949961400133664,0.0,0,Microsoft market update,17.1930127802475,1,7,3,0,0,2,-0.1026705281661812,0.2977308515747546,0.5265890341390445
2026-07-08,-0.3080525450548409,0.0,1,Microsoft market update,17.070073977250495,2,7,3,0,0,2,-0.1808154584789508,-0.936667964216836,0.5265890341390445
2026-07-09,0.4829900778348885,0.0,1,Microsoft market update,17.252178070438372,3,7,3,0,0,2,-0.1663231259482184,0.1268140924651497,0.5265890341390445
2026-07-10,-0.602784363674558,0.0,0,"  订单排到2031年 ！ 3年涨价约300 %， 科技巨头大幅采购 | Did Meta Signal The AI Boom Is Overbuilt ? Wall Street Cheered Anyway | 美对伊实施海上封锁 ！ 特朗普 ： 战事重新爆发 ； 油价涨10 %； 扩大消费 ！ 国务院发文 ； 中国首个禁售燃油车省份确认 ； 人大撤销蒋方舟硕士学位丨每经早参 | ASX to open higher ; Oil surges and Wall Street drops |  [ 미국 특징주 ] 애플 , AI 투자 회의론 속 투자자 귀환 힘입어 시총 6000억달러 급증 | RSP Equal - Weight Trap : How a $10 , 000 Investment Lost $27 , 800 to Fees and Rebalancing Drag Over a Decade | 美对伊实施海上封锁 ！ 特朗普 ： 战事重新爆发 ； 油价涨10 %； 扩大消费 ！ 国务院发文 ； 中国首个禁售燃油车省份确认 ； 人大撤销蒋方舟硕士学位丨每经早参 | Apple ( NASDAQ : AAPL ) Surges $600 Billion In Market Value As Investors Flee AI Spending Fears | Nvidia , Amazon , and Microsoft Stocks Just Did Something for the First Time in at Least 5 Years . Here What History Says Will Happen Next | SpaceX perdeu força um mês após estreia histórica na bolsa de valores ?  | 微软AI投入回报与估值受关注 7月底将发布新一期财报 - 经济观察网 － 专业财经新闻网站 | Elon Musk Says He Was  Clearly Wrong  About Anthropic Artificial Intelligence ( AI ) Models . Here Why That Outstanding News for Amazon and Alphabet Investors .  |  _ 和顺石油 ( 603353 ) 股吧 _ 东方财富网股吧 | 全球市场 ： 美股三大指数集体收跌 存储概念股普跌 国际油价大涨超9 % _ 东方财富网 | Microsoft ( NASDAQ : MSFT ) Stock Price Up 1 . 5 % – Still a Buy ?  | 微软AI投入回报与估值受关注 7月底将发布新一期财报 | 2026 - 07 - 13 | ROSEN , A LONGSTANDING LAW FIRM , Encourages Microsoft Investors to Secure Counsel Before Important Deadline in Securities Class Action - MSFT | TSX : MSFT | ارتفاع القيمة السوقية لـ  أبل  بمقدار 650 مليار دولار منذ 25 يونيو | A toxic stew drags stocks lower as we look at what can get the AI trade back on track | $MSFT Shareholder Alert : Microsoft 10 % Stock Drop Leads to Securities ...  | FinancialContent - Paylocity , Rapid7 , and Braze Shares Skyrocket , What You Need To Know | FinancialContent - Workiva , Wix , and Asure Software Stocks Trade Up , What You Need To Know | FinancialContent - Asana , Sprinklr , and Freshworks Shares Are Soaring , What You Need To Know |   그간 번 돈 다 토해내게 생겼다  블랙먼데이 정리 | AI Wants Power . Now Comes the Accounting .  | AI Chipmaker Syntiant Eyes $300M IPO - Orange County Business Journal | 韩国生育率又反弹了 ， 股市暴涨能  催生  吗 ？ |婴儿潮|人口出生率 | 今夜 ， 存储芯片集体大跌 ！ 美联储 ， 加息突变 | SK Hynix : csak egy napig villogott a koreai sztárrészvény Amerikában | Anthropic rolls out rupee pricing for Claude AI in India | How small - town India is powering the next startup revolution | Jim Cramer Says Buy 2 AI Stocks up 460 % and 1 , 300 % Since 2023 -- Wall Street Agrees | جريدة البلاد | ارتفاع القيمة السوقية لـ  أبل  650 مليار دولار في أقل من 3 أسابيع | Coursera Stock Can Rally from Oversold Levels on Merger Synergies | Should You Buy Microsoft Stock Before July 29 ?  | 3 Dividend Stocks Built for Long - Term Buy - and - Hold Investors | Meet the International ETF Quietly Beating the S & P 500 in 2026 | The Vanguard S & P 500 ETF Is Magnificent . These Investments Could Be Even Better .  | Apple $650 billion rally fueled by traders fleeing AI selloff | SpaceX stock slides toward $135 IPO price after Nasdaq debut | The Vanguard S & P 500 ETF Is Unstoppable , but This 1 Investment Could Be Safer Right Now | Cursor Sand : the Claude Cowork rival with a Musk catch | 2026 - 07 - 13 | Lost Money on Microsoft Corporation ( MSFT )? Urged to Join Class Action Before August 11 , 2026 - Contact Levi & Korsinsky | TSX : MSFT | 2026 - 07 - 13 | Deadline Alert : Microsoft Corporation ( MSFT ) Shareholders Who Lost Money Urged To Contact Glancy Prongay Wolke & Rotter LLP About Securities Fraud Lawsuit | TSX : MSFT | Stock Sector Outlooks : Morningstar Top Q3 Picks Across the Market | Mark Yusko compares SpaceX $2 trillion valuation to Dogecoin , warns lockup expiry could trigger deeper selloff | AI交易降温催生新赢家 ： 苹果今年领跑  七巨头 ， 低点反弹16 %， 市值激增6500亿美元 | The Vanguard S & P 500 ETF Is Magnificent . These Investments Could Be Even Better .  | Analyst compares SpaceX to Dogecoin , says stock is trading at a  silly  and unsustainable valuation | Should You Buy Microsoft Stock Before July 29 ?  | Meta Launches Paid AI API at One - Quarter Rival Cost as Stock Posts 15 % Weekly Surge | The Vanguard S & P 500 ETF Is Magnificent . These Investments Could Be Even Better .  | Retail investors are cashing out of Apple , Tesla , and chip stocks : Chart of the Day | 苹果股价上涨1 . 87 %， 创历史新高 ； 美股半导体 、 存储芯片股 ， 全线大跌 | Glassdoor Statistics By Industry And Demographics ( 2026 )  | AI Stocks Are War Stocks | Jim Cramer on Meta :  Zuckerberg Not a Bozo , You Can Quote Me on That   | Y Combinator Tom Blomfield joins Anthropic compute team | The Stock Market Keeps Climbing . But the U . S . Economy is Moving at a Slower Pace | 巴菲特給年輕投資人的4個勸告 | 台股 | 巴菲特 | 美股 | Agilysys vs . HubSpot : Which Software Stock Is a Better Buy in 2026 ? ",17.0187528535571,4,7,3,0,1,2,-0.1558090807788638,0.0761720897660075,0.5265890341390445
2023-01-03,0.925407581393136,0.0,0,Reliance market update,15.851383236975154,1,1,1,0,0,3,-1.1389187978848974,-0.5750431038425579,0.5265890341390445
2023-01-04,0.5035787604686895,0.0,0,Reliance market update,16.041742760860856,2,1,1,0,0,3,-1.2641767627543847,-1.1718679414622668,0.5265890341390445
2023-01-05,0.9756271598887608,0.0,1,Reliance market update,16.428304577804212,3,1,1,0,0,3,-1.2788582280478364,-0.1542050773158401,0.5265890341390445
2023-01-06,-1.8925677835102632,0.0,1,Reliance market update,15.663902061778282,4,1,1,0,1,3,-1.2044482649263966,0.6798193752552916,0.5265890341390445
2023-01-10,-0.7442851193167315,0.0,0,Reliance market update,15.900827679568112,1,1,1,0,0,3,-1.1344785498449277,-1.148913140015355,0.5265890341390445
2023-01-11,0.9083530318307714,0.0,0,Reliance market update,16.25868803103332,2,1,1,0,0,3,-1.239468930919067,-0.9805779294046678,0.5265890341390445
2023-01-13,0.4110718891276807,0.0,0,Reliance market update,16.841703363002097,4,1,1,0,1,3,-1.42996989521457,-0.1389018763512321,0.5265890341390445
2023-01-16,-1.0730639675918523,0.0,1,Reliance market update,16.427332931685715,0,1,1,1,0,3,-1.506456748548254,-0.7433783144532451,0.5265890341390445
2023-01-17,-0.6118466911196395,0.0,0,Reliance market update,16.190509424481963,1,1,1,0,0,3,-1.3935168911444913,1.0700509998527936,0.5265890341390445
2023-01-18,0.5861307888580346,0.0,0,Reliance market update,16.414362295306276,2,1,1,0,0,3,-1.4069092521682722,-0.1465534768335361,0.5265890341390445
2023-01-19,-0.297495931023486,0.0,0,Reliance market update,16.29540927228328,3,1,1,0,0,3,-1.4155032806327312,-0.1006438739397123,0.5265890341390445
2023-01-20,0.5851501909015836,0.0,0,Reliance market update,16.51890239237147,4,1,1,0,1,3,-1.5111834642037054,-0.92701672602854,0.5265890341390445
2023-01-23,-0.8036164342295804,0.0,0,Reliance market update,16.209226107878262,0,1,1,1,0,3,-1.5513605472750511,-0.4067078932318708,0.5265890341390445
2023-01-24,1.027878765908453,0.0,0,Reliance market update,16.618189252029666,1,1,1,0,0,3,-1.5980547685986108,-0.4679206970903024,0.5265890341390445
2023-01-25,-0.7421851551415845,0.0,0,Reliance market update,16.33199815501827,2,1,1,0,0,3,-1.7067692286740157,-1.0723971351923154,0.5265890341390445
2023-01-27,1.7491263878674737,0.0,1,Reliance market update,17.06708494987888,4,1,1,0,1,3,-1.853870349224002,-1.470280360272121,0.5265890341390445
2023-01-30,-0.4362015748310023,0.0,0,Reliance market update,16.89614007530233,0,1,1,1,0,3,-1.7809643410838425,0.7180773776668112,0.5265890341390445
2023-01-31,0.1260492844758621,0.0,0,Reliance market update,16.93750514956969,1,1,1,0,0,3,-1.8001576713211342,-0.2077662806919678,0.5265890341390445
2023-02-01,-0.4056321738746688,0.0,0,Reliance market update,16.778089327571312,2,2,1,0,0,3,-1.8455627883750243,-0.4679206970903024,0.5265890341390445
2023-02-02,-0.9029624392772052,0.0,1,Reliance market update,16.43017741505454,3,2,1,0,0,3,-1.8876735278508736,-0.4373142951610865,0.5265890341390445
2023-02-03,1.4414876828957517,0.0,0,Reliance market update,17.022296635458964,4,2,1,0,1,3,-1.8810131557909175,0.0523881357063668,0.5265890341390445
2023-02-06,-1.3100271589162036,-3.469446951953614e-18,0,Reliance market update,16.5126939283556,0,2,1,1,0,3,-1.9381634450795688,-0.5903463048071658,0.5265890341390445
2023-02-07,0.070363911897857,0.0,1,Reliance market update,16.532549307423096,1,2,1,0,0,3,-1.956210904854932,-0.2001146802096638,0.5265890341390445
2023-02-08,0.8545116738324324,0.0,1,Reliance market update,16.86763890207062,2,2,1,0,0,3,-1.806316725053996,1.5138438278264232,0.5265890341390445
2023-02-09,-1.2225123801252644,0.0,0,Reliance market update,16.3936619226184,3,2,1,0,0,3,-1.7929959809340854,0.1136009395647985,0.5265890341390445
2023-02-10,-0.5126258091705667,0.0,0,Reliance market update,16.194171670949114,4,2,1,0,1,3,-1.8561620901478573,-0.6439075081832937,0.5265890341390445
2023-02-13,-0.0909253466998562,0.0,1,Reliance market update,16.152738014831538,0,2,1,1,0,3,-1.899418700085633,-0.4526174961256945,0.5265890341390445
2023-02-16,-1.670158598641203,0.0,1,Reliance market update,16.66416223299436,3,2,1,0,0,3,-1.5522199501214964,-0.0776890724928004,0.5265890341390445
2023-02-17,-0.9851884883347252,0.0,0,Reliance market update,16.28441662850258,4,2,1,0,1,3,-1.5191329405333307,0.3048909516223975,0.5265890341390445
2023-02-20,-0.75199619241204,0.0,1,Reliance market update,15.99445099451989,0,2,1,1,0,3,-1.6031395687734158,-0.8275459197585886,0.5265890341390445
2023-02-21,1.029573974555435,0.0,0,Reliance market update,16.404145867657466,1,2,1,0,0,3,-1.5390424398093268,0.610954970914556,0.5265890341390445
2023-02-23,-0.2797978981410479,0.0,1,Reliance market update,16.10317600448302,3,2,1,0,0,3,-1.7557551909214302,-0.3837530917849588,0.5265890341390445
2023-02-24,-0.0959005946658534,0.0,0,Reliance market update,16.059836466787065,4,2,1,0,1,3,-1.7030451496727483,0.5038325641623005,0.5265890341390445
2023-02-27,0.4569387224513602,0.0,0,Reliance market update,16.231398978800968,0,2,1,1,0,3,-1.7546093204595017,-0.5214819004664302,0.5265890341390445
2023-02-28,1.6211584502846246,0.0,1,Reliance market update,16.90628202006232,1,2,1,0,0,3,-1.9019969086249715,-1.477931960754425,0.5265890341390445
2023-03-01,-1.6269884679540796,0.0,0,Reliance market update,16.26229521078924,2,3,1,0,0,3,-1.832528511870596,0.6874709757375954,0.5265890341390445
2023-03-02,-0.548961074277646,0.0,1,Reliance market update,16.04912449352133,3,3,1,0,0,3,-1.8906098209095623,-0.5979979052894697,0.5265890341390445
2023-03-06,-0.945700858148856,0.0,1,Reliance market update,16.135141245836905,0,3,1,1,0,3,-1.6216883468758725,0.7333805786314193,0.5265890341390445
2023-03-08,1.09787304845861,0.0,0,Reliance market update,16.57442230026204,2,3,1,0,0,3,-1.5935429036547692,0.2589813487285737,0.5265890341390445
2023-03-10,-0.5054765902098862,0.0,0,Reliance market update,16.405834621791357,4,3,1,0,1,3,-1.901567207201747,-1.2024743433914826,0.5265890341390445
2023-03-13,-0.0953472380758148,0.0,0,Reliance market update,16.36273396572591,0,3,1,1,0,3,-2.0258225354170487,-1.2713387477322182,0.5265890341390445
2023-03-14,0.5939572989235692,0.0,0,Reliance market update,16.589817989876057,1,3,1,0,0,3,-2.0536815110226687,-0.2995854864796153,0.5265890341390445
2023-03-15,0.7811078493195087,0.0,0,Reliance market update,16.894137898114785,2,3,1,0,0,3,-2.1802285801618253,-1.324899951108346,0.5265890341390445
2023-03-16,-0.4292390100961169,0.0,0,Reliance market update,16.725857041636587,3,3,1,0,0,3,-2.2165383504241634,-0.3990562927495668,0.5265890341390445
2023-03-17,1.494734469791217,0.0,0,Reliance market update,17.34228905404172,4,3,1,0,1,3,-2.2256336972157165,-0.1159470749043202,0.5265890341390445
2023-03-20,-1.41964947954513,0.0,1,Reliance market update,16.787185254749957,0,3,1,1,0,3,-2.2967492827591127,-0.766333115900157,0.5265890341390445
2023-03-22,-1.6921042886792366,0.0,0,Reliance market update,16.20611522787689,2,3,1,0,0,3,-2.0515330039065542,0.21307174583475,0.5265890341390445
2023-03-23,1.0010043681591565,0.0,0,Reliance market update,16.60356475829855,3,3,1,0,0,3,-2.145279531073026,-0.9882295298869718,0.5265890341390445
2023-03-24,-0.7056475508908291,0.0,1,Reliance market update,16.331265307941745,4,3,1,0,1,3,-2.2900889106991573,-1.531493164130553,0.5265890341390445
2023-03-27,0.3455046663772503,0.0,1,Reliance market update,16.458440664403366,0,3,1,1,0,3,-2.178653008276674,1.169521806122745,0.5265890341390445
2023-03-28,-0.276511775386672,0.0,0,Reliance market update,16.347334587609364,1,3,1,0,0,3,-2.1446349789381913,0.3431489540339174,0.5265890341390445
2023-03-29,1.0122381167727383,0.0,1,Reliance market update,16.74958368101151,2,3,1,0,0,3,-2.187891588875967,-0.4679206970903024,0.5265890341390445
2023-04-03,-2.370101129057554,0.0,0,Reliance market update,16.14697888524939,0,4,2,1,0,3,-1.8730636794612925,-0.0011730676697608,0.5265890341390445
2023-04-05,1.1394791437962246,0.0,1,Reliance market update,16.604398781162878,2,4,2,0,0,3,-1.891254373044398,-0.2001146802096638,0.5265890341390445
2023-04-06,0.3410537051415034,0.0,0,Reliance market update,16.72976413914537,3,4,2,0,0,3,-1.84054960510409,0.4961809636799965,0.5265890341390445
2023-04-10,-0.9143354362665068,0.0,1,Reliance market update,16.37748696211471,0,4,2,1,0,3,-1.8945487506224392,-0.55973990287795,0.5265890341390445
2023-04-11,-0.5312293369224533,-3.469446951953614e-18,1,Reliance market update,16.17091274377512,1,4,2,0,0,3,-1.857093109898173,0.3584521549985252,0.5265890341390445
2023-04-12,1.336957591531916,0.0,1,Reliance market update,16.715782480438797,2,4,2,0,0,3,-1.8235763988867848,0.3201941525870054,0.5265890341390445
2023-04-13,-0.9968151554987184,0.0,1,Reliance market update,16.331448145934502,3,4,2,0,0,3,-1.7947864035308476,0.2742845496931816,0.5265890341390445
2023-04-17,0.9380939578904508,0.0,0,Reliance market update,16.701956843487586,0,4,2,1,0,3,-1.755898424729171,0.3737553559631332,0.5265890341390445
2023-04-18,-1.3931277611236594,0.0,1,Reliance market update,16.157852470380952,1,4,2,0,0,3,-1.8441304502976144,-0.8887587236170204,0.5265890341390445
2023-04-19,0.4407131925453192,0.0,0,Reliance market update,16.322951069150864,2,4,2,0,0,3,-1.8061734912462548,0.3661037554808292,0.5265890341390445
2023-04-20,-1.4325516360887809,0.0,1,Reliance market update,15.76246744471278,3,4,2,0,0,3,-1.825581672195158,-0.2077662806919678,0.5265890341390445
2023-04-21,0.2444581356607415,0.0,1,Reliance market update,15.849865556097,4,4,2,0,1,3,-1.815913390172641,0.0829945376355826,0.5265890341390445
2023-04-24,1.294032879112616,0.0,1,Reliance market update,16.37553913591691,0,4,2,1,0,3,-1.786622076489611,0.2742845496931816,0.5265890341390445
2023-04-25,-0.8745026930342521,0.0,0,Reliance market update,16.038633199903344,1,4,2,0,0,3,-1.7278962153158086,0.5726969685030362,0.5265890341390445
2023-04-26,-0.1647318668733679,0.0,1,Reliance market update,15.96934445100109,2,4,2,0,0,3,-1.7733013323697004,-0.4679206970903024,0.5265890341390445
2023-04-27,0.1787710759550851,0.0,1,Reliance market update,16.03113438180418,3,4,2,0,0,3,-1.724673454641638,0.4655745617507807,0.5265890341390445
2023-04-28,1.302360972196726,0.0,1,Reliance market update,16.560548917821215,4,4,2,0,1,3,-1.5833016864012903,1.383766619627256,0.5265890341390445
2023-05-02,-0.4645440129833663,-3.469446951953614e-18,0,Reliance market update,16.3790593966956,1,5,2,0,0,3,-1.516411498186251,0.6339097723614678,0.5265890341390445
2023-05-03,-1.546039209251906,0.0,1,Reliance market update,15.770220871734704,2,5,2,0,0,3,-1.584590790670958,-0.6745139101125094,0.5265890341390445
2023-05-04,0.5302180683730293,0.0,0,Reliance market update,15.971361368211378,3,5,2,0,0,3,-1.4937805565631774,0.8634577868305865,0.5265890341390445
2023-05-05,0.0518828650333692,0.0,1,Reliance market update,15.984174010768548,4,5,2,0,1,3,-1.514119757262396,-0.2154178811742717,0.5265890341390445
2023-05-08,0.1369531233762027,0.0,1,Reliance market update,16.029677794430803,0,5,2,1,0,3,-1.4160045989598242,0.9246705906890182,0.5265890341390445
2023-05-09,-0.9029624392772052,0.0,1,Reliance market update,15.68187056849014,1,5,2,0,0,3,-1.3910819164128936,0.2207233463170539,0.5265890341390445
2023-05-10,1.280997715539586,-3.469446951953614e-18,0,Reliance market update,16.20172478126143,2,5,2,0,0,3,-1.335650432817134,0.5114841646446044,0.5265890341390445
2023-05-11,-0.0588579876492456,0.0,1,Reliance market update,16.172381258906803,3,5,2,0,0,3,-1.3886469416812974,-0.5138302999841262,0.5265890341390445
2023-05-12,-1.080732867798671,0.0,1,Reliance market update,15.755020555387365,4,5,2,0,1,3,-1.3754694313691262,0.1059493390824945,0.5265890341390445
2023-05-15,-0.0280648600988896,0.0,0,Reliance market update,15.737324716414918,0,5,2,1,0,3,-1.3595704787098788,0.1365557410117104,0.5265890341390445
2023-05-16,0.6341394529357445,0.0,0,Reliance market update,15.980812084869903,1,5,2,0,0,3,-1.4748736939413674,-1.1030035371215312,0.5265890341390445
2023-05-17,0.0428373114412046,0.0,0,Reliance market update,15.990144999844178,2,5,2,0,0,3,-1.5220692335920198,-0.4679206970903024,0.5265890341390445
2023-05-18,0.4757313399417167,0.0,1,Reliance market update,16.169314482573586,3,5,2,0,0,3,-1.5391856736170677,-0.1848114792450559,0.5265890341390445
2023-05-19,-0.6945918463315662,0.0,1,Reliance market update,15.901238300020134,4,5,2,0,1,3,-1.5134752051275624,0.2283749467993579,0.5265890341390445
2023-05-22,-0.1922696629792486,0.0,0,Reliance market update,15.821696629391974,0,5,2,1,0,3,-1.4710063811323613,0.3890585569277411,0.5265890341390445
2023-05-23,-0.5116498965530136,-3.469446951953614e-18,0,Reliance market update,15.622492738220345,1,5,2,0,0,3,-1.4724387192097712,-0.0317794695989767,0.5265890341390445
2023-05-24,0.7380435363125062,0.0,0,Reliance market update,15.908886439230278,2,5,2,0,0,3,-1.51898970672559,-0.4602690966079984,0.5265890341390445
2023-05-25,0.8848052867056405,0.0,1,Reliance market update,16.256801731759957,3,5,2,0,0,3,-1.519992343379776,-0.0241278691166727,0.5265890341390445
2023-05-29,-0.5994346090269163,0.0,0,Reliance market update,16.119125620357686,0,5,2,1,0,3,-1.2575163906944302,0.4120133583746529,0.5265890341390445
2023-05-30,0.3399393717945463,0.0,0,Reliance market update,16.244067731340085,1,5,2,0,0,3,-1.2596648978105447,-0.0394310700812806,0.5265890341390445
2023-05-31,2.0300939515318697,0.0,0,Reliance market update,17.115336789192117,2,5,2,0,0,3,-1.4225217372120391,-1.5391447646128569,0.5265890341390445
2023-06-01,-1.570439961969757,0.0,0,Reliance market update,16.49603148194487,3,6,2,0,0,3,-1.4441500421809277,-0.2230694816565757,0.5265890341390445
2023-06-02,0.2244603127590409,0.0,1,Reliance market update,16.57556131994878,4,6,2,0,1,3,-1.4703618289975258,-0.2689790845503995,0.5265890341390445
2023-06-05,-0.9612973165545172,0.0,1,Reliance market update,16.2050696355822,0,6,2,1,0,3,-1.398601691319295,0.6721677747729875,0.5265890341390445
2023-06-06,-0.9743440671632247,0.0,1,Reliance market update,15.829521180437805,1,6,2,0,0,3,-1.391726468547729,0.0447365352240628,0.5265890341390445
2023-06-07,0.8169644502051043,0.0,1,Reliance market update,16.148871770221184,2,6,2,0,0,3,-1.330565632642329,0.5650453680207321,0.5265890341390445
2023-06-08,0.4215731094306189,0.0,0,Reliance market update,16.306325552391307,3,6,2,0,0,3,-1.3256956831791369,0.0294333342594549,0.5265890341390445
2023-06-09,-1.7960853455100094,0.0,1,Reliance market update,15.586560218531538,4,6,2,0,1,3,-1.3832756738910108,-0.55973990287795,0.5265890341390445
2023-06-12,0.2357781403163054,0.0,1,Reliance market update,15.670553073050526,0,6,2,1,0,3,-1.3761139835039615,0.0523881357063668,0.5265890341390445
2023-06-13,1.3819855023630752,0.0,1,Reliance market update,16.235702404411242,1,6,2,0,0,3,-1.256728604751854,1.1159606027466171,0.5265890341390445
2023-06-14,0.4426167702137142,0.0,1,Reliance market update,16.40157246870793,2,6,2,0,0,3,-1.155820387198334,0.9246705906890182,0.5265890341390445
2023-06-15,-0.2917832233697439,0.0,1,Reliance market update,16.284753080040986,3,6,2,0,0,3,-1.1535286462744787,0.006478532812543,0.5265890341390445
2023-06-16,1.7086432994416527,0.0,0,Reliance market update,17.000688120836873,4,6,2,0,1,3,-1.072673161804694,0.7257289781491153,0.5265890341390445
2023-06-19,-2.8014129871293023,0.0,1,Reliance market update,15.732220647565011,0,6,2,1,0,3,-1.1559636210060749,-0.7739847163824609,0.5265890341390445
2023-06-20,0.064991140571498,0.0,1,Reliance market update,15.750084841041492,1,6,2,0,0,3,-1.138703947173286,0.1442073414940143,0.5265890341390445
2023-06-21,0.0337509499650935,0.0,0,Reliance market update,15.755920465528945,2,6,2,0,0,3,-1.115285219607636,0.197768544870142,0.5265890341390445
2023-06-22,0.251934407207236,0.0,0,Reliance market update,15.846177604101925,3,6,2,0,0,3,-1.2090317467741083,-0.8734555226524123,0.5265890341390445
2023-06-23,-0.3516318369633029,0.0,0,Reliance market update,15.706899803485996,4,6,2,0,1,3,-1.2765664871239797,-0.6439075081832937,0.5265890341390445
2023-06-26,1.5580683596348606,0.0,1,Reliance market update,16.352468714624077,0,6,2,1,0,3,-1.3390164272990472,-0.5979979052894697,0.5265890341390445
2023-06-27,-0.6887336027519991,0.0,1,Reliance market update,16.08654997719415,1,6,2,0,0,3,-1.3360801342403563,0.014130133294847,0.5265890341390445
2023-06-28,0.4243495723128113,0.0,1,Reliance market update,16.24508127923543,2,6,2,0,0,3,-1.228583161530751,0.9935349950297538,0.5265890341390445
2023-06-30,-0.0288695026254912,0.0,1,Reliance market update,16.227089597703493,4,6,2,0,1,3,-1.1610484211808798,0.610954970914556,0.5265890341390445
2023-07-04,-1.0634987289524955,0.0,0,Reliance market update,15.902628063907038,1,7,3,0,0,3,-1.035718839407522,-0.8045911183116767,0.5265890341390445
2023-07-05,0.6255186299234015,0.0,1,Reliance market update,16.142599270080794,2,7,3,0,0,3,-1.0495409018545254,-0.1389018763512321,0.5265890341390445
2023-07-06,1.5102105046025385,0.0,0,Reliance market update,16.76614022992493,3,7,3,0,0,3,-0.8730052338137682,1.590359832649463,0.5265890341390445
2023-07-07,-0.9272183983616648,0.0,1,Reliance market update,16.408917887928776,4,7,3,0,1,3,-0.8897635893194622,-0.169508278280448,0.5265890341390445
2023-07-11,-1.297473541755617,0.0,1,Reliance market update,16.814704283774102,1,7,3,0,0,3,-0.4631416929629526,0.8098965834544589,0.5265890341390445
2023-07-12,-0.1635914046145459,0.0,0,Reliance market update,16.745841858576032,2,7,3,0,0,3,-0.4532585602288242,0.0676913366709747,0.5265890341390445
2023-07-13,-0.6297121142054851,0.0,0,Reliance market update,16.502196493047038,3,7,3,0,0,3,-0.5337559601792553,-0.6974687115594213,0.5265890341390445
2023-07-14,0.095500675191093,0.0,1,Reliance market update,16.53180303135774,4,7,3,0,1,3,-0.5412757350856581,-0.0776890724928004,0.5265890341390445
2023-07-17,0.971336067867584,0.0,1,Reliance market update,16.916505187358574,0,7,3,1,0,3,-0.3590107147352602,1.5444502297556393,0.5265890341390445
2023-07-18,0.4078457674542604,0.0,1,Reliance market update,17.068490721945395,1,7,3,0,0,3,-0.2817360754590015,0.6339097723614678,0.5265890341390445
2023-07-19,1.0387923632871554,0.0,0,Reliance market update,17.482199539647656,2,7,3,0,0,3,-0.2121244448968849,0.5650453680207321,0.5265890341390445
2023-07-20,-0.0088457518001549,0.0,0,Reliance market update,17.471805480681493,3,7,3,0,0,3,-0.2232966819006809,-0.1082954744220163,0.5265890341390445
2023-07-25,-1.707523283624608,0.0,1,Reliance market update,16.302583276796657,1,7,3,0,0,3,-0.6958966305420458,-0.0623858715281925,0.5265890341390445
2023-07-26,0.2025846644303949,0.0,0,Reliance market update,16.373591226049694,2,7,3,0,0,3,-0.55345060874364,1.230734609981177,0.5265890341390445
2023-07-27,0.7429183122871756,0.0,1,Reliance market update,16.66198261552167,3,7,3,0,0,3,-0.6363113665217984,-0.7280751134886371,0.5265890341390445
2023-07-28,0.502144754482878,0.0,1,Reliance market update,16.85180173543322,4,7,3,0,1,3,-0.5476496395301308,0.7486837795960272,0.5265890341390445
2023-07-31,-2.1498324622365224,0.0,0,Reliance market update,15.961579258371316,0,7,3,1,0,3,-0.4722370397545048,0.6339097723614678,0.5265890341390445
2023-08-01,0.2996206270088547,0.0,0,Reliance market update,16.070651046117767,1,8,3,0,0,3,-0.5992854272207544,-1.0953519366392273,0.5265890341390445
2023-08-02,0.7474205897846786,0.0,0,Reliance market update,16.360901819767793,2,8,3,0,0,3,-0.6939629741375427,-0.8351975202408926,0.5265890341390445
2023-08-03,-0.5834058856548422,0.0,1,Reliance market update,16.134790611318564,3,8,3,0,0,3,-0.7308456796308441,-0.3378434888911351,0.5265890341390445
2023-08-04,1.907654824752277,0.0,1,Reliance market update,16.946018930424422,4,8,3,0,1,3,-0.6121764699174423,1.0241413969589697,0.5265890341390445
2023-08-07,-2.9075950853713164,0.0,0,Reliance market update,15.604411111049972,0,8,3,1,0,3,-0.5617581695926175,0.4196649588569569,0.5265890341390445
2023-08-08,1.2317041364362795,0.0,1,Reliance market update,16.102380106150267,1,8,3,0,0,3,-0.6153276136877444,-0.4755722975726064,0.5265890341390445
2023-08-09,0.4138635048140687,0.0,1,Reliance market update,16.256690564794415,2,8,3,0,0,3,-0.5570314539371646,0.4885293631976926,0.5265890341390445
2023-08-10,0.7653209958909056,0.0,1,Reliance market update,16.55445194190307,3,8,3,0,0,3,-0.5173556891929133,0.3278457530693094,0.5265890341390445
2023-08-11,0.9137819621061052,0.0,1,Reliance market update,16.914671377123216,4,8,3,0,1,3,-0.4796135808531651,0.3048909516223975,0.5265890341390445
2023-08-14,-2.049745440796616,0.0,0,Reliance market update,16.07475099804264,0,8,3,1,0,3,-0.3734773293170991,0.8864125882774985,0.5265890341390445
2023-08-16,0.1831221689183026,0.0,0,Reliance market update,16.13820342777008,2,8,3,0,0,3,-0.3809254873196298,-0.0776890724928004,0.5265890341390445
2023-08-17,0.7535261765632897,0.0,1,Reliance market update,16.430988128751935,3,8,3,0,0,3,-0.5118411875948856,-1.1183067380861391,0.5265890341390445
2023-08-18,0.7943072801155326,0.0,0,Reliance market update,16.740819240611643,4,8,3,0,1,3,-0.4455955515146822,0.5497421670561243,0.5265890341390445
2023-08-21,-1.7611911816608217,0.0,0,Reliance market update,16.037075056976448,0,8,3,1,0,3,-0.5439255605288654,-0.8505007212055005,0.5265890341390445
2023-08-22,-0.4568733428790534,0.0,1,Reliance market update,15.858423609204834,1,8,3,0,0,3,-0.5460740676449798,-0.0317794695989767,0.5265890341390445
2023-08-23,0.5527015639938087,0.0,0,Reliance market update,16.068690362638815,2,8,3,0,0,3,-0.536190934910853,0.0676913366709747,0.5265890341390445
2023-08-24,0.9972440940126972,0.0,0,Reliance market update,16.464519703580113,3,8,3,0,0,3,-0.6861567316156582,-1.301945149661434,0.5265890341390445
2023-08-25,1.1272748530887766,0.0,0,Reliance market update,16.916611392143732,4,8,3,0,1,3,-0.7266918992063562,-0.3684498908203509,0.5265890341390445
2023-08-28,-1.4526009588627835,0.0,0,Reliance market update,16.347684546344517,0,8,3,1,0,3,-0.8137064374090025,-0.7816363168647649,0.5265890341390445
2023-08-29,0.7558553540736156,0.0,0,Reliance market update,16.64144127145334,1,8,3,0,0,3,-0.8964955782832887,-0.7510299149355489,0.5265890341390445
2023-08-30,-0.848791093201662,0.0,0,Reliance market update,16.31439793698034,2,8,3,0,0,3,-0.9046599053245252,-0.0929922734574084,0.5265890341390445
2023-08-31,1.40511804882501,0.0,1,Reliance market update,16.88998936105421,3,8,3,0,0,3,-0.9437627348378116,-0.3684498908203509,0.5265890341390445
2023-09-01,-0.4546399282570295,0.0,0,Reliance market update,16.712131802629838,4,9,3,0,1,3,-0.9237816186579452,0.1595105424586222,0.5265890341390445
2023-09-04,-1.666656174655874,-3.469446951953614e-18,1,Reliance market update,16.05063307226157,0,9,3,1,0,3,-0.9306568414295124,-0.0776890724928004,0.5265890341390445
2023-09-05,-0.1790345099902071,0.0,1,Reliance market update,15.976056973788296,1,9,3,0,0,3,-0.885036873664011,0.396710157410045,0.5265890341390445
2023-09-06,-0.1304782200038187,-3.469446951953614e-18,1,Reliance market update,15.919689955113446,2,9,3,0,0,3,-0.8669894138886459,0.1442073414940143,0.5265890341390445
2023-09-07,1.2582854326624855,0.0,1,Reliance market update,16.429438560000193,3,9,3,0,0,3,-0.8553158585577568,0.0906461381178866,0.5265890341390445
2023-09-08,1.295489889236325,0.0,1,Reliance market update,16.955745215875076,4,9,3,0,1,3,-0.7980223354613647,0.4961809636799965,0.5265890341390445
2023-09-11,-1.4184028137110698,0.0,0,Reliance market update,16.40109741282381,0,9,3,1,0,3,-0.7045622759103753,0.8098965834544589,0.5265890341390445
2023-09-12,0.5344540385747064,0.0,1,Reliance market update,16.603952144406435,1,9,3,0,0,3,-0.83103772814566,-1.1183067380861391,0.5265890341390445
2023-09-13,-0.6168926673056145,0.0,1,Reliance market update,16.365216554246956,2,9,3,0,0,3,-0.787924352015625,0.3661037554808292,0.5265890341390445
2023-09-14,-0.8552920440227388,0.0,1,Reliance market update,16.03576099377397,3,9,3,0,0,3,-0.7799748756860013,0.0523881357063668,0.5265890341390445
2023-09-15,2.3188597456515234,-3.469446951953614e-18,0,Reliance market update,17.052956603969232,4,9,3,0,1,3,-0.763861072315141,0.1289041405294064,0.5265890341390445
2023-09-18,-2.7287096331826532,-3.469446951953614e-18,0,Reliance market update,15.832584686611415,0,9,3,1,0,3,-0.8395601397062487,-0.6821655105948133,0.5265890341390445
2023-09-21,-3.165810071447163,0.0,0,Reliance market update,16.319090357559556,3,9,3,0,0,3,-1.093083979407785,-0.5750431038425579,0.5265890341390445
2023-09-22,1.1227494779326728,0.0,0,Reliance market update,16.769211095138644,4,9,3,0,1,3,-1.1279614115927126,-0.3378434888911351,0.5265890341390445
2023-09-25,-0.7695868796767632,0.0,1,Reliance market update,16.472610212951576,0,9,3,1,0,3,-1.179239114763984,-0.4908754985372143,0.5265890341390445
2023-09-26,-0.8974720576532402,-3.469446951953614e-18,1,Reliance market update,16.126835645689745,1,9,3,0,0,3,-1.1720058074730646,0.0523881357063668,0.5265890341390445
2023-09-27,0.4035358676439841,0.0,0,Reliance market update,16.27704443004653,2,9,3,0,0,3,-1.0785457479220752,0.8481545858659786,0.5265890341390445
2023-09-28,0.5616606400649273,0.0,1,Reliance market update,16.490923717905115,3,9,3,0,0,3,-1.2017268225793172,-1.141261539533051,0.5265890341390445
2023-09-29,-0.4134789371993702,0.0,0,Reliance market update,16.328519853224588,4,9,3,0,1,3,-1.1631253113931237,0.3431489540339174,0.5265890341390445
2023-10-03,-0.8607185717043012,0.0,0,Reliance market update,15.996950883508248,1,10,4,0,0,3,-1.2581609428292642,-0.8887587236170204,0.5265890341390445
2023-10-04,0.4013773052302752,0.0,0,Reliance market update,16.146331928564127,2,10,4,0,0,3,-1.272269472891751,-0.1465534768335361,0.5265890341390445
2023-10-06,-1.756289039635729,-3.469446951953614e-18,0,Reliance market update,15.50763880846476,4,10,4,0,1,3,-1.2586622611563572,0.1136009395647985,0.5265890341390445
2023-10-09,0.8494135072587424,-3.469446951953614e-18,1,Reliance market update,15.840611931404975,0,10,4,1,0,3,-1.3285603593339554,-0.6668623096302055,0.5265890341390445
2023-10-10,0.7727877935316837,-3.469446951953614e-18,1,Reliance market update,16.141424700172212,1,10,4,0,0,3,-1.2926086735909694,0.3201941525870054,0.5265890341390445
2023-10-11,-0.0925825224707753,0.0,1,Reliance market update,16.09933262109342,2,10,4,0,0,3,-1.162982077585383,1.200128208051961,0.5265890341390445
2023-10-12,0.6408172911546242,0.0,0,Reliance market update,16.345585822019178,3,10,4,0,0,3,-1.147584443253227,0.1289041405294064,0.5265890341390445
2023-10-16,-1.3778655059038851,0.0,1,Reliance market update,15.595372363182769,0,10,4,1,0,3,-1.166491305875037,-0.1848114792450559,0.5265890341390445
2023-10-17,0.7481399398659002,0.0,0,Reliance market update,15.88593418520562,1,10,4,0,0,3,-1.1268871580346562,0.3508005545162213,0.5265890341390445
2023-10-18,0.3215727255012138,0.0,0,Reliance market update,16.003618258139397,2,10,4,0,0,3,-1.2374636576106917,-1.0341391327807954,0.5265890341390445
2023-10-19,0.7695914323637728,0.0,0,Reliance market update,16.303126617318345,3,10,4,0,0,3,-1.300558149920595,-0.6056495057717738,0.5265890341390445
2023-10-20,-0.7784163751411184,0.0,0,Reliance market update,16.00305655974073,4,10,4,0,1,3,-1.325552449371396,-0.2536758835857916,0.5265890341390445
2023-10-23,-0.3177420030523452,0.0,0,Reliance market update,15.876528803133697,0,10,4,1,0,3,-1.4525292199337752,-1.2101259438737864,0.5265890341390445
2023-10-25,0.987808807077436,0.0,0,Reliance market update,16.268297601950337,2,10,4,0,0,3,-1.471149614940102,-0.1924630797273599,0.5265890341390445
2023-10-26,0.6985776965541945,0.0,1,Reliance market update,16.53828745369034,3,10,4,0,0,3,-1.5823706666509731,-1.0800487356746191,0.5265890341390445
2023-10-27,-0.6654053015333796,0.0,1,Reliance market update,16.28115665850524,4,10,4,0,1,3,-1.443362256238351,1.3378570167334325,0.5265890341390445
2023-10-30,0.9052199025027796,0.0,0,Reliance market update,16.637681095220962,0,10,4,1,0,3,-1.2781420590091306,1.559753430720247,0.5265890341390445
2023-10-31,-0.7049554813482011,0.0,1,Reliance market update,16.36561480852414,1,10,4,0,0,3,-1.365156597211777,-0.8275459197585886,0.5265890341390445
2023-11-01,-0.5591876495364504,0.0,1,Reliance market update,16.148546385407133,2,11,4,0,0,3,-1.3315682692965165,0.3048909516223975,0.5265890341390445
2023-11-02,0.081574730863264,-3.469446951953614e-18,0,Reliance market update,16.172783153498596,3,11,4,0,0,3,-1.2508560186344744,0.7410321791137232,0.5265890341390445
2023-11-03,-0.4520895905534113,0.0,1,Reliance market update,15.995945756939753,4,11,4,0,1,3,-1.2526464412312366,-0.0317794695989767,0.5265890341390445
2023-11-06,0.4900151477810179,-3.469446951953614e-18,0,Reliance market update,16.180817366453546,0,11,4,1,0,3,-1.1843955318426596,0.6186065713968598,0.5265890341390445
2023-11-07,-1.1003558382456902,0.0,1,Reliance market update,15.75571948589983,1,11,4,0,0,3,-1.2381082097455272,-0.5138302999841262,0.5265890341390445
2023-11-08,0.339270465344042,0.0,0,Reliance market update,15.880408730671956,2,11,4,0,0,3,-1.1953529181348443,0.3814069564454371,0.5265890341390445
2023-11-09,1.481134402221404,0.0,1,Reliance market update,16.49059745675235,3,11,4,0,0,3,-1.285017281780698,-0.8505007212055005,0.5265890341390445
2023-11-10,-1.5936706926726318,0.0,0,Reliance market update,15.86126022426068,4,11,4,0,1,3,-1.269619647448542,0.1289041405294064,0.5265890341390445
2023-11-13,-1.7447206472749788,-3.469446951953614e-18,1,Reliance market update,15.164832536540338,0,11,4,1,0,3,-1.2706939010065998,-0.0241278691166727,0.5265890341390445
2023-11-15,2.578023172935014,0.0,1,Reliance market update,16.31863761995376,2,11,4,0,0,3,-1.1225901438024255,1.368463418662648,0.5265890341390445
2023-11-16,0.2054517848644038,0.0,0,Reliance market update,16.39078420528895,3,11,4,0,0,3,-1.1075505939896235,0.1212525400471024,0.5265890341390445
2023-11-17,-1.3507692452368658,0.0,0,Reliance market update,15.864316974624964,4,11,4,0,1,3,-1.125812904476598,-0.1848114792450559,0.5265890341390445
2023-11-20,-1.4001574892091544,0.0,1,Reliance market update,15.317404906958084,0,11,4,1,0,3,-1.1477276770609677,-0.2154178811742717,0.5265890341390445
2023-11-21,1.4675432959849266,0.0,1,Reliance market update,15.921405478248955,1,11,4,0,0,3,-1.0431669974100528,0.94762539213593,0.5265890341390445
2023-11-22,0.1180816150656858,0.0,1,Reliance market update,15.95966423852175,2,11,4,0,0,3,-1.0102948385334984,0.2819361501754856,0.5265890341390445
2023-11-23,0.0172916171502876,-3.469446951953614e-18,0,Reliance market update,15.9592807940821,3,11,4,0,0,3,-0.9844411362362504,0.2207233463170539,0.5265890341390445
2023-11-24,-0.6051313345161524,-3.469446951953614e-18,1,Reliance market update,15.724977059960564,4,11,4,0,1,3,-0.9900988716420188,-0.0700374720104965,0.5265890341390445
2023-11-28,1.705846096292675,0.0,1,Reliance market update,16.439611960320192,1,11,4,0,0,3,-0.9883800659491272,-0.0011730676697608,0.5265890341390445
2023-11-29,-0.2356459796575479,-3.469446951953614e-18,0,Reliance market update,16.3437406310892,2,11,4,0,0,3,-0.966035591941535,0.1824653439055341,0.5265890341390445
2023-11-30,1.924757675564091,0.0,1,Reliance market update,17.163306635473013,3,11,4,0,0,3,-1.048323414488728,-0.758681515417853,0.5265890341390445
2023-12-01,-1.71856561803385,0.0,1,Reliance market update,16.478761630110327,4,12,4,0,1,3,-0.9886665335646088,0.5267873656092124,0.5265890341390445
2023-12-04,0.2343669612835791,0.0,1,Reliance market update,16.56220380540241,0,12,4,1,0,3,-0.8970685135142521,0.8098965834544589,0.5265890341390445
2023-12-05,-0.5286112990569227,0.0,1,Reliance market update,16.356610456896515,1,12,4,0,0,3,-0.8349766578585383,0.5420905665738203,0.5265890341390445
2023-12-06,0.6684197187829786,0.0,0,Reliance market update,16.61415943289482,2,12,4,0,0,3,-0.7523307507919912,0.7180773776668112,0.5265890341390445
2023-12-07,-1.756289039635729,-3.469446951953614e-18,0,Reliance market update,15.912558321508854,3,12,4,0,0,3,-0.7666541315660892,-0.1389018763512321,0.5265890341390445
2023-12-08,0.5908305863511151,0.0,1,Reliance market update,16.138378065099165,4,12,4,0,1,3,-0.7713092303176717,-0.0547342710458886,0.5265890341390445
2023-12-11,-0.953862320385757,-3.469446951953614e-18,0,Reliance market update,15.770824778374882,0,12,4,1,0,3,-0.7585614214287247,0.0982977386001906,0.5265890341390445
2023-12-12,0.6830010481297606,0.0,1,Reliance market update,16.03440149318097,1,12,4,0,0,3,-0.88346130177886,-1.1183067380861391,0.5265890341390445
2023-12-13,0.243053166237178,0.0,1,Reliance market update,16.121209099144533,2,12,4,0,0,3,-0.8484406357861896,0.2972393511400936,0.5265890341390445
2023-12-14,1.2945628432458411,0.0,1,Reliance market update,16.647096401889748,3,12,4,0,0,3,-0.7415882152114177,0.9323221911713222,0.5265890341390445
2023-12-15,-0.1488158899974588,0.0,1,Reliance market update,16.583849826551646,4,12,4,0,1,3,-0.6302955465966762,0.962928593100538,0.5265890341390445
2023-12-18,-0.2935858665275458,0.0,1,Reliance market update,16.466298033903946,0,12,4,1,0,3,-0.5404163322392114,0.7639869805606351,0.5265890341390445
2023-12-19,0.4575681194150598,0.0,0,Reliance market update,16.638115180946627,1,12,4,0,0,3,-0.4091425474446033,1.1083090022643132,0.5265890341390445
2023-12-20,0.1563819167412352,0.0,1,Reliance market update,16.69114779399412,2,12,4,0,0,3,-0.5186447934625825,-0.942319926993148,0.5265890341390445
2023-12-21,-0.6558481644373231,0.0,1,Reliance market update,16.4376727508618,3,12,4,0,0,3,-0.3933868285930951,1.0547477988881857,0.5265890341390445
2023-12-22,0.487125596950503,0.0,1,Reliance market update,16.621400161930325,4,12,4,0,1,3,-0.3845779494170247,0.0600397361886708,0.5265890341390445
2023-12-26,-1.9583262494494056,0.0,1,Reliance market update,15.82582506737229,1,12,4,0,0,3,-0.3385282802282991,0.3737553559631332,0.5265890341390445
2023-12-27,0.5505051151972067,0.0,1,Reliance market update,16.035165787792867,2,12,4,0,0,3,-0.3074465439485069,0.2436781477639658,0.5265890341390445
2023-12-28,0.7470608099529075,0.0,0,Reliance market update,16.325324187608246,3,12,4,0,0,3,-0.2412725247721739,0.5344389660915163,0.5265890341390445
2023-12-29,-0.3116818702690805,0.0,1,Reliance market update,16.20101897490084,4,12,4,0,1,3,-0.3141785329123334,-0.6209527067363818,0.5265890341390445
2024-01-01,-2.3423756191144,0.0,1,Reliance market update,15.209411168089236,0,1,1,1,0,3,-0.2954149040982641,0.1442073414940143,0.5265890341390445
2024-01-02,1.4897802256949348,0.0,0,Reliance market update,15.82356363780626,1,1,1,0,0,3,-0.2195009859955451,0.6186065713968598,0.5265890341390445
2024-01-03,0.51093667058249,0.0,1,Reliance market update,16.016897239493336,2,1,1,0,0,3,-0.3199795021258427,-0.8505007212055005,0.5265890341390445
2024-01-04,0.1787710759550851,0.0,1,Reliance market update,16.07860391708224,3,1,1,0,0,3,-0.2727839624751902,0.3814069564454371,0.5265890341390445
2024-01-05,-0.4415935227321901,0.0,0,Reliance market update,15.905695061826608,4,1,1,0,1,3,-0.2336811329619023,0.3125425521047015,0.5265890341390445
2024-01-08,-0.0989465200376998,0.0,0,Reliance market update,15.861221179961689,0,1,1,1,0,3,-0.3056561213517447,-0.6133011062540777,0.5265890341390445
2024-01-09,-0.9309075251318748,0.0,1,Reliance market update,15.502478793906985,1,1,1,0,0,3,-0.3298626348599695,-0.2154178811742717,0.5265890341390445
2024-01-12,-1.182176737078245,0.0,1,Reliance market update,16.52437143038368,4,1,1,0,1,3,0.2395633678142978,0.5956517699499481,0.5265890341390445
2024-01-15,-1.421312230350652,0.0,0,Reliance market update,15.968503979707284,0,1,1,1,0,3,0.4051416495628704,1.2919474138396083,0.5265890341390445
2024-01-16,0.1531977856115214,0.0,0,Reliance market update,16.020375319069416,1,1,1,0,0,3,0.2672074927083063,-1.0877003361569233,0.5265890341390445
2024-01-17,0.761933221487046,0.0,1,Reliance market update,16.31673197849659,2,1,1,0,0,3,0.1748216867153733,-0.7433783144532451,0.5265890341390445
2024-01-18,-0.4365184637948284,0.0,0,Reliance market update,16.145656244517752,3,1,1,0,0,3,0.2199403361537835,0.3431489540339174,0.5265890341390445
2024-01-19,0.0544598589312228,0.0,0,Reliance market update,16.159497157529024,4,1,1,0,1,3,0.2164311078641294,-0.0470826705635846,0.5265890341390445
2024-01-24,0.2481998235709827,0.0,1,Reliance market update,16.902870283853158,2,1,1,0,0,3,0.0495637218458859,0.8634577868305865,0.5265890341390445
2024-01-25,-1.5687235899384606,0.0,1,Reliance market update,16.284361756016317,3,1,1,0,0,3,0.1146634874641626,0.5038325641623005,0.5265890341390445
2024-01-31,0.2023455499538774,0.0,1,Reliance market update,16.532205088956683,2,1,1,0,0,3,0.6351751447948857,1.0164897964766657,0.5265890341390445
2024-02-05,-1.9712947980724151,0.0,0,Reliance market update,15.99190104956724,0,2,1,1,0,3,0.7229058520362363,-0.9958811303692758,0.5265890341390445
2024-02-06,0.0866499158857268,0.0,1,Reliance market update,16.018052638951787,1,2,1,0,0,3,0.6434827056438616,-0.6133011062540777,0.5265890341390445
2024-02-07,0.0891826971881728,0.0,1,Reliance market update,16.04515596532283,2,2,1,0,0,3,0.745035475332217,0.7563353800783311,0.5265890341390445
2024-02-08,1.140492364955821,0.0,1,Reliance market update,16.502993019146274,3,2,1,0,0,3,0.8014695955821625,0.404361757892349,0.5265890341390445
2024-02-09,-0.3996834570711431,0.0,0,Reliance market update,16.345772829834946,4,2,1,0,1,3,0.8765957277423068,0.5420905665738203,0.5265890341390445
2024-02-12,-1.5997116324527847,0.0,1,Reliance market update,15.713794515171465,0,2,1,1,0,3,0.8171536975298003,-0.4602690966079984,0.5265890341390445
2024-02-13,0.3903309743209882,0.0,1,Reliance market update,15.85875416329427,1,2,1,0,0,3,0.9073909964066188,0.6568645738083797,0.5265890341390445
2024-02-14,-0.1951566088579372,0.0,0,Reliance market update,15.778121750662631,2,2,1,0,0,3,1.0225509778303663,0.8328513849013708,0.5265890341390445
2024-02-15,0.8677007119230142,0.0,0,Reliance market update,16.118773721016847,3,2,1,0,0,3,0.9463505921121644,-0.5750431038425579,0.5265890341390445
2024-02-16,-0.045297394456599,0.0,1,Reliance market update,16.094571003531016,4,2,1,0,1,3,0.8753782403765096,-0.5367851014310381,0.5265890341390445
2024-02-19,-0.9665105924643396,0.0,0,Reliance market update,15.72206029267998,0,2,1,1,0,3,0.97041387181265,0.6874709757375954,0.5265890341390445
2024-02-20,0.1639543239317,0.0,0,Reliance market update,15.778066676637929,1,2,1,0,0,3,0.9493585020747254,-0.169508278280448,0.5265890341390445
2024-02-21,1.4162590545347524,0.0,1,Reliance market update,16.358709150202152,2,2,1,0,0,3,0.9257965407013344,-0.1924630797273599,0.5265890341390445
2024-02-22,0.946824998972086,0.0,1,Reliance market update,16.732942259611256,3,2,1,0,0,3,1.025200803273574,0.7180773776668112,0.5265890341390445
2024-02-23,-0.6402086712127787,0.0,0,Reliance market update,16.485414694937703,4,2,1,0,1,3,1.1092790484175294,0.5956517699499481,0.5265890341390445
2024-02-26,-1.6483086405307776,0.0,0,Reliance market update,15.832159653230448,0,2,1,1,0,3,1.0646617173062138,-0.3378434888911351,0.5265890341390445
2024-02-27,0.9258971663667028,0.0,0,Reliance market update,16.197465362990314,1,2,1,0,0,3,1.052844928167584,-0.1006438739397123,0.5265890341390445
2024-02-29,2.2955052971131766,0.0,1,Reliance market update,16.977984355801063,3,2,1,0,0,3,0.8769538122616605,0.2589813487285737,0.5265890341390445
2024-03-01,-1.6780480137180165,0.0,1,Reliance market update,16.311433554367103,4,3,1,0,1,3,1.0986797466446967,1.6209662345786786,0.5265890341390445
2024-03-04,-0.4896154963983752,0.0,0,Reliance market update,16.120534773878013,0,3,1,1,0,3,1.2067496545852674,0.7639869805606351,0.5265890341390445
2024-03-05,-0.892720413797049,0.0,1,Reliance market update,15.77668489992422,1,3,1,0,0,3,1.1557584190294776,-0.3837530917849588,0.5265890341390445
2024-03-06,0.2605435530168427,0.0,0,Reliance market update,15.870361847439735,2,3,1,0,0,3,1.175596301401603,0.1289041405294064,0.5265890341390445
2024-03-07,0.1826391855186722,0.0,0,Reliance market update,15.933659099138351,3,3,1,0,0,3,1.0052196870937071,-1.2407323458030024,0.5265890341390445
2024-03-11,0.7818142098826029,0.0,1,Reliance market update,16.238287427711644,0,3,1,1,0,3,0.91799029817945,-0.6515591086655975,0.5265890341390445
2024-03-12,-0.4568733428790534,0.0,0,Reliance market update,16.059690707581968,1,3,1,0,0,3,0.9804402383545175,0.4426197603038688,0.5265890341390445
2024-03-14,0.8121079836476045,0.0,0,Reliance market update,16.737117328441645,3,3,1,0,0,3,0.6694796417488502,-0.0547342710458886,0.5265890341390445
2024-03-15,0.1083278384250516,0.0,1,Reliance market update,16.771660641039926,4,3,1,0,1,3,0.5757331145823775,-0.7280751134886371,0.5265890341390445
2024-03-18,-1.8407115411555344,0.0,0,Reliance market update,16.031381647930488,0,3,1,1,0,3,0.7260569958065365,1.131263803711225,0.5265890341390445
2024-03-19,-0.2536276514240947,0.0,1,Reliance market update,15.928841922084338,1,3,1,0,0,3,0.6254352458684982,-0.7739847163824609,0.5265890341390445
2024-03-20,0.0846213835331172,0.0,1,Reliance market update,15.954259030157145,2,3,1,0,0,3,0.756350946143754,0.978231794065146,0.5265890341390445
2024-03-21,1.0688793990502294,0.0,1,Reliance market update,16.380993388488363,3,3,1,0,0,3,0.8074854155072847,0.3661037554808292,0.5265890341390445
2024-03-22,1.0217007883046747,0.0,0,Reliance market update,16.78733986832273,4,3,1,0,1,3,0.8361321770554808,0.197768544870142,0.5265890341390445
2024-03-26,-1.375807004135294,0.0,1,Reliance market update,16.250518291644518,1,3,1,0,0,3,0.7409533118115996,-0.7204235130063332,0.5265890341390445
2024-03-28,0.7506554670551212,0.0,0,Reliance market update,16.89991123072132,3,3,1,0,0,3,1.0542772662449942,-0.3761014913026549,0.5265890341390445
2024-04-01,-3.0816755379918006,-3.469446951953614e-18,1,Reliance market update,15.42772082387266,0,4,2,1,0,3,1.0466142575308506,-0.0700374720104965,0.5265890341390445
2024-04-02,1.4037513508599428,0.0,0,Reliance market update,16.002703542256754,1,4,2,0,0,3,1.0620118918630066,0.0982977386001906,0.5265890341390445
2024-04-03,-0.6202611572514626,0.0,0,Reliance market update,15.762604720085108,2,4,2,0,0,3,0.9534406655953428,-0.8045911183116767,0.5265890341390445
2024-04-04,1.7307476685113032,0.0,0,Reliance market update,16.488988154699094,3,4,2,0,0,3,0.8919933620744628,-0.4679206970903024,0.5265890341390445
2024-04-05,-1.6776093873155644,0.0,1,Reliance market update,15.82269036445329,4,4,2,0,1,3,0.8720122458945964,-0.161856677798144,0.5265890341390445
2024-04-08,0.3170666771916621,0.0,0,Reliance market update,15.938624308441842,0,4,2,1,0,3,1.0551366690914392,1.3378570167334325,0.5265890341390445
2024-04-09,-0.4257641769621665,0.0,1,Reliance market update,15.771571159289843,1,4,2,0,0,3,0.8971497791531383,-1.1642163409799628,0.5265890341390445
2024-04-10,0.6656025316504071,0.0,0,Reliance market update,16.02798832281747,2,4,2,0,0,3,1.00987478584529,0.8175481839367628,0.5265890341390445
2024-04-12,1.3073648960805242,0.0,0,Reliance market update,16.55963633916223,4,4,2,0,1,3,0.921929227892328,-0.6592107091479015,0.5265890341390445
2024-04-15,-0.478338631789703,0.0,1,Reliance market update,16.372897779026285,0,4,2,1,0,3,0.905457340002114,-0.1389018763512321,0.5265890341390445
2024-04-16,-0.8315132272779685,0.0,0,Reliance market update,16.052616420826087,1,4,2,0,0,3,0.9119744782543292,0.0294333342594549,0.5265890341390445
2024-04-18,1.6910554965215534,0.0,1,Reliance market update,16.760249123829084,3,4,2,0,0,3,0.9019481117124616,-0.0929922734574084,0.5265890341390445
2024-04-19,-0.4828441319325961,0.0,1,Reliance market update,16.571828818709097,4,4,2,0,1,3,0.942984597630251,0.2895877506577896,0.5265890341390445
2024-04-22,-1.0857256211243085,0.0,0,Reliance market update,16.152532149524397,0,4,2,1,0,3,1.011808442249793,0.4885293631976926,0.5265890341390445
2024-04-23,0.8764407465895472,0.0,0,Reliance market update,16.49691249376667,1,4,2,0,0,3,0.8665693612004391,-1.0800487356746191,0.5265890341390445
2024-04-24,-0.865790771722256,0.0,1,Reliance market update,16.163334468937162,2,4,2,0,0,3,0.8018276801015163,-0.4985270990195183,0.5265890341390445
2024-04-25,1.0563289495764894,0.0,0,Reliance market update,16.584588562339448,3,4,2,0,0,3,0.8711528430481495,0.5038325641623005,0.5265890341390445
2024-04-26,-1.3519973288467322,0.0,1,Reliance market update,16.05769246087407,4,4,2,0,1,3,0.8185860356072103,-0.4067078932318708,0.5265890341390445
2024-04-29,-0.6770485261389358,0.0,1,Reliance market update,15.79623267747163,0,4,2,1,0,3,0.9068896780795244,0.6415613728437717,0.5265890341390445
2024-04-30,1.143961848922448,0.0,0,Reliance market update,16.255617085268746,1,4,2,0,0,3,0.92085497433427,0.0829945376355826,0.5265890341390445
2024-05-02,0.613189430356071,0.0,0,Reliance market update,16.49053103413595,3,5,2,0,0,3,0.9177038305639682,-0.0394310700812806,0.5265890341390445
2024-05-06,-2.0615134608614207,0.0,0,Reliance market update,15.816207684240986,0,5,2,1,0,3,0.5849000782778001,-0.7892879173470688,0.5265890341390445
2024-05-07,1.6207216821331765,0.0,1,Reliance market update,16.490863516402264,1,5,2,0,0,3,0.4572071386767166,-0.9882295298869718,0.5265890341390445
2024-05-08,-1.1138785496083354,0.0,0,Reliance market update,16.06036091813731,2,5,2,0,0,3,0.5780248555062344,0.9170189902067144,0.5265890341390445
2024-05-09,0.4127902844785427,0.0,1,Reliance market update,16.214279358217333,3,5,2,0,0,3,0.4051416495628704,-1.33255155159065,0.5265890341390445
2024-05-10,-0.1053287528632628,0.0,0,Reliance market update,16.167371125916848,4,5,2,0,1,3,0.4992462612486952,0.7104257771845074,0.5265890341390445
2024-05-13,-0.5588572217465566,0.0,1,Reliance market update,15.95046024281394,0,5,2,1,0,3,0.4658727840450462,-0.2766306850327034,0.5265890341390445
2024-05-14,-0.4137932689243968,0.0,0,Reliance market update,15.78796540135664,1,5,2,0,0,3,0.588767391086808,0.9323221911713222,0.5265890341390445
2024-05-15,-0.9183795106057868,0.0,1,Reliance market update,15.434212427136853,2,5,2,0,0,3,0.5619110521353742,-0.2230694816565757,0.5265890341390445
2024-05-16,2.4201913667433996,0.0,1,Reliance market update,16.504158751511497,3,5,2,0,0,3,0.6261514149072024,0.4732261622330846,0.5265890341390445
2024-05-17,-0.7741753744696243,0.0,1,Reliance market update,16.205783857180695,4,5,2,0,1,3,0.6993438906628435,0.5420905665738203,0.5265890341390445
2024-05-21,0.0797953766557891,0.0,1,Reliance market update,16.229290722443587,1,5,2,0,0,3,0.7023518006254047,0.006478532812543,0.5265890341390445
2024-05-22,-0.2023892016676314,0.0,1,Reliance market update,16.14586693420919,2,5,2,0,0,3,0.8759511756074729,1.2919474138396083,0.5265890341390445
2024-05-23,0.8926330709566698,0.0,0,Reliance market update,16.49709774857951,3,5,2,0,0,3,1.0556379874185322,1.3149022152865202,0.5265890341390445
2024-05-24,-1.8014744646343328,0.0,0,Reliance market update,15.77486943749741,4,5,2,0,1,3,1.0146015015007412,-0.3148886874442232,0.5265890341390445
2024-05-27,-0.1610273941530948,0.0,0,Reliance market update,15.706966180597624,0,5,2,1,0,3,0.9155553234478538,-0.7433783144532451,0.5265890341390445
2024-05-28,0.4411363727188027,0.0,0,Reliance market update,15.872215956294031,1,5,2,0,0,3,0.8444397379044566,-0.544436701913342,0.5265890341390445
2024-05-29,-0.1332898832216906,0.0,0,Reliance market update,15.814766058782196,2,5,2,0,0,3,0.7352955764058295,-0.8275459197585886,0.5265890341390445
2024-05-30,1.418108808360365,0.0,1,Reliance market update,16.396246873812366,3,5,2,0,0,3,0.6225705697136779,-0.8658039221701085,0.5265890341390445
2024-05-31,1.9982106647825224,0.0,1,Reliance market update,17.251747906395018,4,5,2,0,1,3,0.6618882499385771,0.2819361501754856,0.5265890341390445
2024-06-05,-1.8461464597750388,0.0,1,Reliance market update,16.67570319515006,2,6,2,0,0,3,0.5935657236461297,1.2689926123926965,0.5265890341390445
2024-06-06,0.0762319256899304,0.0,1,Reliance market update,16.697834631050014,3,6,2,0,0,3,0.6703390445952954,0.5650453680207321,0.5265890341390445
2024-06-10,-1.7442762278930262,0.0,0,Reliance market update,16.040324469747322,0,6,2,1,0,3,0.9520083275179329,0.0600397361886708,0.5265890341390445
2024-06-11,0.6283966335969481,0.0,1,Reliance market update,16.28148096004089,1,6,2,0,0,3,0.8478057323863698,-0.7816363168647649,0.5265890341390445
2024-06-12,-0.3943717667716614,0.0,1,Reliance market update,16.1262367223258,2,6,2,0,0,3,0.8948580382292831,0.3354973535516133,0.5265890341390445
2024-06-13,-0.229485658524894,0.0,1,Reliance market update,16.032664225188178,3,6,2,0,0,3,0.9084652499646751,0.0829945376355826,0.5265890341390445
2024-06-14,-0.2950890349643178,0.0,1,Reliance market update,15.91450947628057,4,6,2,0,1,3,0.9954797881673214,0.6262581718791638,0.5265890341390445
2024-06-18,-0.3144071883131472,0.0,0,Reliance market update,15.789142455365344,1,6,2,0,0,3,1.0201160030987704,0.1671621429409262,0.5265890341390445
2024-06-19,0.5093040307499456,0.0,1,Reliance market update,15.981803307557358,2,6,2,0,0,3,0.8617710286411158,-1.1718679414622668,0.5265890341390445
2024-06-20,1.4881255619910276,0.0,0,Reliance market update,16.595185178325668,3,6,2,0,0,3,0.9682653646965356,0.771638581042939,0.5265890341390445
2024-06-21,1.5887447060419126,0.0,0,Reliance market update,17.254978233325474,4,6,2,0,1,3,0.8302595909380994,-1.0264875322984917,0.5265890341390445
2024-06-24,-2.782901701645995,0.0,1,Reliance market update,15.999130454324913,0,6,2,1,0,3,0.7402371427728938,-0.6898171110771174,0.5265890341390445
2024-06-25,-0.5970919229386923,0.0,1,Reliance market update,15.767883634382477,1,6,2,0,0,3,0.8299015064187473,0.6568645738083797,0.5265890341390445
2024-06-27,0.6599554016956645,0.0,1,Reliance market update,17.161302024557173,3,6,2,0,0,3,1.3705375137370777,0.8175481839367628,0.5265890341390445
2024-07-01,-2.8791603603864013,0.0,1,Reliance market update,15.859882667986149,0,7,3,1,0,3,1.5800169575582617,-0.2766306850327034,0.5265890341390445
2024-07-02,0.0267133821980331,0.0,0,Reliance market update,15.863106235318742,1,7,3,0,0,3,1.6156105587818954,0.2283749467993579,0.5265890341390445
2024-07-03,0.4157937978744909,0.0,1,Reliance market update,16.018233436346144,2,7,3,0,0,3,1.5253732599050784,-0.6362559077009896,0.5265890341390445
2024-07-04,-0.726825410836874,0.0,1,Reliance market update,15.737885485108436,3,7,3,0,0,3,1.5366887307166153,0.0600397361886708,0.5265890341390445
2024-07-08,-0.6619887836006119,0.0,0,Reliance market update,16.066887300331366,0,7,3,1,0,3,1.868346612540855,0.5726969685030362,0.5265890341390445
2024-07-09,-0.8075371308596008,0.0,0,Reliance market update,15.755690463344992,1,7,3,0,0,3,1.7932204803807108,-0.5214819004664302,0.5265890341390445
2024-07-10,0.0830986359241188,0.0,0,Reliance market update,15.78046380224682,2,7,3,0,0,3,1.7503935718661574,-0.3072370869619193,0.5265890341390445
2024-07-11,1.270149098793502,0.0,1,Reliance market update,16.29548397601643,3,7,3,0,0,3,1.7251128047998747,-0.1924630797273599,0.5265890341390445
2024-07-12,0.2235142212567489,0.0,1,Reliance market update,16.374657343791014,4,7,3,0,1,3,1.8388404481462135,0.7639869805606351,0.5265890341390445
2024-07-15,-2.141226450584919,0.0,0,Reliance market update,15.488803445471556,0,7,3,1,0,3,1.842349676435868,0.006478532812543,0.5265890341390445
2024-07-16,1.383872853297259,0.0,1,Reliance market update,16.054819159792476,1,7,3,0,0,3,1.693959451616212,-1.0188359318161877,0.5265890341390445
2024-07-18,0.6989469878050205,0.0,0,Reliance market update,16.32497769779371,3,7,3,0,0,3,1.7677248626028166,0.4885293631976926,0.5265890341390445
2024-07-19,0.190352827384614,0.0,0,Reliance market update,16.391201327046822,4,7,3,0,1,3,1.544638207046239,-1.5391447646128569,0.5265890341390445
2024-07-23,-0.209643560949196,0.0,1,Reliance market update,16.708769532724503,1,7,3,0,0,3,1.068743880826833,-0.6668623096302055,0.5265890341390445
2024-07-24,-1.0765131341986764,0.0,0,Reliance market update,16.293171269231397,2,7,3,0,0,3,1.1239605137109812,0.3814069564454371,0.5265890341390445
2024-07-25,0.1475518050856771,0.0,1,Reliance market update,16.342828099306818,3,7,3,0,0,3,1.1006134030492,-0.1848114792450559,0.5265890341390445
2024-07-26,-0.6172293540693351,0.0,1,Reliance market update,16.103990742788096,4,7,3,0,1,3,1.2182083592045452,0.8328513849013708,0.5265890341390445
2024-07-29,-0.6952817401036147,0.0,0,Reliance market update,15.835540546449831,0,7,3,1,0,3,1.2966288689427323,0.5420905665738203,0.5265890341390445
2024-07-30,0.2449262359823386,0.0,0,Reliance market update,15.923078930501902,1,7,3,0,0,3,1.2474280559837048,-0.3684498908203509,0.5265890341390445
2024-07-31,0.529208111955604,-3.469446951953614e-18,1,Reliance market update,16.123813970162406,2,7,3,0,0,3,1.1927843583305215,-0.4067078932318708,0.5265890341390445
2024-08-01,0.1946785846071464,0.0,0,Reliance market update,16.191738507819835,3,8,3,0,0,3,1.2626108396042497,0.4885293631976926,0.5265890341390445
2024-08-02,-0.1061625630178862,0.0,0,Reliance market update,16.144567070776528,4,8,3,0,1,3,1.149599365296616,-0.8198943192762848,0.5265890341390445
2024-08-06,-1.3108383109830333,0.0,1,Reliance market update,16.141439744949963,1,8,3,0,0,3,0.8433654843464002,0.4426197603038688,0.5265890341390445
2024-08-07,-0.5800769997111853,-3.469446951953614e-18,0,Reliance market update,15.916538551645214,2,8,3,0,0,3,0.905457340002114,0.4426197603038688,0.5265890341390445
2024-08-08,1.0432309164514928,0.0,1,Reliance market update,16.33217367426585,3,8,3,0,0,3,0.7943795220989839,-0.8351975202408926,0.5265890341390445
2024-08-09,-1.7176813487651306,0.0,0,Reliance market update,15.648056341076035,4,8,3,0,1,3,0.9724907620248938,1.3149022152865202,0.5265890341390445
2024-08-12,0.6978388944346262,0.0,1,Reliance market update,15.917763064997375,0,8,3,1,0,3,0.8757363248958616,-0.7280751134886371,0.5265890341390445
2024-08-13,-0.6921783599222847,0.0,0,Reliance market update,15.650499521358244,1,8,3,0,0,3,0.8970065453453975,0.1442073414940143,0.5265890341390445
2024-08-14,0.0193891454094642,0.0,1,Reliance market update,15.650882843743444,2,8,3,0,0,3,0.8844019702641912,-0.1082954744220163,0.5265890341390445
2024-08-16,1.0235564231547596,0.0,1,Reliance market update,16.058016823918813,4,8,3,0,1,3,1.0001348869189024,0.8405029853836746,0.5265890341390445
2024-08-19,0.9649600421145828,0.0,1,Reliance market update,16.440015586026917,0,8,3,1,0,3,1.108061561051732,0.771638581042939,0.5265890341390445
2024-08-20,-1.2736809750467988,0.0,1,Reliance market update,15.945147109888367,1,8,3,0,0,3,1.161631005146859,0.3737553559631332,0.5265890341390445
2024-08-21,-0.1916926913463781,0.0,0,Reliance market update,15.86578033624337,2,8,3,0,0,3,1.1809675691918902,0.1212525400471024,0.5265890341390445
2024-08-22,0.7610406691479156,0.0,1,Reliance market update,16.16170891426079,3,8,3,0,0,3,1.1771002563828838,-0.0470826705635846,0.5265890341390445
2024-08-23,-0.3044282836986631,0.0,1,Reliance market update,16.04009681149575,4,8,3,0,1,3,1.1902061497911849,0.0753429371532787,0.5265890341390445
2024-08-26,-0.1083875746938134,0.0,0,Reliance market update,15.992091854754364,0,8,3,1,0,3,1.2798705134370385,0.6262581718791638,0.5265890341390445
2024-08-27,-0.8923551598616893,0.0,0,Reliance market update,15.648277124579993,1,8,3,0,0,3,1.1935721442730962,-0.6286043072186857,0.5265890341390445
2024-08-28,1.0766974519699215,0.0,1,Reliance market update,16.078344645224778,2,8,3,0,0,3,1.1783177437486827,-0.1235986753866242,0.5265890341390445
2024-08-29,2.9907636484457245,0.0,0,Reliance market update,17.461883239741507,3,8,3,0,0,3,1.3389544591301927,1.1389154041935292,0.5265890341390445
2024-08-30,0.2313059348441257,0.0,1,Reliance market update,17.544108942446837,4,8,3,0,1,3,1.2587435267952434,-0.5826947043248618,0.5265890341390445
2024-09-02,-2.860978532956831,0.0,0,Reliance market update,16.235065289230057,0,9,3,1,0,3,1.305795832638155,0.3201941525870054,0.5265890341390445
2024-09-03,-0.056954341283473,0.0,1,Reliance market update,16.206454544639392,1,9,3,0,0,3,1.2551626816017187,-0.3761014913026549,0.5265890341390445
2024-09-04,0.2577555283633118,0.0,0,Reliance market update,16.299024989065433,2,9,3,0,0,3,1.2936925758840416,0.2589813487285737,0.5265890341390445
2024-09-05,0.7837553076362765,0.0,0,Reliance market update,16.604475025284046,3,9,3,0,0,3,1.140504018505064,-1.1030035371215312,0.5265890341390445
2024-09-06,0.4680277770014192,0.0,0,Reliance market update,16.78048610555252,4,9,3,0,1,3,0.9406212398025254,-1.462628759789817,0.5265890341390445
2024-09-09,-1.897140536271151,0.0,0,Reliance market update,16.01387881438351,0,9,3,1,0,3,0.9237912673929608,-0.1389018763512321,0.5265890341390445
2024-09-10,0.4734443260254078,0.0,0,Reliance market update,16.192113569057298,1,9,3,0,0,3,0.9172025122368752,-0.0623858715281925,0.5265890341390445
2024-09-11,-0.2421161740839156,0.0,1,Reliance market update,16.093823757353302,2,9,3,0,0,3,0.8460153097896076,-0.544436701913342,0.5265890341390445
2024-09-12,1.9430198079409544,0.0,0,Reliance market update,16.922309003914986,3,9,3,0,0,3,1.0469723420502044,1.4755858254149037,0.5265890341390445
2024-09-13,-2.2501993032714087,0.0,0,Reliance market update,15.980134920426703,4,9,3,0,1,3,0.9960527233982848,-0.3837530917849588,0.5265890341390445
2024-09-16,-1.1955787162826212,0.0,1,Reliance market update,15.516939511587752,0,9,3,1,0,3,0.9869573766067328,-0.0853406729751044,0.5265890341390445
2024-09-17,0.2242238324227942,-3.469446951953614e-18,0,Reliance market update,15.596433018356397,1,9,3,0,0,3,0.9936893655705592,0.0294333342594549,0.5265890341390445
2024-09-18,0.931924522866404,0.0,1,Reliance market update,15.964328314312342,2,9,3,0,0,3,0.9308813408761394,-0.4755722975726064,0.5265890341390445
2024-09-19,1.6359402126450904,0.0,1,Reliance market update,16.64612659074946,3,9,3,0,0,3,0.9750689705642308,0.3125425521047015,0.5265890341390445
2024-09-20,1.4589026617985053,0.0,1,Reliance market update,17.24618003908027,4,9,3,0,1,3,1.0904438026995913,0.8328513849013708,0.5265890341390445
2024-09-23,-2.777093984502488,0.0,0,Reliance market update,15.993927712623876,0,9,3,1,0,3,1.143368694659883,0.3661037554808292,0.5265890341390445
2024-09-24,1.595300587419232,0.0,1,Reliance market update,16.656776393511308,1,9,3,0,0,3,1.114936783823298,-0.2230694816565757,0.5265890341390445
2024-09-25,-2.1407487099885527,0.0,1,Reliance market update,15.771230009541174,2,9,3,0,0,3,1.147450858180502,0.2207233463170539,0.5265890341390445
2024-09-26,2.2448095124725413,0.0,1,Reliance market update,16.7503775026092,3,9,3,0,0,3,1.1758111521132146,0.1901169443878381,0.5265890341390445
2024-09-27,0.251934407207236,0.0,0,Reliance market update,16.840679247630156,4,9,3,0,1,3,1.3762668660467166,1.4220246220387758,0.5265890341390445
2024-10-01,-1.27891217175847,0.0,0,Reliance market update,16.614719485013783,1,10,4,0,0,3,0.9406212398025254,-0.6286043072186857,0.5265890341390445
2024-10-04,-0.0296744530947356,0.0,0,Reliance market update,17.428396182042587,4,10,4,0,1,3,0.3846592150559109,-1.125958338568443,0.5265890341390445
2024-10-07,-1.3197709178564805,0.0,1,Reliance market update,16.91476199793263,0,10,4,1,0,3,0.2725071435947227,-0.8887587236170204,0.5265890341390445
2024-10-08,-0.6859804059036304,0.0,0,Reliance market update,16.6499472122948,1,10,4,0,0,3,0.4615757698128174,1.4679342249325995,0.5265890341390445
2024-10-09,-0.4428637099334922,0.0,0,Reliance market update,16.47651184803552,2,10,4,0,0,3,0.3000080346809903,-1.263687147249914,0.5265890341390445
2024-10-10,1.1138107123420775,0.0,1,Reliance market update,16.92272369458138,3,10,4,0,0,3,0.2747988845185779,-0.2154178811742717,0.5265890341390445
2024-10-11,-2.412420679314182,0.0,1,Reliance market update,15.89246438284104,4,10,4,0,1,3,0.2822470425211086,0.0447365352240628,0.5265890341390445
2024-10-14,1.0678243385533484,0.0,0,Reliance market update,16.31870177160829,0,10,4,1,0,3,0.2852549524836698,0.006478532812543,0.5265890341390445
2024-10-16,-1.3397317596059597,0.0,1,Reliance market update,16.812963300662094,2,10,4,0,0,3,0.1542676353045435,0.5573937675384282,0.5265890341390445
2024-10-17,-0.656870787458496,0.0,1,Reliance market update,16.559163460743434,3,10,4,0,0,3,0.1709543739063671,0.1136009395647985,0.5265890341390445
2024-10-18,-0.6517609255843335,0.0,1,Reliance market update,16.30726479277037,4,10,4,0,1,3,0.1913651915094578,0.1442073414940143,0.5265890341390445
2024-10-21,0.4082762287165442,0.0,0,Reliance market update,16.45937126145756,0,10,4,1,0,3,0.2616929911102787,0.5420905665738203,0.5265890341390445
2024-10-22,0.3226976127804057,0.0,0,Reliance market update,16.57754130289617,1,10,4,0,0,3,0.0781388664902116,-1.462628759789817,0.5265890341390445
2024-10-23,0.2350726771626561,0.0,1,Reliance market update,16.6612767258022,2,10,4,0,0,3,0.043834369536247,-0.2919338859973114,0.5265890341390445
2024-10-24,0.6556143708933767,0.0,0,Reliance market update,16.913615964388274,3,10,4,0,0,3,0.0529297163277992,0.0600397361886708,0.5265890341390445
2024-10-25,-0.4473138472155797,0.0,1,Reliance market update,16.738537559735615,4,10,4,0,1,3,-0.031936314758731,-0.6974687115594213,0.5265890341390445
2024-10-28,-1.3865215215729845,0.0,1,Reliance market update,16.197308876244904,0,10,4,1,0,3,0.0142565882377354,0.3584521549985252,0.5265890341390445
2024-10-29,0.2863758619845527,0.0,1,Reliance market update,16.30111379840999,1,10,4,0,0,3,0.0543620544052093,0.3048909516223975,0.5265890341390445
2024-10-30,0.0130900245027112,0.0,0,Reliance market update,16.299118364620604,2,10,4,0,0,3,0.0820061792992194,0.205420145352446,0.5265890341390445
2024-10-31,-0.6473389560478938,0.0,1,Reliance market update,16.048922513224383,3,10,4,0,0,3,-0.002072065844736,-0.6898171110771174,0.5265890341390445
2024-11-01,-3.089385750110093,-3.469446951953614e-18,0,Reliance market update,14.570381050676971,4,11,4,0,1,3,0.0447653892865642,0.3661037554808292,0.5265890341390445
2024-11-05,-0.5041785913090953,0.0,1,Reliance market update,16.604678580905308,1,11,4,0,0,3,-0.1920717118131479,0.1671621429409262,0.5265890341390445
2024-11-06,0.7340619998160998,0.0,0,Reliance market update,16.889370321717724,2,11,4,0,0,3,-0.0496973069186126,1.161870205640441,0.5265890341390445
2024-11-07,-1.98987406617863,0.0,0,Reliance market update,16.07852027491959,3,11,4,0,0,3,-0.1895651201776798,-1.156564740497659,0.5265890341390445
2024-11-08,1.7244041096007063,0.0,0,Reliance market update,16.801919857335744,4,11,4,0,1,3,-0.3450454184805143,-1.301945149661434,0.5265890341390445
2024-11-11,-1.9315595201395497,0.0,1,Reliance market update,16.018999142048372,0,11,4,1,0,3,-0.4235375451225718,-0.6745139101125094,0.5265890341390445
2024-11-12,0.4381721538698964,0.0,0,Reliance market update,16.183048961059054,1,11,4,0,0,3,-0.4125085419265165,0.0753429371532787,0.5265890341390445
2024-11-13,0.8084571910332428,0.0,1,Reliance market update,16.498833135863247,2,11,4,0,0,3,-0.5701373473454654,-1.3478547525552578,0.5265890341390445
2024-11-14,-0.3766366721416561,0.0,0,Reliance market update,16.35020956796814,3,11,4,0,0,3,-0.459704081577169,0.9323221911713222,0.5265890341390445
2024-11-18,0.2175908486200632,0.0,0,Reliance market update,16.427094791596847,0,11,4,1,0,3,-0.5083319593052316,-0.4296626946787826,0.5265890341390445
2024-11-19,0.1238115906650064,0.0,0,Reliance market update,16.467607289577664,1,11,4,0,0,3,-0.6439743752359404,-1.1718679414622668,0.5265890341390445
2024-11-21,0.8063677636643504,0.0,1,Reliance market update,16.782526640180425,3,11,4,0,0,3,-0.7763940304924768,-1.1642163409799628,0.5265890341390445
2024-11-25,0.879289001366299,0.0,1,Reliance market update,17.18015950874425,0,11,4,1,0,3,-0.3219847754342163,1.2919474138396083,0.5265890341390445
2024-11-26,-2.6009915883638097,0.0,0,Reliance market update,16.039870074634475,1,11,4,0,0,3,-0.260179387393984,0.5038325641623005,0.5265890341390445
2024-11-27,0.1085785308983737,0.0,0,Reliance market update,16.074430765082436,2,11,4,0,0,3,-0.2779403795538641,-0.161856677798144,0.5265890341390445
2024-11-28,1.124648628254364,0.0,1,Reliance market update,16.52538662449257,3,11,4,0,0,3,-0.4370015230502231,-1.3402031520729538,0.5265890341390445
2024-11-29,-0.3256412238330323,0.0,1,Reliance market update,16.395902220757232,4,11,4,0,1,3,-0.2850304530370427,1.2689926123926965,0.5265890341390445
2024-12-02,-0.4613454069876074,0.0,1,Reliance market update,16.215599150949135,0,12,4,1,0,3,-0.1647140545346195,0.98588339454745,0.5265890341390445
2024-12-03,1.0658632786450326,0.0,0,Reliance market update,16.64101680793518,1,12,4,0,0,3,-0.064235538404322,0.8098965834544589,0.5265890341390445
2024-12-04,0.4041829662158437,0.0,1,Reliance market update,16.79147579458874,2,12,4,0,0,3,-0.1661463926120296,-0.8428491207231966,0.5265890341390445
2024-12-05,-0.3831572736319067,0.0,0,Reliance market update,16.64037882558617,3,12,4,0,0,3,-0.0731160344842628,0.7486837795960272,0.5265890341390445
2024-12-06,-1.5798909103495835,0.0,0,Reliance market update,16.016894805198817,4,12,4,0,1,3,-0.1476692314134437,-0.6209527067363818,0.5265890341390445
2024-12-09,1.1978616249360483,0.0,0,Reliance market update,16.499951098205486,0,12,4,1,0,3,-0.2641183171068607,-0.972926328922364,0.5265890341390445
2024-12-10,0.2533330493705844,0.0,0,Reliance market update,16.59082867700946,1,12,4,0,0,3,-0.3372391759586314,-0.6286043072186857,0.5265890341390445
2024-12-11,-0.8139623505986675,0.0,0,Reliance market update,16.277180480679412,2,12,4,0,0,3,-0.3844347156092839,-0.4143594937141747,0.5265890341390445
2024-12-12,1.4113165087416255,0.0,1,Reliance market update,16.85558569250736,3,12,4,0,0,3,-0.493077558780818,-0.934668326510844,0.5265890341390445
2024-12-13,0.8051478336301379,0.0,0,Reliance market update,17.169973466076446,4,12,4,0,1,3,-0.4224632915645138,0.5880001694676441,0.5265890341390445
2024-12-16,-2.5410920133536075,0.0,0,Reliance market update,16.065410019297886,0,12,4,1,0,3,-0.4547625152101048,-0.2919338859973114,0.5265890341390445
2024-12-17,1.4810156573815454,0.0,1,Reliance market update,16.675583003953722,1,12,4,0,0,3,-0.6180490560348221,-1.4014159559313857,0.5265890341390445
2024-12-18,-0.8325906233939419,0.0,0,Reliance market update,16.354761758984093,2,12,4,0,0,3,-0.5616149357848766,0.4732261622330846,0.5265890341390445
2024-12-19,0.3202220036910681,0.0,0,Reliance market update,16.47189223639487,3,12,4,0,0,3,-0.7235407554360542,-1.4090675564136896,0.5265890341390445
2024-12-23,-1.760299537086707,0.0,1,Reliance market update,16.123364247497058,0,12,4,1,0,3,-0.7814072137634115,1.0623993993704894,0.5265890341390445
2024-12-24,-1.0379782342630015,0.0,0,Reliance market update,15.722816192548326,1,12,4,0,0,3,-0.778184453089239,0.014130133294847,0.5265890341390445
2024-12-26,0.9997518187723964,0.0,1,Reliance market update,16.119712243568078,3,12,4,0,0,3,-0.8222288489695896,-0.4067078932318708,0.5265890341390445
2024-12-27,-0.9298004005553804,0.0,0,Reliance market update,15.76147756254614,4,12,4,0,1,3,-0.7902160929394819,0.2666329492108777,0.5265890341390445
2024-12-30,0.6035007542472152,0.0,1,Reliance market update,15.992392622292249,0,12,4,1,0,3,-0.8637666532144751,-0.6668623096302055,0.5265890341390445
2024-12-31,-0.8300772113166002,0.0,1,Reliance market update,15.672663807491496,1,12,4,0,0,3,-0.830035091491474,0.2819361501754856,0.5265890341390445
2025-01-01,-0.2026789580226466,0.0,1,Reliance market update,15.58920635703338,2,1,1,0,0,3,-0.7888553717659421,0.3508005545162213,0.5265890341390445
2025-01-02,2.219517859650143,0.0,1,Reliance market update,16.555464834892685,3,1,1,0,0,3,-0.6429001216778824,1.2689926123926965,0.5265890341390445
2025-01-03,0.0241006330516898,0.0,0,Reliance market update,16.557711139781652,4,1,1,0,1,3,-0.5765112517899381,0.5573937675384282,0.5265890341390445
2025-01-07,-1.0013253367394317,0.0,1,Reliance market update,16.12512151169451,1,1,1,0,0,3,-0.6496321106417089,1.4220246220387758,0.5265890341390445
2025-01-08,1.5738705140712224,0.0,0,Reliance market update,16.778026217632924,2,1,1,0,0,3,-0.4746720144861008,1.5061922273441195,0.5265890341390445
2025-01-09,-1.0711490636201173,0.0,0,Reliance market update,16.36454197142903,3,1,1,0,0,3,-0.5509440171081735,-0.6668623096302055,0.5265890341390445
2025-01-10,-1.1743133983817913,0.0,0,Reliance market update,15.909881721149196,4,1,1,0,1,3,-0.6421839526391782,-0.7969395178293729,0.5265890341390445
2025-01-13,1.2986645582948473,0.0,0,Reliance market update,16.437629671081783,0,1,1,1,0,3,-0.6567938010287578,-0.1465534768335361,0.5265890341390445
2025-01-14,-0.1131230573673962,0.0,1,Reliance market update,16.387761425177715,1,1,1,0,0,3,-0.6646000435506407,-0.0853406729751044,0.5265890341390445
2025-01-15,-0.8114622473837868,0.0,1,Reliance market update,16.075068831764195,2,1,1,0,0,3,-0.5690630937874074,0.8175481839367628,0.5265890341390445
2025-01-16,0.978640696606622,0.0,1,Reliance market update,16.4629330872454,3,1,1,0,0,3,-0.4678684086184056,0.8558061863482826,0.5265890341390445
2025-01-20,-1.835734413413414,0.0,0,Reliance market update,16.457438406552136,0,1,1,1,0,3,-0.1909974582550899,0.1671621429409262,0.5265890341390445
2025-01-22,-0.9055274471961672,0.0,0,Reliance market update,16.145087179989766,2,1,1,0,0,3,-0.3922409581311667,0.1901169443878381,0.5265890341390445
2025-01-23,-0.4175680176860921,0.0,0,Reliance market update,15.98120811850594,3,1,1,0,0,3,-0.4877779078944017,-0.8198943192762848,0.5265890341390445
2025-01-24,1.213755012863169,0.0,0,Reliance market update,16.471282488521076,4,1,1,0,1,3,-0.6109589825516435,-1.0647455347100114,0.5265890341390445
2025-01-27,-1.0383579136700878,0.0,1,Reliance market update,16.070586765600506,0,1,1,1,0,3,-0.7313469979579388,-1.0570939342277077,0.5265890341390445
2025-01-28,0.2836243404900301,0.0,1,Reliance market update,16.17334358543865,1,1,1,0,0,3,-0.6954669291188232,0.2972393511400936,0.5265890341390445
2025-01-29,-1.4739990381514172,0.0,1,Reliance market update,15.595223930087784,2,1,1,0,0,3,-0.6876606865969388,0.0523881357063668,0.5265890341390445
2025-01-30,1.11557273384161,0.0,1,Reliance market update,16.042214106955445,3,1,1,0,0,3,-0.5630472738622868,1.0700509998527936,0.5265890341390445
2025-01-31,-0.8876102007037954,0.0,0,Reliance market update,15.700246121500836,4,1,1,0,1,3,-0.4774650737370507,0.7180773776668112,0.5265890341390445
2025-02-01,0.2204362865919891,0.0,0,Reliance market update,15.778201124979518,5,2,1,0,0,3,-0.4810459189305752,-0.0470826705635846,0.5265890341390445
2025-02-03,0.6796462117519891,0.0,1,Reliance market update,16.040387698953705,0,2,1,1,0,3,-0.6138236587064637,-1.148913140015355,0.5265890341390445
2025-02-05,-1.2893936101335566,0.0,1,Reliance market update,16.12923626324441,2,2,1,0,0,3,-0.3844347156092839,-0.4296626946787826,0.5265890341390445
2025-02-06,-0.022440982532496,0.0,0,Reliance market update,16.11368614335349,3,2,1,0,0,3,-0.3606579035242816,0.1824653439055341,0.5265890341390445
2025-02-07,-0.3201699976663117,0.0,0,Reliance market update,15.98619538446684,4,2,1,0,1,3,-0.4661496029255138,-0.9040619245816282,0.5265890341390445
2025-02-10,-0.5907420936054937,0.0,0,Reliance market update,15.75726537127211,0,2,1,1,0,3,-0.5587502596300564,-0.8045911183116767,0.5265890341390445
2025-02-11,0.6249425001425921,0.0,0,Reliance market update,15.997025155021005,1,2,1,0,0,3,-0.6922441684446509,-1.1642163409799628,0.5265890341390445
2025-02-12,2.026027346536196,0.0,0,Reliance market update,16.86628271118191,2,2,1,0,0,3,-0.8222288489695896,-1.148913140015355,0.5265890341390445
2025-02-13,-2.1872715450155815,0.0,1,Reliance market update,15.956895498550471,3,2,1,0,0,3,-0.8253799927398915,-0.0470826705635846,0.5265890341390445
2025-02-14,0.5039882786232686,0.0,1,Reliance market update,16.14747443699792,4,2,1,0,1,3,-0.8172156656986566,0.0523881357063668,0.5265890341390445
2025-02-17,-0.5987650901484737,0.0,1,Reliance market update,15.915573509293573,0,2,1,1,0,3,-0.7629300525648238,0.4655745617507807,0.5265890341390445
2025-02-18,-0.5191401206962297,0.0,1,Reliance market update,15.713617705444792,1,2,1,0,0,3,-0.7593492073712994,0.014130133294847,0.5265890341390445
2025-02-19,-0.1687278573701096,0.0,1,Reliance market update,15.642852559672232,2,2,1,0,0,3,-0.7448109758855901,0.1136009395647985,0.5265890341390445
2025-02-20,0.5918082404120047,0.0,0,Reliance market update,15.8690678492103,3,2,1,0,0,3,-0.7054216787568205,0.3278457530693094,0.5265890341390445
2025-02-21,-0.304126490444995,0.0,0,Reliance market update,15.747615277671102,4,2,1,0,1,3,-0.7398694095185259,-0.3148886874442232,0.5265890341390445
2025-02-24,0.1178321122394037,0.0,0,Reliance market update,15.785764687416243,0,2,1,1,0,3,-0.8364089959359468,-0.8658039221701085,0.5265890341390445
2025-02-25,1.183235308079529,0.0,1,Reliance market update,16.262384981402015,1,2,1,0,0,3,-0.9113202773844796,-0.6821655105948133,0.5265890341390445
2025-02-27,0.0086162793399695,0.0,0,Reliance market update,16.25865866369527,3,2,1,0,0,3,-0.8893338878962397,0.1824653439055341,0.5265890341390445
2025-02-28,1.6591479036883423,0.0,0,Reliance market update,16.95132207137534,4,2,1,0,1,3,-0.9390360191823602,-0.4602690966079984,0.5265890341390445
2025-03-04,-1.177063867282325,0.0,1,Reliance market update,16.247137204322488,1,3,1,0,0,3,-1.2102492341399058,-0.6286043072186857,0.5265890341390445
2025-03-05,-0.7059936400769443,0.0,1,Reliance market update,15.974698147933989,2,3,1,0,0,3,-1.1129934786837807,0.8864125882774985,0.5265890341390445
2025-03-10,-0.8376228262908841,0.0,1,Reliance market update,16.29465497124254,0,3,1,1,0,3,-0.6670350182822384,-0.7127719125240293,0.5265890341390445
2025-03-11,-0.4273431137024077,0.0,1,Reliance market update,16.12703943581002,1,3,1,0,0,3,-0.6038689090684666,0.5344389660915163,0.5265890341390445
2025-03-12,0.4567288775806892,0.0,0,Reliance market update,16.29854512316159,2,3,1,0,0,3,-0.534615363025702,0.58034856898534,0.5265890341390445
2025-03-13,-0.5967573974872772,0.0,0,Reliance market update,16.067357044808062,3,3,1,0,0,3,-0.5995718948362362,-0.5750431038425579,0.5265890341390445
2025-03-17,1.3706173705213542,0.0,0,Reliance market update,16.627375160104855,0,3,1,1,0,3,-0.6638838745119364,-0.5750431038425579,0.5265890341390445
2025-03-19,0.0057162560000681,0.0,1,Reliance market update,16.59819811488147,2,3,1,0,0,3,-0.6049431626265229,0.4961809636799965,0.5265890341390445
2025-03-20,-0.012835125165438,0.0,1,Reliance market update,16.586315064437336,3,3,1,0,0,3,-0.4487466952849842,1.3302054162511283,0.5265890341390445
2025-03-21,0.7951838890613776,0.0,1,Reliance market update,16.89653802837952,4,3,1,0,1,3,-0.3976122259214535,0.4196649588569569,0.5265890341390445
2025-03-24,-0.1678710010110788,0.0,0,Reliance market update,16.826097945914015,0,3,1,1,0,3,-0.2147742703400922,1.5291470287910311,0.5265890341390445
2025-03-25,-1.016775305963502,0.0,0,Reliance market update,16.43392047498128,1,3,1,0,0,3,-0.3330137786302715,-0.9958811303692758,0.5265890341390445
2025-03-26,-0.3195627878122261,0.0,1,Reliance market update,16.306626887719922,2,3,1,0,0,3,-0.4210309534871037,-0.7510299149355489,0.5265890341390445
2025-03-27,0.5737379243026632,0.0,0,Reliance market update,16.525429478588688,3,3,1,0,0,3,-0.3844347156092839,0.2895877506577896,0.5265890341390445
2025-03-28,0.4990682519006302,0.0,0,Reliance market update,16.71402297945002,4,3,1,0,1,3,-0.4064927220013943,-0.2001146802096638,0.5265890341390445
2025-04-01,-1.050146360045637,0.0,0,Reliance market update,16.308687001881758,1,4,2,0,0,3,-0.5661984176325872,-1.3631579535198657,0.5265890341390445
2025-04-02,-0.450815276022879,0.0,0,Reliance market update,16.132254046169397,2,4,2,0,0,3,-0.5765112517899381,-0.1082954744220163,0.5265890341390445
2025-04-03,-0.8061109116615793,0.0,0,Reliance market update,15.821623996390493,3,4,2,0,0,3,-0.5939141594304677,-0.169508278280448,0.5265890341390445
2025-04-08,-0.3131955840357607,0.0,1,Reliance market update,16.788743662820025,1,4,2,0,0,3,-1.06608440664861,1.0700509998527936,0.5265890341390445
2025-04-09,-1.6374195308835684,0.0,1,Reliance market update,16.14016091264405,2,4,2,0,0,3,-1.0437399326410162,0.1901169443878381,0.5265890341390445
2025-04-15,0.4667756267213622,0.0,0,Reliance market update,16.409162189637517,1,4,2,0,0,3,-0.6550033784319956,1.3149022152865202,0.5265890341390445
2025-04-16,-1.2464211644099124,0.0,1,Reliance market update,15.92553768039338,2,4,2,0,0,3,-0.660661113837764,-0.0623858715281925,0.5265890341390445
2025-04-21,-1.010361674346664,0.0,0,Reliance market update,16.160193471266627,0,4,2,1,0,3,-0.2616117254713925,1.2460378109457848,0.5265890341390445
2025-04-22,0.5871108781274208,0.0,1,Reliance market update,16.38442956439483,1,4,2,0,0,3,-0.2921921434240918,-0.2689790845503995,0.5265890341390445
2025-04-23,-0.565472598409243,0.0,1,Reliance market update,16.165064061503735,2,4,2,0,0,3,-0.2296705863451553,0.5038325641623005,0.5265890341390445
2025-04-24,0.0154544928842327,0.0,0,Reliance market update,16.1639234315993,3,4,2,0,0,3,-0.2182834986297463,0.0753429371532787,0.5265890341390445
2025-04-25,0.8209441049417104,0.0,1,Reliance market update,16.484890129256282,4,4,2,0,1,3,-0.226805910190335,-0.0853406729751044,0.5265890341390445
2025-04-30,-0.6320792726937292,0.0,1,Reliance market update,17.05343366610464,2,4,2,0,0,3,0.5158613829466485,0.2742845496931816,0.5265890341390445
2025-05-02,-1.6912246218196318,0.0,1,Reliance market update,16.381062964324496,4,5,2,0,1,3,0.6209233809246582,0.786941782007547,0.5265890341390445
2025-05-05,-0.0477319735318344,0.0,0,Reliance market update,16.355981991326676,0,5,2,1,0,3,0.7026382682408864,0.6033033704322519,0.5265890341390445
2025-05-06,0.2882080641226203,0.0,0,Reliance market update,16.4605583375236,1,5,2,0,0,3,0.6287296234465409,-0.5750431038425579,0.5265890341390445
2025-05-07,-0.1050508851340199,0.0,1,Reliance market update,16.413758541788805,2,5,2,0,0,3,0.5229514564298271,-0.8198943192762848,0.5265890341390445
2025-05-08,0.4802971880395025,0.0,0,Reliance market update,16.59471335888254,3,5,2,0,0,3,0.5300415299130057,0.0370849347417589,0.5265890341390445
2025-05-13,0.1908339340710419,0.0,1,Reliance market update,16.2498163928437,1,5,2,0,0,3,0.5918469179532378,-1.125958338568443,0.5265890341390445
2025-05-14,-1.7898050485414407,0.0,1,Reliance market update,15.532934516333126,2,5,2,0,0,3,0.6535806890896012,0.4502713607861728,0.5265890341390445
2025-05-15,2.82100945073831,0.0,1,Reliance market update,16.820064406754554,3,5,2,0,0,3,0.8652086400268995,1.5827082321671588,0.5265890341390445
2025-05-16,-1.9740777296711232,0.0,0,Reliance market update,16.016804178836143,4,5,2,0,1,3,0.8808211250706667,0.0982977386001906,0.5265890341390445
2025-05-19,-0.9792015189406448,0.0,0,Reliance market update,15.63938090991022,0,5,2,1,0,3,0.7700297747830183,-0.8351975202408926,0.5265890341390445
2025-05-20,1.4551687279233465,0.0,1,Reliance market update,16.237704662949206,1,5,2,0,0,3,0.6550130271670114,-0.8734555226524123,0.5265890341390445
2025-05-21,-1.5439046953779842,0.0,0,Reliance market update,15.629743105266586,2,5,2,0,0,3,0.6876703353319545,0.2283749467993579,0.5265890341390445
2025-05-22,1.6360484129243538,0.0,1,Reliance market update,16.311560473640103,3,5,2,0,0,3,0.5470863530341815,-1.0800487356746191,0.5265890341390445
2025-05-23,-1.5906530274455912,0.0,1,Reliance market update,15.683441250331484,4,5,2,0,1,3,0.670625512210777,0.9246705906890182,0.5265890341390445
2025-05-26,-0.7530490668942541,0.0,0,Reliance market update,15.393033564723728,0,5,2,1,0,3,0.7274893338839467,0.4120133583746529,0.5265890341390445
2025-05-27,2.205994996397744,0.0,0,Reliance market update,16.352409778422498,1,5,2,0,0,3,0.6372520350071297,-0.6974687115594213,0.5265890341390445
2025-05-28,-1.8711276323204145,0.0,1,Reliance market update,15.59799582104866,2,5,2,0,0,3,0.5719374186772418,-0.5138302999841262,0.5265890341390445
2025-05-29,1.9668981576166185,0.0,1,Reliance market update,16.438142149313038,3,5,2,0,0,3,0.6067432339583009,0.2513297482462698,0.5265890341390445
2025-05-30,0.0214844974162193,0.0,0,Reliance market update,16.43934438151519,4,5,2,0,1,3,0.6287296234465409,0.1518589419763183,0.5265890341390445
2025-06-02,-1.364296832334004,0.0,0,Reliance market update,15.90721028515284,0,6,2,1,0,3,0.5776667709868807,-0.4067078932318708,0.5265890341390445
2025-06-03,0.8396876693731004,0.0,1,Reliance market update,16.23611217046634,1,6,2,0,0,3,0.519442228140173,-0.4602690966079984,0.5265890341390445
2025-06-04,-0.844824132175843,0.0,1,Reliance market update,15.910681245490215,2,6,2,0,0,3,0.6472067846451269,0.962928593100538,0.5265890341390445
2025-06-05,1.2889900924265212,0.0,1,Reliance market update,16.434133229165187,3,6,2,0,0,3,0.7814168624984256,1.0011865955120578,0.5265890341390445
2025-06-06,-1.3270929649782868,0.0,1,Reliance market update,15.917466976835485,4,6,2,0,1,3,0.78922310502031,0.0447365352240628,0.5265890341390445
2025-06-09,-0.0790851927898594,0.0,0,Reliance market update,15.880488757959908,0,6,2,1,0,3,0.8268935964561878,0.2666329492108777,0.5265890341390445
2025-06-10,0.0277575353771035,0.0,1,Reliance market update,15.884040534453206,1,6,2,0,0,3,0.7537011207005466,-0.55973990287795,0.5265890341390445
2025-06-11,0.1098315218781077,0.0,0,Reliance market update,15.919120306465125,2,6,2,0,0,3,0.8275381485910216,0.5344389660915163,0.5265890341390445
2025-06-12,0.2111735788591587,0.0,0,Reliance market update,15.993452073007038,3,6,2,0,0,3,0.7757591270926572,-0.3990562927495668,0.5265890341390445
2025-06-13,0.2769588321671099,0.0,1,Reliance market update,16.09352392356104,4,6,2,0,1,3,0.6784317547326615,-0.7433783144532451,0.5265890341390445
2025-06-16,-0.3614825881214443,0.0,0,Reliance market update,15.950634410691286,0,6,2,1,0,3,0.7487595543334824,0.5114841646446044,0.5265890341390445
2025-06-17,0.5358639341385916,0.0,0,Reliance market update,16.154099657592507,1,6,2,0,0,3,0.7019220992021821,-0.3684498908203509,0.5265890341390445
2025-06-18,-1.135998859000121,0.0,1,Reliance market update,15.71488839198933,2,6,2,0,0,3,0.6941158566802976,-0.0776890724928004,0.5265890341390445
2025-06-19,1.0161223109006423,0.0,1,Reliance market update,16.118818489647477,3,6,2,0,0,3,0.7168184152072435,0.1518589419763183,0.5265890341390445
2025-06-23,-3.209347148649338,0.0,0,Reliance market update,15.605448202009493,0,6,2,1,0,3,0.8836858012254853,-0.5061786995018223,0.5265890341390445
2025-06-24,2.300120405026678,0.0,1,Reliance market update,16.612959256837065,1,6,2,0,0,3,0.841073743422545,-0.3301918884088312,0.5265890341390445
2025-06-25,-1.9237387991125503,0.0,1,Reliance market update,15.83385458478138,2,6,2,0,0,3,0.9582389981546662,0.8558061863482826,0.5265890341390445
2025-06-26,1.6034867280976663,0.0,1,Reliance market update,16.50048958789587,3,6,2,0,0,3,1.1570475232991468,1.4449794234856876,0.5265890341390445
2025-06-27,-0.7167404029148621,0.0,0,Reliance market update,16.223990793677626,4,6,2,0,1,3,1.2997800127130343,1.0088381959943618,0.5265890341390445
2025-06-30,-0.7233443716227222,0.0,1,Reliance market update,15.944875906711832,0,6,2,1,0,3,1.1946463978311543,-0.766333115900157,0.5265890341390445
2025-07-01,0.5505051151972067,0.0,0,Reliance market update,16.15428523642054,1,7,3,0,0,3,1.3920225848982248,1.399069820591864,0.5265890341390445
2025-07-02,-1.2584261641578522,0.0,0,Reliance market update,15.665696627284788,2,7,3,0,0,3,1.3239149093173888,-0.4985270990195183,0.5265890341390445
2025-07-03,1.3996446589025135,0.0,1,Reliance market update,16.23883360542765,3,7,3,0,0,3,1.3167532189303397,-0.0700374720104965,0.5265890341390445
2025-07-04,-1.3733380477842687,0.0,1,Reliance market update,15.70311067233564,4,7,3,0,1,3,1.384216342376342,0.4655745617507807,0.5265890341390445
2025-07-07,0.2603113687091953,0.0,0,Reliance market update,15.796660291701148,0,7,3,1,0,3,1.4850529430259916,0.6951225762198994,0.5265890341390445
2025-07-08,-0.0107065032303329,0.0,0,Reliance market update,15.78559220824526,1,7,3,0,0,3,1.457408818131983,-0.2077662806919678,0.5265890341390445
2025-07-09,0.5586789830244384,0.0,0,Reliance market update,15.998259872366042,2,7,3,0,0,3,1.3252756304909283,-0.942319926993148,0.5265890341390445
2025-07-10,0.3388243999397133,0.0,0,Reliance market update,16.122797579546567,3,7,3,0,0,3,1.3125278216019811,-0.1082954744220163,0.5265890341390445
2025-07-11,-0.8524012671656751,0.0,0,Reliance market update,15.794439812311104,4,7,3,0,1,3,1.1563313542604428,-1.125958338568443,0.5265890341390445
2025-07-14,0.9000963225911423,0.0,1,Reliance market update,16.14880398640808,0,7,3,1,0,3,1.0746880838480832,-0.6056495057717738,0.5265890341390445
2025-07-15,-0.6131914918811351,0.0,1,Reliance market update,15.911373403960509,1,7,3,0,0,3,1.086719723698326,0.0676913366709747,0.5265890341390445
2025-07-16,0.6425306166786532,0.0,0,Reliance market update,16.158275903606302,2,7,3,0,0,3,1.088152061775736,-0.0088246681520648,0.5265890341390445
2025-07-17,0.3526050792031699,0.0,0,Reliance market update,16.28822771685033,3,7,3,0,0,3,1.0228374454458482,-0.4908754985372143,0.5265890341390445
2025-07-18,-0.356244874027644,0.0,0,Reliance market update,16.147297010684124,4,7,3,0,1,3,1.019972769291028,-0.0394310700812806,0.5265890341390445
2025-07-22,-0.2350586187702823,0.0,1,Reliance market update,16.830865099413412,1,7,3,0,0,3,0.5712212496385375,-0.8658039221701085,0.5265890341390445
2025-07-23,-2.1546190505697593,0.0,0,Reliance market update,15.93832248425824,2,7,3,0,0,3,0.6550130271670114,0.6262581718791638,0.5265890341390445
2025-07-24,1.3878922367379292,0.0,0,Reliance market update,16.506109908175013,3,7,3,0,0,3,0.500965066941587,-1.1795195419445708,0.5265890341390445
2025-07-25,-0.5615016491455286,0.0,0,Reliance market update,16.288236911540167,4,7,3,0,1,3,0.4213986867414715,-0.6286043072186857,0.5265890341390445
2025-07-28,-1.1007415690000475,0.0,1,Reliance market update,15.862992024152238,0,7,3,1,0,3,0.3923222237700529,-0.2383726826211836,0.5265890341390445
2025-07-29,0.8362628114741241,0.0,0,Reliance market update,16.190423103212563,1,7,3,0,0,3,0.6018016675912367,1.6133146340963749,0.5265890341390445
2025-07-30,-1.0353215159602431,0.0,0,Reliance market update,15.790958704606435,2,7,3,0,0,3,0.5520995363051161,-0.3914046922672628,0.5265890341390445
2025-07-31,2.010596756741472,0.0,1,Reliance market update,16.652588659509185,3,7,3,0,0,3,0.4107993849686389,-1.0953519366392273,0.5265890341390445
2025-08-01,-1.2934316964712993,0.0,1,Reliance market update,16.149707877461047,4,8,3,0,1,3,0.4356504506116991,0.1748137434232302,0.5265890341390445
2025-08-04,-1.26604679458024,0.0,0,Reliance market update,15.658093202758009,0,8,3,1,0,3,0.5619826690392445,0.962928593100538,0.5265890341390445
2025-08-05,0.9816491942204288,0.0,1,Reliance market update,16.04724101174258,1,8,3,0,0,3,0.4213986867414715,-1.0877003361569233,0.5265890341390445
2025-08-06,-1.2074398867876026,0.0,0,Reliance market update,15.579267078981951,2,8,3,0,0,3,0.4292049292633544,0.0447365352240628,0.5265890341390445
2025-08-07,1.318244250716711,0.0,0,Reliance market update,16.115763533685577,3,8,3,0,0,3,0.405070032659,-0.2001146802096638,0.5265890341390445
2025-08-08,-0.3168320858273254,0.0,1,Reliance market update,15.98953553816322,4,8,3,0,1,3,0.2517382414722799,-1.2024743433914826,0.5265890341390445
2025-08-11,0.3483923378788907,0.0,0,Reliance market update,16.117844319377184,0,8,3,1,0,3,0.3823674741320541,1.0164897964766657,0.5265890341390445
2025-08-12,0.5342525395397357,0.0,1,Reliance market update,16.320600889888816,1,8,3,0,0,3,0.3411877544065222,-0.3378434888911351,0.5265890341390445
2025-08-13,-1.2764969846122498,0.0,0,Reliance market update,15.824666696769668,2,8,3,0,0,3,0.3568002394502895,0.1059493390824945,0.5265890341390445
2025-08-14,-0.1014417431445512,-3.469446951953614e-18,1,Reliance market update,15.77927872770649,3,8,3,0,0,3,0.3333098949807689,-0.2001146802096638,0.5265890341390445
2025-08-18,1.2432044150428354,0.0,1,Reliance market update,16.28234742820783,0,8,3,1,0,3,0.3896007814229735,0.4273165593392609,0.5265890341390445
2025-08-20,-1.286165846964971,0.0,1,Reliance market update,15.981776605007658,2,8,3,0,0,3,0.6127590538834216,-0.3990562927495668,0.5265890341390445
2025-08-21,0.6099008674846538,0.0,0,Reliance market update,16.21534249966275,3,8,3,0,0,3,0.696837299027377,0.6262581718791638,0.5265890341390445
2025-08-22,-1.6148467153758257,0.0,1,Reliance market update,15.576616470926211,4,8,3,0,1,3,0.585616247316506,-0.8505007212055005,0.5265890341390445
2025-08-25,0.0894357993152098,0.0,0,Reliance market update,15.603832124370804,0,8,3,1,0,3,0.6098943777286012,0.1671621429409262,0.5265890341390445
2025-08-26,1.6931467962101248,0.0,1,Reliance market update,16.31244952817609,1,8,3,0,0,3,0.4124465737576602,-1.5161899631659448,0.5265890341390445
2025-08-28,0.2265873607784168,0.0,0,Reliance market update,16.392830316307407,3,8,3,0,0,3,0.4195366472408389,0.0370849347417589,0.5265890341390445
2025-09-01,-1.3177391804692975,0.0,1,Reliance market update,16.234298683511373,0,9,3,1,0,3,0.1914368084133282,-0.2001146802096638,0.5265890341390445
2025-09-02,0.0838601543128167,0.0,1,Reliance market update,16.259335370448028,1,9,3,0,0,3,0.2812444058669227,0.6951225762198994,0.5265890341390445
2025-09-03,-0.9949374844570232,0.0,0,Reliance market update,15.875713723128513,2,9,3,0,0,3,0.3247158665163098,0.3278457530693094,0.5265890341390445
2025-09-04,1.285264914239365,0.0,1,Reliance market update,16.397481756841383,3,9,3,0,0,3,0.2298950857917807,-0.758681515417853,0.5265890341390445
2025-09-05,-2.025345870227226,0.0,1,Reliance market update,15.569494775522736,4,9,3,0,1,3,0.3418323065413576,0.8711093873128904,0.5265890341390445
2025-09-08,0.502759460421171,0.0,0,Reliance market update,15.759521905436324,0,9,3,1,0,3,0.3668266059921588,0.1748137434232302,0.5265890341390445
2025-09-09,0.8511144761449608,0.0,1,Reliance market update,16.093234456658852,1,9,3,0,0,3,0.3504263350058151,-0.1465534768335361,0.5265890341390445
2025-09-10,-0.5797443088577913,0.0,1,Reliance market update,15.86845616204014,2,9,3,0,0,3,0.3560840704115853,0.0294333342594549,0.5265890341390445
2025-09-11,0.5912217087236155,-3.469446951953614e-18,1,Reliance market update,16.09442499848877,3,9,3,0,0,3,0.4009878691383824,0.3354973535516133,0.5265890341390445
2025-09-12,-0.7177822633487525,0.0,1,Reliance market update,15.817445724840605,4,9,3,0,1,3,0.4844215621475026,0.6339097723614678,0.5265890341390445
2025-09-15,-0.8203994104349647,0.0,1,Reliance market update,15.501297843021971,0,9,3,1,0,3,0.5150735970040722,0.2207233463170539,0.5265890341390445
2025-09-16,1.1819638069168183,-3.469446951953614e-18,1,Reliance market update,15.977333838880009,1,9,3,0,0,3,0.557828888614755,0.3125425521047015,0.5265890341390445
2025-09-17,-0.3651859450877673,-3.469446951953614e-18,1,Reliance market update,15.83299929931396,2,9,3,0,0,3,0.61841678928919,0.4426197603038688,0.5265890341390445
2025-09-18,0.5668177567568308,0.0,0,Reliance market update,16.04902881245016,3,9,3,0,0,3,0.6270108177536491,0.0447365352240628,0.5265890341390445
2025-09-19,0.9281801479985632,0.0,0,Reliance market update,16.415334957208763,4,9,3,0,1,3,0.5727968215236885,-0.4296626946787826,0.5265890341390445
2025-09-22,-1.4101004086192497,0.0,0,Reliance market update,15.864231388898238,0,9,3,1,0,3,0.4530533582522287,-0.92701672602854,0.5265890341390445
2025-09-23,1.439906638314689,0.0,0,Reliance market update,16.455617550776033,1,9,3,0,0,3,0.4473240059425898,-0.0623858715281925,0.5265890341390445
2025-09-24,-2.0926980064269514,0.0,0,Reliance market update,15.594313114431392,2,9,3,0,0,3,0.3989109789261385,-0.3914046922672628,0.5265890341390445
2025-09-25,1.580149575507527,0.0,1,Reliance market update,16.250100979739525,3,9,3,0,0,3,0.3232835284388997,-0.6056495057717738,0.5265890341390445
2025-09-26,-0.3648771376572436,0.0,0,Reliance market update,16.105932984694856,4,9,3,0,1,3,0.360381084643814,0.2742845496931816,0.5265890341390445
2025-09-29,0.9252443569915606,0.0,0,Reliance market update,16.471003508327808,0,9,3,1,0,3,0.3261482045937199,-0.2842822855150074,0.5265890341390445
2025-09-30,0.0858894568315825,0.0,1,Reliance market update,16.496852925615208,1,9,3,0,0,3,0.2634117968031705,-0.5061786995018223,0.5265890341390445
2025-10-01,-0.494138485841028,0.0,0,Reliance market update,16.30423632230804,2,10,4,0,0,3,0.2969285078145604,0.2436781477639658,0.5265890341390445
2025-10-03,0.1845704132757041,0.0,1,Reliance market update,16.368258705551746,4,10,4,0,1,3,0.2591863994748122,-0.3148886874442232,0.5265890341390445
2025-10-06,-0.0746957951757946,0.0,1,Reliance market update,16.332931266749465,0,10,4,1,0,3,0.3418323065413576,0.6339097723614678,0.5265890341390445
2025-10-07,-0.240349898117215,0.0,0,Reliance market update,16.235348857391095,1,10,4,0,0,3,0.411730404718956,0.5267873656092124,0.5265890341390445
2025-10-08,-0.7174349402312548,0.0,1,Reliance market update,15.958523199855923,2,10,4,0,0,3,0.2876899272152659,-0.9805779294046678,0.5265890341390445
2025-10-09,0.1090798215467184,0.0,1,Reliance market update,15.99328429945178,3,10,4,0,0,3,0.3618134227212242,0.5650453680207321,0.5265890341390445
2025-10-10,-0.8455450682291168,0.0,0,Reliance market update,15.66759421172514,4,10,4,0,1,3,0.3896007814229735,0.197768544870142,0.5265890341390445
2025-10-13,0.4682363892018834,-3.469446951953614e-18,1,Reliance market update,15.843748669639687,0,10,4,1,0,3,0.3418323065413576,-0.3837530917849588,0.5265890341390445
2025-10-14,0.6522100115118219,0.0,0,Reliance market update,16.09464021025511,1,10,4,0,0,3,0.3482778278897008,0.0370849347417589,0.5265890341390445
2025-10-15,0.2971155696666528,0.0,1,Reliance market update,16.202688973475865,2,10,4,0,0,3,0.3368907401742934,-0.1082954744220163,0.5265890341390445
2025-10-16,0.3368158394922036,0.0,1,Reliance market update,16.326404347933785,3,10,4,0,0,3,0.5079119066170231,1.3225538157688244,0.5265890341390445
2025-10-17,1.1249406240146729,0.0,1,Reliance market update,16.7774565490609,4,10,4,0,1,3,0.6398302435464666,0.9935349950297538,0.5265890341390445
2025-10-21,-3.9274680780726774,0.0,0,Reliance market update,14.541207209884467,1,10,4,0,0,3,0.9848804863944888,-0.1006438739397123,0.5265890341390445
2025-10-23,4.252939884625667,0.0,1,Reliance market update,16.74441320780844,3,10,4,0,0,3,0.8650654062191586,-0.8964103240993242,0.5265890341390445
2025-10-24,-1.6557268911360232,0.0,1,Reliance market update,16.087722831494634,4,10,4,0,1,3,0.8879111985538454,0.1518589419763183,0.5265890341390445
2025-10-28,0.5827946775635436,0.0,1,Reliance market update,16.685202056891555,1,10,4,0,0,3,1.139572998754747,0.1289041405294064,0.5265890341390445
2025-10-29,-1.0224432750267969,0.0,0,Reliance market update,16.290766287071406,2,10,4,0,0,3,1.2628973072197311,0.8711093873128904,0.5265890341390445
2025-10-30,-0.6286981589537505,0.0,0,Reliance market update,16.047529828747034,3,10,4,0,0,3,1.150960086470156,-0.8122427187939807,0.5265890341390445
2025-10-31,-0.1457023096260214,0.0,0,Reliance market update,15.985484292115748,4,10,4,0,1,3,1.1359921535612223,-0.1235986753866242,0.5265890341390445
2025-11-03,-0.0752439884146958,0.0,0,Reliance market update,15.949923832772802,0,11,4,1,0,3,1.1238888968071092,-0.1006438739397123,0.5265890341390445
2025-11-04,0.4504228402624514,0.0,1,Reliance market update,16.11887604637059,1,11,4,0,0,3,1.0411713728366934,-0.6133011062540777,0.5265890341390445
2025-11-06,1.2732364878941738,0.0,0,Reliance market update,16.635261870593563,3,11,4,0,0,3,1.205102465796246,1.1771734066050488,0.5265890341390445
2025-11-07,-1.8893691575203,0.0,1,Reliance market update,15.872420918227512,4,11,4,0,1,3,1.0761204219254934,-0.942319926993148,0.5265890341390445
2025-11-10,-0.250079992043079,0.0,1,Reliance market update,15.771150221415388,0,11,4,1,0,3,1.1566894387797948,0.5650453680207321,0.5265890341390445
2025-11-11,0.0402453864645567,0.0,1,Reliance market update,15.77947208188002,1,11,4,0,0,3,1.1859091355589542,0.197768544870142,0.5265890341390445
2025-11-12,1.3539341438039945,0.0,0,Reliance market update,16.331953018824642,2,11,4,0,0,3,1.3148911794297071,0.9093673897244104,0.5265890341390445
2025-11-13,-1.3902363413072856,0.0,1,Reliance market update,15.789097573094104,3,11,4,0,0,3,1.3106657821013488,-0.0470826705635846,0.5265890341390445
2025-11-14,0.1881863997314747,0.0,0,Reliance market update,15.854497745869049,4,11,4,0,1,3,1.367672837582259,0.3890585569277411,0.5265890341390445
2025-11-17,-0.6966619626619286,0.0,1,Reliance market update,15.585606559606289,0,11,4,1,0,3,1.3633758233500288,-0.0470826705635846,0.5265890341390445
2025-11-18,1.5284335494071273,0.0,0,Reliance market update,16.217492287993103,1,11,4,0,0,3,1.3712536827757835,0.0370849347417589,0.5265890341390445
2025-11-19,-1.6697206616263864,-3.469446951953614e-18,1,Reliance market update,15.554636712571549,2,11,4,0,0,3,1.367672837582259,-0.0394310700812806,0.5265890341390445
2025-11-20,2.5909224464641074,0.0,0,Reliance market update,16.71537737257501,3,11,4,0,0,3,1.582953250616952,1.5061922273441195,0.5265890341390445
2025-11-21,-1.6100849348783446,0.0,0,Reliance market update,16.078863225736452,4,11,4,0,1,3,1.5651206415532002,-0.1389018763512321,0.5265890341390445
2025-11-24,1.5694835433227567,0.0,1,Reliance market update,16.72970473964823,0,11,4,1,0,3,1.4888486389311275,-0.544436701913342,0.5265890341390445
2025-11-25,-0.5243618754414633,0.0,1,Reliance market update,16.52579047140934,1,11,4,0,0,3,1.5159198285941726,0.1748137434232302,0.5265890341390445
2025-11-26,-0.1596041579960788,0.0,0,Reliance market update,16.4584389567424,2,11,4,0,0,3,1.7312002416288672,1.4832374258972074,0.5265890341390445
2025-11-27,-0.937187490710398,0.0,1,Reliance market update,16.097346263626264,3,11,4,0,0,3,1.68486410482466,-0.3301918884088312,0.5265890341390445
2025-11-28,-0.2177943030319978,0.0,0,Reliance market update,16.008225984342445,4,11,4,0,1,3,1.7141554185076897,0.1824653439055341,0.5265890341390445
2025-12-01,0.0067712870604954,0.0,0,Reliance market update,16.003832737395964,0,12,4,1,0,3,1.704129051965822,-0.0853406729751044,0.5265890341390445
2025-12-02,0.636240762398457,0.0,0,Reliance market update,16.248171793575832,1,12,4,0,0,3,1.5629721344370855,-0.9805779294046678,0.5265890341390445
2025-12-03,-1.5854842361734456,0.0,0,Reliance market update,15.6223037851454,2,12,4,0,0,3,1.5095459241496998,-0.3914046922672628,0.5265890341390445
2025-12-04,1.6043692975853012,0.0,1,Reliance market update,16.28935044642246,3,12,4,0,0,3,1.486700131815013,-0.1771598787627519,0.5265890341390445
2025-12-05,-0.3887587836499744,0.0,1,Reliance market update,16.136256440980933,4,12,4,0,1,3,1.5223653499425174,0.2360265472816618,0.5265890341390445
2025-12-08,0.2872921773691058,0.0,0,Reliance market update,16.240445310364894,0,12,4,1,0,3,1.5394817899675652,0.1059493390824945,0.5265890341390445
2025-12-09,0.0647349354976524,0.0,1,Reliance market update,16.25820292500398,1,12,4,0,0,3,1.44251250212692,-0.6898171110771174,0.5265890341390445
2025-12-10,-0.9453303064492744,0.0,1,Reliance market update,15.893905301942524,2,12,4,0,0,3,1.4960103293181763,0.3584521549985252,0.5265890341390445
2025-12-11,-1.358142837464012,0.0,1,Reliance market update,15.364390921332513,3,12,4,0,0,3,1.5537335538377928,0.3890585569277411,0.5265890341390445
2025-12-12,0.2298915481823019,0.0,0,Reliance market update,15.446055344833582,4,12,4,0,1,3,1.6357349087695028,0.5497421670561243,0.5265890341390445
2025-12-15,0.3348052043924009,-3.469446951953614e-18,0,Reliance market update,15.568969850215584,0,12,4,1,0,3,1.6335864016533883,-0.0317794695989767,0.5265890341390445
2025-12-16,1.6936692034878231,0.0,1,Reliance market update,16.277818520120093,1,12,4,0,0,3,1.5344686066966304,-0.6974687115594213,0.5265890341390445
2025-12-17,-1.286165846964971,-3.469446951953614e-18,0,Reliance market update,15.77794766704768,2,12,4,0,0,3,1.5494365396055625,0.0906461381178866,0.5265890341390445
2025-12-19,1.781315891370001,0.0,1,Reliance market update,16.45007753530658,4,12,4,0,1,3,1.6970389784826436,1.0088381959943618,0.5265890341390445
2025-12-22,-0.8139623505986675,-3.469446951953614e-18,0,Reliance market update,16.136412174549196,0,12,4,1,0,3,1.770446304949896,0.4885293631976926,0.5265890341390445
2025-12-23,-0.791880852260181,0.0,0,Reliance market update,15.831288528959066,1,12,4,0,0,3,1.736929593938506,-0.2460242831034876,0.5265890341390445
2025-12-24,0.4298905211111757,0.0,1,Reliance market update,15.992049998707513,2,12,4,0,0,3,1.647838165523616,-0.6286043072186857,0.5265890341390445
2025-12-26,-2.903295829048403,-3.469446951953614e-18,0,Reliance market update,14.653405491930876,4,12,4,0,1,3,1.6549282390067943,0.0294333342594549,0.5265890341390445
2025-12-29,2.1859409424200624,0.0,0,Reliance market update,15.602610186981352,0,12,4,1,0,3,1.5580305680700215,-0.6821655105948133,0.5265890341390445
2025-12-30,0.9824400684639774,0.0,1,Reliance market update,15.992065765825144,1,12,4,0,0,3,1.5166359976328785,-0.3072370869619193,0.5265890341390445
2025-12-31,-1.0965005761115898,0.0,1,Reliance market update,15.568499919167971,2,12,4,0,0,3,1.7347810868223918,1.5061922273441195,0.5265890341390445
2026-01-01,0.2882080641226203,0.0,1,Reliance market update,15.673077898613847,3,1,1,0,0,3,1.7718786430273046,0.2360265472816618,0.5265890341390445
2026-01-02,0.0962574947192231,0.0,0,Reliance market update,15.702918180180314,4,1,1,0,1,3,1.89090593726006,0.7945933824898509,0.5265890341390445
2026-01-05,0.714208350405674,0.0,0,Reliance market update,15.979405144390764,0,1,1,1,0,3,1.7897112520910563,-0.6974687115594213,0.5265890341390445
2026-01-07,-2.1598888122047923,0.0,0,Reliance market update,16.23136549524851,2,1,1,0,0,3,1.2628973072197311,-0.1924630797273599,0.5265890341390445
2026-01-09,-1.7172392716945788,0.0,1,Reliance market update,15.93601150597995,4,1,1,0,1,3,1.056855474784331,0.2283749467993579,0.5265890341390445
2026-01-12,0.1838464233947198,0.0,0,Reliance market update,15.999733872862834,0,1,1,1,0,3,1.1131463612265358,0.396710157410045,0.5265890341390445
2026-01-14,-1.2468207872666817,0.0,0,Reliance market update,15.934384929722082,2,1,1,0,0,3,0.9392605186289856,0.2972393511400936,0.5265890341390445
2026-01-16,0.0057162560000681,0.0,0,Reliance market update,16.658508930918508,4,1,1,0,1,3,0.9328149972806424,-0.0623858715281925,0.5265890341390445
2026-01-20,-1.1270585571511709,0.0,1,Reliance market update,16.394931540651417,1,1,1,0,0,3,0.4772598717604535,-1.0800487356746191,0.5265890341390445
2026-01-21,0.7088902764701007,0.0,0,Reliance market update,16.66925988203179,2,1,1,0,0,3,0.5528873222476924,0.5650453680207321,0.5265890341390445
2026-01-22,-0.2432943905131308,0.0,0,Reliance market update,16.570552099973803,3,1,1,0,0,3,0.5379193893387589,-0.1312502758689282,0.5265890341390445
2026-01-23,-1.2098161610951903,0.0,0,Reliance market update,16.10174297174173,4,1,1,0,1,3,0.420968985318249,-0.9117135250639322,0.5265890341390445
2026-01-27,2.25317115433948,0.0,1,Reliance market update,17.085170633679343,1,1,1,0,0,3,0.3810783698623864,-0.3225402879265272,0.5265890341390445
2026-01-28,-2.091750525873517,0.0,0,Reliance market update,16.22440493639173,2,1,1,0,0,3,0.4965248189016158,0.8787609877951945,0.5265890341390445
2026-01-29,1.5205650939183393,0.0,1,Reliance market update,16.852705452793373,3,1,1,0,0,3,0.4559180344070473,-0.3301918884088312,0.5265890341390445
2026-01-30,-1.5665789824097658,0.0,0,Reliance market update,16.23497481157604,4,1,1,0,1,3,0.4872862383023228,0.2283749467993579,0.5265890341390445
2026-02-02,0.8540024964902468,3.469446951953614e-18,1,Reliance market update,16.569882227719503,0,2,1,1,0,3,0.4516210201748186,-0.2919338859973114,0.5265890341390445
2026-02-04,-2.5615093833671096,0.0,0,Reliance market update,15.935780654142848,2,2,1,0,0,3,0.925008754758758,1.0317929974412736,0.5265890341390445
2026-02-05,0.8772789307926677,0.0,1,Reliance market update,16.280525591496694,3,2,1,0,0,3,0.8294718049955248,-0.7204235130063332,0.5265890341390445
2026-02-06,-0.912498691905497,0.0,1,Reliance market update,15.929027990288535,4,2,1,0,1,3,0.8821818462442048,0.3737553559631332,0.5265890341390445
2026-02-09,-0.9338614773679776,0.0,0,Reliance market update,15.56919858670548,0,2,1,1,0,3,0.9591700179049818,0.5497421670561243,0.5265890341390445
2026-02-10,1.402756698741975,0.0,1,Reliance market update,16.143727432147863,1,2,1,0,0,3,0.9371120115128712,-0.1771598787627519,0.5265890341390445
2026-02-11,-0.9527483431299268,0.0,0,Reliance market update,15.776573605487496,2,2,1,0,0,3,1.0098031689414195,0.5191357651269084,0.5265890341390445
2026-02-12,1.1202628882390675,0.0,0,Reliance market update,16.225639780794452,3,2,1,0,0,3,0.868646251412683,-1.0494423337454035,0.5265890341390445
2026-02-16,-1.5281388640479383,0.0,0,Reliance market update,15.58987205639089,0,2,1,1,0,3,0.7845680062687276,0.9246705906890182,0.5265890341390445
2026-02-17,1.4562536237088968,0.0,1,Reliance market update,16.18870610678335,1,2,1,0,0,3,0.6840178732345595,-0.766333115900157,0.5265890341390445
2026-02-18,-1.67366347336435,0.0,0,Reliance market update,15.524087130392772,2,2,1,0,0,3,0.8145038720865929,0.970580193582842,0.5265890341390445
2026-02-20,-0.9698658029470216,0.0,1,Reliance market update,15.916917949212424,4,2,1,0,1,3,0.6583790216489229,0.5191357651269084,0.5265890341390445
2026-02-23,-0.1203848593512482,0.0,1,Reliance market update,15.86434558749617,0,2,1,1,0,3,0.7196830913620638,0.4502713607861728,0.5265890341390445
2026-02-24,1.1892975524990692,0.0,0,Reliance market update,16.343589238772402,1,2,1,0,0,3,0.7253408267678323,0.0294333342594549,0.5265890341390445
2026-02-26,1.1030537648895833,0.0,0,Reliance market update,16.62995228305252,3,2,1,0,0,3,0.5685714241953286,0.4349681598215648,0.5265890341390445
2026-02-27,-0.848791093201662,0.0,0,Reliance market update,16.303033864650995,4,2,1,0,1,3,0.4765437027217493,-0.7204235130063332,0.5265890341390445
2026-03-04,0.8051478336301379,0.0,1,Reliance market update,17.296597035502277,2,3,1,0,0,3,0.127984231584073,-0.7510299149355489,0.5265890341390445
2026-03-06,-0.7671187023405998,0.0,1,Reliance market update,16.776235772442675,4,3,1,0,1,3,0.5542480434212305,0.8328513849013708,0.5265890341390445
2026-03-09,0.6571254361226481,3.469446951953614e-18,0,Reliance market update,17.029205907310867,0,3,1,1,0,3,0.6911795636216086,1.0317929974412736,0.5265890341390445
2026-03-10,-0.829000583460553,0.0,0,Reliance market update,16.709833388969788,1,3,1,0,0,3,0.5828231880655561,-0.8351975202408926,0.5265890341390445
2026-03-11,0.502144754482878,0.0,1,Reliance market update,16.8996239699562,2,3,1,0,0,3,0.4501886820974085,-1.0264875322984917,0.5265890341390445
2026-03-12,-0.0936879952753129,0.0,0,Reliance market update,16.857169853185166,3,3,1,0,0,3,0.464440445967636,0.0906461381178866,0.5265890341390445
2026-03-13,-0.4951086085037266,0.0,1,Reliance market update,16.664197159571373,4,3,1,0,1,3,0.3825107079397949,-0.6515591086655975,0.5265890341390445
2026-03-16,0.7220658834682105,0.0,1,Reliance market update,16.943927747232273,0,3,1,1,0,3,0.4851377311862084,0.779290181525243,0.5265890341390445
2026-03-17,-0.4699898209960045,0.0,1,Reliance market update,16.76035708565048,1,3,1,0,0,3,0.5029703402499606,0.1212525400471024,0.5265890341390445
2026-03-18,-1.7247598014980237,0.0,0,Reliance market update,16.073027989669892,2,3,1,0,0,3,0.5778100047946215,0.5573937675384282,0.5265890341390445
2026-03-19,1.3388952278755466,0.0,1,Reliance market update,16.61877238856034,3,3,1,0,0,3,0.411730404718956,-1.2789903482145222,0.5265890341390445
2026-03-20,0.8471998799836339,0.0,0,Reliance market update,16.950783836445066,4,3,1,0,1,3,0.6227138035214204,1.6209662345786786,0.5265890341390445
2026-03-23,-0.4921992047871749,0.0,1,Reliance market update,16.75887290513885,0,3,1,1,0,3,0.5756614976785072,-0.3761014913026549,0.5265890341390445
2026-03-24,-0.0318224933825181,0.0,1,Reliance market update,16.73979484154998,1,3,1,0,0,3,0.6041650254189623,0.197768544870142,0.5265890341390445
2026-03-25,0.0767413778115834,0.0,0,Reliance market update,16.76212254286374,2,3,1,0,0,3,0.6134752229221258,0.0523881357063668,0.5265890341390445
2026-03-30,0.141643219266915,0.0,1,Reliance market update,17.009842101240515,0,3,1,1,0,3,0.1201063721583197,-0.2536758835857916,0.5265890341390445
2026-04-01,-1.3515879299397853,0.0,0,Reliance market update,16.483059546423554,2,4,2,0,0,3,0.3005093530080849,1.4220246220387758,0.5265890341390445
2026-04-02,0.9841787683976686,0.0,0,Reliance market update,16.873280666043755,3,4,2,0,0,3,0.1671586780012313,-1.0647455347100114,0.5265890341390445
2026-04-07,-0.0626703267440955,0.0,1,Reliance market update,17.16150959183665,1,4,2,0,0,3,-0.1599873388791682,-0.0241278691166727,0.5265890341390445
2026-04-09,-0.1173097093955863,0.0,1,Reliance market update,16.84687012491141,3,4,2,0,0,3,0.0210601941054323,-1.0264875322984917,0.5265890341390445
2026-04-10,-0.1613121454423924,0.0,0,Reliance market update,16.778950088463986,4,4,2,0,1,3,0.1650817877889874,1.1465670046758332,0.5265890341390445
2026-04-16,1.6309553074911602,0.0,1,Reliance market update,17.223717084743736,3,4,2,0,0,3,0.1158809748299598,-0.0623858715281925,0.5265890341390445
2026-04-17,-1.9223598336244612,0.0,0,Reliance market update,16.44517433455396,4,4,2,0,1,3,0.2705734871902196,1.2230830094988727,0.5265890341390445
2026-04-20,-0.0302112578335074,0.0,0,Reliance market update,16.426663146624076,0,4,2,1,0,3,0.2584702304361064,-0.1082954744220163,0.5265890341390445
2026-04-21,1.6652179177797797,0.0,1,Reliance market update,17.122163899595396,1,4,2,0,0,3,0.1871397941810978,-0.5750431038425579,0.5265890341390445
2026-04-22,-2.45200863028329,0.0,0,Reliance market update,16.06953063144193,2,4,2,0,0,3,0.2498762019716472,0.4808777627153885,0.5265890341390445
2026-04-23,1.3312612123998595,0.0,0,Reliance market update,16.61188172261763,3,4,2,0,0,3,0.1165971438686657,-1.0647455347100114,0.5265890341390445
2026-04-24,-0.8643408384865657,0.0,1,Reliance market update,16.278921402839547,4,4,2,0,1,3,0.0053760921577946,-0.9040619245816282,0.5265890341390445
2026-04-28,1.255577788820158,0.0,1,Reliance market update,17.52975800630315,1,4,2,0,0,3,0.4409501014981155,1.2766442128750004,0.5265890341390445
2026-04-30,0.0536871073239928,0.0,0,Reliance market update,17.24813819349296,3,4,2,0,0,3,0.7396642075419303,0.2742845496931816,0.5265890341390445
2026-05-05,-0.0361251460297787,0.0,0,Reliance market update,16.97435362083246,1,5,2,0,0,3,0.9734217817752092,0.006478532812543,0.5265890341390445
2026-05-06,-1.2962605934331402,0.0,0,Reliance market update,16.470285642516934,2,5,2,0,0,3,0.790225741674496,-1.3631579535198657,0.5265890341390445
2026-05-07,0.8465182246210232,0.0,0,Reliance market update,16.802045868812037,3,5,2,0,0,3,0.7781224849203827,-0.1082954744220163,0.5265890341390445
2026-05-08,-2.0239414116898877,0.0,0,Reliance market update,15.974583876743395,4,5,2,0,1,3,0.7709607945333338,-0.0700374720104965,0.5265890341390445
2026-05-12,1.1624940474011023,0.0,0,Reliance market update,17.00835040933675,1,5,2,0,0,3,0.2634117968031705,-1.3478547525552578,0.5265890341390445
2026-05-13,-1.4509268482004092,0.0,1,Reliance market update,16.44003348734521,2,5,2,0,0,3,0.2263858575021266,-0.3072370869619193,0.5265890341390445
2026-05-14,0.5921991603339866,0.0,0,Reliance market update,16.666393922439546,3,5,2,0,0,3,0.2477276948555328,0.1518589419763183,0.5265890341390445
2026-05-15,0.3870700078683794,0.0,0,Reliance market update,16.810051772488986,4,5,2,0,1,3,0.0666801618709338,-1.4473255588252094,0.5265890341390445
2026-05-18,-1.107304682957419,0.0,0,Reliance market update,16.38218719205505,0,5,2,1,0,3,0.0630993166774093,-0.0470826705635846,0.5265890341390445
2026-05-19,1.2566613533951017,0.0,1,Reliance market update,16.891231783900857,1,5,2,0,0,3,-0.0310052950084154,-0.7739847163824609,0.5265890341390445
2026-05-21,0.6697329554973145,0.0,1,Reliance market update,16.657545523902293,3,5,2,0,0,3,0.1607847735567586,-0.5826947043248618,0.5265890341390445
2026-05-22,-2.1321560586237154,0.0,1,Reliance market update,15.77642388015721,4,5,2,0,1,3,0.195733822645557,0.2589813487285737,0.5265890341390445
2026-05-25,-0.1173097093955863,0.0,0,Reliance market update,15.72506372945849,0,5,2,1,0,3,0.2848252510604472,0.6874709757375954,0.5265890341390445
2026-05-26,1.7022129428914656,0.0,0,Reliance market update,16.437984569883785,1,5,2,0,0,3,0.2085532484383745,-0.6133011062540777,0.5265890341390445
2026-05-27,-0.0900972238028281,0.0,0,Reliance market update,16.396873624315567,2,5,2,0,0,3,0.1671586780012313,-0.3454950893734391,0.5265890341390445
2026-06-01,-2.9637193108376203,0.0,0,Reliance market update,16.185810746437102,0,6,2,1,0,3,-0.0502702421495761,-0.0853406729751044,0.5265890341390445
2026-06-02,1.8394435700201723,0.0,0,Reliance market update,16.96408348220336,1,6,2,0,0,3,-0.0887285195280301,-0.3301918884088312,0.5265890341390445
2026-06-03,-0.3862678075299301,0.0,0,Reliance market update,16.811857342667608,2,6,2,0,0,3,-0.0986832691660274,-0.1006438739397123,0.5265890341390445
2026-06-04,0.4269089144059061,0.0,0,Reliance market update,16.97141795645078,3,6,2,0,0,3,-0.1664328602275114,-0.5673915033602539,0.5265890341390445
2026-06-05,-0.7195194235641238,0.0,0,Reliance market update,16.693878558168706,4,6,2,0,1,3,-0.2144161858207401,-0.4143594937141747,0.5265890341390445
2026-06-09,0.9111517817531924,0.0,0,Reliance market update,16.97761347114761,1,6,2,0,0,3,-0.3705410362584084,0.3431489540339174,0.5265890341390445
2026-06-10,-0.2920835761034208,0.0,1,Reliance market update,16.860642191042903,2,6,2,0,0,3,-0.4450226162837188,-0.6439075081832937,0.5265890341390445
2026-06-11,-1.2153660403460167,0.0,1,Reliance market update,16.389456783500012,3,6,2,0,0,3,-0.4149435166581126,0.2360265472816618,0.5265890341390445
2026-06-15,1.101723027373979,0.0,1,Reliance market update,16.740462041228053,0,6,2,1,0,3,-0.0998291396279558,0.8098965834544589,0.5265890341390445
2026-06-16,0.0014906775174677,0.0,1,Reliance market update,16.733995845503795,1,6,2,0,0,3,0.0562957108097124,1.2613410119103925,0.5265890341390445
2026-06-17,-1.5558702333007208,0.0,0,Reliance market update,16.121008504478382,2,6,2,0,0,3,0.0842263033192042,0.205420145352446,0.5265890341390445
2026-06-18,1.087913231020454,0.0,0,Reliance market update,16.55599890715594,3,6,2,0,0,3,0.0512825275387778,-0.2842822855150074,0.5265890341390445
2026-06-19,1.1770102931727795,0.0,1,Reliance market update,17.029857543101688,4,6,2,0,1,3,-0.0819249136603332,-1.0877003361569233,0.5265890341390445
2026-06-22,-1.651361875193684,0.0,0,Reliance market update,16.375154636518513,0,6,2,1,0,3,0.0398238229195,0.978231794065146,0.5265890341390445
2026-06-23,0.4646868901636986,0.0,1,Reliance market update,16.549890080298717,1,6,2,0,0,3,-0.0819249136603332,-0.9958811303692758,0.5265890341390445
2026-06-24,-0.8661533466956469,0.0,1,Reliance market update,16.21621261532766,2,6,2,0,0,3,-0.0525619830734329,0.2207233463170539,0.5265890341390445
2026-06-25,0.3790027204415114,0.0,0,Reliance market update,16.356668594626864,3,6,2,0,0,3,-0.0203343763317123,0.2436781477639658,0.5265890341390445
2026-06-29,0.0057162560000681,0.0,0,Reliance market update,16.437106099808048,0,6,2,1,0,3,-0.1427992819502499,-1.0111843313338835,0.5265890341390445
2026-06-30,0.3570296978822113,0.0,1,Reliance market update,16.568869568760242,1,6,2,0,0,3,-0.1936472836982973,-0.4373142951610865,0.5265890341390445
2026-07-01,-1.9824349065631304,0.0,0,Reliance market update,15.761620972679369,2,7,3,0,0,3,-0.0926674492409068,0.8175481839367628,0.5265890341390445
2026-07-02,2.1534041763963594,0.0,1,Reliance market update,16.694429481814456,3,7,3,0,0,3,-0.1248950559826273,-0.2766306850327034,0.5265890341390445
2026-07-03,-2.0085154596253387,-3.469446951953614e-18,1,Reliance market update,15.874692120278414,4,7,3,0,1,3,-0.1213142107891028,0.014130133294847,0.5265890341390445
2026-07-06,-0.0596743509720513,0.0,0,Reliance market update,15.845067023777576,0,7,3,1,0,3,0.0025830329068448,1.0011865955120578,0.5265890341390445
2026-07-07,1.5312018408704933,0.0,0,Reliance market update,16.478253372978468,1,7,3,0,0,3,-0.0898027730860865,-0.766333115900157,0.5265890341390445
2026-07-09,-0.802547920269147,0.0,1,Reliance market update,16.500084945875365,3,7,3,0,0,3,-0.2946271181556895,0.2207233463170539,0.5265890341390445
2023-01-04,-0.8672412916241702,0.0,0,Wipro market update,15.355555733261523,2,1,1,0,0,4,-1.0142609606453985,-0.1931953246730061,0.5265890341390445
2023-01-05,-0.4166238513667361,0.0,1,Wipro market update,15.191956835503566,3,1,1,0,0,4,-1.1386503053440038,-0.8822136154648462,0.5265890341390445
2023-01-06,1.0218554980728776,0.0,1,Wipro market update,15.598363985878985,4,1,1,0,1,4,-1.0640166985248407,0.5968789821016373,0.5265890341390445
2023-01-09,-0.7791237189500659,0.0,0,Wipro market update,15.298069416110197,0,1,1,1,0,4,-0.9645052227659558,0.7898041035233526,0.5265890341390445
2023-01-10,0.1992344280456456,0.0,1,Wipro market update,15.367743208402244,1,1,1,0,0,4,-0.9893830917056776,-0.0967327639621485,0.5265890341390445
2023-01-11,0.4535784481755731,0.0,1,Wipro market update,15.537955854093545,2,1,1,0,0,4,-0.9147494848865134,0.5830986162858004,0.5265890341390445
2023-01-12,-0.3679668023914204,0.0,0,Wipro market update,15.392590760867652,3,1,1,0,0,4,-0.8401158780673504,0.4774491450310515,0.5265890341390445
2023-01-13,-0.5282842054800286,0.0,1,Wipro market update,15.187199020373106,4,1,1,0,1,4,-0.9147494848865134,-0.4733960962616879,0.5265890341390445
2023-01-17,2.4021686774028295,0.0,1,Wipro market update,16.24768436894574,1,1,1,0,0,4,-0.790360140187908,0.9597619485853398,0.5265890341390445
2023-01-18,-0.134978541498104,0.0,1,Wipro market update,16.18963470483663,2,1,1,0,0,4,-0.6908486644290233,0.7530564613477878,0.5265890341390445
2023-01-19,-1.0999701446830672,0.0,0,Wipro market update,15.76470117753044,3,1,1,0,0,4,-0.6410929265495808,0.4636687792152147,0.5265890341390445
2023-01-20,0.5636458082800526,0.0,0,Wipro market update,15.979431221095911,4,1,1,0,1,4,-0.6659707954893015,-0.1840084141291149,0.5265890341390445
2023-01-23,-0.6084872115241684,0.0,1,Wipro market update,15.743780457241918,0,1,1,1,0,4,-0.6659707954893015,-0.0921393086902029,0.5265890341390445
2023-01-24,0.4438847755726635,0.0,0,Wipro market update,15.910111734521276,1,1,1,0,0,4,-0.6659707954893015,0.0181036178364914,0.5265890341390445
2023-01-25,-0.5525859123915015,0.0,1,Wipro market update,15.695586260819464,2,1,1,0,0,4,-0.7406044023084657,-0.5514848358847632,0.5265890341390445
2023-01-26,0.540288237939283,0.0,0,Wipro market update,15.90078517910955,3,1,1,0,0,4,-0.6908486644290233,0.2799305683373908,0.5265890341390445
2023-01-27,-1.933861862428111,0.0,1,Wipro market update,15.11690068414696,4,1,1,0,1,4,-0.7654822712481862,-0.4642091857177966,0.5265890341390445
2023-01-30,1.7356418759218215,0.0,0,Wipro market update,15.845630675631154,0,1,1,1,0,4,-0.7157265333687439,0.2799305683373908,0.5265890341390445
2023-01-31,-0.5420529788027368,0.0,1,Wipro market update,15.63498262787019,1,1,1,0,0,4,-0.7654822712481862,-0.3723400802788846,0.5265890341390445
2023-02-01,-0.1807566624911318,0.0,1,Wipro market update,15.559759219297549,2,2,1,0,0,4,-0.7406044023084657,0.2799305683373908,0.5265890341390445
2023-02-03,-1.1809962836571897,0.0,0,Wipro market update,15.29861420194453,4,2,1,0,1,4,-0.6659707954893015,-0.9005874365526287,0.5265890341390445
2023-02-06,-0.324120294367253,0.0,0,Wipro market update,15.169643490446852,0,2,1,1,0,4,-0.8152380091276287,-1.199162029229093,0.5265890341390445
2023-02-08,-0.5351606919780444,0.0,0,Wipro market update,14.859033232526253,2,2,1,0,0,4,-0.7654822712481862,0.3763931290482484,0.5265890341390445
2023-02-09,-0.9713579671210312,0.0,1,Wipro market update,14.484570455185125,3,2,1,0,0,4,-0.7654822712481862,-0.0921393086902029,0.5265890341390445
2023-02-10,0.8869737889915269,0.0,0,Wipro market update,14.83341917056736,4,2,1,0,1,4,-0.7654822712481862,0.0915989021876211,0.5265890341390445
2023-02-13,0.3145839072798318,0.0,0,Wipro market update,14.948395762677114,0,2,1,1,0,4,-0.790360140187908,-0.1886018694010606,0.5265890341390445
2023-02-15,-0.0623977936271465,0.0,0,Wipro market update,14.86961385515128,2,2,1,0,0,4,-0.7157265333687439,0.564724795198018,0.5265890341390445
2023-02-16,0.4005132044170711,0.0,0,Wipro market update,15.018663326152463,3,2,1,0,0,4,-0.7406044023084657,-0.1840084141291149,0.5265890341390445
2023-02-17,0.9012545236674456,0.0,0,Wipro market update,15.373529062795727,4,2,1,0,1,4,-0.8152380091276287,-0.6525408518675664,0.5265890341390445
2023-02-21,-0.0277967143503762,0.0,0,Wipro market update,15.355941527383848,1,2,1,0,0,4,-0.8898716159467929,-0.5698586569725455,0.5265890341390445
2023-02-22,-0.0393578880958234,0.0,1,Wipro market update,15.333973101710011,2,2,1,0,0,4,-0.9396273538262352,-0.3861204460947214,0.5265890341390445
2023-02-23,-1.5370806457015664,0.0,0,Wipro market update,14.72907798500772,3,2,1,0,0,4,-0.9147494848865134,0.1926549181704243,0.5265890341390445
2023-02-24,0.3012130849366896,0.0,0,Wipro market update,14.838752899035333,4,2,1,0,1,4,-0.9893830917056776,-0.6755081282272943,0.5265890341390445
2023-02-27,0.8904713057939435,0.0,0,Wipro market update,15.18902383793524,0,2,1,1,0,4,-1.039138829585119,-0.2942513406558094,0.5265890341390445
2023-03-01,-1.2117974187464116,0.0,1,Wipro market update,14.914323159901674,2,3,1,0,0,4,-1.0142609606453985,0.0961923574595667,0.5265890341390445
2023-03-02,0.7131093058076873,0.0,1,Wipro market update,15.19033969385772,3,3,1,0,0,4,-0.9645052227659558,0.587692071557746,0.5265890341390445
2023-03-03,-1.8697620104995605,0.0,1,Wipro market update,14.43651759814966,4,3,1,0,1,4,-0.8649937470070711,0.6795611769966581,0.5265890341390445
2023-03-06,0.5144013948639936,0.0,0,Wipro market update,14.631229733233605,0,3,1,1,0,4,-0.8152380091276287,0.4774491450310515,0.5265890341390445
2023-03-07,0.5078743233731816,0.0,1,Wipro market update,14.823322847322611,1,3,1,0,0,4,-0.9147494848865134,-0.7581903231223152,0.5265890341390445
2023-03-08,-0.3522464496102535,0.0,0,Wipro market update,14.6838711757199,2,3,1,0,0,4,-0.8649937470070711,0.3855800395921395,0.5265890341390445
2023-03-09,0.5215148754088134,0.0,0,Wipro market update,14.881531126408,3,3,1,0,0,4,-0.9645052227659558,-0.8592463391051184,0.5265890341390445
2023-03-10,-0.0887177077540854,0.0,0,Wipro market update,14.84090714295539,4,3,1,0,1,4,-1.0142609606453985,-0.390713901366667,0.5265890341390445
2023-03-13,1.2451137563675625,0.0,0,Wipro market update,15.34482264260379,0,3,1,1,0,4,-1.039138829585119,-0.1977887799449517,0.5265890341390445
2023-03-14,-0.757966812545546,0.0,0,Wipro market update,15.052550856236426,1,3,1,0,0,4,-1.039138829585119,-0.0967327639621485,0.5265890341390445
2023-03-15,0.4642688696225323,0.0,1,Wipro market update,15.227131720778011,2,3,1,0,0,4,-1.188406043223446,-1.185381663413256,0.5265890341390445
2023-03-16,-0.1687278573701096,0.0,0,Wipro market update,15.156336992666413,3,3,1,0,0,4,-1.1137724364042831,0.7071219086283317,0.5265890341390445
2023-03-17,-0.1145177448465109,0.0,0,Wipro market update,15.1060098967627,4,3,1,0,1,4,-1.1635281742837251,-0.3999008119105582,0.5265890341390445
2023-03-20,0.0241006330516898,0.0,0,Wipro market update,15.108208544875724,0,3,1,1,0,4,-1.2132839121631678,-0.5009568278933615,0.5265890341390445
2023-03-21,-0.6148733037013759,0.0,0,Wipro market update,14.870171307413834,1,3,1,0,0,4,-1.2879175189823309,-0.5101437384372527,0.5265890341390445
2023-03-22,1.306049481369138,0.0,1,Wipro market update,15.401188627642927,2,3,1,0,0,4,-1.3874289947412155,-0.9235547129123568,0.5265890341390445
2023-03-23,-0.6303882647803467,0.0,0,Wipro market update,15.157330690351875,3,3,1,0,0,4,-1.3376732568617733,0.4177342264957588,0.5265890341390445
2023-03-24,-0.8161067213971942,0.0,1,Wipro market update,14.84284200258841,4,3,1,0,1,4,-1.3376732568617733,-0.1059196745060397,0.5265890341390445
2023-03-27,0.3857640808870343,0.0,0,Wipro market update,14.98594757130214,0,3,1,1,0,4,-1.3127953879220526,0.2064352839862611,0.5265890341390445
2023-03-28,1.4414876828957517,0.0,1,Wipro market update,15.578081661330756,1,3,1,0,0,4,-1.4123068636809375,-0.8316856074734448,0.5265890341390445
2023-03-29,-2.68378622400105,-3.469446951953614e-18,1,Wipro market update,14.386377668850823,2,3,1,0,0,4,-1.362551125801495,0.4223276817677044,0.5265890341390445
2023-03-30,2.031278047862991,0.0,1,Wipro market update,15.25823274666651,3,3,1,0,0,4,-1.362551125801495,0.1053792680034579,0.5265890341390445
2023-03-31,-0.9829422667908996,0.0,1,Wipro market update,14.879324686226648,4,3,1,0,1,4,-1.2630396500426102,0.9413881274975576,0.5265890341390445
2023-04-03,-0.1153549716410444,0.0,0,Wipro market update,14.82871055406186,0,4,2,1,0,4,-1.2381617811028884,0.1007858127315123,0.5265890341390445
2023-04-10,0.5572859363561561,0.0,1,Wipro market update,14.767554845495544,0,4,2,1,0,4,-1.2132839121631678,0.3074912999690644,0.5265890341390445
2023-04-11,-0.2554033706696059,0.0,0,Wipro market update,14.664293457991215,1,4,2,0,0,4,-1.1635281742837251,0.3028978446971188,0.5265890341390445
2023-04-12,1.7700923581162136,0.0,0,Wipro market update,15.409388235416724,2,4,2,0,0,4,-1.2381617811028884,-0.6066062991481103,0.5265890341390445
2023-04-14,-1.613980593380316,0.0,1,Wipro market update,15.406336537943655,4,4,2,0,1,4,-1.4371847326206582,-0.3172186170155374,0.5265890341390445
2023-04-17,1.0739950925871329,0.0,1,Wipro market update,15.835281842589216,0,4,2,1,0,4,-1.4123068636809375,0.2110287392582067,0.5265890341390445
2023-04-18,-0.8712332467970677,0.0,0,Wipro market update,15.499647881903073,1,4,2,0,0,4,-1.3127953879220526,0.8449255667866998,0.5265890341390445
2023-04-19,-0.5947510006378477,0.0,1,Wipro market update,15.26927686788769,2,4,2,0,0,4,-1.4371847326206582,-1.0383910947109969,0.5265890341390445
2023-04-20,0.3783471406012182,0.0,0,Wipro market update,15.409510109820832,3,4,2,0,0,4,-1.3376732568617733,0.9551684933133942,0.5265890341390445
2023-04-21,-0.3210810764739641,0.0,1,Wipro market update,15.281678612475591,4,4,2,0,1,4,-1.3376732568617733,-0.1059196745060397,0.5265890341390445
2023-04-25,-2.2278568471459734,0.0,1,Wipro market update,14.74127665642878,1,4,2,0,0,4,-1.2879175189823309,-1.0062369078073776,0.5265890341390445
2023-04-26,0.8245701820837741,-3.469446951953614e-18,1,Wipro market update,15.063806707920287,2,4,2,0,0,4,-1.2381617811028884,0.4085473159518676,0.5265890341390445
2023-04-28,0.7393085984164364,0.0,1,Wipro market update,15.399794956609362,4,4,2,0,1,4,-0.9893830917056776,0.0961923574595667,0.5265890341390445
2023-05-01,0.1522170263490325,0.0,0,Wipro market update,15.45127896044705,0,5,2,1,0,4,-0.9645052227659558,0.3901734948640852,0.5265890341390445
2023-05-02,-0.7660614585176617,0.0,0,Wipro market update,15.155918298050649,1,5,2,0,0,4,-0.9645052227659558,-0.0967327639621485,0.5265890341390445
2023-05-03,0.2900385531554231,0.0,0,Wipro market update,15.26115838037711,2,5,2,0,0,4,-1.039138829585119,-0.68010158349924,0.5265890341390445
2023-05-04,0.8237074801128915,0.0,0,Wipro market update,15.583284835154355,3,5,2,0,0,4,-1.0640166985248407,-0.1977887799449517,0.5265890341390445
2023-05-05,-1.5503110923898191,-3.469446951953614e-18,0,Wipro market update,14.97264360983066,4,5,2,0,1,4,-1.0888945674645614,-0.1013262192340941,0.5265890341390445
2023-05-08,-1.5584381615844949,-3.469446951953614e-18,1,Wipro market update,14.358416656251032,0,5,2,1,0,4,-1.0888945674645614,-0.1013262192340941,0.5265890341390445
2023-05-09,1.246340083369767,0.0,1,Wipro market update,14.86290007607376,1,5,2,0,0,4,-1.0640166985248407,0.2983043894251731,0.5265890341390445
2023-05-10,0.4552593206710244,0.0,0,Wipro market update,15.033859823952676,2,5,2,0,0,4,-1.039138829585119,0.1007858127315123,0.5265890341390445
2023-05-12,-0.4709519152086884,-3.469446951953614e-18,1,Wipro market update,14.515236550605856,4,5,2,0,1,4,-1.0640166985248407,-0.1977887799449517,0.5265890341390445
2023-05-15,1.0626908395870454,0.0,0,Wipro market update,14.939270965220242,0,5,2,1,0,4,-0.9893830917056776,0.6933415428124949,0.5265890341390445
2023-05-16,-0.9242697472389536,0.0,0,Wipro market update,14.5832089338686,1,5,2,0,0,4,-1.039138829585119,-0.4871764620775247,0.5265890341390445
2023-05-17,1.036645657277356,0.0,0,Wipro market update,14.995948886300672,2,5,2,0,0,4,-1.0640166985248407,-0.0967327639621485,0.5265890341390445
2023-05-18,-0.7954328914288977,0.0,1,Wipro market update,14.689478586484425,3,5,2,0,0,4,-1.0640166985248407,-0.1013262192340941,0.5265890341390445
2023-05-19,0.7638953212299748,0.0,1,Wipro market update,14.986629847438923,4,5,2,0,1,4,-1.039138829585119,0.1972483734423699,0.5265890341390445
2023-05-22,-0.921323451464454,-3.469446951953614e-18,0,Wipro market update,14.631671956545006,0,5,2,1,0,4,-0.9147494848865134,1.1848412569106743,0.5265890341390445
2023-05-23,0.8671951991311023,0.0,1,Wipro market update,14.97214046532418,1,5,2,0,0,4,-0.9893830917056776,-0.6709146729553487,0.5265890341390445
2023-05-24,0.822671702018558,0.0,0,Wipro market update,15.29388283529362,2,5,2,0,0,4,-0.9645052227659558,0.2937109341532276,0.5265890341390445
2023-05-25,-1.1719573101713645,0.0,1,Wipro market update,14.840261356919882,3,5,2,0,0,4,-0.9645052227659558,-0.0967327639621485,0.5265890341390445
2023-05-26,0.0306261732027708,0.0,0,Wipro market update,14.844916023688024,4,5,2,0,1,4,-0.8152380091276287,1.2629299965337497,0.5265890341390445
2023-05-30,-0.1201051275497994,0.0,1,Wipro market update,14.792482757097956,1,5,2,0,0,4,-0.8649937470070711,-0.3769335355508302,0.5265890341390445
2023-05-31,1.344437691311114,0.0,1,Wipro market update,15.340697135531263,2,5,2,0,0,4,-0.790360140187908,0.5693182504699636,0.5265890341390445
2023-06-01,-1.1817832152418848,0.0,1,Wipro market update,14.88304523491677,3,6,2,0,0,4,-0.7157265333687439,0.4682622344871604,0.5265890341390445
2023-06-02,1.9460579436881964,0.0,0,Wipro market update,15.712980631561951,4,6,2,0,1,4,-0.6908486644290233,0.1880614628984787,0.5265890341390445
2023-06-05,-1.5417711331708135,0.0,0,Wipro market update,15.1060098967627,0,6,2,1,0,4,-0.8649937470070711,-1.208348939772984,0.5265890341390445
2023-06-07,1.210977139221166,0.0,0,Wipro market update,14.961006750597342,2,6,2,0,0,4,-0.8152380091276287,0.2845240236093363,0.5265890341390445
2023-06-08,-0.0651246702429187,0.0,0,Wipro market update,14.9293401407366,3,6,2,0,0,4,-0.9396273538262352,-0.8546528838331726,0.5265890341390445
2023-06-13,-0.6894222642862735,0.0,0,Wipro market update,15.294657763930706,1,6,2,0,0,4,-0.9645052227659558,-0.2896578853838638,0.5265890341390445
2023-06-14,0.6803922519409245,0.0,0,Wipro market update,15.55720422474224,2,6,2,0,0,4,-0.9893830917056776,-0.1931953246730061,0.5265890341390445
2023-06-15,0.3365925381135461,0.0,0,Wipro market update,15.680830385147049,3,6,2,0,0,4,-0.9893830917056776,-0.0967327639621485,0.5265890341390445
2023-06-16,0.0329702096132253,0.0,0,Wipro market update,15.686420182813611,4,6,2,0,1,4,-1.039138829585119,-0.2942513406558094,0.5265890341390445
2023-06-20,-0.0708622930967363,0.0,0,Wipro market update,15.65256217567042,1,6,2,0,0,4,-1.0888945674645614,-0.3953073566386126,0.5265890341390445
2023-06-21,-1.593239483175786,0.0,1,Wipro market update,15.023395997938673,2,6,2,0,0,4,-1.0888945674645614,-0.1013262192340941,0.5265890341390445
2023-06-22,0.4807117255404948,0.0,0,Wipro market update,15.204551394066543,3,6,2,0,0,4,-1.0888945674645614,0.1007858127315123,0.5265890341390445
2023-06-23,-1.5336722742652142,-3.469446951953614e-18,1,Wipro market update,14.601146213789333,4,6,2,0,1,4,-1.1635281742837251,-0.5974193886042191,0.5265890341390445
2023-06-26,1.0142589489720952,0.0,1,Wipro market update,15.004268501083136,0,6,2,1,0,4,-1.0888945674645614,0.6014724373735829,0.5265890341390445
2023-06-27,-1.13405363843451,0.0,1,Wipro market update,14.565699951168629,1,6,2,0,0,4,-1.0640166985248407,0.1972483734423699,0.5265890341390445
2023-06-28,0.3768165909312789,0.0,1,Wipro market update,14.70529344070264,2,6,2,0,0,4,-1.039138829585119,0.1972483734423699,0.5265890341390445
2023-06-29,0.8834695388637867,0.0,1,Wipro market update,15.05260890294721,3,6,2,0,0,4,-0.9893830917056776,0.2937109341532276,0.5265890341390445
2023-06-30,0.6235975104863983,0.0,1,Wipro market update,15.291782953690236,4,6,2,0,1,4,-0.9893830917056776,0.1972483734423699,0.5265890341390445
2023-07-03,-1.257624780538409,-3.469446951953614e-18,0,Wipro market update,14.80356402836607,0,7,3,1,0,4,-0.8898716159467929,0.6795611769966581,0.5265890341390445
2023-07-05,0.5007096702682999,0.0,0,Wipro market update,14.992749475215954,2,7,3,0,0,4,-0.9147494848865134,-0.1931953246730061,0.5265890341390445
2023-07-06,1.0028815540380862,0.0,0,Wipro market update,15.391019539037528,3,7,3,0,0,4,-0.9396273538262352,-0.0967327639621485,0.5265890341390445
2023-07-07,-0.8401416176974675,0.0,0,Wipro market update,15.06735910850695,4,7,3,0,1,4,-0.9396273538262352,-0.0967327639621485,0.5265890341390445
2023-07-10,0.4663580614458175,0.0,1,Wipro market update,15.242707150385364,0,7,3,1,0,4,-1.0142609606453985,-0.6755081282272943,0.5265890341390445
2023-07-11,-0.9209553300815304,-3.469446951953614e-18,1,Wipro market update,14.887916096647658,1,7,3,0,0,4,-0.9893830917056776,0.1972483734423699,0.5265890341390445
2023-07-12,-1.4639170684041785,0.0,1,Wipro market update,14.314223721158315,2,7,3,0,0,4,-0.9645052227659558,0.3901734948640852,0.5265890341390445
2023-07-13,2.964665004419313,0.0,1,Wipro market update,15.682748642918174,3,7,3,0,0,4,-0.8898716159467929,0.5830986162858004,0.5265890341390445
2023-07-14,0.1857764755520928,0.0,1,Wipro market update,15.747234992435212,4,7,3,0,1,4,-0.7406044023084657,1.1480936147351095,0.5265890341390445
2023-07-17,-1.1196879529794843,0.0,1,Wipro market update,15.314508632351108,0,7,3,1,0,4,-0.5913371886701385,1.2124019885423478,0.5265890341390445
2023-07-18,-0.537456364916504,0.0,1,Wipro market update,15.105679682211052,1,7,3,0,0,4,-0.5415814507906961,0.3626127632324116,0.5265890341390445
2023-07-19,0.82973789029933,0.0,0,Wipro market update,15.430373925961304,2,7,3,0,0,4,-0.5167035818509743,0.1788745523545875,0.5265890341390445
2023-07-21,-1.400985234124826,0.0,0,Wipro market update,15.532079597598011,4,7,3,0,1,4,-0.6908486644290233,0.3717996737763027,0.5265890341390445
2023-07-24,-3.038316110134606,0.0,1,Wipro market update,14.093446036307148,0,7,3,1,0,4,-0.7654822712481862,-0.4642091857177966,0.5265890341390445
2023-07-25,1.1293147743401566,0.0,0,Wipro market update,14.546435584321785,1,7,3,0,0,4,-0.7406044023084657,0.0915989021876211,0.5265890341390445
2023-07-27,0.4226414532847397,0.0,0,Wipro market update,15.209376432694784,3,7,3,0,0,4,-0.790360140187908,-0.3723400802788846,0.5265890341390445
2023-07-28,-1.9310991678877312,0.0,1,Wipro market update,14.426797254696236,4,7,3,0,1,4,-0.8401158780673504,-0.2850644301119182,0.5265890341390445
2023-07-31,0.5572859363561561,0.0,1,Wipro market update,14.638896654390878,0,7,3,1,0,4,-0.7654822712481862,0.472855689759106,0.5265890341390445
2023-08-01,-0.083483396830432,-3.469446951953614e-18,0,Wipro market update,14.600234138257331,1,8,3,0,0,4,-0.7157265333687439,0.3763931290482484,0.5265890341390445
2023-08-02,0.5715657394296559,0.0,0,Wipro market update,14.81819951222052,2,8,3,0,0,4,-0.8152380091276287,-0.7444099573064782,0.5265890341390445
2023-08-03,-1.1007415690000475,0.0,1,Wipro market update,14.392910691335985,3,8,3,0,0,4,-0.8649937470070711,-0.3769335355508302,0.5265890341390445
2023-08-04,0.9945757919366636,0.0,1,Wipro market update,14.787576903606444,4,8,3,0,1,4,-0.7654822712481862,0.8587059326025367,0.5265890341390445
2023-08-07,-1.177063867282325,0.0,1,Wipro market update,14.331921156682698,0,8,3,1,0,4,-0.7157265333687439,0.3763931290482484,0.5265890341390445
2023-08-08,1.4729213061502282,0.0,1,Wipro market update,14.938360396347756,1,8,3,0,0,4,-0.6659707954893015,0.3717996737763027,0.5265890341390445
2023-08-09,-1.345451470359727,0.0,1,Wipro market update,14.41412780424917,2,8,3,0,0,4,-0.6410929265495808,0.1834680076265331,0.5265890341390445
2023-08-10,0.9492428199109632,0.0,0,Wipro market update,14.789391099502708,3,8,3,0,0,4,-0.6162150576098591,0.1834680076265331,0.5265890341390445
2023-08-11,0.798161241393887,0.0,1,Wipro market update,15.100823965793982,4,8,3,0,1,4,-0.6908486644290233,-0.4596157304458511,0.5265890341390445
2023-08-14,-1.54262444385991,0.0,0,Wipro market update,14.493443080383363,0,8,3,1,0,4,-0.6659707954893015,0.0915989021876211,0.5265890341390445
2023-08-16,1.674122481331213,0.0,0,Wipro market update,15.29861420194453,2,8,3,0,0,4,-0.6410929265495808,0.1834680076265331,0.5265890341390445
2023-08-17,-0.933492104462434,-3.469446951953614e-18,0,Wipro market update,14.938945857224631,3,8,3,0,0,4,-0.6659707954893015,-0.1840084141291149,0.5265890341390445
2023-08-18,0.0120382642384221,0.0,1,Wipro market update,14.936536767414472,4,8,3,0,1,4,-0.7157265333687439,-0.367746625006939,0.5265890341390445
2023-08-21,-2.662992050396511,0.0,1,Wipro market update,13.75788250444911,0,8,3,1,0,4,-0.6659707954893015,0.3717996737763027,0.5265890341390445
2023-08-22,2.634130447277621,0.0,1,Wipro market update,14.941997707568436,1,8,3,0,0,4,-0.6659707954893015,0.0915989021876211,0.5265890341390445
2023-08-23,-0.2447679476646934,0.0,0,Wipro market update,14.842770407840426,2,8,3,0,0,4,-0.5415814507906961,0.9184208511378296,0.5265890341390445
2023-08-24,0.4457852164233566,0.0,1,Wipro market update,15.009918060303914,3,8,3,0,0,4,-0.6908486644290233,-1.2634704030363313,0.5265890341390445
2023-08-25,-0.7558583336303136,0.0,0,Wipro market update,14.71851380086204,4,8,3,0,1,4,-0.6659707954893015,0.2799305683373908,0.5265890341390445
2023-08-28,-0.6084872115241684,-3.469446951953614e-18,1,Wipro market update,14.482930102982344,0,8,3,1,0,4,-0.6908486644290233,-0.0921393086902029,0.5265890341390445
2023-08-29,-0.6324175825365478,0.0,0,Wipro market update,14.238292199059575,1,8,3,0,0,4,-0.6659707954893015,0.1834680076265331,0.5265890341390445
2023-08-30,2.593186756553813,0.0,0,Wipro market update,15.400246062760033,2,8,3,0,0,4,-0.7157265333687439,-0.4596157304458511,0.5265890341390445
2023-08-31,0.8633149422045319,0.0,1,Wipro market update,15.739058380773193,3,8,3,0,0,4,-0.7654822712481862,-0.4642091857177966,0.5265890341390445
2023-09-05,1.6838199215536822,0.0,0,Wipro market update,15.25145209686488,1,9,3,0,0,4,-0.4171921060920895,1.2767103623495863,0.5265890341390445
2023-09-06,-1.1476897513261823,-3.469446951953614e-18,1,Wipro market update,14.807576813711767,2,9,3,0,0,4,-0.4918257129112536,-0.5331110147969806,0.5265890341390445
2023-09-07,-0.0752439884146958,-3.469446951953614e-18,1,Wipro market update,14.772021887555873,3,9,3,0,0,4,-0.4420699750318113,0.3580193079604659,0.5265890341390445
2023-09-08,-1.0938041050847391,0.0,1,Wipro market update,14.349545353102172,4,9,3,0,1,4,-0.4171921060920895,0.2661502025215539,0.5265890341390445
2023-09-11,0.956958160692386,0.0,0,Wipro market update,14.72811490345779,0,9,3,1,0,4,-0.3425584992729265,0.5325706082943988,0.5265890341390445
2023-09-12,1.1894382855358383,0.0,1,Wipro market update,15.207439266296662,1,9,3,0,0,4,-0.3923142371523689,-0.3493728039191566,0.5265890341390445
2023-09-13,-1.192815952829906,-3.469446951953614e-18,1,Wipro market update,14.745467875172872,2,9,3,0,0,4,-0.3674363682126482,0.2661502025215539,0.5265890341390445
2023-09-14,-0.6232958810437097,0.0,0,Wipro market update,14.504248532245116,3,9,3,0,0,4,-0.2928027613934841,0.4361080475835412,0.5265890341390445
2023-09-15,2.5419247507998763,0.0,0,Wipro market update,15.638671951846206,4,9,3,0,1,4,-0.3923142371523689,-0.6066062991481103,0.5265890341390445
2023-09-19,0.1012956581254272,0.0,0,Wipro market update,14.45462437779178,1,9,3,0,0,4,-0.3923142371523689,-0.1748215035852237,0.5265890341390445
2023-09-20,0.1110837278520328,0.0,0,Wipro market update,14.490188731560997,2,9,3,0,0,4,-0.4171921060920895,-0.1748215035852237,0.5265890341390445
2023-09-21,0.3490581149305122,0.0,0,Wipro market update,14.618767409072296,3,9,3,0,0,4,-0.5415814507906961,-0.886807070736792,0.5265890341390445
2023-09-22,-0.2741245330686035,-3.469446951953614e-18,0,Wipro market update,14.508458218621447,4,9,3,0,1,4,-0.6162150576098591,-0.5422979253408718,0.5265890341390445
2023-09-25,0.0288011484536882,-3.469446951953614e-18,0,Wipro market update,14.512451034869985,0,9,3,1,0,4,-0.6908486644290233,-0.5514848358847632,0.5265890341390445
2023-09-26,-1.186114010583132,0.0,1,Wipro market update,14.053109918766918,1,9,3,0,0,4,-0.790360140187908,-0.7398165020345326,0.5265890341390445
2023-09-27,2.8296611716728295,0.0,0,Wipro market update,15.34508263041616,2,9,3,0,0,4,-0.6908486644290233,0.6565939006369301,0.5265890341390445
2023-09-28,-0.2818912769434079,0.0,0,Wipro market update,15.23194631857326,3,9,3,0,0,4,-0.8152380091276287,-0.9281481681843022,0.5265890341390445
2023-09-29,0.2128393188740482,0.0,0,Wipro market update,15.306930632178029,4,9,3,0,1,4,-0.8401158780673504,-0.0967327639621485,0.5265890341390445
2023-10-03,-1.1011273369469632,0.0,1,Wipro market update,14.207553321415745,1,10,4,0,0,4,-0.8649937470070711,-0.1886018694010606,0.5265890341390445
2023-10-04,0.8854727933345383,0.0,0,Wipro market update,14.55573262291824,2,10,4,0,0,4,-0.790360140187908,0.5693182504699636,0.5265890341390445
2023-10-06,0.7610406691479156,0.0,0,Wipro market update,14.224437002064738,4,10,4,0,1,4,-0.7157265333687439,0.564724795198018,0.5265890341390445
2023-10-09,-0.3856454175525895,0.0,1,Wipro market update,14.0724764311489,0,10,4,1,0,4,-0.790360140187908,-0.5560782911567087,0.5265890341390445
2023-10-10,1.050401065844756,0.0,1,Wipro market update,14.491206853712614,1,10,4,0,0,4,-0.7654822712481862,0.1880614628984787,0.5265890341390445
2023-10-11,1.723993997400897,0.0,0,Wipro market update,15.214375823134992,2,10,4,0,0,4,-0.6162150576098591,1.1251263383753816,0.5265890341390445
2023-10-16,-0.4815561326280494,0.0,0,Wipro market update,15.002988364750596,0,10,4,1,0,4,-0.7406044023084657,0.472855689759106,0.5265890341390445
2023-10-17,-0.5960884545678713,0.0,0,Wipro market update,14.77209873080452,1,10,4,0,0,4,-0.790360140187908,-0.2804709748399726,0.5265890341390445
2023-10-19,-1.3124610666107417,0.0,0,Wipro market update,15.14120556257356,3,10,4,0,0,4,-1.039138829585119,-0.4871764620775247,0.5265890341390445
2023-10-20,-0.3769468231594217,0.0,0,Wipro market update,14.99244129940168,4,10,4,0,1,4,-1.1137724364042831,-0.588232478060328,0.5265890341390445
2023-10-23,0.3301056330548408,0.0,1,Wipro market update,15.11346566085034,0,10,4,1,0,4,-1.188406043223446,-0.6984754045870223,0.5265890341390445
2023-10-24,1.6620259704944993,0.0,0,Wipro market update,15.807486210288474,1,10,4,0,0,4,-1.188406043223446,0.1007858127315123,0.5265890341390445
2023-10-25,-1.963880475249068,0.0,0,Wipro market update,15.009251494809323,2,10,4,0,0,4,-1.188406043223446,-0.1013262192340941,0.5265890341390445
2023-10-26,0.8762730634827627,0.0,1,Wipro market update,15.35358156884502,3,10,4,0,0,4,-1.2630396500426102,-0.6066062991481103,0.5265890341390445
2023-10-27,-1.5018371619608066,-3.469446951953614e-18,1,Wipro market update,14.763687866147402,4,10,4,0,1,4,-1.2381617811028884,0.3074912999690644,0.5265890341390445
2023-10-30,-1.1574577988402523,0.0,1,Wipro market update,14.315801486169294,0,10,4,1,0,4,-1.188406043223446,0.3074912999690644,0.5265890341390445
2023-10-31,1.5262387318082424,0.0,0,Wipro market update,14.946719424978411,1,10,4,0,0,4,-1.188406043223446,0.1007858127315123,0.5265890341390445
2023-11-01,0.8056707598900004,0.0,1,Wipro market update,15.261346837341518,2,11,4,0,0,4,-1.188406043223446,-0.1013262192340941,0.5265890341390445
2023-11-02,-0.638174372168654,-3.469446951953614e-18,1,Wipro market update,15.014511322159024,3,11,4,0,0,4,-1.1137724364042831,0.6060658926455285,0.5265890341390445
2023-11-03,-0.7565610143178224,0.0,0,Wipro market update,14.72288203124752,4,11,4,0,1,4,-1.0888945674645614,0.1972483734423699,0.5265890341390445
2023-11-06,-0.6578937358503951,0.0,0,Wipro market update,14.468669250707388,0,11,4,1,0,4,-1.1137724364042831,-0.1977887799449517,0.5265890341390445
2023-11-07,1.533159945109822,0.0,0,Wipro market update,15.102758041512482,1,11,4,0,0,4,-1.1386503053440038,-0.1977887799449517,0.5265890341390445
2023-11-08,-1.490850886414952,-3.469446951953614e-18,0,Wipro market update,14.517518862545549,2,11,4,0,0,4,-1.1635281742837251,-0.1013262192340941,0.5265890341390445
2023-11-09,2.0135069814782396,0.0,1,Wipro market update,15.380578731736216,3,11,4,0,0,4,-1.2381617811028884,-0.6020128438761647,0.5265890341390445
2023-11-10,-1.870217179139234,0.0,0,Wipro market update,14.626618980523132,4,11,4,0,1,4,-1.188406043223446,0.4085473159518676,0.5265890341390445
2023-11-13,0.1922765531359254,0.0,1,Wipro market update,14.69364282829608,0,11,4,1,0,4,-1.2132839121631678,-0.3034382511997006,0.5265890341390445
2023-11-14,0.2882080641226203,0.0,1,Wipro market update,14.798188476141078,1,11,4,0,0,4,-1.1137724364042831,0.913827395865884,0.5265890341390445
2023-11-15,0.4920764415641118,0.0,0,Wipro market update,14.983960117069731,2,11,4,0,0,4,-1.0142609606453985,0.6979349980844405,0.5265890341390445
2023-11-17,-1.9067559076757032,-3.469446951953614e-18,1,Wipro market update,14.661293414169114,4,11,4,0,1,4,-0.9893830917056776,0.3901734948640852,0.5265890341390445
2023-11-20,0.9545506575757012,0.0,1,Wipro market update,15.03881558484578,0,11,4,1,0,4,-0.9396273538262352,0.2937109341532276,0.5265890341390445
2023-11-21,-1.560579149375754,-3.469446951953614e-18,0,Wipro market update,14.42375377574018,1,11,4,0,0,4,-0.9396273538262352,0.0961923574595667,0.5265890341390445
2023-11-22,0.1258007757292209,0.0,0,Wipro market update,14.465019803796562,2,11,4,0,0,4,-0.9396273538262352,-0.0967327639621485,0.5265890341390445
2023-11-24,-0.4786602213426278,0.0,0,Wipro market update,14.278238407803377,4,11,4,0,1,4,-0.9893830917056776,-0.4825830068055791,0.5265890341390445
2023-11-27,1.0031942274440622,0.0,1,Wipro market update,14.676627211783684,0,11,4,1,0,4,-1.0142609606453985,-0.0967327639621485,0.5265890341390445
2023-11-28,0.347948359796915,0.0,1,Wipro market update,14.804754681434751,1,11,4,0,0,4,-0.9645052227659558,0.3901734948640852,0.5265890341390445
2023-11-29,0.0580621125087893,0.0,1,Wipro market update,14.81995904282127,2,11,4,0,0,4,-0.8898716159467929,0.5830986162858004,0.5265890341390445
2023-11-30,0.966396616472962,0.0,1,Wipro market update,15.20255488778732,3,11,4,0,0,4,-0.8152380091276287,0.5739117057419093,0.5265890341390445
2023-12-01,-1.6662185439556,0.0,0,Wipro market update,14.541319004697062,4,12,4,0,1,4,-0.790360140187908,0.2845240236093363,0.5265890341390445
2023-12-04,1.3255458849717867,-3.469446951953614e-18,0,Wipro market update,15.081105415917872,0,12,4,1,0,4,-0.8649937470070711,-0.5652652017005999,0.5265890341390445
2023-12-05,-1.9278777866225256,0.0,1,Wipro market update,14.29991068356058,1,12,4,0,0,4,-0.8898716159467929,-0.1886018694010606,0.5265890341390445
2023-12-07,-0.6483588685713187,0.0,1,Wipro market update,14.687222664675422,3,12,4,0,0,4,-0.6659707954893015,0.0915989021876211,0.5265890341390445
2023-12-08,1.3001176655343798,0.0,0,Wipro market update,15.215609446633172,4,12,4,0,1,4,-0.6410929265495808,0.2753371130654451,0.5265890341390445
2023-12-11,-0.3750864476550359,0.0,1,Wipro market update,15.067587862874657,0,12,4,1,0,4,-0.6908486644290233,-0.5514848358847632,0.5265890341390445
2023-12-12,-0.2619251226009728,0.0,1,Wipro market update,14.96189693922032,1,12,4,0,0,4,-0.6659707954893015,0.3717996737763027,0.5265890341390445
2023-12-13,0.0353115242351493,0.0,1,Wipro market update,14.968421935756073,2,12,4,0,0,4,-0.5913371886701385,0.4590753239432692,0.5265890341390445
2023-12-15,0.661462969633641,0.0,1,Wipro market update,15.307875407651569,4,12,4,0,1,4,-0.3176806303332058,0.7071219086283317,0.5265890341390445
2023-12-18,-1.3283144922032115,0.0,0,Wipro market update,14.790674166480091,0,12,4,1,0,4,-0.2679248924537634,0.2615567472496083,0.5265890341390445
2023-12-19,0.1270430100108018,0.0,0,Wipro market update,14.832406878728309,1,12,4,0,0,4,-0.3425584992729265,-0.4320549988141774,0.5265890341390445
2023-12-20,0.692473803842425,0.0,1,Wipro market update,15.099883206183014,2,12,4,0,0,4,-0.4420699750318113,-0.8730267049209551,0.5265890341390445
2023-12-21,0.0590901436349708,0.0,1,Wipro market update,15.115429975891212,3,12,4,0,0,4,-0.3923142371523689,0.3580193079604659,0.5265890341390445
2023-12-26,-2.6329536452490605,0.0,1,Wipro market update,14.599412558413585,1,12,4,0,0,4,-0.0440240719962721,0.6749677217247124,0.5265890341390445
2023-12-27,0.3490581149305122,0.0,0,Wipro market update,14.727954299651376,2,12,4,0,0,4,0.0306095348228909,0.5004164213907796,0.5265890341390445
2024-01-02,1.869891678361744,0.0,0,Wipro market update,15.738239954563944,1,1,1,0,0,4,-0.0937798098757145,-0.827092152201499,0.5265890341390445
2024-01-03,0.8101965681946798,0.0,0,Wipro market update,16.054751189980422,2,1,1,0,0,4,-0.218169154574321,-0.9235547129123568,0.5265890341390445
2024-01-04,-2.6811834668210843,0.0,1,Wipro market update,14.864652801396188,3,1,1,0,0,4,-0.218169154574321,-0.0875458534182573,0.5265890341390445
2024-01-05,1.5153376235845697,0.0,1,Wipro market update,15.490511653890126,4,1,1,0,1,4,-0.1435355477551569,0.6014724373735829,0.5265890341390445
2024-01-08,0.161270642634246,0.0,0,Wipro market update,15.545501178080784,0,1,1,1,0,4,-0.1186576788154362,0.0824119916437299,0.5265890341390445
2024-01-09,-0.8549305686778409,0.0,1,Wipro market update,15.216201045794678,1,1,1,0,0,4,-0.218169154574321,-0.5928259333322735,0.5265890341390445
2024-01-10,1.0552664215694276,0.0,0,Wipro market update,15.637023147122548,2,1,1,0,0,4,-0.1932912856345993,0.1696876418106963,0.5265890341390445
2024-01-11,-0.2619251226009728,0.0,1,Wipro market update,15.531288685993458,3,1,1,0,0,4,-0.1932912856345993,-0.0875458534182573,0.5265890341390445
2024-01-17,-0.3993707211997754,0.0,1,Wipro market update,16.054516775879808,2,1,1,0,0,4,0.1798767484612181,-0.4779895515336334,0.5265890341390445
2024-01-18,-0.8734125474688877,0.0,0,Wipro market update,15.718006217982818,3,1,1,0,0,4,0.2793882242201029,0.7254957297161142,0.5265890341390445
2024-01-22,-0.8542077279103953,0.0,0,Wipro market update,15.427864414896952,0,1,1,1,0,4,0.2545103552803811,-0.2391298773924622,0.5265890341390445
2024-01-23,0.2201993233916774,0.0,1,Wipro market update,15.505754148474416,1,1,1,0,0,4,0.1798767484612181,-0.4642091857177966,0.5265890341390445
2024-01-24,-0.5774164794154588,0.0,0,Wipro market update,15.281817087829854,2,1,1,0,0,4,0.2545103552803811,0.564724795198018,0.5265890341390445
2024-01-25,0.0141412398611684,0.0,0,Wipro market update,15.28020034766125,3,1,1,0,0,4,0.2545103552803811,-0.1610411377693869,0.5265890341390445
2024-01-26,0.3157128306613974,-3.469446951953614e-18,1,Wipro market update,15.3955610594685,4,1,1,0,1,4,0.2296324863406604,-0.0783589428743661,0.5265890341390445
2024-01-29,-1.2488194640068793,0.0,0,Wipro market update,14.910918050086805,0,1,1,1,0,4,0.2545103552803811,0.0778185363717842,0.5265890341390445
2024-01-30,0.6746026327934941,0.0,1,Wipro market update,15.17103664322419,1,1,1,0,0,4,0.1549988795214974,-0.6433539413236752,0.5265890341390445
2024-01-31,0.3977022048325861,0.0,1,Wipro market update,15.318965761218298,2,1,1,0,0,4,0.1549988795214974,0.0824119916437299,0.5265890341390445
2024-02-01,-0.7028801432942453,0.0,1,Wipro market update,15.04772119534863,3,2,1,0,0,4,0.2047546174009398,0.3258651210568468,0.5265890341390445
2024-02-02,1.0741453315226566,0.0,0,Wipro market update,15.476705847083077,4,2,1,0,1,4,0.2793882242201029,0.564724795198018,0.5265890341390445
2024-02-07,-0.7449853983535917,0.0,0,Wipro market update,15.220332469108836,2,2,1,0,0,4,0.4535333067981507,-0.3080317064716462,0.5265890341390445
2024-02-08,-2.522770622071812,0.0,1,Wipro market update,14.126812228507829,3,2,1,0,0,4,0.3788996999789876,-0.390713901366667,0.5265890341390445
2024-02-09,0.0518828650333692,0.0,1,Wipro market update,14.139621710199725,4,2,1,0,1,4,0.4037775689187083,0.0778185363717842,0.5265890341390445
2024-02-12,1.680874598948188,0.0,0,Wipro market update,14.842483977579404,0,2,1,1,0,4,0.5530447825570355,0.9413881274975576,0.5265890341390445
2024-02-14,-0.4460416678944602,0.0,1,Wipro market update,15.015174391997638,2,2,1,0,0,4,0.7271898651350844,1.152687070007055,0.5265890341390445
2024-02-15,-1.4159105035020207,0.0,1,Wipro market update,14.461566655099244,3,2,1,0,0,4,0.7769456030145269,0.3763931290482484,0.5265890341390445
2024-02-20,0.948598384064599,0.0,0,Wipro market update,16.184538701078658,1,2,1,0,0,4,0.9510906855925746,-0.7857510547539888,0.5265890341390445
2024-02-21,-2.75233365911647,0.0,1,Wipro market update,14.94858900555406,2,2,1,0,0,4,0.7769456030145269,-1.0889191027023983,0.5265890341390445
2024-02-22,0.0094064791891718,0.0,1,Wipro market update,14.945169538181196,3,2,1,0,0,4,0.9510906855925746,1.1159394278314902,0.5265890341390445
2024-02-23,-0.840861601826705,0.0,0,Wipro market update,14.62118297615356,4,2,1,0,1,4,0.9759685545322953,0.2156221945301523,0.5265890341390445
2024-02-26,-0.4009347549972168,0.0,0,Wipro market update,14.463451668807997,0,2,1,1,0,4,0.9510906855925746,-0.2161626010327342,0.5265890341390445
2024-02-27,-0.3781877809961861,0.0,0,Wipro market update,14.314223721158315,1,2,1,0,0,4,0.9262128166528528,-0.1472607719535501,0.5265890341390445
2024-02-28,1.1791349417528232,0.0,1,Wipro market update,14.7890134133471,2,2,1,0,0,4,0.7520677340748051,-1.0200172736232145,0.5265890341390445
2024-02-29,-0.5964229080306332,0.0,1,Wipro market update,14.558019643980352,3,2,1,0,0,4,0.8018234719542474,0.2248091050740435,0.5265890341390445
2024-03-01,-0.2356459796575479,0.0,1,Wipro market update,14.462195387893336,4,3,1,0,1,4,0.8267013408939692,0.1467203654509683,0.5265890341390445
2024-03-04,1.0272619276465842,0.0,0,Wipro market update,14.870937297226716,0,3,1,1,0,4,0.8764570787734105,0.2937109341532276,0.5265890341390445
2024-03-05,0.5434994546442921,0.0,0,Wipro market update,15.077431747354044,1,3,1,0,0,4,0.7023119961953627,-1.0292041841671056,0.5265890341390445
2024-03-06,0.9813327471159972,0.0,1,Wipro market update,15.466397660190548,2,3,1,0,0,4,0.677434127255642,-0.0737654876024205,0.5265890341390445
2024-03-07,-0.8676040132726335,0.0,0,Wipro market update,15.132240723708511,3,3,1,0,0,4,0.8018234719542474,0.6795611769966581,0.5265890341390445
2024-03-08,0.1756226711506865,0.0,0,Wipro market update,15.192814879503707,4,3,1,0,1,4,0.7769456030145269,-0.1472607719535501,0.5265890341390445
2024-03-11,-0.7541022689328191,-3.469446951953614e-18,1,Wipro market update,14.902118076864047,0,3,1,1,0,4,0.7271898651350844,-0.298844795927755,0.5265890341390445
2024-03-12,0.7066852408285615,0.0,0,Wipro market update,15.175461200418042,1,3,1,0,0,4,0.7769456030145269,0.2983043894251731,0.5265890341390445
2024-03-13,-0.6541445157168506,-3.469446951953614e-18,1,Wipro market update,14.922686407783926,2,3,1,0,0,4,0.5779226514967573,-1.1899751186852017,0.5265890341390445
2024-03-14,1.3280161989162274,0.0,1,Wipro market update,15.46355380193553,3,3,1,0,0,4,0.677434127255642,0.6887480875405493,0.5265890341390445
2024-03-15,0.2836243404900301,-3.469446951953614e-18,0,Wipro market update,15.566309307772444,4,3,1,0,1,4,0.7271898651350844,0.2248091050740435,0.5265890341390445
2024-03-18,-1.9541642446586704,0.0,0,Wipro market update,14.772636468271775,0,3,1,1,0,4,0.6276783893761997,-0.6020128438761647,0.5265890341390445
2024-03-19,1.7166972666488725,0.0,0,Wipro market update,15.492382981605775,1,3,1,0,0,4,0.5032890446775931,-0.7581903231223152,0.5265890341390445
2024-03-21,1.964782402461124,0.0,0,Wipro market update,15.891094794799908,3,3,1,0,0,4,0.3788996999789876,-0.8500594285612271,0.5265890341390445
2024-03-25,-1.675416829875625,0.0,0,Wipro market update,15.480042721987152,0,3,1,1,0,4,0.1798767484612181,0.1605007312668051,0.5265890341390445
2024-03-26,-1.0696178087699246,0.0,1,Wipro market update,15.067073091940635,1,3,1,0,0,4,0.1549988795214974,-0.0829523981463117,0.5265890341390445
2024-03-27,1.1923910687625905,0.0,1,Wipro market update,15.547732491367082,2,3,1,0,0,4,0.2047546174009398,0.3258651210568468,0.5265890341390445
2024-03-28,-0.4880018389990795,-3.469446951953614e-18,0,Wipro market update,15.35744042458341,3,3,1,0,0,4,0.2545103552803811,0.403953860679922,0.5265890341390445
2024-04-01,-0.7840792094245624,0.0,0,Wipro market update,15.055217523710391,0,4,2,1,0,4,0.1549988795214974,-0.7214426809467502,0.5265890341390445
2024-04-02,2.214498435868669,0.0,1,Wipro market update,16.018938189849123,1,4,2,0,0,4,0.105243141642055,-0.4044942671825038,0.5265890341390445
2024-04-03,0.6216744266525629,0.0,1,Wipro market update,16.25731840451905,2,4,2,0,0,4,0.2047546174009398,0.6565939006369301,0.5265890341390445
2024-04-04,-0.5070998931354622,0.0,1,Wipro market update,16.059852048514152,3,4,2,0,0,4,0.2545103552803811,0.4820426003029972,0.5265890341390445
2024-04-05,-1.517940225000611,0.0,0,Wipro market update,15.463130374946012,4,4,2,0,1,4,0.2793882242201029,0.0778185363717842,0.5265890341390445
2024-04-08,2.1626715711408173,0.0,1,Wipro market update,16.40059438810771,0,4,2,1,0,4,0.105243141642055,-1.1164798343340718,0.5265890341390445
2024-04-09,-1.3914752945404032,0.0,0,Wipro market update,15.857172477620033,1,4,2,0,0,4,0.1798767484612181,0.4912295108468884,0.5265890341390445
2024-04-10,0.3785656918693932,0.0,1,Wipro market update,15.997441108970992,2,4,2,0,0,4,0.0554874037626126,-0.8914005260087375,0.5265890341390445
2024-04-11,-0.5302473041155468,0.0,0,Wipro market update,15.791284733133285,3,4,2,0,0,4,0.0554874037626126,0.0824119916437299,0.5265890341390445
2024-04-12,0.6062186086911194,0.0,0,Wipro market update,16.023323436424725,4,4,2,0,1,4,-0.0689019409359938,-0.9878630867195952,0.5265890341390445
2024-04-15,0.6601439140879919,0.0,0,Wipro market update,16.277489788374595,0,4,2,1,0,4,-0.2430470235140417,-1.1761947528693648,0.5265890341390445
2024-04-16,-2.16948231685426,0.0,0,Wipro market update,15.377311850640684,1,4,2,0,0,4,-0.3176806303332058,-0.5193306489811439,0.5265890341390445
2024-04-17,-0.1610273941530948,0.0,0,Wipro market update,15.309448052586545,2,4,2,0,0,4,-0.3425584992729265,-0.0875458534182573,0.5265890341390445
2024-04-18,1.1863395428513277,0.0,1,Wipro market update,15.787394867414642,3,4,2,0,0,4,-0.4420699750318113,-0.7857510547539888,0.5265890341390445
2024-04-19,1.401637019769575,0.0,1,Wipro market update,16.361402627218506,4,4,2,0,1,4,-0.3425584992729265,0.7989910140672437,0.5265890341390445
2024-04-23,-1.3544545141154714,0.0,0,Wipro market update,15.643409234559218,1,4,2,0,0,4,-0.0191462030565514,-0.0829523981463117,0.5265890341390445
2024-04-24,-0.0176325177112822,0.0,0,Wipro market update,15.62974897191474,2,4,2,0,0,4,-0.0689019409359938,-0.3355924381033198,0.5265890341390445
2024-04-25,0.971654277489286,0.0,1,Wipro market update,16.01460017281409,3,4,2,0,0,4,-0.0937798098757145,-0.2529102432082989,0.5265890341390445
2024-04-26,-0.973970675461157,0.0,0,Wipro market update,15.639220949849856,4,4,2,0,1,4,-0.0689019409359938,0.1696876418106963,0.5265890341390445
2024-04-29,-0.0181662446940556,0.0,0,Wipro market update,15.625306553365968,0,4,2,1,0,4,-0.0937798098757145,-0.0829523981463117,0.5265890341390445
2024-04-30,0.6948807539455286,0.0,0,Wipro market update,15.893826591497376,1,4,2,0,0,4,-0.1684134166948786,-0.505550283165307,0.5265890341390445
2024-05-01,-0.0320911524288897,0.0,0,Wipro market update,15.874672986346503,2,5,2,0,0,4,-0.1684134166948786,-0.0875458534182573,0.5265890341390445
2024-05-02,-0.1212242620405196,0.0,1,Wipro market update,15.821816865765532,3,5,2,0,0,4,-0.1932912856345993,-0.0875458534182573,0.5265890341390445
2024-05-03,0.0107227975354463,0.0,1,Wipro market update,15.818907773196646,4,5,2,0,1,4,-0.1435355477551569,0.2569632919776627,0.5265890341390445
2024-05-06,-1.433802162341011,0.0,1,Wipro market update,15.257854621308253,0,5,2,1,0,4,-0.0689019409359938,0.5968789821016373,0.5265890341390445
2024-05-07,0.1010440509891676,0.0,0,Wipro market update,15.289541262388866,1,5,2,0,0,4,-0.0440240719962721,0.1696876418106963,0.5265890341390445
2024-05-08,-1.3043533077942453,-3.469446951953614e-18,0,Wipro market update,14.782190555715315,2,5,2,0,0,4,-0.0937798098757145,-0.3355924381033198,0.5265890341390445
2024-05-09,-0.2571803498922125,0.0,0,Wipro market update,14.678232144507737,3,5,2,0,0,4,-0.1684134166948786,-0.588232478060328,0.5265890341390445
2024-05-10,0.9814909776280238,0.0,1,Wipro market update,15.06730191173775,4,5,2,0,1,4,-0.2430470235140417,-0.5147371937091982,0.5265890341390445
2024-05-13,1.0042881552876226,0.0,1,Wipro market update,15.466128992639884,0,5,2,1,0,4,-0.1932912856345993,0.3442389421446291,0.5265890341390445
2024-05-14,-0.6412263081957529,0.0,1,Wipro market update,15.21821970628209,1,5,2,0,0,4,-0.1435355477551569,0.4269211370396499,0.5265890341390445
2024-05-15,-1.636549434616564,0.0,0,Wipro market update,14.57003548843319,2,5,2,0,0,4,-0.0937798098757145,0.2523698367057171,0.5265890341390445
2024-05-17,-2.360680414433937,0.0,0,Wipro market update,14.71494033956466,4,5,2,0,1,4,-0.1684134166948786,-0.4228680882702862,0.5265890341390445
2024-05-21,-0.4071997530463045,0.0,1,Wipro market update,15.36034616055968,1,5,2,0,0,4,-0.1435355477551569,0.0870054469156755,0.5265890341390445
2024-05-22,0.3039399980809233,0.0,1,Wipro market update,15.47110679335763,2,5,2,0,0,4,-0.1435355477551569,0.0870054469156755,0.5265890341390445
2024-05-23,0.1874637302645885,0.0,0,Wipro market update,15.536203757700548,3,5,2,0,0,4,-0.0689019409359938,0.4223276817677044,0.5265890341390445
2024-05-24,-0.0326285732062513,-3.469446951953614e-18,0,Wipro market update,15.516834795495967,4,5,2,0,1,4,-0.0937798098757145,-0.0829523981463117,0.5265890341390445
2024-05-28,-0.4216630969340539,0.0,0,Wipro market update,15.351388255890344,1,5,2,0,0,4,-0.1932912856345993,-0.6755081282272943,0.5265890341390445
2024-05-29,-1.138723733042729,0.0,0,Wipro market update,14.911051802466542,2,5,2,0,0,4,-0.3176806303332058,-0.9419285340001392,0.5265890341390445
2024-05-30,1.2644970211227782,0.0,1,Wipro market update,15.423587745031384,3,5,2,0,0,4,-0.4918257129112536,-1.2221293055888207,0.5265890341390445
2024-05-31,0.7050297483827083,0.0,1,Wipro market update,15.696257381208412,4,5,2,0,1,4,-0.4420699750318113,0.2707436577934995,0.5265890341390445
2024-06-03,-2.025345870227226,0.0,0,Wipro market update,14.86828865925558,0,6,2,1,0,4,-0.3176806303332058,1.0700048751120343,0.5265890341390445
2024-06-04,1.8408749097434012,0.0,1,Wipro market update,15.647259835541703,1,6,2,0,0,4,-0.3923142371523689,-0.6984754045870223,0.5265890341390445
2024-06-05,-0.6064732530656862,0.0,1,Wipro market update,15.412430648358722,2,6,2,0,0,4,-0.2430470235140417,1.2399627201740215,0.5265890341390445
2024-06-06,1.6705240740809673,0.0,1,Wipro market update,16.11042641742329,3,6,2,0,0,4,-0.0440240719962721,1.2904907281654232,0.5265890341390445
2024-06-07,0.1153353680257414,0.0,0,Wipro market update,16.14759629616897,4,6,2,0,1,4,0.105243141642055,1.1710608910948377,0.5265890341390445
2024-06-10,-2.7156200949939655,0.0,1,Wipro market update,14.93562370432132,0,6,2,1,0,4,0.0306095348228909,-0.4917699173494702,0.5265890341390445
2024-06-11,0.8764407465895472,0.0,0,Wipro market update,15.279969171256674,1,6,2,0,0,4,0.0554874037626126,0.1650941865387507,0.5265890341390445
2024-06-13,-0.4245016669267025,0.0,0,Wipro market update,15.14221440302102,3,6,2,0,0,4,0.105243141642055,0.2477763814337715,0.5265890341390445
2024-06-14,-0.0909253466998562,-3.469446951953614e-18,1,Wipro market update,15.10076865148562,4,6,2,0,1,4,0.0057316658831702,-0.5744521122444911,0.5265890341390445
2024-06-17,0.8280169383854029,0.0,1,Wipro market update,15.424708641641756,0,6,2,1,0,4,0.0803652727023333,0.4131407712238131,0.5265890341390445
2024-06-20,0.8722440347579911,0.0,0,Wipro market update,16.019026525160307,3,6,2,0,0,4,0.4286554378584301,1.037850688208415,0.5265890341390445
2024-06-21,1.1196772992784043,0.0,0,Wipro market update,16.467822583269687,4,6,2,0,1,4,0.4286554378584301,-0.0783589428743661,0.5265890341390445
2024-06-24,-3.158577832703032,0.0,1,Wipro market update,14.932944927991008,0,6,2,1,0,4,0.3540218310392659,-0.390713901366667,0.5265890341390445
2024-06-25,1.1501609642298307,0.0,0,Wipro market update,15.39502540782209,1,6,2,0,0,4,0.4037775689187083,0.3166782105129556,0.5265890341390445
2024-06-27,0.5356625844958273,0.0,1,Wipro market update,15.06506868214216,3,6,2,0,0,4,0.5779226514967573,1.1756543463667832,0.5265890341390445
2024-06-28,2.583757572063994,0.0,1,Wipro market update,16.221951124608402,4,6,2,0,1,4,0.677434127255642,0.610659347917474,0.5265890341390445
2024-07-01,-1.5018371619608066,0.0,1,Wipro market update,15.63209287520414,0,7,3,1,0,4,0.8018234719542474,0.6795611769966581,0.5265890341390445
2024-07-03,-1.719007810233548,0.0,0,Wipro market update,14.549416211026994,2,7,3,0,0,4,1.0257242924117376,-0.2850644301119182,0.5265890341390445
2024-07-08,-1.0938041050847391,-3.469446951953614e-18,0,Wipro market update,14.620378435281728,0,7,3,1,0,4,1.0506021613514591,0.2156221945301523,0.5265890341390445
2024-07-09,1.3612132558518857,-3.469446951953614e-18,1,Wipro market update,15.176179627934337,1,7,3,0,0,4,1.0257242924117376,-0.2161626010327342,0.5265890341390445
2024-07-10,-0.5754225988283731,0.0,1,Wipro market update,14.953087437245497,2,7,3,0,0,4,1.0257242924117376,0.0732250810998387,0.5265890341390445
2024-07-11,1.347908712107154,0.0,1,Wipro market update,15.50287219615308,3,7,3,0,0,4,1.1501136371103442,0.7163088191722229,0.5265890341390445
2024-07-15,-0.9062606374216562,0.0,1,Wipro market update,15.42442853525552,0,7,3,1,0,4,1.3740144575678344,-0.275877519568027,0.5265890341390445
2024-07-16,-0.6945918463315662,0.0,1,Wipro market update,15.156336992666413,1,7,3,0,0,4,1.398892326507556,0.0686316258278931,0.5265890341390445
2024-07-17,0.3492799899491814,0.0,1,Wipro market update,15.284996740014613,2,7,3,0,0,4,1.398892326507556,0.0686316258278931,0.5265890341390445
2024-07-18,2.116163647597245,0.0,0,Wipro market update,16.199085694382998,3,7,3,0,0,4,1.6227931469650465,1.30427109398126,0.5265890341390445
2024-07-22,-2.6159225606619847,0.0,0,Wipro market update,15.749781953010494,0,7,3,1,0,4,0.5779226514967573,-0.68010158349924,0.5265890341390445
2024-07-23,-1.3939542211177598,0.0,0,Wipro market update,15.205348881823138,1,7,3,0,0,4,0.5281669136173148,-0.3080317064716462,0.5265890341390445
2024-07-24,-0.0618528304110768,0.0,1,Wipro market update,15.174896359345446,2,7,3,0,0,4,0.4037775689187083,-0.6938819493150767,0.5265890341390445
2024-07-25,0.1504995331270672,0.0,1,Wipro market update,15.22566816345353,3,7,3,0,0,4,0.5779226514967573,1.1756543463667832,0.5265890341390445
2024-07-30,1.2677290368645155,0.0,0,Wipro market update,15.327071218482068,1,7,3,0,0,4,0.7520677340748051,-0.298844795927755,0.5265890341390445
2024-08-01,-2.036125013715794,0.0,0,Wipro market update,14.818492982401104,3,8,3,0,0,4,0.677434127255642,-0.4458353646300143,0.5265890341390445
2024-08-07,-1.4626583581127823,0.0,1,Wipro market update,14.761904021793285,2,8,3,0,0,4,0.2793882242201029,-0.6295735755078383,0.5265890341390445
2024-08-08,-1.2720726528426505,0.0,1,Wipro market update,14.267732653627268,3,8,3,0,0,4,0.3540218310392659,0.4774491450310515,0.5265890341390445
2024-08-09,1.6726417404009133,0.0,0,Wipro market update,14.96671561300704,4,8,3,0,1,4,0.4037775689187083,0.2339960156179347,0.5265890341390445
2024-08-12,-1.5902220850251332,0.0,1,Wipro market update,14.338818551789624,0,8,3,1,0,4,0.2793882242201029,-0.7857510547539888,0.5265890341390445
2024-08-13,0.8567164711491758,0.0,1,Wipro market update,14.674850336829936,1,8,3,0,0,4,0.3788996999789876,0.6382200795491476,0.5265890341390445
2024-08-14,-0.8011237462087857,-3.469446951953614e-18,1,Wipro market update,14.366172666795563,2,8,3,0,0,4,0.3788996999789876,0.0778185363717842,0.5265890341390445
2024-08-15,-0.3510173655142096,-3.469446951953614e-18,1,Wipro market update,14.227090929674777,3,8,3,0,0,4,0.4784111757378724,0.5509444293821812,0.5265890341390445
2024-08-16,0.8250876086069717,0.0,1,Wipro market update,14.549800161701729,4,8,3,0,1,4,0.6276783893761997,1.083785240927871,0.5265890341390445
2024-08-19,0.6974693835144932,0.0,1,Wipro market update,14.819372876547954,0,8,3,1,0,4,0.7520677340748051,0.6841546322686036,0.5265890341390445
2024-08-20,-0.9220598046178268,0.0,1,Wipro market update,14.464079217919926,1,8,3,0,0,4,0.7769456030145269,0.1513138207229139,0.5265890341390445
2024-08-21,-0.0393578880958234,0.0,0,Wipro market update,14.44209102866838,2,8,3,0,0,4,0.8764570787734105,0.6703742664527669,0.5265890341390445
2024-08-22,0.7493981305986741,0.0,0,Wipro market update,14.73316076533272,3,8,3,0,0,4,0.7271898651350844,-0.8822136154648462,0.5265890341390445
2024-08-23,0.0405047290840019,0.0,1,Wipro market update,14.74167280570459,4,8,3,0,1,4,0.7271898651350844,-0.0737654876024205,0.5265890341390445
2024-08-26,-1.335650773745809,0.0,0,Wipro market update,14.221509523545176,0,8,3,1,0,4,0.8018234719542474,0.4498884133993779,0.5265890341390445
2024-08-27,0.2984823624016363,0.0,1,Wipro market update,14.330129577697411,1,8,3,0,0,4,0.7769456030145269,-0.0737654876024205,0.5265890341390445
2024-08-28,2.663584725246988,0.0,1,Wipro market update,15.530281165669216,2,8,3,0,0,4,1.0008464234720171,1.336425280884879,0.5265890341390445
2024-08-29,-1.329536358353727,0.0,0,Wipro market update,15.012579888051668,3,8,3,0,0,4,1.1003578992309018,0.5785051610138549,0.5265890341390445
2024-08-30,-0.38284641492528,0.0,0,Wipro market update,14.861636208914884,4,8,3,0,1,4,1.07548003029118,-0.0737654876024205,0.5265890341390445
2024-09-03,-0.3856454175525895,0.0,0,Wipro market update,14.709637886101126,1,9,3,0,0,4,0.9759685545322953,-0.6433539413236752,0.5265890341390445
2024-09-04,0.75424315884242,0.0,1,Wipro market update,15.00274434334993,2,9,3,0,0,4,0.9013349477131324,-0.505550283165307,0.5265890341390445
2024-09-05,-0.6270089551033693,0.0,0,Wipro market update,14.76019475314206,3,9,3,0,0,4,0.9262128166528528,0.2202156498020979,0.5265890341390445
2024-09-06,0.4337172425459278,0.0,0,Wipro market update,14.922488093520617,4,9,3,0,1,4,0.8764570787734105,-0.3631531697349934,0.5265890341390445
2024-09-09,0.0503350828524021,0.0,1,Wipro market update,14.934709806781994,0,9,3,1,0,4,0.8267013408939692,-0.2942513406558094,0.5265890341390445
2024-09-10,0.3744089959102722,0.0,0,Wipro market update,15.073346636448898,1,9,3,0,0,4,0.9510906855925746,0.8862666642342103,0.5265890341390445
2024-09-11,0.0272355263313042,0.0,1,Wipro market update,15.076695391359504,2,9,3,0,0,4,0.8018234719542474,-1.0154238183512687,0.5265890341390445
2024-09-12,-0.4796252040317156,0.0,1,Wipro market update,14.88955723431047,3,9,3,0,0,4,1.0008464234720171,1.2629299965337497,0.5265890341390445
2024-09-16,-0.610838468916498,0.0,0,Wipro market update,14.253766134056512,0,9,3,1,0,4,1.249625112869229,0.1375334549070771,0.5265890341390445
2024-09-17,1.6219225167247575,0.0,0,Wipro market update,14.929011787533303,1,9,3,0,0,4,1.1749915060500649,-0.5606717464286544,0.5265890341390445
2024-09-18,-0.0488149000650389,0.0,1,Wipro market update,14.90353398195988,2,9,3,0,0,4,1.0008464234720171,-0.9189612576404113,0.5265890341390445
2024-09-19,0.5764989215268242,0.0,0,Wipro market update,15.12346519800545,3,9,3,0,0,4,1.1252357681706224,0.7209022744441685,0.5265890341390445
2024-09-23,-2.1240523946993104,0.0,1,Wipro market update,14.474687736229988,0,9,3,1,0,4,1.07548003029118,-0.2850644301119182,0.5265890341390445
2024-09-24,1.1895790072608257,0.0,0,Wipro market update,14.954112815114952,1,9,3,0,0,4,1.1252357681706224,0.2156221945301523,0.5265890341390445
2024-09-26,0.5362665694509076,0.0,0,Wipro market update,15.319543731540495,3,9,3,0,0,4,1.2745029818089495,0.9965095907609046,0.5265890341390445
2024-09-27,-0.1525009806848999,0.0,1,Wipro market update,15.254871877100014,4,9,3,0,1,4,1.1252357681706224,-0.9051808918245744,0.5265890341390445
2024-09-30,-0.011504480321818,0.0,1,Wipro market update,15.24347479405218,0,9,3,1,0,4,1.1501136371103442,0.0686316258278931,0.5265890341390445
2024-10-01,-0.2032585752155971,0.0,0,Wipro market update,15.159732403404815,1,10,4,0,0,4,1.249625112869229,0.7071219086283317,0.5265890341390445
2024-10-02,-0.4619848431818844,0.0,0,Wipro market update,14.979161555155386,2,10,4,0,0,4,1.1501136371103442,-0.6295735755078383,0.5265890341390445
2024-10-03,0.4611308074511939,0.0,1,Wipro market update,15.152404831449228,3,10,4,0,0,4,1.0257242924117376,-0.7765641442100975,0.5265890341390445
2024-10-04,0.0402453864645567,-3.469446951953614e-18,0,Wipro market update,15.160722734467402,4,10,4,0,1,4,1.1003578992309018,0.4315145923115956,0.5265890341390445
2024-10-07,-1.811368923346412,0.0,0,Wipro market update,14.43393473112124,0,10,4,1,0,4,1.0257242924117376,-0.3585597144630478,0.5265890341390445
2024-10-08,2.0171798089609982,0.0,1,Wipro market update,15.298795731288903,1,10,4,0,0,4,1.0008464234720171,-0.1426673166816045,0.5265890341390445
2024-10-09,-1.40719814084679,0.0,0,Wipro market update,14.748934081784062,2,10,4,0,0,4,1.07548003029118,0.3580193079604659,0.5265890341390445
2024-10-10,1.727374336811233,0.0,1,Wipro market update,15.47373882504398,3,10,4,0,0,4,0.9013349477131324,-1.0751387368865617,0.5265890341390445
2024-10-11,-1.326278801776333,0.0,1,Wipro market update,14.957374207850297,4,10,4,0,1,4,1.0008464234720171,0.7300891849880599,0.5265890341390445
2024-10-16,-1.2125901837744677,0.0,0,Wipro market update,15.203952860605243,2,10,4,0,0,4,1.07548003029118,0.289117478881282,0.5265890341390445
2024-10-17,1.2496060635492232,3.469446951953614e-18,1,Wipro market update,15.709856849717402,3,10,4,0,0,4,0.9759685545322953,-0.5009568278933615,0.5265890341390445
2024-10-21,-1.5447583867220849,0.0,0,Wipro market update,15.051272975392768,0,10,4,1,0,4,1.2993808507486715,-0.5514848358847632,0.5265890341390445
2024-10-22,0.9141104667054264,0.0,1,Wipro market update,15.411579705351146,1,10,4,0,0,4,1.2745029818089495,-0.1380738614096589,0.5265890341390445
2024-10-23,0.0235776770922654,-3.469446951953614e-18,0,Wipro market update,15.413604570979436,2,10,4,0,0,4,1.2993808507486715,0.1375334549070771,0.5265890341390445
2024-10-24,-0.145136654393758,-3.469446951953614e-18,0,Wipro market update,15.351775660843773,3,10,4,0,0,4,1.2745029818089495,-0.1380738614096589,0.5265890341390445
2024-10-25,0.5562902759809063,-3.469446951953614e-18,1,Wipro market update,15.563527278363352,4,10,4,0,1,4,1.2247472439295073,-0.2115691457607885,0.5265890341390445
2024-10-28,-0.9601811266871696,0.0,0,Wipro market update,15.193520951576092,0,10,4,1,0,4,1.4735259333267192,1.3318318256129336,0.5265890341390445
2024-10-29,0.7578239091725721,0.0,0,Wipro market update,15.488111233114164,1,10,4,0,0,4,1.4486480643869986,-0.0691720323304749,0.5265890341390445
2024-10-30,-0.3781877809961861,0.0,0,Wipro market update,15.338911382271538,2,10,4,0,0,4,1.3740144575678344,-0.4090877224544494,0.5265890341390445
2024-11-01,-0.7393872394981168,0.0,0,Wipro market update,15.010039206308925,4,11,4,0,1,4,1.1749915060500649,0.1421269101790227,0.5265890341390445
2024-11-04,-1.6126816968346922,0.0,1,Wipro market update,14.372380293231656,0,11,4,1,0,4,1.07548003029118,-0.4963633726214159,0.5265890341390445
2024-11-05,1.3418620282480536,0.0,1,Wipro market update,14.919442339674916,1,11,4,0,0,4,1.1998693749897866,0.6428135348210933,0.5265890341390445
2024-11-07,-0.5934141225387521,0.0,1,Wipro market update,15.286330103891007,3,11,4,0,0,4,1.5232816712061616,-0.1334804061377133,0.5265890341390445
2024-11-08,-0.8589088129180921,0.0,1,Wipro market update,14.955520995144049,4,11,4,0,1,4,1.573037409085604,0.3396454868726836,0.5265890341390445
2024-11-11,2.2790597623849393,0.0,0,Wipro market update,15.952206460269908,0,11,4,1,0,4,1.7720603606033736,1.0056965013047958,0.5265890341390445
2024-11-12,-0.6307263941925425,0.0,0,Wipro market update,15.70823102916686,1,11,4,0,0,4,1.6725488848444887,-0.5239241042530896,0.5265890341390445
2024-11-13,0.3130023167075887,0.0,0,Wipro market update,15.822515940769929,2,11,4,0,0,4,1.5979152780253247,-0.3309989828313742,0.5265890341390445
2024-11-14,-1.1849324361637028,-3.469446951953614e-18,0,Wipro market update,15.36366884661498,3,11,4,0,0,4,1.5232816712061616,-0.5331110147969806,0.5265890341390445
2024-11-15,0.487125596950503,0.0,0,Wipro market update,15.547414036986252,4,11,4,0,1,4,1.4237701954472768,-0.4733960962616879,0.5265890341390445
2024-11-18,0.994418709420986,0.0,1,Wipro market update,15.942002775590275,0,11,4,1,0,4,1.398892326507556,-0.1380738614096589,0.5265890341390445
2024-11-19,-2.138838138243756,0.0,1,Wipro market update,15.057530598727396,1,11,4,0,0,4,1.5232816712061616,0.7530564613477878,0.5265890341390445
2024-11-20,1.3311315294443111,0.0,0,Wipro market update,15.599809096875529,2,11,4,0,0,4,1.6227931469650465,0.472855689759106,0.5265890341390445
2024-11-21,-0.5142530455363882,0.0,1,Wipro market update,15.399589841068083,3,11,4,0,0,4,1.5232816712061616,-0.6020128438761647,0.5265890341390445
2024-11-22,1.8098646151106264,0.0,1,Wipro market update,16.163642561461774,4,11,4,0,1,4,1.7471824916636518,1.2858972728934777,0.5265890341390445
2024-11-25,-0.8843288641390779,0.0,1,Wipro market update,15.822972764181095,0,11,4,1,0,4,1.8466939674225369,0.5922855268296916,0.5265890341390445
2024-11-26,0.1961184055117676,-3.469446951953614e-18,0,Wipro market update,15.89144608575385,1,11,4,0,0,4,1.8715718363622584,0.1926549181704243,0.5265890341390445
2024-11-27,-0.1593196148157755,0.0,0,Wipro market update,15.824234661589571,2,11,4,0,0,4,1.7969382295430942,-0.4550222751739055,0.5265890341390445
2024-11-29,-2.007115199084358,0.0,1,Wipro market update,15.005121015794217,4,11,4,0,1,4,1.7471824916636518,-0.2620971537521902,0.5265890341390445
2024-12-02,0.8053221589060259,0.0,1,Wipro market update,15.319543731540495,0,12,4,1,0,4,1.821816098482816,0.4590753239432692,0.5265890341390445
2024-12-03,0.4121460655681941,0.0,1,Wipro market update,15.473205349539477,1,12,4,0,0,4,1.8466939674225369,0.1283465443631859,0.5265890341390445
2024-12-04,-0.4841327021638752,0.0,1,Wipro market update,15.284352410243685,2,12,4,0,0,4,1.896449705301979,0.2569632919776627,0.5265890341390445
2024-12-05,1.0813419008741751,0.0,0,Wipro market update,15.716453376501502,3,12,4,0,0,4,2.0208390500005855,0.6428135348210933,0.5265890341390445
2024-12-09,-1.1971582608493514,0.0,1,Wipro market update,15.635501249560429,0,12,4,1,0,4,1.971083312121143,1.3180514597970967,0.5265890341390445
2024-12-10,-1.2700630948852225,0.0,0,Wipro market update,15.142161331521226,1,12,4,0,0,4,2.045716918940306,0.3855800395921395,0.5265890341390445
2024-12-12,-1.5640067109289704,0.0,1,Wipro market update,14.747399404270723,3,12,4,0,0,4,2.095472656819749,0.2523698367057171,0.5265890341390445
2024-12-13,0.615314267931191,0.0,1,Wipro market update,14.983151584142808,4,12,4,0,1,4,2.1701062636389117,0.3763931290482484,0.5265890341390445
2024-12-16,0.1605380999677855,0.0,1,Wipro market update,15.037844068164231,0,12,4,1,0,4,2.1949841325786332,0.1237530890912403,0.5265890341390445
2024-12-17,1.0286495145790926,0.0,0,Wipro market update,15.447179714842523,1,12,4,0,0,4,2.244739870458076,0.2477763814337715,0.5265890341390445
2024-12-18,-0.4393720643600823,0.0,1,Wipro market update,15.275032378700477,2,12,4,0,0,4,2.070594787880028,-0.8684332496490095,0.5265890341390445
2024-12-19,0.4202903145343701,0.0,0,Wipro market update,15.431944143516528,3,12,4,0,0,4,2.2696177393977965,1.0102899565767414,0.5265890341390445
2024-12-20,0.6558033207200759,0.0,0,Wipro market update,15.684323810941308,4,12,4,0,1,4,2.120350525759469,-0.7444099573064782,0.5265890341390445
2024-12-23,-1.3532257517990898,0.0,1,Wipro market update,15.15678166369696,0,12,4,1,0,4,2.045716918940306,-0.3769335355508302,0.5265890341390445
2024-12-24,-2.448490882198417,0.0,0,Wipro market update,14.106238736321192,1,12,4,0,0,4,2.070594787880028,0.1283465443631859,0.5265890341390445
2024-12-26,1.1821051303923331,0.0,1,Wipro market update,14.582326792939073,3,12,4,0,0,4,2.0208390500005855,-0.2529102432082989,0.5265890341390445
2024-12-27,-0.3479471259757555,0.0,0,Wipro market update,14.444386381695086,4,12,4,0,1,4,2.120350525759469,0.5096033319346709,0.5265890341390445
2025-01-02,0.3332399403349608,0.0,0,Wipro market update,14.68319952792018,3,1,1,0,0,4,1.9213275742417009,0.3901734948640852,0.5265890341390445
2025-01-03,0.546705250657368,0.0,0,Wipro market update,14.89105924814443,4,1,1,0,1,4,1.7720603606033736,-0.9005874365526287,0.5265890341390445
2025-01-06,0.6972846005780917,0.0,0,Wipro market update,15.160514325205044,0,1,1,1,0,4,1.6974267537842094,-0.3953073566386126,0.5265890341390445
2025-01-07,0.1807060741633962,0.0,1,Wipro market update,15.22302835028577,1,1,1,0,0,4,1.6725488848444887,-0.1334804061377133,0.5265890341390445
2025-01-08,-0.865790771722256,0.0,1,Wipro market update,14.889488907320702,2,1,1,0,0,4,1.7969382295430942,0.6657808111808213,0.5265890341390445
2025-01-10,1.0645043543903168,0.0,0,Wipro market update,15.314307593695387,4,1,1,0,1,4,1.821816098482816,0.1283465443631859,0.5265890341390445
2025-01-13,0.2700395458957194,0.0,0,Wipro market update,15.411681046068656,0,1,1,1,0,4,1.573037409085604,-1.3048115004838416,0.5265890341390445
2025-01-14,-1.4350530293499413,0.0,1,Wipro market update,14.850011256568992,1,1,1,0,0,4,1.5232816712061616,-0.2666906090241357,0.5265890341390445
2025-01-15,1.0712886179840646,0.0,0,Wipro market update,15.27777032585196,2,1,1,0,0,4,1.6227931469650465,0.54175751883829,0.5265890341390445
2025-01-21,-0.4693486030885213,0.0,1,Wipro market update,15.684292949129851,1,1,1,0,0,4,1.821816098482816,1.0700048751120343,0.5265890341390445
2025-01-23,-1.002077551239584,0.0,1,Wipro market update,15.599271625086155,3,1,1,0,0,4,2.3442513462169607,1.0056965013047958,0.5265890341390445
2025-01-24,0.5576840541514221,0.0,0,Wipro market update,15.811557039527637,4,1,1,0,1,4,2.4188849530361236,0.3672062185043572,0.5265890341390445
2025-01-28,0.7132925250096012,0.0,1,Wipro market update,16.008972621469887,1,1,1,0,0,4,2.294495608337518,0.7530564613477878,0.5265890341390445
2025-01-29,2.052689306019422,0.0,0,Wipro market update,16.891420960791113,2,1,1,0,0,4,2.3691292151566814,0.3763931290482484,0.5265890341390445
2025-01-31,0.0601176493312764,0.0,1,Wipro market update,15.618259586837045,4,1,1,0,1,4,2.3442513462169607,-0.1242934955938221,0.5265890341390445
2025-02-03,0.0919650633068015,0.0,1,Wipro market update,15.64645884881144,0,2,1,1,0,4,2.3691292151566814,0.1237530890912403,0.5265890341390445
2025-02-04,-0.6490389909035084,0.0,0,Wipro market update,15.395499268150532,1,2,1,0,0,4,2.468640690915566,0.5004164213907796,0.5265890341390445
2025-02-05,1.173747491057639,0.0,0,Wipro market update,15.86794067881971,2,2,1,0,0,4,2.443762821975845,-0.1242934955938221,0.5265890341390445
2025-02-06,-1.0822684308128476,0.0,0,Wipro market update,15.450050950201216,3,2,1,0,0,4,2.4188849530361236,-0.1242934955938221,0.5265890341390445
2025-02-07,-0.1983362690274829,0.0,1,Wipro market update,15.368145499263536,4,2,1,0,1,4,2.3442513462169607,-0.3723400802788846,0.5265890341390445
2025-02-10,-1.342999261271751,0.0,0,Wipro market update,14.844880301122323,0,2,1,1,0,4,2.394007084096403,0.2477763814337715,0.5265890341390445
2025-02-11,-0.3101690359262544,0.0,0,Wipro market update,14.72118554164424,1,2,1,0,0,4,2.3691292151566814,-0.1242934955938221,0.5265890341390445
2025-02-12,0.4577778725349882,0.0,0,Wipro market update,14.893103819822194,2,2,1,0,0,4,2.244739870458076,-0.6249801202358927,0.5265890341390445
2025-02-18,1.1045311900534758,0.0,0,Wipro market update,15.592664043921843,1,2,1,0,0,4,2.3691292151566814,0.6336266242772021,0.5265890341390445
2025-02-19,-1.0984277423334454,-3.469446951953614e-18,0,Wipro market update,15.16824839408683,2,2,1,0,0,4,2.3442513462169607,-0.1242934955938221,0.5265890341390445
2025-02-20,-0.0069866732535375,0.0,0,Wipro market update,15.158610581532123,3,2,1,0,0,4,2.2696177393977965,-0.3769335355508302,0.5265890341390445
2025-02-24,-1.6448215247290838,0.0,0,Wipro market update,14.900936622586114,0,2,1,1,0,4,1.6974267537842094,-0.9235547129123568,0.5265890341390445
2025-02-25,-0.5335220004636252,0.0,0,Wipro market update,14.693559713174526,1,2,1,0,0,4,1.6227931469650465,-0.4044942671825038,0.5265890341390445
2025-02-26,1.5606747471787883,0.0,0,Wipro market update,15.34032718032862,2,2,1,0,0,4,1.5979152780253247,-0.1380738614096589,0.5265890341390445
2025-02-27,-0.3005077131018295,0.0,0,Wipro market update,15.22016066682143,3,2,1,0,0,4,1.573037409085604,-0.1380738614096589,0.5265890341390445
2025-02-28,0.4778080756460841,0.0,0,Wipro market update,15.400143556502448,4,2,1,0,1,4,1.3740144575678344,-1.231316216132712,0.5265890341390445
2025-03-03,0.4279743040088328,0.0,0,Wipro market update,15.560126182095658,0,3,1,1,0,4,1.324258719688392,-0.2804709748399726,0.5265890341390445
2025-03-04,-1.152375504577596,0.0,1,Wipro market update,15.114284594420818,1,3,1,0,0,4,1.249625112869229,-0.4228680882702862,0.5265890341390445
2025-03-06,-0.709803015644425,0.0,0,Wipro market update,14.93438321228763,3,3,1,0,0,4,1.398892326507556,-0.5514848358847632,0.5265890341390445
2025-03-07,1.280997715539586,0.0,0,Wipro market update,15.454235585250805,4,3,1,0,1,4,1.3491365886281137,-0.2804709748399726,0.5265890341390445
2025-03-10,-0.2554033706696059,0.0,0,Wipro market update,15.350957629846016,0,3,1,1,0,4,1.1501136371103442,-1.1256667448779631,0.5265890341390445
2025-03-11,0.7990360175620767,0.0,0,Wipro market update,15.662799494648846,1,3,1,0,0,4,1.0506021613514591,-0.5790455675164367,0.5265890341390445
2025-03-12,1.6096548543298448,0.0,0,Wipro market update,16.33229540549394,2,3,1,0,0,4,0.9013349477131324,-0.8776201601929007,0.5265890341390445
2025-03-13,-2.1863085956939803,0.0,1,Wipro market update,15.423507632890365,3,3,1,0,0,4,0.7769456030145269,-0.7444099573064782,0.5265890341390445
2025-03-14,-1.061588465073322,0.0,0,Wipro market update,15.013787471459018,4,3,1,0,1,4,0.8764570787734105,0.6060658926455285,0.5265890341390445
2025-03-17,1.6247573864868448,0.0,0,Wipro market update,15.690354411964654,0,3,1,1,0,4,0.8267013408939692,-0.298844795927755,0.5265890341390445
2025-03-18,-0.8297182987836328,0.0,1,Wipro market update,15.370703666694604,1,3,1,0,0,4,0.7023119961953627,-0.7535968678503695,0.5265890341390445
2025-03-19,-0.5734300119996435,0.0,0,Wipro market update,15.14827254087095,2,3,1,0,0,4,0.8764570787734105,1.0700048751120343,0.5265890341390445
2025-03-20,2.34206089497905,0.0,1,Wipro market update,16.177477241708115,3,3,1,0,0,4,0.7023119961953627,-1.047578005254888,0.5265890341390445
2025-03-21,-0.8556535560095576,0.0,1,Wipro market update,15.847926134609832,4,3,1,0,1,4,0.7769456030145269,0.4590753239432692,0.5265890341390445
2025-03-25,-1.0722978946095043,0.0,0,Wipro market update,15.179508439722314,1,3,1,0,0,4,1.0506021613514591,0.1467203654509683,0.5265890341390445
2025-03-26,0.9697441758450842,0.0,1,Wipro market update,15.563527278363352,2,3,1,0,0,4,0.9510906855925746,-0.5836390227883823,0.5265890341390445
2025-03-27,-0.2851843456152204,0.0,0,Wipro market update,15.4491338324077,3,3,1,0,0,4,1.0257242924117376,0.4452949581274324,0.5265890341390445
2025-03-31,2.2745955823204063,0.0,0,Wipro market update,15.73281559701186,0,3,1,1,0,4,0.8515792098336898,0.4544818686713236,0.5265890341390445
2025-04-02,-0.0051292672448164,0.0,0,Wipro market update,15.19028911601854,2,4,2,0,0,4,0.9262128166528528,0.4498884133993779,0.5265890341390445
2025-04-07,1.0572391837089326,3.469446951953614e-18,0,Wipro market update,16.44204704221148,0,4,2,1,0,4,0.3291439620995453,0.9873226802170134,0.5265890341390445
2025-04-08,-0.5266492747201904,3.469446951953614e-18,1,Wipro market update,16.237282234513703,1,4,2,0,0,4,0.1549988795214974,-1.1302602001499087,0.5265890341390445
2025-04-10,-0.6341096730999801,3.469446951953614e-18,0,Wipro market update,16.03169873969141,3,4,2,0,0,4,0.3042660931598235,-0.7949379652978799,0.5265890341390445
2025-04-14,-0.4087682188494836,0.0,0,Wipro market update,15.724845782108284,0,4,2,1,0,4,0.3291439620995453,0.1605007312668051,0.5265890341390445
2025-04-15,1.4020103279477825,0.0,0,Wipro market update,16.299016310286806,1,4,2,0,0,4,0.2545103552803811,-0.4825830068055791,0.5265890341390445
2025-04-17,-0.8513178303468094,0.0,1,Wipro market update,15.501076016125545,3,4,2,0,0,4,-0.0191462030565514,-0.505550283165307,0.5265890341390445
2025-04-21,1.271492118206221,0.0,1,Wipro market update,16.016716200334713,0,4,2,1,0,4,0.0306095348228909,0.3396454868726836,0.5265890341390445
2025-04-22,0.5810261140580822,0.0,1,Wipro market update,16.238470968192054,1,4,2,0,0,4,0.1549988795214974,0.8449255667866998,0.5265890341390445
2025-04-23,-0.0488149000650389,0.0,1,Wipro market update,16.21296036792244,2,4,2,0,0,4,0.2793882242201029,0.9965095907609046,0.5265890341390445
2025-04-24,-1.0841887205287102,0.0,0,Wipro market update,15.794219884637531,3,4,2,0,0,4,0.3291439620995453,0.3258651210568468,0.5265890341390445
2025-04-25,-0.754804585612501,0.0,1,Wipro market update,15.503149668148223,4,4,2,0,1,4,0.2793882242201029,-0.321812072287483,0.5265890341390445
2025-04-28,0.7513735618726333,0.0,1,Wipro market update,15.795049026132556,0,4,2,1,0,4,0.3042660931598235,0.1605007312668051,0.5265890341390445
2025-04-29,-0.5282842054800286,0.0,0,Wipro market update,15.589683113389038,1,4,2,0,0,4,0.3788996999789876,0.4866360555749428,0.5265890341390445
2025-04-30,-0.0876147147456849,0.0,0,Wipro market update,15.549446863043078,2,4,2,0,0,4,0.3540218310392659,-0.1610411377693869,0.5265890341390445
2025-05-02,-0.4037522490601911,0.0,0,Wipro market update,15.33050613390908,4,5,2,0,1,4,0.4535333067981507,0.6428135348210933,0.5265890341390445
2025-05-06,0.6432915928282079,0.0,1,Wipro market update,15.390874696996832,1,5,2,0,0,4,0.4286554378584301,-0.1564476824974413,0.5265890341390445
2025-05-07,0.325394697253371,0.0,0,Wipro market update,15.510098299115008,2,5,2,0,0,4,0.4535333067981507,0.1605007312668051,0.5265890341390445
2025-05-09,-2.6396747519477137,0.0,1,Wipro market update,15.047137730889425,4,5,2,0,1,4,0.2545103552803811,0.3258651210568468,0.5265890341390445
2025-05-14,-0.7516453070375572,0.0,1,Wipro market update,14.9036687255649,2,5,2,0,0,4,0.6276783893761997,-0.3080317064716462,0.5265890341390445
2025-05-15,1.0581489529077388,0.0,0,Wipro market update,15.325702776607946,3,5,2,0,0,4,0.7023119961953627,0.4636687792152147,0.5265890341390445
2025-05-16,-0.278303679899351,0.0,0,Wipro market update,15.213906646893667,4,5,2,0,1,4,0.6028005204364779,-0.6111997544200559,0.5265890341390445
2025-05-19,-0.9840652113433308,0.0,0,Wipro market update,14.834610914739123,0,5,2,1,0,4,0.5779226514967573,-0.1564476824974413,0.5265890341390445
2025-05-20,-0.3141042344680422,0.0,0,Wipro market update,14.709392477390091,1,5,2,0,0,4,0.4784111757378724,-0.6249801202358927,0.5265890341390445
2025-05-21,0.8806278175257173,0.0,0,Wipro market update,15.05550695085217,2,5,2,0,0,4,0.4535333067981507,-0.1564476824974413,0.5265890341390445
2025-05-22,1.2759167066582795,0.0,1,Wipro market update,15.573109993837274,3,5,2,0,0,4,0.3291439620995453,-0.7903445100259343,0.5265890341390445
2025-05-23,-0.5178361135252342,0.0,1,Wipro market update,15.37161119376479,4,5,2,0,1,4,0.3540218310392659,0.1605007312668051,0.5265890341390445
2025-05-27,-1.572156943840156,0.0,0,Wipro market update,14.751447434303572,1,5,2,0,0,4,0.4535333067981507,0.6428135348210933,0.5265890341390445
2025-05-28,2.0631610275545937,0.0,1,Wipro market update,15.639075656177994,2,5,2,0,0,4,0.3540218310392659,-0.6341670307797839,0.5265890341390445
2025-05-29,-1.8443342027999443,0.0,0,Wipro market update,14.897180464931036,3,5,2,0,0,4,0.4286554378584301,0.4820426003029972,0.5265890341390445
2025-05-30,0.9939473794046128,0.0,0,Wipro market update,15.291577293510054,4,5,2,0,1,4,0.4037775689187083,-0.1610411377693869,0.5265890341390445
2025-06-02,1.273102367977741,0.0,0,Wipro market update,15.807936313553853,0,6,2,1,0,4,0.3788996999789876,-0.1610411377693869,0.5265890341390445
2025-06-03,-1.5170913270572863,0.0,1,Wipro market update,15.211532700422552,1,6,2,0,0,4,0.2793882242201029,-0.6387604860517295,0.5265890341390445
2025-06-04,1.0751966485949132,0.0,1,Wipro market update,15.64096282930356,2,6,2,0,0,4,0.3042660931598235,0.1605007312668051,0.5265890341390445
2025-06-05,-1.3474960144545138,-3.469446951953614e-18,1,Wipro market update,15.11594769398675,3,6,2,0,0,4,0.3540218310392659,0.3212716657849012,0.5265890341390445
2025-06-06,-0.5947510006378477,0.0,1,Wipro market update,14.885586531472711,4,6,2,0,1,4,0.4286554378584301,0.4820426003029972,0.5265890341390445
2025-06-09,2.0449984177421556,0.0,1,Wipro market update,15.76423118250231,0,6,2,1,0,4,0.5530447825570355,0.7943975587952982,0.5265890341390445
2025-06-10,-1.2716706661607151,0.0,1,Wipro market update,15.27025787817798,1,6,2,0,0,4,0.6276783893761997,0.4682622344871604,0.5265890341390445
2025-06-11,0.6402458348713612,0.0,1,Wipro market update,15.516287320355456,2,6,2,0,0,4,0.7023119961953627,0.4636687792152147,0.5265890341390445
2025-06-12,0.2037798032727603,0.0,0,Wipro market update,15.58781550929904,3,6,2,0,0,4,0.7520677340748051,0.3074912999690644,0.5265890341390445
2025-06-13,-1.4121745915156287,0.0,1,Wipro market update,15.035780145407731,4,6,2,0,1,4,0.6276783893761997,-0.7627837783942607,0.5265890341390445
2025-06-16,-0.3482539911169485,0.0,0,Wipro market update,14.897790530833683,0,6,2,1,0,4,0.7769456030145269,0.9276077616817204,0.5265890341390445
2025-06-17,-0.6952817401036147,0.0,0,Wipro market update,14.629325941413288,1,6,2,0,0,4,0.7520677340748051,-0.1518542272254957,0.5265890341390445
2025-06-18,1.2438865634477092,0.0,0,Wipro market update,15.132723025777748,2,6,2,0,0,4,0.6525562583159202,-0.6066062991481103,0.5265890341390445
2025-06-20,1.66532420921526,0.0,1,Wipro market update,15.828251375963804,4,6,2,0,1,4,0.6276783893761997,-0.1564476824974413,0.5265890341390445
2025-06-23,-2.037532505933212,0.0,1,Wipro market update,14.994258165401996,0,6,2,1,0,4,0.7520677340748051,0.7714302824355701,0.5265890341390445
2025-06-24,0.8536629661091518,0.0,1,Wipro market update,15.328988299395531,1,6,2,0,0,4,0.8764570787734105,0.762243371891679,0.5265890341390445
2025-06-25,0.514605006175298,-3.469446951953614e-18,1,Wipro market update,15.523834250119544,2,6,2,0,0,4,0.9013349477131324,0.1513138207229139,0.5265890341390445
2025-06-26,-0.4706311814897193,0.0,0,Wipro market update,15.340065953050914,3,6,2,0,0,4,0.9262128166528528,0.1467203654509683,0.5265890341390445
2025-06-27,0.7902694962639353,0.0,0,Wipro market update,15.64820417542312,4,6,2,0,1,4,0.8018234719542474,-0.7444099573064782,0.5265890341390445
2025-06-30,-0.4623046147142468,0.0,1,Wipro market update,15.467529109596148,0,6,2,1,0,4,0.7520677340748051,-0.3034382511997006,0.5265890341390445
2025-07-01,-0.0675817960546226,0.0,1,Wipro market update,15.434859394534516,1,7,3,0,0,4,0.8515792098336898,0.6060658926455285,0.5265890341390445
2025-07-02,0.2711944567836249,0.0,1,Wipro market update,15.532708285434085,2,7,3,0,0,4,0.9013349477131324,0.2983043894251731,0.5265890341390445
2025-07-03,-1.4275529382203271,0.0,0,Wipro market update,14.974339855974376,3,7,3,0,0,4,0.9759685545322953,0.4452949581274324,0.5265890341390445
2025-07-07,0.6360498313923215,0.0,1,Wipro market update,15.21863769957127,0,7,3,1,0,4,0.9013349477131324,-0.4412419093580686,0.5265890341390445
2025-07-08,0.95551404430899,0.0,0,Wipro market update,15.5965630785094,1,7,3,0,0,4,0.9262128166528528,0.1467203654509683,0.5265890341390445
2025-07-09,-0.0498983752355442,0.0,0,Wipro market update,15.570606215711456,2,7,3,0,0,4,0.8764570787734105,-0.298844795927755,0.5265890341390445
2025-07-11,-1.4354700607469812,0.0,0,Wipro market update,16.188833758634253,4,7,3,0,1,4,0.4784111757378724,-0.1564476824974413,0.5265890341390445
2025-07-14,-0.4071997530463045,0.0,1,Wipro market update,16.028838226218106,0,7,3,1,0,4,0.4037775689187083,-0.4733960962616879,0.5265890341390445
2025-07-15,0.4232821753954143,0.0,1,Wipro market update,16.186968608589225,1,7,3,0,0,4,0.4535333067981507,0.3166782105129556,0.5265890341390445
2025-07-16,0.4140780772462643,0.0,1,Wipro market update,16.341439262259197,2,7,3,0,0,4,0.6028005204364779,0.9505750380414486,0.5265890341390445
2025-07-18,-1.897140536271151,0.0,0,Wipro market update,15.389922355604067,4,7,3,0,1,4,0.7023119961953627,-0.9005874365526287,0.5265890341390445
2025-07-21,0.4537886377451748,0.0,0,Wipro market update,15.560283410652673,0,7,3,1,0,4,0.6276783893761997,-0.4596157304458511,0.5265890341390445
2025-07-22,0.4252030642404466,0.0,1,Wipro market update,15.719139463789825,1,7,3,0,0,4,0.5779226514967573,-0.3080317064716462,0.5265890341390445
2025-07-23,0.4951642189980224,0.0,0,Wipro market update,15.906114690462664,2,7,3,0,0,4,0.677434127255642,0.6244397137333109,0.5265890341390445
2025-07-24,-1.0417766960316857,0.0,0,Wipro market update,15.504147930330756,3,7,3,0,0,4,0.5530447825570355,-0.7673772336662062,0.5265890341390445
2025-07-25,0.6187861098704099,0.0,0,Wipro market update,15.741349332185452,4,7,3,0,1,4,0.5281669136173148,-0.1564476824974413,0.5265890341390445
2025-07-29,-0.6286981589537505,0.0,0,Wipro market update,15.893676411299628,1,7,3,0,0,4,0.3540218310392659,0.495822966118834,0.5265890341390445
2025-07-30,0.1080771145096559,0.0,0,Wipro market update,15.928036354924062,2,7,3,0,0,4,0.2296324863406604,-0.8224986969295535,0.5265890341390445
2025-07-31,0.0909537409164761,0.0,0,Wipro market update,15.955835629117535,3,7,3,0,0,4,0.1549988795214974,-0.5009568278933615,0.5265890341390445
2025-08-01,-0.7635958311752536,0.0,0,Wipro market update,15.66152159988989,4,8,3,0,1,4,0.0554874037626126,-0.6755081282272943,0.5265890341390445
2025-08-04,1.6892757868653738,0.0,1,Wipro market update,16.368340696542205,0,8,3,1,0,4,0.0306095348228909,-0.1702280483132781,0.5265890341390445
2025-08-05,-0.6983880565836436,0.0,0,Wipro market update,16.098780406871647,1,8,3,0,0,4,0.0554874037626126,0.1696876418106963,0.5265890341390445
2025-08-06,-0.1890980410288764,0.0,1,Wipro market update,16.02035061930661,2,8,3,0,0,4,-0.0440240719962721,-0.6846950387711855,0.5265890341390445
2025-08-07,0.0695972526201926,0.0,0,Wipro market update,16.03999366719462,3,8,3,0,0,4,0.0057316658831702,0.3488323974165748,0.5265890341390445
2025-08-11,1.8221670363026723,0.0,1,Wipro market update,16.319059112651164,0,8,3,1,0,4,-0.0191462030565514,-0.1748215035852237,0.5265890341390445
2025-08-12,0.1992344280456456,0.0,1,Wipro market update,16.38873336509013,1,8,3,0,0,4,0.0554874037626126,0.518790242478562,0.5265890341390445
2025-08-13,-0.1550556283395364,0.0,0,Wipro market update,16.323083459716916,2,8,3,0,0,4,0.1798767484612181,0.8587059326025367,0.5265890341390445
2025-08-14,-0.7362423660173624,0.0,1,Wipro market update,16.03918241352639,3,8,3,0,0,4,0.1301210105817757,-0.3355924381033198,0.5265890341390445
2025-08-15,-2.397451829186849,0.0,1,Wipro market update,15.01728123939642,4,8,3,0,1,4,0.1798767484612181,0.3396454868726836,0.5265890341390445
2025-08-18,-0.6253206531186002,0.0,0,Wipro market update,14.77539741689236,0,8,3,1,0,4,0.2296324863406604,0.335052031600738,0.5265890341390445
2025-08-20,-1.4819960944645552,0.0,1,Wipro market update,15.278534683477888,2,8,3,0,0,4,0.3291439620995453,0.6657808111808213,0.5265890341390445
2025-08-21,0.3082498427708336,0.0,1,Wipro market update,15.39097815773802,3,8,3,0,0,4,0.3540218310392659,0.1650941865387507,0.5265890341390445
2025-08-22,1.537069286118756,0.0,1,Wipro market update,16.026879190439367,4,8,3,0,1,4,0.4037775689187083,0.3258651210568468,0.5265890341390445
2025-08-25,-1.3791010600173073,-3.469446951953614e-18,0,Wipro market update,15.488730643076549,0,8,3,1,0,4,0.4286554378584301,0.1605007312668051,0.5265890341390445
2025-08-26,-1.4388076751301353,0.0,1,Wipro market update,14.925557553801577,1,8,3,0,0,4,0.3042660931598235,-0.8133117863856623,0.5265890341390445
2025-08-27,0.8482218870110583,0.0,0,Wipro market update,15.257996435073451,2,8,3,0,0,4,0.3788996999789876,0.495822966118834,0.5265890341390445
2025-08-28,-0.0956238991411505,0.0,0,Wipro market update,15.214746070002551,3,8,3,0,0,4,0.3540218310392659,-0.1656345930413325,0.5265890341390445
2025-08-29,0.8502641894763896,0.0,0,Wipro market update,15.548050844367,4,8,3,0,1,4,0.2545103552803811,-0.6571343071395119,0.5265890341390445
2025-09-03,-1.3565032055101809,0.0,0,Wipro market update,14.821203506491829,2,9,3,0,0,4,0.2793882242201029,0.1650941865387507,0.5265890341390445
2025-09-04,1.0155014056676936,0.0,0,Wipro market update,15.224886722823152,3,9,3,0,0,4,0.1798767484612181,-0.6617277624114575,0.5265890341390445
2025-09-08,-0.0596743509720513,0.0,1,Wipro market update,15.544028619994176,0,9,3,1,0,4,0.2296324863406604,0.335052031600738,0.5265890341390445
2025-09-09,-0.7975658668177731,0.0,1,Wipro market update,15.236641275360512,1,9,3,0,0,4,0.2793882242201029,0.335052031600738,0.5265890341390445
2025-09-10,2.161817274991798,0.0,0,Wipro market update,16.173672353441013,2,9,3,0,0,4,0.3788996999789876,0.6611873559088757,0.5265890341390445
2025-09-11,-0.0045988869661994,0.0,0,Wipro market update,16.164979332277014,3,9,3,0,0,4,0.3291439620995453,-0.3264055275594286,0.5265890341390445
2025-09-12,-2.391972146973745,0.0,0,Wipro market update,15.14610746693155,4,9,3,0,1,4,0.2793882242201029,-0.3309989828313742,0.5265890341390445
2025-09-15,2.9045573627531924,0.0,1,Wipro market update,16.48034708732056,0,9,3,1,0,4,0.2545103552803811,-0.1656345930413325,0.5265890341390445
2025-09-16,-1.86794172226274,-3.469446951953614e-18,1,Wipro market update,15.72736165525669,1,9,3,0,0,4,0.3042660931598235,0.3304585763287923,0.5265890341390445
2025-09-18,-2.3315172379732787,0.0,0,Wipro market update,15.446514444045937,3,9,3,0,0,4,0.5032890446775931,-0.3172186170155374,0.5265890341390445
2025-09-19,1.647155149377879,0.0,0,Wipro market update,16.13355562728626,4,9,3,0,1,4,0.3540218310392659,-0.9648958103598672,0.5265890341390445
2025-09-22,-2.2775108643267843,0.0,0,Wipro market update,15.176897539683052,0,9,3,1,0,4,0.3291439620995453,-0.1656345930413325,0.5265890341390445
2025-09-23,0.995831957552434,0.0,0,Wipro market update,15.572109234729796,1,9,3,0,0,4,0.1798767484612181,-0.9878630867195952,0.5265890341390445
2025-09-24,1.1501609642298307,0.0,0,Wipro market update,16.034181400190793,2,9,3,0,0,4,0.1549988795214974,-0.1702280483132781,0.5265890341390445
2025-09-25,-0.680824410611086,0.0,0,Wipro market update,15.771258018756493,3,9,3,0,0,4,0.0306095348228909,-0.8454659732892815,0.5265890341390445
2025-09-26,2.106207310004736,0.0,1,Wipro market update,16.680353716430425,4,9,3,0,1,4,-0.0191462030565514,-0.344779348647211,0.5265890341390445
2025-09-29,-1.8985131162875328,0.0,0,Wipro market update,15.913234086057644,0,9,3,1,0,4,0.0057316658831702,0.1742810970826419,0.5265890341390445
2025-09-30,-0.3596328175175275,0.0,0,Wipro market update,15.77094676117574,1,9,3,0,0,4,-0.0689019409359938,-0.5193306489811439,0.5265890341390445
2025-10-02,0.3610032536347705,0.0,0,Wipro market update,16.017424235377952,3,10,4,0,0,4,-0.0937798098757145,-0.1748215035852237,0.5265890341390445
2025-10-06,-0.1117292329216797,0.0,0,Wipro market update,16.01583045097552,0,10,4,1,0,4,0.0057316658831702,0.702528453356386,0.5265890341390445
2025-10-07,0.271425357393023,0.0,1,Wipro market update,16.11381660890226,1,10,4,0,0,4,-0.0689019409359938,-0.5193306489811439,0.5265890341390445
2025-10-08,-0.1977578357181651,0.0,1,Wipro market update,16.032156535254668,2,10,4,0,0,4,0.0057316658831702,0.5233836977505076,0.5265890341390445
2025-10-09,0.1722264834964603,0.0,0,Wipro market update,16.0913307451508,3,10,4,0,0,4,0.1549988795214974,1.037850688208415,0.5265890341390445
2025-10-10,0.3417219989351044,0.0,1,Wipro market update,16.216963223005752,4,10,4,0,1,4,0.0057316658831702,-1.0154238183512687,0.5265890341390445
2025-10-13,0.1158349666270737,0.0,1,Wipro market update,16.254382082475555,0,10,4,1,0,4,0.0803652727023333,0.518790242478562,0.5265890341390445
2025-10-14,0.902081358376858,0.0,1,Wipro market update,16.609597833800002,1,10,4,0,0,4,0.1798767484612181,0.6841546322686036,0.5265890341390445
2025-10-15,-0.3053338743898321,0.0,0,Wipro market update,16.487657273823853,2,10,4,0,0,4,0.2047546174009398,0.1696876418106963,0.5265890341390445
2025-10-16,-0.7226485996633967,0.0,0,Wipro market update,16.208895766604787,3,10,4,0,0,4,0.0306095348228909,-1.171601297597419,0.5265890341390445
2025-10-17,-0.519792338983775,0.0,0,Wipro market update,16.006605386719247,4,10,4,0,1,4,-0.0440240719962721,-0.5147371937091982,0.5265890341390445
2025-10-21,-0.9900598640322308,0.0,1,Wipro market update,15.929546865158215,1,10,4,0,0,4,0.0803652727023333,0.8678928431464278,0.5265890341390445
2025-10-22,0.2900385531554231,0.0,0,Wipro market update,16.03482284044833,2,10,4,0,0,4,0.1549988795214974,0.5141967872066164,0.5265890341390445
2025-10-23,-1.2801202723877616,0.0,0,Wipro market update,15.537401951397223,3,10,4,0,0,4,0.1301210105817757,-0.1702280483132781,0.5265890341390445
2025-10-24,1.2623389912461702,0.0,0,Wipro market update,16.048938587421162,4,10,4,0,1,4,0.0803652727023333,-0.3401858933752654,0.5265890341390445
2025-10-27,-1.0949595124419744,0.0,1,Wipro market update,15.62594473104025,0,10,4,1,0,4,0.0306095348228909,-0.3401858933752654,0.5265890341390445
2025-10-28,-0.1819054592270157,0.0,0,Wipro market update,15.550258837808446,1,10,4,0,0,4,0.0554874037626126,0.1696876418106963,0.5265890341390445
2025-10-29,1.157485204029021,0.0,0,Wipro market update,16.0155756527638,2,10,4,0,0,4,0.0306095348228909,-0.1702280483132781,0.5265890341390445
2025-10-31,-1.1018989844217626,0.0,0,Wipro market update,15.790202647249094,4,10,4,0,1,4,-0.0689019409359938,-0.6892884940431311,0.5265890341390445
2025-11-03,-0.8817787692701298,0.0,0,Wipro market update,15.450460454529257,0,11,4,1,0,4,-0.1186576788154362,-0.3493728039191566,0.5265890341390445
2025-11-04,-0.34365471884463,0.0,1,Wipro market update,15.31421823020688,1,11,4,0,0,4,-0.1932912856345993,-0.5285175595250351,0.5265890341390445
2025-11-05,0.083606346989341,0.0,0,Wipro market update,15.339216492810005,2,11,4,0,0,4,-0.0689019409359938,0.8908601195061558,0.5265890341390445
2025-11-06,0.0157170413423162,0.0,0,Wipro market update,15.338257260331662,3,11,4,0,0,4,-0.1186576788154362,-0.3493728039191566,0.5265890341390445
2025-11-07,1.6959658143775218,0.0,1,Wipro market update,16.048220354534692,4,11,4,0,1,4,-0.1435355477551569,-0.1748215035852237,0.5265890341390445
2025-11-10,-1.643514487418578,0.0,1,Wipro market update,15.39700177401562,0,11,4,1,0,4,-0.0937798098757145,0.3534258526885204,0.5265890341390445
2025-11-11,-0.6341096730999801,0.0,0,Wipro market update,15.151747965375572,1,11,4,0,0,4,0.0306095348228909,0.877079753690319,0.5265890341390445
2025-11-12,-0.0444864851176231,0.0,0,Wipro market update,15.12783566807745,2,11,4,0,0,4,0.0057316658831702,-0.1702280483132781,0.5265890341390445
2025-11-14,-0.6952817401036147,-3.469446951953614e-18,0,Wipro market update,15.35396812519332,4,11,4,0,1,4,-0.0191462030565514,-0.1748215035852237,0.5265890341390445
2025-11-17,1.3773210937992992,0.0,0,Wipro market update,15.91698275774115,0,11,4,1,0,4,-0.0689019409359938,-0.344779348647211,0.5265890341390445
2025-11-19,-0.8196835967124741,0.0,0,Wipro market update,15.706738368031765,2,11,4,0,0,4,0.0803652727023333,1.0470375987523064,0.5265890341390445
2025-11-21,-0.9945620611377816,0.0,0,Wipro market update,15.75259631491656,4,11,4,0,1,4,0.105243141642055,0.1696876418106963,0.5265890341390445
2025-11-26,1.222200313825052,0.0,1,Wipro market update,16.09950399214375,2,11,4,0,0,4,0.0803652727023333,-0.1702280483132781,0.5265890341390445
2025-11-28,-2.0652843670493906,0.0,0,Wipro market update,15.251785089201286,4,11,4,0,1,4,0.1549988795214974,0.5141967872066164,0.5265890341390445
2025-12-02,-0.8071805212701669,0.0,1,Wipro market update,15.012972512634226,1,12,4,0,0,4,0.1798767484612181,0.1696876418106963,0.5265890341390445
2025-12-03,0.946824998972086,0.0,1,Wipro market update,15.387226042255325,2,12,4,0,0,4,0.2793882242201029,0.6749677217247124,0.5265890341390445
2025-12-04,1.1968809891430818,0.0,1,Wipro market update,15.869865162443007,3,12,4,0,0,4,0.4037775689187083,0.8311452009708631,0.5265890341390445
2025-12-05,-0.5830728352590298,0.0,0,Wipro market update,15.643794962563724,4,12,4,0,1,4,0.4784111757378724,0.4866360555749428,0.5265890341390445
2025-12-08,-0.0509823991071623,0.0,1,Wipro market update,15.617501011727876,0,12,4,1,0,4,0.4286554378584301,-0.321812072287483,0.5265890341390445
2025-12-09,0.5937620310356873,0.0,1,Wipro market update,15.84451383435182,1,12,4,0,0,4,0.5032890446775931,0.4866360555749428,0.5265890341390445
2025-12-10,0.5644392935065652,0.0,0,Wipro market update,16.059544609038348,2,12,4,0,0,4,0.5779226514967573,0.4820426003029972,0.5265890341390445
2025-12-11,0.1048148392010527,0.0,0,Wipro market update,16.092736919059735,3,12,4,0,0,4,0.4286554378584301,-0.9557088998159758,0.5265890341390445
2025-12-12,-0.149382445872642,0.0,1,Wipro market update,16.029220829743533,4,12,4,0,1,4,0.3042660931598235,-0.8133117863856623,0.5265890341390445
2025-12-15,-1.9416970707827277,0.0,0,Wipro market update,15.241530552820514,0,12,4,1,0,4,0.4037775689187083,0.6611873559088757,0.5265890341390445
2025-12-16,0.4281873112171347,0.0,1,Wipro market update,15.40157768880436,1,12,4,0,0,4,0.3540218310392659,-0.3264055275594286,0.5265890341390445
2025-12-17,1.1543294678638032,0.0,1,Wipro market update,15.865471923061488,2,12,4,0,0,4,0.4784111757378724,0.8219582904269718,0.5265890341390445
2025-12-18,-0.0763407875353315,0.0,1,Wipro market update,15.829573358954264,3,12,4,0,0,4,0.5032890446775931,0.1605007312668051,0.5265890341390445
2025-12-22,-3.555433103040642,0.0,0,Wipro market update,15.742776696838732,0,12,4,1,0,4,0.9013349477131324,-0.6020128438761647,0.5265890341390445
2025-12-23,-0.859632606475262,0.0,0,Wipro market update,15.411640511014037,1,12,4,0,0,4,0.7769456030145269,-0.7627837783942607,0.5265890341390445
2025-12-24,-0.4128503801994182,0.0,1,Wipro market update,15.249523318642847,2,12,4,0,0,4,0.6276783893761997,-0.9281481681843022,0.5265890341390445
2025-12-26,-2.929669100492769,0.0,0,Wipro market update,13.892009455291364,4,12,4,0,1,4,0.6525562583159202,0.1559072759948595,0.5265890341390445
2025-12-29,1.9271084856018104,0.0,0,Wipro market update,14.712700424249892,0,12,4,1,0,4,0.5779226514967573,-0.4733960962616879,0.5265890341390445
2025-12-30,1.145116826565412,-3.469446951953614e-18,0,Wipro market update,15.172608058833717,1,12,4,0,0,4,0.5032890446775931,-0.4779895515336334,0.5265890341390445
2025-12-31,-1.097656764287624,0.0,1,Wipro market update,14.74858013442178,2,12,4,0,0,4,0.4535333067981507,-0.321812072287483,0.5265890341390445
2026-01-02,1.499086856132436,0.0,0,Wipro market update,15.36700172237526,4,1,1,0,1,4,0.6525562583159202,1.2950841834373688,0.5265890341390445
2026-01-05,0.3211225888352553,0.0,1,Wipro market update,15.48451860702891,0,1,1,1,0,4,0.5032890446775931,-0.9419285340001392,0.5265890341390445
2026-01-06,-0.6980427652858519,0.0,1,Wipro market update,15.215066839773788,1,1,1,0,0,4,0.6028005204364779,0.6428135348210933,0.5265890341390445
2026-01-07,-1.2869725622910353,0.0,0,Wipro market update,14.714899658581263,2,1,1,0,0,4,0.677434127255642,0.472855689759106,0.5265890341390445
2026-01-08,1.8779264540494496,0.0,0,Wipro market update,15.51171333367266,3,1,1,0,0,4,0.6276783893761997,-0.3126251617435918,0.5265890341390445
2026-01-09,-0.297495931023486,0.0,1,Wipro market update,15.392652732162157,4,1,1,0,1,4,0.5281669136173148,-0.6295735755078383,0.5265890341390445
2026-01-12,-0.6894222642862735,0.0,0,Wipro market update,15.126488794330989,0,1,1,1,0,4,0.6276783893761997,0.6382200795491476,0.5265890341390445
2026-01-13,1.4550481409364202,0.0,1,Wipro market update,15.72475687084004,1,1,1,0,0,4,0.5530447825570355,-0.4733960962616879,0.5265890341390445
2026-01-15,-2.8577747853387843,0.0,0,Wipro market update,15.529957104153024,3,1,1,0,0,4,0.7769456030145269,-0.90977434709652,0.5265890341390445
2026-01-22,-1.1461290269863749,0.0,0,Wipro market update,15.333074599715266,3,1,1,0,0,4,-0.1186576788154362,0.1742810970826419,0.5265890341390445
2026-01-23,-0.2711436354342436,0.0,1,Wipro market update,15.223933515685808,4,1,1,0,1,4,-0.1932912856345993,-0.5285175595250351,0.5265890341390445
2026-01-26,-0.6334327286012031,0.0,0,Wipro market update,14.97888040627927,0,1,1,1,0,4,-0.1186576788154362,0.5325706082943988,0.5265890341390445
2026-01-28,0.1666343841826454,0.0,0,Wipro market update,16.10135642864204,2,1,1,0,0,4,-0.2679248924537634,-1.056764915798779,0.5265890341390445
2026-01-29,-0.4075133752727321,0.0,0,Wipro market update,15.94119151341398,3,1,1,0,0,4,-0.3176806303332058,-0.3585597144630478,0.5265890341390445
2026-01-30,-0.3141042344680422,0.0,1,Wipro market update,15.815976665980996,4,1,1,0,1,4,-0.3425584992729265,-0.1840084141291149,0.5265890341390445
2026-02-05,-0.2192526694545405,0.0,0,Wipro market update,16.371690887328946,3,2,1,0,0,4,-0.2679248924537634,-0.1794149588571693,0.5265890341390445
2026-02-06,-0.1966013868234369,0.0,0,Wipro market update,16.290510043467417,4,2,1,0,1,4,-0.3674363682126482,-0.7214426809467502,0.5265890341390445
2026-02-09,-0.2453576152744505,0.0,1,Wipro market update,16.19103946717397,0,2,1,1,0,4,-0.5415814507906961,-1.2818442241241137,0.5265890341390445
2026-02-10,-0.6619887836006119,0.0,0,Wipro market update,15.935254078979902,1,2,1,0,0,4,-0.3923142371523689,1.129719793647327,0.5265890341390445
2026-02-13,-1.6815584040402838,3.469446951953614e-18,0,Wipro market update,16.348095722522373,4,2,1,0,1,4,-0.790360140187908,1.2078085332704025,0.5265890341390445
2026-02-17,-0.2421161740839156,0.0,1,Wipro market update,16.249799211615315,1,2,1,0,0,4,-0.9147494848865134,-0.9832696314476496,0.5265890341390445
2026-02-18,-0.8412216488025391,0.0,0,Wipro market update,15.925772363190234,2,2,1,0,0,4,-0.8898716159467929,0.2018418287143155,0.5265890341390445
2026-02-19,0.422000518050611,0.0,1,Wipro market update,16.083411137675768,3,2,1,0,0,4,-1.039138829585119,-1.199162029229093,0.5265890341390445
2026-02-20,-1.5708691502629977,0.0,0,Wipro market update,15.463938580041631,4,2,1,0,1,4,-0.9893830917056776,0.4085473159518676,0.5265890341390445
2026-02-24,0.1739253040197659,0.0,1,Wipro market update,16.39544712101287,1,2,1,0,0,4,-1.2879175189823309,-1.047578005254888,0.5265890341390445
2026-02-25,0.55190314952473,3.469446951953614e-18,1,Wipro market update,16.60534969504168,2,2,1,0,0,4,-1.1386503053440038,1.2858972728934777,0.5265890341390445
2026-02-26,-0.4616651072733084,0.0,0,Wipro market update,16.424955228887757,3,2,1,0,0,4,-1.0142609606453985,1.0424441434803606,0.5265890341390445
2026-02-27,-0.450815276022879,0.0,0,Wipro market update,16.248553663083637,4,2,1,0,1,4,-1.0888945674645614,-0.6111997544200559,0.5265890341390445
2026-03-02,0.1588277828382207,0.0,1,Wipro market update,16.302556667475294,0,3,1,1,0,4,-1.2381617811028884,-1.2405031266766031,0.5265890341390445
2026-03-03,0.1860175999355475,3.469446951953614e-18,0,Wipro market update,16.36716430381675,1,3,1,0,0,4,-1.1386503053440038,0.8495190220586454,0.5265890341390445
2026-03-05,0.7941319082389859,0.0,1,Wipro market update,16.913194588955587,3,3,1,0,0,4,-1.0888945674645614,0.4177342264957588,0.5265890341390445
2026-03-09,0.4074152101751896,0.0,1,Wipro market update,16.894935837968077,0,3,1,1,0,4,-0.8649937470070711,-0.1977887799449517,0.5265890341390445
2026-03-13,-0.8358247875909752,0.0,0,Wipro market update,16.544487003234742,4,3,1,0,1,4,-0.9893830917056776,-0.7995314205698254,0.5265890341390445
2026-03-16,0.7488590106640846,0.0,1,Wipro market update,16.835364598280325,0,3,1,1,0,4,-1.1137724364042831,-1.0154238183512687,0.5265890341390445
2026-03-17,-1.9777904781329287,0.0,0,Wipro market update,16.03030225918391,1,3,1,0,0,4,-1.0888945674645614,0.2064352839862611,0.5265890341390445
2026-03-18,1.4451306210525687,0.0,0,Wipro market update,16.624063555086046,2,3,1,0,0,4,-1.1635281742837251,-0.6203866649639471,0.5265890341390445
2026-03-20,0.8545116738324324,0.0,1,Wipro market update,16.515226189501057,4,3,1,0,1,4,-1.2630396500426102,-0.8408725180173359,0.5265890341390445
2026-03-23,-0.5624939017485626,0.0,0,Wipro market update,16.29696132640071,0,3,1,1,0,4,-1.2381617811028884,0.2156221945301523,0.5265890341390445
2026-03-24,-0.8876102007037954,0.0,0,Wipro market update,15.955082599402346,1,3,1,0,0,4,-1.3874289947412155,-1.277250768852168,0.5265890341390445
2026-03-25,0.3419447125282394,3.469446951953614e-18,0,Wipro market update,16.080798790014043,2,3,1,0,0,4,-1.4123068636809375,-0.2207560563046798,0.5265890341390445
2026-03-27,1.5753302692109794,0.0,0,Wipro market update,16.181380355145826,4,3,1,0,1,4,-1.4371847326206582,-0.2207560563046798,0.5265890341390445
2026-03-30,0.1727120092226365,0.0,1,Wipro market update,16.240764597754254,0,3,1,1,0,4,-1.4620626015603797,-0.2207560563046798,0.5265890341390445
2026-03-31,-0.0380103128736068,0.0,0,Wipro market update,16.219315696688653,1,3,1,0,0,4,-1.3376732568617733,1.1113459725595447,0.5265890341390445
2026-04-01,-0.3253369675034471,0.0,1,Wipro market update,16.089850588382795,2,4,2,0,0,4,-1.362551125801495,-0.2161626010327342,0.5265890341390445
2026-04-02,0.1761073665464353,0.0,1,Wipro market update,16.150524214986824,3,4,2,0,0,4,-1.2381617811028884,1.0883786961998163,0.5265890341390445
2026-04-06,-0.5860715834255207,0.0,1,Wipro market update,15.923418193446697,0,4,2,1,0,4,-1.1635281742837251,0.6382200795491476,0.5265890341390445
2026-04-07,1.001317368918806,0.0,0,Wipro market update,16.320954940609138,1,4,2,0,0,4,-1.0142609606453985,1.258336541261804,0.5265890341390445
2026-04-09,1.7877367479478747,0.0,0,Wipro market update,16.38829078932557,3,4,2,0,0,4,-0.9893830917056776,0.2018418287143155,0.5265890341390445
2026-04-14,-0.8549305686778409,0.0,1,Wipro market update,16.170564848700444,1,4,2,0,0,4,-1.1137724364042831,-0.6157932096920016,0.5265890341390445
2026-04-15,0.1023017703567623,0.0,0,Wipro market update,16.20273096567975,2,4,2,0,0,4,-0.9645052227659558,1.244556175445967,0.5265890341390445
2026-04-17,-2.407427116779284,0.0,0,Wipro market update,15.83877862706082,4,4,2,0,1,4,-1.1635281742837251,0.6382200795491476,0.5265890341390445
2026-04-20,0.0306261732027708,0.0,0,Wipro market update,15.843474709364582,0,4,2,1,0,4,-1.2879175189823309,-1.047578005254888,0.5265890341390445
2026-04-21,1.4954410284961672,0.0,0,Wipro market update,16.460251775071566,1,4,2,0,0,4,-1.3127953879220526,-0.2161626010327342,0.5265890341390445
2026-04-22,-0.1290736852834501,0.0,0,Wipro market update,16.40446944298435,2,4,2,0,0,4,-1.362551125801495,-0.4320549988141774,0.5265890341390445
2026-04-24,-2.393964206499487,0.0,1,Wipro market update,15.964874655507254,4,4,2,0,1,4,-1.5366962083795428,0.2248091050740435,0.5265890341390445
2026-04-27,-0.2239253027753187,0.0,0,Wipro market update,15.873422108814184,0,4,2,1,0,4,-1.511818339439822,0.2248091050740435,0.5265890341390445
2026-04-28,-0.0939644496051463,0.0,0,Wipro market update,15.830800303718704,1,4,2,0,0,4,-1.5615740773192646,-0.4504288199019598,0.5265890341390445
2026-04-29,0.0552323137769198,0.0,1,Wipro market update,15.844908156071662,2,4,2,0,0,4,-1.5864519462589852,-0.2253495115766254,0.5265890341390445
2026-04-30,0.1115843906349573,0.0,0,Wipro market update,15.880701160668378,3,4,2,0,0,4,-1.5366962083795428,0.4544818686713236,0.5265890341390445
2026-05-01,-2.0960154166044274,0.0,0,Wipro market update,15.017672022804884,4,5,2,0,1,4,-1.5615740773192646,-0.2253495115766254,0.5265890341390445
2026-05-04,2.04943368668028,0.0,0,Wipro market update,15.898495937825286,0,5,2,1,0,4,-1.6610855530781488,-0.9051808918245744,0.5265890341390445
2026-05-06,0.4356277535728435,0.0,0,Wipro market update,15.757326766842208,2,5,2,0,0,4,-1.6362076841384277,0.2294025603459891,0.5265890341390445
2026-05-07,1.839252628024548,0.0,0,Wipro market update,16.535489395807907,3,5,2,0,0,4,-1.68596342201787,-0.4596157304458511,0.5265890341390445
2026-05-08,-0.0981153995189756,0.0,0,Wipro market update,16.491354390445427,4,5,2,0,1,4,-1.7605970288370336,-0.6984754045870223,0.5265890341390445
2026-05-11,-0.1355417043614091,0.0,0,Wipro market update,16.43303784201228,0,5,2,1,0,4,-1.8849863735356396,-1.1761947528693648,0.5265890341390445
2026-05-12,-0.2571803498922125,0.0,0,Wipro market update,16.329069531304963,1,5,2,0,0,4,-1.984497849294524,-0.9694892656318128,0.5265890341390445
2026-05-13,1.32463487388477,0.0,1,Wipro market update,16.868397959241705,2,5,2,0,0,4,-2.0840093250534086,-0.9878630867195952,0.5265890341390445
2026-05-14,-0.0528807613864249,0.0,1,Wipro market update,16.84135007557111,3,5,2,0,0,4,-2.009375718234245,0.7576499166197334,0.5265890341390445
2026-05-15,-1.2865691858401012,3.469446951953614e-18,1,Wipro market update,16.341271281757976,4,5,2,0,1,4,-1.909864242475361,0.9919161354889592,0.5265890341390445
2026-05-18,0.2531000114348829,0.0,0,Wipro market update,16.432030167610854,0,5,2,1,0,4,-1.7854748977767547,1.2169954438142934,0.5265890341390445
2026-05-19,-1.0604427520523585,0.0,1,Wipro market update,16.022762580892014,1,5,2,0,0,4,-1.810352766716476,-0.2391298773924622,0.5265890341390445
2026-05-20,-0.4232397251446868,0.0,1,Wipro market update,15.856744003621005,2,5,2,0,0,4,-1.7108412909575912,0.9505750380414486,0.5265890341390445
2026-05-21,-0.1905391655618349,0.0,1,Wipro market update,15.77780025536953,3,5,2,0,0,4,-1.68596342201787,0.2339960156179347,0.5265890341390445
2026-05-22,-0.0112384538087796,0.0,1,Wipro market update,15.766550526965784,4,5,2,0,1,4,-1.611329815198707,0.6979349980844405,0.5265890341390445
2026-05-26,0.9772138609033428,0.0,0,Wipro market update,16.15378137338769,1,5,2,0,0,4,-1.4869404705001004,1.1435001594631635,0.5265890341390445
2026-05-27,0.3759414479201535,0.0,1,Wipro market update,16.292989775878073,2,5,2,0,0,4,-1.511818339439822,-0.2253495115766254,0.5265890341390445
2026-05-29,-0.3295997614863377,3.469446951953614e-18,1,Wipro market update,16.899784749132802,4,5,2,0,1,4,-0.7406044023084657,-1.323185321571624,0.5265890341390445
2026-06-01,-0.2911826232459957,3.469446951953614e-18,0,Wipro market update,16.783177714673055,0,6,2,1,0,4,-0.6162150576098591,0.9735423144011768,0.5265890341390445
2026-06-04,1.375426481242761,3.469446951953614e-18,1,Wipro market update,15.99887294196943,3,6,2,0,0,4,-1.4620626015603797,-1.2956245899399503,0.5265890341390445
2026-06-05,-0.5025568968877434,3.469446951953614e-18,1,Wipro ( NYSE : WIT ) Shares Gap Down – Time to Sell ? ,15.803056221970916,4,6,2,0,1,4,-1.3874289947412155,0.6657808111808213,0.5265890341390445
2026-06-09,-0.8372631453541921,3.469446951953614e-18,0,"Ahead of Market : 10 things that will decide stock market action on Wednesday | Wipro shares hit fresh 52 week low ahead of buyback opening ; buy , add or wait ?  | IndiGo shares gain 2 % after analyst meet . Why Goldman , Morgan Stanley , others see up to 38 % upside ?  | RVNL shares jump 3 % after securing Rs 221 crore Railway contract",16.18077002941107,1,6,2,0,0,4,-1.2381617811028884,-0.4228680882702862,0.5265890341390445
2026-06-10,-1.708405787984605,3.469446951953614e-18,1,"Secondaries Edge : Secondaries Boom Faces Quality Squeeze as New Liquidity Machines Multiply | Will AI - led tech unwinding pause Rs 60 , 000 crore FII selloff in Indian IT stocks ?  | Wipro ₹15 , 000 crore buyback opens tomorrow : Should you tender your shares ? Key details explained | Sensex up over 500 pts , Nifty nears 23 , 400 : Reliance , FMCG stocks among key factors driving gains despite Iran tensions | Four IT stocks in India with strong growth plans",15.50072380886684,2,6,2,0,0,4,-1.3874289947412155,-1.277250768852168,0.5265890341390445
2026-06-11,1.2775228481728087,3.469446951953614e-18,1,"Stock Market Highlights , June 11 : Sensex , Nifty end lower as West Asia tensions weigh ; IT stocks extend losing streak | IT Stocks Crash Today : TCS , Infosys , Wipro चे शेअर्स नीचांकी पातळीवर ; ५ मोठी कारणे !  | Wipro Buyback 2026 : Wipro Rs 15 , 000 crore buyback opens - what it means for retail investors | Taking Stock : Nifty ends near 23 , 150 in volatile trade ; pharma , private banks rally | Wipro Rs 15 , 000 Crore Buyback Opens Today : Check Eligibility , Tender Process , Key Dates And Potential Gains | Global Tech Stocks Sell - Off ; अखेर बुल रनचा फुगा फुटला ... Share Market मध्ये त्सुनामीचे संकेत ; IT कंपन्यांना आली उपरती , गुंतवणूकदारांचा हिरमोड | Sensex Drops 450 Points In Early Trade , Nifty Slips Below 23 , 100 As Oil Prices Surge On West Asia Tensions | Momentum Stocks : HCLTech , LTIMindtree , Zensar Tech , RVNL , Kalyan Jewellers hit 52 - week low | Wipro Rs 15 , 000 crore buyback opens today : Analysts expect 7 - 8 % returns for retail investors . Here how | Daily Voice : AI stocks in a late - cycle momentum trade , not headed for a structural collapse ; Rishabh Nahar warns against complacency at current valuations",16.019037566525565,3,6,2,0,0,4,-1.2630396500426102,1.0929721514717623,0.5265890341390445
2026-06-12,-1.1656809800893635,3.469446951953614e-18,1,Cognizant dropped from Nasdaq - 100 Index for the first time in over two decades | Nifty in control of FIIs ? The unlucky 13 bluechips facing the hardest institutional selloff,15.56788814105138,4,6,2,0,1,4,-1.1386503053440038,1.0700048751120343,0.5265890341390445
2026-06-23,0.7449006623714878,3.469446951953614e-18,0,"Ahead of Market : 10 things that will decide stock market action on Wednesday | Nifty , Sensex , Borader Market Slump on Global Selloff : Tuesday Market Report | लगातार तेजी के बाद फिसला बाजार , सेंसेक्स 893 अंक गिरा ; आईटी , मेटल और पीएसयू बैंक के शेयरों में भारी गिरावट | sensex - falls - 893 - points - it - metal - psu - bank - stocks - decline | शेयर बाजार में भारी गिरावट : सेंसेक्स 500 अंक फिसला , निफ्टी 24 , 000 के नीचे ; जानिए गिरावट की 3 बड़ी वजह | Top Gainers & Losers on June 23 : Vedanta , Hindustan Zinc , Infosys , TCS , Bank of Baroda among top losers | Sensex tumbles 900 points , Nifty closes below 23 , 900 amid sell - off in IT stocks | Markets | Taking Stock : Nifty slips below 23 , 850 , Sensex sheds 893 pts ; pharma outperforms | Why Accenture ( ACN ) Stock Is Down Today",16.55991203881775,1,6,2,0,0,4,-0.9147494848865134,1.0240703223925782,0.5265890341390445
2026-07-02,-2.189679603209133,3.469446951953614e-18,0,"Stock Market Highlights , Jun 29 : Sensex falls 372 pts to settle at 76 , 728 , Nifty closes below 24 , 000 ; Kotak Bank , M & M top losers",16.467928309761973,3,7,3,0,0,4,-1.909864242475361,0.4912295108468884,0.5265890341390445
2026-07-06,0.7846369497804438,0.0,1,"Indian equities open higher amid monsoon revival , FII inflows | Navi eyes Rs 3 , 000 - crore IPO ; inside IT CEO pay",16.773701958642924,0,7,3,1,0,4,-2.0342535871739664,-1.2175358503168752,0.5265890341390445
2026-07-07,-1.050146360045637,0.0,0,"TCS , Infosys and other Indian IT stocks rise up to 4 % after AI worries trigger Kospi selloff | Vedanta Iron and Steel , Vedanta Aluminium , 2 other stocks drop up to 5 %. What spooking investors ?  | IT stocks are beginning to offer bank FD - like dividend yields . But is that a trap for investors ? ",16.368449695996613,1,7,3,0,0,4,-2.009375718234245,0.2477763814337715,0.5265890341390445
2026-07-08,-0.7787700288164472,0.0,1,"पश्चिम एशिया तनाव का असर , शेयर बाजार में गिरावट , सेंसेक्स और निफ्टी भी दबाव में | Google Cloud big India AI bet ; Swiggy crosses key ownership threshold",16.06825403921157,2,7,3,0,0,4,-2.0591314561136875,-0.4963633726214159,0.5265890341390445
2026-07-09,-1.0436773168095392,0.0,1,How to trade TCS shares before Q1 results ? Key levels and 5 things to watch out for | TCS shares dip 2 % ahead of Q1 earnings today . What can shareholders expect ? ,15.6655705385905,3,7,3,0,0,4,-2.009375718234245,0.5004164213907796,0.5265890341390445
2026-07-10,2.331755332550603,0.0,0,"Global stocks rise on Friday , ending the week on a quiet note | Closing Bell : Sensex Surges Over 825 Points , Nifty Reclaims 24 , 200 as TCS - Led IT Rally , Lower Crude Prices and Positive Global Cues Lift Markets | TCS shares close 1 % higher after Q1 earnings beat ; valuation zooms ₹7 , 706 cr | Why Are IT Stocks Rising Today ? TCS Earnings , Global Tech Rally Lift Sensex , Nifty | शुरुआती कारोबार में शेयर बाजार में तेजी , सेंसेक्स और निफ्टी में जोरदार उछाल | AI , Iran war risks weigh on Indian IT firm earnings outlook",16.68943112289568,4,7,3,0,1,4,-1.959619980354803,0.495822966118834,0.5265890341390445
