date,open,high,low,close,volume,company,ticker,price_change,volume_change,high_low_ratio,target
2023-01-04,124.77,126.51,122.99,124.25,89113600,Apple,AAPL,0.0103,-0.2052,1.0286,0
2023-01-05,125.01,125.64,122.68,122.93,80962700,Apple,AAPL,-0.0106,-0.0915,1.0241,1
2023-01-06,123.91,128.12,122.81,127.46,87754700,Apple,AAPL,0.0368,0.0839,1.0432,1
2023-01-09,128.29,131.18,127.72,127.98,70790800,Apple,AAPL,0.0041,-0.1933,1.0271,1
2023-01-10,128.09,129.07,125.98,128.55,63896200,Apple,AAPL,0.0045,-0.0974,1.0245,1
2023-01-11,129.06,131.28,128.28,131.26,69458900,Apple,AAPL,0.0211,0.0871,1.0234,0
2023-01-12,131.65,132.02,129.25,131.18,71379600,Apple,AAPL,-0.0006,0.0277,1.0215,1
2023-01-13,129.83,132.67,129.46,132.51,57809700,Apple,AAPL,0.0101,-0.1901,1.0248,1
2023-01-17,132.58,135.0,131.89,133.67,63646600,Apple,AAPL,0.0088,0.101,1.0236,0
2023-01-18,134.54,136.3,132.78,132.95,69672800,Apple,AAPL,-0.0054,0.0947,1.0265,1
2023-01-19,131.84,133.98,131.54,133.01,58280400,Apple,AAPL,0.0004,-0.1635,1.0185,1
2023-01-20,133.02,135.72,131.98,135.57,80223600,Apple,AAPL,0.0192,0.3765,1.0283,1
2023-01-23,135.81,140.93,135.6,138.76,81760300,Apple,AAPL,0.0235,0.0192,1.0393,1
2023-01-24,137.97,140.77,137.96,140.15,66435100,Apple,AAPL,0.0101,-0.1874,1.0204,0
2023-01-25,138.54,140.05,136.49,139.49,65799300,Apple,AAPL,-0.0047,-0.0096,1.0261,1
2023-01-26,140.78,141.84,139.53,141.56,54105100,Apple,AAPL,0.0148,-0.1777,1.0166,1
2023-01-27,140.77,144.77,140.69,143.49,70555800,Apple,AAPL,0.0137,0.3041,1.029,0
2023-01-30,142.54,143.12,140.47,140.61,64015300,Apple,AAPL,-0.0201,-0.0927,1.0189,1
2023-01-31,140.32,141.93,139.91,141.88,65874500,Apple,AAPL,0.009,0.029,1.0145,1
2023-02-01,141.57,144.16,138.96,143.0,77663600,Apple,AAPL,0.0079,0.179,1.0374,1
2023-02-02,146.41,148.66,145.7,148.3,118339000,Apple,AAPL,0.0371,0.5237,1.0203,1
2023-02-03,145.56,154.75,145.36,151.92,154357300,Apple,AAPL,0.0244,0.3044,1.0646,0
2023-02-06,150.02,150.54,148.26,149.2,69858300,Apple,AAPL,-0.0179,-0.5474,1.0154,1
2023-02-07,148.13,152.64,148.13,152.07,83322600,Apple,AAPL,0.0192,0.1927,1.0305,0
2023-02-08,151.31,152.0,148.65,149.38,64120100,Apple,AAPL,-0.0177,-0.2305,1.0226,0
2023-02-09,151.21,151.75,147.91,148.35,56007100,Apple,AAPL,-0.0069,-0.1265,1.026,1
2023-02-10,147.19,149.04,146.95,148.72,57450700,Apple,AAPL,0.0025,0.0258,1.0142,1
2023-02-13,148.66,151.92,148.63,151.51,62199000,Apple,AAPL,0.0188,0.0826,1.0221,0
2023-02-14,149.81,151.43,148.57,150.87,61707600,Apple,AAPL,-0.0042,-0.0079,1.0193,1
2023-02-15,150.78,153.14,150.56,152.97,65573800,Apple,AAPL,0.0139,0.0627,1.0171,0
2023-02-16,151.18,153.96,151.02,151.38,68167900,Apple,AAPL,-0.0104,0.0396,1.0194,0
2023-02-17,150.04,150.68,148.56,150.23,59144100,Apple,AAPL,-0.0075,-0.1324,1.0143,0
2023-02-21,147.92,149.0,146.16,146.22,58867200,Apple,AAPL,-0.0267,-0.0047,1.0195,1
2023-02-22,146.61,147.67,144.92,146.65,51011300,Apple,AAPL,0.0029,-0.1335,1.019,1
2023-02-23,147.81,148.06,145.0,147.13,48394200,Apple,AAPL,0.0033,-0.0513,1.0211,0
2023-02-24,144.88,144.95,143.51,144.48,55469600,Apple,AAPL,-0.018,0.1462,1.0101,1
2023-02-27,145.47,146.9,145.21,145.67,44998500,Apple,AAPL,0.0082,-0.1888,1.0117,0
2023-02-28,144.82,146.82,144.6,145.17,50547000,Apple,AAPL,-0.0034,0.1233,1.0153,0
2023-03-01,144.6,144.99,142.81,143.1,55479000,Apple,AAPL,-0.0142,0.0976,1.0153,1
2023-03-02,142.19,144.48,141.71,143.69,52238100,Apple,AAPL,0.0041,-0.0584,1.0195,1
2023-03-03,145.79,148.82,145.09,148.74,70732300,Apple,AAPL,0.0351,0.354,1.0257,1
2023-03-06,151.45,153.93,151.13,151.49,87558000,Apple,AAPL,0.0185,0.2379,1.0185,0
2023-03-07,151.37,151.69,148.83,149.3,56182000,Apple,AAPL,-0.0145,-0.3583,1.0192,1
2023-03-08,150.49,151.14,149.52,150.55,47204800,Apple,AAPL,0.0084,-0.1598,1.0108,0
2023-03-09,151.23,152.19,147.95,148.3,53833600,Apple,AAPL,-0.0149,0.1404,1.0287,0
2023-03-10,147.93,148.65,145.37,146.24,68572400,Apple,AAPL,-0.0139,0.2738,1.0226,1
2023-03-13,145.57,150.81,145.46,148.18,84457100,Apple,AAPL,0.0133,0.2316,1.0368,1
2023-03-14,148.98,151.07,147.82,150.27,73695900,Apple,AAPL,0.0141,-0.1274,1.022,1
2023-03-15,148.89,150.92,147.64,150.67,77167900,Apple,AAPL,0.0026,0.0471,1.0222,1
2023-03-16,149.85,154.08,149.34,153.48,76161100,Apple,AAPL,0.0187,-0.013,1.0318,0
2023-03-17,153.71,154.36,151.94,152.65,98944600,Apple,AAPL,-0.0055,0.2991,1.0159,1
2023-03-20,152.71,155.42,151.81,155.01,73641400,Apple,AAPL,0.0155,-0.2557,1.0238,1
2023-03-21,154.93,156.98,154.16,156.86,73938300,Apple,AAPL,0.0119,0.004,1.0183,0
2023-03-22,156.88,159.68,155.41,155.43,75701800,Apple,AAPL,-0.0091,0.0239,1.0274,1
2023-03-23,156.42,159.1,155.29,156.52,67622100,Apple,AAPL,0.007,-0.1067,1.0245,1
2023-03-24,156.45,157.9,155.45,157.82,59196500,Apple,AAPL,0.0083,-0.1246,1.0158,0
2023-03-27,157.51,158.33,155.47,155.88,52390300,Apple,AAPL,-0.0123,-0.115,1.0184,0
2023-03-28,155.57,156.08,153.61,155.26,45992200,Apple,AAPL,-0.004,-0.1221,1.0161,1
2023-03-29,156.95,158.6,156.93,158.33,51305700,Apple,AAPL,0.0198,0.1155,1.0107,1
2023-03-30,159.08,160.0,158.82,159.89,49501700,Apple,AAPL,0.0099,-0.0352,1.0074,1
2023-03-31,159.97,162.49,159.45,162.4,68749800,Apple,AAPL,0.0156,0.3888,1.0191,1
2023-04-03,161.78,163.76,161.73,163.65,56976200,Apple,AAPL,0.0077,-0.1713,1.0126,0
2023-04-04,164.07,164.31,162.6,163.11,46278300,Apple,AAPL,-0.0032,-0.1878,1.0105,0
2023-04-05,162.24,162.54,159.34,161.27,51511700,Apple,AAPL,-0.0113,0.1131,1.0201,1
2023-04-06,159.96,162.45,159.54,162.16,45390100,Apple,AAPL,0.0055,-0.1188,1.0183,0
2023-04-10,158.97,159.57,157.65,159.57,47716900,Apple,AAPL,-0.016,0.0513,1.0122,0
2023-04-11,159.88,159.89,158.07,158.36,47644200,Apple,AAPL,-0.0076,-0.0015,1.0115,0
2023-04-12,158.77,159.6,157.35,157.67,50133100,Apple,AAPL,-0.0044,0.0522,1.0143,1
2023-04-13,159.18,163.28,158.97,163.05,68445600,Apple,AAPL,0.0341,0.3653,1.0271,0
2023-04-14,162.09,163.79,161.33,162.7,49386500,Apple,AAPL,-0.0021,-0.2785,1.0153,1
2023-04-17,162.58,162.88,161.54,162.72,41516200,Apple,AAPL,0.0001,-0.1594,1.0083,1
2023-04-18,163.58,164.87,163.13,163.94,49923000,Apple,AAPL,0.0075,0.2025,1.0106,1
2023-04-19,163.28,165.61,163.03,165.08,47720200,Apple,AAPL,0.007,-0.0441,1.0158,0
2023-04-20,163.57,165.32,163.05,164.12,52456400,Apple,AAPL,-0.0058,0.0992,1.014,0
2023-04-21,162.54,163.92,161.99,162.51,58337300,Apple,AAPL,-0.0098,0.1121,1.0119,1
2023-04-24,162.49,163.08,161.4,162.82,41949600,Apple,AAPL,0.0019,-0.2809,1.0104,0
2023-04-25,162.68,163.78,161.24,161.28,48714100,Apple,AAPL,-0.0094,0.1613,1.0158,0
2023-04-26,160.58,162.77,160.33,161.27,45498800,Apple,AAPL,-0.0001,-0.066,1.0152,1
2023-04-27,162.68,166.0,162.68,165.85,64902300,Apple,AAPL,0.0284,0.4265,1.0204,1
2023-04-28,165.93,167.27,165.33,167.1,55275900,Apple,AAPL,0.0075,-0.1483,1.0117,0
2023-05-01,166.71,167.86,166.08,167.01,52472900,Apple,AAPL,-0.0005,-0.0507,1.0107,0
2023-05-02,167.51,167.76,165.0,165.98,48425700,Apple,AAPL,-0.0062,-0.0771,1.0168,0
2023-05-03,166.93,168.32,164.62,164.91,65136000,Apple,AAPL,-0.0065,0.3451,1.0225,0
2023-05-04,162.39,164.5,161.81,163.27,81235400,Apple,AAPL,-0.0099,0.2472,1.0166,1
2023-05-05,168.38,171.65,168.17,170.93,113453200,Apple,AAPL,0.0469,0.3966,1.0207,0
2023-05-08,169.86,171.21,169.5,170.86,55962800,Apple,AAPL,-0.0004,-0.5067,1.0101,0
2023-05-09,170.42,170.9,168.99,169.16,45326900,Apple,AAPL,-0.01,-0.1901,1.0113,1
2023-05-10,170.39,171.39,169.29,170.92,53724500,Apple,AAPL,0.0104,0.1853,1.0124,1
2023-05-11,171.21,171.94,169.56,171.11,49514700,Apple,AAPL,0.0011,-0.0784,1.0141,0
2023-05-12,171.22,171.65,168.64,170.18,45533100,Apple,AAPL,-0.0054,-0.0804,1.0179,0
2023-05-15,170.77,170.82,169.1,169.69,37266700,Apple,AAPL,-0.0029,-0.1815,1.0101,0
2023-05-16,169.61,170.75,169.42,169.69,42110300,Apple,AAPL,0.0,0.13,1.0078,1
2023-05-17,169.34,170.54,168.06,170.3,57951600,Apple,AAPL,0.0036,0.3762,1.0147,1
2023-05-18,170.61,172.82,170.19,172.63,65496700,Apple,AAPL,0.0137,0.1302,1.0154,1
2023-05-19,173.95,173.95,172.52,172.74,55809500,Apple,AAPL,0.0006,-0.1479,1.0083,0
2023-05-22,171.57,172.29,171.05,171.79,43570900,Apple,AAPL,-0.0055,-0.2193,1.0073,0
2023-05-23,170.74,170.98,168.91,169.19,50747300,Apple,AAPL,-0.0152,0.1647,1.0123,1
2023-05-24,168.72,170.04,168.16,169.46,45143500,Apple,AAPL,0.0016,-0.1104,1.0111,1
2023-05-25,170.03,171.5,169.32,170.6,56058300,Apple,AAPL,0.0067,0.2418,1.0129,1
2023-05-26,170.92,173.34,170.72,173.0,54835000,Apple,AAPL,0.0141,-0.0218,1.0154,1
2023-05-30,174.51,176.52,174.13,174.85,55964400,Apple,AAPL,0.0107,0.0206,1.0137,0
2023-05-31,174.88,176.87,174.32,174.8,99625300,Apple,AAPL,-0.0003,0.7802,1.0147,1
2023-06-01,175.24,177.63,174.48,177.6,68901800,Apple,AAPL,0.016,-0.3084,1.018,1
2023-06-02,178.53,179.27,176.78,178.45,61996900,Apple,AAPL,0.0048,-0.1002,1.0141,0
2023-06-05,180.11,182.39,175.58,177.1,121946500,Apple,AAPL,-0.0076,0.967,1.0388,0
2023-06-06,177.48,177.63,174.98,176.73,64848400,Apple,AAPL,-0.0021,-0.4682,1.0152,0
2023-06-07,175.97,178.7,174.87,175.36,61944600,Apple,AAPL,-0.0078,-0.0448,1.0219,1
2023-06-08,175.44,178.34,175.01,178.07,50214900,Apple,AAPL,0.0155,-0.1894,1.019,1
2023-06-09,178.99,179.71,178.13,178.46,48900000,Apple,AAPL,0.0022,-0.0262,1.0089,1
2023-06-12,178.76,181.35,178.47,181.25,54274900,Apple,AAPL,0.0156,0.1099,1.0161,0
2023-06-13,180.27,181.6,179.92,180.78,54929100,Apple,AAPL,-0.0026,0.0121,1.0094,1
2023-06-14,180.83,181.84,179.5,181.41,57462900,Apple,AAPL,0.0035,0.0461,1.013,1
2023-06-15,181.42,183.94,181.24,183.44,65433200,Apple,AAPL,0.0112,0.1387,1.0149,0
2023-06-16,184.15,184.4,181.72,182.36,101256200,Apple,AAPL,-0.0059,0.5475,1.0148,1
2023-06-20,181.86,183.53,181.86,182.45,49799100,Apple,AAPL,0.0005,-0.5082,1.0092,0
2023-06-21,182.34,182.85,180.07,181.42,49515700,Apple,AAPL,-0.0057,-0.0057,1.0154,1
2023-06-22,181.2,184.46,181.13,184.41,51245300,Apple,AAPL,0.0165,0.0349,1.0184,0
2023-06-23,182.98,184.97,182.45,184.1,53117000,Apple,AAPL,-0.0017,0.0365,1.0138,0
2023-06-26,184.25,185.45,182.67,182.71,48088700,Apple,AAPL,-0.0076,-0.0947,1.0152,1
2023-06-27,183.32,185.79,183.1,185.46,50730800,Apple,AAPL,0.0151,0.0549,1.0146,1
2023-06-28,185.33,187.27,185.01,186.63,51216800,Apple,AAPL,0.0063,0.0096,1.0123,1
2023-06-29,186.47,187.44,186.33,186.97,46347300,Apple,AAPL,0.0018,-0.0951,1.006,1
2023-06-30,188.98,191.79,188.62,191.29,85213200,Apple,AAPL,0.0231,0.8386,1.0168,0
2023-07-03,191.1,191.2,189.11,189.8,31458200,Apple,AAPL,-0.0078,-0.6308,1.0111,0
2023-07-05,188.92,190.31,187.98,188.68,46920300,Apple,AAPL,-0.0059,0.4915,1.0124,1
2023-07-06,187.22,189.37,186.58,189.16,45094300,Apple,AAPL,0.0025,-0.0389,1.0149,0
2023-07-07,188.76,190.01,187.61,188.04,46815000,Apple,AAPL,-0.0059,0.0382,1.0128,0
2023-07-10,186.64,187.36,184.45,186.0,59922200,Apple,AAPL,-0.0109,0.28,1.0158,0
2023-07-11,186.54,186.68,184.02,185.48,46638100,Apple,AAPL,-0.0028,-0.2217,1.0145,1
2023-07-12,187.06,189.05,185.86,187.15,60750200,Apple,AAPL,0.009,0.3026,1.0171,1
2023-07-13,187.87,188.55,187.16,187.91,41342300,Apple,AAPL,0.0041,-0.3195,1.0074,1
2023-07-14,187.6,188.54,187.01,188.05,41616200,Apple,AAPL,0.0008,0.0066,1.0082,1
2023-07-17,189.25,191.63,189.16,191.31,50520200,Apple,AAPL,0.0173,0.214,1.0131,0
2023-07-18,190.68,191.64,189.76,191.05,48288200,Apple,AAPL,-0.0013,-0.0442,1.0099,1
2023-07-19,190.43,195.49,189.99,192.4,80507300,Apple,AAPL,0.0071,0.6672,1.029,0
2023-07-20,192.39,193.75,189.84,190.46,59581200,Apple,AAPL,-0.0101,-0.2599,1.0206,0
2023-07-21,191.42,192.27,188.59,189.29,71951700,Apple,AAPL,-0.0062,0.2076,1.0196,1
2023-07-24,190.74,192.22,189.59,190.09,45377800,Apple,AAPL,0.0042,-0.3693,1.0138,1
2023-07-25,190.66,191.75,190.25,190.94,37283200,Apple,AAPL,0.0045,-0.1784,1.0079,1
2023-07-26,190.99,192.94,190.65,191.81,47471900,Apple,AAPL,0.0045,0.2733,1.012,0
2023-07-27,193.31,194.47,189.89,190.55,47460200,Apple,AAPL,-0.0066,-0.0002,1.0241,1
2023-07-28,191.98,193.91,191.46,193.12,48291400,Apple,AAPL,0.0135,0.0175,1.0128,1
2023-07-31,193.35,193.77,192.56,193.73,38824100,Apple,AAPL,0.0032,-0.196,1.0063,0
2023-08-01,193.53,194.01,192.58,192.91,35175100,Apple,AAPL,-0.0043,-0.094,1.0074,0
2023-08-02,192.34,192.48,189.2,189.92,50389300,Apple,AAPL,-0.0155,0.4325,1.0174,0
2023-08-03,188.92,189.71,188.05,188.53,61235200,Apple,AAPL,-0.0073,0.2152,1.0088,0
2023-08-04,182.96,184.79,179.4,179.47,115956800,Apple,AAPL,-0.048,0.8936,1.03,0
2023-08-07,179.61,180.6,174.9,176.38,97576100,Apple,AAPL,-0.0173,-0.1585,1.0326,1
2023-08-08,177.21,177.78,175.12,177.31,67823000,Apple,AAPL,0.0053,-0.3049,1.0151,0
2023-08-09,178.37,178.43,174.56,175.73,60378500,Apple,AAPL,-0.009,-0.1098,1.0221,0
2023-08-10,177.0,178.25,175.14,175.51,54686900,Apple,AAPL,-0.0012,-0.0943,1.0177,1
2023-08-11,175.1,176.39,174.34,175.57,52036700,Apple,AAPL,0.0003,-0.0485,1.0117,1
2023-08-14,175.75,177.45,175.09,177.22,43675600,Apple,AAPL,0.0094,-0.1607,1.0134,0
2023-08-15,176.65,177.24,174.84,175.23,43622600,Apple,AAPL,-0.0112,-0.0012,1.0137,0
2023-08-16,174.92,176.31,174.29,174.36,46964900,Apple,AAPL,-0.005,0.0766,1.0116,0
2023-08-17,174.93,175.29,171.31,171.83,66062900,Apple,AAPL,-0.0146,0.4066,1.0232,1
2023-08-18,170.15,172.91,169.81,172.31,61172200,Apple,AAPL,0.0028,-0.074,1.0183,1
2023-08-21,172.88,173.93,171.57,173.64,46311900,Apple,AAPL,0.0077,-0.2429,1.0138,1
2023-08-22,174.85,175.46,174.05,175.02,42038900,Apple,AAPL,0.0079,-0.0923,1.0081,1
2023-08-23,176.29,179.28,176.1,178.86,52722800,Apple,AAPL,0.0219,0.2541,1.0181,0
2023-08-24,178.41,178.84,173.81,174.18,54945800,Apple,AAPL,-0.0262,0.0422,1.0289,1
2023-08-25,175.16,176.91,173.62,176.38,51449600,Apple,AAPL,0.0126,-0.0636,1.0189,1
2023-08-28,177.84,178.33,176.32,177.94,43820700,Apple,AAPL,0.0088,-0.1483,1.0114,1
2023-08-29,177.45,182.59,177.26,181.82,53003900,Apple,AAPL,0.0218,0.2096,1.0301,1
2023-08-30,182.63,185.5,182.43,185.31,60813900,Apple,AAPL,0.0192,0.1473,1.0168,1
2023-08-31,185.49,186.76,185.14,185.52,60794500,Apple,AAPL,0.0012,-0.0003,1.0087,1
2023-09-01,187.12,187.55,185.93,187.09,45766500,Apple,AAPL,0.0085,-0.2472,1.0087,1
2023-09-05,185.93,187.61,185.27,187.33,45280000,Apple,AAPL,0.0013,-0.0106,1.0126,0
2023-09-06,186.05,186.49,179.2,180.62,81755800,Apple,AAPL,-0.0358,0.8056,1.0407,0
2023-09-07,172.99,175.98,171.37,175.34,112488800,Apple,AAPL,-0.0292,0.3759,1.0269,1
2023-09-08,176.12,177.99,175.57,175.95,65551300,Apple,AAPL,0.0035,-0.4173,1.0138,1
2023-09-11,177.82,178.05,175.12,177.12,58953100,Apple,AAPL,0.0066,-0.1007,1.0167,0
2023-09-12,177.25,177.88,172.64,174.1,90370200,Apple,AAPL,-0.0171,0.5329,1.0304,0
2023-09-13,174.3,175.08,171.81,172.03,84267900,Apple,AAPL,-0.0119,-0.0675,1.0191,1
2023-09-14,171.83,173.9,171.41,173.54,60895800,Apple,AAPL,0.0088,-0.2774,1.0145,0
2023-09-15,174.28,174.29,171.65,172.82,109259500,Apple,AAPL,-0.0042,0.7942,1.0154,1
2023-09-18,174.28,177.14,173.97,175.75,67257600,Apple,AAPL,0.0169,-0.3844,1.0182,1
2023-09-19,175.3,177.39,174.92,176.83,51826900,Apple,AAPL,0.0062,-0.2294,1.0141,0
2023-09-20,177.02,177.45,173.21,173.3,58436200,Apple,AAPL,-0.02,0.1275,1.0245,0
2023-09-21,172.37,174.1,171.69,171.76,63149100,Apple,AAPL,-0.0089,0.0807,1.014,1
2023-09-22,172.49,174.87,171.88,172.61,56725400,Apple,AAPL,0.0049,-0.1017,1.0174,1
2023-09-25,172.02,174.76,171.97,173.88,46172700,Apple,AAPL,0.0074,-0.186,1.0162,0
2023-09-26,172.64,173.01,169.52,169.81,64588900,Apple,AAPL,-0.0234,0.3989,1.0206,0
2023-09-27,170.46,170.88,166.94,168.3,66921800,Apple,AAPL,-0.0089,0.0361,1.0236,1
2023-09-28,167.22,169.88,165.53,168.56,56294400,Apple,AAPL,0.0015,-0.1588,1.0263,1
2023-09-29,169.87,170.91,168.21,169.07,51861100,Apple,AAPL,0.003,-0.0788,1.016,1
2023-10-02,169.08,172.12,168.79,171.58,52164500,Apple,AAPL,0.0148,0.0059,1.0197,0
2023-10-03,170.11,171.46,168.69,170.25,49594600,Apple,AAPL,-0.0078,-0.0493,1.0165,1
2023-10-04,168.95,172.03,168.83,171.49,53020300,Apple,AAPL,0.0073,0.0691,1.019,1
2023-10-05,171.62,173.26,170.52,172.72,48527900,Apple,AAPL,0.0072,-0.0847,1.016,1
2023-10-06,171.63,175.77,171.02,175.27,57266700,Apple,AAPL,0.0148,0.1801,1.0278,1
2023-10-09,174.6,176.81,173.6,176.75,42390800,Apple,AAPL,0.0085,-0.2598,1.0185,0
2023-10-10,175.87,177.47,175.73,176.16,43698000,Apple,AAPL,-0.0034,0.0308,1.0099,1
2023-10-11,175.97,177.6,175.38,177.55,47551100,Apple,AAPL,0.0079,0.0882,1.0127,1
2023-10-12,177.82,180.06,176.8,178.45,56743100,Apple,AAPL,0.0051,0.1933,1.0184,0
2023-10-13,179.15,179.66,175.91,176.62,51427100,Apple,AAPL,-0.0103,-0.0937,1.0213,0
2023-10-16,174.54,176.84,174.3,176.49,52517000,Apple,AAPL,-0.0007,0.0212,1.0146,0
2023-10-17,174.44,176.19,172.62,174.94,57549400,Apple,AAPL,-0.0088,0.0958,1.0207,0
2023-10-18,173.39,175.36,172.92,173.64,54764400,Apple,AAPL,-0.0074,-0.0484,1.0141,0
2023-10-19,173.84,175.62,173.0,173.27,59302900,Apple,AAPL,-0.0022,0.0829,1.0151,0
2023-10-20,173.12,173.23,170.48,170.72,64244000,Apple,AAPL,-0.0147,0.0833,1.0161,1
2023-10-23,168.77,171.84,167.81,170.84,55980100,Apple,AAPL,0.0007,-0.1286,1.024,1
2023-10-24,170.89,171.5,169.31,171.27,43816600,Apple,AAPL,0.0025,-0.2173,1.0129,0
2023-10-25,169.73,170.9,168.52,168.96,57157000,Apple,AAPL,-0.0135,0.3045,1.0141,0
2023-10-26,168.24,169.24,163.6,164.8,70625300,Apple,AAPL,-0.0246,0.2356,1.0345,1
2023-10-27,164.82,166.85,164.75,166.12,58499100,Apple,AAPL,0.008,-0.1717,1.0128,1
2023-10-30,166.91,169.03,166.76,168.16,51131000,Apple,AAPL,0.0123,-0.126,1.0136,1
2023-10-31,167.23,168.76,165.8,168.64,44846000,Apple,AAPL,0.0028,-0.1229,1.0179,1
2023-11-01,168.86,172.05,167.99,171.8,56934900,Apple,AAPL,0.0187,0.2696,1.0242,1
2023-11-02,173.33,175.56,173.27,175.35,77334800,Apple,AAPL,0.0207,0.3583,1.0132,0
2023-11-03,172.06,174.61,171.18,174.44,79829200,Apple,AAPL,-0.0052,0.0323,1.02,1
2023-11-06,174.18,177.19,174.01,176.99,63841300,Apple,AAPL,0.0146,-0.2003,1.0183,1
2023-11-07,176.94,180.16,176.73,179.55,70530000,Apple,AAPL,0.0145,0.1048,1.0194,1
2023-11-08,180.07,181.16,179.32,180.6,49340300,Apple,AAPL,0.0059,-0.3004,1.0102,0
2023-11-09,180.67,181.82,179.54,180.13,53763500,Apple,AAPL,-0.0026,0.0896,1.0127,1
2023-11-10,181.91,184.48,181.48,184.31,66133400,Apple,AAPL,0.0232,0.2301,1.0166,0
2023-11-13,183.74,183.95,182.15,182.73,43627500,Apple,AAPL,-0.0086,-0.3403,1.0099,1
2023-11-14,185.6,186.0,184.21,185.34,60108400,Apple,AAPL,0.0143,0.3778,1.0097,1
2023-11-15,185.75,187.38,185.68,185.91,53790500,Apple,AAPL,0.003,-0.1051,1.0092,1
2023-11-16,187.45,188.82,186.54,187.59,54412900,Apple,AAPL,0.009,0.0116,1.0122,0
2023-11-17,188.12,188.25,186.46,187.57,50922700,Apple,AAPL,-0.0001,-0.0641,1.0096,1
2023-11-20,187.76,189.76,187.75,189.31,46505100,Apple,AAPL,0.0093,-0.0868,1.0107,0
2023-11-21,189.27,189.38,187.62,188.51,38134500,Apple,AAPL,-0.0042,-0.18,1.0094,1
2023-11-22,189.35,190.77,188.69,189.17,39617700,Apple,AAPL,0.0035,0.0389,1.011,0
2023-11-24,188.73,188.76,187.13,187.84,24048300,Apple,AAPL,-0.007,-0.393,1.0087,0
2023-11-27,187.79,188.54,186.79,187.67,40552600,Apple,AAPL,-0.0009,0.6863,1.0094,1
2023-11-28,187.66,188.94,187.28,188.27,38415400,Apple,AAPL,0.0032,-0.0527,1.0089,0
2023-11-29,188.76,189.94,186.85,187.25,43014200,Apple,AAPL,-0.0054,0.1197,1.0165,1
2023-11-30,187.72,188.19,186.08,187.82,48794400,Apple,AAPL,0.0031,0.1344,1.0113,1
2023-12-01,188.2,189.42,187.11,189.1,45704800,Apple,AAPL,0.0068,-0.0633,1.0123,0
2023-12-04,187.85,187.92,185.35,187.31,43389500,Apple,AAPL,-0.0095,-0.0507,1.0139,1
2023-12-05,188.08,192.22,188.05,191.26,66628400,Apple,AAPL,0.0211,0.5356,1.0222,0
2023-12-06,192.27,192.58,189.96,190.17,41089700,Apple,AAPL,-0.0057,-0.3833,1.0138,1
2023-12-07,191.46,192.82,191.42,192.1,47477700,Apple,AAPL,0.0101,0.1555,1.0073,1
2023-12-08,192.03,193.8,191.5,193.52,53406400,Apple,AAPL,0.0074,0.1249,1.012,0
2023-12-11,190.95,191.32,189.28,191.02,60943700,Apple,AAPL,-0.0129,0.1411,1.0108,1
2023-12-12,190.92,192.54,189.57,192.53,52696900,Apple,AAPL,0.0079,-0.1353,1.0156,1
2023-12-13,192.91,195.78,192.67,195.74,70404200,Apple,AAPL,0.0167,0.336,1.0162,1
2023-12-14,195.8,197.39,193.96,195.89,66831600,Apple,AAPL,0.0008,-0.0507,1.0176,0
2023-12-15,195.32,196.18,194.8,195.36,128538400,Apple,AAPL,-0.0027,0.9233,1.0071,0
2023-12-18,193.9,194.43,192.21,193.7,55751900,Apple,AAPL,-0.0085,-0.5663,1.0115,1
2023-12-19,193.96,194.75,193.7,194.74,40714100,Apple,AAPL,0.0054,-0.2697,1.0054,0
2023-12-20,194.7,195.47,192.65,192.65,52242800,Apple,AAPL,-0.0107,0.2832,1.0146,0
2023-12-21,193.91,194.87,191.33,192.5,46482500,Apple,AAPL,-0.0008,-0.1103,1.0185,0
2023-12-22,193.0,193.22,190.81,191.43,37149600,Apple,AAPL,-0.0055,-0.2008,1.0126,0
2023-12-26,191.44,191.72,190.67,190.89,28919300,Apple,AAPL,-0.0028,-0.2215,1.0055,1
2023-12-27,190.34,191.33,188.95,190.99,48087700,Apple,AAPL,0.0005,0.6628,1.0126,1
2023-12-28,191.97,192.48,191.01,191.41,34049900,Apple,AAPL,0.0022,-0.2919,1.0077,0
2023-12-29,191.73,192.22,189.58,190.38,42672100,Apple,AAPL,-0.0054,0.2532,1.0139,0
2024-01-02,185.06,186.33,181.83,183.56,82488700,Apple,AAPL,-0.0358,0.9331,1.0247,0
2024-01-03,182.16,183.8,181.38,182.19,58414500,Apple,AAPL,-0.0075,-0.2918,1.0134,0
2024-01-04,180.11,181.04,178.86,179.87,71983600,Apple,AAPL,-0.0127,0.2323,1.0122,0
2024-01-05,179.95,180.71,178.15,179.15,62379700,Apple,AAPL,-0.004,-0.1334,1.0144,1
2024-01-08,180.05,183.52,179.47,183.48,59144500,Apple,AAPL,0.0242,-0.0519,1.0226,0
2024-01-09,181.86,183.08,180.68,183.07,42841800,Apple,AAPL,-0.0023,-0.2756,1.0132,1
2024-01-10,182.29,184.31,181.86,184.11,46792900,Apple,AAPL,0.0057,0.0922,1.0135,0
2024-01-11,184.45,184.96,181.56,183.51,49128400,Apple,AAPL,-0.0032,0.0499,1.0187,1
2024-01-12,183.98,184.65,183.12,183.84,40477800,Apple,AAPL,0.0018,-0.1761,1.0084,0
2024-01-16,180.12,182.2,178.9,181.57,65603000,Apple,AAPL,-0.0123,0.6207,1.0184,0
2024-01-17,179.24,180.88,178.28,180.64,47317400,Apple,AAPL,-0.0052,-0.2787,1.0146,1
2024-01-18,184.01,187.02,183.75,186.52,78005800,Apple,AAPL,0.0326,0.6486,1.0178,1
2024-01-19,187.21,189.8,186.71,189.42,68903000,Apple,AAPL,0.0155,-0.1167,1.0166,1
2024-01-22,190.15,193.14,190.11,191.72,60133900,Apple,AAPL,0.0122,-0.1273,1.016,1
2024-01-23,192.84,193.56,191.66,193.0,42355600,Apple,AAPL,0.0067,-0.2956,1.0099,0
2024-01-24,193.23,194.18,192.16,192.32,53631300,Apple,AAPL,-0.0035,0.2662,1.0105,0
2024-01-25,193.03,194.07,190.95,192.0,54822100,Apple,AAPL,-0.0017,0.0222,1.0164,0
2024-01-26,192.1,192.58,189.79,190.27,44594000,Apple,AAPL,-0.009,-0.1866,1.0147,0
2024-01-29,189.86,190.05,187.46,189.58,47145600,Apple,AAPL,-0.0036,0.0572,1.0138,0
2024-01-30,188.8,189.65,185.37,185.94,55859400,Apple,AAPL,-0.0192,0.1848,1.0231,0
2024-01-31,184.95,185.01,182.29,182.34,55467800,Apple,AAPL,-0.0194,-0.007,1.0149,1
2024-02-01,181.93,184.86,181.76,184.77,64885400,Apple,AAPL,0.0133,0.1698,1.017,0
2024-02-02,177.85,185.23,177.24,183.77,102551700,Apple,AAPL,-0.0054,0.5805,1.0451,1
2024-02-05,186.04,187.13,183.76,185.58,69668800,Apple,AAPL,0.0098,-0.3206,1.0183,1
2024-02-06,184.77,187.19,184.68,187.18,43490800,Apple,AAPL,0.0086,-0.3757,1.0136,1
2024-02-07,188.51,188.91,186.5,187.29,53439000,Apple,AAPL,0.0006,0.2287,1.0129,0
2024-02-08,187.27,187.42,185.25,186.21,40962000,Apple,AAPL,-0.0058,-0.2335,1.0117,1
2024-02-09,186.78,188.1,186.13,186.97,45155200,Apple,AAPL,0.0041,0.1024,1.0106,0
2024-02-12,186.55,186.8,184.93,185.29,41781900,Apple,AAPL,-0.009,-0.0747,1.0101,0
2024-02-13,183.93,184.36,181.69,183.2,56529500,Apple,AAPL,-0.0113,0.353,1.0147,0
2024-02-14,183.48,183.69,180.63,182.32,54630500,Apple,AAPL,-0.0048,-0.0336,1.0169,0
2024-02-15,181.73,182.66,179.55,182.03,65434500,Apple,AAPL,-0.0016,0.1978,1.0173,0
2024-02-16,181.6,183.01,179.87,180.5,49752500,Apple,AAPL,-0.0084,-0.2397,1.0175,0
2024-02-20,179.98,180.62,178.21,179.76,53665600,Apple,AAPL,-0.0041,0.0787,1.0135,1
2024-02-21,180.13,181.07,178.87,180.51,41371400,Apple,AAPL,0.0042,-0.2291,1.0123,1
2024-02-22,181.66,183.12,180.65,182.54,52292200,Apple,AAPL,0.0112,0.264,1.0137,0
2024-02-23,183.17,183.2,180.42,180.71,45119700,Apple,AAPL,-0.01,-0.1372,1.0154,0
2024-02-26,180.43,180.95,178.86,179.36,40867400,Apple,AAPL,-0.0075,-0.0942,1.0117,1
2024-02-27,179.3,182.09,177.78,180.82,54318900,Apple,AAPL,0.0081,0.3291,1.0243,0
2024-02-28,180.7,181.3,178.34,179.62,48953900,Apple,AAPL,-0.0066,-0.0988,1.0166,0
2024-02-29,179.47,180.76,177.75,178.95,136682600,Apple,AAPL,-0.0037,1.7921,1.0169,0
2024-03-01,177.77,178.74,175.62,177.88,73563100,Apple,AAPL,-0.006,-0.4618,1.0178,0
2024-03-04,174.4,175.14,172.06,173.36,81510100,Apple,AAPL,-0.0254,0.108,1.0179,0
2024-03-05,169.06,170.33,167.94,168.43,95132400,Apple,AAPL,-0.0284,0.1671,1.0143,0
2024-03-06,169.36,169.54,167.0,167.44,68587700,Apple,AAPL,-0.0059,-0.279,1.0152,0
2024-03-07,167.47,169.03,166.82,167.32,71765100,Apple,AAPL,-0.0007,0.0463,1.0133,1
2024-03-08,167.32,171.98,167.26,169.03,76267000,Apple,AAPL,0.0102,0.0627,1.0282,1
2024-03-11,171.22,172.65,170.34,171.03,60139500,Apple,AAPL,0.0118,-0.2115,1.0135,1
2024-03-12,171.43,172.3,169.31,171.51,59825400,Apple,AAPL,0.0028,-0.0052,1.0177,0
2024-03-13,171.05,171.47,169.06,169.43,52488700,Apple,AAPL,-0.0121,-0.1226,1.0142,1
2024-03-14,171.19,172.58,170.34,171.28,72913500,Apple,AAPL,0.0109,0.3891,1.0131,0
2024-03-15,169.47,170.91,168.6,170.91,121752700,Apple,AAPL,-0.0022,0.6698,1.0137,1
2024-03-18,173.83,175.95,171.8,171.99,75604200,Apple,AAPL,0.0064,-0.379,1.0241,1
2024-03-19,172.61,174.86,171.31,174.33,55215200,Apple,AAPL,0.0136,-0.2697,1.0207,1
2024-03-20,173.97,176.9,173.35,176.9,53423100,Apple,AAPL,0.0147,-0.0325,1.0204,0
2024-03-21,175.29,175.73,169.14,169.67,106181300,Apple,AAPL,-0.0409,0.9876,1.0389,1
2024-03-22,170.05,171.33,168.37,170.57,71160100,Apple,AAPL,0.0053,-0.3298,1.0176,0
2024-03-25,168.88,170.23,167.77,169.15,54288300,Apple,AAPL,-0.0083,-0.2371,1.0147,0
2024-03-26,168.31,169.72,167.9,168.02,57388400,Apple,AAPL,-0.0067,0.0571,1.0109,1
2024-03-27,168.72,171.88,168.42,171.59,60273300,Apple,AAPL,0.0212,0.0503,1.0205,0
2024-03-28,170.04,170.52,168.82,169.78,65672700,Apple,AAPL,-0.0106,0.0896,1.0101,0
2024-04-01,169.49,169.55,167.8,168.34,46240500,Apple,AAPL,-0.0085,-0.2959,1.0104,0
2024-04-02,167.4,167.66,166.56,167.16,49329500,Apple,AAPL,-0.007,0.0668,1.0066,1
2024-04-03,167.11,168.98,166.91,167.97,47691700,Apple,AAPL,0.0048,-0.0332,1.0125,0
2024-04-04,168.6,170.21,167.14,167.14,53704400,Apple,AAPL,-0.0049,0.1261,1.0184,1
2024-04-05,167.91,168.7,167.27,167.9,42104800,Apple,AAPL,0.0045,-0.216,1.0085,0
2024-04-08,167.35,167.52,166.57,166.78,37425500,Apple,AAPL,-0.0067,-0.1111,1.0057,1
2024-04-09,167.02,168.39,166.68,167.99,42373800,Apple,AAPL,0.0072,0.1322,1.0103,0
2024-04-10,167.12,167.41,165.45,166.11,49709300,Apple,AAPL,-0.0111,0.1731,1.0118,1
2024-04-11,166.67,173.72,166.49,173.3,91070300,Apple,AAPL,0.0433,0.8321,1.0434,1
2024-04-12,172.53,176.59,172.48,174.8,101670900,Apple,AAPL,0.0086,0.1164,1.0238,0
2024-04-15,173.62,174.88,170.79,170.98,73531800,Apple,AAPL,-0.0219,-0.2768,1.0239,0
2024-04-16,170.04,172.03,166.6,167.7,73711200,Apple,AAPL,-0.0192,0.0024,1.0326,0
2024-04-17,167.93,168.96,166.33,166.33,50901200,Apple,AAPL,-0.0081,-0.3095,1.0158,0
2024-04-18,166.36,166.97,164.9,165.38,43122900,Apple,AAPL,-0.0057,-0.1528,1.0125,0
2024-04-19,164.56,164.75,162.45,163.36,68149400,Apple,AAPL,-0.0122,0.5804,1.0141,1
2024-04-22,163.88,165.6,163.13,164.19,48116400,Apple,AAPL,0.0051,-0.294,1.0151,1
2024-04-23,163.71,165.39,163.28,165.24,49537800,Apple,AAPL,0.0064,0.0295,1.0129,1
2024-04-24,164.89,167.62,164.56,167.34,48251800,Apple,AAPL,0.0127,-0.026,1.0186,1
2024-04-25,167.85,168.92,166.48,168.2,50558300,Apple,AAPL,0.0051,0.0478,1.0146,0
2024-04-26,168.19,169.64,167.5,167.62,44838400,Apple,AAPL,-0.0035,-0.1131,1.0128,1
2024-04-29,171.65,174.28,171.38,171.78,68169400,Apple,AAPL,0.0248,0.5203,1.0169,0
2024-04-30,171.61,173.25,168.31,168.64,65934800,Apple,AAPL,-0.0183,-0.0328,1.0294,0
2024-05-01,167.9,170.99,167.43,167.62,50383100,Apple,AAPL,-0.006,-0.2359,1.0213,1
2024-05-02,170.8,171.7,169.19,171.31,94214900,Apple,AAPL,0.022,0.87,1.0148,1
2024-05-03,184.8,185.14,180.85,181.56,163224100,Apple,AAPL,0.0598,0.7325,1.0238,0
2024-05-06,180.54,182.37,178.63,179.91,78569700,Apple,AAPL,-0.0091,-0.5186,1.021,1
2024-05-07,181.63,183.06,179.52,180.59,77305800,Apple,AAPL,0.0038,-0.0161,1.0197,1
2024-05-08,181.03,181.25,179.65,180.93,45057100,Apple,AAPL,0.0019,-0.4172,1.0089,1
2024-05-09,180.75,182.83,180.3,182.74,48983000,Apple,AAPL,0.01,0.0871,1.014,0
2024-05-10,183.31,183.5,180.57,181.48,50759500,Apple,AAPL,-0.0069,0.0363,1.0163,1
2024-05-13,183.85,185.49,183.03,184.68,72044800,Apple,AAPL,0.0176,0.4193,1.0134,1
2024-05-14,185.9,186.68,184.69,185.82,52393600,Apple,AAPL,0.0062,-0.2728,1.0108,1
2024-05-15,186.3,189.01,185.76,188.09,70400000,Apple,AAPL,0.0122,0.3437,1.0175,1
2024-05-16,188.83,189.46,188.03,188.21,52845200,Apple,AAPL,0.0006,-0.2494,1.0076,1
2024-05-17,187.88,189.17,187.56,188.24,41282900,Apple,AAPL,0.0002,-0.2188,1.0086,1
2024-05-20,187.7,190.27,187.39,189.4,44361300,Apple,AAPL,0.0062,0.0746,1.0154,1
2024-05-21,189.45,191.07,189.28,190.7,42309400,Apple,AAPL,0.0069,-0.0463,1.0095,0
2024-05-22,190.62,191.16,188.64,189.26,34648500,Apple,AAPL,-0.0075,-0.1811,1.0134,0
2024-05-23,189.34,189.36,185.03,185.28,51005900,Apple,AAPL,-0.0211,0.4721,1.0234,1
2024-05-24,187.2,188.94,186.43,188.35,36327000,Apple,AAPL,0.0166,-0.2878,1.0135,1
2024-05-28,189.87,191.34,187.48,188.36,52280100,Apple,AAPL,0.0001,0.4392,1.0206,1
2024-05-29,187.98,190.6,187.88,188.66,53068000,Apple,AAPL,0.0016,0.0151,1.0145,1
2024-05-30,189.12,190.53,188.99,189.65,49889100,Apple,AAPL,0.0053,-0.0599,1.0081,1
2024-05-31,189.8,190.92,188.28,190.6,75158300,Apple,AAPL,0.005,0.5065,1.014,1
2024-06-03,191.24,193.32,190.87,192.36,50080500,Apple,AAPL,0.0093,-0.3337,1.0128,1
2024-06-04,192.97,193.64,191.37,192.68,47471400,Apple,AAPL,0.0016,-0.0521,1.0119,1
2024-06-05,193.72,195.21,193.2,194.19,54156800,Apple,AAPL,0.0078,0.1408,1.0104,0
2024-06-06,194.01,194.81,192.5,192.81,41181800,Apple,AAPL,-0.0071,-0.2396,1.012,1
2024-06-07,192.98,195.25,192.47,195.2,53103900,Apple,AAPL,0.0124,0.2895,1.0144,0
2024-06-10,195.21,195.61,190.5,191.46,97010200,Apple,AAPL,-0.0191,0.8268,1.0268,1
2024-06-11,191.99,205.38,191.97,205.37,172373300,Apple,AAPL,0.0726,0.7769,1.0699,1
2024-06-12,205.59,218.31,205.12,211.24,198134300,Apple,AAPL,0.0286,0.1494,1.0643,1
2024-06-13,212.9,214.89,209.78,212.4,97862700,Apple,AAPL,0.0055,-0.5061,1.0243,0
2024-06-14,212.01,213.32,209.49,210.67,70122700,Apple,AAPL,-0.0082,-0.2835,1.0183,1
2024-06-17,211.54,217.07,210.89,214.81,93728300,Apple,AAPL,0.0197,0.3366,1.0293,0
2024-06-18,215.72,216.75,211.17,212.45,79943300,Apple,AAPL,-0.011,-0.1471,1.0264,0
2024-06-20,212.09,212.4,207.06,207.88,86172500,Apple,AAPL,-0.0215,0.0779,1.0258,0
2024-06-21,208.58,210.07,205.33,205.71,241805100,Apple,AAPL,-0.0104,1.8061,1.0231,1
2024-06-24,205.94,210.87,204.82,206.35,80727000,Apple,AAPL,0.0031,-0.6661,1.0296,1
2024-06-25,207.35,209.56,206.82,207.27,55549700,Apple,AAPL,0.0045,-0.3119,1.0133,1
2024-06-26,209.68,213.01,208.83,211.42,66213200,Apple,AAPL,0.02,0.192,1.02,1
2024-06-27,212.85,213.89,210.53,212.26,49772700,Apple,AAPL,0.004,-0.2483,1.016,0
2024-06-28,213.92,214.21,208.49,208.81,82542700,Apple,AAPL,-0.0163,0.6584,1.0274,1
2024-07-01,210.27,215.64,210.1,214.89,60402900,Apple,AAPL,0.0291,-0.2682,1.0264,1
2024-07-02,214.29,218.49,213.25,218.38,58046200,Apple,AAPL,0.0162,-0.039,1.0245,1
2024-07-03,218.11,219.65,217.15,219.65,37369800,Apple,AAPL,0.0058,-0.3562,1.0115,1
2024-07-05,219.75,224.51,219.75,224.4,60412400,Apple,AAPL,0.0216,0.6166,1.0217,1
2024-07-08,225.14,225.89,221.33,225.86,59085900,Apple,AAPL,0.0065,-0.022,1.0206,1
2024-07-09,225.97,227.43,224.43,226.72,48076100,Apple,AAPL,0.0038,-0.1863,1.0134,1
2024-07-10,227.33,231.08,227.28,230.98,62627700,Apple,AAPL,0.0188,0.3027,1.0167,0
2024-07-11,229.4,230.39,223.83,225.62,64710600,Apple,AAPL,-0.0232,0.0333,1.0293,1
2024-07-12,226.95,230.64,226.72,228.56,53046500,Apple,AAPL,0.0131,-0.1803,1.0173,1
2024-07-15,234.45,235.19,231.09,232.39,62631300,Apple,AAPL,0.0167,0.1807,1.0178,1
2024-07-16,232.98,234.24,230.33,232.8,43234300,Apple,AAPL,0.0018,-0.3097,1.017,0
2024-07-17,227.48,229.47,224.69,226.91,57345900,Apple,AAPL,-0.0253,0.3264,1.0213,0
2024-07-18,228.3,228.46,220.36,222.25,66034600,Apple,AAPL,-0.0205,0.1515,1.0368,1
2024-07-19,222.89,224.85,221.36,222.38,49151500,Apple,AAPL,0.0006,-0.2557,1.0158,0
2024-07-22,225.06,225.82,221.17,222.04,48201800,Apple,AAPL,-0.0016,-0.0193,1.021,1
2024-07-23,222.44,224.99,220.77,223.08,39960300,Apple,AAPL,0.0047,-0.171,1.0191,0
2024-07-24,222.08,222.87,215.27,216.66,61777600,Apple,AAPL,-0.0288,0.546,1.0353,0
2024-07-25,217.05,218.95,212.78,215.62,51391200,Apple,AAPL,-0.0048,-0.1681,1.029,1
2024-07-26,216.82,217.61,214.15,216.09,41601300,Apple,AAPL,0.0022,-0.1905,1.0161,1
2024-07-29,215.1,217.42,213.9,216.37,36311800,Apple,AAPL,0.0013,-0.1271,1.0165,1
2024-07-30,217.31,218.44,214.26,216.92,41643800,Apple,AAPL,0.0026,0.1468,1.0195,1
2024-07-31,219.54,221.9,218.74,220.17,50036300,Apple,AAPL,0.015,0.2015,1.0145,0
2024-08-01,222.44,222.55,215.16,216.48,62501000,Apple,AAPL,-0.0168,0.2491,1.0344,1
2024-08-02,217.27,223.66,215.84,217.97,105568600,Apple,AAPL,0.0069,0.6891,1.0362,0
2024-08-05,197.38,211.67,194.32,207.47,119548600,Apple,AAPL,-0.0482,0.1324,1.0893,0
2024-08-06,203.54,208.19,199.34,205.45,69660500,Apple,AAPL,-0.0097,-0.4173,1.0444,1
2024-08-07,205.12,211.81,204.62,208.02,63516400,Apple,AAPL,0.0125,-0.0882,1.0351,1
2024-08-08,211.28,212.36,207.04,211.48,47161100,Apple,AAPL,0.0166,-0.2575,1.0257,1
2024-08-09,210.28,214.92,210.15,214.38,42201600,Apple,AAPL,0.0137,-0.1052,1.0227,1
2024-08-12,214.46,217.88,214.0,215.91,38028100,Apple,AAPL,0.0071,-0.0989,1.0181,1
2024-08-13,217.38,220.24,217.38,219.62,44155300,Apple,AAPL,0.0172,0.1611,1.0132,1
2024-08-14,218.93,221.37,218.07,220.07,41960600,Apple,AAPL,0.002,-0.0497,1.0152,1
2024-08-15,222.93,223.67,221.1,223.05,46414000,Apple,AAPL,0.0135,0.1061,1.0116,1
2024-08-16,222.25,225.14,221.99,224.37,44340200,Apple,AAPL,0.0059,-0.0447,1.0142,0
2024-08-19,224.04,224.31,221.38,224.21,40687800,Apple,AAPL,-0.0007,-0.0824,1.0132,1
2024-08-20,224.09,225.48,223.77,224.82,30299000,Apple,AAPL,0.0027,-0.2553,1.0076,0
2024-08-21,224.83,226.28,223.38,224.72,34765500,Apple,AAPL,-0.0005,0.1474,1.013,0
2024-08-22,226.1,226.64,222.23,222.86,43695300,Apple,AAPL,-0.0083,0.2569,1.0198,1
2024-08-23,223.98,226.52,222.66,225.15,38677300,Apple,AAPL,0.0103,-0.1148,1.0173,1
2024-08-26,225.07,225.59,222.22,225.49,30602200,Apple,AAPL,0.0015,-0.2088,1.0151,1
2024-08-27,224.32,227.15,223.22,226.33,35934600,Apple,AAPL,0.0037,0.1742,1.0176,0
2024-08-28,226.22,228.15,224.0,224.8,38052200,Apple,AAPL,-0.0068,0.0589,1.0185,1
2024-08-29,228.39,231.19,227.18,228.08,51906300,Apple,AAPL,0.0146,0.3641,1.0177,0
2024-08-30,228.48,228.69,225.79,227.3,52990800,Apple,AAPL,-0.0034,0.0209,1.0128,0
2024-09-03,226.85,227.3,219.52,221.11,50190600,Apple,AAPL,-0.0272,-0.0528,1.0354,0
2024-09-04,220.01,220.13,215.86,219.21,43840200,Apple,AAPL,-0.0086,-0.1265,1.0198,1
2024-09-05,219.98,223.8,219.87,220.73,36615400,Apple,AAPL,0.0069,-0.1648,1.0179,0
2024-09-06,222.28,223.56,218.13,219.18,48423000,Apple,AAPL,-0.007,0.3225,1.0249,1
2024-09-09,219.18,219.62,215.1,219.27,67180000,Apple,AAPL,0.0004,0.3874,1.021,0
2024-09-10,217.29,219.83,215.12,218.47,51591000,Apple,AAPL,-0.0036,-0.232,1.0219,1
2024-09-11,219.81,221.43,216.27,221.0,44587100,Apple,AAPL,0.0116,-0.1358,1.0239,1
2024-09-12,220.84,221.89,218.18,221.11,37455600,Apple,AAPL,0.0005,-0.1599,1.017,0
2024-09-13,221.92,222.37,220.26,220.84,36766600,Apple,AAPL,-0.0012,-0.0184,1.0096,0
2024-09-16,214.93,215.6,212.33,214.71,59357400,Apple,AAPL,-0.0278,0.6144,1.0154,1
2024-09-17,214.14,215.29,212.9,215.18,45519300,Apple,AAPL,0.0022,-0.2331,1.0112,1
2024-09-18,215.93,221.05,215.92,219.05,59894900,Apple,AAPL,0.018,0.3158,1.0238,1
2024-09-19,223.32,228.11,222.96,227.17,66781300,Apple,AAPL,0.0371,0.115,1.0231,0
2024-09-20,228.26,231.36,225.93,226.5,318679900,Apple,AAPL,-0.0029,3.772,1.024,0
2024-09-23,225.65,227.74,224.13,224.78,54146000,Apple,AAPL,-0.0076,-0.8301,1.0161,1
2024-09-24,226.95,227.64,224.05,225.68,43556100,Apple,AAPL,0.004,-0.1956,1.016,0
2024-09-25,223.26,225.6,222.35,224.69,42308700,Apple,AAPL,-0.0044,-0.0286,1.0146,1
2024-09-26,225.61,226.8,223.73,225.83,36636700,Apple,AAPL,0.0051,-0.1341,1.0137,1
2024-09-27,226.76,227.81,225.61,226.1,34026000,Apple,AAPL,0.0012,-0.0713,1.0098,1
2024-09-30,228.33,231.27,227.94,231.27,54541900,Apple,AAPL,0.0229,0.6029,1.0146,0
2024-10-01,227.81,227.94,222.08,224.53,63285000,Apple,AAPL,-0.0291,0.1603,1.0264,1
2024-10-02,224.21,225.68,221.36,225.09,32880600,Apple,AAPL,0.0025,-0.4804,1.0195,0
2024-10-03,223.46,225.12,221.66,223.99,34044200,Apple,AAPL,-0.0049,0.0354,1.0156,1
2024-10-04,226.2,226.3,222.46,225.11,37245100,Apple,AAPL,0.005,0.094,1.0173,0
2024-10-07,222.83,224.01,219.68,220.04,39505400,Apple,AAPL,-0.0225,0.0607,1.0197,1
2024-10-08,222.63,224.3,221.59,224.09,31855700,Apple,AAPL,0.0184,-0.1936,1.0122,1
2024-10-09,223.55,228.04,223.16,227.83,33591100,Apple,AAPL,0.0167,0.0545,1.0219,0
2024-10-10,226.09,227.79,225.48,227.34,28183500,Apple,AAPL,-0.0022,-0.161,1.0103,0
2024-10-11,227.59,227.7,225.65,225.86,31759200,Apple,AAPL,-0.0065,0.1269,1.0091,1
2024-10-14,227.0,230.01,226.9,229.58,39882100,Apple,AAPL,0.0165,0.2558,1.0137,1
2024-10-15,231.87,235.72,230.64,232.11,64751400,Apple,AAPL,0.011,0.6236,1.022,0
2024-10-16,229.88,230.39,228.13,230.06,34082200,Apple,AAPL,-0.0089,-0.4736,1.0099,1
2024-10-17,231.69,232.11,228.8,230.42,32993800,Apple,AAPL,0.0016,-0.0319,1.0144,1
2024-10-18,234.42,234.42,232.27,233.25,46431500,Apple,AAPL,0.0123,0.4073,1.0093,1
2024-10-21,232.71,235.09,232.71,234.72,36254500,Apple,AAPL,0.0063,-0.2192,1.0102,0
2024-10-22,232.15,234.46,230.87,234.11,38846600,Apple,AAPL,-0.0026,0.0715,1.0156,0
2024-10-23,232.34,233.39,226.07,229.04,52287000,Apple,AAPL,-0.0216,0.346,1.0324,0
2024-10-24,228.27,229.1,226.71,228.85,31109500,Apple,AAPL,-0.0008,-0.405,1.0106,1
2024-10-25,228.03,231.48,227.86,229.69,38802300,Apple,AAPL,0.0036,0.2473,1.0159,1
2024-10-28,231.58,232.98,230.82,231.66,36087100,Apple,AAPL,0.0086,-0.07,1.0094,1
2024-10-29,231.37,232.59,230.59,231.93,35417200,Apple,AAPL,0.0012,-0.0186,1.0087,0
2024-10-30,230.88,231.73,227.84,228.39,47070900,Apple,AAPL,-0.0153,0.329,1.0171,0
2024-10-31,227.63,228.12,223.69,224.23,64370100,Apple,AAPL,-0.0182,0.3675,1.0198,0
2024-11-01,219.33,223.67,218.63,221.25,65276700,Apple,AAPL,-0.0133,0.0141,1.0231,0
2024-11-04,219.35,221.13,218.08,220.36,44944500,Apple,AAPL,-0.004,-0.3115,1.014,1
2024-11-05,220.15,222.28,219.49,221.79,28111300,Apple,AAPL,0.0065,-0.3745,1.0127,0
2024-11-06,220.95,224.39,219.54,221.06,54561100,Apple,AAPL,-0.0033,0.9409,1.0221,1
2024-11-07,222.96,226.18,222.9,225.79,42137700,Apple,AAPL,0.0214,-0.2277,1.0147,0
2024-11-08,225.73,227.21,224.97,225.52,38328800,Apple,AAPL,-0.0012,-0.0904,1.0099,0
2024-11-11,223.57,224.27,220.09,222.81,42005600,Apple,AAPL,-0.012,0.0959,1.019,0
2024-11-12,223.12,224.16,221.94,222.81,40398300,Apple,AAPL,0.0,-0.0383,1.01,1
2024-11-13,222.59,225.21,221.35,223.69,48566200,Apple,AAPL,0.004,0.2022,1.0175,1
2024-11-14,223.59,227.42,223.57,226.77,44923900,Apple,AAPL,0.0138,-0.075,1.0172,0
2024-11-15,224.96,225.48,222.85,223.57,47923700,Apple,AAPL,-0.0141,0.0668,1.0118,1
2024-11-18,223.82,228.28,223.74,226.57,44633700,Apple,AAPL,0.0134,-0.0687,1.0203,1
2024-11-19,225.54,228.7,225.22,226.83,36211800,Apple,AAPL,0.0011,-0.1887,1.0154,1
2024-11-20,226.61,228.47,224.46,227.55,35169600,Apple,AAPL,0.0032,-0.0288,1.0179,0
2024-11-21,227.43,228.7,224.28,227.07,42108300,Apple,AAPL,-0.0021,0.1973,1.0197,1
2024-11-22,226.61,229.26,226.61,228.41,38168300,Apple,AAPL,0.0059,-0.0936,1.0117,1
2024-11-25,229.99,231.77,228.28,231.39,90152800,Apple,AAPL,0.0131,1.362,1.0153,1
2024-11-26,231.85,234.07,231.85,233.57,45986200,Apple,AAPL,0.0094,-0.4899,1.0096,0
2024-11-27,232.98,234.19,232.33,233.44,33498400,Apple,AAPL,-0.0006,-0.2716,1.008,1
2024-11-29,233.32,236.3,232.48,235.82,28481400,Apple,AAPL,0.0102,-0.1498,1.0164,1
2024-12-02,235.76,239.26,235.65,238.07,48137100,Apple,AAPL,0.0095,0.6901,1.0153,1
2024-12-03,238.29,241.22,237.38,241.11,38861000,Apple,AAPL,0.0128,-0.1927,1.0162,1
2024-12-04,241.33,242.56,239.72,241.47,44383900,Apple,AAPL,0.0015,0.1421,1.0119,1
2024-12-05,242.44,242.99,240.59,241.5,40033900,Apple,AAPL,0.0001,-0.098,1.01,0
2024-12-06,241.37,243.08,240.54,241.3,36870600,Apple,AAPL,-0.0008,-0.079,1.0105,1
2024-12-09,240.29,245.67,240.22,245.18,44649200,Apple,AAPL,0.0161,0.211,1.0227,1
2024-12-10,245.32,246.63,243.78,246.2,36914800,Apple,AAPL,0.0041,-0.1732,1.0117,0
2024-12-11,246.39,249.21,244.7,244.93,45205800,Apple,AAPL,-0.0052,0.2246,1.0184,1
2024-12-12,245.32,247.16,244.12,246.39,32777500,Apple,AAPL,0.006,-0.2749,1.0125,1
2024-12-13,246.25,247.71,244.68,246.55,33155300,Apple,AAPL,0.0007,0.0115,1.0124,1
2024-12-16,246.42,249.78,246.08,249.45,51694800,Apple,AAPL,0.0117,0.5592,1.0151,1
2024-12-17,248.49,252.22,248.19,251.87,51356400,Apple,AAPL,0.0097,-0.0065,1.0162,0
2024-12-18,250.56,252.67,246.17,246.48,56774100,Apple,AAPL,-0.0214,0.1055,1.0264,1
2024-12-19,245.93,250.4,245.52,248.2,60882300,Apple,AAPL,0.007,0.0724,1.0199,1
2024-12-20,246.47,253.38,244.13,252.87,147495300,Apple,AAPL,0.0188,1.4226,1.0379,1
2024-12-23,253.15,254.03,251.84,253.65,40858800,Apple,AAPL,0.0031,-0.723,1.0087,1
2024-12-24,253.87,256.57,253.67,256.56,23234700,Apple,AAPL,0.0115,-0.4313,1.0114,1
2024-12-26,256.55,258.45,255.99,257.38,27237100,Apple,AAPL,0.0032,0.1723,1.0096,0
2024-12-27,256.19,257.06,251.45,253.97,42355300,Apple,AAPL,-0.0132,0.5551,1.0223,0
2024-12-30,250.63,251.89,249.16,250.6,35557500,Apple,AAPL,-0.0133,-0.1605,1.011,0
2024-12-31,250.84,251.67,247.85,248.83,39480700,Apple,AAPL,-0.0071,0.1103,1.0154,0
2025-01-02,247.35,247.52,240.28,242.3,55740700,Apple,AAPL,-0.0262,0.4118,1.0301,0
2025-01-03,241.82,242.63,240.35,241.82,40244100,Apple,AAPL,-0.002,-0.278,1.0095,1
2025-01-06,242.76,245.76,241.66,243.44,45045600,Apple,AAPL,0.0067,0.1193,1.017,0
2025-01-07,241.44,243.99,239.82,240.67,40856000,Apple,AAPL,-0.0114,-0.093,1.0174,1
2025-01-08,240.38,242.16,238.53,241.16,37628900,Apple,AAPL,0.002,-0.079,1.0152,0
2025-01-10,238.49,238.64,231.52,235.35,61710900,Apple,AAPL,-0.0241,0.64,1.0307,0
2025-01-13,232.05,233.18,228.26,232.91,49630700,Apple,AAPL,-0.0103,-0.1958,1.0215,0
2025-01-14,233.26,234.62,230.99,231.8,39435300,Apple,AAPL,-0.0048,-0.2054,1.0157,1
2025-01-15,233.15,237.44,232.94,236.36,39832000,Apple,AAPL,0.0197,0.0101,1.0193,0
2025-01-16,235.84,236.5,226.58,226.81,71759100,Apple,AAPL,-0.0404,0.8015,1.0438,1
2025-01-17,230.65,230.82,227.03,228.52,68488300,Apple,AAPL,0.0075,-0.0456,1.0167,0
2025-01-21,222.58,223.0,217.99,221.23,98070400,Apple,AAPL,-0.0319,0.4319,1.023,1
2025-01-22,218.39,222.7,218.39,222.41,64126500,Apple,AAPL,0.0053,-0.3461,1.0197,0
2025-01-23,223.31,225.59,220.89,222.24,60234800,Apple,AAPL,-0.0008,-0.0607,1.0213,0
2025-01-24,223.35,224.2,220.0,221.37,54697900,Apple,AAPL,-0.0039,-0.0919,1.0191,1
2025-01-27,222.6,230.68,222.56,228.4,94863400,Apple,AAPL,0.0318,0.7343,1.0365,1
2025-01-28,229.38,238.67,229.34,236.75,75707600,Apple,AAPL,0.0365,-0.2019,1.0406,1
2025-01-29,232.63,238.34,232.52,237.84,45486100,Apple,AAPL,0.0046,-0.3992,1.025,0
2025-01-30,237.15,239.26,235.7,236.08,55658300,Apple,AAPL,-0.0074,0.2236,1.0151,0
2025-01-31,245.62,245.62,231.96,234.5,100959800,Apple,AAPL,-0.0067,0.8139,1.0589,0
2025-02-03,228.53,230.36,224.27,226.56,73063300,Apple,AAPL,-0.0339,-0.2763,1.0272,1
2025-02-04,225.81,231.65,225.21,231.32,45067300,Apple,AAPL,0.021,-0.3832,1.0286,0
2025-02-05,227.08,231.19,226.82,230.99,39620300,Apple,AAPL,-0.0014,-0.1209,1.0193,1
2025-02-06,229.82,232.32,228.97,231.74,29925300,Apple,AAPL,0.0032,-0.2447,1.0146,0
2025-02-07,231.12,232.51,225.82,226.18,39707200,Apple,AAPL,-0.024,0.3269,1.0297,1
2025-02-10,228.36,229.38,226.01,226.45,33115600,Apple,AAPL,0.0012,-0.166,1.0149,1
2025-02-11,227.0,233.99,226.93,231.4,53718400,Apple,AAPL,0.0218,0.6221,1.0311,1
2025-02-12,229.98,235.71,229.47,235.63,45243300,Apple,AAPL,0.0183,-0.1578,1.0272,1
2025-02-13,235.66,241.07,234.33,240.26,53614100,Apple,AAPL,0.0197,0.185,1.0287,1
2025-02-14,239.98,244.26,239.72,243.31,40896200,Apple,AAPL,0.0127,-0.2372,1.0189,0
2025-02-18,242.87,243.89,240.57,243.19,48822500,Apple,AAPL,-0.0005,0.1938,1.0138,1
2025-02-19,243.37,244.72,241.88,243.58,32204200,Apple,AAPL,0.0016,-0.3404,1.0117,1
2025-02-20,243.65,245.48,243.01,244.54,32316900,Apple,AAPL,0.0039,0.0035,1.0102,0
2025-02-21,244.66,247.38,243.93,244.26,53197400,Apple,AAPL,-0.0011,0.6461,1.0142,1
2025-02-24,243.64,247.55,243.14,245.8,51326400,Apple,AAPL,0.0063,-0.0352,1.0182,0
2025-02-25,246.7,248.69,243.62,245.74,48013300,Apple,AAPL,-0.0002,-0.0645,1.0208,0
2025-02-26,243.05,243.69,237.87,239.1,44433600,Apple,AAPL,-0.027,-0.0746,1.0245,0
2025-02-27,238.15,241.19,235.81,236.05,41153600,Apple,AAPL,-0.0127,-0.0738,1.0228,1
2025-02-28,235.7,240.82,228.99,240.57,56833400,Apple,AAPL,0.0191,0.381,1.0517,0
2025-03-03,240.52,242.75,234.87,236.78,47184000,Apple,AAPL,-0.0158,-0.1698,1.0335,0
2025-03-04,236.46,238.81,233.45,234.69,53798100,Apple,AAPL,-0.0088,0.1402,1.023,0
2025-03-05,234.18,235.31,228.03,234.5,47227600,Apple,AAPL,-0.0008,-0.1221,1.0319,0
2025-03-06,233.21,236.61,231.93,234.09,45170400,Apple,AAPL,-0.0017,-0.0436,1.0202,1
2025-03-07,233.87,240.1,233.53,237.81,46273600,Apple,AAPL,0.0159,0.0244,1.0282,0
2025-03-10,234.3,234.92,223.04,226.28,72071200,Apple,AAPL,-0.0485,0.5575,1.0533,0
2025-03-11,222.63,224.65,216.31,219.68,76137400,Apple,AAPL,-0.0292,0.0564,1.0386,0
2025-03-12,218.98,220.58,213.78,215.84,62547500,Apple,AAPL,-0.0175,-0.1785,1.0318,0
2025-03-13,214.81,215.7,207.32,208.58,61368300,Apple,AAPL,-0.0336,-0.0189,1.0404,1
2025-03-14,210.14,212.83,208.48,212.37,60107600,Apple,AAPL,0.0182,-0.0205,1.0209,1
2025-03-17,212.19,214.09,208.87,212.88,48073400,Apple,AAPL,0.0024,-0.2002,1.025,0
2025-03-18,213.03,214.02,210.38,211.57,42432400,Apple,AAPL,-0.0061,-0.1173,1.0173,1
2025-03-19,213.09,217.61,212.63,214.11,54385400,Apple,AAPL,0.012,0.2817,1.0234,0
2025-03-20,212.87,216.35,211.1,212.97,48862900,Apple,AAPL,-0.0053,-0.1015,1.0248,1
2025-03-21,210.45,217.69,210.17,217.12,94127800,Apple,AAPL,0.0195,0.9264,1.0358,1
2025-03-24,219.84,220.32,217.43,219.57,44299500,Apple,AAPL,0.0113,-0.5294,1.0133,1
2025-03-25,219.61,222.92,218.92,222.57,34493600,Apple,AAPL,0.0137,-0.2214,1.0183,0
2025-03-26,222.34,223.84,219.31,220.37,34466100,Apple,AAPL,-0.0099,-0.0008,1.0206,1
2025-03-27,220.23,223.81,219.4,222.67,37094800,Apple,AAPL,0.0105,0.0763,1.0201,0
2025-03-28,220.5,222.63,216.54,216.75,39818600,Apple,AAPL,-0.0266,0.0734,1.0282,1
2025-03-31,215.87,224.43,215.09,220.96,65299300,Apple,AAPL,0.0194,0.6399,1.0434,1
2025-04-01,218.65,222.5,217.75,222.02,36412700,Apple,AAPL,0.0048,-0.4424,1.0218,1
2025-04-02,220.16,224.01,219.86,222.71,35905900,Apple,AAPL,0.0031,-0.0139,1.0189,0
2025-04-03,204.46,206.4,200.19,202.12,103419000,Apple,AAPL,-0.0925,1.8803,1.031,0
2025-04-04,192.87,198.83,186.36,187.39,125910900,Apple,AAPL,-0.0729,0.2175,1.0669,0
2025-04-07,176.27,193.13,173.7,180.51,160466300,Apple,AAPL,-0.0367,0.2744,1.1118,0
2025-04-08,185.72,189.34,168.32,171.51,120859500,Apple,AAPL,-0.0498,-0.2468,1.1249,1
2025-04-09,171.05,199.56,170.99,197.8,184395900,Apple,AAPL,0.1533,0.5257,1.1671,0
2025-04-10,188.08,193.76,182.04,189.42,121880000,Apple,AAPL,-0.0424,-0.339,1.0644,1
2025-04-11,185.12,198.49,185.08,197.11,87435900,Apple,AAPL,0.0406,-0.2826,1.0724,1
2025-04-14,210.33,211.82,200.1,201.46,101352900,Apple,AAPL,0.0221,0.1592,1.0586,0
2025-04-15,200.8,202.44,198.75,201.08,51343900,Apple,AAPL,-0.0019,-0.4934,1.0186,0
2025-04-16,197.32,199.65,191.36,193.25,59732400,Apple,AAPL,-0.0389,0.1634,1.0433,1
2025-04-17,196.16,197.78,193.4,195.94,52164700,Apple,AAPL,0.0139,-0.1267,1.0227,0
2025-04-21,192.25,192.78,188.81,192.14,46742500,Apple,AAPL,-0.0194,-0.1039,1.021,1
2025-04-22,195.09,200.53,194.94,198.69,52976400,Apple,AAPL,0.0341,0.1334,1.0287,1
2025-04-23,204.92,206.91,201.73,203.52,52929200,Apple,AAPL,0.0243,-0.0009,1.0256,1
2025-04-24,203.81,207.73,201.87,207.27,47311000,Apple,AAPL,0.0184,-0.1061,1.029,1
2025-04-25,205.29,208.65,205.12,208.18,38222300,Apple,AAPL,0.0044,-0.1921,1.0172,1
2025-04-28,208.9,210.39,206.37,209.04,38743100,Apple,AAPL,0.0041,0.0136,1.0195,1
2025-04-29,207.59,211.12,207.27,210.1,36827600,Apple,AAPL,0.0051,-0.0494,1.0186,1
2025-04-30,208.2,212.46,205.58,211.38,52286500,Apple,AAPL,0.0061,0.4198,1.0334,1
2025-05-01,207.98,213.43,207.8,212.2,57365700,Apple,AAPL,0.0039,0.0971,1.0271,0
2025-05-02,205.01,205.9,201.1,204.27,101010600,Apple,AAPL,-0.0374,0.7608,1.0239,0
2025-05-05,202.03,203.03,197.17,197.84,69018500,Apple,AAPL,-0.0315,-0.3167,1.0297,0
2025-05-06,197.17,199.6,195.98,197.47,51216500,Apple,AAPL,-0.0019,-0.2579,1.0184,0
2025-05-07,198.12,198.39,192.23,195.22,68536700,Apple,AAPL,-0.0114,0.3382,1.032,1
2025-05-08,196.68,199.0,193.66,196.45,50478900,Apple,AAPL,0.0063,-0.2635,1.0276,1
2025-05-09,197.95,199.49,196.5,197.49,36453900,Apple,AAPL,0.0053,-0.2778,1.0152,1
2025-05-12,210.14,210.44,205.93,209.96,63775800,Apple,AAPL,0.0631,0.7495,1.0219,1
2025-05-13,209.6,212.56,208.17,212.09,51909300,Apple,AAPL,0.0102,-0.1861,1.0211,0
2025-05-14,211.59,213.09,209.75,211.49,49325800,Apple,AAPL,-0.0028,-0.0498,1.016,0
2025-05-15,210.12,212.12,208.71,210.61,45029500,Apple,AAPL,-0.0041,-0.0871,1.0163,0
2025-05-16,211.52,211.73,208.94,210.43,54737900,Apple,AAPL,-0.0009,0.2156,1.0133,0
2025-05-19,207.09,208.65,203.45,207.96,46140500,Apple,AAPL,-0.0117,-0.1571,1.0256,0
2025-05-20,206.85,207.65,204.22,206.04,42496600,Apple,AAPL,-0.0092,-0.079,1.0168,0
2025-05-21,204.36,206.22,199.92,201.29,59211800,Apple,AAPL,-0.0231,0.3933,1.0315,0
2025-05-22,199.92,201.95,198.91,200.56,46742400,Apple,AAPL,-0.0036,-0.2106,1.0153,0
2025-05-23,192.9,196.92,192.7,194.5,78432900,Apple,AAPL,-0.0302,0.678,1.0219,1
2025-05-27,197.52,199.95,196.65,199.42,56288500,Apple,AAPL,0.0253,-0.2823,1.0168,1
2025-05-28,199.8,201.93,199.11,199.63,45339700,Apple,AAPL,0.001,-0.1945,1.0142,0
2025-05-29,202.78,203.0,197.73,199.16,51396800,Apple,AAPL,-0.0023,0.1336,1.0267,1
2025-05-30,198.58,201.16,196.0,200.06,70819900,Apple,AAPL,0.0045,0.3779,1.0263,1
2025-06-02,199.49,201.33,199.33,200.9,35423300,Apple,AAPL,0.0042,-0.4998,1.01,1
2025-06-03,200.55,202.96,200.17,202.47,46381600,Apple,AAPL,0.0078,0.3094,1.014,0
2025-06-04,202.11,205.43,201.3,202.02,43604000,Apple,AAPL,-0.0022,-0.0599,1.0205,0
2025-06-05,202.7,203.94,199.36,199.84,55126100,Apple,AAPL,-0.0108,0.2642,1.023,1
2025-06-06,202.2,204.89,201.25,203.11,46607700,Apple,AAPL,0.0164,-0.1545,1.0181,0
2025-06-09,203.58,205.19,199.23,200.65,72862600,Apple,AAPL,-0.0121,0.5633,1.0299,1
2025-06-10,199.81,203.54,199.78,201.87,54672600,Apple,AAPL,0.0061,-0.2496,1.0188,0
2025-06-11,202.7,203.69,197.63,197.99,60989900,Apple,AAPL,-0.0192,0.1155,1.0307,1
2025-06-12,198.29,198.89,196.58,198.41,43904600,Apple,AAPL,0.0021,-0.2801,1.0118,0
2025-06-13,198.94,199.58,194.93,195.67,51447300,Apple,AAPL,-0.0138,0.1718,1.0239,1
2025-06-16,196.52,197.9,195.78,197.64,43020700,Apple,AAPL,0.01,-0.1638,1.0108,0
2025-06-17,196.42,197.61,194.44,194.87,38856200,Apple,AAPL,-0.014,-0.0968,1.0163,1
2025-06-18,195.17,196.79,194.3,195.8,45394700,Apple,AAPL,0.0048,0.1683,1.0128,1
2025-06-20,197.46,200.9,196.08,200.21,96813500,Apple,AAPL,0.0225,1.1327,1.0246,1
2025-06-23,200.83,201.5,198.17,200.7,55814300,Apple,AAPL,0.0025,-0.4235,1.0168,0
2025-06-24,201.79,202.64,199.41,199.51,54064000,Apple,AAPL,-0.006,-0.0314,1.0162,1
2025-06-25,200.65,202.87,199.83,200.76,39525700,Apple,AAPL,0.0063,-0.2689,1.0152,0
2025-06-26,200.63,201.84,198.67,200.21,50799100,Apple,AAPL,-0.0028,0.2852,1.0159,1
2025-06-27,201.09,202.42,199.21,200.29,73188600,Apple,AAPL,0.0004,0.4407,1.0161,1
2025-06-30,201.21,206.57,198.47,204.36,91912800,Apple,AAPL,0.0203,0.2558,1.0408,1
2025-07-01,205.85,209.36,205.33,207.0,78788900,Apple,AAPL,0.0129,-0.1428,1.0196,1
2025-07-02,208.08,212.5,207.32,211.6,67941800,Apple,AAPL,0.0222,-0.1377,1.025,1
2025-07-03,211.31,213.8,210.97,212.71,34955800,Apple,AAPL,0.0052,-0.4855,1.0134,0
2025-07-07,211.84,215.38,207.97,209.12,50229000,Apple,AAPL,-0.0169,0.4369,1.0356,1
2025-07-08,209.27,210.59,207.63,209.18,42848900,Apple,AAPL,0.0003,-0.1469,1.0143,1
2025-07-09,208.7,210.49,206.4,210.31,48749400,Apple,AAPL,0.0054,0.1377,1.0198,1
2025-07-10,209.68,212.64,209.2,211.57,44443600,Apple,AAPL,0.006,-0.0883,1.0164,0
2025-07-11,209.74,211.29,209.03,210.33,39765800,Apple,AAPL,-0.0059,-0.1053,1.0108,0
2025-07-14,209.1,210.08,206.72,207.8,38840100,Apple,AAPL,-0.012,-0.0233,1.0162,1
2025-07-15,208.39,211.05,208.09,208.28,42296300,Apple,AAPL,0.0023,0.089,1.0142,1
2025-07-16,209.47,211.56,207.82,209.33,47490500,Apple,AAPL,0.005,0.1228,1.018,0
2025-07-17,209.74,210.96,208.76,209.19,48068100,Apple,AAPL,-0.0007,0.0122,1.0105,1
2025-07-18,210.04,210.95,208.87,210.35,48974600,Apple,AAPL,0.0055,0.0189,1.01,1
2025-07-21,211.26,214.93,210.79,211.64,51377400,Apple,AAPL,0.0062,0.0491,1.0196,1
2025-07-22,212.3,214.1,211.39,213.55,46404100,Apple,AAPL,0.009,-0.0968,1.0128,0
2025-07-23,214.15,214.3,211.57,213.3,46989300,Apple,AAPL,-0.0012,0.0126,1.0129,0
2025-07-24,213.05,214.84,212.69,212.92,46022600,Apple,AAPL,-0.0018,-0.0206,1.0101,1
2025-07-25,213.85,214.39,212.56,213.03,40268800,Apple,AAPL,0.0006,-0.125,1.0086,1
2025-07-28,213.18,214.0,212.22,213.2,37858000,Apple,AAPL,0.0008,-0.0599,1.0084,0
2025-07-29,213.33,213.96,209.99,210.44,51411700,Apple,AAPL,-0.013,0.358,1.0189,0
2025-07-30,211.06,211.55,206.9,208.22,45512500,Apple,AAPL,-0.0105,-0.1147,1.0225,0
2025-07-31,207.67,209.01,206.34,206.75,80698400,Apple,AAPL,-0.0071,0.7731,1.0129,0
2025-08-01,210.04,212.74,200.7,201.58,104434500,Apple,AAPL,-0.025,0.2941,1.06,1
2025-08-04,203.7,207.06,200.88,202.55,75109300,Apple,AAPL,0.0048,-0.2808,1.0307,0
2025-08-05,202.6,204.53,201.36,202.12,44155100,Apple,AAPL,-0.0021,-0.4121,1.0157,1
2025-08-06,204.82,214.53,204.78,212.41,108483100,Apple,AAPL,0.0509,1.4569,1.0476,1
2025-08-07,218.02,219.98,215.72,219.16,90224800,Apple,AAPL,0.0318,-0.1683,1.0197,1
2025-08-08,219.96,230.09,218.38,228.44,113854000,Apple,AAPL,0.0424,0.2619,1.0536,0
2025-08-11,227.28,228.91,224.13,226.54,61806100,Apple,AAPL,-0.0083,-0.4571,1.0214,1
2025-08-12,227.37,230.15,226.43,229.0,55626200,Apple,AAPL,0.0109,-0.1,1.0164,1
2025-08-13,230.42,234.34,229.78,232.67,69878500,Apple,AAPL,0.016,0.2562,1.0198,0
2025-08-14,233.4,234.46,230.2,232.12,51916300,Apple,AAPL,-0.0024,-0.257,1.0185,0
2025-08-15,233.34,233.62,228.69,230.94,56038700,Apple,AAPL,-0.0051,0.0794,1.0215,0
2025-08-18,231.05,232.46,229.46,230.24,37476200,Apple,AAPL,-0.003,-0.3312,1.0131,0
2025-08-19,230.63,232.21,228.7,229.91,39402600,Apple,AAPL,-0.0014,0.0514,1.0153,0
2025-08-20,229.33,229.82,225.13,225.37,42263900,Apple,AAPL,-0.0197,0.0726,1.0208,0
2025-08-21,225.63,225.88,223.15,224.27,30621200,Apple,AAPL,-0.0049,-0.2755,1.0122,1
2025-08-22,225.53,228.44,224.77,227.12,42477800,Apple,AAPL,0.0127,0.3872,1.0163,0
2025-08-25,225.84,228.65,225.59,226.52,30983100,Apple,AAPL,-0.0026,-0.2706,1.0136,1
2025-08-26,226.23,228.84,224.06,228.66,54575100,Apple,AAPL,0.0095,0.7614,1.0214,1
2025-08-27,227.97,230.25,227.62,229.84,31259500,Apple,AAPL,0.0051,-0.4272,1.0116,1
2025-08-28,230.17,232.75,228.69,231.9,38074700,Apple,AAPL,0.009,0.218,1.0177,0
2025-08-29,231.85,232.72,230.72,231.49,39418400,Apple,AAPL,-0.0018,0.0353,1.0087,0
2025-09-02,228.6,230.2,226.33,229.07,44075600,Apple,AAPL,-0.0104,0.1181,1.0171,1
2025-09-03,236.54,238.18,233.7,237.8,66427800,Apple,AAPL,0.0381,0.5071,1.0192,1
2025-09-04,237.78,239.22,236.07,239.1,47549400,Apple,AAPL,0.0055,-0.2842,1.0133,0
2025-09-05,239.32,240.64,237.82,239.01,54870400,Apple,AAPL,-0.0004,0.154,1.0119,0
2025-09-08,238.62,239.47,235.67,237.21,48999500,Apple,AAPL,-0.0076,-0.107,1.0161,0
2025-09-09,236.33,238.11,232.7,233.69,66313900,Apple,AAPL,-0.0148,0.3534,1.0232,0
2025-09-10,231.53,231.76,225.31,226.15,83440800,Apple,AAPL,-0.0323,0.2583,1.0286,1
2025-09-11,226.24,229.8,226.01,229.38,50208600,Apple,AAPL,0.0143,-0.3983,1.0168,1
2025-09-12,228.57,233.85,228.37,233.41,55824200,Apple,AAPL,0.0176,0.1118,1.024,1
2025-09-15,236.33,237.52,234.37,236.03,42699500,Apple,AAPL,0.0112,-0.2351,1.0134,1
2025-09-16,236.51,240.54,235.65,237.48,63421100,Apple,AAPL,0.0061,0.4853,1.0207,1
2025-09-17,238.3,239.42,237.06,238.32,46508000,Apple,AAPL,0.0035,-0.2667,1.01,0
2025-09-18,239.29,240.52,235.98,237.21,44249600,Apple,AAPL,-0.0046,-0.0486,1.0192,1
2025-09-19,240.55,245.61,239.53,244.81,163741300,Apple,AAPL,0.032,2.7004,1.0254,1
2025-09-22,247.6,255.92,247.42,255.36,105517400,Apple,AAPL,0.0431,-0.3556,1.0343,0
2025-09-23,255.16,256.61,252.86,253.71,60275200,Apple,AAPL,-0.0064,-0.4288,1.0148,0
2025-09-24,254.5,255.02,250.33,251.6,42303700,Apple,AAPL,-0.0083,-0.2982,1.0187,1
2025-09-25,252.5,256.44,251.0,256.15,55202100,Apple,AAPL,0.0181,0.3049,1.0217,0
2025-09-26,253.38,256.87,253.06,254.74,46076300,Apple,AAPL,-0.0055,-0.1653,1.0151,0
2025-09-29,253.84,254.28,252.3,253.71,40127700,Apple,AAPL,-0.004,-0.1291,1.0079,1
2025-09-30,254.14,255.2,252.4,253.91,37704300,Apple,AAPL,0.0008,-0.0604,1.0111,1
2025-10-01,254.32,258.06,254.21,254.73,48713900,Apple,AAPL,0.0032,0.292,1.0151,1
2025-10-02,255.86,257.45,253.43,256.4,42630200,Apple,AAPL,0.0066,-0.1249,1.0159,1
2025-10-03,253.95,258.51,253.23,257.29,49155600,Apple,AAPL,0.0035,0.1531,1.0208,0
2025-10-06,257.26,258.34,254.33,255.97,44664100,Apple,AAPL,-0.0052,-0.0914,1.0158,0
2025-10-07,256.09,256.67,254.71,255.76,31955800,Apple,AAPL,-0.0008,-0.2845,1.0077,1
2025-10-08,255.8,257.79,255.39,257.33,36496900,Apple,AAPL,0.0062,0.1421,1.0094,0
2025-10-09,257.08,257.27,252.43,253.32,38322000,Apple,AAPL,-0.0156,0.05,1.0192,0
2025-10-10,254.22,255.66,243.31,244.58,61999100,Apple,AAPL,-0.0345,0.6178,1.0507,1
2025-10-13,248.68,248.99,244.87,246.96,38142900,Apple,AAPL,0.0097,-0.3848,1.0168,1
2025-10-14,245.9,248.15,244.01,247.07,35478000,Apple,AAPL,0.0004,-0.0699,1.017,1
2025-10-15,248.79,251.11,246.77,248.64,33893600,Apple,AAPL,0.0063,-0.0447,1.0176,0
2025-10-16,247.55,248.34,244.44,246.75,39777000,Apple,AAPL,-0.0076,0.1736,1.016,1
2025-10-17,247.32,252.67,246.57,251.58,49147000,Apple,AAPL,0.0196,0.2356,1.0247,1
2025-10-20,255.17,263.63,254.91,261.5,90483000,Apple,AAPL,0.0394,0.8411,1.0342,1
2025-10-21,261.14,264.54,261.09,262.03,46695900,Apple,AAPL,0.002,-0.4839,1.0132,0
2025-10-22,261.91,262.11,254.71,257.72,45015300,Apple,AAPL,-0.0164,-0.036,1.029,1
2025-10-23,259.21,259.88,257.28,258.85,32754900,Apple,AAPL,0.0044,-0.2724,1.0101,1
2025-10-24,260.45,263.38,258.45,262.08,38253700,Apple,AAPL,0.0125,0.1679,1.0191,1
2025-10-27,264.13,268.36,263.9,268.05,44888200,Apple,AAPL,0.0228,0.1734,1.0169,1
2025-10-28,268.23,269.13,267.39,268.24,41534800,Apple,AAPL,0.0007,-0.0747,1.0065,1
2025-10-29,268.52,270.64,266.36,268.94,51086700,Apple,AAPL,0.0026,0.23,1.0161,1
2025-10-30,271.22,273.37,267.72,270.63,69886500,Apple,AAPL,0.0063,0.368,1.0211,0
2025-10-31,276.21,276.54,268.4,269.61,86167100,Apple,AAPL,-0.0038,0.233,1.0303,0
2025-11-03,269.66,270.09,265.5,268.29,50194600,Apple,AAPL,-0.0049,-0.4175,1.0173,1
2025-11-04,267.57,270.72,266.87,269.28,49274800,Apple,AAPL,0.0037,-0.0183,1.0145,1
2025-11-05,267.85,270.93,266.18,269.38,43683100,Apple,AAPL,0.0004,-0.1135,1.0179,0
2025-11-06,267.13,272.63,267.13,269.01,51204000,Apple,AAPL,-0.0014,0.1722,1.0206,0
2025-11-07,269.04,271.52,266.02,267.71,48227400,Apple,AAPL,-0.0048,-0.0581,1.0207,1
2025-11-10,268.46,273.22,266.96,268.93,41312400,Apple,AAPL,0.0045,-0.1434,1.0234,1
2025-11-11,269.31,275.4,269.3,274.74,46208300,Apple,AAPL,0.0216,0.1185,1.0226,0
2025-11-12,274.49,275.22,271.2,272.96,48398000,Apple,AAPL,-0.0065,0.0474,1.0148,0
2025-11-13,273.6,276.19,271.59,272.44,49602800,Apple,AAPL,-0.0019,0.0249,1.0169,0
2025-11-14,270.55,275.45,269.1,271.9,47431300,Apple,AAPL,-0.002,-0.0438,1.0236,0
2025-11-17,268.32,269.99,265.24,266.96,45018300,Apple,AAPL,-0.0182,-0.0509,1.0179,0
2025-11-18,269.49,270.21,264.83,266.94,45677300,Apple,AAPL,-0.0001,0.0146,1.0203,1
2025-11-19,265.04,271.71,265.01,268.06,40424500,Apple,AAPL,0.0042,-0.115,1.0253,0
2025-11-20,270.33,274.92,265.43,265.76,45823600,Apple,AAPL,-0.0086,0.1336,1.0358,1
2025-11-21,265.46,272.82,265.18,270.99,59030800,Apple,AAPL,0.0197,0.2882,1.0288,1
2025-11-24,270.4,276.49,270.4,275.41,65585800,Apple,AAPL,0.0163,0.111,1.0225,1
2025-11-25,274.76,279.86,274.74,276.46,46914200,Apple,AAPL,0.0038,-0.2847,1.0186,1
2025-11-26,276.45,279.01,276.12,277.04,33431400,Apple,AAPL,0.0021,-0.2874,1.0105,1
2025-11-28,276.75,278.48,275.48,278.33,20135600,Apple,AAPL,0.0047,-0.3977,1.0109,1
2025-12-01,277.49,282.89,275.63,282.58,46587700,Apple,AAPL,0.0152,1.3137,1.0264,1
2025-12-02,282.48,286.87,282.11,285.66,53669500,Apple,AAPL,0.0109,0.152,1.0169,0
2025-12-03,285.67,288.08,282.77,283.62,43538700,Apple,AAPL,-0.0071,-0.1888,1.0188,0
2025-12-04,283.57,284.2,278.07,280.18,43989100,Apple,AAPL,-0.0121,0.0103,1.022,0
2025-12-05,280.02,280.62,277.53,278.26,47265800,Apple,AAPL,-0.0068,0.0745,1.0111,0
2025-12-08,277.61,279.15,275.64,277.37,38211800,Apple,AAPL,-0.0032,-0.1916,1.0127,0
2025-12-09,277.64,279.51,276.41,276.67,32193300,Apple,AAPL,-0.0026,-0.1575,1.0112,1
2025-12-10,277.23,279.23,275.93,278.26,33038300,Apple,AAPL,0.0058,0.0262,1.012,0
2025-12-11,278.58,279.07,273.3,277.51,33248000,Apple,AAPL,-0.0027,0.0063,1.0211,1
2025-12-12,277.38,278.7,276.31,277.76,39532900,Apple,AAPL,0.0009,0.189,1.0087,0
2025-12-15,279.63,279.63,272.33,273.6,50409100,Apple,AAPL,-0.015,0.2751,1.0268,1
2025-12-16,272.31,274.99,271.29,274.1,37648600,Apple,AAPL,0.0018,-0.2531,1.0137,0
2025-12-17,274.5,275.65,271.14,271.34,50138700,Apple,AAPL,-0.0101,0.3318,1.0166,1
2025-12-18,273.1,273.12,266.45,271.69,51630700,Apple,AAPL,0.0013,0.0298,1.025,1
2025-12-19,271.65,274.09,269.4,273.16,144632000,Apple,AAPL,0.0054,1.8013,1.0174,0
2025-12-22,272.35,273.37,270.01,270.47,36571800,Apple,AAPL,-0.0099,-0.7471,1.0125,1
2025-12-23,270.34,271.99,269.06,271.85,29642000,Apple,AAPL,0.0051,-0.1895,1.0109,1
2025-12-24,271.83,274.92,271.7,273.3,17910600,Apple,AAPL,0.0053,-0.3958,1.0119,0
2025-12-26,273.65,274.86,272.35,272.89,21521800,Apple,AAPL,-0.0015,0.2016,1.0092,1
2025-12-29,272.18,273.85,271.84,273.25,23715200,Apple,AAPL,0.0013,0.1019,1.0074,0
2025-12-30,272.3,273.57,271.78,272.57,22139600,Apple,AAPL,-0.0025,-0.0664,1.0066,0
2025-12-31,272.55,273.17,271.25,271.36,27293600,Apple,AAPL,-0.0045,0.2328,1.0071,0
2026-01-02,271.76,277.32,268.5,270.51,37838100,Apple,AAPL,-0.0031,0.3863,1.0329,0
2026-01-05,270.14,271.01,265.65,266.76,45647200,Apple,AAPL,-0.0138,0.2064,1.0202,0
2026-01-06,266.5,267.05,261.63,261.87,52352100,Apple,AAPL,-0.0183,0.1469,1.0207,0
2026-01-07,262.71,263.19,259.33,259.85,48309800,Apple,AAPL,-0.0077,-0.0772,1.0149,0
2026-01-08,256.54,258.81,255.23,258.56,50419300,Apple,AAPL,-0.005,0.0437,1.014,1
2026-01-09,258.6,259.73,255.74,258.89,39997000,Apple,AAPL,0.0013,-0.2067,1.0156,1
2026-01-12,258.68,260.82,256.32,259.77,45263800,Apple,AAPL,0.0034,0.1317,1.0175,1
2026-01-13,258.24,261.32,257.91,260.57,45730800,Apple,AAPL,0.0031,0.0103,1.0132,0
2026-01-14,259.01,261.33,256.23,259.48,40019400,Apple,AAPL,-0.0042,-0.1249,1.0199,0
2026-01-15,260.17,260.56,256.57,257.73,39388600,Apple,AAPL,-0.0067,-0.0158,1.0155,0
2026-01-16,257.42,258.42,254.46,255.06,72142800,Apple,AAPL,-0.0104,0.8316,1.0156,0
2026-01-20,252.26,254.32,242.97,246.24,80267500,Apple,AAPL,-0.0346,0.1126,1.0467,1
2026-01-21,248.24,251.09,244.73,247.19,54641700,Apple,AAPL,0.0039,-0.3193,1.026,1
2026-01-22,248.74,250.53,247.69,247.89,39708300,Apple,AAPL,0.0028,-0.2733,1.0115,0
2026-01-23,246.86,248.95,244.23,247.58,41689000,Apple,AAPL,-0.0012,0.0499,1.0193,1
2026-01-26,251.01,256.08,249.34,254.94,55969200,Apple,AAPL,0.0297,0.3425,1.0271,1
2026-01-27,258.69,261.46,257.73,257.79,49648300,Apple,AAPL,0.0112,-0.1129,1.0145,0
2026-01-28,257.17,258.38,254.04,255.96,41288000,Apple,AAPL,-0.0071,-0.1684,1.0171,1
2026-01-29,257.52,259.17,253.94,257.8,67253000,Apple,AAPL,0.0072,0.6289,1.0206,1
2026-01-30,254.7,261.41,251.71,259.0,92443400,Apple,AAPL,0.0046,0.3746,1.0385,1
2026-02-02,259.55,269.99,258.73,269.51,73913400,Apple,AAPL,0.0406,-0.2004,1.0435,0
2026-02-03,268.7,271.38,267.11,268.98,64394700,Apple,AAPL,-0.002,-0.1288,1.016,1
2026-02-04,271.79,278.43,271.79,275.98,90545700,Apple,AAPL,0.026,0.4061,1.0245,0
2026-02-05,277.61,278.98,272.72,275.4,52977400,Apple,AAPL,-0.0021,-0.4149,1.0229,1
2026-02-06,276.61,280.39,276.42,277.6,50453400,Apple,AAPL,0.008,-0.0476,1.0144,0
2026-02-09,277.65,277.94,271.45,274.37,44623400,Apple,AAPL,-0.0117,-0.1156,1.0239,0
2026-02-10,274.64,275.12,272.69,273.43,34376900,Apple,AAPL,-0.0034,-0.2296,1.0089,1
2026-02-11,274.45,279.92,274.2,275.25,51931300,Apple,AAPL,0.0067,0.5106,1.0209,0
2026-02-12,275.34,275.47,259.94,261.49,81077200,Apple,AAPL,-0.05,0.5612,1.0597,0
2026-02-13,261.77,261.99,255.21,255.54,56290700,Apple,AAPL,-0.0227,-0.3057,1.0265,1
2026-02-17,257.81,266.04,255.3,263.64,58469100,Apple,AAPL,0.0317,0.0387,1.0421,1
2026-02-18,263.36,266.57,262.21,264.11,34203300,Apple,AAPL,0.0018,-0.415,1.0167,0
2026-02-19,262.36,264.24,259.81,260.34,30845300,Apple,AAPL,-0.0143,-0.0982,1.017,1
2026-02-20,258.73,264.51,257.92,264.34,42070500,Apple,AAPL,0.0154,0.3639,1.0255,1
2026-02-23,263.25,269.18,263.14,265.93,37308200,Apple,AAPL,0.006,-0.1132,1.023,1
2026-02-24,267.61,274.64,267.46,271.89,47014600,Apple,AAPL,0.0224,0.2602,1.0268,1
2026-02-25,271.53,274.69,270.8,273.98,33714300,Apple,AAPL,0.0077,-0.2829,1.0144,0
2026-02-26,274.7,275.86,270.55,272.7,32345100,Apple,AAPL,-0.0047,-0.0406,1.0196,0
2026-02-27,272.56,272.56,262.65,263.94,72366500,Apple,AAPL,-0.0321,1.2373,1.0377,1
2026-03-02,262.17,266.28,259.96,264.48,41827900,Apple,AAPL,0.002,-0.422,1.0243,0
2026-03-03,263.24,265.32,259.89,263.51,38568900,Apple,AAPL,-0.0037,-0.0779,1.0209,0
2026-03-04,264.41,265.91,261.18,262.28,39803100,Apple,AAPL,-0.0047,0.032,1.0181,0
2026-03-05,260.55,261.32,257.01,260.05,49658600,Apple,AAPL,-0.0085,0.2476,1.0168,0
2026-03-06,258.39,258.53,254.14,257.22,41120000,Apple,AAPL,-0.0109,-0.1719,1.0173,1
2026-03-09,255.45,260.91,253.45,259.64,38218500,Apple,AAPL,0.0094,-0.0706,1.0294,1
2026-03-10,257.41,262.24,256.71,260.59,30590800,Apple,AAPL,0.0037,-0.1996,1.0215,0
2026-03-11,260.85,261.89,259.31,260.57,26218900,Apple,AAPL,-0.0001,-0.1429,1.0099,0
2026-03-12,258.42,258.71,253.95,255.52,40794000,Apple,AAPL,-0.0194,0.5559,1.0188,0
2026-03-13,255.24,256.09,249.29,249.89,36930000,Apple,AAPL,-0.0221,-0.0947,1.0273,1
2026-03-16,251.88,253.66,249.65,252.59,32074200,Apple,AAPL,0.0108,-0.1315,1.016,1
2026-03-17,252.73,254.9,251.95,254.0,32361600,Apple,AAPL,0.0056,0.009,1.0117,0
2026-03-18,252.4,254.71,248.77,249.71,35757900,Apple,AAPL,-0.0169,0.1049,1.0239,0
2026-03-19,249.17,251.6,247.07,248.73,34864100,Apple,AAPL,-0.0039,-0.025,1.0183,0
2026-03-20,247.75,248.97,245.77,247.76,88331100,Apple,AAPL,-0.0039,1.5336,1.013,1
2026-03-23,253.74,254.37,250.05,251.26,40546100,Apple,AAPL,0.0141,-0.541,1.0173,1
2026-03-24,250.12,254.6,249.32,251.41,45152300,Apple,AAPL,0.0006,0.1136,1.0212,1
2026-03-25,253.87,254.77,251.37,252.39,28476700,Apple,AAPL,0.0039,-0.3693,1.0135,1
2026-03-26,251.89,256.76,250.54,252.66,41796700,Apple,AAPL,0.0011,0.4678,1.0248,0
2026-03-27,253.67,255.25,247.84,248.57,47900000,Apple,AAPL,-0.0162,0.146,1.0299,0
2026-03-30,249.84,250.64,245.28,246.4,39446200,Apple,AAPL,-0.0087,-0.1765,1.0218,1
2026-03-31,247.68,255.24,246.87,253.56,49598100,Apple,AAPL,0.029,0.2574,1.0339,1
2026-04-01,253.85,255.94,253.1,255.39,40059400,Apple,AAPL,0.0073,-0.1923,1.0113,1
2026-04-02,253.97,255.89,250.42,255.68,31289400,Apple,AAPL,0.0011,-0.2189,1.0219,1
2026-04-06,256.27,261.92,256.22,258.62,29329900,Apple,AAPL,0.0115,-0.0626,1.0222,0
2026-04-07,255.92,255.96,245.47,253.27,62148000,Apple,AAPL,-0.0207,1.1189,1.0427,1
2026-04-08,258.21,259.51,256.29,258.66,41032800,Apple,AAPL,0.0213,-0.3398,1.0126,1
2026-04-09,258.76,260.88,255.83,260.25,28121600,Apple,AAPL,0.0061,-0.3147,1.0197,0
2026-04-10,259.74,261.95,258.78,260.24,31291500,Apple,AAPL,-0.0,0.1127,1.0122,0
2026-04-13,259.49,259.94,256.42,258.96,36234700,Apple,AAPL,-0.0049,0.158,1.0137,0
2026-04-14,259.01,261.69,256.95,258.59,48370700,Apple,AAPL,-0.0014,0.3349,1.0184,1
2026-04-15,257.92,266.31,257.57,266.18,49913500,Apple,AAPL,0.0294,0.0319,1.0339,0
2026-04-16,266.55,266.91,261.03,263.16,43323100,Apple,AAPL,-0.0114,-0.132,1.0225,1
2026-04-17,266.71,272.05,266.47,269.98,61436200,Apple,AAPL,0.0259,0.4181,1.0209,1
2026-04-20,270.08,274.03,270.04,272.8,36590200,Apple,AAPL,0.0104,-0.4044,1.0148,0
2026-04-21,271.25,272.55,265.16,265.93,50209800,Apple,AAPL,-0.0252,0.3722,1.0279,1
2026-04-22,267.57,273.49,266.62,272.92,43249200,Apple,AAPL,0.0263,-0.1386,1.0257,1
2026-04-23,274.8,275.52,271.4,273.18,33399600,Apple,AAPL,0.001,-0.2277,1.0152,0
2026-04-24,272.51,272.81,269.4,270.81,38157100,Apple,AAPL,-0.0087,0.1424,1.0126,0
2026-04-27,265.85,268.11,264.83,267.36,41466800,Apple,AAPL,-0.0127,0.0867,1.0124,1
2026-04-28,272.09,272.98,268.41,270.46,40018900,Apple,AAPL,0.0116,-0.0349,1.017,0
2026-04-29,267.3,270.79,266.79,269.92,30047900,Apple,AAPL,-0.002,-0.2492,1.015,1
2026-04-30,270.25,275.75,267.89,271.1,91848200,Apple,AAPL,0.0044,2.0567,1.0293,1
2026-05-01,278.6,286.96,278.11,279.88,79915400,Apple,AAPL,0.0324,-0.1299,1.0318,0
2026-05-04,279.4,280.37,274.61,276.58,46668400,Apple,AAPL,-0.0118,-0.416,1.021,1
2026-05-05,276.68,284.31,276.25,283.92,49311700,Apple,AAPL,0.0266,0.0566,1.0292,1
2026-05-06,281.66,287.76,280.81,287.25,58336100,Apple,AAPL,0.0117,0.183,1.0248,0
2026-05-07,289.0,291.86,285.52,287.18,45224300,Apple,AAPL,-0.0002,-0.2248,1.0222,1
2026-05-08,289.74,294.49,289.73,293.05,52692800,Apple,AAPL,0.0205,0.1651,1.0164,0
2026-05-11,291.98,293.88,290.23,292.68,42247300,Apple,AAPL,-0.0013,-0.1982,1.0126,1
2026-05-12,292.56,295.27,292.56,294.8,45748100,Apple,AAPL,0.0072,0.0829,1.0093,1
2026-05-13,293.5,300.92,293.5,298.87,52684300,Apple,AAPL,0.0138,0.1516,1.0253,0
2026-05-14,299.82,300.45,295.38,298.21,35324900,Apple,AAPL,-0.0022,-0.3295,1.0172,1
2026-05-15,297.9,303.2,296.52,300.23,54862800,Apple,AAPL,0.0068,0.5531,1.0225,0
2026-05-18,300.24,300.66,294.91,297.84,34483000,Apple,AAPL,-0.008,-0.3715,1.0195,1
2026-05-19,296.97,300.51,296.35,298.97,42243600,Apple,AAPL,0.0038,0.2251,1.014,1
2026-05-20,298.18,302.8,298.08,302.25,38229800,Apple,AAPL,0.011,-0.095,1.0158,1
2026-05-21,301.06,305.54,300.4,304.99,42965100,Apple,AAPL,0.0091,0.1239,1.0171,1
2026-05-22,306.12,311.4,305.84,308.82,43670200,Apple,AAPL,0.0126,0.0164,1.0182,0
2026-05-26,309.56,311.82,307.67,308.33,48000500,Apple,AAPL,-0.0016,0.0992,1.0135,1
2026-05-27,308.33,313.26,308.3,310.85,50430900,Apple,AAPL,0.0082,0.0506,1.0161,1
2026-05-28,310.68,312.8,309.57,312.51,48220400,Apple,AAPL,0.0053,-0.0438,1.0104,0
2026-05-29,311.78,315.0,309.53,312.06,70026800,Apple,AAPL,-0.0014,0.4522,1.0177,0
2026-06-01,309.63,310.94,305.02,306.31,48849900,Apple,AAPL,-0.0184,-0.3024,1.0194,1
2026-06-02,307.46,315.45,306.69,315.2,44534700,Apple,AAPL,0.029,-0.0883,1.0286,0
2026-06-03,314.18,316.94,308.85,310.26,50836700,Apple,AAPL,-0.0157,0.1415,1.0262,1
2026-06-04,313.23,313.54,309.65,311.23,44869100,Apple,AAPL,0.0031,-0.1174,1.0126,0
2026-06-05,312.86,315.17,307.15,307.34,65310500,Apple,AAPL,-0.0125,0.4556,1.0261,0
2026-06-08,308.74,317.4,301.17,301.54,77949100,Apple,AAPL,-0.0189,0.1935,1.0539,0
2026-06-09,300.28,300.75,287.78,290.55,70108800,Apple,AAPL,-0.0364,-0.1006,1.0451,1
2026-06-10,290.74,294.75,287.38,291.58,52793300,Apple,AAPL,0.0035,-0.247,1.0256,1
2026-06-11,293.72,297.0,289.59,295.63,42572500,Apple,AAPL,0.0139,-0.1936,1.0256,0
2026-06-12,296.03,297.14,289.62,291.13,38742100,Apple,AAPL,-0.0152,-0.09,1.026,1
2026-06-15,294.12,297.78,291.7,296.42,45732600,Apple,AAPL,0.0182,0.1804,1.0208,1
2026-06-16,295.25,300.48,293.97,299.24,39874400,Apple,AAPL,0.0095,-0.1281,1.0221,0
2026-06-17,300.85,302.07,294.36,295.95,42745100,Apple,AAPL,-0.011,0.072,1.0262,1
2026-06-18,298.11,300.57,295.62,298.01,85962200,Apple,AAPL,0.007,1.011,1.0167,0
2026-06-22,297.31,302.42,296.76,297.01,44879900,Apple,AAPL,-0.0034,-0.4779,1.0191,0
2026-06-23,297.54,301.64,294.18,294.3,52010900,Apple,AAPL,-0.0091,0.1589,1.0254,0
2026-06-24,295.36,299.7,292.94,293.08,53081900,Apple,AAPL,-0.0041,0.0206,1.0231,0
2026-06-25,287.4,288.8,273.75,275.15,107013700,Apple,AAPL,-0.0612,1.016,1.055,1
2026-06-26,275.0,285.95,274.21,283.78,261775500,Apple,AAPL,0.0314,1.4462,1.0428,0
2026-06-29,286.73,288.37,279.85,281.74,66427000,Apple,AAPL,-0.0072,-0.7462,1.0304,1
2026-06-30,281.17,289.94,280.7,289.36,65100200,Apple,AAPL,0.027,-0.02,1.0329,1
2026-07-01,293.44,296.59,289.2,294.38,50164200,Apple,AAPL,0.0173,-0.2294,1.0256,1
2026-07-02,294.12,309.42,293.68,308.63,75352800,Apple,AAPL,0.0484,0.5021,1.0536,1
2026-07-06,307.36,314.2,307.0,312.66,53590000,Apple,AAPL,0.0131,-0.2888,1.0235,0
2026-07-07,315.29,315.48,310.15,310.66,42490000,Apple,AAPL,-0.0064,-0.2071,1.0172,1
2026-07-08,311.91,314.82,307.05,313.39,41323500,Apple,AAPL,0.0088,-0.0275,1.0253,1
2026-07-09,310.51,316.53,308.16,316.22,48124500,Apple,AAPL,0.009,0.1646,1.0272,0
2026-07-10,314.72,316.91,312.17,315.32,34109200,Apple,AAPL,-0.0028,-0.2912,1.0152,0
2023-01-04,225.85,226.42,219.71,222.76,50623400,Microsoft,MSFT,-0.0437,0.9667,1.0306,0
2023-01-05,220.91,221.25,215.62,216.16,39585600,Microsoft,MSFT,-0.0296,-0.218,1.0261,1
2023-01-06,216.83,219.51,213.28,218.7,43613600,Microsoft,MSFT,0.0118,0.1018,1.0292,1
2023-01-09,220.18,224.84,220.14,220.83,27369800,Microsoft,MSFT,0.0097,-0.3724,1.0213,1
2023-01-10,221.46,224.91,221.04,222.52,27033900,Microsoft,MSFT,0.0076,-0.0123,1.0175,1
2023-01-11,224.89,229.42,224.71,229.24,28669300,Microsoft,MSFT,0.0302,0.0605,1.0209,1
2023-01-12,228.75,233.26,227.09,231.91,27269500,Microsoft,MSFT,0.0116,-0.0488,1.0271,1
2023-01-13,230.44,232.74,228.42,232.61,21333300,Microsoft,MSFT,0.003,-0.2177,1.0189,1
2023-01-17,231.38,234.24,230.53,233.7,29831300,Microsoft,MSFT,0.0047,0.3983,1.0161,0
2023-01-18,234.88,235.67,229.0,229.28,30028700,Microsoft,MSFT,-0.0189,0.0066,1.0291,0
2023-01-19,227.31,229.0,224.29,225.51,28623000,Microsoft,MSFT,-0.0165,-0.0468,1.021,1
2023-01-20,228.36,234.08,228.02,233.57,35389800,Microsoft,MSFT,0.0357,0.2364,1.0266,1
2023-01-23,234.43,238.38,233.02,235.87,31934000,Microsoft,MSFT,0.0098,-0.0976,1.023,0
2023-01-24,235.79,237.2,233.78,235.34,40234400,Microsoft,MSFT,-0.0022,0.2599,1.0146,0
2023-01-25,227.99,236.57,224.51,233.95,66526600,Microsoft,MSFT,-0.0059,0.6535,1.0537,1
2023-01-26,236.91,241.44,235.3,241.14,33454500,Microsoft,MSFT,0.0307,-0.4971,1.0261,1
2023-01-27,242.1,242.91,240.0,241.29,26498900,Microsoft,MSFT,0.0006,-0.2079,1.0122,0
2023-01-30,237.74,238.8,235.5,235.99,25867400,Microsoft,MSFT,-0.022,-0.0238,1.014,1
2023-01-31,236.71,241.09,236.22,240.95,26541100,Microsoft,MSFT,0.021,0.026,1.0206,1
2023-02-01,241.14,248.12,238.68,245.75,31259900,Microsoft,MSFT,0.0199,0.1778,1.0396,1
2023-02-02,251.66,257.36,250.13,257.28,39940400,Microsoft,MSFT,0.0469,0.2777,1.0289,0
2023-02-03,252.36,256.89,249.98,251.2,29077300,Microsoft,MSFT,-0.0236,-0.272,1.0276,0
2023-02-06,250.31,251.15,247.73,249.66,22518000,Microsoft,MSFT,-0.0061,-0.2256,1.0138,1
2023-02-07,253.32,261.33,252.88,260.15,50841400,Microsoft,MSFT,0.042,1.2578,1.0334,0
2023-02-08,265.64,269.1,258.84,259.35,54686000,Microsoft,MSFT,-0.0031,0.0756,1.0396,0
2023-02-09,266.22,266.4,255.53,256.32,42375100,Microsoft,MSFT,-0.0117,-0.2251,1.0425,0
2023-02-10,254.29,256.78,253.44,255.82,25818500,Microsoft,MSFT,-0.002,-0.3907,1.0132,1
2023-02-13,260.23,267.0,259.76,263.81,44630900,Microsoft,MSFT,0.0312,0.7286,1.0279,1
2023-02-14,265.12,267.36,261.83,264.64,37047900,Microsoft,MSFT,0.0031,-0.1699,1.0211,0
2023-02-15,261.55,263.9,259.46,262.52,28922400,Microsoft,MSFT,-0.008,-0.2193,1.0171,0
2023-02-16,257.35,260.01,255.29,255.53,29603600,Microsoft,MSFT,-0.0266,0.0236,1.0185,0
2023-02-17,252.84,253.52,249.54,251.55,30000100,Microsoft,MSFT,-0.0156,0.0134,1.016,0
2023-02-21,248.06,249.04,245.24,246.29,28397400,Microsoft,MSFT,-0.0209,-0.0534,1.0155,0
2023-02-22,247.68,247.92,244.02,245.16,22491100,Microsoft,MSFT,-0.0046,-0.208,1.016,1
2023-02-23,249.11,250.36,244.16,248.34,29219100,Microsoft,MSFT,0.013,0.2991,1.0254,0
2023-02-24,243.65,244.66,241.84,242.93,24990900,Microsoft,MSFT,-0.0218,-0.1447,1.0117,1
2023-02-27,246.09,246.44,243.09,243.84,21190000,Microsoft,MSFT,0.0038,-0.1521,1.0138,0
2023-02-28,242.78,245.14,242.45,243.12,22491000,Microsoft,MSFT,-0.003,0.0614,1.0111,0
2023-03-01,244.43,244.6,239.58,240.05,27565300,Microsoft,MSFT,-0.0126,0.2256,1.0209,1
2023-03-02,240.33,245.05,239.41,244.77,24808200,Microsoft,MSFT,0.0197,-0.1,1.0236,1
2023-03-03,245.82,249.17,245.04,248.85,30760100,Microsoft,MSFT,0.0166,0.2399,1.0168,1
2023-03-06,249.96,253.55,249.52,250.39,24109800,Microsoft,MSFT,0.0062,-0.2162,1.0162,0
2023-03-07,249.83,251.18,246.99,247.73,21473200,Microsoft,MSFT,-0.0106,-0.1094,1.017,0
2023-03-08,247.63,248.11,244.48,247.3,17340200,Microsoft,MSFT,-0.0018,-0.1925,1.0149,0
2023-03-09,249.36,253.01,245.23,245.95,26653400,Microsoft,MSFT,-0.0054,0.5371,1.0317,0
2023-03-10,244.74,246.41,241.35,242.31,28333900,Microsoft,MSFT,-0.0148,0.0631,1.021,1
2023-03-13,241.15,251.4,239.53,247.51,33339700,Microsoft,MSFT,0.0214,0.1767,1.0496,1
2023-03-14,250.27,254.48,249.4,254.21,33620300,Microsoft,MSFT,0.0271,0.0084,1.0204,1
2023-03-15,253.42,259.75,252.67,258.74,46028000,Microsoft,MSFT,0.0178,0.3691,1.028,1
2023-03-16,258.51,269.58,256.63,269.23,54768800,Microsoft,MSFT,0.0405,0.1899,1.0504,1
2023-03-17,271.24,276.18,269.34,272.38,69527400,Microsoft,MSFT,0.0117,0.2695,1.0254,0
2023-03-20,269.99,270.47,263.04,265.36,43466600,Microsoft,MSFT,-0.0258,-0.3748,1.0283,1
2023-03-21,267.94,268.06,262.72,266.87,34558700,Microsoft,MSFT,0.0057,-0.2049,1.0203,0
2023-03-22,266.5,273.95,265.31,265.42,34873300,Microsoft,MSFT,-0.0054,0.0091,1.0326,1
2023-03-23,270.92,273.96,268.25,270.65,36610900,Microsoft,MSFT,0.0197,0.0498,1.0213,1
2023-03-24,270.24,273.55,268.33,273.49,28172000,Microsoft,MSFT,0.0105,-0.2305,1.0194,0
2023-03-27,273.42,274.35,268.56,269.4,26840200,Microsoft,MSFT,-0.0149,-0.0473,1.0216,0
2023-03-28,268.83,269.17,265.18,268.28,21878600,Microsoft,MSFT,-0.0042,-0.1849,1.015,1
2023-03-29,271.92,274.04,271.38,273.43,25087000,Microsoft,MSFT,0.0192,0.1466,1.0098,1
2023-03-30,277.05,277.28,274.37,276.88,25053400,Microsoft,MSFT,0.0126,-0.0013,1.0106,1
2023-03-31,276.57,281.97,275.86,281.02,32766000,Microsoft,MSFT,0.015,0.3078,1.0222,0
2023-04-03,279.29,280.99,276.78,279.98,24883300,Microsoft,MSFT,-0.0037,-0.2406,1.0152,0
2023-04-04,279.98,283.12,278.46,279.93,25824300,Microsoft,MSFT,-0.0002,0.0378,1.0167,0
2023-04-05,278.63,279.9,275.78,277.16,22064800,Microsoft,MSFT,-0.0099,-0.1456,1.015,1
2023-04-06,276.06,284.71,274.91,284.24,29770300,Microsoft,MSFT,0.0255,0.3492,1.0356,0
2023-04-10,281.91,282.29,277.52,282.08,23103000,Microsoft,MSFT,-0.0076,-0.224,1.0172,0
2023-04-11,278.54,278.76,274.53,275.69,27276600,Microsoft,MSFT,-0.0227,0.1807,1.0154,1
2023-04-12,277.6,279.76,274.84,276.33,27403400,Microsoft,MSFT,0.0023,0.0046,1.0179,1
2023-04-13,276.43,282.58,276.02,282.52,24222700,Microsoft,MSFT,0.0224,-0.1161,1.0238,0
2023-04-14,279.75,281.2,276.53,278.92,20987900,Microsoft,MSFT,-0.0128,-0.1335,1.0169,1
2023-04-17,282.61,284.24,278.94,281.51,23836200,Microsoft,MSFT,0.0093,0.1357,1.019,0
2023-04-18,284.21,284.39,279.76,281.09,20161800,Microsoft,MSFT,-0.0015,-0.1542,1.0165,1
2023-04-19,278.77,281.75,277.36,281.17,17150300,Microsoft,MSFT,0.0003,-0.1494,1.0159,0
2023-04-20,278.05,281.73,277.88,278.89,23244400,Microsoft,MSFT,-0.0081,0.3553,1.0139,0
2023-04-21,277.81,279.04,275.91,278.55,21676400,Microsoft,MSFT,-0.0012,-0.0675,1.0113,0
2023-04-24,274.97,277.76,271.68,274.66,26611000,Microsoft,MSFT,-0.014,0.2276,1.0224,0
2023-04-25,272.45,274.49,268.42,268.47,45772200,Microsoft,MSFT,-0.0225,0.72,1.0226,1
2023-04-26,289.21,292.01,285.34,287.91,64599200,Microsoft,MSFT,0.0724,0.4113,1.0234,1
2023-04-27,288.5,297.5,287.8,297.13,46462600,Microsoft,MSFT,0.032,-0.2808,1.0337,1
2023-04-28,296.34,301.13,295.65,299.5,36469600,Microsoft,MSFT,0.008,-0.2151,1.0185,0
2023-05-01,299.22,300.81,297.45,297.85,21294100,Microsoft,MSFT,-0.0055,-0.4161,1.0113,0
2023-05-02,299.99,301.37,296.24,297.7,26404400,Microsoft,MSFT,-0.0005,0.24,1.0173,0
2023-05-03,298.88,300.82,296.41,296.72,22360800,Microsoft,MSFT,-0.0033,-0.1531,1.0149,1
2023-05-04,298.51,299.99,295.74,297.7,22519900,Microsoft,MSFT,0.0033,0.0071,1.0144,1
2023-05-05,298.0,304.09,296.59,302.81,28197100,Microsoft,MSFT,0.0172,0.2521,1.0253,0
2023-05-08,302.3,302.37,298.36,300.86,21318600,Microsoft,MSFT,-0.0064,-0.2439,1.0134,0
2023-05-09,300.22,302.21,298.58,299.25,21340800,Microsoft,MSFT,-0.0053,0.001,1.0122,1
2023-05-10,300.83,305.1,299.9,304.43,30078000,Microsoft,MSFT,0.0173,0.4094,1.0173,0
2023-05-11,302.27,303.27,298.53,302.28,31680200,Microsoft,MSFT,-0.007,0.0533,1.0159,0
2023-05-12,302.71,302.81,298.86,301.17,19774700,Microsoft,MSFT,-0.0037,-0.3758,1.0132,1
2023-05-15,301.3,302.08,299.82,301.65,16336500,Microsoft,MSFT,0.0016,-0.1739,1.0075,1
2023-05-16,302.01,305.79,302.01,303.87,26730300,Microsoft,MSFT,0.0074,0.6362,1.0125,1
2023-05-17,305.07,307.16,303.56,306.74,24315000,Microsoft,MSFT,0.0095,-0.0904,1.0119,1
2023-05-18,307.26,311.67,306.47,311.16,27276000,Microsoft,MSFT,0.0144,0.1218,1.017,0
2023-05-19,309.42,311.38,309.06,310.98,27546700,Microsoft,MSFT,-0.0006,0.0099,1.0075,1
2023-05-22,311.24,315.13,310.66,313.76,24115700,Microsoft,MSFT,0.0089,-0.1246,1.0144,0
2023-05-23,312.63,315.26,307.96,307.97,30797200,Microsoft,MSFT,-0.0184,0.2771,1.0237,0
2023-05-24,307.46,309.18,305.38,306.6,23384900,Microsoft,MSFT,-0.0045,-0.2407,1.0124,1
2023-05-25,315.77,319.34,312.6,318.39,43301700,Microsoft,MSFT,0.0385,0.8517,1.0216,1
2023-05-26,316.53,325.69,316.39,325.2,36630600,Microsoft,MSFT,0.0214,-0.1541,1.0294,0
2023-05-30,327.48,327.98,322.88,323.55,29503100,Microsoft,MSFT,-0.005,-0.1946,1.0158,0
2023-05-31,324.61,328.17,319.76,320.8,45950600,Microsoft,MSFT,-0.0085,0.5575,1.0263,1
2023-06-01,318.4,325.82,317.21,324.89,26773900,Microsoft,MSFT,0.0128,-0.4173,1.0271,1
2023-06-02,326.52,329.7,324.86,327.65,25873800,Microsoft,MSFT,0.0085,-0.0336,1.0149,1
2023-06-05,327.47,330.73,326.92,328.17,21307100,Microsoft,MSFT,0.0016,-0.1765,1.0117,0
2023-06-06,327.58,327.62,324.49,325.97,20396200,Microsoft,MSFT,-0.0067,-0.0428,1.0096,0
2023-06-07,323.98,326.76,315.05,315.91,40717100,Microsoft,MSFT,-0.0309,0.9963,1.0372,1
2023-06-08,316.45,319.09,315.88,317.74,23277700,Microsoft,MSFT,0.0058,-0.4283,1.0102,1
2023-06-09,317.48,322.36,316.91,319.24,22529000,Microsoft,MSFT,0.0047,-0.0322,1.0172,1
2023-06-12,320.99,324.42,317.64,324.18,24260300,Microsoft,MSFT,0.0155,0.0768,1.0213,1
2023-06-13,326.74,329.19,322.75,326.56,22951300,Microsoft,MSFT,0.0074,-0.054,1.0199,1
2023-06-14,326.61,331.2,325.12,329.54,26003800,Microsoft,MSFT,0.0091,0.133,1.0187,1
2023-06-15,329.68,341.75,329.41,340.05,38899100,Microsoft,MSFT,0.0319,0.4959,1.0375,0
2023-06-16,343.2,343.35,334.05,334.42,46552000,Microsoft,MSFT,-0.0166,0.1967,1.0278,0
2023-06-20,331.47,334.17,328.1,330.24,26375400,Microsoft,MSFT,-0.0125,-0.4334,1.0185,0
2023-06-21,328.59,329.92,324.39,325.85,25117800,Microsoft,MSFT,-0.0133,-0.0477,1.017,1
2023-06-22,326.4,332.26,325.63,331.86,23556800,Microsoft,MSFT,0.0184,-0.0621,1.0203,0
2023-06-23,326.63,330.15,325.74,327.28,23146900,Microsoft,MSFT,-0.0138,-0.0174,1.0135,0
2023-06-26,326.01,328.34,320.9,321.0,21520600,Microsoft,MSFT,-0.0192,-0.0703,1.0232,1
2023-06-27,324.19,328.38,321.69,326.84,24354100,Microsoft,MSFT,0.0182,0.1317,1.0208,1
2023-06-28,326.92,330.17,326.09,328.09,20259500,Microsoft,MSFT,0.0038,-0.1681,1.0125,0
2023-06-29,326.97,328.34,324.93,327.31,16997000,Microsoft,MSFT,-0.0024,-0.161,1.0105,1
2023-06-30,329.94,334.81,329.41,332.67,26832800,Microsoft,MSFT,0.0164,0.5787,1.0164,0
2023-07-03,331.35,333.02,328.79,330.18,12508700,Microsoft,MSFT,-0.0075,-0.5338,1.0129,1
2023-07-05,327.34,333.75,326.99,330.33,18172400,Microsoft,MSFT,0.0005,0.4528,1.0207,1
2023-07-06,329.5,335.06,327.75,333.38,28161200,Microsoft,MSFT,0.0092,0.5497,1.0223,0
2023-07-07,331.48,333.89,329.21,329.43,21214800,Microsoft,MSFT,-0.0119,-0.2467,1.0142,0
2023-07-10,326.87,327.48,320.02,324.16,32791400,Microsoft,MSFT,-0.016,0.5457,1.0233,1
2023-07-11,323.41,325.17,319.44,324.79,26698200,Microsoft,MSFT,0.0019,-0.1858,1.0179,1
2023-07-12,328.82,333.75,327.91,329.41,29995300,Microsoft,MSFT,0.0142,0.1235,1.0178,1
2023-07-13,331.71,335.79,331.18,334.74,20567200,Microsoft,MSFT,0.0162,-0.3143,1.0139,1
2023-07-14,339.56,343.31,336.35,337.26,28352700,Microsoft,MSFT,0.0075,0.3785,1.0207,1
2023-07-17,337.69,338.97,334.29,337.74,20363900,Microsoft,MSFT,0.0014,-0.2818,1.014,1
2023-07-18,337.84,358.3,334.26,351.18,64738600,Microsoft,MSFT,0.0398,2.1791,1.0719,0
2023-07-19,353.39,354.08,344.29,346.87,39732900,Microsoft,MSFT,-0.0123,-0.3863,1.0284,0
2023-07-20,345.4,349.7,337.39,338.85,33778400,Microsoft,MSFT,-0.0231,-0.1499,1.0365,0
2023-07-21,341.08,342.2,331.97,335.82,69405400,Microsoft,MSFT,-0.0089,1.0547,1.0308,1
2023-07-24,337.86,338.9,334.4,337.13,26678100,Microsoft,MSFT,0.0039,-0.6156,1.0135,1
2023-07-25,339.09,343.76,337.09,342.87,41637700,Microsoft,MSFT,0.017,0.5607,1.0198,0
2023-07-26,333.55,336.7,325.41,329.96,58383700,Microsoft,MSFT,-0.0376,0.4022,1.0347,0
2023-07-27,332.61,333.44,321.44,323.08,39635300,Microsoft,MSFT,-0.0209,-0.3211,1.0373,1
2023-07-28,325.96,332.15,325.47,330.55,28484900,Microsoft,MSFT,0.0231,-0.2813,1.0205,0
2023-07-31,329.13,329.89,325.65,328.16,25446000,Microsoft,MSFT,-0.0072,-0.1067,1.013,1
2023-08-01,327.44,330.71,325.99,328.57,18311900,Microsoft,MSFT,0.0013,-0.2804,1.0145,0
2023-08-02,325.92,325.92,318.82,319.93,27761300,Microsoft,MSFT,-0.0263,0.516,1.0223,0
2023-08-03,318.46,322.25,318.42,319.11,18253700,Microsoft,MSFT,-0.0026,-0.3425,1.0121,1
2023-08-04,324.21,327.39,319.68,320.2,23741500,Microsoft,MSFT,0.0034,0.3006,1.0241,1
2023-08-07,320.78,323.46,319.95,322.48,17741500,Microsoft,MSFT,0.0071,-0.2527,1.011,0
2023-08-08,319.4,321.15,315.53,318.51,22327600,Microsoft,MSFT,-0.0123,0.2585,1.0178,0
2023-08-09,318.92,319.55,313.63,314.78,22373300,Microsoft,MSFT,-0.0117,0.002,1.0189,1
2023-08-10,318.48,320.67,313.76,315.47,20113700,Microsoft,MSFT,0.0022,-0.101,1.022,0
2023-08-11,312.86,314.96,311.83,313.59,24355500,Microsoft,MSFT,-0.0059,0.2109,1.01,1
2023-08-14,313.96,316.57,312.68,316.55,18836100,Microsoft,MSFT,0.0094,-0.2266,1.0124,0
2023-08-15,315.53,317.58,313.48,314.42,16966300,Microsoft,MSFT,-0.0067,-0.0993,1.0131,0
2023-08-16,314.05,317.59,313.07,313.66,20698900,Microsoft,MSFT,-0.0024,0.22,1.0144,0
2023-08-17,313.79,315.1,309.55,310.21,21257200,Microsoft,MSFT,-0.011,0.027,1.0179,0
2023-08-18,307.87,311.68,304.99,309.82,24755000,Microsoft,MSFT,-0.0013,0.1645,1.0219,1
2023-08-21,311.24,315.98,310.37,315.11,24040000,Microsoft,MSFT,0.0171,-0.0289,1.0181,1
2023-08-22,318.65,319.22,314.69,315.67,16084600,Microsoft,MSFT,0.0018,-0.3309,1.0144,1
2023-08-23,317.0,322.27,316.65,320.12,21166400,Microsoft,MSFT,0.0141,0.3159,1.0177,0
2023-08-24,325.84,325.97,313.23,313.24,23281400,Microsoft,MSFT,-0.0215,0.0999,1.0407,1
2023-08-25,314.7,318.51,312.09,316.18,21684100,Microsoft,MSFT,0.0094,-0.0686,1.0206,1
2023-08-28,318.81,319.29,314.95,316.89,14808500,Microsoft,MSFT,0.0022,-0.3171,1.0138,1
2023-08-29,315.11,322.06,315.11,321.5,19284600,Microsoft,MSFT,0.0146,0.3023,1.0221,1
2023-08-30,321.75,322.87,319.58,321.87,15222100,Microsoft,MSFT,0.0012,-0.2107,1.0103,0
2023-08-31,322.27,323.95,319.9,320.86,26411000,Microsoft,MSFT,-0.0031,0.735,1.0126,1
2023-09-01,324.34,325.0,319.9,321.74,14942000,Microsoft,MSFT,0.0027,-0.4343,1.0159,1
2023-09-05,322.08,327.8,321.74,326.53,18553900,Microsoft,MSFT,0.0149,0.2417,1.0188,0
2023-09-06,326.36,327.42,323.23,325.87,17535800,Microsoft,MSFT,-0.002,-0.0549,1.013,0
2023-09-07,324.32,326.07,322.11,322.97,18381000,Microsoft,MSFT,-0.0089,0.0482,1.0123,1
2023-09-08,323.14,329.09,322.53,327.23,19530100,Microsoft,MSFT,0.0132,0.0625,1.0203,1
2023-09-11,330.14,331.3,328.37,330.83,16583300,Microsoft,MSFT,0.011,-0.1509,1.0089,0
2023-09-12,328.75,329.7,324.5,324.79,17565500,Microsoft,MSFT,-0.0183,0.0592,1.016,1
2023-09-13,324.34,329.76,324.2,328.99,16544400,Microsoft,MSFT,0.0129,-0.0581,1.0172,1
2023-09-14,332.01,333.69,329.49,331.57,20267000,Microsoft,MSFT,0.0079,0.225,1.0127,0
2023-09-15,329.83,330.3,322.71,323.27,37679800,Microsoft,MSFT,-0.025,0.8592,1.0235,0
2023-09-18,320.9,323.45,319.49,322.13,16834200,Microsoft,MSFT,-0.0035,-0.5532,1.0124,0
2023-09-19,319.31,322.46,317.68,321.73,16505900,Microsoft,MSFT,-0.0012,-0.0195,1.015,0
2023-09-20,322.58,322.65,313.76,314.02,21436500,Microsoft,MSFT,-0.024,0.2987,1.0283,0
2023-09-21,312.54,318.5,308.37,312.81,35560400,Microsoft,MSFT,-0.0039,0.6589,1.0329,0
2023-09-22,314.56,314.68,309.5,310.34,21447900,Microsoft,MSFT,-0.0079,-0.3969,1.0168,1
2023-09-25,309.93,310.98,308.37,310.86,17836000,Microsoft,MSFT,0.0017,-0.1684,1.0085,0
2023-09-26,308.5,309.23,303.5,305.57,26297600,Microsoft,MSFT,-0.017,0.4744,1.0189,1
2023-09-27,305.73,307.69,303.17,306.21,19410100,Microsoft,MSFT,0.0021,-0.2619,1.0149,1
2023-09-28,304.44,308.84,302.94,307.04,19683600,Microsoft,MSFT,0.0027,0.0141,1.0195,1
2023-09-29,311.06,312.75,308.35,309.1,24147300,Microsoft,MSFT,0.0067,0.2268,1.0143,1
2023-10-02,309.62,315.12,308.55,315.03,20570000,Microsoft,MSFT,0.0192,-0.1481,1.0213,0
2023-10-03,314.08,314.63,304.66,306.79,21033500,Microsoft,MSFT,-0.0261,0.0225,1.0327,1
2023-10-04,307.42,313.3,307.39,312.25,20720100,Microsoft,MSFT,0.0178,-0.0149,1.0192,1
2023-10-05,312.37,313.25,308.27,312.64,16965600,Microsoft,MSFT,0.0013,-0.1812,1.0161,1
2023-10-06,309.89,322.26,309.64,320.37,25673600,Microsoft,MSFT,0.0247,0.5133,1.0408,1
2023-10-09,317.92,323.35,316.38,322.88,19891200,Microsoft,MSFT,0.0078,-0.2252,1.022,0
2023-10-10,323.99,324.13,320.77,321.48,20557100,Microsoft,MSFT,-0.0043,0.0335,1.0105,1
2023-10-11,324.24,325.82,322.21,325.42,20063200,Microsoft,MSFT,0.0123,-0.024,1.0112,0
2023-10-12,323.61,326.61,321.8,324.19,19313100,Microsoft,MSFT,-0.0038,-0.0374,1.0149,0
2023-10-13,325.38,326.8,319.49,320.83,21072400,Microsoft,MSFT,-0.0104,0.0911,1.0229,1
2023-10-16,324.08,329.07,323.64,325.64,22158000,Microsoft,MSFT,0.015,0.0515,1.0168,0
2023-10-17,322.65,326.44,320.52,325.07,18338500,Microsoft,MSFT,-0.0017,-0.1724,1.0185,0
2023-10-18,325.49,328.53,321.39,323.16,23153600,Microsoft,MSFT,-0.0059,0.2626,1.0222,1
2023-10-19,325.16,329.79,323.95,324.35,25052100,Microsoft,MSFT,0.0037,0.082,1.018,0
2023-10-20,324.74,324.93,318.6,319.79,25027700,Microsoft,MSFT,-0.014,-0.001,1.0199,1
2023-10-23,318.62,325.73,317.56,322.39,24374700,Microsoft,MSFT,0.0081,-0.0261,1.0257,1
2023-10-24,324.33,324.86,320.71,323.57,31153600,Microsoft,MSFT,0.0037,0.2781,1.0129,1
2023-10-25,337.76,338.91,330.51,333.5,55053800,Microsoft,MSFT,0.0307,0.7672,1.0254,0
2023-10-26,333.37,334.44,320.06,320.99,37828500,Microsoft,MSFT,-0.0375,-0.3129,1.0449,1
2023-10-27,323.48,329.63,321.49,322.87,29856500,Microsoft,MSFT,0.0059,-0.2107,1.0253,1
2023-10-30,326.39,332.31,324.85,330.21,22828100,Microsoft,MSFT,0.0227,-0.2354,1.023,1
2023-10-31,331.72,331.87,327.65,330.99,20265300,Microsoft,MSFT,0.0024,-0.1123,1.0129,1
2023-11-01,332.64,340.11,332.5,338.79,28158800,Microsoft,MSFT,0.0235,0.3895,1.0229,1
2023-11-02,339.93,341.49,337.51,340.99,24348100,Microsoft,MSFT,0.0065,-0.1353,1.0118,1
2023-11-03,342.27,346.93,340.02,345.37,23637700,Microsoft,MSFT,0.0129,-0.0292,1.0203,1
2023-11-06,346.01,350.02,345.91,349.03,23828300,Microsoft,MSFT,0.0106,0.0081,1.0119,1
2023-11-07,351.84,354.83,350.1,352.94,25833900,Microsoft,MSFT,0.0112,0.0842,1.0135,1
2023-11-08,354.07,356.21,352.96,355.56,26767800,Microsoft,MSFT,0.0074,0.0362,1.0092,0
2023-11-09,354.67,357.11,352.78,353.1,24847300,Microsoft,MSFT,-0.0069,-0.0717,1.0123,1
2023-11-10,353.88,362.31,353.47,361.89,28042100,Microsoft,MSFT,0.0249,0.1286,1.025,0
2023-11-13,360.47,360.72,358.2,358.96,19986500,Microsoft,MSFT,-0.0081,-0.2873,1.007,1
2023-11-14,363.2,364.12,359.62,362.48,27683900,Microsoft,MSFT,0.0098,0.3851,1.0125,1
2023-11-15,364.2,366.02,360.11,362.62,26860100,Microsoft,MSFT,0.0004,-0.0298,1.0164,1
2023-11-16,363.89,369.18,363.12,369.0,27182300,Microsoft,MSFT,0.0176,0.012,1.0167,0
2023-11-17,366.49,367.23,360.01,362.8,40157000,Microsoft,MSFT,-0.0168,0.4773,1.0201,1
2023-11-20,364.14,371.65,363.93,370.25,52465100,Microsoft,MSFT,0.0205,0.3065,1.0212,0
2023-11-21,368.51,369.05,364.05,365.96,28423100,Microsoft,MSFT,-0.0116,-0.4582,1.0137,1
2023-11-22,370.8,372.55,367.82,370.65,23345300,Microsoft,MSFT,0.0128,-0.1787,1.0129,0
2023-11-24,370.14,370.77,367.99,370.24,10176600,Microsoft,MSFT,-0.0011,-0.5641,1.0075,1
2023-11-27,369.6,373.39,369.03,371.39,22179200,Microsoft,MSFT,0.0031,1.1794,1.0118,1
2023-11-28,371.14,375.7,370.95,375.41,20453100,Microsoft,MSFT,0.0108,-0.0778,1.0128,0
2023-11-29,376.45,376.98,370.25,371.63,28963400,Microsoft,MSFT,-0.0101,0.4161,1.0182,1
2023-11-30,371.28,372.85,368.31,371.69,30554400,Microsoft,MSFT,0.0002,0.0549,1.0123,0
2023-12-01,369.58,370.95,364.23,367.37,33040500,Microsoft,MSFT,-0.0116,0.0814,1.0184,0
2023-12-04,362.07,362.48,355.98,362.1,32063300,Microsoft,MSFT,-0.0143,-0.0296,1.0182,1
2023-12-05,359.47,365.97,358.65,365.42,23065000,Microsoft,MSFT,0.0092,-0.2806,1.0204,0
2023-12-06,366.42,367.05,361.02,361.77,21182100,Microsoft,MSFT,-0.01,-0.0816,1.0167,1
2023-12-07,361.21,364.37,359.34,363.88,23118900,Microsoft,MSFT,0.0058,0.0914,1.014,1
2023-12-08,362.16,367.32,361.21,367.1,20154400,Microsoft,MSFT,0.0088,-0.1282,1.0169,0
2023-12-11,361.46,364.52,359.12,364.22,27708800,Microsoft,MSFT,-0.0078,0.3748,1.015,1
2023-12-12,363.78,367.28,363.4,367.24,24838300,Microsoft,MSFT,0.0083,-0.1036,1.0107,0
2023-12-13,368.85,370.44,363.7,367.23,30955500,Microsoft,MSFT,-0.0,0.2463,1.0185,0
2023-12-14,366.2,366.64,357.19,358.96,43277500,Microsoft,MSFT,-0.0225,0.3981,1.0264,1
2023-12-15,359.86,365.3,359.3,363.66,78502300,Microsoft,MSFT,0.0131,0.8139,1.0167,1
2023-12-18,362.41,365.89,361.65,365.55,21802900,Microsoft,MSFT,0.0052,-0.7223,1.0117,1
2023-12-19,364.41,366.15,362.79,366.15,20603700,Microsoft,MSFT,0.0016,-0.055,1.0092,0
2023-12-20,367.85,368.86,363.47,363.56,26316700,Microsoft,MSFT,-0.0071,0.2773,1.0148,1
2023-12-21,365.46,367.27,362.99,366.42,17708000,Microsoft,MSFT,0.0079,-0.3271,1.0118,1
2023-12-22,366.56,368.03,365.61,367.44,17107500,Microsoft,MSFT,0.0028,-0.0339,1.0066,1
2023-12-26,367.85,369.76,366.38,367.52,12673100,Microsoft,MSFT,0.0002,-0.2592,1.0092,0
2023-12-27,366.57,367.91,365.7,366.94,14905400,Microsoft,MSFT,-0.0016,0.1761,1.006,1
2023-12-28,368.22,369.28,367.03,368.13,14327000,Microsoft,MSFT,0.0032,-0.0388,1.0061,1
2023-12-29,368.83,369.97,366.36,368.87,18730800,Microsoft,MSFT,0.002,0.3074,1.0099,0
2024-01-02,366.73,368.74,359.78,363.8,25258600,Microsoft,MSFT,-0.0137,0.3485,1.0249,0
2024-01-03,361.98,366.15,361.49,363.54,23083500,Microsoft,MSFT,-0.0007,-0.0861,1.0129,0
2024-01-04,363.61,365.99,360.17,360.93,20901500,Microsoft,MSFT,-0.0072,-0.0945,1.0162,0
2024-01-05,361.94,364.97,359.51,360.74,21004600,Microsoft,MSFT,-0.0005,0.0049,1.0152,1
2024-01-08,362.26,368.05,361.98,367.55,23134000,Microsoft,MSFT,0.0189,0.1014,1.0168,1
2024-01-09,364.92,368.82,364.12,368.63,20830000,Microsoft,MSFT,0.0029,-0.0996,1.0129,1
2024-01-10,369.2,376.85,369.15,375.47,25514200,Microsoft,MSFT,0.0186,0.2249,1.0209,1
2024-01-11,378.64,383.23,373.13,377.3,27850800,Microsoft,MSFT,0.0049,0.0916,1.0271,1
2024-01-12,378.14,381.27,377.32,381.07,21661200,Microsoft,MSFT,0.01,-0.2222,1.0105,1
2024-01-16,386.16,386.52,380.23,382.83,27202300,Microsoft,MSFT,0.0046,0.2558,1.0165,0
2024-01-17,380.59,382.67,377.48,382.05,22234100,Microsoft,MSFT,-0.002,-0.1826,1.0138,1
2024-01-18,384.25,386.48,382.68,386.36,23392100,Microsoft,MSFT,0.0113,0.0521,1.0099,1
2024-01-19,388.22,391.07,386.0,391.07,29331100,Microsoft,MSFT,0.0122,0.2539,1.0131,0
2024-01-22,392.4,392.98,386.09,388.95,27016900,Microsoft,MSFT,-0.0054,-0.0789,1.0179,1
2024-01-23,388.21,391.77,386.42,391.3,20525900,Microsoft,MSFT,0.006,-0.2403,1.0138,1
2024-01-24,393.89,397.9,392.82,394.89,24867000,Microsoft,MSFT,0.0092,0.2115,1.0129,1
2024-01-25,396.61,399.25,394.86,397.15,21021200,Microsoft,MSFT,0.0057,-0.1547,1.0111,0
2024-01-26,396.66,398.43,394.76,396.23,17803300,Microsoft,MSFT,-0.0023,-0.1531,1.0093,1
2024-01-29,398.32,402.17,396.62,401.91,24510200,Microsoft,MSFT,0.0143,0.3767,1.014,0
2024-01-30,404.4,405.18,398.7,400.8,33477600,Microsoft,MSFT,-0.0028,0.3659,1.0162,0
2024-01-31,399.2,407.4,389.64,390.0,47871100,Microsoft,MSFT,-0.0269,0.4299,1.0456,1
2024-02-01,394.17,400.22,394.14,396.08,30657700,Microsoft,MSFT,0.0156,-0.3596,1.0154,1
2024-02-02,396.11,404.79,395.87,403.38,28256700,Microsoft,MSFT,0.0184,-0.0783,1.0225,0
2024-02-05,402.09,403.32,396.29,397.92,25352300,Microsoft,MSFT,-0.0135,-0.1028,1.0177,0
2024-02-06,398.14,400.19,395.23,397.76,18382600,Microsoft,MSFT,-0.0004,-0.2749,1.0126,1
2024-02-07,399.67,406.4,399.64,406.16,22340500,Microsoft,MSFT,0.0211,0.2153,1.0169,1
2024-02-08,406.16,407.64,404.67,406.22,21225300,Microsoft,MSFT,0.0001,-0.0499,1.0073,1
2024-02-09,407.34,412.8,407.18,412.53,22032800,Microsoft,MSFT,0.0156,0.038,1.0138,0
2024-02-12,412.54,412.72,406.85,407.35,21202900,Microsoft,MSFT,-0.0126,-0.0377,1.0144,0
2024-02-13,397.22,402.25,395.7,398.58,27824900,Microsoft,MSFT,-0.0215,0.3123,1.0166,1
2024-02-14,401.03,402.77,397.59,402.43,20401200,Microsoft,MSFT,0.0097,-0.2668,1.013,0
2024-02-15,401.1,402.07,397.32,399.55,21825500,Microsoft,MSFT,-0.0072,0.0698,1.012,0
2024-02-16,400.92,401.25,396.48,397.09,22296500,Microsoft,MSFT,-0.0061,0.0216,1.012,0
2024-02-20,396.29,397.51,391.15,395.84,24307900,Microsoft,MSFT,-0.0031,0.0902,1.0163,0
2024-02-21,393.27,395.35,390.37,395.24,18518900,Microsoft,MSFT,-0.0015,-0.2382,1.0128,1
2024-02-22,403.12,405.71,401.52,404.55,27009900,Microsoft,MSFT,0.0235,0.4585,1.0104,0
2024-02-23,408.5,408.69,401.92,403.26,16295900,Microsoft,MSFT,-0.0032,-0.3967,1.0168,0
2024-02-26,404.36,405.05,400.33,400.51,16193500,Microsoft,MSFT,-0.0068,-0.0063,1.0118,0
2024-02-27,400.95,401.28,396.89,400.45,14835800,Microsoft,MSFT,-0.0001,-0.0838,1.0111,1
2024-02-28,401.14,402.24,398.33,400.69,13183100,Microsoft,MSFT,0.0006,-0.1114,1.0098,1
2024-02-29,401.59,407.06,398.92,406.51,31947300,Microsoft,MSFT,0.0145,1.4234,1.0204,1
2024-03-01,404.18,408.7,403.79,408.33,17823400,Microsoft,MSFT,0.0045,-0.4421,1.0121,0
2024-03-04,406.31,410.15,405.21,407.76,17596000,Microsoft,MSFT,-0.0014,-0.0128,1.0122,0
2024-03-05,406.82,407.11,393.73,395.71,26919200,Microsoft,MSFT,-0.0296,0.5298,1.034,0
2024-03-06,396.02,398.17,391.52,395.16,22344100,Microsoft,MSFT,-0.0014,-0.17,1.017,1
2024-03-07,399.12,402.71,395.3,402.08,18718500,Microsoft,MSFT,0.0175,-0.1623,1.0187,0
2024-03-08,400.92,403.34,397.36,399.21,18002200,Microsoft,MSFT,-0.0071,-0.0383,1.0151,0
2024-03-11,396.8,398.68,394.34,397.54,16120800,Microsoft,MSFT,-0.0042,-0.1045,1.011,1
2024-03-12,400.59,408.4,399.77,408.12,22457000,Microsoft,MSFT,0.0266,0.393,1.0216,0
2024-03-13,410.89,410.97,404.35,407.94,17115900,Microsoft,MSFT,-0.0004,-0.2378,1.0164,1
2024-03-14,412.99,420.44,410.78,417.89,34157300,Microsoft,MSFT,0.0244,0.9956,1.0235,0
2024-03-15,412.06,415.31,405.67,409.24,45079900,Microsoft,MSFT,-0.0207,0.3198,1.0238,1
2024-03-18,407.11,413.47,406.64,410.12,20106000,Microsoft,MSFT,0.0022,-0.554,1.0168,1
2024-03-19,410.62,414.4,408.38,414.14,19837900,Microsoft,MSFT,0.0098,-0.0133,1.0147,1
2024-03-20,414.72,418.61,413.41,417.9,17860100,Microsoft,MSFT,0.0091,-0.0997,1.0126,1
2024-03-21,422.42,423.39,419.79,421.97,21296200,Microsoft,MSFT,0.0097,0.1924,1.0086,0
2024-03-22,422.29,422.45,418.72,421.35,17648500,Microsoft,MSFT,-0.0015,-0.1713,1.0089,0
2024-03-25,417.91,420.04,414.34,415.57,18060500,Microsoft,MSFT,-0.0137,0.0233,1.0138,0
2024-03-26,418.27,418.64,414.08,414.38,16725600,Microsoft,MSFT,-0.0029,-0.0739,1.011,0
2024-03-27,417.12,417.13,411.78,414.16,16705000,Microsoft,MSFT,-0.0005,-0.0012,1.013,0
2024-03-28,413.7,414.59,411.89,413.46,21871200,Microsoft,MSFT,-0.0017,0.3093,1.0066,1
2024-04-01,416.64,420.51,414.94,417.25,16316000,Microsoft,MSFT,0.0092,-0.254,1.0134,0
2024-04-02,412.87,415.1,410.63,414.17,17912000,Microsoft,MSFT,-0.0074,0.0978,1.0109,0
2024-04-03,412.49,415.96,411.86,413.2,16502300,Microsoft,MSFT,-0.0023,-0.0787,1.01,0
2024-04-04,417.66,421.28,410.37,410.67,19370900,Microsoft,MSFT,-0.0061,0.1738,1.0266,1
2024-04-05,412.77,419.15,411.11,418.18,16554800,Microsoft,MSFT,0.0183,-0.1454,1.0196,0
2024-04-08,417.84,419.91,416.0,417.27,14272400,Microsoft,MSFT,-0.0022,-0.1379,1.0094,1
2024-04-09,419.09,420.36,414.35,418.93,12496900,Microsoft,MSFT,0.004,-0.1244,1.0145,0
2024-04-10,414.91,416.72,412.46,415.96,16216600,Microsoft,MSFT,-0.0071,0.2976,1.0103,1
2024-04-11,418.48,421.97,415.08,420.55,17966400,Microsoft,MSFT,0.011,0.1079,1.0166,0
2024-04-12,416.74,417.85,412.53,414.62,19253800,Microsoft,MSFT,-0.0141,0.0717,1.0129,0
2024-04-15,419.24,419.46,406.3,406.51,20273500,Microsoft,MSFT,-0.0196,0.053,1.0324,1
2024-04-16,407.42,411.18,406.6,407.43,16765600,Microsoft,MSFT,0.0023,-0.173,1.0113,0
2024-04-17,410.05,411.66,403.25,404.74,15855500,Microsoft,MSFT,-0.0066,-0.0543,1.0208,0
2024-04-18,403.55,404.79,396.98,397.3,21029900,Microsoft,MSFT,-0.0184,0.3263,1.0197,0
2024-04-19,397.06,398.49,390.91,392.24,30565800,Microsoft,MSFT,-0.0127,0.4534,1.0194,1
2024-04-22,393.18,395.9,388.93,394.05,20286900,Microsoft,MSFT,0.0046,-0.3363,1.0179,1
2024-04-23,397.27,401.16,396.11,400.54,15734500,Microsoft,MSFT,0.0165,-0.2244,1.0128,1
2024-04-24,402.5,405.36,399.76,402.01,15065300,Microsoft,MSFT,0.0037,-0.0425,1.014,0
2024-04-25,387.23,392.99,381.34,392.16,40586500,Microsoft,MSFT,-0.0245,1.694,1.0306,1
2024-04-26,405.06,405.88,398.76,399.31,29694700,Microsoft,MSFT,0.0182,-0.2684,1.0178,0
2024-04-29,398.26,399.31,392.31,395.31,19582100,Microsoft,MSFT,-0.01,-0.3406,1.0179,0
2024-04-30,394.57,395.22,382.46,382.62,28781400,Microsoft,MSFT,-0.0321,0.4698,1.0334,1
2024-05-01,385.84,394.79,383.58,388.13,23562500,Microsoft,MSFT,0.0144,-0.1813,1.0292,1
2024-05-02,390.8,393.03,387.84,390.98,17709400,Microsoft,MSFT,0.0073,-0.2484,1.0134,1
2024-05-03,395.34,400.13,394.93,399.65,17446700,Microsoft,MSFT,0.0222,-0.0148,1.0132,1
2024-05-06,401.71,406.79,399.36,406.41,16996600,Microsoft,MSFT,0.0169,-0.0258,1.0186,0
2024-05-07,407.51,407.52,402.04,402.28,20018200,Microsoft,MSFT,-0.0102,0.1778,1.0136,1
2024-05-08,401.13,405.12,399.7,403.46,11792300,Microsoft,MSFT,0.0029,-0.4109,1.0136,1
2024-05-09,403.49,405.6,402.04,405.21,14689700,Microsoft,MSFT,0.0043,0.2457,1.0088,1
2024-05-10,405.82,408.22,404.7,407.59,13402300,Microsoft,MSFT,0.0059,-0.0876,1.0087,0
2024-05-13,410.8,411.14,403.74,406.59,15440200,Microsoft,MSFT,-0.0025,0.1521,1.0183,1
2024-05-14,404.91,410.29,404.45,409.38,15109300,Microsoft,MSFT,0.0069,-0.0214,1.0144,1
2024-05-15,411.43,417.25,410.81,416.53,22239500,Microsoft,MSFT,0.0175,0.4719,1.0157,0
2024-05-16,415.27,418.84,413.85,414.48,17530100,Microsoft,MSFT,-0.0049,-0.2118,1.0121,0
2024-05-17,416.0,416.38,411.56,413.71,15352200,Microsoft,MSFT,-0.0019,-0.1242,1.0117,1
2024-05-20,413.71,420.17,413.49,418.76,16272100,Microsoft,MSFT,0.0122,0.0599,1.0161,1
2024-05-21,420.23,426.27,418.28,422.4,21453300,Microsoft,MSFT,0.0087,0.3184,1.0191,1
2024-05-22,423.44,425.72,420.52,423.86,18073700,Microsoft,MSFT,0.0034,-0.1575,1.0124,0
2024-05-23,426.27,426.89,418.84,420.39,17211700,Microsoft,MSFT,-0.0082,-0.0477,1.0192,1
2024-05-24,420.58,424.39,417.84,423.5,11855300,Microsoft,MSFT,0.0074,-0.3112,1.0157,1
2024-05-28,422.98,424.15,420.0,423.66,15718000,Microsoft,MSFT,0.0004,0.3258,1.0099,0
2024-05-29,419.1,424.27,419.1,422.53,15517100,Microsoft,MSFT,-0.0027,-0.0128,1.0123,0
2024-05-30,417.73,417.73,407.83,408.25,28394500,Microsoft,MSFT,-0.0338,0.8299,1.0243,1
2024-05-31,410.3,410.3,398.25,408.71,47995300,Microsoft,MSFT,0.0011,0.6903,1.0303,0
2024-06-03,409.1,409.99,402.59,407.12,17484700,Microsoft,MSFT,-0.0039,-0.6357,1.0184,1
2024-06-04,406.05,410.0,403.34,409.63,14348900,Microsoft,MSFT,0.0062,-0.1793,1.0165,1
2024-06-05,411.35,417.52,409.86,417.45,16988000,Microsoft,MSFT,0.0191,0.1839,1.0187,1
2024-06-06,417.45,418.73,414.07,417.95,14861300,Microsoft,MSFT,0.0012,-0.1252,1.0112,0
2024-06-07,419.61,419.68,416.46,417.29,13621700,Microsoft,MSFT,-0.0016,-0.0834,1.0078,1
2024-06-10,418.13,421.46,417.33,421.25,13982900,Microsoft,MSFT,0.0095,0.0265,1.0099,1
2024-06-11,418.9,426.12,418.67,425.99,14551100,Microsoft,MSFT,0.0112,0.0406,1.0178,1
2024-06-12,428.58,436.54,426.55,434.24,22366200,Microsoft,MSFT,0.0194,0.5371,1.0234,1
2024-06-13,434.03,436.53,432.57,434.75,15960600,Microsoft,MSFT,0.0012,-0.2864,1.0091,1
2024-06-14,431.5,436.28,429.96,435.72,13582000,Microsoft,MSFT,0.0022,-0.149,1.0147,1
2024-06-17,435.74,443.96,433.9,441.43,20790000,Microsoft,MSFT,0.0131,0.5307,1.0232,0
2024-06-18,442.75,443.18,438.01,439.43,17112500,Microsoft,MSFT,-0.0045,-0.1769,1.0118,0
2024-06-20,439.39,439.62,434.44,438.8,19877400,Microsoft,MSFT,-0.0014,0.1616,1.0119,1
2024-06-21,440.46,443.61,439.6,442.82,34187100,Microsoft,MSFT,0.0092,0.7199,1.0091,0
2024-06-24,442.84,445.74,439.5,440.74,15913700,Microsoft,MSFT,-0.0047,-0.5345,1.0142,1
2024-06-25,441.31,444.44,439.84,443.97,16413400,Microsoft,MSFT,0.0073,0.0314,1.0105,1
2024-06-26,442.05,446.58,441.26,445.16,16507000,Microsoft,MSFT,0.0027,0.0057,1.0121,1
2024-06-27,445.18,449.11,444.78,445.84,14806300,Microsoft,MSFT,0.0015,-0.103,1.0097,0
2024-06-28,446.06,448.33,439.5,440.03,28362300,Microsoft,MSFT,-0.013,0.9156,1.0201,1
2024-07-01,441.72,450.29,438.76,449.66,17662800,Microsoft,MSFT,0.0219,-0.3772,1.0263,1
2024-07-02,446.19,452.48,446.1,452.17,13979800,Microsoft,MSFT,0.0056,-0.2085,1.0143,1
2024-07-03,451.1,453.89,450.8,453.64,9932800,Microsoft,MSFT,0.0032,-0.2895,1.0069,1
2024-07-05,452.5,461.1,451.87,460.33,16000300,Microsoft,MSFT,0.0147,0.6109,1.0204,0
2024-07-08,459.33,460.46,457.27,459.03,12962300,Microsoft,MSFT,-0.0028,-0.1899,1.007,0
2024-07-09,459.77,460.1,450.91,452.43,17207200,Microsoft,MSFT,-0.0144,0.3275,1.0204,1
2024-07-10,454.08,459.24,451.76,459.04,18196100,Microsoft,MSFT,0.0146,0.0575,1.0166,0
2024-07-11,455.82,457.59,444.56,447.66,23111200,Microsoft,MSFT,-0.0248,0.2701,1.0293,0
2024-07-12,447.3,449.3,443.68,446.53,16324300,Microsoft,MSFT,-0.0025,-0.2937,1.0127,1
2024-07-15,446.29,450.19,444.45,446.94,14429400,Microsoft,MSFT,0.0009,-0.1161,1.0129,0
2024-07-16,447.19,447.27,439.75,442.56,17175700,Microsoft,MSFT,-0.0098,0.1903,1.0171,0
2024-07-17,435.74,437.97,432.38,436.66,21778000,Microsoft,MSFT,-0.0133,0.268,1.0129,0
2024-07-18,437.46,437.77,427.68,433.56,20794800,Microsoft,MSFT,-0.0071,-0.0451,1.0236,0
2024-07-19,426.4,434.31,425.32,430.35,20940400,Microsoft,MSFT,-0.0074,0.007,1.0212,1
2024-07-22,434.95,437.72,432.12,436.09,15808800,Microsoft,MSFT,0.0133,-0.2451,1.013,1
2024-07-23,437.03,441.45,436.24,437.97,13107100,Microsoft,MSFT,0.0043,-0.1709,1.0119,0
2024-07-24,433.64,434.65,420.97,422.26,26805800,Microsoft,MSFT,-0.0359,1.0451,1.0325,0
2024-07-25,422.17,423.15,411.05,411.93,29943800,Microsoft,MSFT,-0.0245,0.1171,1.0294,1
2024-07-26,411.73,422.28,410.81,418.69,23583800,Microsoft,MSFT,0.0164,-0.2124,1.0279,1
2024-07-29,424.9,425.46,418.13,420.13,15125800,Microsoft,MSFT,0.0034,-0.3586,1.0175,0
2024-07-30,421.1,422.41,410.9,416.38,32687600,Microsoft,MSFT,-0.0089,1.161,1.028,0
2024-07-31,413.99,415.25,405.83,411.88,42891400,Microsoft,MSFT,-0.0108,0.3122,1.0232,0
2024-08-01,414.28,420.85,406.7,410.66,30296400,Microsoft,MSFT,-0.003,-0.2936,1.0348,0
2024-08-02,406.11,408.58,398.08,402.17,29437900,Microsoft,MSFT,-0.0207,-0.0283,1.0264,0
2024-08-05,383.15,394.83,379.61,389.04,40709200,Microsoft,MSFT,-0.0327,0.3829,1.0401,1
2024-08-06,393.81,399.39,392.33,393.43,24946500,Microsoft,MSFT,0.0113,-0.3872,1.018,0
2024-08-07,402.32,403.73,391.32,392.27,20650900,Microsoft,MSFT,-0.003,-0.1722,1.0317,1
2024-08-08,396.21,399.58,393.75,396.46,20203000,Microsoft,MSFT,0.0107,-0.0217,1.0148,1
2024-08-09,397.78,401.74,396.04,399.74,19276700,Microsoft,MSFT,0.0083,-0.0458,1.0144,1
2024-08-12,400.76,402.44,397.99,400.52,16762900,Microsoft,MSFT,0.0019,-0.1304,1.0112,1
2024-08-13,403.25,408.53,403.23,407.6,19414300,Microsoft,MSFT,0.0177,0.1582,1.0131,1
2024-08-14,408.38,411.26,406.07,410.41,18267000,Microsoft,MSFT,0.0069,-0.0591,1.0128,1
2024-08-15,414.05,415.34,411.94,415.26,20752100,Microsoft,MSFT,0.0118,0.136,1.0083,0
2024-08-16,414.84,415.57,411.58,412.74,22775600,Microsoft,MSFT,-0.0061,0.0975,1.0097,1
2024-08-19,413.22,415.97,410.76,415.76,15234000,Microsoft,MSFT,0.0073,-0.3311,1.0127,1
2024-08-20,415.92,420.03,415.86,418.98,16387600,Microsoft,MSFT,0.0078,0.0757,1.01,0
2024-08-21,418.27,420.56,415.94,418.33,16067300,Microsoft,MSFT,-0.0016,-0.0195,1.0111,0
2024-08-22,418.55,420.94,408.93,409.86,19361900,Microsoft,MSFT,-0.0203,0.2051,1.0294,1
2024-08-23,411.27,413.52,406.45,411.08,18493800,Microsoft,MSFT,0.003,-0.0448,1.0174,0
2024-08-26,410.67,411.56,405.71,407.83,13152800,Microsoft,MSFT,-0.0079,-0.2888,1.0144,1
2024-08-27,407.2,408.68,404.63,408.17,13492900,Microsoft,MSFT,0.0008,0.0259,1.01,0
2024-08-28,409.2,409.32,401.73,404.98,14882700,Microsoft,MSFT,-0.0078,0.103,1.0189,1
2024-08-29,409.26,416.27,404.98,407.46,17045200,Microsoft,MSFT,0.0061,0.1453,1.0279,1
2024-08-30,409.91,411.77,406.48,411.43,24308300,Microsoft,MSFT,0.0097,0.4261,1.013,0
2024-09-03,412.19,414.13,401.45,403.83,20313600,Microsoft,MSFT,-0.0185,-0.1643,1.0316,0
2024-09-04,400.35,405.61,398.83,403.3,15135800,Microsoft,MSFT,-0.0013,-0.2549,1.017,0
2024-09-05,402.04,407.44,400.57,402.8,14195500,Microsoft,MSFT,-0.0012,-0.0621,1.0172,0
2024-09-06,403.46,405.02,395.31,396.2,19609500,Microsoft,MSFT,-0.0164,0.3814,1.0246,1
2024-09-09,401.66,403.05,396.64,400.16,15295100,Microsoft,MSFT,0.01,-0.22,1.0162,1
2024-09-10,402.61,410.63,402.12,408.53,19594300,Microsoft,MSFT,0.0209,0.2811,1.0212,1
2024-09-11,409.81,418.18,403.97,417.25,19266900,Microsoft,MSFT,0.0213,-0.0167,1.0352,1
2024-09-12,417.51,421.52,414.0,421.15,17395700,Microsoft,MSFT,0.0094,-0.0971,1.0182,1
2024-09-13,420.0,425.91,419.63,424.69,15874600,Microsoft,MSFT,0.0084,-0.0874,1.015,1
2024-09-16,424.7,427.59,422.35,425.43,13834700,Microsoft,MSFT,0.0017,-0.1285,1.0124,1
2024-09-17,434.2,435.8,426.35,429.19,18874200,Microsoft,MSFT,0.0088,0.3643,1.0222,0
2024-09-18,429.04,430.06,424.51,424.91,18898000,Microsoft,MSFT,-0.01,0.0013,1.0131,1
2024-09-19,435.19,435.45,430.92,432.68,21706600,Microsoft,MSFT,0.0183,0.1486,1.0105,0
2024-09-20,431.23,433.22,428.27,429.31,55167100,Microsoft,MSFT,-0.0078,1.5415,1.0116,0
2024-09-23,428.33,430.48,424.49,427.57,15128900,Microsoft,MSFT,-0.004,-0.7258,1.0141,0
2024-09-24,427.07,427.41,420.26,423.29,17015800,Microsoft,MSFT,-0.01,0.1247,1.017,1
2024-09-25,423.94,427.19,422.7,426.19,13396400,Microsoft,MSFT,0.0069,-0.2127,1.0106,0
2024-09-26,429.13,429.34,423.25,425.4,14492000,Microsoft,MSFT,-0.0019,0.0818,1.0144,0
2024-09-27,425.61,425.93,421.61,422.16,14896100,Microsoft,MSFT,-0.0076,0.0279,1.0102,1
2024-09-30,422.34,424.52,419.54,424.41,16807300,Microsoft,MSFT,0.0053,0.1283,1.0119,0
2024-10-01,422.58,422.61,413.07,414.93,19092900,Microsoft,MSFT,-0.0223,0.136,1.0231,0
2024-10-02,416.79,417.03,411.0,411.42,16582300,Microsoft,MSFT,-0.0085,-0.1315,1.0147,0
2024-10-03,411.91,413.8,408.62,410.83,13686400,Microsoft,MSFT,-0.0014,-0.1746,1.0127,0
2024-10-04,412.51,414.0,409.29,410.36,19169700,Microsoft,MSFT,-0.0012,0.4006,1.0115,0
2024-10-07,410.3,411.4,403.4,403.93,20919800,Microsoft,MSFT,-0.0157,0.0913,1.0198,1
2024-10-08,405.27,409.97,402.58,409.03,19229300,Microsoft,MSFT,0.0126,-0.0808,1.0184,1
2024-10-09,410.16,414.62,408.62,411.74,14974300,Microsoft,MSFT,0.0066,-0.2213,1.0147,0
2024-10-10,409.54,411.63,407.49,410.14,13848400,Microsoft,MSFT,-0.0039,-0.0752,1.0102,1
2024-10-11,410.44,411.42,407.59,410.62,14144900,Microsoft,MSFT,0.0012,0.0214,1.0094,1
2024-10-14,412.05,418.23,411.8,413.4,16653100,Microsoft,MSFT,0.0068,0.1773,1.0156,0
2024-10-15,416.4,416.69,409.57,413.0,18900200,Microsoft,MSFT,-0.001,0.1349,1.0174,0
2024-10-16,409.48,410.66,404.86,410.42,15508900,Microsoft,MSFT,-0.0063,-0.1794,1.0143,1
2024-10-17,416.57,416.71,409.9,411.01,14820000,Microsoft,MSFT,0.0014,-0.0444,1.0166,1
2024-10-18,411.43,413.9,410.56,412.43,17145300,Microsoft,MSFT,0.0035,0.1569,1.0081,1
2024-10-21,410.42,413.22,408.08,413.04,14206100,Microsoft,MSFT,0.0015,-0.1714,1.0126,1
2024-10-22,412.76,424.68,412.31,421.65,25482200,Microsoft,MSFT,0.0208,0.7938,1.03,0
2024-10-23,424.96,425.18,416.74,418.78,19654400,Microsoft,MSFT,-0.0068,-0.2287,1.0202,1
2024-10-24,419.5,420.14,416.61,418.91,13581600,Microsoft,MSFT,0.0003,-0.309,1.0085,1
2024-10-25,420.91,426.6,420.73,422.29,16899100,Microsoft,MSFT,0.0081,0.2443,1.0139,0
2024-10-28,425.75,426.02,420.46,420.75,14882400,Microsoft,MSFT,-0.0036,-0.1193,1.0132,1
2024-10-29,422.14,427.24,419.97,426.03,17644100,Microsoft,MSFT,0.0126,0.1856,1.0173,1
2024-10-30,431.45,432.49,426.18,426.61,29749100,Microsoft,MSFT,0.0013,0.6861,1.0148,0
2024-10-31,409.67,410.46,400.73,400.78,53971000,Microsoft,MSFT,-0.0605,0.8142,1.0243,1
2024-11-01,403.41,409.81,401.92,404.75,24230400,Microsoft,MSFT,0.0099,-0.551,1.0196,0
2024-11-04,404.19,404.8,400.01,402.86,19672300,Microsoft,MSFT,-0.0047,-0.1881,1.012,1
2024-11-05,402.78,409.22,402.49,405.82,17626000,Microsoft,MSFT,0.0073,-0.104,1.0167,1
2024-11-06,406.77,414.69,404.9,414.42,26681800,Microsoft,MSFT,0.0212,0.5138,1.0242,1
2024-11-07,415.51,421.0,414.13,419.6,19901800,Microsoft,MSFT,0.0125,-0.2541,1.0166,0
2024-11-08,419.49,420.66,416.0,416.75,16891400,Microsoft,MSFT,-0.0068,-0.1513,1.0112,0
2024-11-11,416.73,418.99,410.3,412.28,24503300,Microsoft,MSFT,-0.0107,0.4506,1.0212,1
2024-11-12,412.52,418.63,411.49,417.24,19401200,Microsoft,MSFT,0.012,-0.2082,1.0174,1
2024-11-13,415.86,423.45,412.48,419.38,21502200,Microsoft,MSFT,0.0051,0.1083,1.0266,1
2024-11-14,419.18,422.3,414.25,421.04,30246900,Microsoft,MSFT,0.004,0.4067,1.0195,0
2024-11-15,414.07,417.01,407.97,409.32,28247600,Microsoft,MSFT,-0.0279,-0.0661,1.0221,1
2024-11-18,409.19,412.67,406.46,410.06,24727000,Microsoft,MSFT,0.0018,-0.1246,1.0153,1
2024-11-19,407.45,412.22,405.91,412.07,18133500,Microsoft,MSFT,0.0049,-0.2667,1.0155,0
2024-11-20,411.16,411.57,404.96,409.8,19191700,Microsoft,MSFT,-0.0055,0.0584,1.0163,0
2024-11-21,414.58,414.86,405.48,408.03,20780200,Microsoft,MSFT,-0.0043,0.0828,1.0231,1
2024-11-22,406.55,412.51,406.24,412.11,24814600,Microsoft,MSFT,0.01,0.1941,1.0154,1
2024-11-25,413.47,416.14,409.99,413.88,27691100,Microsoft,MSFT,0.0043,0.1159,1.015,1
2024-11-26,414.67,424.01,413.94,422.97,23458900,Microsoft,MSFT,0.022,-0.1528,1.0243,0
2024-11-27,420.13,422.22,417.07,418.03,18332400,Microsoft,MSFT,-0.0117,-0.2185,1.0123,1
2024-11-29,415.16,419.9,412.9,418.5,16271900,Microsoft,MSFT,0.0011,-0.1124,1.0169,1
2024-12-02,416.63,427.92,416.37,425.93,20207200,Microsoft,MSFT,0.0178,0.2418,1.0277,1
2024-12-03,424.8,427.4,422.73,426.14,18302000,Microsoft,MSFT,0.0005,-0.0943,1.0111,1
2024-12-04,427.95,434.52,427.56,432.29,26009400,Microsoft,MSFT,0.0144,0.4211,1.0163,1
2024-12-05,432.79,439.45,431.06,437.43,21697800,Microsoft,MSFT,0.0119,-0.1658,1.0195,1
2024-12-06,437.11,440.87,436.59,438.37,18821000,Microsoft,MSFT,0.0021,-0.1326,1.0098,1
2024-12-09,437.41,443.07,435.34,440.79,19144400,Microsoft,MSFT,0.0055,0.0172,1.0178,0
2024-12-10,439.18,444.35,436.42,438.13,18469500,Microsoft,MSFT,-0.006,-0.0353,1.0182,1
2024-12-11,438.84,445.07,438.84,443.73,19200200,Microsoft,MSFT,0.0128,0.0396,1.0142,1
2024-12-12,443.84,450.81,443.84,444.29,20834800,Microsoft,MSFT,0.0013,0.0851,1.0157,0
2024-12-13,443.18,446.14,440.36,442.03,20177800,Microsoft,MSFT,-0.0051,-0.0315,1.0131,1
2024-12-16,442.03,446.88,440.06,446.3,23598800,Microsoft,MSFT,0.0097,0.1695,1.0155,1
2024-12-17,445.72,449.95,444.3,449.13,22733500,Microsoft,MSFT,0.0064,-0.0367,1.0127,0
2024-12-18,446.03,447.34,431.9,432.26,24444500,Microsoft,MSFT,-0.0376,0.0753,1.0358,0
2024-12-19,436.44,437.98,431.2,431.91,22963700,Microsoft,MSFT,-0.0008,-0.0606,1.0157,0
2024-12-20,428.03,438.54,423.6,431.48,64263700,Microsoft,MSFT,-0.001,1.7985,1.0353,0
2024-12-23,431.62,432.52,427.76,430.15,19152500,Microsoft,MSFT,-0.0031,-0.702,1.0111,1
2024-12-24,429.55,434.45,429.1,434.18,7164500,Microsoft,MSFT,0.0094,-0.6259,1.0125,0
2024-12-26,433.93,435.77,431.51,432.97,8194200,Microsoft,MSFT,-0.0028,0.1437,1.0099,0
2024-12-27,429.5,430.12,421.35,425.48,18117700,Microsoft,MSFT,-0.0173,1.211,1.0208,0
2024-12-30,421.06,422.54,416.95,419.85,13158700,Microsoft,MSFT,-0.0132,-0.2737,1.0134,0
2024-12-31,421.1,421.73,415.73,416.56,13246500,Microsoft,MSFT,-0.0078,0.0067,1.0144,0
2025-01-02,420.54,421.07,409.99,413.67,16896500,Microsoft,MSFT,-0.0069,0.2755,1.027,1
2025-01-03,416.14,419.06,414.62,418.39,16662900,Microsoft,MSFT,0.0114,-0.0138,1.0107,1
2025-01-06,422.98,429.23,420.49,422.83,20573600,Microsoft,MSFT,0.0106,0.2347,1.0208,0
2025-01-07,423.97,425.6,415.87,417.42,18139100,Microsoft,MSFT,-0.0128,-0.1183,1.0234,1
2025-01-08,418.5,421.96,416.6,419.58,15054600,Microsoft,MSFT,0.0052,-0.17,1.0129,0
2025-01-10,419.65,419.73,410.15,414.04,20201100,Microsoft,MSFT,-0.0132,0.3419,1.0233,0
2025-01-13,410.37,413.59,407.46,412.3,17604800,Microsoft,MSFT,-0.0042,-0.1285,1.0151,0
2025-01-14,412.91,414.82,405.9,410.8,16935900,Microsoft,MSFT,-0.0036,-0.038,1.022,1
2025-01-15,414.22,423.13,413.37,421.31,19637800,Microsoft,MSFT,0.0256,0.1595,1.0236,0
2025-01-16,423.67,424.45,419.41,419.6,15300000,Microsoft,MSFT,-0.0041,-0.2209,1.012,1
2025-01-17,429.0,429.39,423.15,424.0,26197500,Microsoft,MSFT,0.0105,0.7123,1.0147,0
2025-01-21,425.16,425.85,420.61,423.48,26085700,Microsoft,MSFT,-0.0012,-0.0043,1.0125,1
2025-01-22,432.43,442.03,430.89,440.97,27803800,Microsoft,MSFT,0.0413,0.0659,1.0258,1
2025-01-23,436.82,441.51,436.32,441.47,18389300,Microsoft,MSFT,0.0011,-0.3386,1.0119,0
2025-01-24,439.94,441.41,436.23,438.85,15549500,Microsoft,MSFT,-0.0059,-0.1544,1.0119,0
2025-01-27,419.04,430.1,418.53,429.47,35647800,Microsoft,MSFT,-0.0214,1.2925,1.0276,1
2025-01-28,429.5,443.12,426.32,441.96,23491700,Microsoft,MSFT,0.0291,-0.341,1.0394,0
2025-01-29,441.45,441.64,435.24,437.14,23581400,Microsoft,MSFT,-0.0109,0.0038,1.0147,0
2025-01-30,413.86,417.9,408.32,410.12,54586300,Microsoft,MSFT,-0.0618,1.3148,1.0235,1
2025-01-31,414.07,415.76,410.05,410.19,34161900,Microsoft,MSFT,0.0002,-0.3742,1.0139,0
2025-02-03,406.77,410.54,403.87,406.1,25679100,Microsoft,MSFT,-0.01,-0.2483,1.0165,1
2025-02-04,407.85,409.07,404.94,407.54,20532100,Microsoft,MSFT,0.0035,-0.2004,1.0102,1
2025-02-05,407.52,408.98,405.59,408.44,16316700,Microsoft,MSFT,0.0022,-0.2053,1.0084,1
2025-02-06,409.15,413.3,409.15,410.95,16309800,Microsoft,MSFT,0.0061,-0.0004,1.0101,0
2025-02-07,411.6,413.74,403.32,404.95,22886800,Microsoft,MSFT,-0.0146,0.4033,1.0259,1
2025-02-10,408.86,410.59,406.1,407.39,20817900,Microsoft,MSFT,0.006,-0.0904,1.011,0
2025-02-11,404.84,407.65,404.5,406.62,18140600,Microsoft,MSFT,-0.0019,-0.1286,1.0078,0
2025-02-12,402.44,405.93,399.63,404.24,19121700,Microsoft,MSFT,-0.0058,0.0541,1.0158,1
2025-02-13,402.23,406.18,401.6,405.73,23891700,Microsoft,MSFT,0.0037,0.2495,1.0114,0
2025-02-14,403.01,404.12,401.12,403.64,22758500,Microsoft,MSFT,-0.0051,-0.0474,1.0075,1
2025-02-18,403.22,405.79,401.73,404.84,21423100,Microsoft,MSFT,0.003,-0.0587,1.0101,1
2025-02-19,403.1,410.62,402.87,409.91,24114200,Microsoft,MSFT,0.0125,0.1256,1.0192,1
2025-02-20,411.24,415.23,408.52,412.08,23508700,Microsoft,MSFT,0.0053,-0.0251,1.0164,0
2025-02-21,413.27,413.98,403.92,404.23,27524800,Microsoft,MSFT,-0.019,0.1708,1.0249,0
2025-02-24,404.53,405.38,395.43,400.06,26443700,Microsoft,MSFT,-0.0103,-0.0393,1.0252,0
2025-02-25,397.19,398.0,392.84,394.02,29387400,Microsoft,MSFT,-0.0151,0.1113,1.0132,1
2025-02-26,394.13,399.67,390.41,395.84,19619000,Microsoft,MSFT,0.0046,-0.3324,1.0237,0
2025-02-27,397.36,401.79,388.35,388.71,21127400,Microsoft,MSFT,-0.018,0.0769,1.0346,1
2025-02-28,388.83,393.76,382.8,393.12,32845700,Microsoft,MSFT,0.0114,0.5546,1.0286,0
2025-03-03,394.93,394.93,382.4,384.71,23007700,Microsoft,MSFT,-0.0214,-0.2995,1.0328,1
2025-03-04,379.66,388.76,377.29,384.82,29342900,Microsoft,MSFT,0.0003,0.2754,1.0304,1
2025-03-05,385.55,397.76,385.02,397.11,23433100,Microsoft,MSFT,0.0319,-0.2014,1.0331,0
2025-03-06,390.44,398.23,388.85,393.02,23304600,Microsoft,MSFT,-0.0103,-0.0055,1.0241,0
2025-03-07,388.5,390.95,381.78,389.48,22034100,Microsoft,MSFT,-0.009,-0.0545,1.024,0
2025-03-10,382.08,382.64,373.55,376.46,32840100,Microsoft,MSFT,-0.0334,0.4904,1.0243,1
2025-03-11,375.31,382.24,373.24,376.74,30380200,Microsoft,MSFT,0.0008,-0.0749,1.0241,1
2025-03-12,379.22,381.47,375.26,379.54,24253600,Microsoft,MSFT,0.0074,-0.2017,1.0165,0
2025-03-13,379.43,381.57,373.77,375.08,20473000,Microsoft,MSFT,-0.0117,-0.1559,1.0209,1
2025-03-14,376.08,386.43,375.81,384.77,19952800,Microsoft,MSFT,0.0258,-0.0254,1.0282,1
2025-03-17,382.93,388.88,381.81,384.91,22474300,Microsoft,MSFT,0.0004,0.1264,1.0185,0
2025-03-18,383.3,383.6,377.39,379.78,19486900,Microsoft,MSFT,-0.0133,-0.1329,1.0165,1
2025-03-19,381.77,385.88,380.26,384.04,19185500,Microsoft,MSFT,0.0112,-0.0155,1.0148,0
2025-03-20,381.98,387.97,379.55,383.07,18470500,Microsoft,MSFT,-0.0025,-0.0373,1.0222,1
2025-03-21,379.49,387.92,379.07,387.45,39675900,Microsoft,MSFT,0.0114,1.1481,1.0234,1
2025-03-24,391.55,391.55,386.01,389.25,21004500,Microsoft,MSFT,0.0047,-0.4706,1.0143,1
2025-03-25,390.08,392.5,388.81,391.31,15775000,Microsoft,MSFT,0.0053,-0.249,1.0095,0
2025-03-26,391.15,391.46,384.78,386.17,16108400,Microsoft,MSFT,-0.0131,0.0211,1.0173,1
2025-03-27,386.33,388.42,383.63,386.77,13766800,Microsoft,MSFT,0.0016,-0.1454,1.0125,0
2025-03-28,384.3,385.34,373.26,375.11,21632000,Microsoft,MSFT,-0.0302,0.5713,1.0324,0
2025-03-31,368.91,373.4,363.66,371.73,35184700,Microsoft,MSFT,-0.009,0.6265,1.0268,1
2025-04-01,371.0,379.12,369.59,378.47,19689500,Microsoft,MSFT,0.0181,-0.4404,1.0258,0
2025-04-02,374.29,381.33,372.95,378.42,16092600,Microsoft,MSFT,-0.0001,-0.1827,1.0225,0
2025-04-03,371.14,373.8,365.75,369.48,30198000,Microsoft,MSFT,-0.0236,0.8765,1.022,0
2025-04-04,360.58,370.94,355.98,356.33,49209900,Microsoft,MSFT,-0.0356,0.6296,1.042,0
2025-04-07,347.46,367.39,341.43,354.37,50425000,Microsoft,MSFT,-0.0055,0.0247,1.076,0
2025-04-08,364.67,370.01,346.84,351.11,35868900,Microsoft,MSFT,-0.0092,-0.2887,1.0668,1
2025-04-09,350.1,389.4,349.66,386.69,50199700,Microsoft,MSFT,0.1013,0.3995,1.1137,0
2025-04-10,378.34,380.16,364.22,377.63,38024400,Microsoft,MSFT,-0.0234,-0.2425,1.0438,1
2025-04-11,376.93,386.25,375.2,384.67,23839200,Microsoft,MSFT,0.0186,-0.3731,1.0295,0
2025-04-14,389.39,390.81,380.47,384.03,19251200,Microsoft,MSFT,-0.0016,-0.1925,1.0272,0
2025-04-15,384.73,388.07,380.42,381.97,17199900,Microsoft,MSFT,-0.0054,-0.1066,1.0201,0
2025-04-16,376.96,377.89,364.41,367.99,21967800,Microsoft,MSFT,-0.0366,0.2772,1.037,0
2025-04-17,370.11,370.67,363.32,364.2,21120200,Microsoft,MSFT,-0.0103,-0.0386,1.0203,0
2025-04-21,359.29,360.93,352.2,355.62,20807300,Microsoft,MSFT,-0.0235,-0.0148,1.0248,1
2025-04-22,359.84,364.19,356.35,363.25,19485000,Microsoft,MSFT,0.0214,-0.0635,1.022,1
2025-04-23,372.4,376.68,369.39,370.74,20545500,Microsoft,MSFT,0.0206,0.0544,1.0198,1
2025-04-24,372.04,384.67,371.53,383.53,22232300,Microsoft,MSFT,0.0345,0.0821,1.0353,1
2025-04-25,383.23,388.34,380.85,388.03,18973200,Microsoft,MSFT,0.0117,-0.1466,1.0197,0
2025-04-28,388.14,388.91,382.87,387.35,16579400,Microsoft,MSFT,-0.0018,-0.1262,1.0158,1
2025-04-29,387.49,391.25,386.58,390.2,14974000,Microsoft,MSFT,0.0074,-0.0968,1.0121,1
2025-04-30,386.5,392.8,380.69,391.41,36461100,Microsoft,MSFT,0.0031,1.435,1.0318,1
2025-05-01,426.91,432.73,420.76,421.26,58938100,Microsoft,MSFT,0.0763,0.6165,1.0285,1
2025-05-02,427.53,435.16,425.8,431.04,30757400,Microsoft,MSFT,0.0232,-0.4781,1.022,1
2025-05-05,428.65,435.22,427.9,431.92,20136100,Microsoft,MSFT,0.002,-0.3453,1.0171,0
2025-05-06,427.99,433.47,426.97,429.09,15104200,Microsoft,MSFT,-0.0066,-0.2499,1.0152,1
2025-05-07,429.61,433.85,426.91,429.13,23295300,Microsoft,MSFT,0.0001,0.5423,1.0163,1
2025-05-08,433.66,439.35,431.42,433.9,23491300,Microsoft,MSFT,0.0111,0.0084,1.0184,1
2025-05-09,435.71,436.45,431.63,434.46,15324200,Microsoft,MSFT,0.0013,-0.3477,1.0111,1
2025-05-12,441.6,444.99,435.5,444.88,22821900,Microsoft,MSFT,0.024,0.4893,1.0218,0
2025-05-13,443.42,446.28,441.02,444.76,23618800,Microsoft,MSFT,-0.0003,0.0349,1.0119,1
2025-05-14,443.77,449.48,443.77,448.53,19902800,Microsoft,MSFT,0.0085,-0.1573,1.0129,1
2025-05-15,447.2,452.57,446.86,449.54,21992300,Microsoft,MSFT,0.0023,0.105,1.0128,1
2025-05-16,448.47,450.76,445.17,450.67,23849800,Microsoft,MSFT,0.0025,0.0845,1.0125,1
2025-05-19,447.31,455.95,447.23,455.23,21336500,Microsoft,MSFT,0.0101,-0.1054,1.0195,0
2025-05-20,451.98,454.71,450.72,454.54,15441800,Microsoft,MSFT,-0.0015,-0.2763,1.0088,0
2025-05-21,450.97,454.15,448.23,448.98,19216900,Microsoft,MSFT,-0.0122,0.2445,1.0132,1
2025-05-22,451.34,456.6,450.3,451.26,18025600,Microsoft,MSFT,0.0051,-0.062,1.014,0
2025-05-23,446.41,450.09,445.35,446.61,16883500,Microsoft,MSFT,-0.0103,-0.0634,1.0106,1
2025-05-27,452.86,457.3,452.51,457.04,20974300,Microsoft,MSFT,0.0233,0.2423,1.0106,0
2025-05-28,457.57,458.85,453.31,453.74,17086300,Microsoft,MSFT,-0.0072,-0.1854,1.0122,1
2025-05-29,457.89,458.06,451.7,455.05,13974800,Microsoft,MSFT,0.0029,-0.1821,1.0141,1
2025-05-30,456.08,458.02,451.93,456.71,34770500,Microsoft,MSFT,0.0037,1.4881,1.0135,1
2025-06-02,453.52,458.45,453.27,458.31,16626500,Microsoft,MSFT,0.0035,-0.5218,1.0114,1
2025-06-03,457.81,460.46,457.21,459.3,15743800,Microsoft,MSFT,0.0022,-0.0531,1.0071,1
2025-06-04,460.32,462.0,459.35,460.19,14162700,Microsoft,MSFT,0.0019,-0.1004,1.0058,1
2025-06-05,461.28,465.93,460.35,463.97,20131700,Microsoft,MSFT,0.0082,0.4215,1.0121,1
2025-06-06,466.36,469.59,465.07,466.65,15285600,Microsoft,MSFT,0.0058,-0.2407,1.0097,1
2025-06-09,465.98,469.68,464.91,469.0,16469900,Microsoft,MSFT,0.005,0.0775,1.0103,0
2025-06-10,467.46,469.05,463.26,467.19,15375900,Microsoft,MSFT,-0.0039,-0.0664,1.0125,1
2025-06-11,466.3,471.7,465.94,468.87,16399200,Microsoft,MSFT,0.0036,0.0666,1.0124,1
2025-06-12,471.26,476.61,469.77,475.08,18950600,Microsoft,MSFT,0.0132,0.1556,1.0146,0
2025-06-13,472.63,475.38,469.01,471.2,16814500,Microsoft,MSFT,-0.0082,-0.1127,1.0136,1
2025-06-16,471.44,476.88,471.24,475.34,15626100,Microsoft,MSFT,0.0088,-0.0707,1.012,0
2025-06-17,471.63,474.95,470.32,474.25,15414100,Microsoft,MSFT,-0.0023,-0.0136,1.0098,1
2025-06-18,474.21,477.19,470.7,476.43,17526500,Microsoft,MSFT,0.0046,0.137,1.0138,0
2025-06-20,478.41,479.63,473.09,473.62,37576200,Microsoft,MSFT,-0.0059,1.144,1.0138,1
2025-06-23,474.42,483.88,468.77,482.15,24864000,Microsoft,MSFT,0.018,-0.3383,1.0323,1
2025-06-24,485.08,487.95,482.94,486.23,22305600,Microsoft,MSFT,0.0085,-0.1029,1.0104,1
2025-06-25,488.14,490.64,485.51,488.37,17495100,Microsoft,MSFT,0.0044,-0.2157,1.0106,1
2025-06-26,489.07,494.09,488.9,493.51,21578900,Microsoft,MSFT,0.0105,0.2334,1.0106,0
2025-06-27,493.61,495.34,489.12,492.01,34539200,Microsoft,MSFT,-0.003,0.6006,1.0127,1
2025-06-30,493.1,496.79,491.4,493.47,28369000,Microsoft,MSFT,0.003,-0.1786,1.011,0
2025-07-01,492.54,494.1,487.09,488.15,19945400,Microsoft,MSFT,-0.0108,-0.2969,1.0144,0
2025-07-02,486.11,489.59,484.83,487.2,16319600,Microsoft,MSFT,-0.002,-0.1818,1.0098,1
2025-07-03,489.9,496.17,489.53,494.89,13984800,Microsoft,MSFT,0.0158,-0.1431,1.0136,0
2025-07-07,493.44,494.8,491.31,493.78,13981600,Microsoft,MSFT,-0.0022,-0.0002,1.0071,0
2025-07-08,493.3,494.25,490.19,492.68,11846600,Microsoft,MSFT,-0.0022,-0.1527,1.0083,1
2025-07-09,496.34,502.76,495.78,499.52,18659500,Microsoft,MSFT,0.0139,0.5751,1.0141,0
2025-07-10,499.06,500.44,493.81,497.51,16492100,Microsoft,MSFT,-0.004,-0.1162,1.0134,1
2025-07-11,494.52,501.03,493.86,499.33,16459500,Microsoft,MSFT,0.0037,-0.002,1.0145,0
2025-07-14,497.55,499.98,497.06,499.03,12058800,Microsoft,MSFT,-0.0006,-0.2674,1.0059,1
2025-07-15,499.03,504.27,498.81,501.81,14927200,Microsoft,MSFT,0.0056,0.2379,1.011,0
2025-07-16,501.18,502.7,497.91,501.61,15154400,Microsoft,MSFT,-0.0004,0.0152,1.0096,1
2025-07-17,501.67,509.3,501.61,507.65,17503100,Microsoft,MSFT,0.012,0.155,1.0153,0
2025-07-18,510.4,510.56,503.41,506.01,21209700,Microsoft,MSFT,-0.0032,0.2118,1.0142,1
2025-07-21,502.69,508.03,501.54,506.02,14066800,Microsoft,MSFT,0.0,-0.3368,1.0129,0
2025-07-22,506.92,507.15,501.27,501.27,13868600,Microsoft,MSFT,-0.0094,-0.0141,1.0117,1
2025-07-23,502.73,502.77,496.73,501.86,16396600,Microsoft,MSFT,0.0012,0.1823,1.0122,1
2025-07-24,504.74,509.6,503.28,506.83,16107000,Microsoft,MSFT,0.0099,-0.0177,1.0126,1
2025-07-25,508.41,514.18,506.32,509.64,19125700,Microsoft,MSFT,0.0055,0.1874,1.0155,0
2025-07-28,510.01,510.92,506.08,508.44,14308000,Microsoft,MSFT,-0.0024,-0.2519,1.0096,1
2025-07-29,511.44,513.52,507.51,508.51,16469200,Microsoft,MSFT,0.0001,0.151,1.0118,1
2025-07-30,511.09,511.86,505.4,509.17,26380400,Microsoft,MSFT,0.0013,0.6018,1.0128,1
2025-07-31,550.83,551.05,527.69,529.27,51617300,Microsoft,MSFT,0.0395,0.9567,1.0443,0
2025-08-01,530.76,531.55,516.73,519.96,28977600,Microsoft,MSFT,-0.0176,-0.4386,1.0287,1
2025-08-04,524.08,533.98,523.95,531.4,25349000,Microsoft,MSFT,0.022,-0.1252,1.0192,0
2025-08-05,532.92,533.04,523.06,523.57,19171600,Microsoft,MSFT,-0.0147,-0.2437,1.0191,0
2025-08-06,526.69,527.49,519.88,520.78,21355700,Microsoft,MSFT,-0.0053,0.1139,1.0146,0
2025-08-07,522.63,523.91,513.45,516.71,16079100,Microsoft,MSFT,-0.0078,-0.2471,1.0204,1
2025-08-08,518.46,520.5,515.29,517.9,15531000,Microsoft,MSFT,0.0023,-0.0341,1.0101,0
2025-08-11,518.16,523.41,515.6,517.64,20194400,Microsoft,MSFT,-0.0005,0.3003,1.0151,1
2025-08-12,519.6,526.77,518.56,525.05,18667000,Microsoft,MSFT,0.0143,-0.0756,1.0158,0
2025-08-13,527.89,528.48,515.25,516.45,19619200,Microsoft,MSFT,-0.0164,0.051,1.0257,1
2025-08-14,518.42,521.78,516.02,518.34,20269100,Microsoft,MSFT,0.0036,0.0331,1.0112,0
2025-08-15,518.63,521.93,514.97,516.05,25213300,Microsoft,MSFT,-0.0044,0.2439,1.0135,0
2025-08-18,517.46,518.68,509.95,513.0,23760600,Microsoft,MSFT,-0.0059,-0.0576,1.0171,0
2025-08-19,510.92,511.08,504.52,505.73,21481000,Microsoft,MSFT,-0.0142,-0.0959,1.013,0
2025-08-20,505.83,506.95,500.44,501.71,27723000,Microsoft,MSFT,-0.0079,0.2906,1.013,0
2025-08-21,500.52,504.44,499.56,501.07,18443300,Microsoft,MSFT,-0.0013,-0.3347,1.0098,1
2025-08-22,501.08,507.52,499.25,504.04,24324200,Microsoft,MSFT,0.0059,0.3189,1.0166,0
2025-08-25,503.44,504.99,500.95,501.09,21638600,Microsoft,MSFT,-0.0059,-0.1104,1.0081,0
2025-08-26,501.19,501.8,495.37,498.88,30835700,Microsoft,MSFT,-0.0044,0.425,1.013,1
2025-08-27,498.84,504.1,496.75,503.55,17277900,Microsoft,MSFT,0.0094,-0.4397,1.0148,1
2025-08-28,503.9,507.87,502.32,506.43,18015600,Microsoft,MSFT,0.0057,0.0427,1.0111,0
2025-08-29,505.46,506.39,501.32,503.5,20961600,Microsoft,MSFT,-0.0058,0.1635,1.0101,0
2025-09-02,497.32,502.82,493.68,501.94,18128000,Microsoft,MSFT,-0.0031,-0.1352,1.0185,1
2025-09-03,500.62,504.59,499.16,502.17,16345100,Microsoft,MSFT,0.0005,-0.0984,1.0109,1
2025-09-04,501.13,504.95,499.98,504.77,15509500,Microsoft,MSFT,0.0052,-0.0511,1.0099,0
2025-09-05,505.87,508.75,489.27,491.88,31994800,Microsoft,MSFT,-0.0255,1.0629,1.0398,1
2025-09-08,494.98,498.05,491.91,495.06,16771000,Microsoft,MSFT,0.0065,-0.4758,1.0125,1
2025-09-09,498.27,499.09,494.57,495.27,14410500,Microsoft,MSFT,0.0004,-0.1407,1.0091,1
2025-09-10,499.81,500.06,493.59,497.22,21611800,Microsoft,MSFT,0.0039,0.4997,1.0131,1
2025-09-11,499.09,500.0,494.75,497.86,18881600,Microsoft,MSFT,0.0013,-0.1263,1.0106,1
2025-09-12,503.46,509.32,500.68,506.69,23624900,Microsoft,MSFT,0.0177,0.2512,1.0173,1
2025-09-15,505.59,512.23,503.81,512.12,17143800,Microsoft,MSFT,0.0107,-0.2743,1.0167,0
2025-09-16,513.63,513.97,505.4,505.84,19711900,Microsoft,MSFT,-0.0123,0.1498,1.017,1
2025-09-17,507.41,508.07,502.75,506.81,15816600,Microsoft,MSFT,0.0019,-0.1976,1.0106,0
2025-09-18,508.27,509.84,504.47,505.25,18913700,Microsoft,MSFT,-0.0031,0.1958,1.0107,1
2025-09-19,507.35,516.03,507.1,514.67,52474100,Microsoft,MSFT,0.0186,1.7744,1.0176,0
2025-09-22,512.35,514.48,509.31,511.21,20009300,Microsoft,MSFT,-0.0067,-0.6187,1.0101,0
2025-09-23,510.57,511.35,504.12,506.03,19799600,Microsoft,MSFT,-0.0101,-0.0105,1.0144,1
2025-09-24,507.17,509.25,503.73,506.94,13533700,Microsoft,MSFT,0.0018,-0.3165,1.011,0
2025-09-25,505.1,506.8,501.86,503.84,15786500,Microsoft,MSFT,-0.0061,0.1665,1.0098,1
2025-09-26,506.85,510.71,503.43,508.24,16213100,Microsoft,MSFT,0.0087,0.027,1.0144,1
2025-09-29,508.28,513.6,505.68,511.36,17617800,Microsoft,MSFT,0.0061,0.0866,1.0157,1
2025-09-30,510.01,514.9,506.45,514.69,19728200,Microsoft,MSFT,0.0065,0.1198,1.0167,1
2025-10-01,511.56,517.23,508.47,516.44,22632300,Microsoft,MSFT,0.0034,0.1472,1.0172,0
2025-10-02,514.38,518.32,507.47,512.49,21222900,Microsoft,MSFT,-0.0076,-0.0623,1.0214,1
2025-10-03,513.85,517.21,511.76,514.09,15112300,Microsoft,MSFT,0.0031,-0.2879,1.0107,1
2025-10-06,515.35,527.69,514.94,525.24,21388600,Microsoft,MSFT,0.0217,0.4153,1.0248,0
2025-10-07,524.97,526.47,518.16,520.68,14615200,Microsoft,MSFT,-0.0087,-0.3167,1.016,1
2025-10-08,519.99,523.63,519.8,521.55,13363400,Microsoft,MSFT,0.0017,-0.0857,1.0074,0
2025-10-09,519.05,521.03,514.14,519.11,18343600,Microsoft,MSFT,-0.0047,0.3727,1.0134,0
2025-10-10,516.37,520.28,506.42,507.74,24133800,Microsoft,MSFT,-0.0219,0.3157,1.0274,1
2025-10-13,513.16,513.16,508.46,510.81,14284200,Microsoft,MSFT,0.006,-0.4081,1.0092,0
2025-10-14,507.02,512.04,502.82,510.34,14684300,Microsoft,MSFT,-0.0009,0.028,1.0183,0
2025-10-15,511.72,513.94,506.79,510.2,14694700,Microsoft,MSFT,-0.0003,0.0007,1.0141,0
2025-10-16,509.35,513.6,504.93,508.39,15559600,Microsoft,MSFT,-0.0035,0.0589,1.0172,1
2025-10-17,505.84,512.24,504.12,510.35,19867800,Microsoft,MSFT,0.0039,0.2769,1.0161,1
2025-10-20,511.37,515.44,510.2,513.54,14665600,Microsoft,MSFT,0.0063,-0.2618,1.0103,1
2025-10-21,514.24,515.43,509.81,514.4,15586200,Microsoft,MSFT,0.0017,0.0628,1.011,1
2025-10-22,517.87,521.92,514.45,517.26,18962700,Microsoft,MSFT,0.0056,0.2166,1.0145,1
2025-10-23,519.17,520.65,515.35,517.28,14023500,Microsoft,MSFT,0.0,-0.2605,1.0103,1
2025-10-24,519.5,522.04,517.43,520.31,15532400,Microsoft,MSFT,0.0059,0.1076,1.0089,1
2025-10-27,528.43,531.22,525.68,528.17,18734700,Microsoft,MSFT,0.0151,0.2062,1.0105,1
2025-10-28,546.54,550.24,537.37,538.66,29986700,Microsoft,MSFT,0.0198,0.6006,1.0239,0
2025-10-29,541.51,542.83,533.35,538.14,36023000,Microsoft,MSFT,-0.001,0.2013,1.0178,0
2025-10-30,527.14,531.6,518.83,522.45,41023100,Microsoft,MSFT,-0.0292,0.1388,1.0246,0
2025-10-31,525.55,525.99,511.86,514.55,34006400,Microsoft,MSFT,-0.0151,-0.171,1.0276,0
2025-11-03,516.54,521.66,511.35,513.78,22374700,Microsoft,MSFT,-0.0015,-0.342,1.0202,0
2025-11-04,508.54,512.31,504.64,511.09,20958700,Microsoft,MSFT,-0.0052,-0.0633,1.0152,0
2025-11-05,510.07,511.59,503.39,503.97,23024300,Microsoft,MSFT,-0.0139,0.0986,1.0163,0
2025-11-06,502.48,502.52,492.69,493.97,27406500,Microsoft,MSFT,-0.0198,0.1903,1.0199,0
2025-11-07,493.82,496.24,490.15,493.69,24019800,Microsoft,MSFT,-0.0006,-0.1236,1.0124,1
2025-11-10,496.89,503.66,495.66,502.82,26101500,Microsoft,MSFT,0.0185,0.0867,1.0161,1
2025-11-11,501.62,506.39,499.19,505.48,17980000,Microsoft,MSFT,0.0053,-0.3112,1.0144,1
2025-11-12,506.15,508.45,495.98,507.92,26574900,Microsoft,MSFT,0.0048,0.478,1.0251,0
2025-11-13,507.1,510.27,498.14,500.12,25273100,Microsoft,MSFT,-0.0154,-0.049,1.0244,1
2025-11-14,495.09,508.38,494.31,506.97,28505700,Microsoft,MSFT,0.0137,0.1279,1.0285,0
2025-11-17,505.25,508.9,501.73,504.3,19092800,Microsoft,MSFT,-0.0053,-0.3302,1.0143,0
2025-11-18,492.25,499.81,483.72,490.68,33815100,Microsoft,MSFT,-0.027,0.7711,1.0333,0
2025-11-19,487.02,492.07,479.79,484.05,23245300,Microsoft,MSFT,-0.0135,-0.3126,1.0256,0
2025-11-20,490.53,491.38,473.39,476.31,26802500,Microsoft,MSFT,-0.016,0.153,1.038,0
2025-11-21,476.38,476.8,466.19,470.03,31769200,Microsoft,MSFT,-0.0132,0.1853,1.0227,1
2025-11-24,472.89,474.79,465.95,471.9,34421000,Microsoft,MSFT,0.004,0.0835,1.019,1
2025-11-25,471.97,477.03,462.83,474.88,28019800,Microsoft,MSFT,0.0063,-0.186,1.0307,1
2025-11-26,484.15,486.15,479.07,483.35,25709100,Microsoft,MSFT,0.0178,-0.0825,1.0148,1
2025-11-28,485.44,490.45,484.49,489.83,14386700,Microsoft,MSFT,0.0134,-0.4404,1.0123,0
2025-12-01,486.27,487.69,482.5,484.58,23964000,Microsoft,MSFT,-0.0107,0.6657,1.0108,1
2025-12-02,484.56,491.31,484.16,487.83,19562700,Microsoft,MSFT,0.0067,-0.1837,1.0148,0
2025-12-03,474.21,482.09,473.09,475.61,34615100,Microsoft,MSFT,-0.025,0.7694,1.019,1
2025-12-04,477.63,479.19,474.38,478.71,22318200,Microsoft,MSFT,0.0065,-0.3552,1.0101,1
2025-12-05,480.38,481.26,476.76,481.02,22608700,Microsoft,MSFT,0.0048,0.013,1.0094,1
2025-12-08,482.74,490.12,482.23,488.84,21965900,Microsoft,MSFT,0.0163,-0.0284,1.0164,1
2025-12-09,486.93,489.94,486.33,489.84,14696100,Microsoft,MSFT,0.002,-0.331,1.0074,0
2025-12-10,481.88,482.1,472.97,476.44,35756200,Microsoft,MSFT,-0.0274,1.433,1.0193,1
2025-12-11,474.52,483.88,473.75,481.33,24669200,Microsoft,MSFT,0.0103,-0.3101,1.0214,0
2025-12-12,477.69,480.31,474.23,476.41,21248100,Microsoft,MSFT,-0.0102,-0.1387,1.0128,0
2025-12-15,477.97,478.59,470.43,472.71,23727700,Microsoft,MSFT,-0.0078,0.1167,1.0174,1
2025-12-16,469.82,475.77,468.79,474.28,20705600,Microsoft,MSFT,0.0033,-0.1274,1.0149,0
2025-12-17,474.8,477.87,472.89,474.01,24527200,Microsoft,MSFT,-0.0006,0.1846,1.0105,1
2025-12-18,476.07,487.43,475.77,481.83,28573500,Microsoft,MSFT,0.0165,0.165,1.0245,1
2025-12-19,485.2,485.69,480.35,483.77,70836100,Microsoft,MSFT,0.004,1.4791,1.0111,0
2025-12-22,483.96,486.56,480.55,482.77,16963000,Microsoft,MSFT,-0.0021,-0.7605,1.0125,1
2025-12-23,482.83,485.67,482.59,484.69,14683600,Microsoft,MSFT,0.004,-0.1344,1.0064,1
2025-12-24,483.53,486.99,482.68,485.86,5855900,Microsoft,MSFT,0.0024,-0.6012,1.0089,0
2025-12-26,484.55,485.96,483.81,485.55,8842200,Microsoft,MSFT,-0.0006,0.51,1.0044,0
2025-12-29,482.71,486.18,482.03,484.94,10893400,Microsoft,MSFT,-0.0013,0.232,1.0086,1
2025-12-30,483.78,487.51,483.35,485.32,13944500,Microsoft,MSFT,0.0008,0.2801,1.0086,0
2025-12-31,485.68,485.98,481.16,481.48,15601600,Microsoft,MSFT,-0.0079,0.1188,1.01,0
2026-01-02,482.24,482.51,468.08,470.84,25571600,Microsoft,MSFT,-0.0221,0.639,1.0308,0
2026-01-05,471.96,473.96,467.42,470.75,25250300,Microsoft,MSFT,-0.0002,-0.0126,1.014,1
2026-01-06,471.7,476.62,467.67,476.39,23037700,Microsoft,MSFT,0.012,-0.0876,1.0191,1
2026-01-07,477.63,487.53,475.83,481.33,25564200,Microsoft,MSFT,0.0104,0.1097,1.0246,0
2026-01-08,479.11,480.52,473.75,475.99,18162600,Microsoft,MSFT,-0.0111,-0.2895,1.0143,1
2026-01-09,471.96,477.69,470.11,477.16,18491000,Microsoft,MSFT,0.0024,0.0181,1.0161,0
2026-01-12,474.56,478.86,473.57,475.06,23519900,Microsoft,MSFT,-0.0044,0.272,1.0112,0
2026-01-13,472.58,473.67,463.88,468.58,28545800,Microsoft,MSFT,-0.0136,0.2137,1.0211,0
2026-01-14,464.39,466.12,455.14,457.34,28184300,Microsoft,MSFT,-0.024,-0.0127,1.0241,0
2026-01-15,462.06,462.19,453.88,454.64,23225800,Microsoft,MSFT,-0.0059,-0.1759,1.0183,1
2026-01-16,455.8,461.14,454.46,457.82,34246700,Microsoft,MSFT,0.007,0.4745,1.0147,0
2026-01-20,449.22,454.77,447.29,452.5,26130000,Microsoft,MSFT,-0.0116,-0.237,1.0167,0
2026-01-21,450.59,450.68,436.74,442.14,37980500,Microsoft,MSFT,-0.0229,0.4535,1.0319,1
2026-01-22,445.64,450.83,442.73,449.14,25349400,Microsoft,MSFT,0.0158,-0.3326,1.0183,1
2026-01-23,449.87,469.01,448.53,463.88,38000200,Microsoft,MSFT,0.0328,0.4991,1.0457,1
2026-01-26,463.25,472.15,459.95,468.19,29291200,Microsoft,MSFT,0.0093,-0.2292,1.0265,1
2026-01-27,471.6,480.73,471.06,478.45,29213900,Microsoft,MSFT,0.0219,-0.0026,1.0205,1
2026-01-28,481.07,481.6,475.88,479.49,36875400,Microsoft,MSFT,0.0022,0.2623,1.012,0
2026-01-29,438.04,440.54,419.15,431.58,128855300,Microsoft,MSFT,-0.0999,2.4943,1.051,0
2026-01-30,437.22,437.65,424.56,428.38,58566800,Microsoft,MSFT,-0.0074,-0.5455,1.0308,0
2026-02-02,428.33,428.83,420.38,421.49,42219900,Microsoft,MSFT,-0.0161,-0.2791,1.0201,0
2026-02-03,420.14,420.18,406.75,409.39,61424100,Microsoft,MSFT,-0.0287,0.4549,1.033,1
2026-02-04,409.18,417.94,407.43,412.35,45012400,Microsoft,MSFT,0.0072,-0.2672,1.0258,0
2026-02-05,405.63,406.49,390.58,391.92,66289200,Microsoft,MSFT,-0.0495,0.4727,1.0407,1
2026-02-06,397.4,400.01,391.18,399.36,53515300,Microsoft,MSFT,0.019,-0.1927,1.0226,1
2026-02-09,403.06,413.05,399.09,411.77,45480500,Microsoft,MSFT,0.0311,-0.1501,1.035,0
2026-02-10,417.76,421.8,410.87,411.44,44857900,Microsoft,MSFT,-0.0008,-0.0137,1.0266,0
2026-02-11,414.33,414.61,399.23,402.58,42491000,Microsoft,MSFT,-0.0215,-0.0528,1.0385,0
2026-02-12,403.2,404.4,396.25,400.06,40802400,Microsoft,MSFT,-0.0063,-0.0397,1.0206,0
2026-02-13,402.66,403.74,396.29,399.54,34091600,Microsoft,MSFT,-0.0013,-0.1645,1.0188,0
2026-02-17,397.45,398.74,392.78,395.1,32078800,Microsoft,MSFT,-0.0111,-0.059,1.0152,1
2026-02-18,396.36,400.78,394.56,397.83,23223400,Microsoft,MSFT,0.0069,-0.2761,1.0157,0
2026-02-19,399.82,403.56,395.81,397.6,28234000,Microsoft,MSFT,-0.0006,0.2158,1.0196,0
2026-02-20,395.25,399.26,394.31,396.37,34015200,Microsoft,MSFT,-0.0031,0.2048,1.0126,0
2026-02-23,394.15,394.51,382.27,383.64,43238300,Microsoft,MSFT,-0.0321,0.2711,1.032,1
2026-02-24,383.31,388.52,380.89,388.16,33884700,Microsoft,MSFT,0.0118,-0.2163,1.02,1
2026-02-25,389.69,400.6,389.32,399.73,43625500,Microsoft,MSFT,0.0298,0.2875,1.029,1
2026-02-26,403.84,406.61,397.88,400.85,34405900,Microsoft,MSFT,0.0028,-0.2113,1.0219,0
2026-02-27,390.04,395.96,389.04,391.89,51367200,Microsoft,MSFT,-0.0224,0.493,1.0178,1
2026-03-02,392.01,400.32,389.79,397.69,35474900,Microsoft,MSFT,0.0148,-0.3094,1.027,1
2026-03-03,392.29,405.82,391.82,403.06,38199200,Microsoft,MSFT,0.0135,0.0768,1.0357,1
2026-03-04,400.4,410.14,399.44,404.32,35808000,Microsoft,MSFT,0.0031,-0.0626,1.0268,1
2026-03-05,403.55,410.72,403.53,409.79,39001300,Microsoft,MSFT,0.0135,0.0892,1.0178,0
2026-03-06,408.32,412.16,407.63,408.08,31123900,Microsoft,MSFT,-0.0042,-0.202,1.0111,1
2026-03-09,404.04,409.32,402.63,408.53,30131900,Microsoft,MSFT,0.0011,-0.0319,1.0166,0
2026-03-10,409.14,409.31,402.06,404.88,31706400,Microsoft,MSFT,-0.0089,0.0523,1.018,0
2026-03-11,404.69,408.13,400.72,404.0,25512100,Microsoft,MSFT,-0.0022,-0.1954,1.0185,0
2026-03-12,403.76,405.24,400.84,400.99,27263900,Microsoft,MSFT,-0.0075,0.0687,1.011,0
2026-03-13,400.13,403.93,393.4,394.7,26848000,Microsoft,MSFT,-0.0157,-0.0153,1.0268,1
2026-03-16,397.21,399.76,393.94,399.09,27733700,Microsoft,MSFT,0.0111,0.033,1.0148,0
2026-03-17,399.4,403.53,396.89,398.55,26228300,Microsoft,MSFT,-0.0014,-0.0543,1.0167,0
2026-03-18,396.27,397.14,390.15,390.94,25908500,Microsoft,MSFT,-0.0191,-0.0122,1.0179,0
2026-03-19,389.26,391.64,386.22,388.18,25138800,Microsoft,MSFT,-0.0071,-0.0297,1.014,0
2026-03-20,385.95,386.16,379.3,381.04,50853200,Microsoft,MSFT,-0.0184,1.0229,1.0181,1
2026-03-23,383.07,386.37,380.86,382.17,29680100,Microsoft,MSFT,0.003,-0.4164,1.0145,0
2026-03-24,381.53,381.64,371.05,371.93,42733600,Microsoft,MSFT,-0.0268,0.4398,1.0286,0
2026-03-25,376.11,376.25,368.83,370.24,31181200,Microsoft,MSFT,-0.0046,-0.2703,1.0201,0
2026-03-26,370.02,373.91,364.4,365.18,36836600,Microsoft,MSFT,-0.0137,0.1814,1.0261,0
2026-03-27,361.12,361.67,355.74,356.0,37883400,Microsoft,MSFT,-0.0251,0.0284,1.0167,1
2026-03-30,361.12,364.57,355.51,358.18,44797000,Microsoft,MSFT,0.0061,0.1825,1.0255,1
2026-03-31,363.76,372.09,362.29,369.37,45244400,Microsoft,MSFT,0.0312,0.01,1.0271,0
2026-04-01,372.68,373.18,367.4,368.57,29417200,Microsoft,MSFT,-0.0022,-0.3498,1.0157,1
2026-04-02,366.42,372.83,363.36,372.65,24099100,Microsoft,MSFT,0.0111,-0.1808,1.0261,0
2026-04-06,372.68,372.92,368.7,372.07,16146600,Microsoft,MSFT,-0.0016,-0.33,1.0114,0
2026-04-07,369.54,371.65,365.77,371.49,21443300,Microsoft,MSFT,-0.0016,0.328,1.0161,1
2026-04-08,384.15,384.17,370.61,373.52,33064800,Microsoft,MSFT,0.0055,0.542,1.0366,0
2026-04-09,371.69,372.69,366.26,372.26,30435300,Microsoft,MSFT,-0.0034,-0.0795,1.0176,0
2026-04-10,372.17,374.83,369.23,370.07,28111100,Microsoft,MSFT,-0.0059,-0.0764,1.0152,1
2026-04-13,372.8,383.71,370.22,383.54,35745800,Microsoft,MSFT,0.0364,0.2716,1.0364,1
2026-04-14,387.08,393.84,385.68,392.26,37504500,Microsoft,MSFT,0.0227,0.0492,1.0211,1
2026-04-15,397.14,413.47,395.87,410.33,45063400,Microsoft,MSFT,0.0461,0.2015,1.0445,1
2026-04-16,418.95,419.91,411.25,419.35,41642400,Microsoft,MSFT,0.022,-0.0759,1.0211,1
2026-04-17,423.9,430.65,419.78,421.88,48568200,Microsoft,MSFT,0.006,0.1663,1.0259,0
2026-04-20,420.24,422.42,415.4,417.17,27582200,Microsoft,MSFT,-0.0112,-0.4321,1.0169,1
2026-04-21,419.33,426.26,416.3,423.24,32048500,Microsoft,MSFT,0.0146,0.1619,1.0239,1
2026-04-22,425.27,432.76,422.75,431.98,29378200,Microsoft,MSFT,0.0207,-0.0833,1.0237,0
2026-04-23,418.98,422.74,410.52,414.85,38308000,Microsoft,MSFT,-0.0397,0.304,1.0298,1
2026-04-24,416.07,424.03,414.9,423.7,27457400,Microsoft,MSFT,0.0213,-0.2832,1.022,1
2026-04-27,421.47,426.19,416.17,423.9,30867300,Microsoft,MSFT,0.0005,0.1242,1.0241,1
2026-04-28,423.65,428.99,420.99,428.32,30438100,Microsoft,MSFT,0.0104,-0.0139,1.019,0
2026-04-29,423.66,425.9,419.38,423.54,38288300,Microsoft,MSFT,-0.0112,0.2579,1.0155,0
2026-04-30,409.92,413.52,397.15,406.9,70909400,Microsoft,MSFT,-0.0393,0.852,1.0412,1
2026-05-01,411.91,416.21,409.55,413.54,31372400,Microsoft,MSFT,0.0163,-0.5576,1.0163,0
2026-05-04,410.65,419.87,409.91,412.73,28066500,Microsoft,MSFT,-0.002,-0.1054,1.0243,0
2026-05-05,414.42,415.88,407.92,410.49,25700900,Microsoft,MSFT,-0.0054,-0.0843,1.0195,1
2026-05-06,407.12,417.52,404.23,413.07,30285900,Microsoft,MSFT,0.0063,0.1784,1.0329,1
2026-05-07,419.2,427.06,417.85,419.86,34942400,Microsoft,MSFT,0.0165,0.1538,1.022,0
2026-05-08,416.49,417.73,413.11,414.22,33383800,Microsoft,MSFT,-0.0134,-0.0446,1.0112,0
2026-05-11,406.99,411.8,404.62,411.77,35657900,Microsoft,MSFT,-0.0059,0.0681,1.0177,0
2026-05-12,413.58,414.6,405.76,406.89,38594200,Microsoft,MSFT,-0.0119,0.0823,1.0218,0
2026-05-13,402.33,405.43,400.16,404.33,29667100,Microsoft,MSFT,-0.0063,-0.2313,1.0132,1
2026-05-14,403.61,410.95,400.01,408.55,27077500,Microsoft,MSFT,0.0104,-0.0873,1.0273,1
2026-05-15,413.37,427.24,412.02,421.01,50771200,Microsoft,MSFT,0.0305,0.875,1.037,1
2026-05-18,415.72,424.2,414.71,422.62,32564100,Microsoft,MSFT,0.0038,-0.3586,1.0229,0
2026-05-19,428.97,431.76,415.59,416.52,33018700,Microsoft,MSFT,-0.0144,0.014,1.0389,1
2026-05-20,413.27,421.19,410.41,420.15,27864000,Microsoft,MSFT,0.0087,-0.1561,1.0263,0
2026-05-21,424.75,426.34,415.71,419.09,31393500,Microsoft,MSFT,-0.0025,0.1267,1.0256,0
2026-05-22,419.54,424.4,416.33,418.57,22390300,Microsoft,MSFT,-0.0012,-0.2868,1.0194,0
2026-05-26,416.43,419.77,413.02,416.03,30398000,Microsoft,MSFT,-0.0061,0.3576,1.0163,0
2026-05-27,411.01,415.94,409.58,412.67,28901500,Microsoft,MSFT,-0.0081,-0.0492,1.0155,1
2026-05-28,412.98,429.49,412.67,426.99,47250500,Microsoft,MSFT,0.0347,0.6349,1.0408,1
2026-05-29,432.55,450.33,432.36,450.24,79654400,Microsoft,MSFT,0.0545,0.6858,1.0416,1
2026-06-01,464.84,466.32,458.27,460.52,53628900,Microsoft,MSFT,0.0228,-0.3267,1.0176,0
2026-06-02,446.88,453.5,440.43,441.31,37036800,Microsoft,MSFT,-0.0417,-0.3094,1.0297,0
2026-06-03,438.45,440.39,424.25,427.34,39037000,Microsoft,MSFT,-0.0317,0.054,1.038,1
2026-06-04,435.81,436.15,426.41,428.05,26899500,Microsoft,MSFT,0.0017,-0.3109,1.0228,0
2026-06-05,428.34,429.47,414.4,416.67,34782200,Microsoft,MSFT,-0.0266,0.293,1.0364,0
2026-06-08,414.14,417.16,408.56,411.74,32086700,Microsoft,MSFT,-0.0118,-0.0775,1.021,0
2026-06-09,409.03,411.98,398.48,403.41,35317300,Microsoft,MSFT,-0.0202,0.1007,1.0339,0
2026-06-10,398.55,405.04,397.16,397.36,32576000,Microsoft,MSFT,-0.015,-0.0776,1.0198,0
2026-06-11,395.21,396.85,384.0,390.34,47224100,Microsoft,MSFT,-0.0177,0.4497,1.0335,1
2026-06-12,391.43,391.74,382.27,390.74,34865800,Microsoft,MSFT,0.001,-0.2617,1.0248,1
2026-06-15,396.8,401.75,392.85,399.76,32266400,Microsoft,MSFT,0.0231,-0.0746,1.0227,0
2026-06-16,395.79,396.84,390.69,393.83,31506800,Microsoft,MSFT,-0.0148,-0.0235,1.0157,0
2026-06-17,390.25,390.37,377.32,378.91,41987800,Microsoft,MSFT,-0.0379,0.3327,1.0346,1
2026-06-18,377.82,381.37,373.28,379.4,59714200,Microsoft,MSFT,0.0013,0.4222,1.0217,0
2026-06-22,375.74,381.63,367.07,367.34,45171100,Microsoft,MSFT,-0.0318,-0.2435,1.0397,1
2026-06-23,372.38,377.22,370.67,373.94,40647600,Microsoft,MSFT,0.018,-0.1001,1.0177,0
2026-06-24,371.57,378.88,364.78,365.46,44509900,Microsoft,MSFT,-0.0227,0.095,1.0387,0
2026-06-25,362.77,364.23,349.2,352.83,66179000,Microsoft,MSFT,-0.0346,0.4868,1.043,1
2026-06-26,357.15,376.61,355.43,372.97,186201600,Microsoft,MSFT,0.0571,1.8136,1.0596,0
2026-06-29,377.5,380.5,359.9,368.57,51229900,Microsoft,MSFT,-0.0118,-0.7249,1.0572,1
2026-06-30,371.03,374.15,367.45,373.02,44945700,Microsoft,MSFT,0.0121,-0.1227,1.0182,1
2026-07-01,380.83,388.83,374.89,384.28,48065800,Microsoft,MSFT,0.0302,0.0694,1.0372,1
2026-07-02,384.48,392.2,383.7,390.49,42128900,Microsoft,MSFT,0.0162,-0.1235,1.0222,0
2026-07-06,387.04,389.15,381.22,386.74,34224500,Microsoft,MSFT,-0.0096,-0.1876,1.0208,1
2026-07-07,392.49,395.57,388.22,388.84,29297500,Microsoft,MSFT,0.0054,-0.144,1.0189,0
2026-07-08,384.03,385.31,381.33,383.34,25908300,Microsoft,MSFT,-0.0141,-0.1157,1.0104,1
2026-07-09,374.45,384.65,373.35,384.36,31083200,Microsoft,MSFT,0.0027,0.1997,1.0303,1
2026-07-10,387.8,391.91,381.5,385.1,24612200,Microsoft,MSFT,0.0019,-0.2082,1.0273,0
2023-01-04,109.11,114.59,107.52,113.64,180389000,Tesla,TSLA,0.0512,-0.2205,1.0658,0
2023-01-05,110.51,111.75,107.16,110.34,157986300,Tesla,TSLA,-0.029,-0.1242,1.0428,1
2023-01-06,103.0,114.39,101.81,113.06,220911100,Tesla,TSLA,0.0247,0.3983,1.1236,1
2023-01-09,118.96,123.52,117.11,119.77,190284000,Tesla,TSLA,0.0593,-0.1386,1.0547,0
2023-01-10,121.07,122.76,114.92,118.85,167642500,Tesla,TSLA,-0.0077,-0.119,1.0682,1
2023-01-11,122.09,125.95,120.51,123.22,183810800,Tesla,TSLA,0.0368,0.0964,1.0451,1
2023-01-12,122.56,124.13,117.0,123.56,169400900,Tesla,TSLA,0.0028,-0.0784,1.0609,0
2023-01-13,116.55,122.63,115.6,122.4,180714100,Tesla,TSLA,-0.0094,0.0668,1.0608,1
2023-01-17,125.7,131.7,125.02,131.49,186477000,Tesla,TSLA,0.0743,0.0319,1.0534,0
2023-01-18,136.56,136.68,127.01,128.78,195680300,Tesla,TSLA,-0.0206,0.0494,1.0761,0
2023-01-19,127.26,129.99,124.31,127.17,170291900,Tesla,TSLA,-0.0125,-0.1297,1.0457,1
2023-01-20,128.68,133.51,127.35,133.42,138858100,Tesla,TSLA,0.0491,-0.1846,1.0484,1
2023-01-23,135.87,145.38,134.27,143.75,203119200,Tesla,TSLA,0.0774,0.4628,1.0827,1
2023-01-24,143.0,146.5,141.1,143.89,158699100,Tesla,TSLA,0.001,-0.2187,1.0383,1
2023-01-25,141.91,146.41,138.07,144.43,192734300,Tesla,TSLA,0.0038,0.2145,1.0604,1
2023-01-26,159.97,161.42,154.76,160.27,234815100,Tesla,TSLA,0.1097,0.2183,1.043,1
2023-01-27,162.43,180.68,161.17,177.9,306590600,Tesla,TSLA,0.11,0.3057,1.1211,0
2023-01-30,178.05,179.77,166.5,166.66,230878800,Tesla,TSLA,-0.0632,-0.2469,1.0797,1
2023-01-31,164.57,174.3,162.78,173.22,196813500,Tesla,TSLA,0.0394,-0.1475,1.0708,1
2023-02-01,173.89,183.81,169.93,181.41,213806300,Tesla,TSLA,0.0473,0.0863,1.0817,1
2023-02-02,187.33,196.75,182.61,188.27,217448300,Tesla,TSLA,0.0378,0.017,1.0774,1
2023-02-03,183.95,199.0,183.69,189.98,232662000,Tesla,TSLA,0.0091,0.07,1.0833,1
2023-02-06,193.01,198.17,189.92,194.76,186188100,Tesla,TSLA,0.0252,-0.1997,1.0434,1
2023-02-07,196.43,197.5,189.55,196.81,186010300,Tesla,TSLA,0.0105,-0.001,1.0419,1
2023-02-08,196.1,203.0,194.31,201.29,180673600,Tesla,TSLA,0.0228,-0.0287,1.0447,1
2023-02-09,207.78,214.0,204.77,207.32,215431400,Tesla,TSLA,0.03,0.1924,1.0451,0
2023-02-10,202.23,206.2,192.89,196.89,204754100,Tesla,TSLA,-0.0503,-0.0496,1.069,0
2023-02-13,194.42,196.3,187.61,194.64,172475500,Tesla,TSLA,-0.0114,-0.1576,1.0463,1
2023-02-14,191.94,209.82,189.44,209.25,216455700,Tesla,TSLA,0.0751,0.255,1.1076,1
2023-02-15,211.76,214.66,206.11,214.24,181006400,Tesla,TSLA,0.0238,-0.1638,1.0415,0
2023-02-16,210.78,217.65,201.84,202.04,229586500,Tesla,TSLA,-0.0569,0.2684,1.0783,1
2023-02-17,199.99,208.44,197.5,208.31,213738500,Tesla,TSLA,0.031,-0.069,1.0554,0
2023-02-21,204.99,209.71,197.22,197.37,180018600,Tesla,TSLA,-0.0525,-0.1578,1.0633,1
2023-02-22,197.93,201.99,191.78,200.86,191828500,Tesla,TSLA,0.0177,0.0656,1.0532,1
2023-02-23,203.91,205.14,196.33,202.07,146360000,Tesla,TSLA,0.006,-0.237,1.0449,0
2023-02-24,196.33,197.67,192.8,196.88,142228100,Tesla,TSLA,-0.0257,-0.0282,1.0253,1
2023-02-27,202.03,209.42,201.26,207.63,161028300,Tesla,TSLA,0.0546,0.1322,1.0405,0
2023-02-28,210.59,211.23,203.75,205.71,153144900,Tesla,TSLA,-0.0092,-0.049,1.0367,0
2023-03-01,206.21,207.2,198.52,202.77,156852800,Tesla,TSLA,-0.0143,0.0242,1.0437,0
2023-03-02,186.74,193.75,186.01,190.9,181500700,Tesla,TSLA,-0.0585,0.1571,1.0416,1
2023-03-03,194.8,200.48,192.88,197.79,154193300,Tesla,TSLA,0.0361,-0.1505,1.0394,0
2023-03-06,198.54,198.6,192.3,193.81,128100100,Tesla,TSLA,-0.0201,-0.1692,1.0328,0
2023-03-07,191.38,194.2,186.1,187.71,148125800,Tesla,TSLA,-0.0315,0.1563,1.0435,0
2023-03-08,185.04,186.5,180.0,182.0,151897800,Tesla,TSLA,-0.0304,0.0255,1.0361,0
2023-03-09,180.25,185.18,172.51,172.92,170023800,Tesla,TSLA,-0.0499,0.1193,1.0734,1
2023-03-10,175.13,178.29,168.44,173.44,191488900,Tesla,TSLA,0.003,0.1262,1.0585,1
2023-03-13,167.46,177.35,163.91,174.48,167790300,Tesla,TSLA,0.006,-0.1238,1.082,1
2023-03-14,177.31,183.8,177.14,183.26,143717900,Tesla,TSLA,0.0503,-0.1435,1.0376,0
2023-03-15,180.8,182.34,176.03,180.45,145995600,Tesla,TSLA,-0.0153,0.0158,1.0358,1
2023-03-16,180.37,185.81,178.84,184.13,121136800,Tesla,TSLA,0.0204,-0.1703,1.039,0
2023-03-17,184.52,186.22,177.33,180.13,133197100,Tesla,TSLA,-0.0217,0.0996,1.0501,1
2023-03-20,178.08,186.44,176.35,183.25,129684400,Tesla,TSLA,0.0173,-0.0264,1.0572,1
2023-03-21,188.28,198.0,188.04,197.58,153391400,Tesla,TSLA,0.0782,0.1828,1.053,0
2023-03-22,199.3,200.66,190.95,191.15,150376400,Tesla,TSLA,-0.0325,-0.0197,1.0509,1
2023-03-23,195.26,199.31,188.65,192.22,144193900,Tesla,TSLA,0.0056,-0.0411,1.0565,0
2023-03-24,191.65,192.36,187.15,190.41,116312400,Tesla,TSLA,-0.0094,-0.1934,1.0278,1
2023-03-27,194.42,197.39,189.94,191.81,120851600,Tesla,TSLA,0.0074,0.039,1.0392,0
2023-03-28,192.0,192.35,185.43,189.19,98654600,Tesla,TSLA,-0.0137,-0.1837,1.0373,1
2023-03-29,193.13,195.29,189.44,193.88,123660000,Tesla,TSLA,0.0248,0.2535,1.0309,1
2023-03-30,195.58,197.33,194.42,195.28,110252200,Tesla,TSLA,0.0072,-0.1084,1.015,1
2023-03-31,197.53,207.79,197.2,207.46,170222100,Tesla,TSLA,0.0624,0.5439,1.0537,0
2023-04-03,199.91,202.69,192.2,194.77,169545900,Tesla,TSLA,-0.0612,-0.004,1.0546,0
2023-04-04,197.32,198.74,190.32,192.58,126463800,Tesla,TSLA,-0.0112,-0.2541,1.0442,0
2023-04-05,190.52,190.68,183.76,185.52,133882500,Tesla,TSLA,-0.0367,0.0587,1.0377,0
2023-04-06,183.08,186.39,179.74,185.06,123857900,Tesla,TSLA,-0.0025,-0.0749,1.037,0
2023-04-10,179.94,185.1,176.11,184.51,142154600,Tesla,TSLA,-0.003,0.1477,1.051,1
2023-04-11,186.69,189.19,185.65,186.79,115770900,Tesla,TSLA,0.0124,-0.1856,1.0191,0
2023-04-12,190.74,191.58,180.31,180.54,150256300,Tesla,TSLA,-0.0335,0.2979,1.0625,1
2023-04-13,182.96,186.5,180.94,185.9,112933000,Tesla,TSLA,0.0297,-0.2484,1.0307,0
2023-04-14,183.95,186.28,182.01,185.0,96438700,Tesla,TSLA,-0.0048,-0.1461,1.0235,1
2023-04-17,186.32,189.69,182.69,187.04,116662200,Tesla,TSLA,0.011,0.2097,1.0383,0
2023-04-18,187.15,187.69,183.58,184.31,92067000,Tesla,TSLA,-0.0146,-0.2108,1.0224,0
2023-04-19,179.1,183.5,177.65,180.59,125732700,Tesla,TSLA,-0.0202,0.3657,1.0329,0
2023-04-20,166.17,169.7,160.56,162.99,210970800,Tesla,TSLA,-0.0975,0.6779,1.0569,1
2023-04-21,164.8,166.0,161.32,165.08,123539000,Tesla,TSLA,0.0128,-0.4144,1.029,0
2023-04-24,164.65,165.65,158.61,162.55,140006600,Tesla,TSLA,-0.0153,0.1333,1.0444,0
2023-04-25,159.82,163.47,158.75,160.67,121999300,Tesla,TSLA,-0.0116,-0.1286,1.0297,0
2023-04-26,160.29,160.67,153.14,153.75,153364100,Tesla,TSLA,-0.0431,0.2571,1.0492,1
2023-04-27,152.64,160.48,152.37,160.19,127015200,Tesla,TSLA,0.0419,-0.1718,1.0532,1
2023-04-28,160.9,165.0,157.32,164.31,122515800,Tesla,TSLA,0.0257,-0.0354,1.0488,0
2023-05-01,163.17,163.28,158.83,161.83,109015000,Tesla,TSLA,-0.0151,-0.1102,1.028,0
2023-05-02,161.88,165.49,158.93,160.31,128259700,Tesla,TSLA,-0.0094,0.1765,1.0413,1
2023-05-03,160.01,165.0,159.91,160.61,119728000,Tesla,TSLA,0.0019,-0.0665,1.0318,1
2023-05-04,162.71,162.95,159.65,161.2,95108500,Tesla,TSLA,0.0037,-0.2056,1.0207,1
2023-05-05,163.97,170.79,163.51,170.06,107607300,Tesla,TSLA,0.055,0.1314,1.0445,1
2023-05-08,173.72,173.8,169.19,171.79,112249400,Tesla,TSLA,0.0102,0.0431,1.0272,0
2023-05-09,168.95,169.82,166.56,169.15,88965000,Tesla,TSLA,-0.0154,-0.2074,1.0196,0
2023-05-10,172.55,174.43,166.68,168.54,119840700,Tesla,TSLA,-0.0036,0.3471,1.0465,1
2023-05-11,168.7,173.57,166.79,172.08,103889900,Tesla,TSLA,0.021,-0.1331,1.0407,0
2023-05-12,176.07,177.38,167.23,167.98,157849600,Tesla,TSLA,-0.0238,0.5194,1.0607,0
2023-05-15,167.66,169.76,164.55,166.35,105592500,Tesla,TSLA,-0.0097,-0.3311,1.0317,1
2023-05-16,165.65,169.52,164.35,166.52,98288800,Tesla,TSLA,0.001,-0.0692,1.0315,1
2023-05-17,168.41,174.5,167.19,173.86,125473600,Tesla,TSLA,0.0441,0.2766,1.0437,1
2023-05-18,174.22,177.06,172.45,176.89,109520300,Tesla,TSLA,0.0174,-0.1271,1.0267,1
2023-05-19,177.17,181.95,176.31,180.14,136196700,Tesla,TSLA,0.0184,0.2436,1.032,1
2023-05-22,180.7,189.32,180.11,188.87,132001400,Tesla,TSLA,0.0485,-0.0308,1.0511,0
2023-05-23,186.2,192.96,185.26,185.77,156952100,Tesla,TSLA,-0.0164,0.189,1.0416,0
2023-05-24,182.23,184.22,178.22,182.9,137605100,Tesla,TSLA,-0.0154,-0.1233,1.0337,1
2023-05-25,186.54,186.78,180.58,184.47,96870700,Tesla,TSLA,0.0086,-0.296,1.0343,1
2023-05-26,184.62,198.6,184.53,193.17,162061500,Tesla,TSLA,0.0472,0.673,1.0762,1
2023-05-30,200.1,204.48,197.53,201.16,128818700,Tesla,TSLA,0.0414,-0.2051,1.0352,1
2023-05-31,199.78,203.95,195.12,203.93,150711700,Tesla,TSLA,0.0138,0.17,1.0453,1
2023-06-01,202.59,209.8,199.37,207.52,148029900,Tesla,TSLA,0.0176,-0.0178,1.0523,1
2023-06-02,210.15,217.25,209.75,213.97,164398400,Tesla,TSLA,0.0311,0.1106,1.0358,1
2023-06-05,217.8,221.29,214.52,217.61,151143100,Tesla,TSLA,0.017,-0.0806,1.0316,1
2023-06-06,216.14,221.91,212.53,221.31,146911600,Tesla,TSLA,0.017,-0.028,1.0441,1
2023-06-07,228.0,230.83,223.2,224.57,185710800,Tesla,TSLA,0.0147,0.2641,1.0342,1
2023-06-08,224.22,235.23,223.01,234.86,164489700,Tesla,TSLA,0.0458,-0.1143,1.0548,1
2023-06-09,249.07,252.42,242.02,244.4,200242400,Tesla,TSLA,0.0406,0.2174,1.043,1
2023-06-12,247.94,250.97,244.59,249.83,150337900,Tesla,TSLA,0.0222,-0.2492,1.0261,1
2023-06-13,253.51,259.68,251.34,258.71,162384300,Tesla,TSLA,0.0355,0.0801,1.0332,0
2023-06-14,260.17,261.57,250.5,256.79,170575500,Tesla,TSLA,-0.0074,0.0504,1.0442,0
2023-06-15,248.4,258.95,247.29,255.9,160171200,Tesla,TSLA,-0.0035,-0.061,1.0472,1
2023-06-16,258.92,263.6,257.21,260.54,167915600,Tesla,TSLA,0.0181,0.0484,1.0248,1
2023-06-20,261.5,274.75,261.12,274.45,165611200,Tesla,TSLA,0.0534,-0.0137,1.0522,0
2023-06-21,275.13,276.99,257.78,259.46,211797100,Tesla,TSLA,-0.0546,0.2789,1.0745,1
2023-06-22,250.77,265.0,248.25,264.61,166875900,Tesla,TSLA,0.0198,-0.2121,1.0675,0
2023-06-23,259.29,262.45,252.8,256.6,177460800,Tesla,TSLA,-0.0303,0.0634,1.0382,0
2023-06-26,250.07,258.37,240.7,241.05,179990600,Tesla,TSLA,-0.0606,0.0143,1.0734,1
2023-06-27,243.24,250.39,240.85,250.21,164968200,Tesla,TSLA,0.038,-0.0835,1.0396,1
2023-06-28,249.7,259.88,248.89,256.24,159770800,Tesla,TSLA,0.0241,-0.0315,1.0442,1
2023-06-29,258.03,260.74,253.61,257.5,131283400,Tesla,TSLA,0.0049,-0.1783,1.0281,1
2023-06-30,260.6,264.45,259.89,261.77,112620800,Tesla,TSLA,0.0166,-0.1422,1.0175,1
2023-07-03,276.49,284.25,275.11,279.82,119685900,Tesla,TSLA,0.069,0.0627,1.0332,1
2023-07-05,278.82,283.85,277.6,282.48,131530900,Tesla,TSLA,0.0095,0.099,1.0225,0
2023-07-06,278.09,279.97,272.88,276.54,120332100,Tesla,TSLA,-0.021,-0.0851,1.026,0
2023-07-07,278.43,280.78,273.77,274.43,113879200,Tesla,TSLA,-0.0076,-0.0536,1.0256,0
2023-07-10,276.47,277.52,265.1,269.61,119425400,Tesla,TSLA,-0.0176,0.0487,1.0469,1
2023-07-11,268.65,270.9,266.37,269.79,91972400,Tesla,TSLA,0.0007,-0.2299,1.017,1
2023-07-12,276.33,276.52,271.46,271.99,95672100,Tesla,TSLA,0.0082,0.0402,1.0186,1
2023-07-13,274.59,279.45,270.6,277.9,112681500,Tesla,TSLA,0.0217,0.1778,1.0327,1
2023-07-14,277.01,285.3,276.31,281.38,120062400,Tesla,TSLA,0.0125,0.0655,1.0325,1
2023-07-17,286.63,292.23,283.57,290.38,131569600,Tesla,TSLA,0.032,0.0958,1.0305,1
2023-07-18,290.15,295.26,286.01,293.34,112120300,Tesla,TSLA,0.0102,-0.1478,1.0323,0
2023-07-19,296.04,299.29,289.52,291.26,142355400,Tesla,TSLA,-0.0071,0.2697,1.0337,0
2023-07-20,279.56,280.93,261.2,262.9,175158300,Tesla,TSLA,-0.0974,0.2304,1.0755,0
2023-07-21,268.0,268.0,255.8,260.02,161796100,Tesla,TSLA,-0.011,-0.0763,1.0477,1
2023-07-24,255.85,269.85,254.12,269.06,136508500,Tesla,TSLA,0.0348,-0.1563,1.0619,0
2023-07-25,272.38,272.9,265.0,265.28,112757300,Tesla,TSLA,-0.014,-0.174,1.0298,0
2023-07-26,263.25,268.04,261.75,264.35,95856200,Tesla,TSLA,-0.0035,-0.1499,1.024,0
2023-07-27,268.31,269.13,255.3,255.71,103697300,Tesla,TSLA,-0.0327,0.0818,1.0542,1
2023-07-28,259.86,267.25,258.23,266.44,111446000,Tesla,TSLA,0.042,0.0747,1.0349,1
2023-07-31,267.48,269.08,263.78,267.43,84582200,Tesla,TSLA,0.0037,-0.241,1.0201,0
2023-08-01,266.26,266.47,260.25,261.07,83166000,Tesla,TSLA,-0.0238,-0.0167,1.0239,0
2023-08-02,255.57,259.52,250.49,254.11,101752900,Tesla,TSLA,-0.0267,0.2235,1.036,1
2023-08-03,252.04,260.49,252.0,259.32,97569100,Tesla,TSLA,0.0205,-0.0411,1.0337,0
2023-08-04,260.97,264.77,253.11,253.86,99539900,Tesla,TSLA,-0.0211,0.0202,1.0461,0
2023-08-07,251.45,253.65,242.76,251.45,111097900,Tesla,TSLA,-0.0095,0.1161,1.0449,0
2023-08-08,247.45,250.92,245.01,249.7,96642200,Tesla,TSLA,-0.007,-0.1301,1.0241,0
2023-08-09,250.87,251.1,241.9,242.19,101596300,Tesla,TSLA,-0.0301,0.0513,1.038,1
2023-08-10,245.4,251.8,243.0,245.34,109498600,Tesla,TSLA,0.013,0.0778,1.0362,0
2023-08-11,241.77,243.79,238.02,242.65,99038600,Tesla,TSLA,-0.011,-0.0955,1.0242,0
2023-08-14,235.7,240.66,233.75,239.76,98595300,Tesla,TSLA,-0.0119,-0.0045,1.0296,0
2023-08-15,238.73,240.5,232.61,232.96,88197600,Tesla,TSLA,-0.0284,-0.1055,1.0339,0
2023-08-16,228.02,233.97,225.38,225.6,112484500,Tesla,TSLA,-0.0316,0.2754,1.0381,0
2023-08-17,226.06,226.74,218.83,219.22,120718400,Tesla,TSLA,-0.0283,0.0732,1.0361,0
2023-08-18,214.12,217.58,212.36,215.49,136276600,Tesla,TSLA,-0.017,0.1289,1.0246,1
2023-08-21,221.55,232.13,220.58,231.28,135702700,Tesla,TSLA,0.0733,-0.0042,1.0524,1
2023-08-22,240.25,240.82,229.55,233.19,130442800,Tesla,TSLA,0.0083,-0.0388,1.0491,1
2023-08-23,229.34,238.98,229.29,236.86,101077600,Tesla,TSLA,0.0157,-0.2251,1.0423,0
2023-08-24,238.66,238.92,228.18,230.04,99777400,Tesla,TSLA,-0.0288,-0.0129,1.0471,1
2023-08-25,231.31,239.0,230.35,238.59,106612200,Tesla,TSLA,0.0372,0.0685,1.0376,1
2023-08-28,242.58,244.38,235.35,238.82,107673700,Tesla,TSLA,0.001,0.01,1.0384,1
2023-08-29,238.58,257.48,237.77,257.18,134047600,Tesla,TSLA,0.0769,0.2449,1.0829,0
2023-08-30,254.2,260.51,250.59,256.9,121988400,Tesla,TSLA,-0.0011,-0.09,1.0396,1
2023-08-31,255.98,261.18,255.05,258.08,108861700,Tesla,TSLA,0.0046,-0.1076,1.024,0
2023-09-01,257.26,259.08,242.01,245.01,132541600,Tesla,TSLA,-0.0506,0.2175,1.0705,1
2023-09-05,245.0,258.0,244.86,256.49,129469600,Tesla,TSLA,0.0469,-0.0232,1.0537,0
2023-09-06,255.14,255.39,245.06,251.92,116959800,Tesla,TSLA,-0.0178,-0.0966,1.0422,0
2023-09-07,245.07,252.81,243.27,251.49,115312900,Tesla,TSLA,-0.0017,-0.0141,1.0392,0
2023-09-08,251.22,256.52,246.67,248.5,118367700,Tesla,TSLA,-0.0119,0.0265,1.0399,1
2023-09-11,264.27,274.85,260.61,273.58,174667900,Tesla,TSLA,0.1009,0.4756,1.0546,0
2023-09-12,270.76,278.39,266.6,267.48,135999900,Tesla,TSLA,-0.0223,-0.2214,1.0442,1
2023-09-13,270.07,274.98,268.1,271.3,111673700,Tesla,TSLA,0.0143,-0.1789,1.0257,1
2023-09-14,271.32,276.71,270.42,276.04,107709800,Tesla,TSLA,0.0175,-0.0355,1.0233,0
2023-09-15,277.55,278.98,271.0,274.39,133692300,Tesla,TSLA,-0.006,0.2412,1.0294,0
2023-09-18,271.16,271.44,263.76,265.28,101543300,Tesla,TSLA,-0.0332,-0.2405,1.0291,1
2023-09-19,264.35,267.85,261.2,266.5,103704000,Tesla,TSLA,0.0046,0.0213,1.0255,0
2023-09-20,267.04,273.93,262.46,262.59,122514600,Tesla,TSLA,-0.0147,0.1814,1.0437,0
2023-09-21,257.85,260.86,254.21,255.7,119951500,Tesla,TSLA,-0.0262,-0.0209,1.0262,0
2023-09-22,257.4,257.79,244.48,244.88,127524100,Tesla,TSLA,-0.0423,0.0631,1.0544,1
2023-09-25,243.38,247.1,238.31,246.99,104636600,Tesla,TSLA,0.0086,-0.1795,1.0369,0
2023-09-26,242.98,249.55,241.66,244.12,101993600,Tesla,TSLA,-0.0116,-0.0253,1.0326,0
2023-09-27,244.26,245.33,234.58,240.5,136597200,Tesla,TSLA,-0.0148,0.3393,1.0458,1
2023-09-28,240.02,247.55,238.65,246.38,117058900,Tesla,TSLA,0.0244,-0.143,1.0373,1
2023-09-29,250.0,254.77,246.35,250.22,128522700,Tesla,TSLA,0.0156,0.0979,1.0342,1
2023-10-02,244.81,254.28,242.62,251.6,123810400,Tesla,TSLA,0.0055,-0.0367,1.0481,0
2023-10-03,248.61,250.02,244.45,246.53,101985300,Tesla,TSLA,-0.0202,-0.1763,1.0228,1
2023-10-04,248.14,261.86,247.6,261.16,129721600,Tesla,TSLA,0.0593,0.272,1.0576,0
2023-10-05,260.0,263.6,256.25,260.05,119159200,Tesla,TSLA,-0.0043,-0.0814,1.0287,1
2023-10-06,253.98,261.65,250.65,260.53,118121800,Tesla,TSLA,0.0018,-0.0087,1.0439,0
2023-10-09,255.31,261.36,252.05,259.67,101377900,Tesla,TSLA,-0.0033,-0.1418,1.0369,1
2023-10-10,257.75,268.94,257.65,263.62,122656000,Tesla,TSLA,0.0152,0.2099,1.0438,0
2023-10-11,266.2,268.6,260.9,262.99,103706300,Tesla,TSLA,-0.0024,-0.1545,1.0295,0
2023-10-12,262.92,265.41,256.63,258.87,111508100,Tesla,TSLA,-0.0157,0.0752,1.0342,0
2023-10-13,258.9,259.6,250.22,251.12,102073800,Tesla,TSLA,-0.0299,-0.0846,1.0375,1
2023-10-16,250.05,255.4,248.48,253.92,88917200,Tesla,TSLA,0.0112,-0.1289,1.0278,1
2023-10-17,250.1,257.18,247.08,254.85,93562900,Tesla,TSLA,0.0037,0.0522,1.0409,0
2023-10-18,252.7,254.63,242.08,242.68,125147800,Tesla,TSLA,-0.0478,0.3376,1.0518,0
2023-10-19,225.95,230.61,216.78,220.11,170772700,Tesla,TSLA,-0.093,0.3646,1.0638,0
2023-10-20,217.01,218.86,210.42,211.99,138010100,Tesla,TSLA,-0.0369,-0.1918,1.0401,1
2023-10-23,210.0,216.98,202.51,212.08,150683400,Tesla,TSLA,0.0004,0.0918,1.0715,1
2023-10-24,216.5,222.05,214.11,216.52,118231100,Tesla,TSLA,0.0209,-0.2154,1.0371,0
2023-10-25,215.88,220.1,212.2,212.42,107065100,Tesla,TSLA,-0.0189,-0.0944,1.0372,0
2023-10-26,211.32,214.8,204.88,205.76,115112600,Tesla,TSLA,-0.0314,0.0752,1.0484,1
2023-10-27,210.6,212.41,205.77,207.3,94881200,Tesla,TSLA,0.0075,-0.1758,1.0323,0
2023-10-30,209.28,210.88,194.67,197.36,136448200,Tesla,TSLA,-0.0479,0.4381,1.0833,1
2023-10-31,196.12,202.8,194.07,200.84,118068300,Tesla,TSLA,0.0176,-0.1347,1.045,1
2023-11-01,204.04,205.99,197.85,205.66,121661700,Tesla,TSLA,0.024,0.0304,1.0411,1
2023-11-02,212.97,219.2,211.45,218.51,125987600,Tesla,TSLA,0.0625,0.0356,1.0367,1
2023-11-03,221.15,226.37,218.4,219.96,119534800,Tesla,TSLA,0.0066,-0.0512,1.0365,0
2023-11-06,223.98,226.32,215.0,219.27,117335800,Tesla,TSLA,-0.0031,-0.0184,1.0527,1
2023-11-07,219.98,223.12,215.72,222.18,116900100,Tesla,TSLA,0.0133,-0.0037,1.0343,0
2023-11-08,223.15,224.15,217.64,222.11,106584800,Tesla,TSLA,-0.0003,-0.0882,1.0299,0
2023-11-09,219.75,220.8,206.68,209.98,142110500,Tesla,TSLA,-0.0546,0.3333,1.0683,1
2023-11-10,210.03,215.38,205.69,214.65,130994000,Tesla,TSLA,0.0222,-0.0782,1.0471,1
2023-11-13,215.6,225.4,211.61,223.71,140447600,Tesla,TSLA,0.0422,0.0722,1.0652,1
2023-11-14,235.03,238.14,230.72,237.41,149771600,Tesla,TSLA,0.0612,0.0664,1.0322,1
2023-11-15,239.29,246.7,236.45,242.84,150354000,Tesla,TSLA,0.0229,0.0039,1.0433,0
2023-11-16,239.49,240.88,230.96,233.59,136816800,Tesla,TSLA,-0.0381,-0.09,1.043,1
2023-11-17,232.0,237.39,226.54,234.3,142532800,Tesla,TSLA,0.003,0.0418,1.0479,1
2023-11-20,234.04,237.1,231.02,235.6,116320100,Tesla,TSLA,0.0055,-0.1839,1.0263,1
2023-11-21,235.04,243.62,233.34,241.2,122288000,Tesla,TSLA,0.0238,0.0513,1.0441,0
2023-11-22,242.04,244.01,231.4,234.21,117950600,Tesla,TSLA,-0.029,-0.0355,1.0545,1
2023-11-24,233.75,238.75,232.33,235.45,65125200,Tesla,TSLA,0.0053,-0.4479,1.0276,1
2023-11-27,236.89,238.33,232.1,236.08,112031800,Tesla,TSLA,0.0027,0.7203,1.0268,1
2023-11-28,236.68,247.0,234.01,246.72,148549900,Tesla,TSLA,0.0451,0.326,1.0555,0
2023-11-29,249.21,252.75,242.76,244.14,135401300,Tesla,TSLA,-0.0105,-0.0885,1.0412,0
2023-11-30,245.14,245.22,236.91,240.08,132353200,Tesla,TSLA,-0.0166,-0.0225,1.0351,0
2023-12-01,233.14,240.19,231.9,238.83,121331700,Tesla,TSLA,-0.0052,-0.0833,1.0357,0
2023-12-04,235.75,239.37,233.29,235.58,104099800,Tesla,TSLA,-0.0136,-0.142,1.0261,1
2023-12-05,233.87,246.66,233.7,238.72,137971100,Tesla,TSLA,0.0133,0.3254,1.0555,1
2023-12-06,242.92,246.57,239.17,239.37,126436200,Tesla,TSLA,0.0027,-0.0836,1.0309,1
2023-12-07,241.55,244.08,236.98,242.64,107142300,Tesla,TSLA,0.0137,-0.1526,1.03,1
2023-12-08,240.27,245.27,239.27,243.84,103126800,Tesla,TSLA,0.0049,-0.0375,1.0251,0
2023-12-11,242.74,243.44,237.45,239.74,97913900,Tesla,TSLA,-0.0168,-0.0505,1.0252,0
2023-12-12,238.55,238.99,233.87,237.01,95328300,Tesla,TSLA,-0.0114,-0.0264,1.0219,1
2023-12-13,234.19,240.3,228.2,239.29,146286300,Tesla,TSLA,0.0096,0.5346,1.053,1
2023-12-14,241.22,253.88,240.79,251.05,160829200,Tesla,TSLA,0.0491,0.0994,1.0544,1
2023-12-15,251.21,254.13,248.3,253.5,135932800,Tesla,TSLA,0.0098,-0.1548,1.0235,0
2023-12-18,253.78,258.74,251.36,252.08,116416500,Tesla,TSLA,-0.0056,-0.1436,1.0294,1
2023-12-19,253.48,258.34,253.01,257.22,106737400,Tesla,TSLA,0.0204,-0.0831,1.0211,0
2023-12-20,256.41,259.84,247.0,247.14,125097000,Tesla,TSLA,-0.0392,0.172,1.052,1
2023-12-21,251.9,254.8,248.55,254.5,109594200,Tesla,TSLA,0.0298,-0.1239,1.0251,0
2023-12-22,256.76,258.22,251.37,252.54,93370100,Tesla,TSLA,-0.0077,-0.148,1.0273,1
2023-12-26,254.49,257.97,252.91,256.61,86892400,Tesla,TSLA,0.0161,-0.0694,1.02,1
2023-12-27,258.35,263.34,257.52,261.44,106494400,Tesla,TSLA,0.0188,0.2256,1.0226,0
2023-12-28,263.66,265.13,252.71,253.18,113619900,Tesla,TSLA,-0.0316,0.0669,1.0491,0
2023-12-29,255.1,255.19,247.43,248.48,100891600,Tesla,TSLA,-0.0186,-0.112,1.0314,0
2024-01-02,250.08,251.25,244.41,248.42,104654200,Tesla,TSLA,-0.0002,0.0373,1.028,0
2024-01-03,244.98,245.68,236.32,238.45,121082600,Tesla,TSLA,-0.0401,0.157,1.0396,0
2024-01-04,239.25,242.7,237.73,237.93,102629300,Tesla,TSLA,-0.0022,-0.1524,1.0209,0
2024-01-05,236.86,240.12,234.9,237.49,92488900,Tesla,TSLA,-0.0018,-0.0988,1.0222,1
2024-01-08,236.14,241.25,235.3,240.45,85166600,Tesla,TSLA,0.0125,-0.0792,1.0253,0
2024-01-09,238.11,238.96,232.04,234.96,96705700,Tesla,TSLA,-0.0228,0.1355,1.0298,0
2024-01-10,235.1,235.5,231.29,233.94,91628500,Tesla,TSLA,-0.0043,-0.0525,1.0182,0
2024-01-11,230.57,230.93,225.37,227.22,105873600,Tesla,TSLA,-0.0287,0.1555,1.0247,0
2024-01-12,220.08,225.34,217.15,218.89,123043800,Tesla,TSLA,-0.0367,0.1622,1.0377,1
2024-01-16,215.1,223.49,212.18,219.91,115355000,Tesla,TSLA,0.0047,-0.0625,1.0533,0
2024-01-17,214.86,215.67,212.01,215.55,103164400,Tesla,TSLA,-0.0198,-0.1057,1.0173,0
2024-01-18,216.88,217.45,208.74,211.88,108595400,Tesla,TSLA,-0.017,0.0526,1.0417,1
2024-01-19,209.99,213.19,207.56,212.19,102260300,Tesla,TSLA,0.0015,-0.0583,1.0271,0
2024-01-22,212.26,217.8,206.27,208.8,117952500,Tesla,TSLA,-0.016,0.1535,1.0559,1
2024-01-23,211.3,215.65,207.75,209.14,106605900,Tesla,TSLA,0.0016,-0.0962,1.038,0
2024-01-24,211.88,212.73,206.77,207.83,123369900,Tesla,TSLA,-0.0063,0.1573,1.0288,0
2024-01-25,189.7,193.0,180.06,182.63,198076800,Tesla,TSLA,-0.1213,0.6056,1.0719,1
2024-01-26,185.5,186.78,182.1,183.25,107343200,Tesla,TSLA,0.0034,-0.4581,1.0257,1
2024-01-29,185.63,191.48,183.67,190.93,125013100,Tesla,TSLA,0.0419,0.1646,1.0425,1
2024-01-30,195.33,196.36,190.61,191.59,109982300,Tesla,TSLA,0.0035,-0.1202,1.0302,0
2024-01-31,187.0,193.97,185.85,187.29,103221400,Tesla,TSLA,-0.0224,-0.0615,1.0437,1
2024-02-01,188.5,189.88,184.28,188.86,91843300,Tesla,TSLA,0.0084,-0.1102,1.0304,0
2024-02-02,185.04,188.69,182.0,187.91,110612700,Tesla,TSLA,-0.005,0.2044,1.0368,0
2024-02-05,184.26,184.68,175.01,181.06,134294400,Tesla,TSLA,-0.0365,0.2141,1.0553,1
2024-02-06,177.21,186.49,177.11,185.1,122676000,Tesla,TSLA,0.0223,-0.0865,1.053,1
2024-02-07,188.18,189.79,182.68,187.58,111535200,Tesla,TSLA,0.0134,-0.0908,1.0389,1
2024-02-08,189.0,191.62,185.58,189.56,83034000,Tesla,TSLA,0.0106,-0.2555,1.0325,1
2024-02-09,190.18,194.12,189.48,193.57,84476300,Tesla,TSLA,0.0212,0.0174,1.0245,0
2024-02-12,192.11,194.73,187.28,188.13,95498600,Tesla,TSLA,-0.0281,0.1305,1.0398,0
2024-02-13,183.99,187.26,182.11,184.02,86759500,Tesla,TSLA,-0.0218,-0.0915,1.0283,1
2024-02-14,185.3,188.89,183.35,188.71,81203000,Tesla,TSLA,0.0255,-0.064,1.0302,1
2024-02-15,189.16,200.88,188.86,200.45,120831800,Tesla,TSLA,0.0622,0.488,1.0636,0
2024-02-16,202.06,203.17,197.4,199.95,111346700,Tesla,TSLA,-0.0025,-0.0785,1.0292,0
2024-02-20,196.13,198.6,189.13,193.76,104545800,Tesla,TSLA,-0.031,-0.0611,1.0501,1
2024-02-21,193.36,199.44,191.95,194.77,103500300,Tesla,TSLA,0.0052,-0.01,1.039,1
2024-02-22,194.0,198.32,191.36,197.41,92739500,Tesla,TSLA,0.0136,-0.104,1.0364,0
2024-02-23,195.31,197.57,191.5,191.97,78841900,Tesla,TSLA,-0.0276,-0.1499,1.0317,1
2024-02-26,192.29,201.78,192.0,199.4,111747100,Tesla,TSLA,0.0387,0.4174,1.0509,1
2024-02-27,204.04,205.6,198.26,199.73,108645400,Tesla,TSLA,0.0017,-0.0278,1.037,1
2024-02-28,200.42,205.3,198.44,202.04,99806200,Tesla,TSLA,0.0116,-0.0814,1.0346,0
2024-02-29,204.18,205.28,198.45,201.88,85907000,Tesla,TSLA,-0.0008,-0.1393,1.0344,1
2024-03-01,200.52,204.52,198.5,202.64,82243100,Tesla,TSLA,0.0038,-0.0426,1.0303,0
2024-03-04,198.73,199.75,186.72,188.14,134334900,Tesla,TSLA,-0.0716,0.6334,1.0698,0
2024-03-05,183.05,184.59,177.57,180.74,119660800,Tesla,TSLA,-0.0393,-0.1092,1.0395,0
2024-03-06,179.99,181.58,173.7,176.54,107920900,Tesla,TSLA,-0.0232,-0.0981,1.0454,1
2024-03-07,174.35,180.04,173.7,178.65,102129000,Tesla,TSLA,0.012,-0.0537,1.0365,0
2024-03-08,181.5,182.73,174.7,175.34,85544600,Tesla,TSLA,-0.0185,-0.1624,1.046,1
2024-03-11,175.45,182.87,174.8,177.77,85391500,Tesla,TSLA,0.0139,-0.0018,1.0462,0
2024-03-12,177.77,179.43,172.41,177.54,87391700,Tesla,TSLA,-0.0013,0.0234,1.0407,0
2024-03-13,173.05,176.05,169.15,169.48,106524500,Tesla,TSLA,-0.0454,0.2189,1.0408,0
2024-03-14,167.77,171.17,160.51,162.5,126325700,Tesla,TSLA,-0.0412,0.1859,1.0664,1
2024-03-15,163.16,165.18,160.76,163.57,97146800,Tesla,TSLA,0.0066,-0.231,1.0275,1
2024-03-18,170.02,174.72,165.9,173.8,108214400,Tesla,TSLA,0.0625,0.1139,1.0532,0
2024-03-19,172.36,172.82,167.42,171.32,77271400,Tesla,TSLA,-0.0143,-0.2859,1.0323,1
2024-03-20,173.0,176.25,170.82,175.66,83846700,Tesla,TSLA,0.0253,0.0851,1.0318,0
2024-03-21,176.39,178.18,171.8,172.82,73178000,Tesla,TSLA,-0.0162,-0.1272,1.0371,0
2024-03-22,166.69,171.2,166.3,170.83,75580600,Tesla,TSLA,-0.0115,0.0328,1.0295,1
2024-03-25,168.76,175.24,168.73,172.63,74228600,Tesla,TSLA,0.0105,-0.0179,1.0386,1
2024-03-26,178.58,184.25,177.38,177.67,113186200,Tesla,TSLA,0.0292,0.5248,1.0387,1
2024-03-27,181.41,181.91,176.0,179.83,81804000,Tesla,TSLA,0.0122,-0.2773,1.0336,0
2024-03-28,177.45,179.57,175.3,175.79,77654800,Tesla,TSLA,-0.0225,-0.0507,1.0244,0
2024-04-01,176.17,176.75,170.21,175.22,81562100,Tesla,TSLA,-0.0032,0.0503,1.0384,0
2024-04-02,164.75,167.69,163.43,166.63,116650600,Tesla,TSLA,-0.049,0.4302,1.0261,1
2024-04-03,164.02,168.82,163.28,168.38,82950100,Tesla,TSLA,0.0105,-0.2889,1.0339,1
2024-04-04,170.07,177.19,168.01,171.11,123162000,Tesla,TSLA,0.0162,0.4848,1.0546,0
2024-04-05,169.08,170.86,160.51,164.9,143157600,Tesla,TSLA,-0.0363,0.1624,1.0645,1
2024-04-08,169.34,174.5,167.79,172.98,104423300,Tesla,TSLA,0.049,-0.2706,1.04,1
2024-04-09,172.91,179.22,171.92,176.88,102951700,Tesla,TSLA,0.0225,-0.0141,1.0425,0
2024-04-10,173.04,174.93,170.01,171.76,84532400,Tesla,TSLA,-0.0289,-0.1789,1.0289,1
2024-04-11,172.55,175.88,168.51,174.6,94516000,Tesla,TSLA,0.0165,0.1181,1.0437,0
2024-04-12,172.34,173.81,170.36,171.05,64722700,Tesla,TSLA,-0.0203,-0.3152,1.0203,0
2024-04-15,170.24,170.69,161.38,161.48,100245300,Tesla,TSLA,-0.0559,0.5488,1.0577,0
2024-04-16,156.74,158.19,153.75,157.11,97000000,Tesla,TSLA,-0.0271,-0.0324,1.0289,0
2024-04-17,157.64,158.33,153.78,155.45,82439700,Tesla,TSLA,-0.0106,-0.1501,1.0296,0
2024-04-18,151.25,152.2,148.7,149.93,96098800,Tesla,TSLA,-0.0355,0.1657,1.0235,0
2024-04-19,148.97,150.94,146.22,147.05,87074500,Tesla,TSLA,-0.0192,-0.0939,1.0323,0
2024-04-22,140.56,144.44,138.8,142.05,107097600,Tesla,TSLA,-0.034,0.23,1.0406,1
2024-04-23,143.33,147.26,141.11,144.68,124545100,Tesla,TSLA,0.0185,0.1629,1.0436,1
2024-04-24,162.84,167.97,157.51,162.13,181178000,Tesla,TSLA,0.1206,0.4547,1.0664,1
2024-04-25,158.96,170.88,158.36,170.18,126427500,Tesla,TSLA,0.0497,-0.3022,1.0791,0
2024-04-26,168.85,172.12,166.37,168.29,109815700,Tesla,TSLA,-0.0111,-0.1314,1.0346,1
2024-04-29,188.42,198.87,184.54,194.05,243869700,Tesla,TSLA,0.1531,1.2207,1.0777,0
2024-04-30,186.98,190.95,182.84,183.28,127031800,Tesla,TSLA,-0.0555,-0.4791,1.0444,0
2024-05-01,182.0,185.86,179.01,179.99,92829700,Tesla,TSLA,-0.018,-0.2692,1.0383,1
2024-05-02,182.86,184.6,176.02,180.01,89148000,Tesla,TSLA,0.0001,-0.0397,1.0487,1
2024-05-03,182.1,184.78,178.42,181.19,75491500,Tesla,TSLA,0.0066,-0.1532,1.0356,1
2024-05-06,183.8,187.56,182.2,184.76,84390300,Tesla,TSLA,0.0197,0.1179,1.0294,0
2024-05-07,182.4,183.26,177.4,177.81,75045900,Tesla,TSLA,-0.0376,-0.1107,1.033,0
2024-05-08,171.59,176.06,170.15,174.72,79969500,Tesla,TSLA,-0.0174,0.0656,1.0347,0
2024-05-09,175.01,175.62,171.37,171.97,65950300,Tesla,TSLA,-0.0157,-0.1753,1.0248,0
2024-05-10,173.05,173.06,167.75,168.47,72627200,Tesla,TSLA,-0.0204,0.1012,1.0317,1
2024-05-13,170.0,175.4,169.0,171.89,67018900,Tesla,TSLA,0.0203,-0.0772,1.0379,1
2024-05-14,174.5,179.49,174.07,177.55,86407400,Tesla,TSLA,0.0329,0.2893,1.0311,0
2024-05-15,179.9,180.0,173.11,173.99,79663000,Tesla,TSLA,-0.0201,-0.0781,1.0398,1
2024-05-16,174.1,175.79,171.43,174.84,59812200,Tesla,TSLA,0.0049,-0.2492,1.0254,1
2024-05-17,173.55,179.63,172.75,177.46,77445800,Tesla,TSLA,0.015,0.2948,1.0398,0
2024-05-20,177.56,177.75,173.52,174.95,61727400,Tesla,TSLA,-0.0141,-0.203,1.0244,1
2024-05-21,175.51,186.88,174.71,186.6,115266500,Tesla,TSLA,0.0666,0.8673,1.0697,0
2024-05-22,182.85,183.8,178.12,180.11,88313500,Tesla,TSLA,-0.0348,-0.2338,1.0319,0
2024-05-23,181.8,181.9,173.26,173.74,71975500,Tesla,TSLA,-0.0354,-0.185,1.0499,1
2024-05-24,174.84,180.08,173.73,179.24,65584500,Tesla,TSLA,0.0317,-0.0888,1.0366,0
2024-05-28,176.4,178.25,173.16,176.75,59736600,Tesla,TSLA,-0.0139,-0.0892,1.0294,0
2024-05-29,174.19,178.15,173.93,176.19,54782600,Tesla,TSLA,-0.0032,-0.0829,1.0243,1
2024-05-30,178.58,182.67,175.38,178.79,77618400,Tesla,TSLA,0.0148,0.4168,1.0416,0
2024-05-31,178.5,180.32,173.82,178.08,67314600,Tesla,TSLA,-0.004,-0.1327,1.0374,0
2024-06-03,178.13,182.64,174.49,176.29,68568900,Tesla,TSLA,-0.0101,0.0186,1.0467,0
2024-06-04,174.78,177.76,174.0,174.77,60056300,Tesla,TSLA,-0.0086,-0.1241,1.0216,1
2024-06-05,175.35,176.15,172.13,175.0,57953800,Tesla,TSLA,0.0013,-0.035,1.0234,1
2024-06-06,174.6,179.73,172.73,177.94,69887000,Tesla,TSLA,0.0168,0.2059,1.0405,0
2024-06-07,176.13,179.35,175.58,177.48,56244900,Tesla,TSLA,-0.0026,-0.1952,1.0215,0
2024-06-10,176.06,178.57,173.17,173.79,50774600,Tesla,TSLA,-0.0208,-0.0973,1.0312,0
2024-06-11,173.92,174.75,167.41,170.66,64761900,Tesla,TSLA,-0.018,0.2755,1.0438,1
2024-06-12,171.12,180.55,169.8,177.29,90389400,Tesla,TSLA,0.0388,0.3957,1.0633,1
2024-06-13,188.39,191.08,181.23,182.47,118984100,Tesla,TSLA,0.0292,0.3164,1.0544,0
2024-06-14,185.8,186.0,176.92,178.01,82038200,Tesla,TSLA,-0.0244,-0.3105,1.0513,1
2024-06-17,177.92,188.81,177.0,187.44,109786100,Tesla,TSLA,0.053,0.3382,1.0667,0
2024-06-18,186.56,187.2,182.37,184.86,68982300,Tesla,TSLA,-0.0138,-0.3717,1.0265,0
2024-06-20,184.68,185.21,179.66,181.57,55893100,Tesla,TSLA,-0.0178,-0.1897,1.0309,1
2024-06-21,182.3,183.95,180.69,183.01,61937300,Tesla,TSLA,0.0079,0.1081,1.018,0
2024-06-24,184.97,188.8,182.55,182.58,61992100,Tesla,TSLA,-0.0023,0.0009,1.0342,1
2024-06-25,184.4,187.97,182.01,187.35,62905700,Tesla,TSLA,0.0261,0.0147,1.0327,1
2024-06-26,186.54,197.76,186.36,196.37,95737100,Tesla,TSLA,0.0481,0.5219,1.0612,1
2024-06-27,195.17,198.72,194.05,197.42,72746500,Tesla,TSLA,0.0053,-0.2401,1.0241,1
2024-06-28,199.55,203.2,195.26,197.88,95438100,Tesla,TSLA,0.0023,0.3119,1.0407,1
2024-07-01,201.02,213.23,200.85,209.86,135691400,Tesla,TSLA,0.0605,0.4218,1.0616,1
2024-07-02,218.89,231.3,218.06,231.26,205047900,Tesla,TSLA,0.102,0.5111,1.0607,1
2024-07-03,234.56,248.35,234.25,246.39,166561500,Tesla,TSLA,0.0654,-0.1877,1.0602,1
2024-07-05,249.81,252.37,242.46,251.52,154501200,Tesla,TSLA,0.0208,-0.0724,1.0409,1
2024-07-08,247.71,259.44,244.57,252.94,157219600,Tesla,TSLA,0.0056,0.0176,1.0608,1
2024-07-09,251.0,265.61,250.3,262.33,160210900,Tesla,TSLA,0.0371,0.019,1.0612,1
2024-07-10,262.8,267.59,257.86,263.26,128519400,Tesla,TSLA,0.0035,-0.1978,1.0377,0
2024-07-11,263.3,271.0,239.65,241.03,221707300,Tesla,TSLA,-0.0844,0.7251,1.1308,1
2024-07-12,235.8,251.84,233.09,248.23,155955800,Tesla,TSLA,0.0299,-0.2966,1.0804,1
2024-07-15,255.97,265.6,251.73,252.64,146912900,Tesla,TSLA,0.0178,-0.058,1.0551,1
2024-07-16,255.31,258.62,245.8,256.56,126332500,Tesla,TSLA,0.0155,-0.1401,1.0522,0
2024-07-17,252.73,258.47,246.18,248.5,115584800,Tesla,TSLA,-0.0314,-0.0851,1.0499,1
2024-07-18,251.09,257.14,247.2,249.23,110869000,Tesla,TSLA,0.0029,-0.0408,1.0402,0
2024-07-19,247.79,249.44,236.83,239.2,87403900,Tesla,TSLA,-0.0402,-0.2116,1.0532,1
2024-07-22,244.21,253.21,243.75,251.51,101225400,Tesla,TSLA,0.0515,0.1581,1.0388,0
2024-07-23,253.6,255.76,245.63,246.38,111928200,Tesla,TSLA,-0.0204,0.1057,1.0412,0
2024-07-24,225.42,225.99,214.71,215.99,167942900,Tesla,TSLA,-0.1233,0.5005,1.0525,1
2024-07-25,216.8,226.0,216.23,220.25,100636500,Tesla,TSLA,0.0197,-0.4008,1.0452,0
2024-07-26,221.19,222.28,215.33,219.8,94604100,Tesla,TSLA,-0.002,-0.0599,1.0323,1
2024-07-29,224.9,234.27,224.7,232.1,129201800,Tesla,TSLA,0.056,0.3657,1.0426,0
2024-07-30,232.25,232.41,220.0,222.62,100560300,Tesla,TSLA,-0.0408,-0.2217,1.0564,1
2024-07-31,227.9,234.68,226.79,232.07,67497000,Tesla,TSLA,0.0424,-0.3288,1.0348,0
2024-08-01,227.69,231.87,214.33,216.86,83861900,Tesla,TSLA,-0.0655,0.2425,1.0818,0
2024-08-02,214.88,216.13,205.78,207.67,82880100,Tesla,TSLA,-0.0424,-0.0117,1.0503,0
2024-08-05,185.22,203.88,182.0,198.88,100308800,Tesla,TSLA,-0.0423,0.2103,1.1202,1
2024-08-06,200.75,202.9,192.67,200.64,73783900,Tesla,TSLA,0.0088,-0.2644,1.0531,0
2024-08-07,200.77,203.49,191.48,191.76,71159800,Tesla,TSLA,-0.0443,-0.0356,1.0627,1
2024-08-08,195.7,200.7,192.04,198.84,65033900,Tesla,TSLA,0.0369,-0.0861,1.0451,1
2024-08-09,197.05,200.88,195.11,200.0,58648300,Tesla,TSLA,0.0058,-0.0982,1.0296,0
2024-08-12,199.02,199.26,194.67,197.49,64044900,Tesla,TSLA,-0.0125,0.092,1.0236,1
2024-08-13,198.47,208.49,197.06,207.83,76247400,Tesla,TSLA,0.0524,0.1905,1.058,0
2024-08-14,207.39,208.44,198.75,201.38,70250000,Tesla,TSLA,-0.031,-0.0787,1.0488,1
2024-08-15,205.02,215.88,204.82,214.14,89848500,Tesla,TSLA,0.0634,0.279,1.054,1
2024-08-16,211.15,219.8,210.8,216.12,88765100,Tesla,TSLA,0.0092,-0.0121,1.0427,1
2024-08-19,217.07,222.98,214.09,222.72,76435200,Tesla,TSLA,0.0305,-0.1389,1.0415,0
2024-08-20,224.88,228.22,219.56,221.1,74001200,Tesla,TSLA,-0.0073,-0.0318,1.0394,1
2024-08-21,222.67,224.66,218.86,223.27,70146000,Tesla,TSLA,0.0098,-0.0521,1.0265,0
2024-08-22,223.82,224.8,210.32,210.66,79514500,Tesla,TSLA,-0.0565,0.1336,1.0688,1
2024-08-23,214.46,221.48,214.21,220.32,81525200,Tesla,TSLA,0.0459,0.0253,1.0339,0
2024-08-26,218.75,219.09,211.01,213.21,59301200,Tesla,TSLA,-0.0323,-0.2726,1.0383,0
2024-08-27,213.25,215.66,206.94,209.21,62821400,Tesla,TSLA,-0.0188,0.0594,1.0421,0
2024-08-28,209.72,211.84,202.59,205.75,64116400,Tesla,TSLA,-0.0165,0.0206,1.0457,1
2024-08-29,209.8,214.89,205.97,206.28,62308800,Tesla,TSLA,0.0026,-0.0282,1.0433,1
2024-08-30,208.63,214.57,207.03,214.11,63370600,Tesla,TSLA,0.038,0.017,1.0364,0
2024-09-03,215.26,219.9,209.64,210.6,76714200,Tesla,TSLA,-0.0164,0.2106,1.0489,1
2024-09-04,210.59,222.22,210.57,219.41,80651800,Tesla,TSLA,0.0418,0.0513,1.0553,1
2024-09-05,223.49,235.0,222.25,230.17,119355000,Tesla,TSLA,0.049,0.4799,1.0574,0
2024-09-06,232.6,233.6,210.51,210.73,112177000,Tesla,TSLA,-0.0845,-0.0601,1.1097,1
2024-09-09,216.2,219.87,213.67,216.27,67443500,Tesla,TSLA,0.0263,-0.3988,1.029,1
2024-09-10,220.07,226.4,218.64,226.17,78891100,Tesla,TSLA,0.0458,0.1697,1.0355,1
2024-09-11,224.55,228.47,216.8,228.13,83548600,Tesla,TSLA,0.0087,0.059,1.0538,1
2024-09-12,224.66,231.45,223.83,229.81,71894900,Tesla,TSLA,0.0074,-0.1395,1.034,1
2024-09-13,228.0,232.67,226.32,230.29,59515100,Tesla,TSLA,0.0021,-0.1722,1.0281,0
2024-09-16,229.3,229.96,223.53,226.78,54323000,Tesla,TSLA,-0.0152,-0.0872,1.0288,1
2024-09-17,229.45,234.57,226.55,227.87,66761600,Tesla,TSLA,0.0048,0.229,1.0354,0
2024-09-18,230.09,235.68,226.88,227.2,78010200,Tesla,TSLA,-0.0029,0.1685,1.0388,1
2024-09-19,234.0,244.24,232.13,243.92,102694600,Tesla,TSLA,0.0736,0.3164,1.0522,0
2024-09-20,241.52,243.99,235.92,238.25,99879100,Tesla,TSLA,-0.0232,-0.0274,1.0342,1
2024-09-23,242.61,250.0,241.92,250.0,86927200,Tesla,TSLA,0.0493,-0.1297,1.0334,1
2024-09-24,254.08,257.19,249.05,254.27,88491000,Tesla,TSLA,0.0171,0.018,1.0327,1
2024-09-25,252.54,257.05,252.28,257.02,65034300,Tesla,TSLA,0.0108,-0.2651,1.0189,0
2024-09-26,260.6,261.75,251.53,254.22,67142200,Tesla,TSLA,-0.0109,0.0324,1.0406,1
2024-09-27,257.38,260.7,254.12,260.46,70988100,Tesla,TSLA,0.0245,0.0573,1.0259,1
2024-09-30,259.04,264.86,255.77,261.63,80705700,Tesla,TSLA,0.0045,0.1369,1.0355,0
2024-10-01,262.67,263.98,248.53,258.02,87397600,Tesla,TSLA,-0.0138,0.0829,1.0622,0
2024-10-02,247.55,251.16,241.5,249.02,93983900,Tesla,TSLA,-0.0349,0.0754,1.04,0
2024-10-03,244.48,249.79,237.81,240.66,80729200,Tesla,TSLA,-0.0336,-0.141,1.0504,1
2024-10-04,246.69,250.96,244.58,250.08,86573200,Tesla,TSLA,0.0391,0.0724,1.0261,0
2024-10-07,249.0,249.83,240.7,240.83,68113300,Tesla,TSLA,-0.037,-0.2132,1.0379,1
2024-10-08,243.56,246.21,240.56,244.5,56303200,Tesla,TSLA,0.0152,-0.1734,1.0235,0
2024-10-09,243.82,247.43,239.51,241.05,66289500,Tesla,TSLA,-0.0141,0.1774,1.0331,0
2024-10-10,241.81,242.79,232.34,238.77,83087100,Tesla,TSLA,-0.0095,0.2534,1.045,0
2024-10-11,220.13,223.34,214.38,217.8,142628900,Tesla,TSLA,-0.0878,0.7166,1.0418,1
2024-10-14,220.13,221.91,213.74,219.16,86291900,Tesla,TSLA,0.0062,-0.395,1.0382,1
2024-10-15,220.01,224.26,217.12,219.57,62988800,Tesla,TSLA,0.0019,-0.27,1.0329,1
2024-10-16,221.4,222.82,218.93,221.33,49632800,Tesla,TSLA,0.008,-0.212,1.0178,0
2024-10-17,221.59,222.08,217.9,220.89,50791800,Tesla,TSLA,-0.002,0.0234,1.0192,0
2024-10-18,220.71,222.28,219.23,220.7,49611900,Tesla,TSLA,-0.0009,-0.0232,1.0139,0
2024-10-21,218.9,220.48,215.73,218.85,47329000,Tesla,TSLA,-0.0084,-0.046,1.022,0
2024-10-22,217.31,218.22,215.26,217.97,43268700,Tesla,TSLA,-0.004,-0.0858,1.0138,0
2024-10-23,217.13,218.72,212.11,213.65,80938900,Tesla,TSLA,-0.0198,0.8706,1.0312,1
2024-10-24,244.68,262.12,242.65,260.48,204491900,Tesla,TSLA,0.2192,1.5265,1.0802,1
2024-10-25,256.01,269.49,255.32,269.19,161611900,Tesla,TSLA,0.0334,-0.2097,1.0555,0
2024-10-28,270.0,273.54,262.24,262.51,107653600,Tesla,TSLA,-0.0248,-0.3339,1.0431,0
2024-10-29,264.51,264.98,255.51,259.52,80521800,Tesla,TSLA,-0.0114,-0.252,1.0371,0
2024-10-30,258.04,263.35,255.82,257.55,53993600,Tesla,TSLA,-0.0076,-0.3295,1.0294,0
2024-10-31,257.99,259.75,249.25,249.85,66575300,Tesla,TSLA,-0.0299,0.233,1.0421,0
2024-11-01,252.04,254.0,246.63,248.98,57544800,Tesla,TSLA,-0.0035,-0.1356,1.0299,0
2024-11-04,244.56,248.9,238.88,242.84,68802400,Tesla,TSLA,-0.0247,0.1956,1.0419,1
2024-11-05,247.34,255.28,246.21,251.44,69282500,Tesla,TSLA,0.0354,0.007,1.0368,1
2024-11-06,284.67,289.59,275.62,288.53,165228700,Tesla,TSLA,0.1475,1.3849,1.0507,1
2024-11-07,288.89,299.75,285.52,296.91,117309200,Tesla,TSLA,0.029,-0.29,1.0498,1
2024-11-08,299.14,328.71,297.66,321.22,204782800,Tesla,TSLA,0.0819,0.7457,1.1043,1
2024-11-11,346.3,358.64,336.0,350.0,210521600,Tesla,TSLA,0.0896,0.028,1.0674,0
2024-11-12,342.74,345.84,323.31,328.49,155726000,Tesla,TSLA,-0.0615,-0.2603,1.0697,1
2024-11-13,335.85,344.6,322.5,330.24,125405600,Tesla,TSLA,0.0053,-0.1947,1.0685,0
2024-11-14,327.69,329.98,310.37,311.18,120726100,Tesla,TSLA,-0.0577,-0.0373,1.0632,1
2024-11-15,310.57,324.68,309.22,320.72,114440300,Tesla,TSLA,0.0307,-0.0521,1.05,1
2024-11-18,340.73,348.55,330.01,338.74,126085600,Tesla,TSLA,0.0562,0.1018,1.0562,1
2024-11-19,335.76,347.38,332.75,346.0,88852500,Tesla,TSLA,0.0214,-0.2953,1.044,0
2024-11-20,345.0,346.6,334.3,342.03,66340700,Tesla,TSLA,-0.0115,-0.2534,1.0368,0
2024-11-21,343.81,347.99,335.28,339.64,58011700,Tesla,TSLA,-0.007,-0.1255,1.0379,1
2024-11-22,341.09,361.53,337.7,352.56,89140700,Tesla,TSLA,0.038,0.5366,1.0706,0
2024-11-25,360.14,361.93,338.2,338.59,95890900,Tesla,TSLA,-0.0396,0.0757,1.0702,0
2024-11-26,341.0,346.96,335.66,338.23,62295900,Tesla,TSLA,-0.0011,-0.3503,1.0337,0
2024-11-27,341.8,342.55,326.59,332.89,57896400,Tesla,TSLA,-0.0158,-0.0706,1.0489,1
2024-11-29,336.08,345.45,334.65,345.16,37167600,Tesla,TSLA,0.0369,-0.358,1.0323,1
2024-12-02,352.38,360.0,351.15,357.09,77986500,Tesla,TSLA,0.0346,1.0982,1.0252,0
2024-12-03,351.8,355.69,348.2,351.42,58267200,Tesla,TSLA,-0.0159,-0.2529,1.0215,1
2024-12-04,353.0,358.1,348.6,357.93,50810900,Tesla,TSLA,0.0185,-0.128,1.0273,1
2024-12-05,359.87,375.43,359.5,369.49,81403600,Tesla,TSLA,0.0323,0.6021,1.0443,1
2024-12-06,377.42,389.49,370.8,389.22,81455800,Tesla,TSLA,0.0534,0.0006,1.0504,1
2024-12-09,397.61,404.8,378.01,389.79,96359200,Tesla,TSLA,0.0015,0.183,1.0709,1
2024-12-10,392.68,409.73,390.85,400.99,97563600,Tesla,TSLA,0.0287,0.0125,1.0483,1
2024-12-11,409.7,424.88,402.38,424.77,104287600,Tesla,TSLA,0.0593,0.0689,1.0559,0
2024-12-12,424.84,429.3,415.0,418.1,87752200,Tesla,TSLA,-0.0157,-0.1586,1.0345,1
2024-12-13,420.0,436.3,415.71,436.23,89000200,Tesla,TSLA,0.0434,0.0142,1.0495,1
2024-12-16,441.09,463.19,436.15,463.02,114083800,Tesla,TSLA,0.0614,0.2818,1.062,1
2024-12-17,475.9,483.99,457.51,479.86,131223000,Tesla,TSLA,0.0364,0.1502,1.0579,0
2024-12-18,466.5,488.54,427.01,440.13,149340800,Tesla,TSLA,-0.0828,0.1381,1.1441,0
2024-12-19,451.88,456.36,420.02,436.17,118566100,Tesla,TSLA,-0.009,-0.2061,1.0865,0
2024-12-20,425.51,447.08,417.64,421.06,132216200,Tesla,TSLA,-0.0346,0.1151,1.0705,1
2024-12-23,431.0,434.51,415.41,430.6,72698100,Tesla,TSLA,0.0227,-0.4502,1.046,1
2024-12-24,435.9,462.78,435.14,462.28,59551800,Tesla,TSLA,0.0736,-0.1808,1.0635,0
2024-12-26,465.16,465.33,451.02,454.13,76366400,Tesla,TSLA,-0.0176,0.2824,1.0317,0
2024-12-27,449.52,450.0,426.5,431.66,82666800,Tesla,TSLA,-0.0495,0.0825,1.0551,0
2024-12-30,419.4,427.0,415.75,417.41,64941000,Tesla,TSLA,-0.033,-0.2144,1.0271,0
2024-12-31,423.79,427.93,402.54,403.84,76825100,Tesla,TSLA,-0.0325,0.183,1.0631,0
2025-01-02,390.1,392.73,373.04,379.28,109710700,Tesla,TSLA,-0.0608,0.4281,1.0528,1
2025-01-03,381.48,411.88,379.45,410.44,95423300,Tesla,TSLA,0.0822,-0.1302,1.0855,1
2025-01-06,423.2,426.43,401.7,411.05,85516500,Tesla,TSLA,0.0015,-0.1038,1.0616,0
2025-01-07,405.83,414.33,390.0,394.36,75699500,Tesla,TSLA,-0.0406,-0.1148,1.0624,1
2025-01-08,392.95,402.5,387.4,394.94,73038800,Tesla,TSLA,0.0015,-0.0351,1.039,0
2025-01-10,391.4,399.28,377.29,394.74,62287300,Tesla,TSLA,-0.0005,-0.1472,1.0583,1
2025-01-13,383.21,403.79,380.07,403.31,67580500,Tesla,TSLA,0.0217,0.085,1.0624,0
2025-01-14,414.34,422.64,394.54,396.36,84565000,Tesla,TSLA,-0.0172,0.2513,1.0712,1
2025-01-15,409.9,429.8,405.66,428.22,81375500,Tesla,TSLA,0.0804,-0.0377,1.0595,0
2025-01-16,423.49,424.0,409.13,413.82,68335200,Tesla,TSLA,-0.0336,-0.1602,1.0363,1
2025-01-17,421.5,439.74,419.75,426.5,94991400,Tesla,TSLA,0.0306,0.3901,1.0476,0
2025-01-21,432.64,433.2,406.31,424.07,87320900,Tesla,TSLA,-0.0057,-0.0807,1.0662,0
2025-01-22,416.81,428.0,414.59,415.11,60963300,Tesla,TSLA,-0.0211,-0.3018,1.0323,0
2025-01-23,416.06,420.73,408.95,412.38,50690600,Tesla,TSLA,-0.0066,-0.1685,1.0288,0
2025-01-24,414.45,418.88,405.78,406.58,56427100,Tesla,TSLA,-0.0141,0.1132,1.0323,0
2025-01-27,394.8,406.69,389.0,397.15,58125500,Tesla,TSLA,-0.0232,0.0301,1.0455,1
2025-01-28,396.91,400.59,386.5,398.09,48910700,Tesla,TSLA,0.0024,-0.1585,1.0365,0
2025-01-29,395.21,398.59,384.48,389.1,68033600,Tesla,TSLA,-0.0226,0.391,1.0367,1
2025-01-30,410.78,412.5,384.41,400.28,98092900,Tesla,TSLA,0.0287,0.4418,1.0731,1
2025-01-31,401.53,419.99,401.34,404.6,83283600,Tesla,TSLA,0.0108,-0.151,1.0465,0
2025-02-03,386.68,389.17,374.36,383.68,93732100,Tesla,TSLA,-0.0517,0.1255,1.0396,1
2025-02-04,382.63,394.0,381.4,392.21,57072200,Tesla,TSLA,0.0222,-0.3911,1.033,0
2025-02-05,387.51,388.39,375.53,378.17,57223300,Tesla,TSLA,-0.0358,0.0026,1.0342,0
2025-02-06,373.03,375.4,363.18,374.32,77918200,Tesla,TSLA,-0.0102,0.3617,1.0336,0
2025-02-07,370.19,380.55,360.34,361.62,70298300,Tesla,TSLA,-0.0339,-0.0978,1.0561,0
2025-02-10,356.21,362.7,350.51,350.73,77514900,Tesla,TSLA,-0.0301,0.1027,1.0348,0
2025-02-11,345.8,349.37,325.1,328.5,118543400,Tesla,TSLA,-0.0634,0.5293,1.0747,1
2025-02-12,329.94,346.4,329.12,336.51,105382700,Tesla,TSLA,0.0244,-0.111,1.0525,1
2025-02-13,345.0,358.69,342.85,355.94,89441500,Tesla,TSLA,0.0577,-0.1513,1.0462,0
2025-02-14,360.62,362.0,347.5,355.84,68277300,Tesla,TSLA,-0.0003,-0.2366,1.0417,0
2025-02-18,355.01,359.1,350.02,354.11,51631700,Tesla,TSLA,-0.0049,-0.2438,1.0259,1
2025-02-19,354.0,367.34,353.67,360.56,67094400,Tesla,TSLA,0.0182,0.2995,1.0387,0
2025-02-20,361.51,362.3,348.0,354.4,45965400,Tesla,TSLA,-0.0171,-0.3149,1.0411,0
2025-02-21,353.44,354.98,334.42,337.8,74058600,Tesla,TSLA,-0.0468,0.6112,1.0615,0
2025-02-24,338.14,342.4,324.7,330.53,76052300,Tesla,TSLA,-0.0215,0.0269,1.0545,0
2025-02-25,327.02,328.89,297.25,302.8,134228800,Tesla,TSLA,-0.0839,0.765,1.1064,0
2025-02-26,303.71,309.0,288.04,290.8,100118300,Tesla,TSLA,-0.0396,-0.2541,1.0728,0
2025-02-27,291.16,297.23,280.88,281.95,101748200,Tesla,TSLA,-0.0304,0.0163,1.0582,1
2025-02-28,279.5,293.88,273.6,292.98,115697000,Tesla,TSLA,0.0391,0.1371,1.0741,0
2025-03-03,300.34,303.94,277.3,284.65,115551400,Tesla,TSLA,-0.0284,-0.0013,1.0961,0
2025-03-04,270.93,284.35,261.84,272.04,126706600,Tesla,TSLA,-0.0443,0.0965,1.086,1
2025-03-05,272.92,279.55,267.71,279.1,94042900,Tesla,TSLA,0.026,-0.2578,1.0442,0
2025-03-06,272.06,272.65,260.02,263.45,98451600,Tesla,TSLA,-0.0561,0.0469,1.0486,0
2025-03-07,259.32,266.25,250.73,262.67,102369600,Tesla,TSLA,-0.003,0.0398,1.0619,0
2025-03-10,252.54,253.37,220.0,222.15,189076900,Tesla,TSLA,-0.1543,0.847,1.1517,1
2025-03-11,225.31,237.06,217.02,230.58,174896400,Tesla,TSLA,0.0379,-0.075,1.0923,1
2025-03-12,247.22,251.84,241.1,248.09,142215700,Tesla,TSLA,0.0759,-0.1869,1.0445,0
2025-03-13,248.13,248.29,232.6,240.68,114813500,Tesla,TSLA,-0.0299,-0.1927,1.0675,1
2025-03-14,247.31,251.58,240.73,249.98,100242300,Tesla,TSLA,0.0386,-0.1269,1.0451,0
2025-03-17,245.06,245.4,232.8,238.01,111900600,Tesla,TSLA,-0.0479,0.1163,1.0541,0
2025-03-18,228.16,230.1,222.28,225.31,111477600,Tesla,TSLA,-0.0534,-0.0038,1.0352,1
2025-03-19,231.61,241.41,229.2,235.86,111993800,Tesla,TSLA,0.0468,0.0046,1.0533,1
2025-03-20,233.35,238.0,230.05,236.26,99028300,Tesla,TSLA,0.0017,-0.1158,1.0346,1
2025-03-21,234.99,249.52,234.55,248.71,132728700,Tesla,TSLA,0.0527,0.3403,1.0638,1
2025-03-24,258.08,278.64,256.33,278.39,169079900,Tesla,TSLA,0.1193,0.2739,1.087,1
2025-03-25,283.6,288.2,271.28,288.14,150361500,Tesla,TSLA,0.035,-0.1107,1.0624,0
2025-03-26,282.66,284.9,266.51,272.06,153629800,Tesla,TSLA,-0.0558,0.0217,1.069,1
2025-03-27,272.48,291.85,271.82,273.13,162572100,Tesla,TSLA,0.0039,0.0582,1.0737,0
2025-03-28,275.58,276.1,260.57,263.55,123809400,Tesla,TSLA,-0.0351,-0.2384,1.0596,0
2025-03-31,249.31,260.56,243.36,259.16,134008900,Tesla,TSLA,-0.0167,0.0824,1.0707,1
2025-04-01,263.8,277.45,259.25,268.46,146486900,Tesla,TSLA,0.0359,0.0931,1.0702,1
2025-04-02,254.6,284.99,251.27,282.76,212787800,Tesla,TSLA,0.0533,0.4526,1.1342,0
2025-04-03,265.29,276.3,261.51,267.28,136174300,Tesla,TSLA,-0.0547,-0.36,1.0566,0
2025-04-04,255.38,261.0,236.0,239.43,181229400,Tesla,TSLA,-0.1042,0.3309,1.1059,0
2025-04-07,223.78,252.0,214.25,233.29,183453800,Tesla,TSLA,-0.0256,0.0123,1.1762,0
2025-04-08,245.0,250.44,217.8,221.86,171603500,Tesla,TSLA,-0.049,-0.0646,1.1499,1
2025-04-09,224.69,274.69,223.88,272.2,219433400,Tesla,TSLA,0.2269,0.2787,1.227,0
2025-04-10,260.0,262.49,239.33,252.4,181722600,Tesla,TSLA,-0.0727,-0.1719,1.0968,0
2025-04-11,251.84,257.74,241.36,252.31,128948100,Tesla,TSLA,-0.0004,-0.2904,1.0679,1
2025-04-14,258.36,261.8,245.93,252.35,100135200,Tesla,TSLA,0.0002,-0.2234,1.0645,1
2025-04-15,249.91,258.75,247.54,254.11,79594300,Tesla,TSLA,0.007,-0.2051,1.0453,0
2025-04-16,247.61,251.97,233.89,241.55,112378700,Tesla,TSLA,-0.0494,0.4119,1.0773,0
2025-04-17,243.47,244.34,237.68,241.37,83404800,Tesla,TSLA,-0.0007,-0.2578,1.028,0
2025-04-21,230.26,232.21,222.79,227.5,97768000,Tesla,TSLA,-0.0575,0.1722,1.0423,1
2025-04-22,230.96,242.79,229.85,237.97,120858500,Tesla,TSLA,0.046,0.2362,1.0563,1
2025-04-23,254.86,259.45,244.43,250.74,150381900,Tesla,TSLA,0.0537,0.2443,1.0614,1
2025-04-24,250.5,259.54,249.2,259.51,94464200,Tesla,TSLA,0.035,-0.3718,1.0415,1
2025-04-25,261.69,286.85,259.63,284.95,167560700,Tesla,TSLA,0.098,0.7738,1.1048,1
2025-04-28,288.98,294.86,272.42,285.88,151731800,Tesla,TSLA,0.0033,-0.0945,1.0824,1
2025-04-29,285.5,293.32,279.47,292.03,108906600,Tesla,TSLA,0.0215,-0.2822,1.0496,0
2025-04-30,279.9,284.45,270.78,282.16,128961100,Tesla,TSLA,-0.0338,0.1841,1.0505,0
2025-05-01,280.01,290.87,279.81,280.52,99659000,Tesla,TSLA,-0.0058,-0.2272,1.0395,1
2025-05-02,284.9,294.78,279.81,287.21,114454700,Tesla,TSLA,0.0238,0.1485,1.0535,0
2025-05-05,284.57,284.85,274.4,280.26,94618900,Tesla,TSLA,-0.0242,-0.1733,1.0381,0
2025-05-06,273.11,277.73,271.35,275.35,76715800,Tesla,TSLA,-0.0175,-0.1892,1.0235,1
2025-05-07,276.88,277.92,271.0,276.22,71592600,Tesla,TSLA,0.0032,-0.0668,1.0255,1
2025-05-08,279.63,289.8,279.41,284.82,97539400,Tesla,TSLA,0.0311,0.3624,1.0372,1
2025-05-09,290.21,307.04,290.0,298.26,132387800,Tesla,TSLA,0.0472,0.3573,1.0588,1
2025-05-12,321.99,322.21,311.5,318.38,112826700,Tesla,TSLA,0.0675,-0.1478,1.0344,1
2025-05-13,320.0,337.59,316.8,334.07,136992600,Tesla,TSLA,0.0493,0.2142,1.0656,1
2025-05-14,342.5,350.0,337.0,347.68,136997300,Tesla,TSLA,0.0407,0.0,1.0386,0
2025-05-15,340.34,346.14,334.72,342.82,97882600,Tesla,TSLA,-0.014,-0.2855,1.0341,1
2025-05-16,346.24,351.62,342.33,349.98,95895700,Tesla,TSLA,0.0209,-0.0203,1.0271,0
2025-05-19,336.3,343.0,333.37,342.09,88869900,Tesla,TSLA,-0.0225,-0.0733,1.0289,1
2025-05-20,347.87,354.99,341.63,343.82,131715500,Tesla,TSLA,0.0051,0.4821,1.0391,0
2025-05-21,344.43,347.35,332.2,334.62,102354800,Tesla,TSLA,-0.0268,-0.2229,1.0456,1
2025-05-22,331.9,347.27,331.39,341.04,97113400,Tesla,TSLA,0.0192,-0.0512,1.0479,0
2025-05-23,337.92,343.18,333.21,339.34,84654800,Tesla,TSLA,-0.005,-0.1283,1.0299,1
2025-05-27,347.35,363.79,347.32,362.89,120146400,Tesla,TSLA,0.0694,0.4193,1.0474,0
2025-05-28,364.84,365.0,355.91,356.9,91404300,Tesla,TSLA,-0.0165,-0.2392,1.0255,1
2025-05-29,365.29,367.71,356.0,358.43,88087800,Tesla,TSLA,0.0043,-0.0363,1.0329,0
2025-05-30,355.52,363.68,345.29,346.46,123474900,Tesla,TSLA,-0.0334,0.4017,1.0533,0
2025-06-02,343.5,348.02,333.33,342.69,81873800,Tesla,TSLA,-0.0109,-0.3369,1.0441,1
2025-06-03,346.6,355.4,343.04,344.27,99324500,Tesla,TSLA,0.0046,0.2131,1.036,0
2025-06-04,345.1,345.6,327.33,332.05,98912100,Tesla,TSLA,-0.0355,-0.0042,1.0558,0
2025-06-05,322.49,324.55,273.21,284.7,287499800,Tesla,TSLA,-0.1426,1.9066,1.1879,1
2025-06-06,298.83,305.5,291.14,295.14,164747700,Tesla,TSLA,0.0367,-0.427,1.0493,1
2025-06-09,285.96,309.83,281.85,308.58,140908900,Tesla,TSLA,0.0455,-0.1447,1.0993,1
2025-06-10,314.94,327.83,310.67,326.09,151256500,Tesla,TSLA,0.0567,0.0734,1.0552,1
2025-06-11,334.4,335.5,322.5,326.43,122611400,Tesla,TSLA,0.001,-0.1894,1.0403,0
2025-06-12,323.08,332.56,316.86,319.11,105127500,Tesla,TSLA,-0.0224,-0.1426,1.0495,1
2025-06-13,313.97,332.99,313.3,325.31,128964300,Tesla,TSLA,0.0194,0.2267,1.0628,1
2025-06-16,331.29,332.05,326.41,329.13,83925900,Tesla,TSLA,0.0117,-0.3492,1.0173,0
2025-06-17,326.09,327.26,314.74,316.35,88282700,Tesla,TSLA,-0.0388,0.0519,1.0398,1
2025-06-18,317.31,329.32,315.45,322.05,95137700,Tesla,TSLA,0.018,0.0776,1.044,1
2025-06-20,327.95,332.36,317.78,322.16,108688000,Tesla,TSLA,0.0003,0.1424,1.0459,1
2025-06-23,327.54,357.54,327.48,348.68,190716800,Tesla,TSLA,0.0823,0.7547,1.0918,0
2025-06-24,356.17,356.26,340.44,340.47,114736200,Tesla,TSLA,-0.0235,-0.3984,1.0465,0
2025-06-25,342.7,343.0,320.4,327.55,119845100,Tesla,TSLA,-0.0379,0.0445,1.0705,0
2025-06-26,324.61,331.05,323.61,325.78,80440900,Tesla,TSLA,-0.0054,-0.3288,1.023,0
2025-06-27,324.51,329.34,317.5,323.63,89067000,Tesla,TSLA,-0.0066,0.1072,1.0373,0
2025-06-30,319.9,325.58,316.6,317.66,76695100,Tesla,TSLA,-0.0184,-0.1389,1.0284,0
2025-07-01,298.46,305.89,293.21,300.71,145085700,Tesla,TSLA,-0.0534,0.8917,1.0432,1
2025-07-02,312.63,316.83,303.82,315.65,119483700,Tesla,TSLA,0.0497,-0.1765,1.0428,0
2025-07-03,317.99,318.45,312.76,315.35,58042300,Tesla,TSLA,-0.001,-0.5142,1.0182,0
2025-07-07,291.37,296.15,288.77,293.94,131177900,Tesla,TSLA,-0.0679,1.26,1.0256,1
2025-07-08,297.0,304.05,294.35,297.81,103246700,Tesla,TSLA,0.0132,-0.2129,1.033,0
2025-07-09,297.55,300.15,293.55,295.88,75586800,Tesla,TSLA,-0.0065,-0.2679,1.0225,1
2025-07-10,300.05,310.48,300.0,309.87,104365300,Tesla,TSLA,0.0473,0.3807,1.0349,1
2025-07-11,307.89,314.09,305.65,313.51,79236400,Tesla,TSLA,0.0117,-0.2408,1.0276,1
2025-07-14,317.73,322.6,312.67,316.9,78043400,Tesla,TSLA,0.0108,-0.0151,1.0318,0
2025-07-15,319.68,321.2,310.5,310.78,77556300,Tesla,TSLA,-0.0193,-0.0062,1.0345,1
2025-07-16,312.8,323.5,312.62,321.67,97284800,Tesla,TSLA,0.035,0.2544,1.0348,0
2025-07-17,323.15,324.34,317.06,319.41,73922900,Tesla,TSLA,-0.007,-0.2401,1.023,1
2025-07-18,321.66,330.9,321.42,329.65,94255000,Tesla,TSLA,0.0321,0.275,1.0295,0
2025-07-21,334.4,338.0,326.88,328.49,75768800,Tesla,TSLA,-0.0035,-0.1961,1.034,1
2025-07-22,329.74,335.41,321.55,332.11,77370400,Tesla,TSLA,0.011,0.0211,1.0431,1
2025-07-23,330.9,336.2,328.67,332.56,92553800,Tesla,TSLA,0.0014,0.1962,1.0229,0
2025-07-24,310.0,310.15,300.41,305.3,156966000,Tesla,TSLA,-0.082,0.6959,1.0324,1
2025-07-25,308.74,323.63,308.01,316.06,148227000,Tesla,TSLA,0.0352,-0.0557,1.0507,1
2025-07-28,318.45,330.49,315.69,325.59,112673800,Tesla,TSLA,0.0302,-0.2399,1.0469,0
2025-07-29,325.55,326.25,318.25,321.2,87358900,Tesla,TSLA,-0.0135,-0.2247,1.0251,0
2025-07-30,322.18,324.45,311.62,319.04,83931900,Tesla,TSLA,-0.0067,-0.0392,1.0412,0
2025-07-31,319.61,321.37,306.1,308.27,85270900,Tesla,TSLA,-0.0338,0.016,1.0499,0
2025-08-01,306.21,309.31,297.82,302.63,89121400,Tesla,TSLA,-0.0183,0.0452,1.0386,1
2025-08-04,309.08,312.12,303.0,309.26,78683900,Tesla,TSLA,0.0219,-0.1171,1.0301,0
2025-08-05,308.95,312.45,305.5,308.72,57961300,Tesla,TSLA,-0.0017,-0.2634,1.0227,1
2025-08-06,307.89,320.47,306.93,319.91,78523600,Tesla,TSLA,0.0362,0.3548,1.0441,1
2025-08-07,319.79,322.4,316.16,322.27,66658700,Tesla,TSLA,0.0074,-0.1511,1.0197,1
2025-08-08,321.43,335.15,320.98,329.65,91200300,Tesla,TSLA,0.0229,0.3682,1.0441,1
2025-08-11,335.0,346.64,334.15,339.03,105320200,Tesla,TSLA,0.0285,0.1548,1.0374,1
2025-08-12,345.0,345.26,332.94,340.84,80522100,Tesla,TSLA,0.0053,-0.2355,1.037,0
2025-08-13,341.5,348.98,338.2,339.38,67838900,Tesla,TSLA,-0.0043,-0.1575,1.0319,0
2025-08-14,335.76,340.47,330.4,335.58,75000700,Tesla,TSLA,-0.0112,0.1056,1.0305,0
2025-08-15,337.66,339.3,327.02,330.56,74319800,Tesla,TSLA,-0.015,-0.0091,1.0376,1
2025-08-18,329.62,336.27,329.59,335.16,56956600,Tesla,TSLA,0.0139,-0.2336,1.0203,0
2025-08-19,335.79,340.55,327.85,329.31,75956000,Tesla,TSLA,-0.0175,0.3336,1.0387,0
2025-08-20,329.22,331.37,314.6,323.9,77481800,Tesla,TSLA,-0.0164,0.0201,1.0533,0
2025-08-21,322.08,324.9,318.68,320.11,55744400,Tesla,TSLA,-0.0117,-0.2805,1.0195,1
2025-08-22,321.66,340.25,319.69,340.01,94016300,Tesla,TSLA,0.0622,0.6866,1.0643,1
2025-08-25,338.9,349.53,335.03,346.6,86670000,Tesla,TSLA,0.0194,-0.0781,1.0433,1
2025-08-26,344.93,351.9,343.72,351.67,76651600,Tesla,TSLA,0.0146,-0.1156,1.0238,0
2025-08-27,351.94,355.39,349.16,349.6,65519000,Tesla,TSLA,-0.0059,-0.1452,1.0178,0
2025-08-28,350.91,353.55,340.26,345.98,67903200,Tesla,TSLA,-0.0104,0.0364,1.0391,0
2025-08-29,347.23,348.75,331.7,333.87,81145700,Tesla,TSLA,-0.035,0.195,1.0514,0
2025-09-02,328.23,333.33,325.6,329.36,58392000,Tesla,TSLA,-0.0135,-0.2804,1.0237,1
2025-09-03,335.2,343.33,328.51,334.09,88733300,Tesla,TSLA,0.0144,0.5196,1.0451,1
2025-09-04,336.15,338.89,331.48,338.53,60711000,Tesla,TSLA,0.0133,-0.3158,1.0224,1
2025-09-05,348.0,355.87,344.68,350.84,108989800,Tesla,TSLA,0.0364,0.7952,1.0325,0
2025-09-08,354.64,358.44,344.84,346.4,75208300,Tesla,TSLA,-0.0127,-0.31,1.0394,1
2025-09-09,348.44,350.77,343.82,346.97,53816000,Tesla,TSLA,0.0016,-0.2844,1.0202,1
2025-09-10,350.55,356.33,346.07,347.79,72121700,Tesla,TSLA,0.0024,0.3402,1.0296,1
2025-09-11,350.17,368.99,347.6,368.81,103756000,Tesla,TSLA,0.0604,0.4386,1.0615,1
2025-09-12,370.94,396.69,370.24,395.94,168156400,Tesla,TSLA,0.0736,0.6207,1.0714,1
2025-09-15,423.13,425.7,402.43,410.04,163823700,Tesla,TSLA,0.0356,-0.0258,1.0578,1
2025-09-16,414.5,423.25,411.43,421.62,104285700,Tesla,TSLA,0.0282,-0.3634,1.0287,1
2025-09-17,415.75,428.31,409.67,425.86,106133500,Tesla,TSLA,0.0101,0.0177,1.0455,0
2025-09-18,428.87,432.22,416.56,416.85,90454500,Tesla,TSLA,-0.0212,-0.1477,1.0376,1
2025-09-19,421.82,429.47,421.72,426.07,93131000,Tesla,TSLA,0.0221,0.0296,1.0184,1
2025-09-22,431.11,444.98,429.13,434.21,97108800,Tesla,TSLA,0.0191,0.0427,1.0369,0
2025-09-23,439.88,440.97,423.72,425.85,83422700,Tesla,TSLA,-0.0193,-0.1409,1.0407,1
2025-09-24,429.83,444.21,429.03,442.79,93133600,Tesla,TSLA,0.0398,0.1164,1.0354,0
2025-09-25,435.24,435.35,419.08,423.39,96746400,Tesla,TSLA,-0.0438,0.0388,1.0388,1
2025-09-26,428.3,440.47,421.02,440.4,101628200,Tesla,TSLA,0.0402,0.0505,1.0462,1
2025-09-29,444.35,450.98,439.5,443.21,79491500,Tesla,TSLA,0.0064,-0.2178,1.0261,1
2025-09-30,441.52,445.0,433.12,444.72,74358000,Tesla,TSLA,0.0034,-0.0646,1.0274,1
2025-10-01,443.8,462.29,440.75,459.46,98122300,Tesla,TSLA,0.0331,0.3196,1.0489,0
2025-10-02,470.54,470.75,435.57,436.0,137009000,Tesla,TSLA,-0.0511,0.3963,1.0808,0
2025-10-03,443.29,446.77,416.58,429.83,133188200,Tesla,TSLA,-0.0142,-0.0279,1.0725,1
2025-10-06,440.75,453.55,436.69,453.25,85324900,Tesla,TSLA,0.0545,-0.3594,1.0386,0
2025-10-07,447.82,452.68,432.45,433.09,102296100,Tesla,TSLA,-0.0445,0.1989,1.0468,1
2025-10-08,437.57,441.33,425.23,438.69,71192100,Tesla,TSLA,0.0129,-0.3041,1.0379,0
2025-10-09,431.81,436.35,426.18,435.54,69339900,Tesla,TSLA,-0.0072,-0.026,1.0239,0
2025-10-10,436.54,443.13,411.45,413.49,112107900,Tesla,TSLA,-0.0506,0.6168,1.077,1
2025-10-13,423.53,436.89,419.7,435.9,79552800,Tesla,TSLA,0.0542,-0.2904,1.041,0
2025-10-14,426.79,434.2,417.86,429.24,72669400,Tesla,TSLA,-0.0153,-0.0865,1.0391,1
2025-10-15,434.9,440.51,426.33,435.15,71558200,Tesla,TSLA,0.0138,-0.0153,1.0333,0
2025-10-16,434.73,439.35,421.31,428.75,77189900,Tesla,TSLA,-0.0147,0.0787,1.0428,1
2025-10-17,425.5,441.46,423.6,439.31,89331600,Tesla,TSLA,0.0246,0.1573,1.0422,1
2025-10-20,443.87,449.8,440.61,447.43,63719000,Tesla,TSLA,0.0185,-0.2867,1.0209,0
2025-10-21,445.76,449.3,442.05,442.6,54412200,Tesla,TSLA,-0.0108,-0.1461,1.0164,0
2025-10-22,443.45,445.54,429.0,438.97,84023500,Tesla,TSLA,-0.0082,0.5442,1.0386,1
2025-10-23,420.0,449.4,413.9,448.98,126709800,Tesla,TSLA,0.0228,0.508,1.0858,0
2025-10-24,446.83,451.68,430.17,433.72,94727800,Tesla,TSLA,-0.034,-0.2524,1.05,1
2025-10-27,439.98,460.16,438.69,452.42,105867500,Tesla,TSLA,0.0431,0.1176,1.0489,1
2025-10-28,454.78,467.0,451.6,460.55,80185700,Tesla,TSLA,0.018,-0.2426,1.0341,1
2025-10-29,462.5,465.7,452.65,461.51,67983500,Tesla,TSLA,0.0021,-0.1522,1.0288,0
2025-10-30,451.05,455.06,439.61,440.1,72447900,Tesla,TSLA,-0.0464,0.0657,1.0351,1
2025-10-31,446.75,458.0,443.69,456.56,83135800,Tesla,TSLA,0.0374,0.1475,1.0323,1
2025-11-03,455.99,474.07,453.8,468.37,84595200,Tesla,TSLA,0.0259,0.0176,1.0447,0
2025-11-04,454.46,460.22,443.6,444.26,87756600,Tesla,TSLA,-0.0515,0.0374,1.0375,1
2025-11-05,452.05,466.33,440.71,462.07,85573000,Tesla,TSLA,0.0401,-0.0249,1.0581,0
2025-11-06,461.96,467.45,435.09,445.91,109622900,Tesla,TSLA,-0.035,0.281,1.0744,0
2025-11-07,437.92,439.36,421.88,429.52,103471500,Tesla,TSLA,-0.0368,-0.0561,1.0414,1
2025-11-10,439.6,449.67,433.36,445.23,76515900,Tesla,TSLA,0.0366,-0.2605,1.0376,0
2025-11-11,439.4,442.49,432.36,439.62,60533200,Tesla,TSLA,-0.0126,-0.2089,1.0234,0
2025-11-12,442.15,442.33,426.56,430.6,58513500,Tesla,TSLA,-0.0205,-0.0334,1.037,0
2025-11-13,423.13,424.5,396.34,401.99,118948000,Tesla,TSLA,-0.0664,1.0328,1.0711,1
2025-11-14,386.3,412.19,382.78,404.35,105506700,Tesla,TSLA,0.0059,-0.113,1.0768,1
2025-11-17,398.74,423.96,398.74,408.92,102214300,Tesla,TSLA,0.0113,-0.0312,1.0632,0
2025-11-18,405.38,408.9,393.71,401.25,80688600,Tesla,TSLA,-0.0188,-0.2106,1.0386,1
2025-11-19,406.18,411.78,398.5,403.99,72047700,Tesla,TSLA,0.0068,-0.1071,1.0333,0
2025-11-20,414.63,428.94,394.74,395.23,113548800,Tesla,TSLA,-0.0217,0.576,1.0866,0
2025-11-21,402.32,402.8,383.76,391.09,100460600,Tesla,TSLA,-0.0105,-0.1153,1.0496,1
2025-11-24,402.17,421.72,401.09,417.78,96806400,Tesla,TSLA,0.0682,-0.0364,1.0514,1
2025-11-25,414.42,420.48,405.95,419.4,71915600,Tesla,TSLA,0.0039,-0.2571,1.0358,1
2025-11-26,423.95,426.94,416.89,426.58,63463000,Tesla,TSLA,0.0171,-0.1175,1.0241,1
2025-11-28,426.59,432.93,426.2,430.17,36252900,Tesla,TSLA,0.0084,-0.4288,1.0158,0
2025-12-01,425.32,433.66,425.29,430.14,57463600,Tesla,TSLA,-0.0001,0.5851,1.0197,0
2025-12-02,430.81,436.8,422.12,429.24,69336600,Tesla,TSLA,-0.0021,0.2066,1.0348,1
2025-12-03,432.1,447.92,431.11,446.74,87483000,Tesla,TSLA,0.0408,0.2617,1.039,1
2025-12-04,449.94,454.63,445.39,454.53,71906500,Tesla,TSLA,0.0174,-0.1781,1.0207,1
2025-12-05,453.03,458.87,451.66,455.0,56427500,Tesla,TSLA,0.001,-0.2153,1.016,0
2025-12-08,447.45,449.75,435.25,439.58,69165800,Tesla,TSLA,-0.0339,0.2257,1.0333,1
2025-12-09,437.54,452.39,435.7,445.17,62367400,Tesla,TSLA,0.0127,-0.0983,1.0383,1
2025-12-10,446.07,456.88,443.61,451.45,63257500,Tesla,TSLA,0.0141,0.0143,1.0299,0
2025-12-11,448.95,449.27,440.33,446.89,55979500,Tesla,TSLA,-0.0101,-0.1151,1.0203,1
2025-12-12,448.09,463.01,441.67,458.96,95656700,Tesla,TSLA,0.027,0.7088,1.0483,1
2025-12-15,469.44,481.77,467.66,475.31,114542200,Tesla,TSLA,0.0356,0.1974,1.0302,1
2025-12-16,472.21,491.5,465.83,489.88,107608100,Tesla,TSLA,0.0307,-0.0605,1.0551,0
2025-12-17,488.22,495.28,466.2,467.26,106490400,Tesla,TSLA,-0.0462,-0.0104,1.0624,1
2025-12-18,478.16,490.86,473.12,483.37,95168400,Tesla,TSLA,0.0345,-0.1063,1.0375,0
2025-12-19,488.12,490.49,474.72,481.2,103305400,Tesla,TSLA,-0.0045,0.0855,1.0332,1
2025-12-22,489.88,498.83,485.33,488.73,86916100,Tesla,TSLA,0.0156,-0.1586,1.0278,0
2025-12-23,489.4,491.97,482.84,485.56,58223600,Tesla,TSLA,-0.0065,-0.3301,1.0189,0
2025-12-24,488.48,490.9,476.8,485.4,41285400,Tesla,TSLA,-0.0003,-0.2909,1.0296,0
2025-12-26,485.23,489.09,473.82,475.19,58780700,Tesla,TSLA,-0.021,0.4238,1.0322,0
2025-12-29,469.0,469.4,459.0,459.64,66263000,Tesla,TSLA,-0.0327,0.1273,1.0227,0
2025-12-30,461.09,463.12,453.83,454.43,59238500,Tesla,TSLA,-0.0113,-0.106,1.0205,0
2025-12-31,456.1,456.55,449.3,449.72,49078000,Tesla,TSLA,-0.0104,-0.1715,1.0161,0
2026-01-02,457.8,458.34,435.3,438.07,85535400,Tesla,TSLA,-0.0259,0.7428,1.0529,1
2026-01-05,447.99,457.55,444.57,451.67,67940800,Tesla,TSLA,0.031,-0.2057,1.0292,0
2026-01-06,446.38,448.25,428.78,432.96,89093800,Tesla,TSLA,-0.0414,0.3113,1.0454,0
2026-01-07,435.9,438.37,431.29,431.41,59828800,Tesla,TSLA,-0.0036,-0.3285,1.0164,1
2026-01-08,427.89,436.89,424.37,435.8,57041100,Tesla,TSLA,0.0102,-0.0466,1.0295,1
2026-01-09,435.95,449.05,430.39,445.01,67331500,Tesla,TSLA,0.0211,0.1804,1.0434,1
2026-01-12,441.23,454.3,438.0,448.96,61649600,Tesla,TSLA,0.0089,-0.0844,1.0372,0
2026-01-13,450.2,451.81,443.95,447.2,53719200,Tesla,TSLA,-0.0039,-0.1286,1.0177,0
2026-01-14,442.81,443.91,434.22,439.2,57259500,Tesla,TSLA,-0.0179,0.0659,1.0223,0
2026-01-15,441.13,445.36,437.65,438.57,49465800,Tesla,TSLA,-0.0014,-0.1361,1.0176,0
2026-01-16,439.5,447.25,435.26,437.5,60220600,Tesla,TSLA,-0.0024,0.2174,1.0275,0
2026-01-20,429.36,430.73,417.44,419.25,63187300,Tesla,TSLA,-0.0417,0.0493,1.0318,1
2026-01-21,421.66,438.2,419.62,431.44,68124000,Tesla,TSLA,0.0291,0.0781,1.0443,1
2026-01-22,435.16,449.5,432.63,449.36,71546700,Tesla,TSLA,0.0415,0.0502,1.039,0
2026-01-23,447.43,452.43,444.04,449.06,56771400,Tesla,TSLA,-0.0007,-0.2065,1.0189,0
2026-01-26,445.0,445.04,434.28,435.2,49397400,Tesla,TSLA,-0.0309,-0.1299,1.0248,0
2026-01-27,437.41,437.52,430.69,430.9,37733100,Tesla,TSLA,-0.0099,-0.2361,1.0159,1
2026-01-28,431.91,438.26,430.1,431.46,54857400,Tesla,TSLA,0.0013,0.4538,1.019,0
2026-01-29,437.8,440.23,414.62,416.56,81686100,Tesla,TSLA,-0.0345,0.4891,1.0618,1
2026-01-30,425.35,439.88,422.7,430.41,82626100,Tesla,TSLA,0.0332,0.0115,1.0406,0
2026-02-02,421.29,427.15,414.5,421.81,58739500,Tesla,TSLA,-0.02,-0.2891,1.0305,1
2026-02-03,424.27,428.56,413.69,421.96,56886500,Tesla,TSLA,0.0004,-0.0315,1.0359,0
2026-02-04,420.46,423.9,399.18,406.01,74606900,Tesla,TSLA,-0.0378,0.3115,1.0619,0
2026-02-05,397.02,402.1,387.53,397.21,72819800,Tesla,TSLA,-0.0217,-0.024,1.0376,1
2026-02-06,400.87,414.55,397.75,411.11,62677100,Tesla,TSLA,0.035,-0.1393,1.0422,1
2026-02-09,409.91,421.25,407.29,417.32,54484300,Tesla,TSLA,0.0151,-0.1307,1.0343,1
2026-02-10,418.08,427.25,417.0,425.21,64450200,Tesla,TSLA,0.0189,0.1829,1.0246,1
2026-02-11,427.96,436.35,420.03,428.27,57362000,Tesla,TSLA,0.0072,-0.11,1.0389,0
2026-02-12,430.3,436.23,414.0,417.07,61933400,Tesla,TSLA,-0.0262,0.0797,1.0537,1
2026-02-13,414.31,424.06,410.88,417.44,51434100,Tesla,TSLA,0.0009,-0.1695,1.0321,0
2026-02-17,412.36,413.72,400.51,410.63,59678800,Tesla,TSLA,-0.0163,0.1603,1.033,1
2026-02-18,411.11,416.9,409.58,411.32,45921400,Tesla,TSLA,0.0017,-0.2305,1.0179,1
2026-02-19,407.25,415.25,404.11,411.71,51019600,Tesla,TSLA,0.0009,0.111,1.0276,1
2026-02-20,408.3,414.7,405.5,411.82,57912200,Tesla,TSLA,0.0003,0.1351,1.0227,0
2026-02-23,407.29,407.7,394.04,399.83,69680000,Tesla,TSLA,-0.0291,0.2032,1.0347,1
2026-02-24,399.5,410.82,397.64,409.38,58579500,Tesla,TSLA,0.0239,-0.1593,1.0331,1
2026-02-25,412.15,420.34,412.15,417.4,54809700,Tesla,TSLA,0.0196,-0.0644,1.0199,0
2026-02-26,414.42,416.81,403.66,408.58,53602500,Tesla,TSLA,-0.0211,-0.022,1.0326,0
2026-02-27,402.94,407.12,398.11,402.51,56890100,Tesla,TSLA,-0.0149,0.0613,1.0226,1
2026-03-02,390.6,404.54,388.25,403.32,55088300,Tesla,TSLA,0.002,-0.0317,1.042,0
2026-03-03,395.09,396.34,385.39,392.43,62617300,Tesla,TSLA,-0.027,0.1367,1.0284,1
2026-03-04,397.85,408.33,394.58,405.94,68305500,Tesla,TSLA,0.0344,0.0908,1.0348,0
2026-03-05,401.57,408.62,399.42,405.55,51925900,Tesla,TSLA,-0.001,-0.2398,1.023,0
2026-03-06,398.09,402.35,394.21,396.73,64054600,Tesla,TSLA,-0.0217,0.2336,1.0206,1
2026-03-09,390.05,401.59,381.4,398.68,67018900,Tesla,TSLA,0.0049,0.0463,1.0529,1
2026-03-10,402.22,406.59,398.19,399.24,59258700,Tesla,TSLA,0.0014,-0.1158,1.0211,1
2026-03-11,402.28,416.38,402.15,407.82,62559900,Tesla,TSLA,0.0215,0.0557,1.0354,0
2026-03-12,405.18,406.5,394.65,395.01,60973800,Tesla,TSLA,-0.0314,-0.0254,1.03,0
2026-03-13,399.17,400.2,389.95,391.2,58504100,Tesla,TSLA,-0.0096,-0.0405,1.0263,1
2026-03-16,396.22,403.73,394.42,395.56,58068300,Tesla,TSLA,0.0111,-0.0074,1.0236,1
2026-03-17,395.69,400.12,393.0,399.27,46890500,Tesla,TSLA,0.0094,-0.1925,1.0181,0
2026-03-18,399.0,403.07,392.31,392.78,50853100,Tesla,TSLA,-0.0163,0.0845,1.0274,0
2026-03-19,387.27,387.27,378.73,380.3,67078300,Tesla,TSLA,-0.0318,0.3191,1.0225,0
2026-03-20,379.85,379.89,364.46,367.96,78628600,Tesla,TSLA,-0.0324,0.1722,1.0423,1
2026-03-23,373.09,385.33,372.73,380.85,74606000,Tesla,TSLA,0.035,-0.0512,1.0338,1
2026-03-24,376.56,387.48,376.31,383.03,60004900,Tesla,TSLA,0.0057,-0.1957,1.0297,1
2026-03-25,389.99,396.23,385.01,385.95,55157300,Tesla,TSLA,0.0076,-0.0808,1.0291,0
2026-03-26,381.6,384.44,371.87,372.11,55522900,Tesla,TSLA,-0.0359,0.0066,1.0338,0
2026-03-27,369.69,369.86,359.47,361.83,62065700,Tesla,TSLA,-0.0276,0.1178,1.0289,0
2026-03-30,365.86,367.29,352.14,355.28,67954400,Tesla,TSLA,-0.0181,0.0949,1.043,1
2026-03-31,361.51,373.33,361.0,371.75,75534900,Tesla,TSLA,0.0464,0.1116,1.0342,1
2026-04-01,378.63,383.14,374.08,381.26,58683800,Tesla,TSLA,0.0256,-0.2231,1.0242,0
2026-04-02,364.2,370.28,359.03,360.59,83031200,Tesla,TSLA,-0.0542,0.4149,1.0313,0
2026-04-06,362.59,367.72,346.64,352.82,77697600,Tesla,TSLA,-0.0215,-0.0642,1.0608,0
2026-04-07,346.44,348.02,337.24,346.65,74515400,Tesla,TSLA,-0.0175,-0.041,1.032,0
2026-04-08,363.79,364.5,339.67,343.25,78838600,Tesla,TSLA,-0.0098,0.058,1.0731,1
2026-04-09,343.15,348.88,337.25,345.62,62164000,Tesla,TSLA,0.0069,-0.2115,1.0345,1
2026-04-10,346.29,350.36,342.74,348.95,51336000,Tesla,TSLA,0.0096,-0.1742,1.0222,1
2026-04-13,350.07,356.35,348.57,352.42,53617500,Tesla,TSLA,0.0099,0.0444,1.0223,1
2026-04-14,357.67,367.63,354.77,364.2,59979600,Tesla,TSLA,0.0334,0.1187,1.0362,1
2026-04-15,366.83,394.65,362.5,391.95,113810400,Tesla,TSLA,0.0762,0.8975,1.0887,0
2026-04-16,393.81,394.06,381.8,388.9,63515100,Tesla,TSLA,-0.0078,-0.4419,1.0321,1
2026-04-17,395.92,409.28,391.65,400.62,90640000,Tesla,TSLA,0.0301,0.4271,1.045,0
2026-04-20,402.58,406.8,388.33,392.5,64603900,Tesla,TSLA,-0.0203,-0.2872,1.0476,0
2026-04-21,393.0,393.95,385.22,386.42,50530600,Tesla,TSLA,-0.0155,-0.2178,1.0227,1
2026-04-22,387.57,393.01,385.3,387.51,62362800,Tesla,TSLA,0.0028,0.2342,1.02,0
2026-04-23,375.28,386.0,368.39,373.72,93969500,Tesla,TSLA,-0.0356,0.5068,1.0478,1
2026-04-24,373.5,382.76,370.73,376.3,62893300,Tesla,TSLA,0.0069,-0.3307,1.0324,1
2026-04-27,372.09,380.78,364.02,378.67,66735800,Tesla,TSLA,0.0063,0.0611,1.046,0
2026-04-28,374.68,382.29,372.54,376.02,50864400,Tesla,TSLA,-0.007,-0.2378,1.0262,0
2026-04-29,375.4,376.4,370.04,372.8,45384800,Tesla,TSLA,-0.0086,-0.1077,1.0172,1
2026-04-30,372.75,384.75,368.17,381.63,51076000,Tesla,TSLA,0.0237,0.1254,1.045,1
2026-05-01,382.49,397.82,378.8,390.82,65338300,Tesla,TSLA,0.0241,0.2792,1.0502,1
2026-05-04,390.23,394.64,384.8,392.51,48765100,Tesla,TSLA,0.0043,-0.2537,1.0256,0
2026-05-05,395.19,402.12,389.0,389.37,47780600,Tesla,TSLA,-0.008,-0.0202,1.0337,1
2026-05-06,386.25,401.68,384.02,398.73,53465400,Tesla,TSLA,0.024,0.119,1.046,1
2026-05-07,407.48,415.83,402.12,411.79,64294200,Tesla,TSLA,0.0328,0.2025,1.0341,1
2026-05-08,416.48,431.2,416.39,428.35,65050000,Tesla,TSLA,0.0402,0.0118,1.0356,1
2026-05-11,422.16,449.16,416.8,445.0,78376100,Tesla,TSLA,0.0389,0.2049,1.0776,0
2026-05-12,441.41,447.8,422.26,433.45,60569300,Tesla,TSLA,-0.026,-0.2272,1.0605,1
2026-05-13,436.67,453.4,430.21,445.27,68283200,Tesla,TSLA,0.0273,0.1274,1.0539,0
2026-05-14,446.49,451.98,441.16,443.3,46070400,Tesla,TSLA,-0.0044,-0.3253,1.0245,0
2026-05-15,433.98,434.66,422.0,422.24,52688700,Tesla,TSLA,-0.0475,0.1437,1.03,0
2026-05-18,419.27,421.13,405.33,409.99,52474200,Tesla,TSLA,-0.029,-0.0041,1.039,0
2026-05-19,403.16,405.63,393.63,404.11,46500600,Tesla,TSLA,-0.0143,-0.1138,1.0305,1
2026-05-20,407.6,417.46,406.39,417.26,45294700,Tesla,TSLA,0.0325,-0.0259,1.0272,1
2026-05-21,422.18,426.95,412.9,417.85,42636900,Tesla,TSLA,0.0014,-0.0587,1.034,1
2026-05-22,422.67,431.51,420.51,426.01,46104700,Tesla,TSLA,0.0195,0.0813,1.0262,1
2026-05-26,430.26,435.2,426.12,433.59,45658900,Tesla,TSLA,0.0178,-0.0097,1.0213,1
2026-05-27,442.89,445.6,435.52,440.36,44656500,Tesla,TSLA,0.0156,-0.022,1.0231,1
2026-05-28,437.62,443.96,436.3,442.1,32435000,Tesla,TSLA,0.004,-0.2737,1.0176,0
2026-05-29,439.85,441.07,428.14,435.79,45176800,Tesla,TSLA,-0.0143,0.3928,1.0302,0
2026-06-01,427.49,429.6,415.43,415.88,44937900,Tesla,TSLA,-0.0457,-0.0053,1.0341,1
2026-06-02,418.22,424.42,413.65,423.74,37596000,Tesla,TSLA,0.0189,-0.1634,1.026,0
2026-06-03,418.7,433.6,416.0,423.7,44500700,Tesla,TSLA,-0.0001,0.1837,1.0423,0
2026-06-04,419.84,426.35,417.16,418.45,35323300,Tesla,TSLA,-0.0124,-0.2062,1.022,0
2026-06-05,420.5,424.68,388.59,391.0,63420200,Tesla,TSLA,-0.0656,0.7954,1.0929,1
2026-06-08,396.33,412.94,394.72,408.95,50328800,Tesla,TSLA,0.0459,-0.2064,1.0462,0
2026-06-09,411.03,418.5,384.24,396.68,59940200,Tesla,TSLA,-0.03,0.191,1.0892,0
2026-06-10,391.54,397.09,380.15,381.59,49695600,Tesla,TSLA,-0.038,-0.1709,1.0446,1
2026-06-11,388.28,399.54,380.66,399.15,45324300,Tesla,TSLA,0.046,-0.088,1.0496,1
2026-06-12,399.49,406.68,386.76,406.43,63514500,Tesla,TSLA,0.0182,0.4013,1.0515,1
2026-06-15,412.37,416.0,407.1,411.15,45620500,Tesla,TSLA,0.0116,-0.2817,1.0219,0
2026-06-16,404.11,412.42,400.54,404.66,40255500,Tesla,TSLA,-0.0158,-0.1176,1.0297,0
2026-06-17,401.53,405.94,393.76,396.38,43534300,Tesla,TSLA,-0.0205,0.0814,1.0309,1
2026-06-18,398.1,402.52,384.7,400.49,58384700,Tesla,TSLA,0.0104,0.3411,1.0463,1
2026-06-22,394.85,414.75,394.4,405.05,47819500,Tesla,TSLA,0.0114,-0.181,1.0516,0
2026-06-23,392.61,392.87,379.06,381.61,50420200,Tesla,TSLA,-0.0579,0.0544,1.0364,0
2026-06-24,380.08,384.58,373.05,375.53,37081400,Tesla,TSLA,-0.0159,-0.2646,1.0309,0
2026-06-25,375.27,379.12,371.22,375.12,30138800,Tesla,TSLA,-0.0011,-0.1872,1.0213,1
2026-06-26,370.15,387.8,368.6,379.71,53434100,Tesla,TSLA,0.0122,0.7729,1.0521,1
2026-06-29,381.79,413.27,379.3,411.84,57645800,Tesla,TSLA,0.0846,0.0788,1.0896,1
2026-06-30,406.0,424.54,406.0,420.6,43385600,Tesla,TSLA,0.0213,-0.2474,1.0457,1
2026-07-01,421.46,432.86,418.09,425.3,40127900,Tesla,TSLA,0.0112,-0.0751,1.0353,0
2026-07-02,428.01,432.35,389.3,393.45,73717700,Tesla,TSLA,-0.0749,0.8371,1.1106,1
2026-07-06,397.5,420.0,390.5,419.77,54727900,Tesla,TSLA,0.0669,-0.2576,1.0755,0
2026-07-07,416.96,419.56,401.88,402.9,38149900,Tesla,TSLA,-0.0402,-0.3029,1.044,0
2026-07-08,399.38,399.63,390.51,394.06,33844900,Tesla,TSLA,-0.0219,-0.1128,1.0234,1
2026-07-09,393.99,407.86,390.86,406.55,37835000,Tesla,TSLA,0.0317,0.1179,1.0435,1
2026-07-10,410.49,413.16,402.81,407.76,33342700,Tesla,TSLA,0.003,-0.1187,1.0257,0
2023-01-04,89.56,89.85,86.5,87.31,34854800,Google,GOOGL,-0.0117,0.239,1.0387,0
2023-01-05,86.7,86.8,85.14,85.44,27194400,Google,GOOGL,-0.0213,-0.2198,1.0194,1
2023-01-06,86.03,86.92,84.11,86.57,41381500,Google,GOOGL,0.0132,0.5217,1.0333,1
2023-01-09,87.58,89.26,87.09,87.25,29003900,Google,GOOGL,0.0078,-0.2991,1.0249,1
2023-01-10,85.22,87.89,85.08,87.64,30467800,Google,GOOGL,0.0045,0.0505,1.0331,1
2023-01-11,88.4,90.79,88.23,90.72,26862000,Google,GOOGL,0.0351,-0.1183,1.0291,0
2023-01-12,90.68,91.06,88.96,90.33,30258100,Google,GOOGL,-0.0043,0.1264,1.0236,1
2023-01-13,90.05,91.38,89.34,91.31,26329200,Google,GOOGL,0.0109,-0.1298,1.0229,0
2023-01-17,91.25,91.44,89.26,90.49,32602400,Google,GOOGL,-0.009,0.2383,1.0244,0
2023-01-18,91.33,91.98,89.84,90.32,29116700,Google,GOOGL,-0.0019,-0.1069,1.0238,1
2023-01-19,89.92,92.79,89.83,92.23,37000400,Google,GOOGL,0.0212,0.2708,1.0329,1
2023-01-20,94.26,97.44,94.18,97.16,63191100,Google,GOOGL,0.0534,0.7078,1.0345,1
2023-01-23,97.09,99.16,96.64,98.91,40005100,Google,GOOGL,0.0181,-0.3669,1.0261,0
2023-01-24,97.24,98.73,96.35,96.84,33078500,Google,GOOGL,-0.0209,-0.1731,1.0248,0
2023-01-25,94.73,95.31,92.94,94.38,42330000,Google,GOOGL,-0.0254,0.2797,1.0256,1
2023-01-26,95.65,96.71,94.54,96.66,30114000,Google,GOOGL,0.0242,-0.2886,1.023,1
2023-01-27,96.45,99.44,96.45,98.5,33879800,Google,GOOGL,0.019,0.1251,1.0309,0
2023-01-30,96.62,97.43,95.55,96.09,27226200,Google,GOOGL,-0.0245,-0.1964,1.0196,1
2023-01-31,96.02,98.01,95.97,97.97,29870700,Google,GOOGL,0.0196,0.0971,1.0213,1
2023-02-01,97.84,100.3,96.72,99.55,35531100,Google,GOOGL,0.0161,0.1895,1.037,1
2023-02-02,104.87,106.9,104.68,106.79,69883800,Google,GOOGL,0.0728,0.9668,1.0212,0
2023-02-03,102.03,106.86,101.68,103.86,65309300,Google,GOOGL,-0.0275,-0.0655,1.051,0
2023-02-06,101.5,103.44,100.98,102.0,31999600,Google,GOOGL,-0.0179,-0.51,1.0243,1
2023-02-07,102.31,107.23,102.21,106.69,49010200,Google,GOOGL,0.0461,0.5316,1.0491,0
2023-02-08,101.15,102.23,97.18,98.5,94743500,Google,GOOGL,-0.0768,0.9331,1.052,0
2023-02-09,99.12,99.15,92.81,94.17,119455000,Google,GOOGL,-0.0439,0.2608,1.0684,0
2023-02-10,94.61,95.9,93.42,93.74,54980700,Google,GOOGL,-0.0046,-0.5397,1.0265,1
2023-02-13,93.91,94.36,93.02,93.78,50076100,Google,GOOGL,0.0004,-0.0892,1.0145,1
2023-02-14,93.6,94.02,91.45,93.85,54726100,Google,GOOGL,0.0007,0.0929,1.0281,1
2023-02-15,93.66,96.27,93.32,96.09,50169000,Google,GOOGL,0.0239,-0.0833,1.0315,0
2023-02-16,94.53,96.82,93.91,94.67,42462600,Google,GOOGL,-0.0148,-0.1536,1.031,0
2023-02-17,94.02,94.72,92.39,93.52,34284100,Google,GOOGL,-0.0121,-0.1926,1.0252,0
2023-02-21,92.18,92.28,90.91,90.98,33629300,Google,GOOGL,-0.0271,-0.0191,1.015,0
2023-02-22,90.89,91.3,89.81,90.84,30884000,Google,GOOGL,-0.0015,-0.0816,1.0166,0
2023-02-23,91.11,91.13,88.97,90.09,41206400,Google,GOOGL,-0.0083,0.3342,1.0243,0
2023-02-24,88.65,89.1,87.8,88.35,36585100,Google,GOOGL,-0.0194,-0.1122,1.0148,1
2023-02-27,89.08,89.37,88.55,89.08,27502300,Google,GOOGL,0.0083,-0.2483,1.0092,1
2023-02-28,88.54,90.43,88.53,89.27,30142000,Google,GOOGL,0.0021,0.096,1.0214,1
2023-03-01,89.19,90.23,88.88,89.57,31111200,Google,GOOGL,0.0033,0.0322,1.0152,1
2023-03-02,88.87,91.47,88.8,91.19,32204400,Google,GOOGL,0.0181,0.0351,1.03,1
2023-03-03,91.67,92.91,91.64,92.83,35160100,Google,GOOGL,0.0179,0.0918,1.0138,1
2023-03-06,93.19,95.13,93.17,94.29,32639300,Google,GOOGL,0.0158,-0.0717,1.021,0
2023-03-07,94.15,94.83,92.71,93.04,27835500,Google,GOOGL,-0.0134,-0.1472,1.0229,1
2023-03-08,93.29,95.12,93.17,93.42,34103300,Google,GOOGL,0.0042,0.2252,1.0209,0
2023-03-09,93.22,94.69,91.09,91.51,28813500,Google,GOOGL,-0.0205,-0.1551,1.0395,0
2023-03-10,91.36,91.97,89.61,89.83,35941000,Google,GOOGL,-0.0183,0.2474,1.0264,1
2023-03-13,89.3,91.76,88.63,90.31,37335600,Google,GOOGL,0.0053,0.0388,1.0352,1
2023-03-14,91.75,93.53,91.63,93.14,36050200,Google,GOOGL,0.0314,-0.0344,1.0208,1
2023-03-15,92.4,96.08,91.83,95.27,50622100,Google,GOOGL,0.0228,0.4042,1.0463,1
2023-03-16,95.35,100.3,94.66,99.44,65492000,Google,GOOGL,0.0438,0.2937,1.0596,1
2023-03-17,99.38,101.94,99.22,100.73,61028500,Google,GOOGL,0.013,-0.0682,1.0274,0
2023-03-20,99.24,100.86,98.99,100.33,32960400,Google,GOOGL,-0.0039,-0.4599,1.0188,1
2023-03-21,100.36,104.18,100.33,104.0,42110300,Google,GOOGL,0.0366,0.2776,1.0383,0
2023-03-22,103.35,105.65,102.42,102.46,43427400,Google,GOOGL,-0.0148,0.0313,1.0315,1
2023-03-23,104.14,105.37,103.54,104.67,40797800,Google,GOOGL,0.0216,-0.0606,1.0176,0
2023-03-24,104.07,104.56,102.93,104.51,30393300,Google,GOOGL,-0.0015,-0.255,1.0159,0
2023-03-27,103.7,103.84,101.03,101.56,31120900,Google,GOOGL,-0.0283,0.0239,1.0278,0
2023-03-28,101.54,101.55,98.86,100.14,32057900,Google,GOOGL,-0.014,0.0301,1.0272,1
2023-03-29,101.38,101.59,99.77,100.5,28779600,Google,GOOGL,0.0036,-0.1023,1.0183,0
2023-03-30,100.02,100.27,98.9,100.0,33086200,Google,GOOGL,-0.0049,0.1496,1.0138,1
2023-03-31,100.41,102.98,100.15,102.82,36863400,Google,GOOGL,0.0281,0.1142,1.0282,1
2023-04-03,101.49,103.61,101.03,103.44,25035400,Google,GOOGL,0.0061,-0.3209,1.0255,1
2023-04-04,103.41,104.65,103.13,103.8,24420100,Google,GOOGL,0.0034,-0.0246,1.0148,0
2023-04-05,104.85,105.17,102.75,103.55,28290500,Google,GOOGL,-0.0024,0.1585,1.0235,1
2023-04-06,104.33,108.21,103.41,107.47,48711500,Google,GOOGL,0.0378,0.7218,1.0464,0
2023-04-10,106.04,106.64,104.2,105.5,27067400,Google,GOOGL,-0.0183,-0.4443,1.0235,0
2023-04-11,105.61,105.79,103.76,104.42,26311800,Google,GOOGL,-0.0102,-0.0279,1.0196,0
2023-04-12,105.64,105.81,103.42,103.72,24370300,Google,GOOGL,-0.0067,-0.0738,1.0231,1
2023-04-13,104.91,106.55,104.91,106.49,24843600,Google,GOOGL,0.0267,0.0194,1.0156,1
2023-04-14,105.95,107.98,105.9,107.91,26578000,Google,GOOGL,0.0134,0.0698,1.0197,0
2023-04-17,103.74,105.23,103.6,105.04,37571200,Google,GOOGL,-0.0266,0.4136,1.0157,0
2023-04-18,105.55,105.6,103.16,103.58,26596400,Google,GOOGL,-0.0139,-0.2921,1.0237,0
2023-04-19,102.67,104.06,102.16,103.26,20905700,Google,GOOGL,-0.0031,-0.214,1.0185,1
2023-04-20,103.0,105.32,102.96,104.36,27820800,Google,GOOGL,0.0107,0.3308,1.0229,1
2023-04-21,104.54,105.07,103.86,104.48,25800100,Google,GOOGL,0.0011,-0.0726,1.0116,1
2023-04-24,104.56,105.69,103.78,105.04,23542800,Google,GOOGL,0.0053,-0.0875,1.0184,0
2023-04-25,104.9,105.75,102.93,102.94,46664100,Google,GOOGL,-0.02,0.9821,1.0274,0
2023-04-26,104.0,105.42,101.73,102.8,53347600,Google,GOOGL,-0.0013,0.1432,1.0362,1
2023-04-27,103.53,107.42,102.63,106.64,50089200,Google,GOOGL,0.0374,-0.0611,1.0466,0
2023-04-28,106.1,106.41,104.17,106.4,36139800,Google,GOOGL,-0.0023,-0.2785,1.0215,0
2023-05-01,105.9,107.04,105.88,106.26,26681700,Google,GOOGL,-0.0013,-0.2617,1.011,0
2023-05-02,106.2,106.26,102.8,104.39,30997200,Google,GOOGL,-0.0175,0.1617,1.0337,1
2023-05-03,104.6,106.55,104.04,104.48,21795400,Google,GOOGL,0.0009,-0.2969,1.0241,0
2023-05-04,104.56,104.67,103.06,103.77,23419500,Google,GOOGL,-0.0068,0.0745,1.0157,1
2023-05-05,103.9,104.95,103.19,104.64,26639300,Google,GOOGL,0.0084,0.1375,1.017,1
2023-05-08,104.26,107.01,104.24,106.82,26511400,Google,GOOGL,0.0208,-0.0048,1.0266,0
2023-05-09,107.44,109.18,106.25,106.41,36360100,Google,GOOGL,-0.0039,0.3715,1.0276,1
2023-05-10,107.02,111.95,106.98,110.77,63153400,Google,GOOGL,0.041,0.7369,1.0464,1
2023-05-11,114.39,116.88,113.4,115.55,78900000,Google,GOOGL,0.0431,0.2493,1.0307,1
2023-05-12,115.65,116.99,115.09,116.48,41102300,Google,GOOGL,0.0081,-0.4791,1.0165,0
2023-05-15,115.09,117.44,114.99,115.49,36266800,Google,GOOGL,-0.0085,-0.1176,1.0213,1
2023-05-16,115.47,119.69,115.41,118.46,45035600,Google,GOOGL,0.0257,0.2418,1.0371,1
2023-05-17,118.56,120.6,117.85,119.78,33323600,Google,GOOGL,0.0111,-0.2601,1.0234,1
2023-05-18,119.89,122.23,119.77,121.75,35234200,Google,GOOGL,0.0165,0.0573,1.0205,0
2023-05-19,122.46,124.86,121.08,121.68,41353400,Google,GOOGL,-0.0006,0.1737,1.0313,1
2023-05-22,121.86,125.32,121.66,123.95,35253000,Google,GOOGL,0.0187,-0.1475,1.0301,0
2023-05-23,123.07,123.53,121.14,121.48,34046300,Google,GOOGL,-0.0199,-0.0342,1.0198,0
2023-05-24,120.06,120.84,118.81,119.84,34182600,Google,GOOGL,-0.0135,0.004,1.0171,1
2023-05-25,123.43,124.22,120.89,122.39,42317000,Google,GOOGL,0.0213,0.238,1.0276,1
2023-05-26,122.09,124.16,121.37,123.51,35635900,Google,GOOGL,0.0092,-0.1579,1.0229,0
2023-05-30,124.54,124.56,120.93,122.58,35076700,Google,GOOGL,-0.0075,-0.0157,1.03,0
2023-05-31,121.67,122.97,121.42,121.79,37325800,Google,GOOGL,-0.0065,0.0641,1.0127,1
2023-06-01,121.74,123.33,121.54,122.63,30772700,Google,GOOGL,0.0069,-0.1756,1.0147,1
2023-06-02,122.9,125.04,122.67,123.57,26980100,Google,GOOGL,0.0077,-0.1232,1.0193,1
2023-06-05,122.92,126.31,122.75,124.9,32305500,Google,GOOGL,0.0107,0.1974,1.029,1
2023-06-06,124.9,127.16,124.26,126.19,26638300,Google,GOOGL,0.0103,-0.1754,1.0234,0
2023-06-07,125.85,127.91,121.05,121.42,52539000,Google,GOOGL,-0.0378,0.9723,1.0567,0
2023-06-08,121.16,122.15,120.17,121.07,29389200,Google,GOOGL,-0.0029,-0.4406,1.0164,1
2023-06-09,121.18,122.67,120.84,121.16,23778300,Google,GOOGL,0.0007,-0.1909,1.0152,1
2023-06-12,121.71,122.96,120.59,122.55,28306400,Google,GOOGL,0.0115,0.1904,1.0196,1
2023-06-13,123.88,124.06,122.1,122.74,22278300,Google,GOOGL,0.0015,-0.213,1.0161,0
2023-06-14,122.02,122.96,120.38,122.58,30592300,Google,GOOGL,-0.0013,0.3732,1.0214,1
2023-06-15,122.06,124.36,121.32,123.99,35246300,Google,GOOGL,0.0115,0.1521,1.025,0
2023-06-16,124.82,125.0,122.2,122.44,45535600,Google,GOOGL,-0.0125,0.2919,1.023,0
2023-06-20,121.85,123.48,121.07,122.02,26097500,Google,GOOGL,-0.0035,-0.4269,1.0199,0
2023-06-21,121.32,121.58,119.04,119.49,30306300,Google,GOOGL,-0.0207,0.1613,1.0213,1
2023-06-22,118.95,122.16,117.79,122.07,26952200,Google,GOOGL,0.0216,-0.1107,1.0371,0
2023-06-23,120.31,121.71,120.0,121.26,34913600,Google,GOOGL,-0.0066,0.2954,1.0143,0
2023-06-26,119.7,120.93,117.23,117.3,33969900,Google,GOOGL,-0.0327,-0.027,1.0315,0
2023-06-27,116.05,118.03,115.08,117.29,39535900,Google,GOOGL,-0.0001,0.1639,1.0257,1
2023-06-28,116.06,119.33,115.82,119.12,27091400,Google,GOOGL,0.0156,-0.3148,1.0303,0
2023-06-29,118.19,119.0,117.26,118.05,24090900,Google,GOOGL,-0.009,-0.1108,1.0149,1
2023-06-30,119.11,120.02,118.64,118.65,29532200,Google,GOOGL,0.005,0.2259,1.0116,1
2023-07-03,118.19,119.13,117.78,118.85,14467900,Google,GOOGL,0.0017,-0.5101,1.0115,1
2023-07-05,118.19,121.53,118.18,120.68,27584800,Google,GOOGL,0.0154,0.9066,1.0283,0
2023-07-06,118.75,119.24,117.36,119.05,24745200,Google,GOOGL,-0.0135,-0.1029,1.016,0
2023-07-07,119.04,119.99,118.35,118.43,21709500,Google,GOOGL,-0.0052,-0.1227,1.0138,0
2023-07-10,117.26,117.27,115.12,115.43,35315200,Google,GOOGL,-0.0254,0.6267,1.0187,1
2023-07-11,115.27,116.68,114.34,116.11,23078800,Google,GOOGL,0.0059,-0.3465,1.0205,1
2023-07-12,117.76,119.27,117.37,117.88,30404400,Google,GOOGL,0.0153,0.3174,1.0162,1
2023-07-13,119.87,123.73,119.39,123.45,44297900,Google,GOOGL,0.0472,0.457,1.0364,1
2023-07-14,123.7,125.67,122.4,124.32,33283100,Google,GOOGL,0.0071,-0.2487,1.0266,0
2023-07-17,124.83,125.98,123.11,123.55,25716200,Google,GOOGL,-0.0061,-0.2273,1.0233,0
2023-07-18,123.5,123.58,121.88,122.67,26193600,Google,GOOGL,-0.0071,0.0186,1.014,0
2023-07-19,123.5,124.08,120.73,120.96,37224000,Google,GOOGL,-0.014,0.4211,1.0278,0
2023-07-20,120.35,123.0,117.18,118.15,37906800,Google,GOOGL,-0.0232,0.0183,1.0497,1
2023-07-21,119.56,119.93,117.69,118.97,72937900,Google,GOOGL,0.0069,0.9241,1.019,1
2023-07-24,120.59,121.92,119.92,120.46,29686100,Google,GOOGL,0.0126,-0.593,1.0167,1
2023-07-25,120.29,122.07,119.96,121.14,52509600,Google,GOOGL,0.0056,0.7688,1.0176,1
2023-07-26,128.93,129.83,127.19,128.13,61682100,Google,GOOGL,0.0578,0.1747,1.0207,1
2023-07-27,130.51,132.07,127.66,128.26,44952100,Google,GOOGL,0.001,-0.2712,1.0346,1
2023-07-28,129.63,132.56,129.42,131.41,36591200,Google,GOOGL,0.0246,-0.186,1.0243,1
2023-07-31,131.56,132.36,130.62,131.55,28055500,Google,GOOGL,0.0011,-0.2333,1.0133,0
2023-08-01,129.63,131.46,129.53,130.39,23166800,Google,GOOGL,-0.0088,-0.1743,1.0149,0
2023-08-02,128.31,128.95,126.44,127.25,26273300,Google,GOOGL,-0.0241,0.1341,1.0198,1
2023-08-03,126.85,128.25,126.3,127.32,20089500,Google,GOOGL,0.0005,-0.2354,1.0155,0
2023-08-04,128.14,130.35,126.79,126.98,26147200,Google,GOOGL,-0.0026,0.3015,1.0281,1
2023-08-07,128.02,130.45,127.89,130.37,22746300,Google,GOOGL,0.0267,-0.1301,1.0201,0
2023-08-08,129.47,130.35,128.4,130.25,23535200,Google,GOOGL,-0.001,0.0347,1.0152,0
2023-08-09,130.5,130.88,127.87,128.52,24912900,Google,GOOGL,-0.0132,0.0585,1.0236,1
2023-08-10,130.17,130.89,128.31,128.55,20857800,Google,GOOGL,0.0002,-0.1628,1.0201,0
2023-08-11,127.53,128.79,127.04,128.42,19591100,Google,GOOGL,-0.001,-0.0607,1.0137,1
2023-08-14,128.25,130.22,127.83,130.18,24695600,Google,GOOGL,0.0137,0.2606,1.0187,0
2023-08-15,129.95,130.26,128.14,128.64,19770700,Google,GOOGL,-0.0118,-0.1994,1.0166,0
2023-08-16,127.57,129.13,126.75,127.57,25216100,Google,GOOGL,-0.0083,0.2754,1.0188,1
2023-08-17,128.66,130.83,128.15,128.78,33446300,Google,GOOGL,0.0095,0.3264,1.0209,0
2023-08-18,127.38,128.11,125.27,126.34,30504800,Google,GOOGL,-0.0189,-0.0879,1.0227,1
2023-08-21,126.06,127.6,125.45,127.24,25248700,Google,GOOGL,0.0071,-0.1723,1.0171,1
2023-08-22,127.38,129.13,127.19,127.95,22054900,Google,GOOGL,0.0055,-0.1265,1.0153,1
2023-08-23,129.04,132.24,128.73,131.21,27819700,Google,GOOGL,0.0255,0.2614,1.0273,0
2023-08-24,132.77,133.07,128.43,128.64,28500700,Google,GOOGL,-0.0196,0.0245,1.0361,1
2023-08-25,128.4,129.61,126.13,128.74,26762900,Google,GOOGL,0.0008,-0.061,1.0276,1
2023-08-28,130.16,131.38,129.0,129.86,20543300,Google,GOOGL,0.0087,-0.2324,1.0184,1
2023-08-29,131.08,135.37,131.08,133.39,43075600,Google,GOOGL,0.0272,1.0968,1.0327,1
2023-08-30,133.6,135.08,132.89,134.69,28315800,Google,GOOGL,0.0097,-0.3426,1.0165,1
2023-08-31,134.81,136.79,134.6,134.97,30053800,Google,GOOGL,0.0021,0.0614,1.0163,0
2023-09-01,136.25,136.25,133.66,134.47,21543700,Google,GOOGL,-0.0037,-0.2832,1.0194,1
2023-09-05,134.25,135.22,133.4,134.58,19403100,Google,GOOGL,0.0008,-0.0994,1.0137,0
2023-09-06,134.82,135.33,132.5,133.28,18684500,Google,GOOGL,-0.0096,-0.037,1.0214,1
2023-09-07,132.42,134.39,131.78,134.07,18844300,Google,GOOGL,0.0059,0.0086,1.0198,1
2023-09-08,133.72,135.46,133.66,135.18,23558300,Google,GOOGL,0.0083,0.2502,1.0134,1
2023-09-11,135.34,136.27,134.6,135.72,20763400,Google,GOOGL,0.004,-0.1186,1.0124,0
2023-09-12,135.06,135.67,134.0,134.15,18405500,Google,GOOGL,-0.0115,-0.1136,1.0124,1
2023-09-13,133.9,135.7,132.97,135.51,20749500,Google,GOOGL,0.0101,0.1274,1.0205,1
2023-09-14,136.39,137.48,135.04,136.89,24751000,Google,GOOGL,0.0102,0.1928,1.0181,0
2023-09-15,136.77,137.3,135.28,136.19,38919600,Google,GOOGL,-0.0051,0.5724,1.0149,1
2023-09-18,135.41,137.94,135.41,137.0,21861300,Google,GOOGL,0.0059,-0.4383,1.0187,0
2023-09-19,136.21,137.19,135.42,136.83,20353700,Google,GOOGL,-0.0012,-0.069,1.0131,0
2023-09-20,136.87,136.87,132.45,132.56,29927500,Google,GOOGL,-0.0312,0.4704,1.0334,0
2023-09-21,130.28,131.07,128.93,129.29,31503900,Google,GOOGL,-0.0247,0.0527,1.0166,0
2023-09-22,129.61,130.87,128.46,129.11,26397300,Google,GOOGL,-0.0015,-0.1621,1.0187,1
2023-09-25,128.69,130.02,127.83,129.96,20094600,Google,GOOGL,0.0066,-0.2388,1.0171,0
2023-09-26,128.63,129.21,126.1,127.44,25718700,Google,GOOGL,-0.0194,0.2799,1.0247,1
2023-09-27,127.44,129.75,127.44,129.39,22746500,Google,GOOGL,0.0153,-0.1156,1.0181,1
2023-09-28,128.7,132.13,128.65,131.15,22513100,Google,GOOGL,0.0136,-0.0103,1.027,0
2023-09-29,132.11,132.87,129.21,129.71,30859800,Google,GOOGL,-0.011,0.3707,1.0283,1
2023-10-02,130.06,133.24,130.02,132.99,22288000,Google,GOOGL,0.0253,-0.2778,1.0248,0
2023-10-03,132.76,133.08,130.68,131.27,22989400,Google,GOOGL,-0.013,0.0315,1.0184,1
2023-10-04,131.62,134.38,131.37,134.05,26752300,Google,GOOGL,0.0212,0.1637,1.0229,0
2023-10-05,133.88,134.3,132.28,133.88,19832600,Google,GOOGL,-0.0013,-0.2587,1.0153,1
2023-10-06,132.83,136.95,132.83,136.37,27597600,Google,GOOGL,0.0186,0.3915,1.031,1
2023-10-09,135.74,137.72,134.42,137.2,19278100,Google,GOOGL,0.0061,-0.3015,1.0246,0
2023-10-10,137.28,138.49,136.12,136.85,27786600,Google,GOOGL,-0.0026,0.4414,1.0174,1
2023-10-11,137.36,139.87,137.36,139.31,25884300,Google,GOOGL,0.018,-0.0685,1.0183,0
2023-10-12,139.81,139.98,137.04,137.75,24765500,Google,GOOGL,-0.0112,-0.0432,1.0214,0
2023-10-13,138.15,138.77,135.42,136.15,23420500,Google,GOOGL,-0.0116,-0.0543,1.0247,1
2023-10-16,136.96,138.4,136.78,137.88,28501900,Google,GOOGL,0.0127,0.217,1.0119,1
2023-10-17,137.41,138.67,135.97,138.49,23515800,Google,GOOGL,0.0045,-0.1749,1.0198,0
2023-10-18,138.22,139.48,136.17,136.75,23375000,Google,GOOGL,-0.0126,-0.006,1.0243,0
2023-10-19,137.28,138.43,136.17,136.54,26066000,Google,GOOGL,-0.0015,0.1151,1.0166,0
2023-10-20,136.12,136.66,133.89,134.41,26335700,Google,GOOGL,-0.0156,0.0103,1.0207,1
2023-10-23,133.85,136.45,132.77,135.3,26317900,Google,GOOGL,0.0066,-0.0007,1.0277,1
2023-10-24,136.62,138.14,136.21,137.59,44814300,Google,GOOGL,0.0169,0.7028,1.0141,0
2023-10-25,127.03,127.18,123.97,124.51,84366200,Google,GOOGL,-0.0951,0.8826,1.0259,0
2023-10-26,122.19,123.24,120.2,121.21,57061100,Google,GOOGL,-0.0265,-0.3236,1.0252,0
2023-10-27,121.8,122.23,119.15,121.1,44566500,Google,GOOGL,-0.0009,-0.219,1.0258,1
2023-10-30,122.13,124.3,121.67,123.37,28940100,Google,GOOGL,0.0187,-0.3506,1.0216,0
2023-10-31,123.96,124.27,121.61,122.99,26292300,Google,GOOGL,-0.0031,-0.0915,1.0218,1
2023-11-01,122.98,125.38,122.63,125.34,30082400,Google,GOOGL,0.0191,0.1442,1.0224,1
2023-11-02,127.29,127.85,125.81,126.37,27124600,Google,GOOGL,0.0082,-0.0983,1.0162,1
2023-11-03,126.89,128.39,126.74,127.97,26393100,Google,GOOGL,0.0126,-0.027,1.0131,1
2023-11-06,127.92,129.19,127.54,129.11,19052700,Google,GOOGL,0.0089,-0.2781,1.013,1
2023-11-07,129.56,130.75,128.74,129.82,29757300,Google,GOOGL,0.0055,0.5618,1.0156,1
2023-11-08,129.82,131.05,129.63,130.68,26425800,Google,GOOGL,0.0066,-0.112,1.0109,0
2023-11-09,130.8,131.38,128.93,129.1,23747800,Google,GOOGL,-0.0121,-0.1013,1.0191,1
2023-11-10,128.96,131.63,128.27,131.42,26913300,Google,GOOGL,0.018,0.1333,1.0262,0
2023-11-13,130.62,131.42,130.1,130.93,18324800,Google,GOOGL,-0.0038,-0.3191,1.0102,1
2023-11-14,133.01,134.51,132.15,132.45,32395200,Google,GOOGL,0.0116,0.7678,1.0179,1
2023-11-15,133.68,133.84,132.4,133.44,23861500,Google,GOOGL,0.0075,-0.2634,1.0109,1
2023-11-16,134.0,136.01,133.14,135.73,28013200,Google,GOOGL,0.0172,0.174,1.0216,0
2023-11-17,134.8,134.86,132.48,134.12,37240600,Google,GOOGL,-0.0118,0.3294,1.018,1
2023-11-20,132.51,135.46,132.45,135.05,27815500,Google,GOOGL,0.0069,-0.2531,1.0228,1
2023-11-21,135.09,135.97,134.77,135.77,22635300,Google,GOOGL,0.0053,-0.1862,1.009,1
2023-11-22,136.26,138.19,136.26,137.27,17813900,Google,GOOGL,0.0111,-0.213,1.0142,0
2023-11-24,136.82,136.92,134.79,135.49,12514300,Google,GOOGL,-0.013,-0.2975,1.0157,0
2023-11-27,134.83,137.2,134.8,135.21,23436500,Google,GOOGL,-0.002,0.8728,1.0178,1
2023-11-28,134.88,136.04,134.23,135.99,18730000,Google,GOOGL,0.0058,-0.2008,1.0135,0
2023-11-29,136.36,137.07,133.65,133.8,23967200,Google,GOOGL,-0.0161,0.2796,1.0256,0
2023-11-30,133.86,134.36,130.13,131.37,38988300,Google,GOOGL,-0.0182,0.6267,1.0325,0
2023-12-01,130.7,130.95,129.52,130.7,31442300,Google,GOOGL,-0.0051,-0.1935,1.011,0
2023-12-04,128.74,128.89,126.78,128.13,36669900,Google,GOOGL,-0.0196,0.1663,1.0167,1
2023-12-05,127.82,130.98,127.12,129.84,27384800,Google,GOOGL,0.0133,-0.2532,1.0303,0
2023-12-06,130.28,130.68,128.74,128.88,23576200,Google,GOOGL,-0.0074,-0.1391,1.0151,1
2023-12-07,133.85,137.34,133.52,135.73,56767100,Google,GOOGL,0.0531,1.4078,1.0287,0
2023-12-08,133.02,135.2,132.85,133.8,32260100,Google,GOOGL,-0.0142,-0.4317,1.0177,0
2023-12-11,131.22,132.17,130.21,132.12,31138000,Google,GOOGL,-0.0126,-0.0348,1.0151,0
2023-12-12,130.65,131.83,130.11,131.36,29032800,Google,GOOGL,-0.0058,-0.0676,1.0133,1
2023-12-13,132.21,132.33,130.41,131.4,30104800,Google,GOOGL,0.0004,0.0369,1.0147,0
2023-12-14,132.21,132.54,128.55,130.78,38722400,Google,GOOGL,-0.0048,0.2863,1.0311,1
2023-12-15,130.46,132.34,130.03,131.43,50847100,Google,GOOGL,0.005,0.3131,1.0178,1
2023-12-18,131.46,135.94,131.27,134.61,32258000,Google,GOOGL,0.0241,-0.3656,1.0356,1
2023-12-19,135.64,136.26,134.88,135.45,25476800,Google,GOOGL,0.0063,-0.2102,1.0102,1
2023-12-20,137.75,140.45,136.86,137.12,49107200,Google,GOOGL,0.0124,0.9275,1.0263,1
2023-12-21,138.26,139.45,137.96,139.19,27488300,Google,GOOGL,0.015,-0.4402,1.0108,1
2023-12-22,139.53,140.74,139.47,140.25,26532200,Google,GOOGL,0.0076,-0.0348,1.0091,1
2023-12-26,140.35,141.43,139.95,140.28,16780300,Google,GOOGL,0.0002,-0.3675,1.0106,0
2023-12-27,140.35,140.83,138.66,139.14,19628600,Google,GOOGL,-0.0081,0.1697,1.0157,0
2023-12-28,139.54,139.9,138.52,139.0,16045700,Google,GOOGL,-0.001,-0.1825,1.0099,0
2023-12-29,138.4,139.13,137.56,138.46,18733000,Google,GOOGL,-0.0039,0.1675,1.0114,0
2024-01-02,137.33,138.22,135.28,136.96,23711200,Google,GOOGL,-0.0109,0.2657,1.0218,1
2024-01-03,136.04,138.4,135.88,137.7,24212100,Google,GOOGL,0.0054,0.0211,1.0186,0
2024-01-04,137.2,137.94,135.15,135.19,27137700,Google,GOOGL,-0.0182,0.1208,1.0206,0
2024-01-05,135.55,135.95,133.96,134.54,22513900,Google,GOOGL,-0.0048,-0.1704,1.0149,1
2024-01-08,135.09,137.79,135.06,137.62,21404000,Google,GOOGL,0.0229,-0.0493,1.0202,1
2024-01-09,137.28,140.25,136.94,139.71,24759600,Google,GOOGL,0.0152,0.1568,1.0242,1
2024-01-10,139.76,141.74,139.67,141.03,21320200,Google,GOOGL,0.0094,-0.1389,1.0148,0
2024-01-11,142.23,143.94,139.4,140.83,24008700,Google,GOOGL,-0.0014,0.1261,1.0326,1
2024-01-12,141.42,141.94,140.57,141.4,18785500,Google,GOOGL,0.004,-0.2176,1.0097,0
2024-01-16,140.75,143.08,140.21,141.24,22670500,Google,GOOGL,-0.0011,0.2068,1.0205,0
2024-01-17,140.11,140.59,137.68,140.23,20968600,Google,GOOGL,-0.0072,-0.0751,1.0212,1
2024-01-18,140.8,142.94,140.74,142.22,25746400,Google,GOOGL,0.0142,0.2279,1.0156,1
2024-01-19,143.47,145.16,143.11,145.09,34271900,Google,GOOGL,0.0202,0.3311,1.0143,0
2024-01-22,145.81,147.09,144.56,144.71,32200400,Google,GOOGL,-0.0027,-0.0604,1.0175,1
2024-01-23,144.61,145.89,144.22,145.75,21636100,Google,GOOGL,0.0072,-0.3281,1.0115,1
2024-01-24,147.23,148.53,146.8,147.39,25233500,Google,GOOGL,0.0113,0.1663,1.0118,1
2024-01-25,148.75,151.7,148.23,150.54,29149100,Google,GOOGL,0.0213,0.1552,1.0235,1
2024-01-26,149.77,151.2,149.68,150.85,26115500,Google,GOOGL,0.0021,-0.1041,1.0101,1
2024-01-29,150.72,152.43,150.1,152.16,27784300,Google,GOOGL,0.0087,0.0639,1.0155,0
2024-01-30,151.46,152.27,149.86,150.13,36331800,Google,GOOGL,-0.0134,0.3076,1.0161,0
2024-01-31,142.36,142.73,138.64,138.87,71910000,Google,GOOGL,-0.075,0.9793,1.0295,1
2024-02-01,140.87,141.8,139.55,139.92,40466500,Google,GOOGL,0.0076,-0.4373,1.0161,1
2024-02-02,138.04,141.37,135.3,141.13,62499600,Google,GOOGL,0.0086,0.5445,1.0448,1
2024-02-05,141.56,144.19,141.53,142.42,38505400,Google,GOOGL,0.0091,-0.3839,1.0188,1
2024-02-06,143.38,144.08,141.93,142.83,29128200,Google,GOOGL,0.0029,-0.2435,1.0152,1
2024-02-07,143.49,144.34,142.66,144.26,25208900,Google,GOOGL,0.01,-0.1346,1.0117,1
2024-02-08,144.55,145.04,143.82,144.63,22563800,Google,GOOGL,0.0025,-0.1049,1.0085,1
2024-02-09,145.39,148.13,144.9,147.69,26829500,Google,GOOGL,0.0212,0.1891,1.0223,0
2024-02-12,147.12,148.03,146.07,146.23,21564100,Google,GOOGL,-0.0099,-0.1963,1.0134,0
2024-02-13,143.65,145.38,142.43,143.86,27837700,Google,GOOGL,-0.0162,0.2909,1.0207,1
2024-02-14,144.8,145.23,142.82,144.66,22704200,Google,GOOGL,0.0055,-0.1844,1.0169,0
2024-02-15,141.88,142.26,139.23,141.52,37590700,Google,GOOGL,-0.0217,0.6557,1.0218,0
2024-02-16,141.73,141.93,138.91,139.28,31468900,Google,GOOGL,-0.0158,-0.1629,1.0218,1
2024-02-20,138.43,140.83,138.26,139.88,25144700,Google,GOOGL,0.0043,-0.201,1.0186,1
2024-02-21,140.21,141.44,139.44,141.3,23223300,Google,GOOGL,0.0101,-0.0764,1.0143,1
2024-02-22,143.66,143.73,141.54,142.82,27191900,Google,GOOGL,0.0108,0.1709,1.0154,0
2024-02-23,142.41,143.41,142.17,142.69,19493800,Google,GOOGL,-0.0009,-0.2831,1.0087,0
2024-02-26,140.89,141.19,136.18,136.36,53641800,Google,GOOGL,-0.0444,1.7517,1.0368,1
2024-02-27,136.81,138.03,135.89,137.66,33099200,Google,GOOGL,0.0095,-0.383,1.0158,0
2024-02-28,136.69,136.8,134.22,135.18,37328600,Google,GOOGL,-0.018,0.1278,1.0192,1
2024-02-29,136.07,137.64,135.2,137.24,42133000,Google,GOOGL,0.0153,0.1287,1.018,0
2024-03-01,137.21,137.65,135.72,135.93,31151100,Google,GOOGL,-0.0095,-0.2606,1.0142,0
2024-03-04,134.47,134.47,130.75,132.18,55999400,Google,GOOGL,-0.0276,0.7977,1.0284,0
2024-03-05,130.72,132.07,129.52,131.5,40194800,Google,GOOGL,-0.0051,-0.2822,1.0197,0
2024-03-06,131.95,132.41,129.7,130.25,35318600,Google,GOOGL,-0.0096,-0.1213,1.0209,1
2024-03-07,131.62,133.75,130.45,133.2,37738200,Google,GOOGL,0.0227,0.0685,1.0253,1
2024-03-08,133.03,136.88,132.82,134.22,39370400,Google,GOOGL,0.0077,0.0433,1.0305,1
2024-03-11,134.93,137.88,134.93,136.46,32437800,Google,GOOGL,0.0167,-0.1761,1.0218,1
2024-03-12,135.83,138.15,135.83,137.28,27563400,Google,GOOGL,0.006,-0.1503,1.0171,1
2024-03-13,137.78,139.85,137.77,138.56,23347200,Google,GOOGL,0.0093,-0.153,1.0151,1
2024-03-14,139.95,142.33,139.23,141.84,42753400,Google,GOOGL,0.0237,0.8312,1.0223,0
2024-03-15,141.25,141.92,138.8,139.94,49475400,Google,GOOGL,-0.0134,0.1572,1.0225,1
2024-03-18,147.3,150.81,145.88,146.38,69273700,Google,GOOGL,0.046,0.4002,1.0338,0
2024-03-19,146.86,147.48,144.8,145.74,24070400,Google,GOOGL,-0.0044,-0.6525,1.0186,1
2024-03-20,146.7,147.55,145.45,147.43,21311500,Google,GOOGL,0.0116,-0.1146,1.0144,0
2024-03-21,148.16,149.05,145.61,146.3,24755600,Google,GOOGL,-0.0077,0.1616,1.0236,1
2024-03-22,147.81,150.25,147.67,149.44,29211800,Google,GOOGL,0.0215,0.18,1.0175,0
2024-03-25,148.62,149.06,146.52,148.75,19229300,Google,GOOGL,-0.0046,-0.3417,1.0173,1
2024-03-26,148.9,150.92,148.66,149.35,22149100,Google,GOOGL,0.004,0.1518,1.0152,1
2024-03-27,149.85,150.31,147.59,149.54,22879200,Google,GOOGL,0.0013,0.033,1.0184,1
2024-03-28,149.52,150.1,148.85,149.6,24485400,Google,GOOGL,0.0004,0.0702,1.0084,1
2024-04-01,149.37,154.37,149.29,154.12,31730800,Google,GOOGL,0.0302,0.2959,1.0341,0
2024-04-02,152.15,153.34,150.81,153.2,24586000,Google,GOOGL,-0.006,-0.2252,1.0168,1
2024-04-03,152.25,153.72,151.39,153.56,24705000,Google,GOOGL,0.0023,0.0048,1.0154,0
2024-04-04,152.15,153.41,149.13,149.21,34724700,Google,GOOGL,-0.0283,0.4056,1.0287,1
2024-04-05,148.71,152.07,148.29,151.16,23459200,Google,GOOGL,0.0131,-0.3244,1.0255,1
2024-04-08,151.44,153.91,151.27,153.49,20702000,Google,GOOGL,0.0154,-0.1175,1.0174,1
2024-04-09,154.72,157.17,153.83,155.22,31079500,Google,GOOGL,0.0113,0.5013,1.0217,0
2024-04-10,154.84,155.23,153.32,154.77,22838600,Google,GOOGL,-0.0029,-0.2652,1.0125,1
2024-04-11,155.53,158.28,155.08,158.01,27166400,Google,GOOGL,0.0209,0.1895,1.0206,0
2024-04-12,156.57,158.81,155.76,156.34,25353700,Google,GOOGL,-0.0105,-0.0667,1.0196,0
2024-04-15,157.46,157.84,153.23,153.5,27136500,Google,GOOGL,-0.0182,0.0703,1.0301,0
2024-04-16,152.83,154.28,152.08,153.04,20779500,Google,GOOGL,-0.003,-0.2343,1.0145,1
2024-04-17,154.25,155.7,153.22,154.1,21763100,Google,GOOGL,0.0069,0.0473,1.0162,1
2024-04-18,153.97,155.56,153.26,154.64,19883000,Google,GOOGL,0.0035,-0.0864,1.015,0
2024-04-19,154.83,154.99,150.96,152.74,32615600,Google,GOOGL,-0.0123,0.6404,1.0267,1
2024-04-22,152.95,156.25,152.71,154.91,26446200,Google,GOOGL,0.0142,-0.1892,1.0232,1
2024-04-23,155.58,157.57,154.91,156.87,21151600,Google,GOOGL,0.0127,-0.2002,1.0172,1
2024-04-24,156.11,158.17,155.79,157.73,22779100,Google,GOOGL,0.0055,0.0769,1.0153,0
2024-04-25,150.0,155.11,149.54,154.63,57109700,Google,GOOGL,-0.0197,1.5071,1.0373,1
2024-04-26,172.84,173.17,168.16,170.44,64665300,Google,GOOGL,0.1022,0.1323,1.0298,0
2024-04-29,167.57,168.06,163.76,164.69,45610000,Google,GOOGL,-0.0337,-0.2947,1.0263,0
2024-04-30,164.15,166.62,161.17,161.35,33562900,Google,GOOGL,-0.0203,-0.2641,1.0338,1
2024-05-01,162.86,165.65,161.66,162.42,33493200,Google,GOOGL,0.0066,-0.0021,1.0247,1
2024-05-02,163.34,165.26,162.45,165.16,24294500,Google,GOOGL,0.0168,-0.2746,1.0173,1
2024-05-03,166.09,166.48,161.62,165.77,34662400,Google,GOOGL,0.0037,0.4268,1.0301,1
2024-05-06,165.99,166.66,164.57,166.62,21871300,Google,GOOGL,0.0051,-0.369,1.0127,1
2024-05-07,167.02,170.25,166.91,169.74,28039700,Google,GOOGL,0.0187,0.282,1.02,0
2024-05-08,167.51,168.65,167.26,167.89,19569100,Google,GOOGL,-0.0109,-0.3021,1.0084,1
2024-05-09,167.9,169.19,166.7,168.47,15346700,Google,GOOGL,0.0034,-0.2158,1.0149,0
2024-05-10,166.55,168.36,164.73,167.17,29799900,Google,GOOGL,-0.0077,0.9418,1.022,1
2024-05-13,162.82,167.79,162.56,167.65,31327600,Google,GOOGL,0.0029,0.0513,1.0322,1
2024-05-14,168.28,169.74,167.32,168.84,25127100,Google,GOOGL,0.0071,-0.1979,1.0145,1
2024-05-15,169.13,171.13,169.01,170.99,26948400,Google,GOOGL,0.0127,0.0725,1.0126,1
2024-05-16,171.77,173.58,171.17,172.65,27867900,Google,GOOGL,0.0097,0.0341,1.0141,1
2024-05-17,172.65,174.72,172.16,174.51,24479300,Google,GOOGL,0.0108,-0.1216,1.0149,1
2024-05-20,174.64,177.2,174.53,175.37,22554400,Google,GOOGL,0.0049,-0.0786,1.0153,1
2024-05-21,175.35,176.58,174.26,176.29,16989400,Google,GOOGL,0.0053,-0.2467,1.0133,0
2024-05-22,175.09,175.59,173.67,174.83,17880000,Google,GOOGL,-0.0083,0.0524,1.0111,0
2024-05-23,175.51,176.68,171.43,172.02,21024900,Google,GOOGL,-0.016,0.1759,1.0306,1
2024-05-24,173.44,174.23,172.12,173.45,16579400,Google,GOOGL,0.0083,-0.2114,1.0122,1
2024-05-28,172.92,175.71,172.84,174.85,20572200,Google,GOOGL,0.0081,0.2408,1.0166,0
2024-05-29,173.89,175.29,173.18,174.35,23388700,Google,GOOGL,-0.0028,0.1369,1.0121,0
2024-05-30,173.66,173.68,170.28,170.6,22931500,Google,GOOGL,-0.0215,-0.0195,1.02,1
2024-05-31,170.35,171.54,167.95,170.98,37638900,Google,GOOGL,0.0023,0.6414,1.0214,1
2024-06-03,171.02,173.0,169.66,171.65,27459100,Google,GOOGL,0.0039,-0.2705,1.0197,1
2024-06-04,171.76,172.32,170.38,172.26,26879600,Google,GOOGL,0.0036,-0.0211,1.0114,1
2024-06-05,173.66,175.1,172.4,173.87,22068500,Google,GOOGL,0.0093,-0.179,1.0156,1
2024-06-06,174.35,175.59,174.21,175.18,23251000,Google,GOOGL,0.0075,0.0536,1.008,0
2024-06-07,175.49,176.31,172.77,172.93,19661400,Google,GOOGL,-0.0128,-0.1544,1.0205,1
2024-06-10,173.63,175.71,171.44,173.67,23726700,Google,GOOGL,0.0043,0.2068,1.0249,1
2024-06-11,174.87,175.49,172.44,175.27,21540600,Google,GOOGL,0.0092,-0.0921,1.0177,1
2024-06-12,176.89,179.03,174.76,176.43,27864700,Google,GOOGL,0.0066,0.2936,1.0244,0
2024-06-13,174.76,175.39,173.54,173.82,20913300,Google,GOOGL,-0.0148,-0.2495,1.0106,1
2024-06-14,172.89,175.71,172.82,175.44,18063600,Google,GOOGL,0.0093,-0.1363,1.0167,1
2024-06-17,174.12,177.0,173.47,175.88,19618500,Google,GOOGL,0.0025,0.0861,1.0203,0
2024-06-18,175.78,176.03,172.77,173.75,21869900,Google,GOOGL,-0.0121,0.1148,1.0189,1
2024-06-20,174.03,175.93,173.65,174.95,20160100,Google,GOOGL,0.0069,-0.0782,1.0131,1
2024-06-21,175.65,179.47,175.26,178.26,57759000,Google,GOOGL,0.0189,1.865,1.024,0
2024-06-24,178.78,179.51,177.3,177.85,18298000,Google,GOOGL,-0.0023,-0.6832,1.0124,1
2024-06-25,178.25,182.88,178.05,182.62,23130200,Google,GOOGL,0.0268,0.2641,1.0271,0
2024-06-26,181.23,183.1,181.08,182.47,19839000,Google,GOOGL,-0.0008,-0.1423,1.0111,1
2024-06-27,182.77,184.63,182.61,183.99,18848900,Google,GOOGL,0.0083,-0.0499,1.011,0
2024-06-28,182.91,183.71,180.57,180.76,29156600,Google,GOOGL,-0.0176,0.5469,1.0174,1
2024-07-01,181.63,182.47,179.91,181.59,16006100,Google,GOOGL,0.0046,-0.451,1.0142,1
2024-07-02,180.66,184.15,180.17,183.82,17372500,Google,GOOGL,0.0123,0.0854,1.0221,1
2024-07-03,183.44,184.67,182.59,184.4,10242100,Google,GOOGL,0.0031,-0.4104,1.0114,1
2024-07-05,184.44,189.4,184.38,189.14,20967500,Google,GOOGL,0.0257,1.0472,1.0272,0
2024-07-08,188.45,188.71,186.34,187.58,21035900,Google,GOOGL,-0.0082,0.0033,1.0127,0
2024-07-09,188.85,189.9,187.28,187.53,15121400,Google,GOOGL,-0.0003,-0.2812,1.014,1
2024-07-10,187.7,190.28,187.58,189.72,15952500,Google,GOOGL,0.0116,0.055,1.0144,0
2024-07-11,188.4,189.4,183.66,184.15,25625800,Google,GOOGL,-0.0293,0.6064,1.0312,0
2024-07-12,183.66,185.68,183.08,183.65,22898400,Google,GOOGL,-0.0027,-0.1064,1.0142,1
2024-07-15,183.51,186.8,183.51,185.1,16474000,Google,GOOGL,0.0079,-0.2806,1.018,0
2024-07-16,185.93,187.24,181.97,182.51,18290700,Google,GOOGL,-0.014,0.1103,1.029,0
2024-07-17,181.57,182.15,178.52,179.63,20734100,Google,GOOGL,-0.0158,0.1336,1.0203,0
2024-07-18,180.54,181.1,175.12,176.33,25315700,Google,GOOGL,-0.0184,0.221,1.0342,0
2024-07-19,177.51,178.91,175.77,176.3,18881900,Google,GOOGL,-0.0002,-0.2541,1.0178,1
2024-07-22,179.21,181.3,178.85,180.28,24100300,Google,GOOGL,0.0226,0.2764,1.0137,1
2024-07-23,180.66,182.21,180.15,180.4,36352700,Google,GOOGL,0.0007,0.5084,1.0114,0
2024-07-24,172.27,174.84,170.51,171.31,49585200,Google,GOOGL,-0.0504,0.364,1.0254,0
2024-07-25,171.2,172.09,165.91,166.0,44852000,Google,GOOGL,-0.031,-0.0955,1.0373,0
2024-07-26,165.87,166.8,162.8,165.72,41336900,Google,GOOGL,-0.0017,-0.0784,1.0246,1
2024-07-29,167.54,169.13,166.7,168.23,20293800,Google,GOOGL,0.0151,-0.5091,1.0145,1
2024-07-30,168.94,169.92,167.15,168.99,18959700,Google,GOOGL,0.0045,-0.0657,1.0166,1
2024-07-31,171.91,172.92,168.71,170.23,25729100,Google,GOOGL,0.0073,0.357,1.0249,0
2024-08-01,168.95,172.72,167.59,169.45,24531400,Google,GOOGL,-0.0045,-0.0466,1.0306,0
2024-08-02,165.17,167.22,163.41,165.38,29130100,Google,GOOGL,-0.024,0.1875,1.0233,0
2024-08-05,154.31,163.17,153.74,158.03,53630700,Google,GOOGL,-0.0445,0.8411,1.0613,0
2024-08-06,158.11,159.34,155.21,157.08,49004600,Google,GOOGL,-0.006,-0.0863,1.0266,1
2024-08-07,160.02,161.73,157.26,157.72,25138600,Google,GOOGL,0.0041,-0.487,1.0285,1
2024-08-08,159.28,162.44,158.98,160.79,25578800,Google,GOOGL,0.0194,0.0175,1.0217,1
2024-08-09,158.79,162.54,157.84,162.42,28602300,Google,GOOGL,0.0101,0.1182,1.0297,0
2024-08-12,163.09,163.64,160.6,161.05,15895300,Google,GOOGL,-0.0084,-0.4443,1.0189,1
2024-08-13,162.16,163.47,161.72,162.9,18551700,Google,GOOGL,0.0115,0.1671,1.0108,0
2024-08-14,161.16,161.97,156.5,159.14,40591100,Google,GOOGL,-0.0231,1.188,1.0349,1
2024-08-15,159.27,160.4,158.39,160.07,31524300,Google,GOOGL,0.0058,-0.2234,1.0127,1
2024-08-16,160.23,163.8,159.9,161.71,24208600,Google,GOOGL,0.0103,-0.2321,1.0244,1
2024-08-19,164.02,165.41,163.0,165.39,22416200,Google,GOOGL,0.0228,-0.074,1.0148,1
2024-08-20,165.62,167.35,165.54,165.9,18341500,Google,GOOGL,0.0031,-0.1818,1.0109,0
2024-08-21,163.89,165.57,163.41,164.58,22902000,Google,GOOGL,-0.008,0.2486,1.0132,0
2024-08-22,165.98,166.31,162.06,162.55,22493300,Google,GOOGL,-0.0124,-0.0178,1.0262,1
2024-08-23,163.46,164.91,162.58,164.35,13955700,Google,GOOGL,0.0111,-0.3796,1.0143,1
2024-08-26,165.11,166.27,163.2,164.89,14190400,Google,GOOGL,0.0033,0.0168,1.0188,0
2024-08-27,164.57,165.17,163.2,163.42,11821900,Google,GOOGL,-0.0089,-0.1669,1.012,0
2024-08-28,163.78,164.33,160.29,161.6,16407400,Google,GOOGL,-0.0111,0.3879,1.0252,0
2024-08-29,163.05,164.7,159.02,160.54,19699800,Google,GOOGL,-0.0066,0.2007,1.0357,1
2024-08-30,161.38,162.41,160.45,162.13,22123800,Google,GOOGL,0.0099,0.123,1.0122,0
2024-09-03,160.48,160.61,155.28,156.16,38945300,Google,GOOGL,-0.0368,0.7603,1.0343,0
2024-09-04,155.46,157.78,154.77,155.25,19353800,Google,GOOGL,-0.0058,-0.5031,1.0195,1
2024-09-05,155.1,158.23,154.79,156.04,18688700,Google,GOOGL,0.005,-0.0344,1.0222,0
2024-09-06,156.1,156.62,149.4,149.77,37912100,Google,GOOGL,-0.0402,1.0286,1.0484,0
2024-09-09,151.54,152.43,146.29,147.77,39260500,Google,GOOGL,-0.0133,0.0356,1.042,0
2024-09-10,149.5,150.31,147.4,147.72,31118800,Google,GOOGL,-0.0003,-0.2074,1.0198,1
2024-09-11,148.97,150.54,146.59,150.2,29607700,Google,GOOGL,0.0168,-0.0486,1.027,1
2024-09-12,152.83,153.84,151.68,153.71,29621500,Google,GOOGL,0.0234,0.0005,1.0142,1
2024-09-13,154.45,157.38,154.23,156.46,29591200,Google,GOOGL,0.0179,-0.001,1.0204,1
2024-09-16,156.31,157.25,155.61,157.06,18379800,Google,GOOGL,0.0038,-0.3789,1.0105,1
2024-09-17,158.01,159.53,157.38,158.31,20715600,Google,GOOGL,0.008,0.1271,1.0137,1
2024-09-18,158.85,159.48,157.6,158.8,23677300,Google,GOOGL,0.0031,0.143,1.012,1
2024-09-19,162.67,162.75,160.32,161.11,26587700,Google,GOOGL,0.0146,0.1229,1.0152,1
2024-09-20,162.46,162.69,161.03,162.55,40896400,Google,GOOGL,0.0089,0.5382,1.0103,0
2024-09-23,163.31,164.44,160.65,160.82,24150900,Google,GOOGL,-0.0106,-0.4095,1.0236,1
2024-09-24,162.0,162.19,159.67,161.26,23332100,Google,GOOGL,0.0027,-0.0339,1.0157,0
2024-09-25,160.45,161.78,160.28,160.47,18869200,Google,GOOGL,-0.0049,-0.1913,1.0094,1
2024-09-26,162.6,163.04,161.25,161.7,20319300,Google,GOOGL,0.0077,0.0769,1.0111,1
2024-09-27,161.78,164.65,161.6,162.91,21101300,Google,GOOGL,0.0075,0.0385,1.0189,1
2024-09-30,162.29,165.1,162.23,164.8,20413900,Google,GOOGL,0.0116,-0.0326,1.0177,1
2024-10-01,166.63,168.09,163.54,165.93,28338100,Google,GOOGL,0.0069,0.3882,1.0278,0
2024-10-02,165.37,166.46,163.69,164.81,17760200,Google,GOOGL,-0.0068,-0.3733,1.0169,0
2024-10-03,163.37,165.58,162.88,164.81,15073100,Google,GOOGL,0.0,-0.1513,1.0166,1
2024-10-04,167.0,167.16,164.43,166.0,19047400,Google,GOOGL,0.0072,0.2637,1.0166,0
2024-10-07,166.66,167.41,161.72,161.95,22463100,Google,GOOGL,-0.0244,0.1793,1.0352,1
2024-10-08,162.9,163.69,161.84,163.34,23072700,Google,GOOGL,0.0086,0.0271,1.0114,0
2024-10-09,162.41,163.8,158.73,160.83,31181800,Google,GOOGL,-0.0153,0.3515,1.0319,1
2024-10-10,159.85,162.04,159.38,161.05,14144100,Google,GOOGL,0.0014,-0.5464,1.0166,1
2024-10-11,161.1,162.86,160.22,162.21,15344300,Google,GOOGL,0.0072,0.0849,1.0165,1
2024-10-14,162.6,165.18,162.36,163.92,19016100,Google,GOOGL,0.0105,0.2393,1.0173,1
2024-10-15,164.74,166.62,163.59,164.41,20247200,Google,GOOGL,0.003,0.0647,1.0185,0
2024-10-16,163.49,164.75,162.7,164.11,16406000,Google,GOOGL,-0.0018,-0.1897,1.0126,0
2024-10-17,164.68,165.32,161.73,161.9,21453400,Google,GOOGL,-0.0135,0.3077,1.0222,1
2024-10-18,162.16,163.67,162.05,162.38,19757700,Google,GOOGL,0.003,-0.079,1.01,1
2024-10-21,161.92,163.46,161.59,163.03,20946500,Google,GOOGL,0.004,0.0602,1.0116,1
2024-10-22,161.95,164.72,161.95,164.09,16568100,Google,GOOGL,0.0065,-0.209,1.0171,0
2024-10-23,163.72,164.77,160.9,161.75,18280500,Google,GOOGL,-0.0143,0.1034,1.024,0
2024-10-24,161.8,162.3,159.99,161.69,22412500,Google,GOOGL,-0.0004,0.226,1.0144,1
2024-10-25,162.63,164.54,162.38,164.22,19828900,Google,GOOGL,0.0157,-0.1153,1.0133,1
2024-10-28,167.68,167.68,162.91,165.66,32138600,Google,GOOGL,0.0088,0.6208,1.0293,1
2024-10-29,166.67,169.3,166.03,168.61,42169000,Google,GOOGL,0.0178,0.3121,1.0197,1
2024-10-30,179.54,180.87,172.96,173.35,68890800,Google,GOOGL,0.0282,0.6337,1.0457,0
2024-10-31,172.03,175.7,169.92,170.03,44769000,Google,GOOGL,-0.0192,-0.3501,1.034,1
2024-11-01,168.99,171.23,167.81,170.2,31796500,Google,GOOGL,0.0011,-0.2898,1.0204,0
2024-11-04,168.85,169.65,166.95,168.17,21492700,Google,GOOGL,-0.012,-0.3241,1.0162,1
2024-11-05,168.36,169.45,167.77,168.66,18242100,Google,GOOGL,0.003,-0.1512,1.01,1
2024-11-06,172.7,175.82,172.4,175.39,33695500,Google,GOOGL,0.0399,0.8471,1.0198,1
2024-11-07,176.29,179.93,176.07,179.6,25352900,Google,GOOGL,0.024,-0.2476,1.022,0
2024-11-08,179.51,179.75,176.95,177.22,22006200,Google,GOOGL,-0.0133,-0.132,1.0158,1
2024-11-11,177.45,179.41,177.34,179.21,17450400,Google,GOOGL,0.0112,-0.207,1.0117,1
2024-11-12,178.68,181.33,178.25,180.47,25134900,Google,GOOGL,0.007,0.4404,1.0173,0
2024-11-13,179.32,179.81,177.41,177.75,23184000,Google,GOOGL,-0.0151,-0.0776,1.0136,0
2024-11-14,177.15,177.69,173.22,174.47,31007500,Google,GOOGL,-0.0184,0.3375,1.0258,0
2024-11-15,172.63,173.04,170.14,171.4,32504600,Google,GOOGL,-0.0176,0.0483,1.0171,1
2024-11-18,172.32,174.33,171.8,174.19,20135300,Google,GOOGL,0.0163,-0.3805,1.0147,1
2024-11-19,172.62,177.74,172.46,176.99,23434900,Google,GOOGL,0.0161,0.1639,1.0306,0
2024-11-20,176.22,176.55,172.68,174.87,18997100,Google,GOOGL,-0.012,-0.1894,1.0224,0
2024-11-21,172.8,173.03,162.66,166.57,59734400,Google,GOOGL,-0.0474,2.1444,1.0637,0
2024-11-22,164.8,165.41,162.86,163.72,38604600,Google,GOOGL,-0.0171,-0.3537,1.0156,1
2024-11-25,165.04,167.56,164.56,166.59,33135300,Google,GOOGL,0.0175,-0.1417,1.0182,1
2024-11-26,166.57,168.74,166.52,168.05,20486700,Google,GOOGL,0.0088,-0.3817,1.0134,1
2024-11-27,167.93,168.41,166.96,168.16,19266500,Google,GOOGL,0.0007,-0.0596,1.0087,0
2024-11-29,167.43,168.36,166.1,167.88,14257200,Google,GOOGL,-0.0017,-0.26,1.0136,1
2024-12-02,167.7,170.99,167.5,170.4,23789100,Google,GOOGL,0.015,0.6686,1.0208,0
2024-12-03,170.4,171.59,169.77,170.25,22248700,Google,GOOGL,-0.0009,-0.0648,1.0107,1
2024-12-04,170.07,173.8,169.98,173.27,31615100,Google,GOOGL,0.0177,0.421,1.0225,0
2024-12-05,174.25,174.94,171.24,171.55,21356200,Google,GOOGL,-0.0099,-0.3245,1.0216,1
2024-12-06,170.94,173.97,170.77,173.6,21462400,Google,GOOGL,0.012,0.005,1.0187,1
2024-12-09,173.06,175.34,172.75,174.46,25389600,Google,GOOGL,0.0049,0.183,1.015,1
2024-12-10,181.9,185.39,180.11,184.21,54813000,Google,GOOGL,0.0559,1.1589,1.0293,1
2024-12-11,184.35,194.59,183.89,194.38,67894100,Google,GOOGL,0.0552,0.2386,1.0582,0
2024-12-12,193.99,194.17,190.71,190.96,34817500,Google,GOOGL,-0.0176,-0.4872,1.0181,0
2024-12-13,190.02,191.73,188.65,188.83,25143500,Google,GOOGL,-0.0111,-0.2778,1.0163,1
2024-12-16,191.87,197.97,191.62,195.64,44934900,Google,GOOGL,0.036,0.7871,1.0331,0
2024-12-17,196.23,200.37,193.97,194.4,43504000,Google,GOOGL,-0.0063,-0.0318,1.033,0
2024-12-18,194.21,195.98,186.76,187.42,34166100,Google,GOOGL,-0.0359,-0.2146,1.0493,1
2024-12-19,190.63,192.03,187.4,187.53,32265200,Google,GOOGL,0.0006,-0.0556,1.0247,1
2024-12-20,184.81,191.89,184.26,190.42,63462900,Google,GOOGL,0.0154,0.9669,1.0414,1
2024-12-23,191.62,194.09,189.16,193.62,25675000,Google,GOOGL,0.0168,-0.5954,1.026,1
2024-12-24,193.83,195.09,192.77,195.09,10403300,Google,GOOGL,0.0076,-0.5948,1.012,0
2024-12-26,194.14,195.73,193.37,194.58,12046600,Google,GOOGL,-0.0026,0.158,1.0122,0
2024-12-27,193.94,194.31,189.66,191.76,18891400,Google,GOOGL,-0.0145,0.5682,1.0245,0
2024-12-30,188.81,191.55,188.14,190.25,14264700,Google,GOOGL,-0.0079,-0.2449,1.0181,0
2024-12-31,190.09,190.96,187.53,188.32,17466900,Google,GOOGL,-0.0101,0.2245,1.0183,1
2025-01-02,189.66,191.0,186.53,188.45,20370800,Google,GOOGL,0.0007,0.1663,1.024,1
2025-01-03,190.38,192.21,188.99,190.79,18596200,Google,GOOGL,0.0125,-0.0871,1.017,1
2025-01-06,192.97,197.19,192.84,195.85,29563600,Google,GOOGL,0.0265,0.5898,1.0225,0
2025-01-07,196.09,199.96,193.59,194.47,26487200,Google,GOOGL,-0.007,-0.1041,1.0329,0
2025-01-08,191.57,195.27,191.38,192.94,24864800,Google,GOOGL,-0.0079,-0.0613,1.0203,0
2025-01-10,193.29,195.5,189.32,191.04,26665200,Google,GOOGL,-0.0098,0.0724,1.0326,0
2025-01-13,189.08,190.19,186.39,190.02,21823700,Google,GOOGL,-0.0054,-0.1816,1.0204,0
2025-01-14,190.25,190.98,187.33,188.67,17174900,Google,GOOGL,-0.0071,-0.213,1.0195,1
2025-01-15,192.09,195.34,190.86,194.53,21776000,Google,GOOGL,0.0311,0.2679,1.0235,0
2025-01-16,193.13,194.46,191.81,191.91,17815400,Google,GOOGL,-0.0135,-0.1819,1.0138,1
2025-01-17,195.51,196.21,192.74,194.98,27735100,Google,GOOGL,0.016,0.5568,1.018,1
2025-01-21,198.04,201.24,196.84,197.02,29971300,Google,GOOGL,0.0105,0.0806,1.0223,1
2025-01-22,198.03,199.44,196.5,197.34,26200600,Google,GOOGL,0.0016,-0.1258,1.0149,0
2025-01-23,197.11,199.26,194.19,196.95,26951400,Google,GOOGL,-0.002,0.0287,1.0261,1
2025-01-24,197.07,199.86,196.97,199.17,23877500,Google,GOOGL,0.0113,-0.1141,1.0146,0
2025-01-27,191.41,195.86,189.74,190.81,41728900,Google,GOOGL,-0.042,0.7476,1.0322,1
2025-01-28,191.75,194.46,189.69,194.29,24157900,Google,GOOGL,0.0182,-0.4211,1.0252,1
2025-01-29,194.54,195.77,192.42,194.39,18218300,Google,GOOGL,0.0006,-0.2459,1.0174,1
2025-01-30,196.97,200.35,196.64,199.83,24354700,Google,GOOGL,0.0279,0.3368,1.0189,1
2025-01-31,200.95,204.41,200.75,202.96,32001100,Google,GOOGL,0.0157,0.314,1.0182,0
2025-02-03,199.65,202.69,199.06,200.18,27838300,Google,GOOGL,-0.0137,-0.1301,1.0182,1
2025-02-04,202.33,205.97,201.76,205.31,43856400,Google,GOOGL,0.0256,0.5754,1.0209,0
2025-02-05,190.08,191.75,187.05,190.34,70373900,Google,GOOGL,-0.0729,0.6046,1.0251,1
2025-02-06,188.52,191.1,187.74,190.6,29297400,Google,GOOGL,0.0014,-0.5837,1.0179,0
2025-02-07,190.06,190.19,182.29,184.38,49315000,Google,GOOGL,-0.0327,0.6833,1.0433,1
2025-02-10,186.38,187.22,184.89,185.5,23105600,Google,GOOGL,0.0061,-0.5315,1.0126,0
2025-02-11,184.07,185.97,183.32,184.36,21239500,Google,GOOGL,-0.0062,-0.0808,1.0144,0
2025-02-12,182.27,184.15,180.89,182.66,22072600,Google,GOOGL,-0.0092,0.0392,1.018,1
2025-02-13,183.36,185.31,182.19,185.17,21402500,Google,GOOGL,0.0138,-0.0304,1.0171,0
2025-02-14,184.1,185.43,183.36,184.27,20448400,Google,GOOGL,-0.0049,-0.0446,1.0113,0
2025-02-18,184.64,184.99,180.8,182.82,29916700,Google,GOOGL,-0.0079,0.463,1.0232,1
2025-02-19,183.11,184.5,182.64,184.31,19549400,Google,GOOGL,0.0082,-0.3465,1.0102,0
2025-02-20,183.84,184.35,181.77,183.6,20441500,Google,GOOGL,-0.0038,0.0456,1.0142,0
2025-02-21,184.19,184.38,178.15,178.73,35199200,Google,GOOGL,-0.0265,0.7219,1.035,0
2025-02-24,181.04,182.17,177.96,178.32,29854200,Google,GOOGL,-0.0023,-0.1519,1.0236,0
2025-02-25,177.11,177.81,173.78,174.51,41913400,Google,GOOGL,-0.0214,0.4039,1.0232,0
2025-02-26,174.16,175.17,170.69,171.83,35431300,Google,GOOGL,-0.0153,-0.1547,1.0262,0
2025-02-27,173.09,173.65,167.07,167.62,39991000,Google,GOOGL,-0.0245,0.1287,1.0394,1
2025-02-28,167.8,169.72,165.9,169.4,48130600,Google,GOOGL,0.0106,0.2035,1.023,0
2025-03-03,171.04,172.47,165.07,166.14,40770500,Google,GOOGL,-0.0192,-0.1529,1.0448,1
2025-03-04,165.38,172.39,164.94,170.03,45388000,Google,GOOGL,0.0234,0.1133,1.0452,1
2025-03-05,169.63,172.88,168.18,172.12,30954900,Google,GOOGL,0.0123,-0.318,1.0279,0
2025-03-06,169.64,173.9,169.61,171.45,28302000,Google,GOOGL,-0.0039,-0.0857,1.0253,1
2025-03-07,170.37,174.06,169.39,172.96,27385800,Google,GOOGL,0.0088,-0.0324,1.0276,0
2025-03-10,167.58,167.78,163.03,165.2,43604000,Google,GOOGL,-0.0449,0.5922,1.0291,0
2025-03-11,164.24,166.07,160.72,163.38,39587400,Google,GOOGL,-0.011,-0.0921,1.0333,1
2025-03-12,165.91,166.96,162.87,166.43,28372400,Google,GOOGL,0.0187,-0.2833,1.0251,0
2025-03-13,165.37,165.46,161.45,162.1,31756200,Google,GOOGL,-0.026,0.1193,1.0248,1
2025-03-14,162.61,165.82,161.79,164.82,31995900,Google,GOOGL,0.0168,0.0075,1.0249,0
2025-03-17,164.36,165.63,163.01,163.62,31184300,Google,GOOGL,-0.0073,-0.0254,1.0161,0
2025-03-18,163.02,163.58,156.09,160.02,42074800,Google,GOOGL,-0.022,0.3492,1.048,1
2025-03-19,161.1,165.2,160.35,163.23,34275600,Google,GOOGL,0.02,-0.1854,1.0302,0
2025-03-20,160.92,164.22,160.31,162.14,28138500,Google,GOOGL,-0.0067,-0.1791,1.0244,1
2025-03-21,160.56,163.57,160.24,163.33,36625800,Google,GOOGL,0.0073,0.3016,1.0208,1
2025-03-24,166.39,167.64,164.47,167.0,30879100,Google,GOOGL,0.0225,-0.1569,1.0193,1
2025-03-25,168.3,169.94,167.64,169.87,24174400,Google,GOOGL,0.0172,-0.2171,1.0137,0
2025-03-26,168.32,168.92,164.17,164.39,28901600,Google,GOOGL,-0.0322,0.1955,1.0289,0
2025-03-27,163.96,164.75,161.34,161.58,24508300,Google,GOOGL,-0.0171,-0.152,1.0211,0
2025-03-28,159.84,161.16,153.01,153.7,48669300,Google,GOOGL,-0.0488,0.9858,1.0533,1
2025-03-31,152.49,154.91,150.05,154.01,54603500,Google,GOOGL,0.002,0.1219,1.0324,1
2025-04-01,153.0,157.46,153.0,156.43,30672900,Google,GOOGL,0.0157,-0.4383,1.0292,0
2025-04-02,154.52,157.77,154.07,156.4,25041700,Google,GOOGL,-0.0002,-0.1836,1.024,0
2025-04-03,150.5,152.16,149.78,150.11,46883400,Google,GOOGL,-0.0402,0.8722,1.0159,0
2025-04-04,147.41,150.46,144.79,145.01,62259500,Google,GOOGL,-0.034,0.328,1.0391,1
2025-04-07,140.98,152.23,139.96,146.16,76794100,Google,GOOGL,0.0079,0.2335,1.0877,0
2025-04-08,150.61,151.62,142.45,144.11,52200200,Google,GOOGL,-0.014,-0.3203,1.0644,1
2025-04-09,143.84,158.9,143.33,158.07,70406200,Google,GOOGL,0.0968,0.3488,1.1087,0
2025-04-10,155.91,157.08,149.32,152.2,48022000,Google,GOOGL,-0.0371,-0.3179,1.052,1
2025-04-11,152.28,157.03,152.2,156.5,33636200,Google,GOOGL,0.0283,-0.2996,1.0317,1
2025-04-14,159.35,161.06,156.92,158.43,30333000,Google,GOOGL,0.0123,-0.0982,1.0264,0
2025-04-15,158.49,159.0,154.58,155.68,27551500,Google,GOOGL,-0.0174,-0.0917,1.0286,0
2025-04-16,152.48,155.26,150.9,152.71,28187400,Google,GOOGL,-0.0191,0.0231,1.0289,0
2025-04-17,153.67,154.05,147.9,150.55,33046600,Google,GOOGL,-0.0142,0.1724,1.0416,0
2025-04-21,148.28,148.35,145.51,147.07,26049100,Google,GOOGL,-0.0231,-0.2117,1.0195,1
2025-04-22,148.29,151.57,147.94,150.86,26971800,Google,GOOGL,0.0257,0.0354,1.0246,1
2025-04-23,154.98,156.89,153.19,154.72,31128800,Google,GOOGL,0.0256,0.1541,1.0242,1
2025-04-24,155.52,158.94,155.16,158.63,45894000,Google,GOOGL,0.0253,0.4743,1.0244,1
2025-04-25,164.4,165.43,160.39,161.3,56034000,Google,GOOGL,0.0168,0.2209,1.0314,0
2025-04-28,161.77,162.49,157.96,159.96,29745800,Google,GOOGL,-0.0083,-0.4691,1.0287,0
2025-04-29,159.67,160.09,156.88,159.51,26809000,Google,GOOGL,-0.0028,-0.0987,1.0204,0
2025-04-30,157.34,158.62,154.77,158.16,34981100,Google,GOOGL,-0.0085,0.3048,1.0249,1
2025-05-01,159.8,161.29,158.27,160.65,30203200,Google,GOOGL,0.0157,-0.1366,1.0191,1
2025-05-02,162.75,164.3,161.21,163.37,25715000,Google,GOOGL,0.0169,-0.1486,1.0192,1
2025-05-05,162.34,164.72,162.06,163.54,21341800,Google,GOOGL,0.0011,-0.1701,1.0164,0
2025-05-06,161.51,164.13,160.54,162.57,21277200,Google,GOOGL,-0.006,-0.003,1.0224,0
2025-05-07,163.42,164.33,147.24,150.77,127490100,Google,GOOGL,-0.0726,4.9919,1.1161,1
2025-05-08,154.37,155.3,152.28,153.66,57498700,Google,GOOGL,0.0192,-0.549,1.0198,0
2025-05-09,153.55,154.42,151.58,152.13,32435300,Google,GOOGL,-0.0099,-0.4359,1.0187,1
2025-05-12,156.85,158.46,155.62,157.82,44138800,Google,GOOGL,0.0374,0.3608,1.0182,1
2025-05-13,158.15,159.92,155.53,158.88,42382100,Google,GOOGL,0.0068,-0.0398,1.0282,1
2025-05-14,159.31,166.32,158.96,164.7,48755900,Google,GOOGL,0.0366,0.1504,1.0463,0
2025-05-15,165.17,165.54,161.71,163.3,33146700,Google,GOOGL,-0.0085,-0.3201,1.0236,1
2025-05-16,167.05,168.66,164.95,165.52,42846900,Google,GOOGL,0.0136,0.2926,1.0225,1
2025-05-19,163.84,165.97,163.55,165.87,30426100,Google,GOOGL,0.0021,-0.2899,1.0147,0
2025-05-20,165.76,167.82,162.24,163.32,46607700,Google,GOOGL,-0.0154,0.5318,1.0344,1
2025-05-21,163.03,172.44,162.9,167.88,73416000,Google,GOOGL,0.0279,0.5752,1.0586,1
2025-05-22,171.15,176.05,170.02,170.18,74864400,Google,GOOGL,0.0137,0.0197,1.0355,0
2025-05-23,168.38,169.27,167.21,167.79,35211400,Google,GOOGL,-0.014,-0.5297,1.0123,1
2025-05-27,169.47,172.47,169.31,172.2,37995700,Google,GOOGL,0.0263,0.0791,1.0186,0
2025-05-28,172.46,174.56,171.21,171.66,34784000,Google,GOOGL,-0.0031,-0.0845,1.0195,0
2025-05-29,173.3,173.71,169.94,171.16,29317300,Google,GOOGL,-0.0029,-0.1572,1.0222,0
2025-05-30,170.66,171.51,166.76,171.04,52639900,Google,GOOGL,-0.0007,0.7955,1.0285,0
2025-06-02,167.16,169.18,166.71,168.35,38612300,Google,GOOGL,-0.0158,-0.2665,1.0148,0
2025-06-03,166.81,167.8,164.61,165.51,45084900,Google,GOOGL,-0.0169,0.1676,1.0194,1
2025-06-04,166.06,167.54,165.69,167.37,26900800,Google,GOOGL,0.0113,-0.4033,1.0112,1
2025-06-05,169.65,170.24,166.91,167.53,36379100,Google,GOOGL,0.001,0.3523,1.0199,1
2025-06-06,170.14,173.79,170.14,172.98,35731800,Google,GOOGL,0.0325,-0.0178,1.0215,1
2025-06-09,174.04,175.97,173.87,175.59,28935900,Google,GOOGL,0.0151,-0.1902,1.012,1
2025-06-10,175.7,180.59,174.41,178.09,61766100,Google,GOOGL,0.0143,1.1346,1.0354,0
2025-06-11,179.26,179.86,176.25,176.85,31646800,Google,GOOGL,-0.007,-0.4876,1.0205,0
2025-06-12,175.68,176.22,174.25,175.2,20941900,Google,GOOGL,-0.0093,-0.3383,1.0113,0
2025-06-13,171.95,176.63,171.9,174.17,27663100,Google,GOOGL,-0.0059,0.3209,1.0275,1
2025-06-16,174.23,176.44,174.15,176.27,27389200,Google,GOOGL,0.012,-0.0099,1.0131,0
2025-06-17,175.2,176.86,174.08,175.45,24973000,Google,GOOGL,-0.0046,-0.0882,1.0159,0
2025-06-18,175.51,176.06,172.71,172.83,28707500,Google,GOOGL,-0.0149,0.1495,1.0194,0
2025-06-20,173.46,173.84,164.99,166.17,75659900,Google,GOOGL,-0.0385,1.6355,1.0537,0
2025-06-23,165.8,166.86,161.54,164.72,57671000,Google,GOOGL,-0.0087,-0.2378,1.033,1
2025-06-24,166.45,167.74,165.66,166.3,40524300,Google,GOOGL,0.0096,-0.2973,1.0126,1
2025-06-25,167.15,171.87,167.07,170.19,35479000,Google,GOOGL,0.0234,-0.1245,1.0287,1
2025-06-26,171.94,173.2,169.46,173.05,31796700,Google,GOOGL,0.0168,-0.1038,1.0221,1
2025-06-27,173.05,178.17,171.24,178.02,108140200,Google,GOOGL,0.0288,2.401,1.0405,0
2025-06-30,180.27,180.71,174.08,175.73,63378900,Google,GOOGL,-0.0129,-0.4139,1.0381,0
2025-07-01,175.24,175.59,173.04,175.34,35904500,Google,GOOGL,-0.0022,-0.4335,1.0148,1
2025-07-02,175.04,178.35,174.57,178.13,29128900,Google,GOOGL,0.0159,-0.1887,1.0216,1
2025-07-03,177.99,179.16,176.55,179.02,21689700,Google,GOOGL,0.005,-0.2554,1.0148,0
2025-07-07,178.55,178.79,175.18,176.29,34175600,Google,GOOGL,-0.0153,0.5757,1.0206,0
2025-07-08,177.34,177.44,172.32,173.86,40442500,Google,GOOGL,-0.0137,0.1834,1.0297,1
2025-07-09,174.75,178.93,172.28,176.12,43025600,Google,GOOGL,0.013,0.0639,1.0386,1
2025-07-10,175.13,177.92,173.88,177.11,29252400,Google,GOOGL,0.0057,-0.3201,1.0232,1
2025-07-11,176.29,180.91,175.98,179.68,34282900,Google,GOOGL,0.0145,0.172,1.028,1
2025-07-14,180.5,183.15,179.17,181.04,32536600,Google,GOOGL,0.0076,-0.0509,1.0222,1
2025-07-15,182.29,183.7,181.08,181.48,33448300,Google,GOOGL,0.0024,0.028,1.0144,1
2025-07-16,182.72,183.81,181.51,182.45,33104200,Google,GOOGL,0.0053,-0.0103,1.0126,1
2025-07-17,181.62,183.54,179.97,183.06,31992600,Google,GOOGL,0.0033,-0.0336,1.0198,1
2025-07-18,184.87,185.89,183.19,184.53,34014500,Google,GOOGL,0.0081,0.0632,1.0148,1
2025-07-21,185.72,189.75,185.62,189.56,45803100,Google,GOOGL,0.0272,0.3466,1.0222,1
2025-07-22,190.96,191.1,186.93,190.8,44660200,Google,GOOGL,0.0065,-0.025,1.0224,0
2025-07-23,190.96,191.98,188.64,189.69,58681900,Google,GOOGL,-0.0058,0.314,1.0177,1
2025-07-24,196.47,197.39,190.46,191.62,74881700,Google,GOOGL,0.0102,0.2761,1.0364,1
2025-07-25,191.43,193.78,190.72,192.63,39785900,Google,GOOGL,0.0053,-0.4687,1.0161,0
2025-07-28,193.1,193.5,190.3,192.03,38139500,Google,GOOGL,-0.0031,-0.0414,1.0168,1
2025-07-29,191.88,195.36,191.53,195.19,41389200,Google,GOOGL,0.0165,0.0852,1.02,1
2025-07-30,195.04,197.04,194.14,195.97,32445400,Google,GOOGL,0.004,-0.2161,1.0149,0
2025-07-31,195.15,195.43,190.55,191.35,51329200,Google,GOOGL,-0.0236,0.582,1.0256,0
2025-08-01,188.49,190.29,187.29,188.59,34832200,Google,GOOGL,-0.0144,-0.3214,1.016,1
2025-08-04,189.75,194.71,189.58,194.49,31547400,Google,GOOGL,0.0312,-0.0943,1.0271,0
2025-08-05,194.16,197.3,193.34,194.12,31602300,Google,GOOGL,-0.0019,0.0017,1.0205,1
2025-08-06,193.95,196.07,193.12,195.53,21562900,Google,GOOGL,0.0073,-0.3177,1.0153,1
2025-08-07,196.5,196.98,193.78,195.96,26321800,Google,GOOGL,0.0022,0.2207,1.0165,1
2025-08-08,196.66,202.03,196.61,200.85,39161800,Google,GOOGL,0.0249,0.4878,1.0276,0
2025-08-11,200.37,200.91,198.5,200.43,25832400,Google,GOOGL,-0.0021,-0.3404,1.0121,1
2025-08-12,200.8,203.92,200.02,202.76,30397900,Google,GOOGL,0.0116,0.1767,1.0195,0
2025-08-13,203.55,203.95,196.95,201.39,28342900,Google,GOOGL,-0.0068,-0.0676,1.0355,1
2025-08-14,200.93,203.86,200.66,202.36,25230400,Google,GOOGL,0.0049,-0.1098,1.016,1
2025-08-15,203.27,205.85,200.71,203.32,34931400,Google,GOOGL,0.0047,0.3845,1.0256,0
2025-08-18,203.62,204.69,201.91,202.92,18526600,Google,GOOGL,-0.002,-0.4696,1.0137,0
2025-08-19,202.45,202.86,199.39,201.0,24240200,Google,GOOGL,-0.0095,0.3084,1.0174,0
2025-08-20,200.16,200.71,196.04,198.75,28955500,Google,GOOGL,-0.0112,0.1945,1.0238,1
2025-08-21,199.18,201.9,198.86,199.18,19774600,Google,GOOGL,0.0022,-0.3171,1.0153,1
2025-08-22,202.15,207.95,200.73,205.5,42827000,Google,GOOGL,0.0317,1.1658,1.036,1
2025-08-25,205.84,209.92,204.7,207.9,29928900,Google,GOOGL,0.0116,-0.3012,1.0255,0
2025-08-26,206.92,207.26,205.11,206.55,28464100,Google,GOOGL,-0.0065,-0.0489,1.0105,1
2025-08-27,205.11,208.32,205.06,206.89,23022900,Google,GOOGL,0.0016,-0.1912,1.0159,1
2025-08-28,206.66,211.62,206.31,211.04,32339300,Google,GOOGL,0.0201,0.4047,1.0257,1
2025-08-29,209.91,214.04,209.6,212.3,39728400,Google,GOOGL,0.006,0.2285,1.0212,0
2025-09-02,207.85,211.08,205.61,210.75,47523000,Google,GOOGL,-0.0073,0.1962,1.0266,1
2025-09-03,225.57,230.65,224.15,230.0,103336100,Google,GOOGL,0.0914,1.1744,1.029,1
2025-09-04,229.0,231.71,225.47,231.64,51684200,Google,GOOGL,0.0071,-0.4998,1.0277,1
2025-09-05,231.54,235.09,231.24,234.33,46588900,Google,GOOGL,0.0116,-0.0986,1.0166,0
2025-09-08,235.01,237.66,233.21,233.58,32474700,Google,GOOGL,-0.0032,-0.303,1.0191,1
2025-09-09,233.71,240.0,232.77,239.16,38061000,Google,GOOGL,0.0239,0.172,1.031,0
2025-09-10,238.43,241.19,237.39,238.7,35141100,Google,GOOGL,-0.0019,-0.0767,1.016,1
2025-09-11,239.41,241.78,235.79,239.9,30599300,Google,GOOGL,0.005,-0.1292,1.0254,1
2025-09-12,239.9,241.61,237.54,240.33,26771600,Google,GOOGL,0.0018,-0.1251,1.0171,1
2025-09-15,244.18,251.92,244.18,251.12,58383800,Google,GOOGL,0.0449,1.1808,1.0317,0
2025-09-16,251.59,252.55,248.98,250.67,34109700,Google,GOOGL,-0.0018,-0.4158,1.0143,0
2025-09-17,250.73,251.11,245.8,249.04,34108000,Google,GOOGL,-0.0065,-0.0,1.0216,1
2025-09-18,251.19,253.49,249.31,251.54,31239500,Google,GOOGL,0.01,-0.0841,1.0168,1
2025-09-19,252.76,255.5,251.32,254.22,55571400,Google,GOOGL,0.0107,0.7789,1.0166,0
2025-09-22,253.93,255.28,249.81,252.04,32290500,Google,GOOGL,-0.0086,-0.4189,1.0219,0
2025-09-23,252.55,253.86,249.99,251.17,26628000,Google,GOOGL,-0.0034,-0.1754,1.0155,0
2025-09-24,251.17,251.86,245.96,246.66,28201000,Google,GOOGL,-0.018,0.0591,1.024,0
2025-09-25,243.92,246.01,240.27,245.31,31020400,Google,GOOGL,-0.0055,0.1,1.0239,1
2025-09-26,246.59,248.93,245.49,246.06,18503200,Google,GOOGL,0.0031,-0.4035,1.014,0
2025-09-29,247.37,250.66,242.3,243.57,32505800,Google,GOOGL,-0.0101,0.7568,1.0345,0
2025-09-30,242.34,242.81,238.78,242.63,34724300,Google,GOOGL,-0.0039,0.0682,1.0169,1
2025-10-01,240.28,245.82,238.14,244.42,31658200,Google,GOOGL,0.0074,-0.0883,1.0322,1
2025-10-02,244.67,246.33,241.83,245.21,25483300,Google,GOOGL,0.0032,-0.195,1.0186,0
2025-10-03,244.01,245.82,241.19,244.87,30249600,Google,GOOGL,-0.0014,0.187,1.0192,1
2025-10-06,244.3,250.83,244.1,249.94,28894700,Google,GOOGL,0.0207,-0.0448,1.0276,0
2025-10-07,247.79,249.95,245.04,245.28,23181300,Google,GOOGL,-0.0186,-0.1977,1.02,0
2025-10-08,244.48,245.53,243.34,244.14,21307100,Google,GOOGL,-0.0046,-0.0808,1.009,0
2025-10-09,243.99,244.28,238.68,241.06,27892100,Google,GOOGL,-0.0126,0.3091,1.0235,0
2025-10-10,240.96,243.61,235.38,236.11,33180300,Google,GOOGL,-0.0205,0.1896,1.035,1
2025-10-13,239.74,244.02,239.24,243.67,24995000,Google,GOOGL,0.032,-0.2467,1.02,1
2025-10-14,240.76,246.64,240.04,244.97,22111600,Google,GOOGL,0.0053,-0.1154,1.0275,1
2025-10-15,246.77,251.62,245.51,250.54,27007700,Google,GOOGL,0.0227,0.2214,1.0249,1
2025-10-16,251.28,256.46,249.61,250.97,27997200,Google,GOOGL,0.0017,0.0366,1.0274,1
2025-10-17,250.27,253.72,247.33,252.81,29671600,Google,GOOGL,0.0073,0.0598,1.0259,1
2025-10-20,254.19,256.83,253.73,256.05,22350200,Google,GOOGL,0.0128,-0.2467,1.0122,0
2025-10-21,254.24,254.38,243.67,249.97,47312100,Google,GOOGL,-0.0237,1.1169,1.0439,1
2025-10-22,253.87,255.86,248.8,251.2,35029400,Google,GOOGL,0.0049,-0.2596,1.0284,1
2025-10-23,252.49,254.54,251.36,252.59,19901400,Google,GOOGL,0.0055,-0.4319,1.0127,1
2025-10-24,256.08,261.17,254.82,259.41,28655100,Google,GOOGL,0.027,0.4399,1.0249,1
2025-10-27,264.3,269.61,263.76,268.74,35235200,Google,GOOGL,0.036,0.2296,1.0222,0
2025-10-28,269.16,270.2,265.98,266.95,29738600,Google,GOOGL,-0.0067,-0.156,1.0159,1
2025-10-29,267.23,274.8,267.15,274.03,43580300,Google,GOOGL,0.0265,0.4654,1.0287,1
2025-10-30,291.02,291.02,279.51,280.93,74876000,Google,GOOGL,0.0252,0.7181,1.0412,0
2025-10-31,282.66,285.44,276.49,280.64,39267900,Google,GOOGL,-0.001,-0.4756,1.0324,1
2025-11-03,281.63,284.97,279.25,283.17,29786000,Google,GOOGL,0.009,-0.2415,1.0205,0
2025-11-04,276.21,280.72,275.72,277.0,30078400,Google,GOOGL,-0.0218,0.0098,1.0181,1
2025-11-05,278.33,285.86,276.8,283.75,31010300,Google,GOOGL,0.0244,0.031,1.0327,1
2025-11-06,284.77,287.79,280.59,284.19,37173600,Google,GOOGL,0.0015,0.1988,1.0256,0
2025-11-07,282.66,283.23,274.65,278.29,34479600,Google,GOOGL,-0.0208,-0.0725,1.0312,1
2025-11-10,283.86,290.23,282.31,289.53,29557300,Google,GOOGL,0.0404,-0.1428,1.0281,1
2025-11-11,287.19,291.35,286.76,290.74,19842100,Google,GOOGL,0.0042,-0.3287,1.016,0
2025-11-12,291.11,291.44,283.14,286.15,24829900,Google,GOOGL,-0.0158,0.2514,1.0293,0
2025-11-13,281.79,282.29,276.7,278.03,29494000,Google,GOOGL,-0.0284,0.1878,1.0202,0
2025-11-14,270.88,278.02,270.17,275.87,31647200,Google,GOOGL,-0.0078,0.073,1.029,1
2025-11-17,285.22,293.38,283.02,284.46,52670200,Google,GOOGL,0.0311,0.6643,1.0366,0
2025-11-18,287.36,288.24,277.66,283.72,49158700,Google,GOOGL,-0.0026,-0.0667,1.0381,1
2025-11-19,286.6,303.22,286.07,292.24,68198900,Google,GOOGL,0.03,0.3873,1.0599,0
2025-11-20,303.95,305.82,288.11,288.88,62025200,Google,GOOGL,-0.0115,-0.0905,1.0615,1
2025-11-21,295.84,303.33,293.28,299.07,74137700,Google,GOOGL,0.0353,0.1953,1.0343,1
2025-11-24,310.52,318.86,309.0,317.96,85165100,Google,GOOGL,0.0631,0.1487,1.0319,1
2025-11-25,325.57,328.19,317.03,322.81,88632100,Google,GOOGL,0.0153,0.0407,1.0352,0
2025-11-26,320.05,323.87,316.17,319.33,51373400,Google,GOOGL,-0.0108,-0.4204,1.0243,1
2025-11-28,322.74,326.21,316.17,319.55,26018600,Google,GOOGL,0.0007,-0.4935,1.0318,0
2025-12-01,317.08,319.23,313.28,314.28,41183000,Google,GOOGL,-0.0165,0.5828,1.019,1
2025-12-02,316.12,317.76,313.3,315.19,35854700,Google,GOOGL,0.0029,-0.1294,1.0142,1
2025-12-03,315.27,320.95,313.49,319.01,41838300,Google,GOOGL,0.0121,0.1669,1.0238,0
2025-12-04,321.6,321.73,314.09,317.0,31240900,Google,GOOGL,-0.0063,-0.2533,1.0243,1
2025-12-05,318.87,322.53,318.55,320.64,28851700,Google,GOOGL,0.0115,-0.0765,1.0125,0
2025-12-08,319.63,320.02,310.82,313.31,33909400,Google,GOOGL,-0.0229,0.1753,1.0296,1
2025-12-09,311.96,317.58,311.49,316.67,30194000,Google,GOOGL,0.0107,-0.1096,1.0195,1
2025-12-10,315.42,320.89,314.27,319.79,33428900,Google,GOOGL,0.0099,0.1071,1.0211,0
2025-12-11,319.66,320.7,308.2,312.02,42353700,Google,GOOGL,-0.0243,0.267,1.0406,0
2025-12-12,313.29,314.46,305.16,308.89,35940200,Google,GOOGL,-0.0101,-0.1514,1.0305,0
2025-12-15,310.92,311.02,304.48,307.82,29151900,Google,GOOGL,-0.0035,-0.1889,1.0215,0
2025-12-16,304.55,310.37,302.2,306.17,30585000,Google,GOOGL,-0.0054,0.0492,1.027,0
2025-12-17,307.61,307.69,295.74,296.33,43930400,Google,GOOGL,-0.0321,0.4363,1.0404,1
2025-12-18,301.33,303.56,298.84,302.07,33518000,Google,GOOGL,0.0193,-0.237,1.0158,1
2025-12-19,301.34,306.85,300.58,306.76,59943200,Google,GOOGL,0.0155,0.7884,1.0209,1
2025-12-22,309.48,309.73,304.9,309.38,26429900,Google,GOOGL,0.0085,-0.5591,1.0158,1
2025-12-23,309.23,314.53,308.92,313.94,25478700,Google,GOOGL,0.0148,-0.036,1.0182,0
2025-12-24,314.36,314.67,311.51,313.68,10097400,Google,GOOGL,-0.0008,-0.6037,1.0101,0
2025-12-26,314.07,314.68,311.87,313.1,10899000,Google,GOOGL,-0.0018,0.0794,1.009,1
2025-12-29,310.97,313.61,310.22,313.15,19621800,Google,GOOGL,0.0002,0.8003,1.0109,1
2025-12-30,312.09,316.54,312.05,313.44,17380900,Google,GOOGL,0.0009,-0.1142,1.0144,0
2025-12-31,312.44,314.17,311.04,312.59,16377700,Google,GOOGL,-0.0027,-0.0577,1.0101,1
2026-01-02,316.49,322.08,309.93,314.74,32009400,Google,GOOGL,0.0069,0.9545,1.0392,1
2026-01-05,317.25,318.61,314.22,316.13,30195600,Google,GOOGL,0.0044,-0.0567,1.014,0
2026-01-06,315.99,320.52,311.37,313.93,31212100,Google,GOOGL,-0.007,0.0337,1.0294,1
2026-01-07,313.95,325.73,313.78,321.56,35104400,Google,GOOGL,0.0243,0.1247,1.0381,1
2026-01-08,328.54,329.89,321.08,325.02,31896100,Google,GOOGL,0.0107,-0.0914,1.0274,1
2026-01-09,326.66,330.4,325.38,328.14,26214200,Google,GOOGL,0.0096,-0.1781,1.0154,1
2026-01-12,325.38,333.61,324.58,331.43,33923900,Google,GOOGL,0.01,0.2941,1.0278,1
2026-01-13,334.51,340.05,333.19,335.53,33517600,Google,GOOGL,0.0124,-0.012,1.0206,0
2026-01-14,334.62,336.08,330.05,335.4,28525600,Google,GOOGL,-0.0004,-0.1489,1.0183,0
2026-01-15,337.21,337.25,330.31,332.35,28442400,Google,GOOGL,-0.0091,-0.0029,1.021,0
2026-01-16,333.98,334.21,327.27,329.57,40341600,Google,GOOGL,-0.0084,0.4184,1.0212,0
2026-01-20,320.45,327.3,320.01,321.58,35361000,Google,GOOGL,-0.0242,-0.1235,1.0228,1
2026-01-21,320.5,332.05,318.93,327.95,35386600,Google,GOOGL,0.0198,0.0007,1.0411,1
2026-01-22,334.02,334.71,328.32,330.11,26253600,Google,GOOGL,0.0066,-0.2581,1.0195,0
2026-01-23,332.06,333.26,327.02,327.5,27280000,Google,GOOGL,-0.0079,0.0391,1.0191,1
2026-01-26,327.38,335.4,326.57,332.83,26042100,Google,GOOGL,0.0163,-0.0454,1.027,1
2026-01-27,334.93,337.47,333.05,334.12,21636200,Google,GOOGL,0.0039,-0.1692,1.0133,1
2026-01-28,335.62,337.1,331.51,335.57,27434400,Google,GOOGL,0.0044,0.268,1.0169,1
2026-01-29,339.86,341.85,326.12,337.81,39785600,Google,GOOGL,0.0067,0.4502,1.0482,0
2026-01-30,339.56,339.56,331.86,337.56,31024000,Google,GOOGL,-0.0007,-0.2202,1.0232,1
2026-02-02,335.78,344.38,335.19,343.24,32006100,Google,GOOGL,0.0168,0.0317,1.0274,0
2026-02-03,346.89,348.55,337.03,339.27,36506700,Google,GOOGL,-0.0116,0.1406,1.0342,0
2026-02-04,342.51,342.86,328.09,332.61,70618400,Google,GOOGL,-0.0196,0.9344,1.045,0
2026-02-05,311.81,332.26,306.06,330.82,88205800,Google,GOOGL,-0.0054,0.249,1.0856,0
2026-02-06,326.75,329.95,319.5,322.44,56380500,Google,GOOGL,-0.0253,-0.3608,1.0327,1
2026-02-09,320.51,327.27,316.85,323.9,39640100,Google,GOOGL,0.0045,-0.2969,1.0329,0
2026-02-10,320.55,321.25,314.2,318.17,39170000,Google,GOOGL,-0.0177,-0.0119,1.0224,0
2026-02-11,318.56,320.64,309.26,310.56,45406400,Google,GOOGL,-0.0239,0.1592,1.0368,0
2026-02-12,311.68,315.83,306.8,308.6,47761300,Google,GOOGL,-0.0063,0.0519,1.0294,0
2026-02-13,307.33,308.23,303.32,305.32,38499700,Google,GOOGL,-0.0106,-0.1939,1.0162,0
2026-02-17,299.65,304.04,295.86,301.63,39247600,Google,GOOGL,-0.0121,0.0194,1.0276,1
2026-02-18,301.7,304.98,300.86,302.94,28482100,Google,GOOGL,0.0043,-0.2743,1.0137,0
2026-02-19,301.43,305.07,299.65,302.46,25834400,Google,GOOGL,-0.0016,-0.093,1.0181,1
2026-02-20,303.92,316.09,303.5,314.57,53210800,Google,GOOGL,0.0401,1.0597,1.0415,0
2026-02-23,318.64,319.1,309.47,311.09,31423000,Google,GOOGL,-0.0111,-0.4095,1.0311,0
2026-02-24,310.12,311.86,305.53,310.5,25615600,Google,GOOGL,-0.0019,-0.1848,1.0207,1
2026-02-25,311.65,313.23,309.04,312.49,29963600,Google,GOOGL,0.0064,0.1697,1.0136,0
2026-02-26,312.23,312.73,301.96,306.98,36431200,Google,GOOGL,-0.0176,0.2158,1.0357,1
2026-02-27,303.74,311.96,303.41,311.35,44640600,Google,GOOGL,0.0142,0.2253,1.0282,0
2026-03-02,302.84,308.09,300.91,306.12,34790200,Google,GOOGL,-0.0168,-0.2207,1.0239,0
2026-03-03,298.2,303.54,296.32,303.19,35497000,Google,GOOGL,-0.0096,0.0203,1.0244,0
2026-03-04,302.5,305.07,300.36,302.74,29536200,Google,GOOGL,-0.0015,-0.1679,1.0157,0
2026-03-05,302.65,302.91,297.6,300.49,35752300,Google,GOOGL,-0.0074,0.2105,1.0178,0
2026-03-06,295.71,300.14,294.8,298.13,25576900,Google,GOOGL,-0.0078,-0.2846,1.0181,1
2026-03-09,294.18,306.62,293.9,306.18,29312100,Google,GOOGL,0.027,0.146,1.0433,1
2026-03-10,305.99,309.33,305.39,306.86,23239700,Google,GOOGL,0.0022,-0.2072,1.0129,1
2026-03-11,306.57,311.23,305.74,308.52,24125700,Google,GOOGL,0.0054,0.0381,1.018,0
2026-03-12,306.64,308.76,300.85,303.37,24928300,Google,GOOGL,-0.0167,0.0333,1.0263,0
2026-03-13,306.83,307.51,300.26,302.1,23693100,Google,GOOGL,-0.0042,-0.0496,1.0241,1
2026-03-16,304.17,306.31,302.84,305.38,23519700,Google,GOOGL,0.0109,-0.0073,1.0115,1
2026-03-17,305.68,311.23,305.32,310.73,21955200,Google,GOOGL,0.0175,-0.0665,1.0194,0
2026-03-18,309.09,312.28,306.75,307.51,20009800,Google,GOOGL,-0.0104,-0.0886,1.018,0
2026-03-19,303.83,307.88,302.17,306.95,25075800,Google,GOOGL,-0.0018,0.2532,1.0189,0
2026-03-20,305.28,305.82,298.09,300.82,44364100,Google,GOOGL,-0.02,0.7692,1.0259,1
2026-03-23,301.93,305.8,300.75,301.88,29326900,Google,GOOGL,0.0035,-0.3389,1.0168,0
2026-03-24,299.02,299.74,290.16,290.27,36864300,Google,GOOGL,-0.0385,0.257,1.033,1
2026-03-25,293.26,295.82,289.07,290.76,29460700,Google,GOOGL,0.0017,-0.2008,1.0234,0
2026-03-26,287.74,287.78,278.33,280.75,39080600,Google,GOOGL,-0.0344,0.3265,1.0339,0
2026-03-27,277.11,279.2,273.79,274.18,35890600,Google,GOOGL,-0.0234,-0.0816,1.0198,0
2026-03-30,276.26,276.92,271.95,273.34,35141200,Google,GOOGL,-0.0031,-0.0209,1.0183,1
2026-03-31,277.87,287.91,276.92,287.39,43875400,Google,GOOGL,0.0514,0.2485,1.0397,1
2026-04-01,290.67,300.34,290.24,297.21,37684500,Google,GOOGL,0.0342,-0.1411,1.0348,0
2026-04-02,290.52,297.9,289.28,295.59,21666500,Google,GOOGL,-0.0054,-0.4251,1.0298,1
2026-04-06,295.69,300.44,295.0,299.81,16945500,Google,GOOGL,0.0143,-0.2179,1.0184,1
2026-04-07,302.55,305.45,297.54,305.28,23205400,Google,GOOGL,0.0182,0.3694,1.0266,1
2026-04-08,320.26,321.89,314.83,317.13,33547100,Google,GOOGL,0.0388,0.4457,1.0224,1
2026-04-09,315.72,319.35,310.87,318.3,23739200,Google,GOOGL,0.0037,-0.2924,1.0273,0
2026-04-10,319.83,321.64,316.13,317.05,19152600,Google,GOOGL,-0.0039,-0.1932,1.0174,1
2026-04-13,316.95,321.44,315.28,321.12,18866400,Google,GOOGL,0.0128,-0.0149,1.0195,1
2026-04-14,324.6,333.09,323.56,332.71,27721400,Google,GOOGL,0.0361,0.4694,1.0295,1
2026-04-15,332.69,337.28,330.7,336.92,24918800,Google,GOOGL,0.0126,-0.1011,1.0199,0
2026-04-16,338.55,339.68,334.32,335.82,20541500,Google,GOOGL,-0.0033,-0.1757,1.016,1
2026-04-17,337.45,342.12,336.04,341.48,25581900,Google,GOOGL,0.0168,0.2454,1.0181,0
2026-04-20,340.56,341.2,336.41,337.22,18784200,Google,GOOGL,-0.0125,-0.2657,1.0142,0
2026-04-21,337.49,339.14,331.15,332.09,23123800,Google,GOOGL,-0.0152,0.231,1.0241,1
2026-04-22,336.82,339.62,334.97,339.12,20293000,Google,GOOGL,0.0212,-0.1224,1.0139,0
2026-04-23,340.98,341.76,335.98,338.69,18650300,Google,GOOGL,-0.0013,-0.0809,1.0172,1
2026-04-24,338.53,345.06,335.19,344.19,26426100,Google,GOOGL,0.0163,0.4169,1.0295,1
2026-04-27,345.77,352.97,342.53,350.13,28576900,Google,GOOGL,0.0172,0.0814,1.0305,0
2026-04-28,348.34,352.21,345.91,349.57,27824100,Google,GOOGL,-0.0016,-0.0263,1.0182,1
2026-04-29,347.36,355.58,344.0,349.73,35376300,Google,GOOGL,0.0005,0.2714,1.0336,1
2026-04-30,373.85,385.61,365.6,384.57,72040000,Google,GOOGL,0.0996,1.0364,1.0547,1
2026-05-01,381.4,386.53,378.82,385.46,30105200,Google,GOOGL,0.0023,-0.5821,1.0203,0
2026-05-04,385.4,387.15,379.56,383.02,26298600,Google,GOOGL,-0.0063,-0.1264,1.02,1
2026-05-05,386.0,392.59,383.79,388.2,23878600,Google,GOOGL,0.0135,-0.092,1.0229,1
2026-05-06,394.01,399.61,392.53,397.8,31308500,Google,GOOGL,0.0247,0.3112,1.0181,0
2026-05-07,399.68,399.86,392.45,397.75,24433500,Google,GOOGL,-0.0001,-0.2196,1.0189,1
2026-05-08,396.76,401.76,396.12,400.56,21461800,Google,GOOGL,0.0071,-0.1216,1.0142,0
2026-05-11,393.42,397.2,388.24,388.41,30753700,Google,GOOGL,-0.0303,0.433,1.0231,0
2026-05-12,387.11,388.29,382.54,387.12,26017500,Google,GOOGL,-0.0033,-0.154,1.015,1
2026-05-13,385.37,403.46,384.77,402.38,28144600,Google,GOOGL,0.0394,0.0818,1.0486,0
2026-05-14,397.04,402.69,395.6,400.83,21136700,Google,GOOGL,-0.0038,-0.249,1.0179,0
2026-05-15,396.08,399.3,392.95,396.54,20309700,Google,GOOGL,-0.0107,-0.0391,1.0162,1
2026-05-18,395.45,408.37,394.29,396.7,26837200,Google,GOOGL,0.0004,0.3214,1.0357,0
2026-05-19,396.72,396.91,385.88,387.43,39545700,Google,GOOGL,-0.0234,0.4735,1.0286,1
2026-05-20,387.47,393.62,382.67,388.68,31744400,Google,GOOGL,0.0032,-0.1973,1.0286,0
2026-05-21,385.47,392.27,382.79,387.43,24852800,Google,GOOGL,-0.0032,-0.2171,1.0248,0
2026-05-22,387.12,388.51,381.54,382.74,20442100,Google,GOOGL,-0.0121,-0.1775,1.0183,1
2026-05-26,384.28,389.03,382.37,388.65,27747400,Google,GOOGL,0.0154,0.3574,1.0174,0
2026-05-27,386.44,393.64,385.67,388.6,23087300,Google,GOOGL,-0.0001,-0.1679,1.0207,1
2026-05-28,387.77,391.64,384.93,389.9,24357500,Google,GOOGL,0.0033,0.055,1.0174,0
2026-05-29,385.01,385.01,378.23,380.11,44415800,Google,GOOGL,-0.0251,0.8235,1.0179,0
2026-06-01,376.3,378.33,373.3,376.15,28672100,Google,GOOGL,-0.0104,-0.3545,1.0135,0
2026-06-02,366.37,373.32,358.23,361.63,50412300,Google,GOOGL,-0.0386,0.7582,1.0421,0
2026-06-03,361.81,366.23,357.87,358.78,55441600,Google,GOOGL,-0.0079,0.0998,1.0234,1
2026-06-04,358.69,373.03,358.0,371.97,44055500,Google,GOOGL,0.0368,-0.2054,1.042,0
2026-06-05,366.12,371.86,363.9,368.31,37471200,Google,GOOGL,-0.0098,-0.1495,1.0219,0
2026-06-08,365.18,366.2,360.53,363.31,27942500,Google,GOOGL,-0.0136,-0.2543,1.0157,1
2026-06-09,367.09,372.08,357.3,364.26,29535100,Google,GOOGL,0.0026,0.057,1.0414,0
2026-06-10,363.19,368.56,355.2,356.38,32357100,Google,GOOGL,-0.0216,0.0955,1.0376,1
2026-06-11,355.93,358.8,346.36,357.77,35538200,Google,GOOGL,0.0039,0.0983,1.0359,1
2026-06-12,362.62,366.57,354.94,359.68,24704600,Google,GOOGL,0.0053,-0.3048,1.0328,1
2026-06-15,367.93,372.99,366.55,369.35,27727500,Google,GOOGL,0.0269,0.1224,1.0176,1
2026-06-16,369.6,376.0,367.06,373.25,24876100,Google,GOOGL,0.0106,-0.1028,1.0244,0
2026-06-17,369.13,372.33,362.02,363.79,24543600,Google,GOOGL,-0.0253,-0.0134,1.0285,1
2026-06-18,365.75,369.48,358.67,368.03,44470100,Google,GOOGL,0.0117,0.8119,1.0301,0
2026-06-22,357.95,358.92,341.72,349.68,52814800,Google,GOOGL,-0.0499,0.1876,1.0503,0
2026-06-23,340.69,349.29,340.2,346.13,34007700,Google,GOOGL,-0.0102,-0.3561,1.0267,0
2026-06-24,349.04,353.48,341.93,345.29,44997300,Google,GOOGL,-0.0024,0.3232,1.0338,0
2026-06-25,336.73,345.57,335.84,343.71,44491400,Google,GOOGL,-0.0046,-0.0112,1.029,0
2026-06-26,342.55,346.36,330.2,337.39,114706300,Google,GOOGL,-0.0184,1.5782,1.0489,1
2026-06-29,341.83,354.35,340.67,353.65,34213900,Google,GOOGL,0.0482,-0.7017,1.0402,1
2026-06-30,353.87,358.62,350.4,357.37,35237200,Google,GOOGL,0.0105,0.0299,1.0235,1
2026-07-01,358.37,362.97,356.43,361.21,26736400,Google,GOOGL,0.0107,-0.2412,1.0183,0
2026-07-02,359.48,364.21,353.42,359.91,25974800,Google,GOOGL,-0.0036,-0.0285,1.0305,1
2026-07-06,361.55,367.93,357.38,366.46,26915800,Google,GOOGL,0.0182,0.0362,1.0295,1
2026-07-07,369.07,373.16,365.5,367.03,24045600,Google,GOOGL,0.0016,-0.1066,1.021,0
2026-07-08,364.76,367.84,358.02,361.92,22094800,Google,GOOGL,-0.0139,-0.0811,1.0274,0
2026-07-09,354.31,359.65,351.08,358.89,24729100,Google,GOOGL,-0.0084,0.1192,1.0244,0
2026-07-10,357.53,357.82,352.75,357.18,18126000,Google,GOOGL,-0.0048,-0.267,1.0144,0
2023-01-04,86.55,86.98,83.36,85.14,68885100,Amazon,AMZN,-0.0079,-0.102,1.0434,0
2023-01-05,85.33,85.42,83.07,83.12,67930800,Amazon,AMZN,-0.0237,-0.0139,1.0283,1
2023-01-06,83.03,86.4,81.43,86.08,83303400,Amazon,AMZN,0.0356,0.2263,1.061,1
2023-01-09,87.46,89.48,87.08,87.36,65266100,Amazon,AMZN,0.0149,-0.2165,1.0276,1
2023-01-10,87.57,90.19,87.29,89.87,67756600,Amazon,AMZN,0.0287,0.0382,1.0332,1
2023-01-11,90.93,95.26,90.93,95.09,103126200,Amazon,AMZN,0.0581,0.522,1.0476,1
2023-01-12,96.93,97.19,93.5,95.27,85254800,Amazon,AMZN,0.0019,-0.1733,1.0395,1
2023-01-13,94.18,98.37,94.12,98.12,85549400,Amazon,AMZN,0.0299,0.0035,1.0452,0
2023-01-17,98.68,98.89,95.73,96.05,72755000,Amazon,AMZN,-0.0211,-0.1496,1.033,0
2023-01-18,97.25,99.32,95.38,95.46,79570400,Amazon,AMZN,-0.0061,0.0937,1.0413,0
2023-01-19,94.74,95.44,92.86,93.68,69002700,Amazon,AMZN,-0.0186,-0.1328,1.0278,1
2023-01-20,93.86,97.35,93.2,97.25,67481500,Amazon,AMZN,0.0381,-0.022,1.0445,1
2023-01-23,97.56,97.78,95.86,97.52,76501100,Amazon,AMZN,0.0028,0.1337,1.02,0
2023-01-24,96.93,98.09,96.0,96.32,66929500,Amazon,AMZN,-0.0123,-0.1251,1.0218,1
2023-01-25,92.56,97.24,91.52,97.18,94261600,Amazon,AMZN,0.0089,0.4084,1.0625,1
2023-01-26,98.24,99.49,96.92,99.22,68523600,Amazon,AMZN,0.021,-0.273,1.0265,1
2023-01-27,99.53,103.49,99.53,102.24,87775600,Amazon,AMZN,0.0304,0.281,1.0398,0
2023-01-30,101.09,101.74,99.01,100.55,70691900,Amazon,AMZN,-0.0165,-0.1946,1.0276,1
2023-01-31,101.16,103.35,101.14,103.13,66527300,Amazon,AMZN,0.0257,-0.0589,1.0219,1
2023-02-01,102.53,106.24,101.24,105.15,80450100,Amazon,AMZN,0.0196,0.2093,1.0494,1
2023-02-02,110.25,114.0,108.88,112.91,158154200,Amazon,AMZN,0.0738,0.9659,1.047,0
2023-02-03,105.26,108.78,102.52,103.39,144374800,Amazon,AMZN,-0.0843,-0.0871,1.0611,0
2023-02-06,102.93,103.95,100.65,102.18,81945200,Amazon,AMZN,-0.0117,-0.4324,1.0328,0
2023-02-07,101.17,102.41,98.08,102.11,119501300,Amazon,AMZN,-0.0007,0.4583,1.0441,0
2023-02-08,102.04,102.67,98.78,100.05,75878300,Amazon,AMZN,-0.0202,-0.365,1.0394,0
2023-02-09,101.32,101.78,97.57,98.24,64622500,Amazon,AMZN,-0.0181,-0.1483,1.0431,0
2023-02-10,97.56,98.82,96.23,97.61,52740100,Amazon,AMZN,-0.0064,-0.1839,1.0269,1
2023-02-13,97.85,99.68,96.91,99.54,52841500,Amazon,AMZN,0.0198,0.0019,1.0286,1
2023-02-14,98.41,100.92,97.52,99.7,56202900,Amazon,AMZN,0.0016,0.0636,1.0349,1
2023-02-15,99.09,101.17,98.45,101.16,47957600,Amazon,AMZN,0.0146,-0.1467,1.0276,0
2023-02-16,99.21,100.63,98.1,98.15,56339200,Amazon,AMZN,-0.0298,0.1748,1.0258,0
2023-02-17,97.8,97.94,95.65,97.2,60029400,Amazon,AMZN,-0.0097,0.0655,1.0239,0
2023-02-21,95.34,95.61,94.27,94.58,56580400,Amazon,AMZN,-0.027,-0.0575,1.0142,1
2023-02-22,95.1,97.01,94.8,95.79,59534100,Amazon,AMZN,0.0128,0.0522,1.0233,1
2023-02-23,96.12,96.43,93.67,95.82,48467000,Amazon,AMZN,0.0003,-0.1859,1.0295,0
2023-02-24,93.53,94.14,92.32,93.5,57053800,Amazon,AMZN,-0.0242,0.1772,1.0197,1
2023-02-27,94.28,94.78,93.14,93.76,47470300,Amazon,AMZN,0.0028,-0.168,1.0176,1
2023-02-28,93.14,94.69,92.92,94.23,43959300,Amazon,AMZN,0.005,-0.074,1.019,0
2023-03-01,93.87,94.68,91.59,92.17,52299500,Amazon,AMZN,-0.0219,0.1897,1.0337,0
2023-03-02,91.41,92.23,90.39,92.13,55509400,Amazon,AMZN,-0.0004,0.0614,1.0204,1
2023-03-03,92.74,94.94,92.66,94.9,55759600,Amazon,AMZN,0.0301,0.0045,1.0246,0
2023-03-06,95.19,96.55,93.74,93.75,52112400,Amazon,AMZN,-0.0121,-0.0654,1.03,0
2023-03-07,94.06,95.09,92.78,93.55,49100700,Amazon,AMZN,-0.0021,-0.0578,1.0249,1
2023-03-08,93.6,94.17,92.18,93.92,44899100,Amazon,AMZN,0.004,-0.0856,1.0216,0
2023-03-09,93.68,96.21,92.18,92.25,56218700,Amazon,AMZN,-0.0178,0.2521,1.0437,0
2023-03-10,92.67,93.57,90.25,90.73,69827500,Amazon,AMZN,-0.0165,0.2421,1.0368,1
2023-03-13,89.97,94.02,88.12,92.43,72397100,Amazon,AMZN,0.0187,0.0368,1.067,1
2023-03-14,93.83,95.07,92.71,94.88,60912700,Amazon,AMZN,0.0265,-0.1586,1.0255,1
2023-03-15,93.22,96.67,93.07,96.2,70731800,Amazon,AMZN,0.0139,0.1612,1.0387,1
2023-03-16,95.75,100.99,95.61,100.04,84446900,Amazon,AMZN,0.0399,0.1939,1.0563,0
2023-03-17,99.79,100.66,97.46,98.95,87300200,Amazon,AMZN,-0.0109,0.0338,1.0328,0
2023-03-20,98.41,98.48,95.7,97.71,62388900,Amazon,AMZN,-0.0125,-0.2854,1.029,1
2023-03-21,98.14,100.85,98.0,100.61,58597300,Amazon,AMZN,0.0297,-0.0608,1.0291,0
2023-03-22,100.45,102.1,98.61,98.7,57475400,Amazon,AMZN,-0.019,-0.0191,1.0354,1
2023-03-23,100.43,101.06,97.62,98.71,57559300,Amazon,AMZN,0.0001,0.0015,1.0352,0
2023-03-24,98.07,98.3,96.4,98.13,56095400,Amazon,AMZN,-0.0059,-0.0254,1.0197,0
2023-03-27,99.07,99.34,97.08,98.04,46721300,Amazon,AMZN,-0.0009,-0.1671,1.0233,0
2023-03-28,98.11,98.44,96.29,97.24,38720100,Amazon,AMZN,-0.0082,-0.1713,1.0223,1
2023-03-29,98.69,100.42,98.56,100.25,49783300,Amazon,AMZN,0.031,0.2857,1.0189,1
2023-03-30,101.55,103.04,101.01,102.0,53633400,Amazon,AMZN,0.0175,0.0773,1.0201,1
2023-03-31,102.16,103.49,101.95,103.29,56750300,Amazon,AMZN,0.0126,0.0581,1.0151,0
2023-04-03,102.3,103.29,101.43,102.41,41135700,Amazon,AMZN,-0.0085,-0.2751,1.0183,1
2023-04-04,102.75,104.2,102.11,103.95,48662500,Amazon,AMZN,0.015,0.183,1.0205,0
2023-04-05,103.91,103.91,100.75,101.1,45175400,Amazon,AMZN,-0.0274,-0.0717,1.0314,1
2023-04-06,100.75,102.38,99.8,102.06,43808000,Amazon,AMZN,0.0095,-0.0303,1.0259,1
2023-04-10,100.96,102.2,99.57,102.17,37261200,Amazon,AMZN,0.0011,-0.1494,1.0264,0
2023-04-11,100.8,101.0,99.01,99.92,60417800,Amazon,AMZN,-0.022,0.6215,1.0201,0
2023-04-12,100.4,100.51,97.71,97.83,56735000,Amazon,AMZN,-0.0209,-0.061,1.0287,1
2023-04-13,98.95,102.57,98.71,102.4,67925100,Amazon,AMZN,0.0467,0.1972,1.0391,1
2023-04-14,102.07,103.2,101.11,102.51,51450500,Amazon,AMZN,0.0011,-0.2425,1.0207,1
2023-04-17,103.16,103.73,101.59,102.74,39919500,Amazon,AMZN,0.0022,-0.2241,1.0211,0
2023-04-18,103.95,104.2,101.52,102.3,39790500,Amazon,AMZN,-0.0043,-0.0032,1.0264,1
2023-04-19,101.58,105.12,101.39,104.3,58398900,Amazon,AMZN,0.0196,0.4677,1.0368,0
2023-04-20,103.53,105.25,103.21,103.81,57696900,Amazon,AMZN,-0.0047,-0.012,1.0198,1
2023-04-21,106.1,108.15,105.08,106.96,86774200,Amazon,AMZN,0.0303,0.504,1.0292,0
2023-04-24,107.66,109.23,105.07,106.21,69575600,Amazon,AMZN,-0.007,-0.1982,1.0396,0
2023-04-25,104.91,105.45,102.45,102.57,65026800,Amazon,AMZN,-0.0343,-0.0654,1.0293,1
2023-04-26,105.04,106.62,104.1,104.98,73803800,Amazon,AMZN,0.0235,0.135,1.0242,1
2023-04-27,108.16,110.86,106.8,109.82,149961200,Amazon,AMZN,0.0461,1.0319,1.038,0
2023-04-28,107.73,109.48,104.33,105.45,130715900,Amazon,AMZN,-0.0398,-0.1283,1.0494,0
2023-05-01,104.95,105.23,101.82,102.05,74728100,Amazon,AMZN,-0.0322,-0.4283,1.0335,1
2023-05-02,101.47,103.9,101.15,103.63,73469400,Amazon,AMZN,0.0155,-0.0168,1.0272,1
2023-05-03,103.74,105.96,103.28,103.65,65051900,Amazon,AMZN,0.0002,-0.1146,1.0259,1
2023-05-04,104.04,105.39,103.31,104.0,45345500,Amazon,AMZN,0.0034,-0.3029,1.0201,1
2023-05-05,104.27,105.76,103.55,105.66,56951700,Amazon,AMZN,0.016,0.256,1.0213,1
2023-05-08,105.04,106.1,104.7,105.83,49430900,Amazon,AMZN,0.0016,-0.1321,1.0134,1
2023-05-09,105.48,106.79,105.16,106.62,44089400,Amazon,AMZN,0.0075,-0.1081,1.0155,1
2023-05-10,108.1,110.67,108.05,110.19,78627600,Amazon,AMZN,0.0335,0.7834,1.0242,1
2023-05-11,111.03,113.28,110.49,112.18,74924800,Amazon,AMZN,0.0181,-0.0471,1.0253,0
2023-05-12,112.16,112.64,109.32,110.26,49852700,Amazon,AMZN,-0.0171,-0.3346,1.0304,1
2023-05-15,111.15,112.29,109.25,111.2,53011100,Amazon,AMZN,0.0085,0.0634,1.0278,1
2023-05-16,111.05,114.79,111.05,113.4,71472900,Amazon,AMZN,0.0198,0.3483,1.0337,1
2023-05-17,114.89,115.83,114.22,115.5,65655200,Amazon,AMZN,0.0185,-0.0814,1.0141,1
2023-05-18,116.69,118.6,116.34,118.15,73174100,Amazon,AMZN,0.0229,0.1145,1.0194,0
2023-05-19,118.16,118.31,115.7,116.25,55056300,Amazon,AMZN,-0.0161,-0.2476,1.0226,0
2023-05-22,116.77,116.77,114.25,115.01,70741100,Amazon,AMZN,-0.0107,0.2849,1.0221,0
2023-05-23,114.27,117.14,113.78,114.99,67576300,Amazon,AMZN,-0.0002,-0.0447,1.0295,1
2023-05-24,115.35,117.34,115.02,116.75,63487900,Amazon,AMZN,0.0153,-0.0605,1.0202,0
2023-05-25,116.63,116.87,114.31,115.0,66496700,Amazon,AMZN,-0.015,0.0474,1.0224,1
2023-05-26,116.04,121.5,116.02,120.11,96779900,Amazon,AMZN,0.0444,0.4554,1.0472,1
2023-05-30,122.37,122.92,119.86,121.66,64314800,Amazon,AMZN,0.0129,-0.3355,1.0255,0
2023-05-31,121.45,122.04,119.17,120.58,72800800,Amazon,AMZN,-0.0089,0.1319,1.0241,1
2023-06-01,120.69,123.49,119.93,122.77,54375100,Amazon,AMZN,0.0182,-0.2531,1.0297,1
2023-06-02,124.92,126.39,124.02,124.25,61264400,Amazon,AMZN,0.0121,0.1267,1.0191,1
2023-06-05,123.36,125.8,123.03,125.3,47950100,Amazon,AMZN,0.0085,-0.2173,1.0225,1
2023-06-06,125.07,127.4,125.0,126.61,45695200,Amazon,AMZN,0.0105,-0.047,1.0192,0
2023-06-07,127.01,127.37,120.63,121.23,95663300,Amazon,AMZN,-0.0425,1.0935,1.0559,1
2023-06-08,123.01,125.63,122.26,124.25,62159300,Amazon,AMZN,0.0249,-0.3502,1.0276,0
2023-06-09,124.08,125.8,123.19,123.43,51396000,Amazon,AMZN,-0.0066,-0.1732,1.0212,1
2023-06-12,124.02,126.78,123.53,126.57,51338000,Amazon,AMZN,0.0254,-0.0011,1.0263,1
2023-06-13,128.12,128.41,125.18,126.66,50564800,Amazon,AMZN,0.0007,-0.0151,1.0258,0
2023-06-14,126.7,126.95,124.12,126.42,52422500,Amazon,AMZN,-0.0019,0.0367,1.0228,1
2023-06-15,125.21,127.69,124.32,127.11,60458500,Amazon,AMZN,0.0055,0.1533,1.0271,0
2023-06-16,127.71,127.9,125.3,125.49,84247100,Amazon,AMZN,-0.0127,0.3935,1.0208,1
2023-06-20,124.97,127.25,124.5,125.78,56930100,Amazon,AMZN,0.0023,-0.3242,1.0221,0
2023-06-21,125.64,126.73,123.85,124.83,52137700,Amazon,AMZN,-0.0076,-0.0842,1.0233,1
2023-06-22,125.31,130.33,125.14,130.15,90354600,Amazon,AMZN,0.0426,0.733,1.0415,0
2023-06-23,129.11,130.84,128.28,129.33,71927800,Amazon,AMZN,-0.0063,-0.2039,1.02,0
2023-06-26,129.33,131.49,127.1,127.33,59989300,Amazon,AMZN,-0.0155,-0.166,1.0345,1
2023-06-27,128.63,130.09,127.55,129.18,46801000,Amazon,AMZN,0.0145,-0.2198,1.0199,0
2023-06-28,128.94,131.48,128.44,129.04,52149500,Amazon,AMZN,-0.0011,0.1143,1.0237,0
2023-06-29,128.77,129.26,127.26,127.9,40761000,Amazon,AMZN,-0.0088,-0.2184,1.0157,1
2023-06-30,129.47,131.25,128.95,130.36,54350700,Amazon,AMZN,0.0192,0.3334,1.0178,0
2023-07-03,130.82,131.85,130.07,130.22,28264800,Amazon,AMZN,-0.0011,-0.48,1.0137,1
2023-07-05,130.24,131.4,129.64,130.38,35895400,Amazon,AMZN,0.0012,0.27,1.0136,0
2023-07-06,128.25,128.73,127.37,128.36,40639900,Amazon,AMZN,-0.0155,0.1322,1.0107,1
2023-07-07,128.59,130.97,128.13,129.78,41992300,Amazon,AMZN,0.0111,0.0333,1.0222,0
2023-07-10,129.07,129.28,125.92,127.13,61889300,Amazon,AMZN,-0.0204,0.4738,1.0267,1
2023-07-11,127.75,129.77,127.35,128.78,49951500,Amazon,AMZN,0.013,-0.1929,1.019,1
2023-07-12,130.31,131.26,128.83,130.8,54022800,Amazon,AMZN,0.0157,0.0815,1.0189,1
2023-07-13,134.04,134.67,132.71,134.3,61170900,Amazon,AMZN,0.0268,0.1323,1.0148,1
2023-07-14,134.06,136.65,134.06,134.68,54487100,Amazon,AMZN,0.0028,-0.1093,1.0193,0
2023-07-17,134.56,135.62,133.21,133.56,48450200,Amazon,AMZN,-0.0083,-0.1108,1.0181,0
2023-07-18,132.71,133.86,131.35,132.83,54882900,Amazon,AMZN,-0.0055,0.1328,1.0191,1
2023-07-19,133.39,135.99,132.53,135.36,54531000,Amazon,AMZN,0.019,-0.0064,1.0261,0
2023-07-20,134.07,134.79,129.33,129.96,59820600,Amazon,AMZN,-0.0399,0.097,1.0422,1
2023-07-21,131.34,131.37,128.42,130.0,133307300,Amazon,AMZN,0.0003,1.2285,1.023,0
2023-07-24,130.31,131.66,128.35,128.8,45591100,Amazon,AMZN,-0.0092,-0.658,1.0258,1
2023-07-25,129.31,129.58,128.53,129.13,39236700,Amazon,AMZN,0.0026,-0.1394,1.0082,0
2023-07-26,126.51,129.08,126.11,128.15,53910100,Amazon,AMZN,-0.0076,0.374,1.0236,1
2023-07-27,131.0,132.63,127.79,128.25,52610700,Amazon,AMZN,0.0008,-0.0241,1.0379,1
2023-07-28,129.69,133.01,129.33,132.21,46317400,Amazon,AMZN,0.0309,-0.1196,1.0285,1
2023-07-31,133.2,133.87,132.38,133.68,41901500,Amazon,AMZN,0.0111,-0.0953,1.0113,0
2023-08-01,133.55,133.69,131.62,131.69,42098500,Amazon,AMZN,-0.0149,0.0047,1.0157,0
2023-08-02,130.15,130.23,126.82,128.21,51027600,Amazon,AMZN,-0.0264,0.2121,1.0269,1
2023-08-03,127.48,129.84,126.41,128.91,88585200,Amazon,AMZN,0.0055,0.736,1.0271,1
2023-08-04,141.06,143.63,139.32,139.57,153128500,Amazon,AMZN,0.0827,0.7286,1.0309,1
2023-08-07,140.99,142.54,138.95,142.22,71213100,Amazon,AMZN,0.019,-0.5349,1.0258,0
2023-08-08,140.62,140.84,138.42,139.94,51710500,Amazon,AMZN,-0.016,-0.2739,1.0175,0
2023-08-09,139.97,140.32,137.1,137.85,50017300,Amazon,AMZN,-0.0149,-0.0327,1.0235,1
2023-08-10,139.07,140.41,137.49,138.56,58928400,Amazon,AMZN,0.0052,0.1782,1.0212,0
2023-08-11,137.4,139.33,137.0,138.41,42905800,Amazon,AMZN,-0.0011,-0.2719,1.017,1
2023-08-14,138.3,140.59,137.75,140.57,47148700,Amazon,AMZN,0.0156,0.0989,1.0206,0
2023-08-15,140.05,141.28,137.23,137.67,42781500,Amazon,AMZN,-0.0206,-0.0926,1.0295,0
2023-08-16,137.19,137.27,135.01,135.07,41675900,Amazon,AMZN,-0.0189,-0.0258,1.0167,0
2023-08-17,135.46,136.09,133.53,133.98,48354100,Amazon,AMZN,-0.0081,0.1602,1.0192,0
2023-08-18,131.62,134.07,131.15,133.22,48497700,Amazon,AMZN,-0.0057,0.003,1.0223,1
2023-08-21,133.74,135.19,132.71,134.68,41442500,Amazon,AMZN,0.011,-0.1455,1.0187,0
2023-08-22,135.08,135.65,133.73,134.25,32905400,Amazon,AMZN,-0.0032,-0.206,1.0144,1
2023-08-23,134.5,135.95,133.22,135.52,42801000,Amazon,AMZN,0.0095,0.3007,1.0205,0
2023-08-24,136.4,136.78,131.83,131.84,43646300,Amazon,AMZN,-0.0272,0.0197,1.0375,1
2023-08-25,132.47,133.87,130.58,133.26,44147500,Amazon,AMZN,0.0108,0.0115,1.0252,0
2023-08-28,133.78,133.95,131.85,133.14,34108400,Amazon,AMZN,-0.0009,-0.2274,1.0159,1
2023-08-29,133.38,135.14,133.25,134.91,38646100,Amazon,AMZN,0.0133,0.133,1.0142,1
2023-08-30,134.93,135.68,133.92,135.07,36137000,Amazon,AMZN,0.0012,-0.0649,1.0131,1
2023-08-31,135.06,138.79,135.0,138.01,58781300,Amazon,AMZN,0.0218,0.6266,1.0281,1
2023-09-01,139.46,139.96,136.88,138.12,40991500,Amazon,AMZN,0.0008,-0.3026,1.0225,0
2023-09-05,137.73,137.8,135.82,137.27,40636700,Amazon,AMZN,-0.0062,-0.0087,1.0146,0
2023-09-06,136.32,137.45,134.61,135.36,41785500,Amazon,AMZN,-0.0139,0.0283,1.0211,1
2023-09-07,133.9,138.03,133.16,137.85,48498900,Amazon,AMZN,0.0184,0.1607,1.0366,1
2023-09-08,136.86,138.85,136.75,138.23,38348200,Amazon,AMZN,0.0028,-0.2093,1.0154,1
2023-09-11,138.75,143.62,138.64,143.1,56764500,Amazon,AMZN,0.0352,0.4802,1.0359,0
2023-09-12,142.32,143.0,140.61,141.23,42668500,Amazon,AMZN,-0.0131,-0.2483,1.017,1
2023-09-13,140.95,144.98,140.87,144.85,60465200,Amazon,AMZN,0.0256,0.4171,1.0292,0
2023-09-14,145.08,145.86,142.95,144.72,64033600,Amazon,AMZN,-0.0009,0.059,1.0204,0
2023-09-15,142.69,143.57,140.09,140.39,102909300,Amazon,AMZN,-0.0299,0.6071,1.0248,0
2023-09-18,140.48,141.75,139.22,139.98,42823500,Amazon,AMZN,-0.0029,-0.5839,1.0182,0
2023-09-19,138.7,138.84,135.56,137.63,61482500,Amazon,AMZN,-0.0168,0.4357,1.0242,0
2023-09-20,138.55,139.37,135.2,135.29,46263700,Amazon,AMZN,-0.017,-0.2475,1.0308,0
2023-09-21,131.94,132.24,129.31,129.33,70343300,Amazon,AMZN,-0.0441,0.5205,1.0227,0
2023-09-22,131.11,132.03,128.52,129.12,59904300,Amazon,AMZN,-0.0016,-0.1484,1.0273,1
2023-09-25,129.36,131.78,128.77,131.27,46017800,Amazon,AMZN,0.0167,-0.2318,1.0234,0
2023-09-26,130.12,130.39,125.28,125.98,73048200,Amazon,AMZN,-0.0403,0.5874,1.0408,0
2023-09-27,125.76,127.48,124.13,125.98,66553400,Amazon,AMZN,0.0,-0.0889,1.027,0
2023-09-28,124.04,126.58,123.04,125.98,54555000,Amazon,AMZN,0.0,-0.1803,1.0288,1
2023-09-29,128.2,129.15,126.32,127.12,62411700,Amazon,AMZN,0.009,0.144,1.0224,1
2023-10-02,127.28,130.47,126.54,129.46,48029700,Amazon,AMZN,0.0184,-0.2304,1.0311,0
2023-10-03,128.06,128.52,124.25,124.72,51565000,Amazon,AMZN,-0.0366,0.0736,1.0344,1
2023-10-04,126.06,127.36,125.68,127.0,44203900,Amazon,AMZN,0.0183,-0.1428,1.0134,0
2023-10-05,126.71,126.73,124.33,125.96,39660600,Amazon,AMZN,-0.0082,-0.1028,1.0193,1
2023-10-06,124.16,128.45,124.13,127.96,46836700,Amazon,AMZN,0.0159,0.1809,1.0348,1
2023-10-09,126.22,128.79,124.76,128.26,38773700,Amazon,AMZN,0.0023,-0.1722,1.0323,1
2023-10-10,128.82,130.74,128.05,129.48,42178600,Amazon,AMZN,0.0095,0.0878,1.021,1
2023-10-11,129.74,132.05,129.61,131.83,40741800,Amazon,AMZN,0.0181,-0.0341,1.0188,1
2023-10-12,132.17,134.48,131.23,132.33,55528600,Amazon,AMZN,0.0038,0.3629,1.0248,0
2023-10-13,132.98,133.31,128.95,129.79,45786600,Amazon,AMZN,-0.0192,-0.1754,1.0338,1
2023-10-16,130.69,133.07,130.43,132.55,42832900,Amazon,AMZN,0.0213,-0.0645,1.0202,0
2023-10-17,130.39,132.58,128.71,131.47,49344600,Amazon,AMZN,-0.0081,0.152,1.0301,0
2023-10-18,129.9,130.67,127.51,128.13,42699500,Amazon,AMZN,-0.0254,-0.1347,1.0248,1
2023-10-19,130.57,132.24,127.47,128.4,60961400,Amazon,AMZN,0.0021,0.4277,1.0374,0
2023-10-20,128.05,128.17,124.97,125.17,56406400,Amazon,AMZN,-0.0252,-0.0747,1.0256,1
2023-10-23,124.63,127.88,123.98,126.56,48260000,Amazon,AMZN,0.0111,-0.1444,1.0315,1
2023-10-24,127.74,128.8,126.34,128.56,46477400,Amazon,AMZN,0.0158,-0.0369,1.0195,0
2023-10-25,126.04,126.34,120.79,121.39,74577500,Amazon,AMZN,-0.0558,0.6046,1.0459,0
2023-10-26,120.63,121.64,118.35,119.57,100419500,Amazon,AMZN,-0.015,0.3465,1.0278,1
2023-10-27,126.2,130.02,125.52,127.74,125309300,Amazon,AMZN,0.0683,0.2479,1.0359,1
2023-10-30,129.72,133.0,128.56,132.71,72485500,Amazon,AMZN,0.0389,-0.4215,1.0345,1
2023-10-31,132.75,133.57,131.71,133.09,51589400,Amazon,AMZN,0.0029,-0.2883,1.0141,1
2023-11-01,133.96,137.35,133.71,137.0,61529400,Amazon,AMZN,0.0294,0.1927,1.0272,1
2023-11-02,138.73,138.81,136.47,138.07,52236700,Amazon,AMZN,0.0078,-0.151,1.0171,1
2023-11-03,138.99,139.49,137.45,138.6,44059800,Amazon,AMZN,0.0038,-0.1565,1.0148,1
2023-11-06,138.76,140.73,138.36,139.74,44970400,Amazon,AMZN,0.0082,0.0207,1.0171,1
2023-11-07,140.55,143.37,140.5,142.71,53553500,Amazon,AMZN,0.0213,0.1909,1.0204,0
2023-11-08,142.97,143.12,141.22,142.08,44521700,Amazon,AMZN,-0.0044,-0.1687,1.0135,0
2023-11-09,142.02,142.65,139.84,140.6,36235400,Amazon,AMZN,-0.0104,-0.1861,1.0201,1
2023-11-10,140.46,143.65,139.91,143.56,49287800,Amazon,AMZN,0.0211,0.3602,1.0267,0
2023-11-13,142.08,143.23,140.67,142.59,35680600,Amazon,AMZN,-0.0068,-0.2761,1.0182,1
2023-11-14,145.0,147.26,144.68,145.8,56674600,Amazon,AMZN,0.0225,0.5884,1.0178,0
2023-11-15,147.06,147.29,142.59,143.2,63875700,Amazon,AMZN,-0.0178,0.1271,1.033,0
2023-11-16,140.91,143.32,139.52,142.83,49653500,Amazon,AMZN,-0.0026,-0.2227,1.0272,1
2023-11-17,142.66,145.23,142.54,145.18,49636700,Amazon,AMZN,0.0165,-0.0003,1.0189,1
2023-11-20,145.13,146.63,144.73,146.13,41951200,Amazon,AMZN,0.0065,-0.1548,1.0131,0
2023-11-21,143.91,144.05,141.5,143.9,71226000,Amazon,AMZN,-0.0153,0.6978,1.018,1
2023-11-22,144.57,147.74,144.57,146.71,45669100,Amazon,AMZN,0.0195,-0.3588,1.0219,1
2023-11-24,146.7,147.2,145.32,146.74,22378400,Amazon,AMZN,0.0002,-0.51,1.0129,1
2023-11-27,147.53,149.26,146.88,147.73,53762400,Amazon,AMZN,0.0067,1.4024,1.0162,0
2023-11-28,146.98,147.6,145.53,147.03,42711700,Amazon,AMZN,-0.0047,-0.2055,1.0142,0
2023-11-29,147.85,148.54,145.97,146.32,40610900,Amazon,AMZN,-0.0048,-0.0492,1.0176,0
2023-11-30,144.76,146.93,144.33,146.09,65814000,Amazon,AMZN,-0.0016,0.6206,1.018,1
2023-12-01,146.0,147.25,145.55,147.03,39951800,Amazon,AMZN,0.0064,-0.393,1.0117,0
2023-12-04,145.25,145.35,142.81,144.84,48294200,Amazon,AMZN,-0.0149,0.2088,1.0178,1
2023-12-05,143.55,148.57,143.13,146.88,46822400,Amazon,AMZN,0.0141,-0.0305,1.038,0
2023-12-06,147.58,147.85,144.28,144.52,39679000,Amazon,AMZN,-0.0161,-0.1526,1.0247,1
2023-12-07,146.15,147.92,145.34,146.88,52352800,Amazon,AMZN,0.0163,0.3194,1.0178,1
2023-12-08,145.48,147.84,145.4,147.42,41906000,Amazon,AMZN,0.0037,-0.1995,1.0168,0
2023-12-11,145.66,146.19,143.64,145.89,50907300,Amazon,AMZN,-0.0104,0.2148,1.0178,1
2023-12-12,145.52,147.5,145.3,147.48,44944300,Amazon,AMZN,0.0109,-0.1171,1.0151,1
2023-12-13,148.12,149.46,146.82,148.84,52766200,Amazon,AMZN,0.0092,0.174,1.018,0
2023-12-14,149.93,150.54,145.52,147.42,58400800,Amazon,AMZN,-0.0095,0.1068,1.0345,1
2023-12-15,148.38,150.57,147.88,149.97,110089300,Amazon,AMZN,0.0173,0.8851,1.0182,1
2023-12-18,150.56,154.85,150.05,154.07,62512800,Amazon,AMZN,0.0273,-0.4322,1.032,0
2023-12-19,154.4,155.12,152.69,153.79,43171300,Amazon,AMZN,-0.0018,-0.3094,1.0159,0
2023-12-20,152.9,155.63,151.56,152.12,50322100,Amazon,AMZN,-0.0109,0.1656,1.0269,1
2023-12-21,153.3,153.97,152.1,153.84,36305700,Amazon,AMZN,0.0113,-0.2785,1.0123,0
2023-12-22,153.77,154.35,152.71,153.42,29514100,Amazon,AMZN,-0.0027,-0.1871,1.0107,0
2023-12-26,153.56,153.98,153.03,153.41,25067200,Amazon,AMZN,-0.0001,-0.1507,1.0062,0
2023-12-27,153.56,154.78,153.12,153.34,31434700,Amazon,AMZN,-0.0005,0.254,1.0108,1
2023-12-28,153.72,154.08,152.95,153.38,27057000,Amazon,AMZN,0.0003,-0.1393,1.0074,0
2023-12-29,153.1,153.89,151.03,151.94,39823200,Amazon,AMZN,-0.0094,0.4718,1.0189,0
2024-01-02,151.54,152.38,148.39,149.93,47339400,Amazon,AMZN,-0.0132,0.1887,1.0269,0
2024-01-03,149.2,151.05,148.33,148.47,49425500,Amazon,AMZN,-0.0097,0.0441,1.0183,0
2024-01-04,145.59,147.38,144.05,144.57,56039800,Amazon,AMZN,-0.0263,0.1338,1.0231,1
2024-01-05,144.69,146.59,144.53,145.24,45153100,Amazon,AMZN,0.0046,-0.1943,1.0143,1
2024-01-08,146.74,149.4,146.15,149.1,46757100,Amazon,AMZN,0.0266,0.0355,1.0222,1
2024-01-09,148.33,151.71,148.21,151.37,43812600,Amazon,AMZN,0.0152,-0.063,1.0236,1
2024-01-10,152.06,154.42,151.88,153.73,44421800,Amazon,AMZN,0.0156,0.0139,1.0167,1
2024-01-11,155.04,157.17,153.12,155.18,49072700,Amazon,AMZN,0.0094,0.1047,1.0264,0
2024-01-12,155.39,156.2,154.01,154.62,40484200,Amazon,AMZN,-0.0036,-0.175,1.0142,0
2024-01-16,153.53,154.99,152.15,153.16,41384600,Amazon,AMZN,-0.0094,0.0222,1.0187,0
2024-01-17,151.49,152.15,149.91,151.71,34953400,Amazon,AMZN,-0.0095,-0.1554,1.0149,1
2024-01-18,152.77,153.78,151.82,153.5,37850200,Amazon,AMZN,0.0118,0.0829,1.0129,1
2024-01-19,153.83,155.76,152.74,155.34,51651600,Amazon,AMZN,0.012,0.3646,1.0198,0
2024-01-22,156.89,157.05,153.9,154.78,43687500,Amazon,AMZN,-0.0036,-0.1542,1.0205,1
2024-01-23,154.85,156.21,153.93,156.02,37986000,Amazon,AMZN,0.008,-0.1305,1.0148,1
2024-01-24,157.8,158.51,156.48,156.87,48547300,Amazon,AMZN,0.0054,0.278,1.013,1
2024-01-25,156.95,158.51,154.55,157.75,43638600,Amazon,AMZN,0.0056,-0.1011,1.0256,1
2024-01-26,158.42,160.72,157.91,159.12,51047400,Amazon,AMZN,0.0087,0.1698,1.0178,1
2024-01-29,159.34,161.29,158.9,161.26,45270400,Amazon,AMZN,0.0134,-0.1132,1.015,0
2024-01-30,160.7,161.73,158.49,159.0,45207400,Amazon,AMZN,-0.014,-0.0014,1.0204,0
2024-01-31,157.0,159.01,154.81,155.2,50284400,Amazon,AMZN,-0.0239,0.1123,1.0271,1
2024-02-01,155.87,159.76,155.62,159.28,76542400,Amazon,AMZN,0.0263,0.5222,1.0266,1
2024-02-02,169.19,172.5,167.33,171.81,117218300,Amazon,AMZN,0.0787,0.5314,1.0309,0
2024-02-05,170.2,170.55,167.7,170.31,55081300,Amazon,AMZN,-0.0087,-0.5301,1.017,0
2024-02-06,169.39,170.71,167.65,169.15,42505500,Amazon,AMZN,-0.0068,-0.2283,1.0183,1
2024-02-07,169.48,170.88,168.94,170.53,47174100,Amazon,AMZN,0.0082,0.1098,1.0115,0
2024-02-08,169.65,171.43,168.88,169.84,42316500,Amazon,AMZN,-0.004,-0.103,1.0151,1
2024-02-09,170.9,175.0,170.58,174.45,56986000,Amazon,AMZN,0.0271,0.3467,1.0259,0
2024-02-12,174.8,175.39,171.54,172.34,51050400,Amazon,AMZN,-0.0121,-0.1042,1.0224,0
2024-02-13,167.73,170.95,165.75,168.64,56345100,Amazon,AMZN,-0.0215,0.1037,1.0314,1
2024-02-14,169.21,171.21,168.28,170.98,42815500,Amazon,AMZN,0.0139,-0.2401,1.0174,0
2024-02-15,170.58,171.17,167.59,169.8,49855200,Amazon,AMZN,-0.0069,0.1644,1.0214,0
2024-02-16,168.74,170.42,167.17,169.51,48107700,Amazon,AMZN,-0.0017,-0.0351,1.0194,0
2024-02-20,167.83,168.71,165.74,167.08,41980300,Amazon,AMZN,-0.0143,-0.1274,1.0179,1
2024-02-21,168.94,170.23,167.14,168.59,44420100,Amazon,AMZN,0.009,0.0581,1.0185,1
2024-02-22,173.1,174.8,171.77,174.58,55392400,Amazon,AMZN,0.0355,0.247,1.0176,1
2024-02-23,174.28,175.75,173.7,174.99,59715200,Amazon,AMZN,0.0023,0.078,1.0118,0
2024-02-26,175.7,176.37,174.26,174.73,44368600,Amazon,AMZN,-0.0015,-0.257,1.0121,0
2024-02-27,174.08,174.62,172.86,173.54,31141700,Amazon,AMZN,-0.0068,-0.2981,1.0102,0
2024-02-28,172.44,174.05,172.27,173.16,28180500,Amazon,AMZN,-0.0022,-0.0951,1.0103,1
2024-02-29,173.01,177.22,172.85,176.76,53805400,Amazon,AMZN,0.0208,0.9093,1.0253,1
2024-03-01,176.75,178.73,176.07,178.22,31981200,Amazon,AMZN,0.0083,-0.4056,1.0151,0
2024-03-04,177.53,180.14,177.49,177.58,37381500,Amazon,AMZN,-0.0036,0.1689,1.0149,0
2024-03-05,176.93,176.93,173.3,174.12,37228300,Amazon,AMZN,-0.0195,-0.0041,1.0209,0
2024-03-06,175.54,176.46,173.26,173.51,32090900,Amazon,AMZN,-0.0035,-0.138,1.0185,1
2024-03-07,174.83,177.99,173.72,176.82,34063300,Amazon,AMZN,0.0191,0.0615,1.0246,0
2024-03-08,176.44,178.79,174.33,175.35,37893200,Amazon,AMZN,-0.0083,0.1124,1.0256,0
2024-03-11,174.31,174.47,171.47,171.96,28484800,Amazon,AMZN,-0.0193,-0.2483,1.0175,1
2024-03-12,173.5,176.76,171.98,175.39,36610600,Amazon,AMZN,0.0199,0.2853,1.0278,1
2024-03-13,175.9,177.62,175.55,176.56,30772600,Amazon,AMZN,0.0067,-0.1595,1.0118,1
2024-03-14,177.69,179.53,176.47,178.75,43705800,Amazon,AMZN,0.0124,0.4203,1.0173,0
2024-03-15,176.64,177.93,173.9,174.42,72147400,Amazon,AMZN,-0.0242,0.6508,1.0232,1
2024-03-18,175.8,176.69,174.28,174.48,31250700,Amazon,AMZN,0.0003,-0.5668,1.0138,1
2024-03-19,174.22,176.09,173.52,175.9,26880900,Amazon,AMZN,0.0081,-0.1398,1.0148,1
2024-03-20,176.14,178.53,174.64,178.15,29947200,Amazon,AMZN,0.0128,0.1141,1.0223,0
2024-03-21,179.99,181.42,178.15,178.15,32824300,Amazon,AMZN,0.0,0.0961,1.0184,1
2024-03-22,177.75,179.26,176.75,178.87,27995400,Amazon,AMZN,0.004,-0.1471,1.0142,1
2024-03-25,178.01,180.99,177.24,179.71,29815500,Amazon,AMZN,0.0047,0.065,1.0212,0
2024-03-26,180.15,180.45,177.95,178.3,29659000,Amazon,AMZN,-0.0078,-0.0052,1.014,1
2024-03-27,179.88,180.0,177.31,179.83,33272600,Amazon,AMZN,0.0086,0.1218,1.0152,1
2024-03-28,180.17,181.7,179.26,180.38,38051600,Amazon,AMZN,0.0031,0.1436,1.0136,1
2024-04-01,180.79,183.0,179.95,180.97,29174500,Amazon,AMZN,0.0033,-0.2333,1.0169,0
2024-04-02,179.07,180.79,178.38,180.69,32611500,Amazon,AMZN,-0.0015,0.1178,1.0135,1
2024-04-03,179.9,182.87,179.8,182.41,31046600,Amazon,AMZN,0.0095,-0.048,1.0171,0
2024-04-04,184.0,185.1,180.0,180.0,41624300,Amazon,AMZN,-0.0132,0.3407,1.0283,1
2024-04-05,182.38,186.27,181.97,185.07,42374000,Amazon,AMZN,0.0282,0.018,1.0236,1
2024-04-08,186.9,187.29,184.81,185.19,39221300,Amazon,AMZN,0.0006,-0.0744,1.0134,1
2024-04-09,187.24,187.34,184.2,185.67,36520100,Amazon,AMZN,0.0026,-0.0689,1.017,1
2024-04-10,182.77,186.27,182.67,185.95,35879200,Amazon,AMZN,0.0015,-0.0175,1.0197,1
2024-04-11,186.74,189.77,185.51,189.05,40020700,Amazon,AMZN,0.0167,0.1154,1.023,0
2024-04-12,187.72,188.38,185.08,186.13,38608800,Amazon,AMZN,-0.0154,-0.0353,1.0178,0
2024-04-15,187.43,188.69,183.0,183.62,48052400,Amazon,AMZN,-0.0135,0.2446,1.0311,0
2024-04-16,183.27,184.83,182.26,183.32,32891300,Amazon,AMZN,-0.0016,-0.3155,1.0141,0
2024-04-17,184.31,184.57,179.82,181.28,31359700,Amazon,AMZN,-0.0111,-0.0466,1.0264,0
2024-04-18,181.47,182.39,178.65,179.22,30723800,Amazon,AMZN,-0.0114,-0.0203,1.0209,0
2024-04-19,178.74,179.0,173.44,174.63,56000700,Amazon,AMZN,-0.0256,0.8227,1.0321,1
2024-04-22,176.94,178.87,174.56,177.23,37924900,Amazon,AMZN,0.0149,-0.3228,1.0247,1
2024-04-23,178.08,179.93,175.98,179.54,37046500,Amazon,AMZN,0.013,-0.0232,1.0224,0
2024-04-24,179.94,180.32,176.18,176.59,34185100,Amazon,AMZN,-0.0164,-0.0772,1.0235,0
2024-04-25,169.68,173.92,166.32,173.67,49249400,Amazon,AMZN,-0.0165,0.4407,1.0457,1
2024-04-26,177.8,180.82,176.13,179.62,43919800,Amazon,AMZN,0.0343,-0.1082,1.0266,1
2024-04-29,182.75,183.53,179.39,180.96,54063900,Amazon,AMZN,0.0075,0.231,1.0231,0
2024-04-30,181.09,182.99,174.8,175.0,94639800,Amazon,AMZN,-0.0329,0.7505,1.0469,1
2024-05-01,181.64,185.15,176.56,179.0,94645100,Amazon,AMZN,0.0229,0.0001,1.0487,1
2024-05-02,180.85,185.1,179.91,184.72,54303500,Amazon,AMZN,0.032,-0.4262,1.0288,1
2024-05-03,186.99,187.87,185.42,186.21,39172000,Amazon,AMZN,0.0081,-0.2786,1.0132,1
2024-05-06,186.28,188.75,184.8,188.7,34725300,Amazon,AMZN,0.0134,-0.1135,1.0214,1
2024-05-07,188.92,189.94,187.31,188.76,34048900,Amazon,AMZN,0.0003,-0.0195,1.014,0
2024-05-08,187.44,188.43,186.39,188.0,26136400,Amazon,AMZN,-0.004,-0.2324,1.0109,1
2024-05-09,188.88,191.7,187.44,189.5,43368400,Amazon,AMZN,0.008,0.6593,1.0227,0
2024-05-10,189.16,189.89,186.93,187.48,34141800,Amazon,AMZN,-0.0107,-0.2127,1.0158,0
2024-05-13,188.0,188.31,185.36,186.57,24898600,Amazon,AMZN,-0.0049,-0.2707,1.0159,1
2024-05-14,183.82,187.72,183.45,187.07,38698200,Amazon,AMZN,0.0027,0.5542,1.0233,0
2024-05-15,185.97,186.72,182.73,185.99,75459900,Amazon,AMZN,-0.0058,0.95,1.0218,0
2024-05-16,185.6,187.31,183.46,183.63,38834500,Amazon,AMZN,-0.0127,-0.4854,1.021,1
2024-05-17,183.76,185.3,183.35,184.7,33175700,Amazon,AMZN,0.0058,-0.1457,1.0106,0
2024-05-20,184.34,186.67,183.28,183.54,30511800,Amazon,AMZN,-0.0063,-0.0803,1.0185,0
2024-05-21,182.3,183.26,180.75,183.15,50839100,Amazon,AMZN,-0.0021,0.6662,1.0139,0
2024-05-22,183.88,185.22,181.97,183.13,28148800,Amazon,AMZN,-0.0001,-0.4463,1.0179,0
2024-05-23,183.66,184.76,180.08,181.05,33670200,Amazon,AMZN,-0.0114,0.1962,1.026,0
2024-05-24,181.65,182.44,180.3,180.75,27471600,Amazon,AMZN,-0.0017,-0.1841,1.0119,1
2024-05-28,179.93,182.24,179.49,182.15,29927000,Amazon,AMZN,0.0077,0.0894,1.0153,0
2024-05-29,181.7,184.08,181.55,182.02,32009300,Amazon,AMZN,-0.0007,0.0696,1.0139,0
2024-05-30,181.31,181.34,178.36,179.32,29184700,Amazon,AMZN,-0.0148,-0.0882,1.0167,0
2024-05-31,178.3,179.21,173.87,176.44,58903900,Amazon,AMZN,-0.0161,1.0183,1.0307,1
2024-06-03,177.7,178.7,175.92,178.34,30786600,Amazon,AMZN,0.0108,-0.4773,1.0158,1
2024-06-04,177.64,179.82,176.44,179.34,27198400,Amazon,AMZN,0.0056,-0.1166,1.0192,1
2024-06-05,180.1,181.5,178.75,181.28,32116400,Amazon,AMZN,0.0108,0.1808,1.0154,1
2024-06-06,181.75,185.0,181.49,185.0,31371200,Amazon,AMZN,0.0205,-0.0232,1.0193,0
2024-06-07,184.9,186.29,183.36,184.3,28021500,Amazon,AMZN,-0.0038,-0.1068,1.016,1
2024-06-10,184.07,187.23,183.79,187.06,34445600,Amazon,AMZN,0.015,0.2293,1.0187,1
2024-06-11,187.06,187.77,184.54,187.23,27265100,Amazon,AMZN,0.0009,-0.2085,1.0175,0
2024-06-12,188.02,188.35,185.43,186.89,33984200,Amazon,AMZN,-0.0018,0.2464,1.0157,0
2024-06-13,186.09,187.67,182.67,183.83,39721500,Amazon,AMZN,-0.0164,0.1688,1.0274,0
2024-06-14,183.08,183.72,182.23,183.66,25456400,Amazon,AMZN,-0.0009,-0.3591,1.0082,1
2024-06-17,182.52,185.0,181.22,184.06,35601900,Amazon,AMZN,0.0022,0.3985,1.0209,0
2024-06-18,183.74,184.29,181.43,182.81,36659200,Amazon,AMZN,-0.0068,0.0297,1.0158,1
2024-06-20,182.91,186.51,182.72,186.1,44726800,Amazon,AMZN,0.018,0.2201,1.0207,1
2024-06-21,187.8,189.28,185.86,189.08,70792500,Amazon,AMZN,0.016,0.5828,1.0184,0
2024-06-24,189.33,191.0,185.33,185.57,50610400,Amazon,AMZN,-0.0186,-0.2851,1.0306,1
2024-06-25,186.81,188.84,185.42,186.34,45366400,Amazon,AMZN,0.0041,-0.1036,1.0184,1
2024-06-26,186.92,194.8,186.26,193.61,65103900,Amazon,AMZN,0.039,0.4351,1.0458,1
2024-06-27,195.01,199.84,194.2,197.85,74397500,Amazon,AMZN,0.0219,0.1428,1.029,0
2024-06-28,197.73,198.85,192.5,193.25,76930200,Amazon,AMZN,-0.0232,0.034,1.033,1
2024-07-01,193.49,198.3,192.82,197.2,41192000,Amazon,AMZN,0.0204,-0.4646,1.0284,1
2024-07-02,197.28,200.43,195.93,200.0,45600000,Amazon,AMZN,0.0142,0.107,1.023,0
2024-07-03,199.94,200.03,196.76,197.59,31597900,Amazon,AMZN,-0.0121,-0.3071,1.0166,1
2024-07-05,198.65,200.55,198.17,200.0,39858900,Amazon,AMZN,0.0122,0.2614,1.012,0
2024-07-08,200.04,201.2,197.96,199.29,34767300,Amazon,AMZN,-0.0036,-0.1277,1.0164,1
2024-07-09,199.4,200.57,199.05,199.34,32700100,Amazon,AMZN,0.0003,-0.0595,1.0076,1
2024-07-10,200.0,200.11,197.69,199.79,32883800,Amazon,AMZN,0.0023,0.0056,1.0122,0
2024-07-11,200.09,200.27,192.86,195.05,44565000,Amazon,AMZN,-0.0237,0.3552,1.0384,0
2024-07-12,194.8,196.47,193.83,194.49,30598500,Amazon,AMZN,-0.0029,-0.3134,1.0136,0
2024-07-15,194.56,196.19,190.83,192.72,40683200,Amazon,AMZN,-0.0091,0.3296,1.0281,1
2024-07-16,195.59,196.62,192.24,193.02,33994700,Amazon,AMZN,0.0016,-0.1644,1.0228,0
2024-07-17,191.35,191.58,185.99,187.93,48076100,Amazon,AMZN,-0.0264,0.4142,1.0301,0
2024-07-18,189.59,189.68,181.45,183.75,51043600,Amazon,AMZN,-0.0222,0.0617,1.0454,0
2024-07-19,181.14,184.93,180.11,183.13,43081800,Amazon,AMZN,-0.0034,-0.156,1.0268,0
2024-07-22,185.0,185.06,182.48,182.55,39931900,Amazon,AMZN,-0.0032,-0.0731,1.0141,1
2024-07-23,184.1,189.39,183.56,186.41,47537700,Amazon,AMZN,0.0211,0.1905,1.0318,0
2024-07-24,183.2,185.45,180.41,180.83,41532400,Amazon,AMZN,-0.0299,-0.1263,1.0279,0
2024-07-25,182.91,183.9,176.8,179.85,44464200,Amazon,AMZN,-0.0054,0.0706,1.0402,1
2024-07-26,180.39,183.19,180.24,182.5,29506000,Amazon,AMZN,0.0147,-0.3364,1.0164,1
2024-07-29,183.84,184.75,182.38,183.2,33270100,Amazon,AMZN,0.0038,0.1276,1.013,0
2024-07-30,184.72,185.86,179.38,181.71,39508600,Amazon,AMZN,-0.0081,0.1875,1.0361,1
2024-07-31,185.05,187.94,184.46,186.98,41667300,Amazon,AMZN,0.029,0.0546,1.0189,0
2024-08-01,189.29,190.6,181.87,184.07,70435600,Amazon,AMZN,-0.0156,0.6904,1.048,0
2024-08-02,166.75,168.77,160.55,167.9,141448400,Amazon,AMZN,-0.0878,1.0082,1.0512,0
2024-08-05,154.21,162.96,151.61,161.02,83149400,Amazon,AMZN,-0.041,-0.4122,1.0749,1
2024-08-06,161.71,165.08,158.54,161.93,59950800,Amazon,AMZN,0.0057,-0.279,1.0413,1
2024-08-07,166.55,167.58,161.43,162.77,48408200,Amazon,AMZN,0.0052,-0.1925,1.0381,1
2024-08-08,165.17,166.69,162.55,165.8,44616200,Amazon,AMZN,0.0186,-0.0783,1.0255,1
2024-08-09,166.4,168.55,165.85,166.94,36401000,Amazon,AMZN,0.0069,-0.1841,1.0163,0
2024-08-12,168.14,168.55,166.11,166.8,30072800,Amazon,AMZN,-0.0008,-0.1738,1.0147,1
2024-08-13,167.81,171.04,167.1,170.23,39237900,Amazon,AMZN,0.0206,0.3048,1.0236,0
2024-08-14,172.11,172.28,168.86,170.1,28843800,Amazon,AMZN,-0.0008,-0.2649,1.0203,1
2024-08-15,174.86,177.91,173.99,177.59,51698500,Amazon,AMZN,0.044,0.7924,1.0225,0
2024-08-16,177.04,178.34,176.26,177.06,31489200,Amazon,AMZN,-0.003,-0.3909,1.0118,1
2024-08-19,177.64,178.3,176.16,178.22,31129800,Amazon,AMZN,0.0066,-0.0114,1.0121,1
2024-08-20,177.92,179.01,177.43,178.88,26255200,Amazon,AMZN,0.0037,-0.1566,1.0089,1
2024-08-21,179.92,182.39,178.89,180.11,35599100,Amazon,AMZN,0.0069,0.3559,1.0196,0
2024-08-22,181.38,181.47,175.68,176.13,32047500,Amazon,AMZN,-0.0221,-0.0998,1.033,1
2024-08-23,177.34,178.97,175.24,177.04,29150100,Amazon,AMZN,0.0052,-0.0904,1.0213,0
2024-08-26,176.7,177.47,174.3,175.5,22366200,Amazon,AMZN,-0.0087,-0.2327,1.0182,0
2024-08-27,174.15,174.89,172.25,173.12,29842000,Amazon,AMZN,-0.0136,0.3342,1.0153,0
2024-08-28,173.69,173.69,168.92,170.8,29045000,Amazon,AMZN,-0.0134,-0.0267,1.0282,1
2024-08-29,173.22,174.29,170.81,172.12,26407800,Amazon,AMZN,0.0077,-0.0908,1.0204,1
2024-08-30,172.78,178.9,172.6,178.5,43429400,Amazon,AMZN,0.0371,0.6446,1.0365,0
2024-09-03,177.55,178.26,175.26,176.25,37817500,Amazon,AMZN,-0.0126,-0.1292,1.0171,0
2024-09-04,174.48,175.98,172.54,173.33,30309200,Amazon,AMZN,-0.0166,-0.1985,1.0199,1
2024-09-05,175.0,179.88,175.0,177.89,40170500,Amazon,AMZN,0.0263,0.3254,1.0279,0
2024-09-06,177.24,178.38,171.16,171.39,41466500,Amazon,AMZN,-0.0365,0.0323,1.0422,1
2024-09-09,174.53,175.85,173.51,175.4,29037400,Amazon,AMZN,0.0234,-0.2997,1.0135,1
2024-09-10,177.49,180.5,176.79,179.55,36233800,Amazon,AMZN,0.0237,0.2478,1.021,1
2024-09-11,180.1,184.99,175.73,184.52,42564700,Amazon,AMZN,0.0277,0.1747,1.0527,1
2024-09-12,184.8,187.41,183.54,187.0,33544200,Amazon,AMZN,0.0134,-0.2119,1.0211,0
2024-09-13,187.0,188.5,185.91,186.49,26495400,Amazon,AMZN,-0.0027,-0.2101,1.0139,0
2024-09-16,185.29,185.81,183.36,184.89,26065500,Amazon,AMZN,-0.0086,-0.0162,1.0134,1
2024-09-17,186.85,189.45,186.14,186.88,26091700,Amazon,AMZN,0.0108,0.001,1.0178,0
2024-09-18,186.45,188.8,185.06,186.43,34448100,Amazon,AMZN,-0.0024,0.3203,1.0202,1
2024-09-19,190.04,190.99,188.47,189.87,39543200,Amazon,AMZN,0.0185,0.1479,1.0134,1
2024-09-20,190.23,191.84,187.41,191.6,100378600,Amazon,AMZN,0.0091,1.5385,1.0236,1
2024-09-23,191.64,194.45,190.57,193.88,36993100,Amazon,AMZN,0.0119,-0.6315,1.0204,1
2024-09-24,194.27,195.37,190.13,193.96,43478900,Amazon,AMZN,0.0004,0.1753,1.0276,0
2024-09-25,193.75,193.95,192.16,192.53,26391100,Amazon,AMZN,-0.0074,-0.393,1.0093,0
2024-09-26,194.31,194.53,189.54,191.16,36334900,Amazon,AMZN,-0.0071,0.3768,1.0263,0
2024-09-27,190.68,190.9,187.34,187.97,36002300,Amazon,AMZN,-0.0167,-0.0092,1.019,0
2024-09-30,187.14,188.49,184.65,186.33,41583900,Amazon,AMZN,-0.0087,0.155,1.0208,0
2024-10-01,184.9,186.19,183.45,185.13,36044900,Amazon,AMZN,-0.0064,-0.1332,1.0149,0
2024-10-02,184.44,186.6,184.04,184.76,23704100,Amazon,AMZN,-0.002,-0.3424,1.0139,0
2024-10-03,183.05,183.44,180.88,181.96,30204300,Amazon,AMZN,-0.0152,0.2742,1.0142,1
2024-10-04,185.75,187.6,183.6,186.51,40890300,Amazon,AMZN,0.025,0.3538,1.0218,0
2024-10-07,182.95,183.6,180.25,180.8,42364200,Amazon,AMZN,-0.0306,0.036,1.0186,1
2024-10-08,181.92,183.09,180.92,182.72,26372100,Amazon,AMZN,0.0106,-0.3775,1.012,1
2024-10-09,182.82,185.85,182.05,185.17,26343100,Amazon,AMZN,0.0134,-0.0011,1.0209,1
2024-10-10,187.13,188.13,185.83,186.65,27785000,Amazon,AMZN,0.008,0.0547,1.0124,1
2024-10-11,186.63,189.93,186.3,188.82,25751600,Amazon,AMZN,0.0116,-0.0732,1.0195,0
2024-10-14,189.78,189.83,187.36,187.54,22614400,Amazon,AMZN,-0.0068,-0.1218,1.0132,1
2024-10-15,187.63,188.41,184.58,187.69,32178900,Amazon,AMZN,0.0008,0.4229,1.0207,0
2024-10-16,187.05,187.78,185.61,186.89,23456800,Amazon,AMZN,-0.0043,-0.2711,1.0117,1
2024-10-17,188.22,188.94,186.0,187.53,25039400,Amazon,AMZN,0.0034,0.0675,1.0158,1
2024-10-18,187.15,190.74,186.28,188.99,37417700,Amazon,AMZN,0.0078,0.4944,1.0239,1
2024-10-21,188.05,189.46,186.4,189.07,24639400,Amazon,AMZN,0.0004,-0.3415,1.0164,1
2024-10-22,188.35,191.52,186.98,189.7,29650600,Amazon,AMZN,0.0033,0.2034,1.0243,0
2024-10-23,188.85,189.16,183.69,184.71,31937100,Amazon,AMZN,-0.0263,0.0771,1.0298,1
2024-10-24,185.25,187.11,183.86,186.38,21647400,Amazon,AMZN,0.009,-0.3222,1.0177,1
2024-10-25,187.85,190.45,187.53,187.83,29362100,Amazon,AMZN,0.0078,0.3564,1.0156,1
2024-10-28,189.57,190.21,188.21,188.39,27930800,Amazon,AMZN,0.003,-0.0487,1.0106,1
2024-10-29,188.58,191.46,187.82,190.83,35690200,Amazon,AMZN,0.013,0.2778,1.0194,1
2024-10-30,194.7,195.61,192.42,192.73,37707600,Amazon,AMZN,0.01,0.0565,1.0166,0
2024-10-31,190.51,190.6,185.23,186.4,75146800,Amazon,AMZN,-0.0328,0.9929,1.029,1
2024-11-01,199.0,200.5,197.02,197.93,99687800,Amazon,AMZN,0.0619,0.3266,1.0177,0
2024-11-04,196.45,197.33,194.31,195.78,38492100,Amazon,AMZN,-0.0109,-0.6139,1.0155,1
2024-11-05,196.04,199.82,195.99,199.5,30564800,Amazon,AMZN,0.019,-0.2059,1.0195,1
2024-11-06,200.01,207.55,199.14,207.09,72292200,Amazon,AMZN,0.038,1.3652,1.0422,1
2024-11-07,207.44,212.25,207.19,210.05,52878400,Amazon,AMZN,0.0143,-0.2685,1.0244,0
2024-11-08,209.72,209.96,207.44,208.18,36075800,Amazon,AMZN,-0.0089,-0.3178,1.0121,0
2024-11-11,208.5,209.65,205.59,206.84,35456000,Amazon,AMZN,-0.0064,-0.0172,1.0197,1
2024-11-12,208.37,209.54,206.01,208.91,38942900,Amazon,AMZN,0.01,0.0983,1.0171,1
2024-11-13,209.4,215.09,209.14,214.1,46212900,Amazon,AMZN,0.0248,0.1867,1.0284,0
2024-11-14,214.16,215.9,210.88,211.48,42620300,Amazon,AMZN,-0.0122,-0.0777,1.0238,0
2024-11-15,206.76,207.34,199.61,202.61,86591100,Amazon,AMZN,-0.0419,1.0317,1.0387,0
2024-11-18,204.15,204.67,200.95,201.7,36409900,Amazon,AMZN,-0.0045,-0.5795,1.0185,1
2024-11-19,199.33,205.3,198.78,204.61,31197900,Amazon,AMZN,0.0144,-0.1431,1.0328,0
2024-11-20,202.98,203.13,199.45,202.88,32769000,Amazon,AMZN,-0.0085,0.0504,1.0185,0
2024-11-21,203.49,203.49,195.75,198.38,58800000,Amazon,AMZN,-0.0222,0.7944,1.0395,0
2024-11-22,198.25,199.26,196.75,197.12,31530800,Amazon,AMZN,-0.0064,-0.4638,1.0128,1
2024-11-25,199.28,201.95,199.0,201.45,40685700,Amazon,AMZN,0.022,0.2903,1.0148,1
2024-11-26,201.9,208.0,201.79,207.86,41673700,Amazon,AMZN,0.0318,0.0243,1.0308,0
2024-11-27,206.98,207.64,205.05,205.74,28061600,Amazon,AMZN,-0.0102,-0.3266,1.0126,1
2024-11-29,205.83,208.2,204.59,207.89,24892400,Amazon,AMZN,0.0105,-0.1129,1.0176,1
2024-12-02,209.96,212.99,209.51,210.71,39523200,Amazon,AMZN,0.0136,0.5878,1.0166,1
2024-12-03,210.31,214.02,209.65,213.44,32214800,Amazon,AMZN,0.013,-0.1849,1.0208,1
2024-12-04,215.96,220.0,215.75,218.16,48745700,Amazon,AMZN,0.0221,0.5131,1.0197,1
2024-12-05,218.03,222.15,217.3,220.55,41140200,Amazon,AMZN,0.011,-0.156,1.0223,1
2024-12-06,220.75,227.15,220.6,227.03,44178100,Amazon,AMZN,0.0294,0.0738,1.0297,0
2024-12-09,227.21,230.08,225.67,226.09,46819400,Amazon,AMZN,-0.0041,0.0598,1.0195,0
2024-12-10,226.09,229.06,224.2,225.04,31199900,Amazon,AMZN,-0.0046,-0.3336,1.0217,1
2024-12-11,226.41,231.2,226.26,230.26,35385800,Amazon,AMZN,0.0232,0.1342,1.0218,0
2024-12-12,229.83,231.09,227.63,228.97,28204100,Amazon,AMZN,-0.0056,-0.203,1.0152,0
2024-12-13,228.4,230.2,225.86,227.46,28768100,Amazon,AMZN,-0.0066,0.02,1.0192,1
2024-12-16,230.23,233.0,228.01,232.93,37552100,Amazon,AMZN,0.024,0.3053,1.0219,0
2024-12-17,232.39,232.73,227.85,231.15,35948100,Amazon,AMZN,-0.0076,-0.0427,1.0214,0
2024-12-18,230.77,231.4,220.11,220.52,43281400,Amazon,AMZN,-0.046,0.204,1.0513,1
2024-12-19,224.91,226.09,222.92,223.29,39918700,Amazon,AMZN,0.0126,-0.0777,1.0142,1
2024-12-20,219.84,226.21,218.73,224.92,88279200,Amazon,AMZN,0.0073,1.2115,1.0342,1
2024-12-23,225.01,226.88,223.9,225.06,28070000,Amazon,AMZN,0.0006,-0.682,1.0133,1
2024-12-24,226.94,229.14,226.13,229.05,15007500,Amazon,AMZN,0.0177,-0.4654,1.0133,0
2024-12-26,228.5,228.5,226.67,227.05,16146700,Amazon,AMZN,-0.0087,0.0759,1.0081,0
2024-12-27,225.6,226.03,220.9,223.75,27367100,Amazon,AMZN,-0.0145,0.6949,1.0232,0
2024-12-30,220.06,223.0,218.43,221.3,28321200,Amazon,AMZN,-0.0109,0.0349,1.0209,0
2024-12-31,222.97,223.23,218.94,219.39,24819700,Amazon,AMZN,-0.0086,-0.1236,1.0196,1
2025-01-02,222.03,225.15,218.19,220.22,33956600,Amazon,AMZN,0.0038,0.3681,1.0319,1
2025-01-03,222.51,225.36,221.62,224.19,27515600,Amazon,AMZN,0.018,-0.1897,1.0169,1
2025-01-06,226.78,228.84,224.84,227.61,31849800,Amazon,AMZN,0.0153,0.1575,1.0178,0
2025-01-07,227.9,228.38,221.46,222.11,28084200,Amazon,AMZN,-0.0242,-0.1182,1.0312,1
2025-01-08,223.19,223.52,220.2,222.13,25033300,Amazon,AMZN,0.0001,-0.1086,1.0151,0
2025-01-10,221.46,221.71,216.5,218.94,36811500,Amazon,AMZN,-0.0144,0.4705,1.0241,0
2025-01-13,218.06,219.4,216.47,218.46,27262700,Amazon,AMZN,-0.0022,-0.2594,1.0135,0
2025-01-14,220.44,221.82,216.2,217.76,24711700,Amazon,AMZN,-0.0032,-0.0936,1.026,1
2025-01-15,222.83,223.57,220.75,223.35,31291300,Amazon,AMZN,0.0257,0.2663,1.0128,0
2025-01-16,224.42,224.65,220.31,220.66,24757300,Amazon,AMZN,-0.012,-0.2088,1.0197,1
2025-01-17,225.84,226.51,223.08,225.94,42370100,Amazon,AMZN,0.0239,0.7114,1.0154,1
2025-01-21,228.9,231.78,226.94,230.71,39951500,Amazon,AMZN,0.0211,-0.0571,1.0213,1
2025-01-22,232.02,235.44,231.19,235.01,41448200,Amazon,AMZN,0.0186,0.0375,1.0184,1
2025-01-23,234.1,235.52,231.51,235.42,26404400,Amazon,AMZN,0.0017,-0.363,1.0173,0
2025-01-24,234.5,236.4,232.93,234.85,25890700,Amazon,AMZN,-0.0024,-0.0195,1.0149,1
2025-01-27,226.21,235.61,225.86,235.42,49428300,Amazon,AMZN,0.0024,0.9091,1.0432,1
2025-01-28,234.29,241.77,233.98,238.15,41587200,Amazon,AMZN,0.0116,-0.1586,1.0333,0
2025-01-29,239.02,240.39,236.15,237.07,26091700,Amazon,AMZN,-0.0045,-0.3726,1.018,0
2025-01-30,237.14,237.95,232.22,234.64,32020700,Amazon,AMZN,-0.0103,0.2272,1.0247,1
2025-01-31,236.5,240.29,236.41,237.68,36110200,Amazon,AMZN,0.013,0.1277,1.0164,0
2025-02-03,234.06,239.25,232.9,237.42,37285900,Amazon,AMZN,-0.0011,0.0326,1.0273,1
2025-02-04,239.01,242.52,238.03,242.06,29713800,Amazon,AMZN,0.0195,-0.2031,1.0189,0
2025-02-05,237.02,238.32,235.2,236.17,38727300,Amazon,AMZN,-0.0243,0.3033,1.0133,1
2025-02-06,238.01,239.66,236.01,238.83,60897100,Amazon,AMZN,0.0113,0.5725,1.0155,0
2025-02-07,232.5,234.81,228.06,229.15,77539300,Amazon,AMZN,-0.0405,0.2733,1.0296,1
2025-02-10,230.55,233.92,229.2,233.14,35419900,Amazon,AMZN,0.0174,-0.5432,1.0206,0
2025-02-11,231.92,233.44,230.13,232.76,23713700,Amazon,AMZN,-0.0016,-0.3305,1.0144,0
2025-02-12,230.46,231.18,228.16,228.93,32285200,Amazon,AMZN,-0.0165,0.3615,1.0132,1
2025-02-13,228.85,230.42,227.52,230.37,31346500,Amazon,AMZN,0.0063,-0.0291,1.0127,0
2025-02-14,229.2,229.89,227.23,228.68,27031100,Amazon,AMZN,-0.0073,-0.1377,1.0117,0
2025-02-18,228.82,229.3,223.72,226.65,42975100,Amazon,AMZN,-0.0089,0.5898,1.0249,0
2025-02-19,225.52,226.83,223.71,226.63,28566700,Amazon,AMZN,-0.0001,-0.3353,1.0139,0
2025-02-20,224.78,225.13,221.81,222.88,30001700,Amazon,AMZN,-0.0165,0.0502,1.015,0
2025-02-21,223.28,223.31,214.74,216.58,55323900,Amazon,AMZN,-0.0283,0.844,1.0399,0
2025-02-24,217.45,217.72,212.42,212.71,42387600,Amazon,AMZN,-0.0179,-0.2338,1.025,1
2025-02-25,211.63,213.34,204.16,212.8,58958000,Amazon,AMZN,0.0004,0.3909,1.045,1
2025-02-26,214.94,218.16,213.09,214.35,39120600,Amazon,AMZN,0.0073,-0.3365,1.0238,0
2025-02-27,218.35,219.97,208.37,208.74,40548600,Amazon,AMZN,-0.0262,0.0365,1.0557,1
2025-02-28,208.65,212.62,206.99,212.28,51771700,Amazon,AMZN,0.017,0.2768,1.0272,0
2025-03-03,213.35,214.01,202.55,205.02,42948400,Amazon,AMZN,-0.0342,-0.1704,1.0566,0
2025-03-04,200.11,206.8,197.43,203.8,60853100,Amazon,AMZN,-0.006,0.4169,1.0475,1
2025-03-05,204.8,209.98,203.26,208.36,38610100,Amazon,AMZN,0.0224,-0.3655,1.0331,0
2025-03-06,204.4,205.77,198.3,200.7,49863800,Amazon,AMZN,-0.0368,0.2915,1.0377,0
2025-03-07,199.49,202.27,192.53,199.25,59802800,Amazon,AMZN,-0.0072,0.1993,1.0506,0
2025-03-10,195.6,196.73,190.85,194.54,62350900,Amazon,AMZN,-0.0236,0.0426,1.0308,1
2025-03-11,193.9,200.18,193.4,196.59,54002900,Amazon,AMZN,0.0105,-0.1339,1.0351,1
2025-03-12,200.72,201.52,195.29,198.89,43679300,Amazon,AMZN,0.0117,-0.1912,1.0319,0
2025-03-13,198.17,198.88,191.82,193.89,41270800,Amazon,AMZN,-0.0251,-0.0551,1.0368,1
2025-03-14,197.41,198.65,195.32,197.95,38096700,Amazon,AMZN,0.0209,-0.0769,1.017,0
2025-03-17,198.77,199.0,194.32,195.74,47341800,Amazon,AMZN,-0.0112,0.2427,1.0241,0
2025-03-18,192.52,194.0,189.38,192.82,40414900,Amazon,AMZN,-0.0149,-0.1463,1.0244,1
2025-03-19,193.38,195.97,191.96,195.54,39442900,Amazon,AMZN,0.0141,-0.0241,1.0209,0
2025-03-20,193.07,199.32,192.3,194.95,38921100,Amazon,AMZN,-0.003,-0.0132,1.0365,1
2025-03-21,192.9,196.99,192.52,196.21,60056900,Amazon,AMZN,0.0065,0.543,1.0232,1
2025-03-24,200.0,203.64,199.95,203.26,41625400,Amazon,AMZN,0.0359,-0.3069,1.0185,1
2025-03-25,203.6,206.21,203.22,205.71,31171200,Amazon,AMZN,0.0121,-0.2511,1.0147,0
2025-03-26,205.84,206.01,199.93,201.13,32855300,Amazon,AMZN,-0.0223,0.054,1.0304,1
2025-03-27,200.89,203.79,199.28,201.36,27317700,Amazon,AMZN,0.0011,-0.1685,1.0226,0
2025-03-28,198.42,199.26,191.88,192.72,52548200,Amazon,AMZN,-0.0429,0.9236,1.0385,0
2025-03-31,188.19,191.33,184.4,190.26,63547600,Amazon,AMZN,-0.0128,0.2093,1.0376,1
2025-04-01,187.86,193.93,187.2,192.17,41267300,Amazon,AMZN,0.01,-0.3506,1.036,1
2025-04-02,187.66,198.34,187.66,196.01,53679200,Amazon,AMZN,0.02,0.3008,1.0569,0
2025-04-03,183.0,184.13,176.92,178.41,95553600,Amazon,AMZN,-0.0898,0.7801,1.0408,0
2025-04-04,167.15,178.14,166.0,171.0,123159400,Amazon,AMZN,-0.0415,0.2889,1.0731,1
2025-04-07,162.0,183.41,161.38,175.26,109327100,Amazon,AMZN,0.0249,-0.1123,1.1365,0
2025-04-08,185.23,185.9,168.57,170.66,87710400,Amazon,AMZN,-0.0262,-0.1977,1.1028,1
2025-04-09,172.12,192.65,169.93,191.1,116804300,Amazon,AMZN,0.1198,0.3317,1.1337,0
2025-04-10,185.44,186.87,175.85,181.22,68302000,Amazon,AMZN,-0.0517,-0.4152,1.0627,1
2025-04-11,179.93,185.86,178.0,184.87,50594300,Amazon,AMZN,0.0201,-0.2593,1.0442,0
2025-04-14,186.84,187.44,179.23,182.12,48002500,Amazon,AMZN,-0.0149,-0.0512,1.0458,0
2025-04-15,181.41,182.35,177.93,179.59,43642000,Amazon,AMZN,-0.0139,-0.0908,1.0248,0
2025-04-16,176.29,179.1,171.41,174.33,51875300,Amazon,AMZN,-0.0293,0.1887,1.0449,0
2025-04-17,176.0,176.21,172.0,172.61,44726500,Amazon,AMZN,-0.0099,-0.1378,1.0245,0
2025-04-21,169.6,169.6,165.29,167.32,48126100,Amazon,AMZN,-0.0306,0.076,1.0261,1
2025-04-22,169.85,176.78,169.35,173.18,56607200,Amazon,AMZN,0.035,0.1762,1.0439,1
2025-04-23,183.45,187.38,180.19,180.6,63470100,Amazon,AMZN,0.0428,0.1212,1.0399,1
2025-04-24,180.92,186.74,180.18,186.54,43763200,Amazon,AMZN,0.0329,-0.3105,1.0364,1
2025-04-25,187.62,189.94,185.49,188.99,36414300,Amazon,AMZN,0.0131,-0.1679,1.024,0
2025-04-28,190.11,190.22,184.89,187.7,33224700,Amazon,AMZN,-0.0068,-0.0876,1.0288,0
2025-04-29,183.99,188.02,183.68,187.39,41667300,Amazon,AMZN,-0.0017,0.2541,1.0236,0
2025-04-30,182.17,185.05,178.85,184.42,55176500,Amazon,AMZN,-0.0158,0.3242,1.0347,1
2025-05-01,190.63,191.81,187.5,190.2,74266000,Amazon,AMZN,0.0313,0.346,1.023,0
2025-05-02,191.44,192.88,186.4,189.98,77903500,Amazon,AMZN,-0.0012,0.049,1.0348,0
2025-05-05,186.51,188.18,185.53,186.35,35217500,Amazon,AMZN,-0.0191,-0.5479,1.0143,0
2025-05-06,184.57,187.93,183.85,185.01,29314100,Amazon,AMZN,-0.0072,-0.1676,1.0222,1
2025-05-07,185.56,190.99,185.01,188.71,43948600,Amazon,AMZN,0.02,0.4992,1.0323,1
2025-05-08,191.43,194.33,188.82,192.08,41043600,Amazon,AMZN,0.0179,-0.0661,1.0292,1
2025-05-09,193.38,194.69,191.16,193.06,29663100,Amazon,AMZN,0.0051,-0.2773,1.0185,1
2025-05-12,210.71,211.66,205.75,208.64,75205000,Amazon,AMZN,0.0807,1.5353,1.0287,1
2025-05-13,211.08,214.84,210.1,211.37,56193700,Amazon,AMZN,0.0131,-0.2528,1.0226,0
2025-05-14,211.45,211.93,208.85,210.25,38492100,Amazon,AMZN,-0.0053,-0.315,1.0147,0
2025-05-15,206.45,206.88,202.67,205.17,64347300,Amazon,AMZN,-0.0242,0.6717,1.0208,1
2025-05-16,206.85,206.85,204.37,205.59,43318500,Amazon,AMZN,0.002,-0.3268,1.0121,1
2025-05-19,201.65,206.62,201.26,206.16,34314800,Amazon,AMZN,0.0028,-0.2078,1.0266,0
2025-05-20,204.63,205.59,202.65,204.07,29470400,Amazon,AMZN,-0.0101,-0.1412,1.0145,0
2025-05-21,201.61,203.46,200.06,201.12,42460900,Amazon,AMZN,-0.0145,0.4408,1.017,1
2025-05-22,201.38,205.76,200.16,203.1,38938900,Amazon,AMZN,0.0098,-0.0829,1.028,0
2025-05-23,198.9,202.37,197.85,200.99,33393500,Amazon,AMZN,-0.0104,-0.1424,1.0228,1
2025-05-27,203.09,206.69,202.19,206.02,34892000,Amazon,AMZN,0.025,0.0449,1.0223,0
2025-05-28,205.92,207.66,204.41,204.72,28549800,Amazon,AMZN,-0.0063,-0.1818,1.0159,1
2025-05-29,208.03,208.81,204.23,205.7,34650000,Amazon,AMZN,0.0048,0.2137,1.0224,0
2025-05-30,204.84,205.99,201.7,205.01,51679400,Amazon,AMZN,-0.0034,0.4915,1.0213,1
2025-06-02,204.98,207.0,202.68,206.65,29113300,Amazon,AMZN,0.008,-0.4367,1.0213,0
2025-06-03,207.11,208.95,205.03,205.71,33139100,Amazon,AMZN,-0.0045,0.1383,1.0191,1
2025-06-04,206.55,208.18,205.18,207.23,29915600,Amazon,AMZN,0.0074,-0.0973,1.0146,1
2025-06-05,209.55,212.81,207.56,207.91,51864200,Amazon,AMZN,0.0033,0.7337,1.0253,1
2025-06-06,212.4,213.87,210.5,213.57,39832500,Amazon,AMZN,0.0272,-0.232,1.016,1
2025-06-09,214.75,217.85,212.88,216.98,38102500,Amazon,AMZN,0.016,-0.0434,1.0233,1
2025-06-10,216.78,217.69,214.15,217.61,31303300,Amazon,AMZN,0.0029,-0.1784,1.0165,0
2025-06-11,217.41,218.4,212.89,213.2,39326000,Amazon,AMZN,-0.0203,0.2563,1.0259,1
2025-06-12,211.78,213.58,211.33,213.24,27640000,Amazon,AMZN,0.0002,-0.2972,1.0106,0
2025-06-13,209.96,214.05,209.62,212.1,29337800,Amazon,AMZN,-0.0053,0.0614,1.0211,1
2025-06-16,212.31,217.06,211.6,216.1,33284200,Amazon,AMZN,0.0189,0.1345,1.0258,0
2025-06-17,215.2,217.41,214.56,214.82,32086300,Amazon,AMZN,-0.0059,-0.036,1.0133,0
2025-06-18,215.09,217.96,212.34,212.52,44360500,Amazon,AMZN,-0.0107,0.3825,1.0265,0
2025-06-20,214.68,214.89,208.27,209.69,75350700,Amazon,AMZN,-0.0133,0.6986,1.0318,0
2025-06-23,209.79,210.39,207.31,208.47,37311700,Amazon,AMZN,-0.0058,-0.5048,1.0149,1
2025-06-24,212.14,214.34,211.05,212.77,38378800,Amazon,AMZN,0.0206,0.0286,1.0156,0
2025-06-25,214.62,216.03,211.11,211.99,31755700,Amazon,AMZN,-0.0037,-0.1726,1.0233,1
2025-06-26,213.12,218.04,212.01,217.12,50480800,Amazon,AMZN,0.0242,0.5897,1.0284,1
2025-06-27,219.92,223.3,216.74,223.3,119217100,Amazon,AMZN,0.0285,1.3616,1.0303,0
2025-06-30,223.52,223.82,219.12,219.39,58887800,Amazon,AMZN,-0.0175,-0.506,1.0214,1
2025-07-01,219.5,221.88,217.93,220.46,39256800,Amazon,AMZN,0.0049,-0.3334,1.0181,0
2025-07-02,219.73,221.6,219.06,219.92,30894200,Amazon,AMZN,-0.0024,-0.213,1.0116,1
2025-07-03,221.82,224.01,221.36,223.41,29632400,Amazon,AMZN,0.0159,-0.0408,1.012,1
2025-07-07,223.0,224.29,222.37,223.47,36604100,Amazon,AMZN,0.0003,0.2353,1.0086,0
2025-07-08,223.92,224.0,218.43,219.36,45692000,Amazon,AMZN,-0.0184,0.2483,1.0255,1
2025-07-09,221.07,224.29,220.47,222.54,38155100,Amazon,AMZN,0.0145,-0.165,1.0173,0
2025-07-10,221.55,222.79,219.7,222.26,30370600,Amazon,AMZN,-0.0013,-0.204,1.0141,1
2025-07-11,223.58,226.68,222.37,225.02,50518300,Amazon,AMZN,0.0124,0.6634,1.0194,1
2025-07-14,225.07,226.66,224.24,225.69,35702600,Amazon,AMZN,0.003,-0.2933,1.0108,1
2025-07-15,226.2,227.27,225.46,226.35,34907300,Amazon,AMZN,0.0029,-0.0223,1.008,0
2025-07-16,225.88,226.1,222.18,223.19,39535900,Amazon,AMZN,-0.014,0.1326,1.0176,1
2025-07-17,223.32,224.5,222.51,223.88,31855800,Amazon,AMZN,0.0031,-0.1943,1.0089,1
2025-07-18,225.14,226.4,222.98,226.13,37833800,Amazon,AMZN,0.0101,0.1877,1.0153,1
2025-07-21,225.84,229.69,225.65,229.3,40297600,Amazon,AMZN,0.014,0.0651,1.0179,0
2025-07-22,229.68,230.0,226.35,227.47,37483700,Amazon,AMZN,-0.008,-0.0698,1.0161,1
2025-07-23,228.47,228.79,227.09,228.29,28294900,Amazon,AMZN,0.0036,-0.2451,1.0075,1
2025-07-24,229.17,236.0,228.64,232.23,42902300,Amazon,AMZN,0.0173,0.5163,1.0322,0
2025-07-25,232.22,232.48,231.18,231.44,28712100,Amazon,AMZN,-0.0034,-0.3308,1.0056,1
2025-07-28,233.35,234.29,232.25,232.79,26300100,Amazon,AMZN,0.0058,-0.084,1.0088,0
2025-07-29,234.15,234.72,230.31,231.01,33716200,Amazon,AMZN,-0.0076,0.282,1.0191,0
2025-07-30,231.64,231.8,229.29,230.19,32993300,Amazon,AMZN,-0.0035,-0.0214,1.0109,1
2025-07-31,235.77,236.53,231.4,234.11,104357300,Amazon,AMZN,0.017,2.163,1.0222,0
2025-08-01,217.21,220.44,212.8,214.75,122258800,Amazon,AMZN,-0.0827,0.1715,1.0359,0
2025-08-04,217.4,217.44,211.42,211.65,77890100,Amazon,AMZN,-0.0144,-0.3629,1.0285,1
2025-08-05,213.05,216.3,212.87,213.75,51505100,Amazon,AMZN,0.0099,-0.3387,1.0161,1
2025-08-06,214.7,222.65,213.74,222.31,54823000,Amazon,AMZN,0.04,0.0644,1.0417,1
2025-08-07,221.0,226.22,220.82,223.13,40603500,Amazon,AMZN,0.0037,-0.2594,1.0245,0
2025-08-08,223.14,223.8,221.88,222.69,32970500,Amazon,AMZN,-0.002,-0.188,1.0087,0
2025-08-11,221.78,223.05,220.4,221.3,31646200,Amazon,AMZN,-0.0062,-0.0402,1.012,1
2025-08-12,222.23,223.5,219.05,221.47,37185800,Amazon,AMZN,0.0008,0.175,1.0203,1
2025-08-13,222.0,224.92,222.0,224.56,36508300,Amazon,AMZN,0.014,-0.0182,1.0132,1
2025-08-14,227.4,233.11,227.02,230.98,61545800,Amazon,AMZN,0.0286,0.6858,1.0268,1
2025-08-15,232.58,234.08,229.81,231.03,39649200,Amazon,AMZN,0.0002,-0.3558,1.0186,1
2025-08-18,230.23,231.91,228.33,231.49,25248900,Amazon,AMZN,0.002,-0.3632,1.0157,0
2025-08-19,230.09,230.53,227.12,228.01,29891000,Amazon,AMZN,-0.015,0.1839,1.015,0
2025-08-20,227.12,227.27,220.92,223.81,36604300,Amazon,AMZN,-0.0184,0.2246,1.0287,0
2025-08-21,222.65,222.78,220.5,221.95,32140500,Amazon,AMZN,-0.0083,-0.1219,1.0103,1
2025-08-22,222.79,229.14,220.82,228.84,37315300,Amazon,AMZN,0.031,0.161,1.0377,0
2025-08-25,227.35,229.6,227.31,227.94,22633700,Amazon,AMZN,-0.0039,-0.3934,1.0101,1
2025-08-26,227.11,229.0,226.02,228.71,26105400,Amazon,AMZN,0.0034,0.1534,1.0132,1
2025-08-27,228.57,229.87,227.81,229.12,21254500,Amazon,AMZN,0.0018,-0.1858,1.009,1
2025-08-28,229.01,232.71,228.02,231.6,33679600,Amazon,AMZN,0.0108,0.5846,1.0206,0
2025-08-29,231.32,231.81,228.16,229.0,26199200,Amazon,AMZN,-0.0112,-0.2221,1.016,0
2025-09-02,223.52,226.17,221.83,225.34,38843900,Amazon,AMZN,-0.016,0.4826,1.0196,1
2025-09-03,225.21,227.17,224.36,225.99,29223100,Amazon,AMZN,0.0029,-0.2477,1.0125,1
2025-09-04,231.19,235.77,230.78,235.68,59391800,Amazon,AMZN,0.0429,1.0324,1.0216,0
2025-09-05,235.19,236.0,231.93,232.33,36721800,Amazon,AMZN,-0.0142,-0.3817,1.0175,1
2025-09-08,234.94,237.6,233.75,235.84,33947100,Amazon,AMZN,0.0151,-0.0756,1.0165,1
2025-09-09,236.36,238.85,235.08,238.24,27033800,Amazon,AMZN,0.0102,-0.2036,1.016,0
2025-09-10,237.52,237.68,229.1,230.33,60907700,Amazon,AMZN,-0.0332,1.253,1.0375,0
2025-09-11,231.49,231.53,229.34,229.95,37485600,Amazon,AMZN,-0.0016,-0.3846,1.0095,0
2025-09-12,230.35,230.79,226.29,228.15,38496200,Amazon,AMZN,-0.0078,0.027,1.0199,1
2025-09-15,230.63,233.73,230.32,231.43,33243300,Amazon,AMZN,0.0144,-0.1365,1.0148,1
2025-09-16,232.94,235.9,232.23,234.05,38203900,Amazon,AMZN,0.0113,0.1492,1.0158,0
2025-09-17,233.77,234.3,228.71,231.62,42815200,Amazon,AMZN,-0.0104,0.1207,1.0244,0
2025-09-18,232.5,233.48,228.79,231.23,37931700,Amazon,AMZN,-0.0017,-0.1141,1.0205,1
2025-09-19,232.37,234.16,229.7,231.48,97943200,Amazon,AMZN,0.0011,1.5821,1.0194,0
2025-09-22,230.56,230.57,227.51,227.63,45914500,Amazon,AMZN,-0.0166,-0.5312,1.0135,0
2025-09-23,227.83,227.86,220.07,220.71,70956200,Amazon,AMZN,-0.0304,0.5454,1.0354,0
2025-09-24,224.15,224.56,219.45,220.21,49509000,Amazon,AMZN,-0.0023,-0.3023,1.0233,0
2025-09-25,220.06,220.67,216.47,218.15,52226300,Amazon,AMZN,-0.0094,0.0549,1.0194,1
2025-09-26,219.08,221.05,218.02,219.78,41650100,Amazon,AMZN,0.0075,-0.2025,1.0139,1
2025-09-29,220.08,222.6,219.3,222.17,44259200,Amazon,AMZN,0.0109,0.0626,1.015,0
2025-09-30,222.03,222.24,217.89,219.57,48396400,Amazon,AMZN,-0.0117,0.0935,1.02,1
2025-10-01,217.36,222.15,216.61,220.63,43933800,Amazon,AMZN,0.0048,-0.0922,1.0256,1
2025-10-02,221.01,222.81,218.95,222.41,41258600,Amazon,AMZN,0.0081,-0.0609,1.0176,0
2025-10-03,223.44,224.2,219.34,219.51,43639000,Amazon,AMZN,-0.013,0.0577,1.0222,1
2025-10-06,221.0,221.73,216.03,220.9,43690900,Amazon,AMZN,0.0063,0.0012,1.0264,1
2025-10-07,220.88,222.89,220.17,221.78,31194700,Amazon,AMZN,0.004,-0.286,1.0124,1
2025-10-08,222.92,226.73,221.19,225.22,46686000,Amazon,AMZN,0.0155,0.4966,1.025,1
2025-10-09,225.0,228.21,221.75,227.74,46412100,Amazon,AMZN,0.0112,-0.0059,1.0291,0
2025-10-10,226.21,228.25,216.0,216.37,72367500,Amazon,AMZN,-0.0499,0.5592,1.0567,1
2025-10-13,217.7,220.68,217.04,220.07,37809700,Amazon,AMZN,0.0171,-0.4775,1.0168,0
2025-10-14,215.56,219.32,212.6,216.39,45665600,Amazon,AMZN,-0.0167,0.2078,1.0316,0
2025-10-15,216.62,217.71,212.66,215.57,45909500,Amazon,AMZN,-0.0038,0.0053,1.0237,0
2025-10-16,215.67,218.59,212.81,214.47,42414600,Amazon,AMZN,-0.0051,-0.0761,1.0272,0
2025-10-17,214.56,214.8,211.03,213.04,45986900,Amazon,AMZN,-0.0067,0.0842,1.0179,1
2025-10-20,213.88,216.69,213.59,216.48,38882800,Amazon,AMZN,0.0161,-0.1545,1.0145,1
2025-10-21,218.43,223.32,217.99,222.03,50494600,Amazon,AMZN,0.0256,0.2986,1.0245,0
2025-10-22,219.3,220.01,216.52,217.95,44308500,Amazon,AMZN,-0.0184,-0.1225,1.0161,1
2025-10-23,219.0,221.3,218.18,221.09,31540000,Amazon,AMZN,0.0144,-0.2882,1.0143,1
2025-10-24,221.97,225.4,221.9,224.21,38685100,Amazon,AMZN,0.0141,0.2265,1.0158,1
2025-10-27,227.66,228.4,225.54,226.97,38267000,Amazon,AMZN,0.0123,-0.0108,1.0127,1
2025-10-28,228.22,231.49,226.21,229.25,47100000,Amazon,AMZN,0.01,0.2308,1.0233,1
2025-10-29,231.67,232.82,227.76,230.3,52036200,Amazon,AMZN,0.0046,0.1048,1.0222,0
2025-10-30,227.06,228.44,222.75,222.86,102252900,Amazon,AMZN,-0.0323,0.965,1.0255,1
2025-10-31,250.1,250.5,243.98,244.22,166340800,Amazon,AMZN,0.0958,0.6268,1.0267,1
2025-11-03,255.36,258.6,252.9,254.0,95997800,Amazon,AMZN,0.04,-0.4229,1.0225,0
2025-11-04,250.38,257.01,248.66,249.32,51546300,Amazon,AMZN,-0.0184,-0.463,1.0336,1
2025-11-05,249.03,251.0,246.16,250.2,40610700,Amazon,AMZN,0.0035,-0.2122,1.0197,0
2025-11-06,249.16,250.38,242.17,243.04,46004200,Amazon,AMZN,-0.0286,0.1328,1.0339,1
2025-11-07,242.9,244.9,238.49,244.41,46374300,Amazon,AMZN,0.0056,0.008,1.0269,1
2025-11-10,248.34,251.75,245.59,248.4,36476500,Amazon,AMZN,0.0163,-0.2134,1.0251,1
2025-11-11,248.41,249.75,247.23,249.1,23564100,Amazon,AMZN,0.0028,-0.354,1.0102,0
2025-11-12,250.24,250.37,243.75,244.2,31190100,Amazon,AMZN,-0.0197,0.3236,1.0272,0
2025-11-13,243.05,243.75,236.5,237.58,41401700,Amazon,AMZN,-0.0271,0.3274,1.0307,0
2025-11-14,235.06,238.73,232.89,234.69,38956700,Amazon,AMZN,-0.0122,-0.0591,1.0251,0
2025-11-17,233.25,234.6,229.19,232.87,59919000,Amazon,AMZN,-0.0078,0.5381,1.0236,0
2025-11-18,228.1,230.2,222.42,222.55,60608400,Amazon,AMZN,-0.0443,0.0115,1.035,1
2025-11-19,223.74,223.74,218.52,222.69,58335600,Amazon,AMZN,0.0006,-0.0375,1.0239,0
2025-11-20,227.05,227.41,216.74,217.14,50309000,Amazon,AMZN,-0.0249,-0.1376,1.0492,1
2025-11-21,216.35,222.21,215.18,220.69,68490500,Amazon,AMZN,0.0163,0.3614,1.0327,1
2025-11-24,222.56,227.33,222.27,226.28,54318400,Amazon,AMZN,0.0253,-0.2069,1.0228,1
2025-11-25,226.38,230.52,223.8,229.67,39379300,Amazon,AMZN,0.015,-0.275,1.03,0
2025-11-26,230.74,231.75,228.77,229.16,38497900,Amazon,AMZN,-0.0022,-0.0224,1.013,1
2025-11-28,231.24,233.29,230.22,233.22,20292300,Amazon,AMZN,0.0177,-0.4729,1.0133,1
2025-12-01,233.22,235.8,232.25,233.88,42904000,Amazon,AMZN,0.0028,1.1143,1.0153,1
2025-12-02,235.01,238.97,233.55,234.42,45785400,Amazon,AMZN,0.0023,0.0672,1.0232,0
2025-12-03,233.35,233.38,230.61,232.38,35495100,Amazon,AMZN,-0.0087,-0.2248,1.012,0
2025-12-04,232.77,233.5,226.8,229.11,45683200,Amazon,AMZN,-0.0141,0.287,1.0295,1
2025-12-05,230.32,231.24,228.55,229.53,33117400,Amazon,AMZN,0.0018,-0.2751,1.0118,0
2025-12-08,229.59,230.83,226.27,226.89,35019200,Amazon,AMZN,-0.0115,0.0574,1.0202,1
2025-12-09,226.84,228.57,225.11,227.92,25841700,Amazon,AMZN,0.0045,-0.2621,1.0154,1
2025-12-10,228.81,232.42,228.46,231.78,38790700,Amazon,AMZN,0.0169,0.5011,1.0173,0
2025-12-11,230.71,232.11,228.69,230.28,28249600,Amazon,AMZN,-0.0065,-0.2717,1.015,0
2025-12-12,229.87,230.08,225.12,226.19,35639100,Amazon,AMZN,-0.0178,0.2616,1.022,0
2025-12-15,227.93,227.93,221.5,222.54,47286100,Amazon,AMZN,-0.0161,0.3268,1.029,1
2025-12-16,223.04,223.66,221.13,222.56,39298900,Amazon,AMZN,0.0001,-0.1689,1.0114,0
2025-12-17,224.66,225.19,220.99,221.27,44034400,Amazon,AMZN,-0.0058,0.1205,1.019,1
2025-12-18,225.71,229.23,224.41,226.76,50272400,Amazon,AMZN,0.0248,0.1417,1.0215,1
2025-12-19,226.76,229.13,225.58,227.35,85544400,Amazon,AMZN,0.0026,0.7016,1.0157,1
2025-12-22,228.61,229.48,226.71,228.43,32261300,Amazon,AMZN,0.0048,-0.6229,1.0122,1
2025-12-23,229.06,232.45,228.73,232.14,29230200,Amazon,AMZN,0.0162,-0.094,1.0163,1
2025-12-24,232.13,232.95,231.33,232.38,11420500,Amazon,AMZN,0.001,-0.6093,1.007,1
2025-12-26,232.04,232.99,231.18,232.52,15994700,Amazon,AMZN,0.0006,0.4005,1.0078,0
2025-12-29,231.94,232.6,230.77,232.07,19797900,Amazon,AMZN,-0.0019,0.2378,1.0079,1
2025-12-30,231.21,232.77,230.2,232.53,21910500,Amazon,AMZN,0.002,0.1067,1.0112,0
2025-12-31,232.91,232.99,230.12,230.82,24383700,Amazon,AMZN,-0.0074,0.1129,1.0125,0
2026-01-02,231.34,235.46,224.7,226.5,51456200,Amazon,AMZN,-0.0187,1.1103,1.0479,1
2026-01-05,228.84,234.0,227.18,233.06,49733300,Amazon,AMZN,0.029,-0.0335,1.03,1
2026-01-06,232.1,243.18,232.07,240.93,53764700,Amazon,AMZN,0.0338,0.0811,1.0479,1
2026-01-07,239.61,245.29,239.52,241.56,42236500,Amazon,AMZN,0.0026,-0.2144,1.0241,1
2026-01-08,243.06,246.41,241.88,246.29,39509800,Amazon,AMZN,0.0196,-0.0646,1.0187,1
2026-01-09,244.57,247.86,242.24,247.38,34560000,Amazon,AMZN,0.0044,-0.1253,1.0232,0
2026-01-12,246.73,248.94,245.96,246.47,35867800,Amazon,AMZN,-0.0037,0.0378,1.0121,0
2026-01-13,246.53,247.66,240.25,242.6,38371800,Amazon,AMZN,-0.0157,0.0698,1.0308,0
2026-01-14,241.15,241.28,236.22,236.65,41410600,Amazon,AMZN,-0.0245,0.0792,1.0214,1
2026-01-15,239.31,240.65,236.63,238.18,43003600,Amazon,AMZN,0.0065,0.0385,1.017,1
2026-01-16,239.09,239.57,236.41,239.12,45888300,Amazon,AMZN,0.0039,0.0671,1.0134,0
2026-01-20,233.76,235.09,229.34,231.0,47737900,Amazon,AMZN,-0.034,0.0403,1.0251,1
2026-01-21,231.09,232.3,226.88,231.31,47276100,Amazon,AMZN,0.0013,-0.0097,1.0239,1
2026-01-22,234.05,235.72,230.9,234.34,31913300,Amazon,AMZN,0.0131,-0.325,1.0209,1
2026-01-23,234.96,240.45,234.57,239.16,33778500,Amazon,AMZN,0.0206,0.0584,1.0251,0
2026-01-26,239.98,240.95,237.54,238.42,32825500,Amazon,AMZN,-0.0031,-0.0282,1.0144,1
2026-01-27,239.69,244.88,238.08,244.68,38029200,Amazon,AMZN,0.0263,0.1585,1.0286,0
2026-01-28,246.37,247.78,241.53,243.01,40882700,Amazon,AMZN,-0.0068,0.075,1.0259,0
2026-01-29,242.82,243.0,236.74,241.73,47229600,Amazon,AMZN,-0.0053,0.1552,1.0264,0
2026-01-30,239.89,243.32,237.64,239.3,46585000,Amazon,AMZN,-0.0101,-0.0136,1.0239,1
2026-02-02,238.31,245.63,238.17,242.96,37546100,Amazon,AMZN,0.0153,-0.194,1.0313,0
2026-02-03,244.98,246.35,235.45,238.62,53831300,Amazon,AMZN,-0.0179,0.4337,1.0463,0
2026-02-04,238.86,238.86,231.82,232.99,51299900,Amazon,AMZN,-0.0236,-0.047,1.0304,0
2026-02-05,224.91,226.31,220.38,222.69,103509200,Amazon,AMZN,-0.0442,1.0177,1.0269,0
2026-02-06,202.7,211.44,200.31,210.32,179210900,Amazon,AMZN,-0.0555,0.7314,1.0556,0
2026-02-09,208.97,212.81,203.35,208.72,91178400,Amazon,AMZN,-0.0076,-0.4912,1.0465,0
2026-02-10,208.8,212.65,206.41,206.96,67175000,Amazon,AMZN,-0.0084,-0.2633,1.0302,0
2026-02-11,208.06,208.57,202.49,204.08,65545500,Amazon,AMZN,-0.0139,-0.0243,1.03,0
2026-02-12,203.96,203.96,197.56,199.6,83975400,Amazon,AMZN,-0.022,0.2812,1.0324,0
2026-02-13,198.88,201.16,197.28,198.79,66321600,Amazon,AMZN,-0.0041,-0.2102,1.0197,1
2026-02-17,198.13,201.74,196.0,201.15,69879200,Amazon,AMZN,0.0119,0.0536,1.0293,1
2026-02-18,202.07,206.86,201.51,204.79,51003300,Amazon,AMZN,0.0181,-0.2701,1.0265,1
2026-02-19,203.8,205.64,202.81,204.86,35669600,Amazon,AMZN,0.0003,-0.3006,1.014,1
2026-02-20,204.76,211.17,203.75,210.11,65881600,Amazon,AMZN,0.0256,0.847,1.0364,0
2026-02-23,208.1,208.43,203.11,205.27,53581500,Amazon,AMZN,-0.023,-0.1867,1.0262,1
2026-02-24,205.47,210.36,203.25,208.56,41137200,Amazon,AMZN,0.016,-0.2322,1.035,1
2026-02-25,210.46,211.59,208.93,210.64,41346400,Amazon,AMZN,0.01,0.0051,1.0127,0
2026-02-26,210.73,211.05,205.35,207.92,47756800,Amazon,AMZN,-0.0129,0.155,1.0278,1
2026-02-27,206.83,210.33,205.2,210.0,57422800,Amazon,AMZN,0.01,0.2024,1.025,0
2026-03-02,204.55,209.73,203.46,208.39,46001000,Amazon,AMZN,-0.0077,-0.1989,1.0308,1
2026-03-03,203.1,209.18,202.48,208.73,43184900,Amazon,AMZN,0.0016,-0.0612,1.0331,1
2026-03-04,210.47,217.54,210.15,216.82,54731100,Amazon,AMZN,0.0388,0.2674,1.0352,1
2026-03-05,215.98,220.47,215.59,218.94,60943400,Amazon,AMZN,0.0098,0.1135,1.0226,0
2026-03-06,214.99,217.32,212.53,213.21,51152700,Amazon,AMZN,-0.0262,-0.1607,1.0225,1
2026-03-09,210.45,213.82,207.11,213.49,54642900,Amazon,AMZN,0.0013,0.0682,1.0324,1
2026-03-10,214.19,215.65,212.43,214.33,35678800,Amazon,AMZN,0.0039,-0.3471,1.0152,0
2026-03-11,215.71,217.0,211.35,212.65,34199300,Amazon,AMZN,-0.0078,-0.0415,1.0267,0
2026-03-12,210.39,211.71,208.15,209.53,44349500,Amazon,AMZN,-0.0147,0.2968,1.0171,0
2026-03-13,209.61,210.56,206.22,207.67,35662100,Amazon,AMZN,-0.0089,-0.1959,1.021,1
2026-03-16,208.35,212.72,207.45,211.74,42209300,Amazon,AMZN,0.0196,0.1836,1.0254,1
2026-03-17,212.82,215.7,212.43,215.2,44969900,Amazon,AMZN,0.0163,0.0654,1.0154,0
2026-03-18,213.93,215.14,208.83,209.87,37846600,Amazon,AMZN,-0.0248,-0.1584,1.0302,0
2026-03-19,207.06,209.12,206.05,208.76,36440600,Amazon,AMZN,-0.0053,-0.0371,1.0149,0
2026-03-20,207.4,207.54,204.32,205.37,63694600,Amazon,AMZN,-0.0162,0.7479,1.0158,1
2026-03-23,209.79,212.8,209.51,210.14,44277400,Amazon,AMZN,0.0232,-0.3048,1.0157,0
2026-03-24,207.95,209.35,206.64,207.24,35351400,Amazon,AMZN,-0.0138,-0.2016,1.0131,1
2026-03-25,211.56,213.07,209.9,211.71,36388800,Amazon,AMZN,0.0216,0.0293,1.0151,0
2026-03-26,210.61,212.89,207.12,207.54,46746000,Amazon,AMZN,-0.0197,0.2846,1.0279,0
2026-03-27,206.46,206.6,199.14,199.34,56009800,Amazon,AMZN,-0.0395,0.1982,1.0375,1
2026-03-30,201.48,203.8,199.98,200.95,46373800,Amazon,AMZN,0.0081,-0.172,1.0191,1
2026-03-31,204.85,210.28,204.14,208.27,58470100,Amazon,AMZN,0.0364,0.2608,1.0301,1
2026-04-01,210.44,213.58,208.19,210.57,45955400,Amazon,AMZN,0.011,-0.214,1.0259,0
2026-04-02,206.54,212.21,204.9,209.77,31453000,Amazon,AMZN,-0.0038,-0.3156,1.0357,1
2026-04-06,209.8,212.95,209.59,212.79,25385500,Amazon,AMZN,0.0144,-0.1929,1.016,1
2026-04-07,211.24,213.97,209.08,213.77,28154600,Amazon,AMZN,0.0046,0.1091,1.0234,1
2026-04-08,223.79,226.1,219.62,221.25,51092700,Amazon,AMZN,0.035,0.8147,1.0295,1
2026-04-09,225.23,233.8,223.27,233.65,65964200,Amazon,AMZN,0.056,0.2911,1.0472,1
2026-04-10,235.3,240.43,235.21,238.38,56912800,Amazon,AMZN,0.0202,-0.1372,1.0222,1
2026-04-13,237.45,240.0,235.75,239.89,42166200,Amazon,AMZN,0.0063,-0.2591,1.018,1
2026-04-14,241.78,252.18,241.78,249.02,72685000,Amazon,AMZN,0.0381,0.7238,1.043,0
2026-04-15,249.25,250.44,247.2,248.5,43045200,Amazon,AMZN,-0.0021,-0.4078,1.0131,1
2026-04-16,248.51,250.0,244.2,249.7,41895700,Amazon,AMZN,0.0048,-0.0267,1.0238,1
2026-04-17,254.99,256.18,250.11,250.56,52029300,Amazon,AMZN,0.0034,0.2419,1.0243,0
2026-04-20,249.19,250.18,245.37,248.28,39463100,Amazon,AMZN,-0.0091,-0.2415,1.0196,1
2026-04-21,255.09,255.09,249.1,249.91,42922400,Amazon,AMZN,0.0066,0.0877,1.024,1
2026-04-22,252.44,255.94,250.33,255.36,36065100,Amazon,AMZN,0.0218,-0.1598,1.0224,0
2026-04-23,255.39,258.79,253.07,255.08,39091400,Amazon,AMZN,-0.0011,0.0839,1.0226,1
2026-04-24,259.98,264.5,257.69,263.99,53777400,Amazon,AMZN,0.0349,0.3757,1.0264,0
2026-04-27,263.46,264.15,260.34,261.12,44906800,Amazon,AMZN,-0.0109,-0.165,1.0146,0
2026-04-28,258.39,261.03,256.63,259.7,42204400,Amazon,AMZN,-0.0054,-0.0602,1.0171,1
2026-04-29,257.99,265.91,257.7,263.04,72367900,Amazon,AMZN,0.0129,0.7147,1.0319,1
2026-04-30,273.17,273.88,256.16,265.06,100974900,Amazon,AMZN,0.0077,0.3953,1.0692,1
2026-05-01,265.58,273.32,262.74,268.26,50825200,Amazon,AMZN,0.0121,-0.4967,1.0403,1
2026-05-04,268.8,276.1,268.8,272.05,49083700,Amazon,AMZN,0.0141,-0.0343,1.0272,1
2026-05-05,276.08,278.56,272.38,273.55,41908500,Amazon,AMZN,0.0055,-0.1462,1.0227,1
2026-05-06,272.89,277.8,272.21,274.99,44552000,Amazon,AMZN,0.0053,0.0631,1.0205,0
2026-05-07,275.02,276.63,270.49,271.17,35892900,Amazon,AMZN,-0.0139,-0.1944,1.0227,1
2026-05-08,271.63,274.0,269.95,272.68,34732700,Amazon,AMZN,0.0056,-0.0323,1.015,0
2026-05-11,269.84,273.63,268.48,268.99,38176700,Amazon,AMZN,-0.0135,0.0992,1.0192,0
2026-05-12,266.71,267.65,262.63,265.82,36776200,Amazon,AMZN,-0.0118,-0.0367,1.0191,1
2026-05-13,264.43,270.72,263.2,270.13,39670900,Amazon,AMZN,0.0162,0.0787,1.0286,0
2026-05-14,269.15,270.78,266.63,267.22,31338400,Amazon,AMZN,-0.0108,-0.21,1.0156,0
2026-05-15,262.5,264.36,260.89,264.14,40770300,Amazon,AMZN,-0.0115,0.301,1.0133,1
2026-05-18,263.87,268.85,262.53,264.86,33690800,Amazon,AMZN,0.0027,-0.1736,1.0241,0
2026-05-19,262.04,262.25,255.19,259.34,40340700,Amazon,AMZN,-0.0208,0.1974,1.0277,1
2026-05-20,260.05,265.58,259.53,265.01,34933200,Amazon,AMZN,0.0219,-0.134,1.0233,1
2026-05-21,263.5,269.49,261.37,268.46,36591700,Amazon,AMZN,0.013,0.0475,1.0311,0
2026-05-22,268.66,269.79,266.24,266.32,27535500,Amazon,AMZN,-0.008,-0.2475,1.0133,0
2026-05-26,267.94,269.3,262.07,265.29,38028100,Amazon,AMZN,-0.0039,0.3811,1.0276,1
2026-05-27,266.15,272.41,265.7,271.85,40061900,Amazon,AMZN,0.0247,0.0535,1.0253,1
2026-05-28,272.27,274.5,267.44,274.0,40630400,Amazon,AMZN,0.0079,0.0142,1.0264,0
2026-05-29,271.29,274.75,269.64,270.64,54749600,Amazon,AMZN,-0.0123,0.3475,1.019,0
2026-06-01,266.29,266.63,260.7,261.26,53604400,Amazon,AMZN,-0.0347,-0.0209,1.0227,0
2026-06-02,257.16,261.2,254.37,256.52,41811000,Amazon,AMZN,-0.0181,-0.22,1.0269,0
2026-06-03,254.7,257.09,247.71,250.02,51394200,Amazon,AMZN,-0.0253,0.2292,1.0379,1
2026-06-04,253.12,255.83,251.75,253.79,35609800,Amazon,AMZN,0.0151,-0.3071,1.0162,0
2026-06-05,254.26,256.38,245.78,246.03,55607800,Amazon,AMZN,-0.0306,0.5616,1.0431,0
2026-06-08,246.68,249.42,243.36,245.22,33899500,Amazon,AMZN,-0.0033,-0.3904,1.0249,0
2026-06-09,247.73,250.43,240.4,244.19,44425400,Amazon,AMZN,-0.0042,0.3105,1.0417,0
2026-06-10,243.61,244.07,237.45,238.0,38590200,Amazon,AMZN,-0.0253,-0.1313,1.0279,1
2026-06-11,237.93,242.14,235.18,241.51,41335400,Amazon,AMZN,0.0147,0.0711,1.0296,0
2026-06-12,243.21,243.36,233.59,238.55,51186600,Amazon,AMZN,-0.0123,0.2383,1.0418,1
2026-06-15,245.02,247.81,244.73,246.02,41711600,Amazon,AMZN,0.0313,-0.1851,1.0126,0
2026-06-16,248.0,249.51,245.45,246.0,35187400,Amazon,AMZN,-0.0001,-0.1564,1.0165,0
2026-06-17,244.9,245.91,236.0,237.5,44780800,Amazon,AMZN,-0.0346,0.2726,1.042,1
2026-06-18,240.12,245.73,236.02,244.39,75624400,Amazon,AMZN,0.029,0.6888,1.0411,0
2026-06-22,240.08,242.0,232.24,232.79,68388500,Amazon,AMZN,-0.0475,-0.0957,1.042,1
2026-06-23,232.55,236.87,232.0,234.11,60492600,Amazon,AMZN,0.0057,-0.1155,1.021,1
2026-06-24,233.85,242.42,232.95,234.27,70282600,Amazon,AMZN,0.0007,0.1618,1.0407,0
2026-06-25,232.02,232.32,225.55,227.01,77674100,Amazon,AMZN,-0.031,0.1052,1.03,1
2026-06-26,227.21,233.9,226.13,232.69,248372100,Amazon,AMZN,0.025,2.1976,1.0344,1
2026-06-29,234.22,249.71,233.8,240.14,77619200,Amazon,AMZN,0.032,-0.6875,1.068,0
2026-06-30,237.35,241.54,237.17,238.34,66228300,Amazon,AMZN,-0.0075,-0.1468,1.0184,1
2026-07-01,239.75,244.9,234.9,241.7,53829900,Amazon,AMZN,0.0141,-0.1872,1.0426,1
2026-07-02,241.61,246.72,241.08,242.67,48246400,Amazon,AMZN,0.004,-0.1037,1.0234,1
2026-07-06,243.8,246.04,240.88,244.16,40044000,Amazon,AMZN,0.0061,-0.17,1.0214,1
2026-07-07,246.98,248.93,242.7,245.98,40579600,Amazon,AMZN,0.0075,0.0134,1.0257,0
2026-07-08,244.27,244.8,240.52,243.62,29653000,Amazon,AMZN,-0.0096,-0.2693,1.0178,1
2026-07-09,239.82,247.5,238.25,247.04,38091700,Amazon,AMZN,0.014,0.2846,1.0388,0
2026-07-10,249.55,251.03,244.41,245.34,31624900,Amazon,AMZN,-0.0069,-0.1698,1.0271,0
2023-01-04,16.1,16.31,16.03,16.24,10440400,Infosys,INFY,-0.0071,-0.0544,1.0174,0
2023-01-05,15.98,16.04,15.87,15.87,6420300,Infosys,INFY,-0.0232,-0.3851,1.0107,1
2023-01-06,15.73,16.01,15.68,15.98,8915600,Infosys,INFY,0.0074,0.3887,1.0212,1
2023-01-09,16.24,16.37,16.15,16.15,10778100,Infosys,INFY,0.0107,0.2089,1.0139,0
2023-01-10,16.09,16.1,15.88,16.0,9517600,Infosys,INFY,-0.0094,-0.117,1.0141,1
2023-01-11,15.99,16.29,15.92,16.26,9032200,Infosys,INFY,0.0163,-0.051,1.0231,1
2023-01-12,16.62,16.7,16.21,16.51,10853600,Infosys,INFY,0.0155,0.2017,1.0305,1
2023-01-13,16.5,16.67,16.37,16.62,10388700,Infosys,INFY,0.0065,-0.0428,1.0186,1
2023-01-17,16.71,16.94,16.71,16.76,7344100,Infosys,INFY,0.0081,-0.2931,1.014,1
2023-01-18,16.89,17.04,16.83,16.83,6338300,Infosys,INFY,0.0043,-0.137,1.0128,1
2023-01-19,16.85,16.98,16.83,16.88,4594600,Infosys,INFY,0.0032,-0.2751,1.0091,0
2023-01-20,16.76,16.9,16.68,16.85,6126200,Infosys,INFY,-0.0016,0.3333,1.0129,1
2023-01-23,16.97,17.15,16.89,17.1,4319100,Infosys,INFY,0.0144,-0.295,1.0154,0
2023-01-24,17.02,17.05,16.91,16.96,7045800,Infosys,INFY,-0.0079,0.6313,1.0085,0
2023-01-25,16.81,16.82,16.64,16.71,8245400,Infosys,INFY,-0.0148,0.1703,1.0108,1
2023-01-26,16.77,17.02,16.68,17.0,6245500,Infosys,INFY,0.0172,-0.2425,1.0199,0
2023-01-27,16.71,16.84,16.6,16.75,5411100,Infosys,INFY,-0.0148,-0.1336,1.0141,1
2023-01-30,16.8,16.94,16.74,16.77,8848300,Infosys,INFY,0.0016,0.6352,1.0123,1
2023-01-31,16.71,16.87,16.64,16.87,7983100,Infosys,INFY,0.0059,-0.0978,1.014,1
2023-02-01,16.94,17.18,16.85,17.07,7845700,Infosys,INFY,0.0117,-0.0172,1.0197,1
2023-02-02,17.41,17.54,17.3,17.51,10416900,Infosys,INFY,0.0258,0.3277,1.0135,0
2023-02-03,17.32,17.49,17.23,17.3,5482200,Infosys,INFY,-0.0118,-0.4737,1.0151,0
2023-02-06,16.97,17.04,16.83,16.89,7774000,Infosys,INFY,-0.0239,0.418,1.0128,1
2023-02-07,16.76,17.11,16.76,17.08,6590600,Infosys,INFY,0.0112,-0.1522,1.0209,1
2023-02-08,17.28,17.36,17.17,17.2,5737300,Infosys,INFY,0.0068,-0.1295,1.011,1
2023-02-09,17.52,17.58,17.32,17.36,4725100,Infosys,INFY,0.0094,-0.1764,1.015,0
2023-02-10,17.31,17.39,17.08,17.2,11739400,Infosys,INFY,-0.0093,1.4845,1.0184,0
2023-02-13,16.95,17.1,16.93,17.07,5610000,Infosys,INFY,-0.0073,-0.5221,1.0101,1
2023-02-14,17.11,17.27,17.01,17.16,6225500,Infosys,INFY,0.0053,0.1097,1.0153,1
2023-02-15,17.16,17.29,17.12,17.26,8592700,Infosys,INFY,0.0058,0.3802,1.01,0
2023-02-16,17.15,17.31,17.11,17.16,6542000,Infosys,INFY,-0.0057,-0.2387,1.0115,0
2023-02-17,17.06,17.16,17.01,17.12,5695200,Infosys,INFY,-0.0021,-0.1294,1.009,0
2023-02-21,16.88,17.06,16.85,16.86,11326500,Infosys,INFY,-0.0152,0.9888,1.0122,0
2023-02-22,16.78,16.84,16.68,16.71,7887000,Infosys,INFY,-0.009,-0.3037,1.0091,1
2023-02-23,16.72,16.85,16.64,16.78,7433600,Infosys,INFY,0.0043,-0.0575,1.0129,0
2023-02-24,16.58,16.6,16.39,16.45,11821700,Infosys,INFY,-0.0198,0.5903,1.0131,0
2023-02-27,16.32,16.41,16.25,16.3,6270100,Infosys,INFY,-0.0093,-0.4696,1.0094,0
2023-02-28,16.15,16.2,16.09,16.1,7969800,Infosys,INFY,-0.0121,0.2711,1.0067,1
2023-03-01,16.24,16.25,16.06,16.17,4293700,Infosys,INFY,0.0045,-0.4613,1.0123,1
2023-03-02,16.01,16.24,15.97,16.24,6263000,Infosys,INFY,0.0039,0.4586,1.0169,1
2023-03-03,16.28,16.32,16.08,16.32,6765200,Infosys,INFY,0.005,0.0802,1.0145,1
2023-03-06,16.46,16.46,16.35,16.39,7383700,Infosys,INFY,0.0044,0.0914,1.0066,0
2023-03-07,16.38,16.44,16.26,16.35,5435600,Infosys,INFY,-0.0022,-0.2638,1.011,0
2023-03-08,16.36,16.36,16.22,16.3,4737800,Infosys,INFY,-0.0033,-0.1284,1.0089,0
2023-03-09,16.13,16.24,15.9,15.9,6733900,Infosys,INFY,-0.0242,0.4213,1.0209,0
2023-03-10,15.96,16.11,15.82,15.87,6763900,Infosys,INFY,-0.0023,0.0045,1.0182,0
2023-03-13,15.48,15.71,15.23,15.5,13321500,Infosys,INFY,-0.0232,0.9695,1.0318,1
2023-03-14,15.45,15.68,15.44,15.55,7397600,Infosys,INFY,0.0035,-0.4447,1.0157,0
2023-03-15,15.16,15.27,15.02,15.19,14925800,Infosys,INFY,-0.0231,1.0177,1.0161,1
2023-03-16,15.05,15.44,15.05,15.43,7402800,Infosys,INFY,0.0154,-0.504,1.0256,0
2023-03-17,15.32,15.36,15.13,15.16,15611100,Infosys,INFY,-0.0175,1.1088,1.0154,1
2023-03-20,15.17,15.29,15.11,15.19,9583200,Infosys,INFY,0.0024,-0.3861,1.0119,0
2023-03-21,15.11,15.18,14.97,15.16,13141400,Infosys,INFY,-0.0024,0.3713,1.0138,0
2023-03-22,15.05,15.18,14.89,14.9,8451200,Infosys,INFY,-0.0172,-0.3569,1.0193,1
2023-03-23,15.13,15.31,14.95,15.2,14192500,Infosys,INFY,0.0205,0.6793,1.024,0
2023-03-24,15.03,15.09,14.94,15.08,6230000,Infosys,INFY,-0.0083,-0.561,1.0096,1
2023-03-27,15.17,15.29,15.1,15.27,11983600,Infosys,INFY,0.0131,0.9235,1.0125,0
2023-03-28,15.1,15.18,14.97,15.05,9638200,Infosys,INFY,-0.0147,-0.1957,1.0138,1
2023-03-29,15.1,15.24,15.09,15.22,7848700,Infosys,INFY,0.0113,-0.1857,1.0101,1
2023-03-30,15.36,15.38,15.27,15.38,6290700,Infosys,INFY,0.0106,-0.1985,1.0071,1
2023-03-31,15.64,15.67,15.48,15.65,8384400,Infosys,INFY,0.0175,0.3328,1.0122,0
2023-04-03,15.45,15.65,15.45,15.63,8446400,Infosys,INFY,-0.0011,0.0074,1.0134,0
2023-04-04,15.64,15.67,15.56,15.59,7522300,Infosys,INFY,-0.0029,-0.1094,1.0069,0
2023-04-05,15.61,15.65,15.47,15.55,5559700,Infosys,INFY,-0.0023,-0.2609,1.0116,0
2023-04-06,15.53,15.59,15.39,15.48,6830800,Infosys,INFY,-0.0046,0.2286,1.0128,1
2023-04-10,15.58,15.62,15.44,15.61,9204200,Infosys,INFY,0.0081,0.3475,1.0116,1
2023-04-11,15.46,15.66,15.42,15.66,11708400,Infosys,INFY,0.0035,0.2721,1.0157,0
2023-04-12,15.89,15.97,15.27,15.32,16959200,Infosys,INFY,-0.0218,0.4485,1.0464,0
2023-04-13,14.24,14.33,13.76,13.82,40415000,Infosys,INFY,-0.0978,1.3831,1.0417,0
2023-04-14,13.87,13.96,13.52,13.62,26028600,Infosys,INFY,-0.0143,-0.356,1.0325,1
2023-04-17,13.52,13.72,13.51,13.63,17173000,Infosys,INFY,0.0007,-0.3402,1.0159,0
2023-04-18,13.61,13.63,13.41,13.43,20768400,Infosys,INFY,-0.0151,0.2094,1.0167,0
2023-04-19,13.31,13.39,13.25,13.3,19107300,Infosys,INFY,-0.0094,-0.08,1.0108,1
2023-04-20,13.3,13.45,13.27,13.33,16901400,Infosys,INFY,0.002,-0.1154,1.0135,1
2023-04-21,13.38,13.43,13.32,13.35,6908400,Infosys,INFY,0.0013,-0.5913,1.0081,0
2023-04-24,13.3,13.34,13.2,13.3,11751900,Infosys,INFY,-0.0034,0.7011,1.0102,0
2023-04-25,13.35,13.35,13.26,13.27,14700200,Infosys,INFY,-0.002,0.2509,1.0068,1
2023-04-26,13.31,13.42,13.26,13.33,11181600,Infosys,INFY,0.0041,-0.2394,1.0115,1
2023-04-27,13.53,13.77,13.53,13.74,11606400,Infosys,INFY,0.031,0.038,1.0172,1
2023-04-28,13.7,13.96,13.7,13.95,11666900,Infosys,INFY,0.015,0.0052,1.019,0
2023-05-01,13.91,13.94,13.85,13.9,7691400,Infosys,INFY,-0.0032,-0.3408,1.0065,1
2023-05-02,13.89,13.97,13.79,13.95,10433300,Infosys,INFY,0.0032,0.3565,1.0137,0
2023-05-03,13.93,13.98,13.78,13.8,9372300,Infosys,INFY,-0.0103,-0.1017,1.015,0
2023-05-04,13.8,13.87,13.72,13.73,12316300,Infosys,INFY,-0.0052,0.3141,1.0105,0
2023-05-05,13.68,13.71,13.61,13.69,11268800,Infosys,INFY,-0.0033,-0.085,1.0073,1
2023-05-08,13.78,13.79,13.69,13.7,12112600,Infosys,INFY,0.0007,0.0749,1.0079,1
2023-05-09,13.69,13.72,13.65,13.7,12613800,Infosys,INFY,0.0007,0.0414,1.0053,1
2023-05-10,13.7,13.77,13.62,13.73,15541600,Infosys,INFY,0.002,0.2321,1.0105,0
2023-05-11,13.64,13.64,13.47,13.49,15960000,Infosys,INFY,-0.0176,0.0269,1.0127,1
2023-05-12,13.46,13.56,13.44,13.53,10854900,Infosys,INFY,0.0033,-0.3199,1.0087,1
2023-05-15,13.58,13.8,13.53,13.77,8921200,Infosys,INFY,0.0172,-0.1781,1.0199,0
2023-05-16,13.69,13.71,13.55,13.56,13214600,Infosys,INFY,-0.015,0.4813,1.0119,1
2023-05-17,13.46,13.66,13.46,13.63,7723900,Infosys,INFY,0.0053,-0.4155,1.0147,0
2023-05-18,13.54,13.61,13.52,13.6,9384700,Infosys,INFY,-0.0026,0.215,1.0066,1
2023-05-19,13.72,13.82,13.68,13.69,7375200,Infosys,INFY,0.0066,-0.2141,1.0105,1
2023-05-22,13.9,14.12,13.88,14.05,10336400,Infosys,INFY,0.0262,0.4015,1.0168,0
2023-05-23,13.96,14.04,13.92,13.94,7113800,Infosys,INFY,-0.0077,-0.3118,1.0084,1
2023-05-24,14.0,14.04,13.9,13.96,6913200,Infosys,INFY,0.0019,-0.0282,1.0097,1
2023-05-25,14.13,14.14,13.93,14.05,9303400,Infosys,INFY,0.0064,0.3457,1.0155,1
2023-05-26,14.19,14.31,14.17,14.24,6331800,Infosys,INFY,0.0134,-0.3194,1.0095,1
2023-05-30,14.26,14.31,14.21,14.27,6573500,Infosys,INFY,0.0019,0.0382,1.0076,1
2023-05-31,14.18,14.37,14.18,14.32,9041000,Infosys,INFY,0.0038,0.3754,1.0133,1
2023-06-01,14.36,14.46,14.25,14.4,7995900,Infosys,INFY,0.0053,-0.1156,1.0147,0
2023-06-02,14.29,14.44,14.28,14.37,7581500,Infosys,INFY,-0.0019,-0.0518,1.0108,0
2023-06-05,14.25,14.29,13.95,14.01,14055500,Infosys,INFY,-0.0253,0.8539,1.0241,1
2023-06-06,13.93,14.25,13.88,14.23,12480900,Infosys,INFY,0.0156,-0.112,1.0269,0
2023-06-07,14.23,14.28,14.13,14.23,7357300,Infosys,INFY,0.0,-0.4105,1.0109,0
2023-06-08,14.16,14.24,14.0,14.04,10270800,Infosys,INFY,-0.0128,0.396,1.0169,1
2023-06-09,13.94,14.12,13.92,14.05,8376100,Infosys,INFY,0.0006,-0.1845,1.0144,1
2023-06-12,14.23,14.41,14.21,14.38,9468800,Infosys,INFY,0.0233,0.1305,1.0141,1
2023-06-13,14.49,14.5,14.28,14.42,5843500,Infosys,INFY,0.0025,-0.3829,1.0153,0
2023-06-14,14.37,14.45,14.09,14.15,15595900,Infosys,INFY,-0.0183,1.6689,1.0258,1
2023-06-15,14.07,14.24,14.02,14.21,9532800,Infosys,INFY,0.0039,-0.3888,1.0162,1
2023-06-16,14.32,14.43,14.23,14.4,18245800,Infosys,INFY,0.0134,0.914,1.0141,0
2023-06-20,14.38,14.41,14.16,14.23,7622000,Infosys,INFY,-0.012,-0.5823,1.0173,0
2023-06-21,13.97,14.04,13.75,14.0,15032000,Infosys,INFY,-0.016,0.9722,1.0212,1
2023-06-22,13.84,14.11,13.81,14.07,11712900,Infosys,INFY,0.0052,-0.2208,1.0217,0
2023-06-23,13.86,13.89,13.78,13.83,8482700,Infosys,INFY,-0.0175,-0.2758,1.0079,1
2023-06-26,13.93,14.14,13.92,14.1,8509100,Infosys,INFY,0.0197,0.0031,1.0157,1
2023-06-27,14.2,14.23,14.06,14.21,7913600,Infosys,INFY,0.0077,-0.07,1.0116,1
2023-06-28,14.26,14.34,14.14,14.33,7520300,Infosys,INFY,0.0083,-0.0497,1.0141,1
2023-06-29,14.35,14.48,14.27,14.46,7992900,Infosys,INFY,0.0095,0.0628,1.0147,1
2023-06-30,14.71,14.79,14.57,14.62,12763900,Infosys,INFY,0.0107,0.5969,1.015,1
2023-07-03,14.73,14.83,14.6,14.68,7111800,Infosys,INFY,0.0044,-0.4428,1.0156,1
2023-07-05,14.69,14.89,14.67,14.79,13415500,Infosys,INFY,0.0074,0.8864,1.0149,0
2023-07-06,14.68,14.72,14.55,14.62,6464100,Infosys,INFY,-0.0117,-0.5182,1.0113,0
2023-07-07,14.55,14.72,14.55,14.6,5208600,Infosys,INFY,-0.0012,-0.1942,1.0113,0
2023-07-10,14.59,14.62,14.54,14.56,6775000,Infosys,INFY,-0.0025,0.3007,1.0056,1
2023-07-11,14.79,14.81,14.69,14.77,7631500,Infosys,INFY,0.0144,0.1264,1.008,0
2023-07-12,14.79,14.82,14.58,14.62,7102600,Infosys,INFY,-0.0105,-0.0693,1.0162,1
2023-07-13,15.08,15.33,15.08,15.27,13295300,Infosys,INFY,0.0448,0.8719,1.0163,1
2023-07-14,15.61,15.65,15.45,15.5,11539700,Infosys,INFY,0.0149,-0.132,1.0124,1
2023-07-17,15.51,15.75,15.49,15.73,12658400,Infosys,INFY,0.0147,0.0969,1.0164,1
2023-07-18,16.19,16.5,16.15,16.26,25345300,Infosys,INFY,0.0341,1.0023,1.0214,0
2023-07-19,16.2,16.33,16.05,16.11,21117700,Infosys,INFY,-0.0095,-0.1668,1.0176,0
2023-07-20,14.55,14.75,13.94,14.75,39518000,Infosys,INFY,-0.0841,0.8713,1.0581,1
2023-07-21,14.73,14.98,14.64,14.83,15268200,Infosys,INFY,0.0049,-0.6136,1.0236,0
2023-07-24,14.83,14.86,14.71,14.75,10331400,Infosys,INFY,-0.0049,-0.3233,1.0105,1
2023-07-25,14.76,14.95,14.76,14.9,7717900,Infosys,INFY,0.0099,-0.253,1.0129,1
2023-07-26,14.92,15.16,14.92,15.12,10006100,Infosys,INFY,0.0147,0.2965,1.0165,1
2023-07-27,15.14,15.26,15.11,15.13,11839800,Infosys,INFY,0.0006,0.1833,1.0102,0
2023-07-28,14.88,14.99,14.73,14.97,9072200,Infosys,INFY,-0.0102,-0.2338,1.0179,1
2023-07-31,15.12,15.24,15.1,15.15,6604000,Infosys,INFY,0.0122,-0.2721,1.009,1
2023-08-01,15.21,15.32,15.14,15.28,7462200,Infosys,INFY,0.0084,0.13,1.0114,0
2023-08-02,15.04,15.1,14.94,15.03,11896400,Infosys,INFY,-0.0167,0.5942,1.0103,0
2023-08-03,15.03,15.06,14.95,15.02,10134400,Infosys,INFY,-0.0006,-0.1481,1.0073,1
2023-08-04,15.17,15.35,15.14,15.2,7013000,Infosys,INFY,0.0121,-0.308,1.0144,1
2023-08-07,15.35,15.36,15.2,15.26,5533700,Infosys,INFY,0.0042,-0.2109,1.0108,0
2023-08-08,15.19,15.25,15.08,15.25,6330600,Infosys,INFY,-0.0006,0.144,1.0115,0
2023-08-09,15.29,15.33,15.13,15.2,7998100,Infosys,INFY,-0.0036,0.2634,1.0132,1
2023-08-10,15.26,15.46,15.26,15.35,9033300,Infosys,INFY,0.0096,0.1294,1.0131,0
2023-08-11,15.11,15.19,15.06,15.17,6831100,Infosys,INFY,-0.0113,-0.2438,1.0085,1
2023-08-14,15.28,15.42,15.23,15.34,5407200,Infosys,INFY,0.0108,-0.2084,1.0125,1
2023-08-15,15.25,15.63,15.25,15.58,13343900,Infosys,INFY,0.016,1.4678,1.0244,0
2023-08-16,15.65,15.75,15.53,15.58,8748900,Infosys,INFY,0.0,-0.3444,1.0141,0
2023-08-17,15.62,15.62,15.42,15.44,6166600,Infosys,INFY,-0.0093,-0.2952,1.013,0
2023-08-18,15.2,15.25,15.1,15.21,5445600,Infosys,INFY,-0.0147,-0.1169,1.0096,1
2023-08-21,15.38,15.42,15.23,15.35,6993300,Infosys,INFY,0.0096,0.2842,1.0125,1
2023-08-22,15.43,15.55,15.41,15.45,4037600,Infosys,INFY,0.0065,-0.4226,1.0094,1
2023-08-23,15.54,15.73,15.54,15.71,6097000,Infosys,INFY,0.0165,0.5101,1.0123,0
2023-08-24,15.74,15.77,15.55,15.58,4708800,Infosys,INFY,-0.0081,-0.2277,1.0146,1
2023-08-25,15.63,15.75,15.52,15.69,4662000,Infosys,INFY,0.007,-0.0099,1.0147,1
2023-08-28,15.7,15.83,15.69,15.76,5356600,Infosys,INFY,0.0046,0.149,1.0087,1
2023-08-29,15.72,15.85,15.7,15.85,7928100,Infosys,INFY,0.0052,0.4801,1.0098,1
2023-08-30,15.89,16.0,15.87,15.96,4613400,Infosys,INFY,0.0075,-0.4181,1.008,0
2023-08-31,15.92,15.98,15.79,15.8,6511500,Infosys,INFY,-0.0103,0.4114,1.0121,1
2023-09-01,15.94,15.99,15.87,15.94,5315100,Infosys,INFY,0.0086,-0.1837,1.0074,1
2023-09-05,16.21,16.33,16.15,16.16,5746400,Infosys,INFY,0.0143,0.0811,1.0107,0
2023-09-06,16.09,16.15,15.96,15.99,5049300,Infosys,INFY,-0.0107,-0.1213,1.0114,0
2023-09-07,15.96,16.01,15.9,15.94,5920700,Infosys,INFY,-0.0034,0.1726,1.0069,1
2023-09-08,16.03,16.15,15.99,16.15,5796800,Infosys,INFY,0.0131,-0.0209,1.0102,1
2023-09-11,16.23,16.33,16.14,16.33,5196600,Infosys,INFY,0.0113,-0.1035,1.0118,1
2023-09-12,16.41,16.54,16.38,16.43,6680000,Infosys,INFY,0.0061,0.2855,1.0094,0
2023-09-13,16.41,16.42,16.31,16.37,4102400,Infosys,INFY,-0.0033,-0.3859,1.0067,1
2023-09-14,16.47,16.54,16.4,16.47,2914100,Infosys,INFY,0.0061,-0.2897,1.0083,0
2023-09-15,16.45,16.49,16.1,16.15,16969900,Infosys,INFY,-0.0199,4.8234,1.0243,1
2023-09-18,16.15,16.26,16.11,16.15,3944300,Infosys,INFY,0.0006,-0.7676,1.0096,1
2023-09-19,16.14,16.21,16.09,16.18,3171400,Infosys,INFY,0.0017,-0.196,1.0073,1
2023-09-20,16.34,16.47,16.26,16.27,4888100,Infosys,INFY,0.0056,0.5413,1.0129,0
2023-09-21,16.29,16.35,16.14,16.14,5630200,Infosys,INFY,-0.0084,0.1518,1.013,1
2023-09-22,16.27,16.33,16.14,16.17,5319300,Infosys,INFY,0.0023,-0.0552,1.0118,0
2023-09-25,15.97,16.08,15.84,16.02,4992900,Infosys,INFY,-0.0096,-0.0614,1.0155,0
2023-09-26,15.85,15.92,15.69,15.71,5946500,Infosys,INFY,-0.0193,0.191,1.0145,1
2023-09-27,15.85,15.93,15.76,15.86,10292100,Infosys,INFY,0.0098,0.7308,1.0104,0
2023-09-28,15.5,15.6,15.21,15.43,18047500,Infosys,INFY,-0.0275,0.7535,1.0257,1
2023-09-29,15.58,15.73,15.51,15.56,9559900,Infosys,INFY,0.0088,-0.4703,1.0141,1
2023-10-02,15.49,15.64,15.49,15.63,4529900,Infosys,INFY,0.0041,-0.5262,1.0094,0
2023-10-03,15.55,15.68,15.45,15.46,6775000,Infosys,INFY,-0.0105,0.4956,1.0153,1
2023-10-04,15.64,15.87,15.61,15.86,7318800,Infosys,INFY,0.0259,0.0803,1.0169,1
2023-10-05,15.94,16.05,15.88,16.02,5069500,Infosys,INFY,0.0097,-0.3073,1.0109,1
2023-10-06,16.0,16.25,15.95,16.18,5476600,Infosys,INFY,0.0102,0.0803,1.0182,0
2023-10-09,15.99,16.19,15.95,16.15,8642700,Infosys,INFY,-0.0022,0.5781,1.0154,1
2023-10-10,16.24,16.37,16.17,16.24,11060900,Infosys,INFY,0.0056,0.2798,1.0124,0
2023-10-11,16.25,16.31,15.96,16.02,15897100,Infosys,INFY,-0.0134,0.4372,1.0217,0
2023-10-12,14.92,15.36,14.74,14.97,26816400,Infosys,INFY,-0.0653,0.6869,1.0419,1
2023-10-13,15.32,15.64,15.25,15.37,13208800,Infosys,INFY,0.0267,-0.5074,1.025,1
2023-10-16,15.44,15.74,15.44,15.65,7474100,Infosys,INFY,0.0183,-0.4342,1.0194,1
2023-10-17,15.55,15.83,15.55,15.78,7210500,Infosys,INFY,0.0081,-0.0353,1.0181,0
2023-10-18,15.63,15.72,15.55,15.59,6115500,Infosys,INFY,-0.0121,-0.1519,1.0105,0
2023-10-19,15.55,15.7,15.53,15.55,4830900,Infosys,INFY,-0.0029,-0.2101,1.0111,0
2023-10-20,15.46,15.63,15.4,15.44,5910200,Infosys,INFY,-0.007,0.2234,1.0148,0
2023-10-23,15.25,15.47,15.2,15.26,8505800,Infosys,INFY,-0.0112,0.4392,1.018,1
2023-10-24,15.36,15.5,15.34,15.46,5602500,Infosys,INFY,0.013,-0.3413,1.0102,0
2023-10-25,15.17,15.23,15.08,15.09,4727100,Infosys,INFY,-0.0238,-0.1563,1.0098,0
2023-10-26,15.1,15.18,14.99,15.04,6991300,Infosys,INFY,-0.0037,0.479,1.0123,1
2023-10-27,15.21,15.31,15.11,15.15,5591700,Infosys,INFY,0.0074,-0.2002,1.0128,1
2023-10-30,15.2,15.26,15.1,15.2,5559700,Infosys,INFY,0.0036,-0.0057,1.0104,0
2023-10-31,15.12,15.21,15.04,15.13,4663500,Infosys,INFY,-0.0048,-0.1612,1.0116,0
2023-11-01,15.02,15.12,14.99,15.11,5943300,Infosys,INFY,-0.0012,0.2744,1.0086,1
2023-11-02,15.31,15.43,15.25,15.38,9262500,Infosys,INFY,0.0177,0.5585,1.0115,0
2023-11-03,15.48,15.53,15.36,15.37,8674200,Infosys,INFY,-0.0006,-0.0635,1.0108,1
2023-11-06,15.48,15.55,15.41,15.54,3979000,Infosys,INFY,0.0108,-0.5413,1.009,0
2023-11-07,15.48,15.53,15.4,15.47,2875500,Infosys,INFY,-0.0042,-0.2773,1.0084,0
2023-11-08,15.37,15.42,15.31,15.36,3314000,Infosys,INFY,-0.0071,0.1525,1.0066,0
2023-11-09,15.24,15.28,15.06,15.08,7329500,Infosys,INFY,-0.0186,1.2117,1.0147,1
2023-11-10,15.11,15.37,15.09,15.32,5099500,Infosys,INFY,0.0165,-0.3042,1.0183,0
2023-11-13,15.16,15.31,15.13,15.25,4579800,Infosys,INFY,-0.0048,-0.1019,1.0116,1
2023-11-14,15.43,15.66,15.42,15.59,6902000,Infosys,INFY,0.0224,0.5071,1.0155,1
2023-11-15,15.64,16.0,15.64,16.0,10004100,Infosys,INFY,0.026,0.4494,1.023,0
2023-11-16,16.08,16.13,15.91,15.91,5859600,Infosys,INFY,-0.0052,-0.4143,1.0139,1
2023-11-17,15.95,16.14,15.91,16.13,4249400,Infosys,INFY,0.0139,-0.2748,1.0145,1
2023-11-20,16.04,16.2,16.01,16.16,5052400,Infosys,INFY,0.0017,0.189,1.0121,0
2023-11-21,16.1,16.17,16.04,16.07,4702200,Infosys,INFY,-0.0057,-0.0693,1.008,1
2023-11-22,16.25,16.29,16.13,16.2,5435700,Infosys,INFY,0.008,0.156,1.0103,0
2023-11-24,16.02,16.1,15.93,16.1,2743400,Infosys,INFY,-0.0063,-0.4953,1.0104,0
2023-11-27,15.98,16.05,15.91,16.01,3757400,Infosys,INFY,-0.0057,0.3696,1.0087,1
2023-11-28,16.01,16.28,15.98,16.25,6783900,Infosys,INFY,0.015,0.8055,1.019,0
2023-11-29,16.35,16.36,16.22,16.24,6039100,Infosys,INFY,-0.0006,-0.1098,1.0085,0
2023-11-30,16.23,16.3,16.1,16.17,5541400,Infosys,INFY,-0.004,-0.0824,1.0126,1
2023-12-01,16.1,16.36,16.06,16.34,4766000,Infosys,INFY,0.0103,-0.1399,1.0184,0
2023-12-04,16.44,16.48,16.25,16.3,5588600,Infosys,INFY,-0.0023,0.1726,1.0136,0
2023-12-05,16.21,16.32,16.02,16.09,5016100,Infosys,INFY,-0.013,-0.1024,1.0184,1
2023-12-06,16.4,16.46,16.27,16.3,6891300,Infosys,INFY,0.0132,0.3738,1.0113,0
2023-12-07,16.28,16.32,16.2,16.25,3340000,Infosys,INFY,-0.0028,-0.5153,1.0074,1
2023-12-08,16.49,16.52,16.35,16.49,4581100,Infosys,INFY,0.0142,0.3716,1.0107,0
2023-12-11,16.41,16.49,15.96,16.04,8516800,Infosys,INFY,-0.0268,0.8591,1.0329,1
2023-12-12,16.13,16.18,15.98,16.17,5521000,Infosys,INFY,0.008,-0.3518,1.0127,0
2023-12-13,16.02,16.1,15.93,16.1,9025600,Infosys,INFY,-0.0046,0.6348,1.0104,1
2023-12-14,16.59,17.02,16.55,16.93,14029200,Infosys,INFY,0.0515,0.5544,1.0284,1
2023-12-15,17.44,17.49,17.17,17.2,8262300,Infosys,INFY,0.0163,-0.4111,1.0188,1
2023-12-18,17.22,17.37,17.09,17.32,4898200,Infosys,INFY,0.007,-0.4072,1.0162,0
2023-12-19,17.21,17.46,17.21,17.31,5257800,Infosys,INFY,-0.0005,0.0734,1.0145,0
2023-12-20,17.07,17.21,16.97,16.97,6181000,Infosys,INFY,-0.0197,0.1756,1.0141,0
2023-12-21,17.05,17.1,16.75,16.96,7763900,Infosys,INFY,-0.0005,0.2561,1.0209,1
2023-12-22,17.23,17.41,17.18,17.29,7018100,Infosys,INFY,0.019,-0.0961,1.0134,0
2023-12-26,17.18,17.2,16.93,17.0,3866200,Infosys,INFY,-0.0165,-0.4491,1.0163,1
2023-12-27,17.18,17.21,17.0,17.14,4338000,Infosys,INFY,0.0081,0.122,1.0125,0
2023-12-28,17.15,17.21,17.07,17.1,3308700,Infosys,INFY,-0.0022,-0.2373,1.0081,0
2023-12-29,17.05,17.07,16.88,16.94,2864800,Infosys,INFY,-0.0097,-0.1342,1.0115,0
2024-01-02,16.81,16.84,16.6,16.66,8963600,Infosys,INFY,-0.0163,2.1289,1.0144,0
2024-01-03,16.18,16.64,16.17,16.62,12408800,Infosys,INFY,-0.0022,0.3844,1.0291,1
2024-01-04,16.77,16.84,16.6,16.65,6707600,Infosys,INFY,0.0017,-0.4594,1.0144,1
2024-01-05,16.82,16.88,16.65,16.68,10479200,Infosys,INFY,0.0017,0.5623,1.0138,1
2024-01-08,16.68,16.97,16.67,16.96,7538600,Infosys,INFY,0.0166,-0.2806,1.0182,0
2024-01-09,16.91,16.97,16.78,16.82,6106100,Infosys,INFY,-0.0082,-0.19,1.0115,0
2024-01-10,16.84,16.87,16.57,16.68,13572600,Infosys,INFY,-0.0082,1.2228,1.0184,1
2024-01-11,17.18,17.64,17.17,17.34,17927300,Infosys,INFY,0.0398,0.3208,1.0274,1
2024-01-12,17.89,18.48,17.89,18.06,21182400,Infosys,INFY,0.0414,0.1816,1.0335,0
2024-01-16,17.87,18.03,17.7,17.94,13410000,Infosys,INFY,-0.0066,-0.3669,1.0187,1
2024-01-17,18.02,18.16,17.94,18.01,11273100,Infosys,INFY,0.0036,-0.1594,1.0123,1
2024-01-18,18.26,18.39,18.11,18.27,9891800,Infosys,INFY,0.0148,-0.1225,1.0158,1
2024-01-19,18.25,18.46,18.18,18.42,7921000,Infosys,INFY,0.0081,-0.1992,1.0152,0
2024-01-22,18.36,18.43,18.28,18.31,5823300,Infosys,INFY,-0.006,-0.2648,1.0081,0
2024-01-23,18.15,18.38,18.07,18.24,8984900,Infosys,INFY,-0.004,0.5429,1.0173,1
2024-01-24,18.52,18.6,18.39,18.42,10476100,Infosys,INFY,0.0101,0.166,1.011,1
2024-01-25,18.43,18.58,18.3,18.51,7290500,Infosys,INFY,0.005,-0.3041,1.0151,1
2024-01-26,18.58,18.77,18.54,18.63,5696300,Infosys,INFY,0.0065,-0.2187,1.0124,0
2024-01-29,18.57,18.59,18.49,18.59,5283800,Infosys,INFY,-0.0025,-0.0724,1.005,0
2024-01-30,18.46,18.49,18.3,18.38,6409700,Infosys,INFY,-0.0109,0.2131,1.0106,0
2024-01-31,18.47,18.57,18.29,18.3,6594300,Infosys,INFY,-0.0045,0.0288,1.0151,1
2024-02-01,18.3,18.63,18.27,18.6,8251300,Infosys,INFY,0.0166,0.2513,1.0197,1
2024-02-02,18.73,18.88,18.61,18.75,6117900,Infosys,INFY,0.0079,-0.2586,1.0144,0
2024-02-05,18.72,18.75,18.61,18.71,3604800,Infosys,INFY,-0.0025,-0.4108,1.0074,1
2024-02-06,19.03,19.11,18.89,18.99,7549400,Infosys,INFY,0.0153,1.0943,1.0117,0
2024-02-07,18.72,18.87,18.55,18.83,5739100,Infosys,INFY,-0.0087,-0.2398,1.0174,0
2024-02-08,18.83,18.9,18.59,18.6,6885700,Infosys,INFY,-0.0117,0.1998,1.0169,0
2024-02-09,18.57,18.66,18.48,18.52,5895300,Infosys,INFY,-0.0045,-0.1438,1.01,1
2024-02-12,18.51,18.65,18.51,18.56,4253200,Infosys,INFY,0.002,-0.2785,1.0075,0
2024-02-13,18.36,18.44,18.25,18.3,6914100,Infosys,INFY,-0.0139,0.6256,1.0101,1
2024-02-14,18.48,18.61,18.42,18.6,7591100,Infosys,INFY,0.0161,0.0979,1.0105,1
2024-02-15,18.68,18.73,18.6,18.72,5247500,Infosys,INFY,0.0064,-0.3087,1.0069,1
2024-02-16,18.75,18.96,18.67,18.86,5516600,Infosys,INFY,0.0079,0.0513,1.0158,0
2024-02-20,18.69,18.8,18.42,18.45,7587200,Infosys,INFY,-0.022,0.3753,1.0205,0
2024-02-21,18.24,18.37,18.13,18.23,6191500,Infosys,INFY,-0.012,-0.184,1.0132,1
2024-02-22,18.61,18.76,18.56,18.72,6590200,Infosys,INFY,0.0268,0.0644,1.0109,0
2024-02-23,18.62,18.67,18.52,18.53,4228200,Infosys,INFY,-0.0098,-0.3584,1.008,0
2024-02-26,18.36,18.46,18.27,18.42,5145700,Infosys,INFY,-0.006,0.217,1.0101,1
2024-02-27,18.41,18.48,18.36,18.43,2751500,Infosys,INFY,0.0005,-0.4653,1.0065,0
2024-02-28,18.38,18.39,18.25,18.38,4344500,Infosys,INFY,-0.0025,0.579,1.0076,1
2024-02-29,18.46,18.51,18.36,18.39,6256900,Infosys,INFY,0.0005,0.4402,1.008,0
2024-03-01,18.36,18.36,18.21,18.27,6151800,Infosys,INFY,-0.0065,-0.0168,1.0081,0
2024-03-04,18.1,18.25,17.97,18.25,6821800,Infosys,INFY,-0.0015,0.1089,1.0159,0
2024-03-05,17.87,17.96,17.71,17.78,7522600,Infosys,INFY,-0.0258,0.1027,1.014,1
2024-03-06,17.99,18.08,17.78,17.81,9226500,Infosys,INFY,0.0021,0.2265,1.0166,1
2024-03-07,17.97,17.99,17.82,17.87,11084100,Infosys,INFY,0.0031,0.2013,1.0093,0
2024-03-08,17.88,17.92,17.74,17.75,8183300,Infosys,INFY,-0.0067,-0.2617,1.0104,0
2024-03-11,17.7,17.78,17.66,17.71,8544100,Infosys,INFY,-0.0021,0.0441,1.0068,1
2024-03-12,17.9,18.03,17.83,17.89,11415900,Infosys,INFY,0.0104,0.3361,1.0114,0
2024-03-13,17.83,17.92,17.78,17.87,7171000,Infosys,INFY,-0.0015,-0.3718,1.0083,1
2024-03-14,18.25,18.35,18.03,18.12,8476900,Infosys,INFY,0.0139,0.1821,1.0174,0
2024-03-15,18.08,18.12,17.71,17.72,13296100,Infosys,INFY,-0.0219,0.5685,1.0229,0
2024-03-18,17.68,17.72,17.57,17.66,6324200,Infosys,INFY,-0.0031,-0.5244,1.0084,0
2024-03-19,17.22,17.37,17.17,17.37,9561000,Infosys,INFY,-0.0167,0.5118,1.0118,1
2024-03-20,17.2,17.44,17.18,17.44,9677300,Infosys,INFY,0.0042,0.0122,1.0156,0
2024-03-21,16.91,17.04,16.71,16.78,22905000,Infosys,INFY,-0.038,1.3669,1.0199,0
2024-03-22,16.69,16.7,16.3,16.33,15028500,Infosys,INFY,-0.0269,-0.3439,1.0243,0
2024-03-25,16.39,16.39,16.21,16.25,12454500,Infosys,INFY,-0.0051,-0.1713,1.0114,1
2024-03-26,16.32,16.42,16.25,16.36,10500900,Infosys,INFY,0.0068,-0.1569,1.0102,1
2024-03-27,16.43,16.44,16.29,16.39,6074600,Infosys,INFY,0.0023,-0.4215,1.009,1
2024-03-28,16.39,16.58,16.39,16.52,7019600,Infosys,INFY,0.0079,0.1556,1.0112,0
2024-04-01,16.49,16.51,16.13,16.2,14601600,Infosys,INFY,-0.0195,1.0801,1.024,0
2024-04-02,16.06,16.23,16.02,16.2,12687000,Infosys,INFY,0.0,-0.1311,1.0127,1
2024-04-03,16.17,16.42,16.14,16.33,8871400,Infosys,INFY,0.008,-0.3007,1.0171,1
2024-04-04,16.35,16.6,16.26,16.36,12716500,Infosys,INFY,0.0017,0.4334,1.021,1
2024-04-05,16.31,16.45,16.26,16.43,5967200,Infosys,INFY,0.0045,-0.5308,1.0113,1
2024-04-08,16.35,16.55,16.34,16.46,8716600,Infosys,INFY,0.0017,0.4608,1.013,1
2024-04-09,16.61,16.84,16.6,16.76,13467900,Infosys,INFY,0.0185,0.5451,1.0144,0
2024-04-10,16.59,16.66,16.46,16.59,11553000,Infosys,INFY,-0.0104,-0.1422,1.0123,0
2024-04-11,16.72,16.72,16.45,16.53,13389200,Infosys,INFY,-0.0033,0.1589,1.0162,0
2024-04-12,16.38,16.46,16.15,16.33,17657700,Infosys,INFY,-0.0123,0.3188,1.0188,0
2024-04-15,16.3,16.32,15.9,15.91,11374300,Infosys,INFY,-0.0254,-0.3558,1.0261,0
2024-04-16,15.65,15.84,15.65,15.71,13033300,Infosys,INFY,-0.0127,0.1459,1.0124,0
2024-04-17,15.79,15.83,15.55,15.62,17034100,Infosys,INFY,-0.0059,0.307,1.0184,0
2024-04-18,14.98,15.57,14.78,15.21,31702900,Infosys,INFY,-0.026,0.8611,1.0536,1
2024-04-19,15.44,15.62,15.37,15.49,16182300,Infosys,INFY,0.0182,-0.4896,1.0162,1
2024-04-22,15.71,16.02,15.63,15.94,19944700,Infosys,INFY,0.0291,0.2325,1.0254,0
2024-04-23,15.94,16.01,15.78,15.81,8832400,Infosys,INFY,-0.0081,-0.5572,1.014,0
2024-04-24,15.81,15.88,15.6,15.7,10685000,Infosys,INFY,-0.007,0.2098,1.0177,0
2024-04-25,15.68,15.76,15.51,15.67,10657300,Infosys,INFY,-0.0018,-0.0026,1.016,0
2024-04-26,15.77,15.78,15.55,15.61,8845000,Infosys,INFY,-0.0041,-0.1701,1.0148,1
2024-04-29,15.62,15.75,15.6,15.64,7426500,Infosys,INFY,0.0018,-0.1604,1.0095,0
2024-04-30,15.6,15.62,15.4,15.4,11349100,Infosys,INFY,-0.0153,0.5282,1.0144,1
2024-05-01,15.41,15.56,15.37,15.45,6966200,Infosys,INFY,0.0036,-0.3862,1.0126,1
2024-05-02,15.53,15.58,15.32,15.55,8716700,Infosys,INFY,0.006,0.2513,1.0168,1
2024-05-03,15.59,15.66,15.54,15.6,4035300,Infosys,INFY,0.0036,-0.5371,1.0077,1
2024-05-06,15.66,15.7,15.62,15.64,4209700,Infosys,INFY,0.0024,0.0432,1.0053,1
2024-05-07,15.72,15.84,15.66,15.78,8843200,Infosys,INFY,0.0094,1.1007,1.0118,0
2024-05-08,15.66,15.79,15.57,15.75,4739100,Infosys,INFY,-0.0023,-0.4641,1.0142,0
2024-05-09,15.7,15.72,15.56,15.64,12308400,Infosys,INFY,-0.007,1.5972,1.0101,0
2024-05-10,15.61,15.63,15.47,15.55,10340700,Infosys,INFY,-0.0059,-0.1599,1.0101,1
2024-05-13,15.61,15.7,15.56,15.59,5923300,Infosys,INFY,0.003,-0.4272,1.0089,1
2024-05-14,15.66,15.67,15.54,15.62,9395500,Infosys,INFY,0.0018,0.5862,1.0089,1
2024-05-15,15.68,15.78,15.54,15.71,4019700,Infosys,INFY,0.0059,-0.5722,1.016,1
2024-05-16,15.86,15.93,15.8,15.89,10753400,Infosys,INFY,0.0111,1.6752,1.0082,0
2024-05-17,15.8,15.82,15.68,15.78,7986000,Infosys,INFY,-0.0064,-0.2574,1.0088,0
2024-05-20,15.81,15.87,15.77,15.78,6096100,Infosys,INFY,0.0,-0.2367,1.0064,0
2024-05-21,15.72,15.77,15.66,15.67,7889700,Infosys,INFY,-0.007,0.2942,1.0065,1
2024-05-22,15.9,15.95,15.84,15.91,8385600,Infosys,INFY,0.0153,0.0629,1.007,1
2024-05-23,16.07,16.14,16.01,16.03,9249300,Infosys,INFY,0.0075,0.103,1.0086,0
2024-05-24,16.03,16.11,15.97,16.0,9241000,Infosys,INFY,-0.0023,-0.0009,1.0087,0
2024-05-28,15.95,16.02,15.91,15.96,11508000,Infosys,INFY,-0.0023,0.2453,1.0069,0
2024-05-29,15.78,15.8,15.66,15.69,8563800,Infosys,INFY,-0.0167,-0.2558,1.0088,0
2024-05-30,15.58,15.63,15.45,15.55,11351200,Infosys,INFY,-0.0094,0.3255,1.0113,1
2024-05-31,15.73,15.81,15.45,15.75,14253800,Infosys,INFY,0.013,0.2557,1.0237,1
2024-06-03,15.86,15.89,15.68,15.84,8585300,Infosys,INFY,0.006,-0.3977,1.0132,0
2024-06-04,15.69,15.79,15.57,15.79,8822800,Infosys,INFY,-0.003,0.0277,1.0145,1
2024-06-05,16.07,16.15,15.98,16.12,7513200,Infosys,INFY,0.0208,-0.1484,1.0106,1
2024-06-06,16.39,16.5,16.35,16.49,7386000,Infosys,INFY,0.0227,-0.0169,1.0092,1
2024-06-07,16.98,17.08,16.84,16.93,11158200,Infosys,INFY,0.0268,0.5107,1.0145,0
2024-06-10,16.65,16.8,16.59,16.77,6404300,Infosys,INFY,-0.0094,-0.426,1.0125,0
2024-06-11,16.74,16.75,16.55,16.73,5756500,Infosys,INFY,-0.0028,-0.1012,1.0125,1
2024-06-12,16.73,16.84,16.69,16.79,6033900,Infosys,INFY,0.0039,0.0482,1.009,0
2024-06-13,16.78,16.83,16.68,16.74,6851000,Infosys,INFY,-0.0028,0.1354,1.009,0
2024-06-14,16.62,16.74,16.57,16.73,6694600,Infosys,INFY,-0.0011,-0.0228,1.0108,1
2024-06-17,16.71,16.91,16.67,16.87,6348700,Infosys,INFY,0.0084,-0.0517,1.0147,0
2024-06-18,16.9,16.99,16.81,16.84,10828100,Infosys,INFY,-0.0017,0.7056,1.0106,1
2024-06-20,17.32,17.37,17.07,17.18,17345600,Infosys,INFY,0.0201,0.6019,1.0176,0
2024-06-21,17.12,17.15,16.83,16.98,22822100,Infosys,INFY,-0.0115,0.3157,1.019,1
2024-06-24,16.91,17.1,16.88,17.05,5758800,Infosys,INFY,0.0044,-0.7477,1.0128,1
2024-06-25,17.17,17.26,17.07,17.24,8733100,Infosys,INFY,0.011,0.5165,1.011,0
2024-06-26,17.2,17.25,17.07,17.13,8693400,Infosys,INFY,-0.0065,-0.0045,1.0105,1
2024-06-27,17.51,17.58,17.44,17.51,8949300,Infosys,INFY,0.0225,0.0294,1.0081,0
2024-06-28,17.57,17.62,17.43,17.51,9520300,Infosys,INFY,-0.0005,0.0638,1.0108,1
2024-07-01,17.75,17.82,17.59,17.64,8064200,Infosys,INFY,0.0075,-0.1529,1.0128,1
2024-07-02,17.96,18.11,17.9,18.08,10531700,Infosys,INFY,0.0251,0.306,1.0116,1
2024-07-03,18.14,18.27,18.13,18.21,7252400,Infosys,INFY,0.0073,-0.3114,1.0078,1
2024-07-05,18.29,18.4,18.19,18.27,7709600,Infosys,INFY,0.0031,0.063,1.0114,1
2024-07-08,18.44,18.45,18.3,18.33,10910900,Infosys,INFY,0.0036,0.4152,1.0082,0
2024-07-09,18.41,18.42,18.14,18.14,12586700,Infosys,INFY,-0.0103,0.1536,1.0156,1
2024-07-10,18.29,18.34,18.01,18.21,16768700,Infosys,INFY,0.0036,0.3323,1.0183,1
2024-07-11,18.46,18.87,18.42,18.7,14459300,Infosys,INFY,0.0268,-0.1377,1.0245,1
2024-07-12,18.95,19.24,18.93,19.18,10583500,Infosys,INFY,0.0256,-0.268,1.0164,0
2024-07-15,18.96,19.19,18.96,19.09,11641700,Infosys,INFY,-0.0044,0.1,1.0119,1
2024-07-16,19.28,19.42,19.24,19.42,7137500,Infosys,INFY,0.0172,-0.3869,1.0093,0
2024-07-17,19.31,19.44,19.24,19.3,14389200,Infosys,INFY,-0.0063,1.016,1.0108,1
2024-07-18,20.36,21.26,20.23,20.92,42176100,Infosys,INFY,0.0838,1.9311,1.0507,0
2024-07-19,20.03,20.56,20.03,20.38,16443500,Infosys,INFY,-0.0256,-0.6101,1.0263,1
2024-07-22,20.38,20.49,20.18,20.49,8459600,Infosys,INFY,0.0051,-0.4855,1.0154,1
2024-07-23,20.55,20.78,20.43,20.76,9992300,Infosys,INFY,0.0133,0.1812,1.017,0
2024-07-24,20.56,20.79,20.52,20.55,7859100,Infosys,INFY,-0.01,-0.2135,1.0128,1
2024-07-25,20.49,20.81,20.49,20.69,11403500,Infosys,INFY,0.0069,0.451,1.0156,1
2024-07-26,21.12,21.57,21.1,21.43,15980100,Infosys,INFY,0.0354,0.4013,1.0223,0
2024-07-29,21.28,21.36,21.16,21.25,8940800,Infosys,INFY,-0.0083,-0.4405,1.0093,1
2024-07-30,21.2,21.32,21.15,21.26,6682900,Infosys,INFY,0.0004,-0.2525,1.008,0
2024-07-31,21.22,21.29,20.45,20.81,18250700,Infosys,INFY,-0.0212,1.731,1.0414,1
2024-08-01,20.96,21.1,20.84,20.97,10759600,Infosys,INFY,0.0077,-0.4105,1.0122,0
2024-08-02,20.52,20.54,20.19,20.47,10940900,Infosys,INFY,-0.0238,0.0169,1.0172,0
2024-08-05,19.31,19.77,19.16,19.55,14844400,Infosys,INFY,-0.0446,0.3568,1.0319,1
2024-08-06,19.71,19.83,19.64,19.73,9996700,Infosys,INFY,0.0091,-0.3266,1.0096,0
2024-08-07,20.02,20.15,19.7,19.71,8944600,Infosys,INFY,-0.001,-0.1052,1.0229,1
2024-08-08,19.65,19.9,19.63,19.87,8243300,Infosys,INFY,0.0081,-0.0784,1.0139,1
2024-08-09,19.96,20.14,19.87,20.02,7794500,Infosys,INFY,0.0076,-0.0544,1.0132,1
2024-08-12,20.03,20.17,19.94,20.03,11669500,Infosys,INFY,0.0005,0.4971,1.0113,1
2024-08-13,20.1,20.37,20.1,20.3,7691800,Infosys,INFY,0.0131,-0.3409,1.0136,1
2024-08-14,20.32,20.47,20.27,20.45,5350300,Infosys,INFY,0.0074,-0.3044,1.0097,1
2024-08-15,20.58,20.68,20.5,20.52,6838200,Infosys,INFY,0.0037,0.2781,1.0087,1
2024-08-16,20.68,20.75,20.59,20.69,5219100,Infosys,INFY,0.0082,-0.2368,1.0078,1
2024-08-19,20.77,20.97,20.73,20.93,5276900,Infosys,INFY,0.0114,0.0111,1.0118,1
2024-08-20,20.94,21.05,20.86,20.97,5588900,Infosys,INFY,0.0022,0.0591,1.009,1
2024-08-21,21.04,21.23,21.03,21.22,7843700,Infosys,INFY,0.0117,0.4034,1.0094,0
2024-08-22,21.07,21.16,20.97,21.0,4273000,Infosys,INFY,-0.0102,-0.4552,1.009,0
2024-08-23,21.01,21.07,20.82,21.0,4428500,Infosys,INFY,0.0,0.0364,1.0117,1
2024-08-26,20.97,21.15,20.97,21.1,4569000,Infosys,INFY,0.0045,0.0317,1.0085,1
2024-08-27,21.21,21.54,21.18,21.44,8258200,Infosys,INFY,0.016,0.8074,1.0169,1
2024-08-28,21.64,22.07,21.6,21.62,7492200,Infosys,INFY,0.0088,-0.0928,1.0222,1
2024-08-29,21.63,21.92,21.63,21.81,5756200,Infosys,INFY,0.0087,-0.2317,1.0135,1
2024-08-30,21.9,21.97,21.75,21.89,6375000,Infosys,INFY,0.0034,0.1075,1.0104,0
2024-09-03,21.79,21.93,21.52,21.6,5793200,Infosys,INFY,-0.0129,-0.0913,1.0192,1
2024-09-04,21.49,21.72,21.46,21.68,5558000,Infosys,INFY,0.0035,-0.0406,1.0118,0
2024-09-05,21.65,21.81,21.48,21.53,6270100,Infosys,INFY,-0.0069,0.1281,1.0153,0
2024-09-06,21.45,21.55,21.14,21.19,7517300,Infosys,INFY,-0.0157,0.1989,1.0191,1
2024-09-09,21.4,21.4,21.21,21.27,4585000,Infosys,INFY,0.0035,-0.3901,1.0089,1
2024-09-10,21.41,21.56,21.29,21.56,6484400,Infosys,INFY,0.0137,0.4143,1.0124,0
2024-09-11,21.52,21.58,21.21,21.55,5590600,Infosys,INFY,-0.0004,-0.1378,1.0173,1
2024-09-12,21.86,21.93,21.7,21.86,5643300,Infosys,INFY,0.0144,0.0094,1.0108,0
2024-09-13,21.88,21.93,21.76,21.81,5273400,Infosys,INFY,-0.0022,-0.0655,1.0078,0
2024-09-16,21.81,21.9,21.67,21.8,6747300,Infosys,INFY,-0.0004,0.2795,1.0104,0
2024-09-17,21.89,22.02,21.45,21.6,10352700,Infosys,INFY,-0.0095,0.5343,1.0263,0
2024-09-18,21.13,21.34,21.05,21.13,7051700,Infosys,INFY,-0.0213,-0.3189,1.0138,1
2024-09-19,21.37,21.44,21.27,21.33,6281100,Infosys,INFY,0.0093,-0.1093,1.0084,1
2024-09-20,21.28,21.53,21.26,21.48,21841100,Infosys,INFY,0.0071,2.4773,1.0128,0
2024-09-23,21.36,21.37,21.14,21.33,4900300,Infosys,INFY,-0.007,-0.7756,1.0107,0
2024-09-24,21.27,21.36,21.12,21.23,7015300,Infosys,INFY,-0.0048,0.4316,1.0116,0
2024-09-25,21.16,21.26,21.11,21.21,9151500,Infosys,INFY,-0.0009,0.3045,1.0071,1
2024-09-26,21.67,21.87,21.49,21.59,10927900,Infosys,INFY,0.0177,0.1941,1.0175,0
2024-09-27,21.27,21.34,21.0,21.05,9702000,Infosys,INFY,-0.0248,-0.1122,1.0161,0
2024-09-30,20.95,21.08,20.76,20.94,11576900,Infosys,INFY,-0.0054,0.1932,1.0154,1
2024-10-01,21.08,21.17,20.94,21.05,8366500,Infosys,INFY,0.0054,-0.2773,1.0112,0
2024-10-02,21.02,21.1,20.84,20.98,5273100,Infosys,INFY,-0.0031,-0.3697,1.0122,1
2024-10-03,20.86,21.09,20.86,21.07,7816800,Infosys,INFY,0.004,0.4824,1.0108,1
2024-10-04,21.26,21.51,21.24,21.43,9261000,Infosys,INFY,0.017,0.1848,1.0128,1
2024-10-07,21.37,21.69,21.36,21.54,7549400,Infosys,INFY,0.0053,-0.1848,1.0154,1
2024-10-08,21.75,21.96,21.7,21.92,7722500,Infosys,INFY,0.0179,0.0229,1.0121,0
2024-10-09,21.92,21.98,21.82,21.88,4269500,Infosys,INFY,-0.0021,-0.4471,1.0073,0
2024-10-10,21.28,21.37,21.11,21.29,7665900,Infosys,INFY,-0.0266,0.7955,1.0125,1
2024-10-11,21.46,21.61,21.42,21.56,5065600,Infosys,INFY,0.0124,-0.3392,1.0092,1
2024-10-14,21.89,22.05,21.81,21.96,7100000,Infosys,INFY,0.0188,0.4016,1.0108,0
2024-10-15,21.79,21.89,21.6,21.64,10562700,Infosys,INFY,-0.0146,0.4877,1.0135,0
2024-10-16,21.4,21.56,21.34,21.53,13868500,Infosys,INFY,-0.0052,0.313,1.0101,0
2024-10-17,20.85,21.37,20.7,21.3,16539000,Infosys,INFY,-0.0105,0.1926,1.0322,0
2024-10-18,21.05,21.19,20.89,21.16,11307600,Infosys,INFY,-0.0066,-0.3163,1.0144,0
2024-10-21,20.67,20.95,20.66,20.87,10411900,Infosys,INFY,-0.0138,-0.0792,1.0136,0
2024-10-22,20.73,20.92,20.73,20.83,5733800,Infosys,INFY,-0.0018,-0.4493,1.0091,1
2024-10-23,20.85,21.03,20.79,20.88,4532000,Infosys,INFY,0.0023,-0.2096,1.0118,0
2024-10-24,20.88,20.98,20.7,20.73,7199600,Infosys,INFY,-0.0072,0.5886,1.0136,0
2024-10-25,20.73,20.77,20.56,20.58,6572800,Infosys,INFY,-0.0073,-0.0871,1.0101,1
2024-10-28,20.88,20.89,20.73,20.75,3887200,Infosys,INFY,0.0082,-0.4086,1.0077,0
2024-10-29,20.62,20.89,20.57,20.7,8789300,Infosys,INFY,-0.0023,1.2611,1.0157,0
2024-10-30,20.46,20.5,20.07,20.08,8486700,Infosys,INFY,-0.0299,-0.0344,1.0213,0
2024-10-31,20.01,20.05,19.85,19.88,8615100,Infosys,INFY,-0.0099,0.0151,1.0101,0
2024-11-01,19.86,20.01,19.74,19.74,9285500,Infosys,INFY,-0.0072,0.0778,1.0135,0
2024-11-04,19.74,19.86,19.64,19.7,11936900,Infosys,INFY,-0.0019,0.2855,1.0111,0
2024-11-05,19.76,19.79,19.65,19.69,9558400,Infosys,INFY,-0.0005,-0.1993,1.0073,1
2024-11-06,20.45,20.54,20.16,20.35,17779900,Infosys,INFY,0.0333,0.8601,1.0189,1
2024-11-07,20.39,20.6,20.29,20.59,12341100,Infosys,INFY,0.0117,-0.3059,1.015,1
2024-11-08,20.6,20.92,20.6,20.68,7743000,Infosys,INFY,0.0046,-0.3726,1.0157,1
2024-11-11,20.81,21.04,20.7,20.96,6092100,Infosys,INFY,0.0133,-0.2132,1.0165,0
2024-11-12,20.94,21.08,20.91,20.94,3848800,Infosys,INFY,-0.0009,-0.3682,1.0082,1
2024-11-13,20.9,20.98,20.73,20.96,5432100,Infosys,INFY,0.0009,0.4114,1.0119,0
2024-11-14,20.86,20.95,20.74,20.75,6169200,Infosys,INFY,-0.01,0.1357,1.0101,0
2024-11-15,20.64,20.68,20.32,20.47,7650200,Infosys,INFY,-0.0133,0.2401,1.0178,1
2024-11-18,20.28,20.61,20.23,20.54,4816400,Infosys,INFY,0.0033,-0.3704,1.0188,1
2024-11-19,20.38,20.87,20.38,20.66,6033100,Infosys,INFY,0.006,0.2526,1.0243,1
2024-11-20,20.92,20.95,20.73,20.91,7812600,Infosys,INFY,0.012,0.295,1.0106,0
2024-11-21,20.75,20.96,20.7,20.88,6121500,Infosys,INFY,-0.0014,-0.2165,1.0124,1
2024-11-22,21.31,21.69,21.21,21.67,8678600,Infosys,INFY,0.0378,0.4177,1.0229,1
2024-11-25,21.38,21.76,21.35,21.72,11805800,Infosys,INFY,0.0022,0.3603,1.0192,1
2024-11-26,21.81,22.06,21.78,22.04,7339500,Infosys,INFY,0.0149,-0.3783,1.0131,0
2024-11-27,21.88,21.99,21.46,21.62,9141100,Infosys,INFY,-0.019,0.2455,1.0244,0
2024-11-29,21.05,21.15,20.92,20.99,5620900,Infosys,INFY,-0.0295,-0.3851,1.0109,1
2024-12-02,21.02,21.19,20.93,21.11,5836200,Infosys,INFY,0.0059,0.0383,1.0123,0
2024-12-03,21.2,21.3,20.95,21.03,8215700,Infosys,INFY,-0.0036,0.4077,1.0168,1
2024-12-04,21.24,21.5,21.18,21.41,5866400,Infosys,INFY,0.0181,-0.286,1.0153,1
2024-12-05,21.64,21.96,21.63,21.74,5984600,Infosys,INFY,0.0151,0.0201,1.0149,0
2024-12-06,21.76,21.85,21.68,21.74,4709600,Infosys,INFY,0.0,-0.213,1.0079,1
2024-12-09,21.88,22.26,21.88,22.02,6292000,Infosys,INFY,0.0131,0.336,1.0174,1
2024-12-10,21.99,22.23,21.83,22.1,6600900,Infosys,INFY,0.0035,0.0491,1.0183,1
2024-12-11,22.1,22.36,22.05,22.21,6193400,Infosys,INFY,0.0052,-0.0617,1.0138,0
2024-12-12,22.22,22.32,22.01,22.11,5750900,Infosys,INFY,-0.0047,-0.0714,1.0138,1
2024-12-13,22.37,22.47,22.14,22.25,4443500,Infosys,INFY,0.0065,-0.2273,1.015,0
2024-12-16,22.2,22.42,22.17,22.2,9862100,Infosys,INFY,-0.0021,1.2194,1.0116,0
2024-12-17,22.18,22.23,21.99,21.99,3890600,Infosys,INFY,-0.0094,-0.6055,1.0112,0
2024-12-18,21.99,22.15,21.51,21.54,6071000,Infosys,INFY,-0.0208,0.5604,1.0296,1
2024-12-19,22.04,22.46,21.97,22.27,9178400,Infosys,INFY,0.034,0.5118,1.0225,0
2024-12-20,21.52,21.84,21.34,21.61,12356700,Infosys,INFY,-0.0295,0.3463,1.0236,1
2024-12-23,21.61,21.72,21.41,21.66,3622600,Infosys,INFY,0.0022,-0.7068,1.0147,0
2024-12-24,21.47,21.7,21.44,21.65,2051600,Infosys,INFY,-0.0004,-0.4337,1.012,0
2024-12-26,21.53,21.64,21.49,21.53,3440300,Infosys,INFY,-0.0057,0.6769,1.0071,0
2024-12-27,21.48,21.59,21.21,21.38,4339900,Infosys,INFY,-0.0071,0.2615,1.0179,0
2024-12-30,21.13,21.13,20.82,21.02,4830800,Infosys,INFY,-0.0169,0.1131,1.0151,0
2024-12-31,21.06,21.1,20.82,20.84,2304300,Infosys,INFY,-0.0081,-0.523,1.0137,1
2025-01-02,21.63,21.7,21.39,21.51,6556200,Infosys,INFY,0.0319,1.8452,1.0147,1
2025-01-03,21.41,21.55,21.35,21.52,3810700,Infosys,INFY,0.0004,-0.4188,1.0094,1
2025-01-06,21.47,21.69,21.47,21.63,4862600,Infosys,INFY,0.0053,0.276,1.0102,0
2025-01-07,21.56,21.76,21.42,21.5,5150400,Infosys,INFY,-0.0062,0.0592,1.0155,1
2025-01-08,21.48,21.69,21.44,21.66,6199700,Infosys,INFY,0.0075,0.2037,1.0115,0
2025-01-10,21.73,22.05,21.59,21.59,7409000,Infosys,INFY,-0.0035,0.1951,1.0216,0
2025-01-13,21.41,21.66,21.38,21.58,11561800,Infosys,INFY,-0.0004,0.5605,1.0133,0
2025-01-14,21.47,21.59,21.39,21.41,13923400,Infosys,INFY,-0.0079,0.2043,1.0093,1
2025-01-15,21.6,21.84,21.53,21.77,9229900,Infosys,INFY,0.0169,-0.3371,1.0146,0
2025-01-16,21.49,21.49,20.26,20.51,22922700,Infosys,INFY,-0.0577,1.4835,1.0605,0
2025-01-17,20.2,20.44,20.07,20.15,13512700,Infosys,INFY,-0.0176,-0.4105,1.0185,0
2025-01-21,20.06,20.13,19.9,20.11,18004300,Infosys,INFY,-0.0019,0.3324,1.0115,1
2025-01-22,20.39,20.63,20.28,20.55,9311600,Infosys,INFY,0.0217,-0.4828,1.0169,1
2025-01-23,20.52,20.73,20.46,20.71,10751800,Infosys,INFY,0.0079,0.1547,1.013,0
2025-01-24,20.67,20.78,20.61,20.62,7612600,Infosys,INFY,-0.0046,-0.292,1.0083,0
2025-01-27,20.19,20.57,20.19,20.48,9588900,Infosys,INFY,-0.0065,0.2596,1.0188,0
2025-01-28,20.36,20.5,20.27,20.47,14719300,Infosys,INFY,-0.0005,0.535,1.0113,1
2025-01-29,20.67,20.75,20.53,20.63,8351400,Infosys,INFY,0.0079,-0.4326,1.0107,1
2025-01-30,20.66,20.99,20.63,20.75,6800600,Infosys,INFY,0.0055,-0.1857,1.0171,1
2025-01-31,20.84,20.97,20.75,20.87,9751700,Infosys,INFY,0.006,0.4339,1.0105,1
2025-02-03,20.52,21.01,20.52,20.91,10983000,Infosys,INFY,0.0018,0.1263,1.0236,1
2025-02-04,20.92,21.3,20.92,21.28,9778200,Infosys,INFY,0.0177,-0.1097,1.0182,0
2025-02-05,21.03,21.23,20.94,21.21,9910900,Infosys,INFY,-0.0031,0.0136,1.0141,0
2025-02-06,21.28,21.3,21.01,21.15,9375200,Infosys,INFY,-0.0031,-0.0541,1.014,0
2025-02-07,21.1,21.1,20.59,20.76,9618000,Infosys,INFY,-0.0184,0.0259,1.0249,1
2025-02-10,20.73,20.81,20.64,20.8,9249900,Infosys,INFY,0.0018,-0.0383,1.0078,1
2025-02-11,20.68,20.91,20.58,20.89,8557800,Infosys,INFY,0.0046,-0.0748,1.0162,0
2025-02-12,20.53,20.68,20.45,20.68,5914200,Infosys,INFY,-0.01,-0.3089,1.0112,0
2025-02-13,20.52,20.69,20.44,20.67,9916700,Infosys,INFY,-0.0005,0.6768,1.0121,0
2025-02-14,20.66,20.68,20.48,20.51,7038100,Infosys,INFY,-0.0078,-0.2903,1.0097,0
2025-02-18,20.42,20.42,20.13,20.36,10779700,Infosys,INFY,-0.0074,0.5316,1.0142,0
2025-02-19,20.15,20.17,19.97,20.17,11414600,Infosys,INFY,-0.0093,0.0589,1.01,1
2025-02-20,20.23,20.32,20.09,20.3,10776600,Infosys,INFY,0.0066,-0.0559,1.0114,0
2025-02-21,20.15,20.24,20.06,20.13,13778200,Infosys,INFY,-0.0084,0.2785,1.0085,0
2025-02-24,19.65,19.83,19.61,19.81,12509400,Infosys,INFY,-0.0161,-0.0921,1.0112,0
2025-02-25,19.73,19.8,19.6,19.75,9215000,Infosys,INFY,-0.0029,-0.2634,1.0102,0
2025-02-26,19.76,19.94,19.7,19.75,9233300,Infosys,INFY,0.0,0.002,1.0121,0
2025-02-27,19.74,19.78,19.48,19.49,10206600,Infosys,INFY,-0.013,0.1054,1.0151,0
2025-02-28,18.87,19.11,18.73,19.11,17385600,Infosys,INFY,-0.0195,0.7034,1.0203,0
2025-03-03,19.08,19.2,18.82,18.86,9916000,Infosys,INFY,-0.0134,-0.4296,1.0202,0
2025-03-04,18.69,18.95,18.6,18.74,13778200,Infosys,INFY,-0.0061,0.3895,1.0189,1
2025-03-05,19.09,19.2,18.94,19.08,12466000,Infosys,INFY,0.0178,-0.0952,1.0136,0
2025-03-06,19.0,19.05,18.71,18.78,11306000,Infosys,INFY,-0.0155,-0.0931,1.0178,1
2025-03-07,18.64,18.89,18.55,18.89,15923200,Infosys,INFY,0.0056,0.4084,1.0185,0
2025-03-10,18.78,18.82,18.41,18.49,14185200,Infosys,INFY,-0.0211,-0.1091,1.0222,0
2025-03-11,18.19,18.26,17.89,18.04,17695000,Infosys,INFY,-0.0242,0.2474,1.0207,0
2025-03-12,17.58,17.73,17.44,17.59,15292400,Infosys,INFY,-0.0248,-0.1358,1.0169,0
2025-03-13,17.59,17.68,17.36,17.39,10913500,Infosys,INFY,-0.0114,-0.2863,1.0181,1
2025-03-14,17.48,17.55,17.36,17.5,7767300,Infosys,INFY,0.006,-0.2883,1.011,1
2025-03-17,17.68,17.78,17.49,17.66,10044500,Infosys,INFY,0.0092,0.2932,1.0169,0
2025-03-18,17.77,17.77,17.49,17.54,13070400,Infosys,INFY,-0.0065,0.3012,1.0163,1
2025-03-19,17.63,17.75,17.53,17.66,9710800,Infosys,INFY,0.0065,-0.257,1.0125,0
2025-03-20,17.43,17.49,17.02,17.17,19376100,Infosys,INFY,-0.0275,0.9953,1.0274,1
2025-03-21,17.51,17.53,17.28,17.42,18677600,Infosys,INFY,0.0144,-0.036,1.0143,1
2025-03-24,17.72,17.72,17.59,17.68,7515800,Infosys,INFY,0.0147,-0.5976,1.007,1
2025-03-25,17.96,18.09,17.87,17.91,11605900,Infosys,INFY,0.0129,0.5442,1.0122,0
2025-03-26,17.71,17.87,17.69,17.74,7391100,Infosys,INFY,-0.009,-0.3632,1.0102,1
2025-03-27,17.78,17.86,17.69,17.75,6249500,Infosys,INFY,0.0005,-0.1545,1.0097,0
2025-03-28,17.47,17.57,17.22,17.28,7866100,Infosys,INFY,-0.0268,0.2587,1.0204,1
2025-03-31,17.12,17.39,16.99,17.35,12408200,Infosys,INFY,0.0044,0.5774,1.0235,0
2025-04-01,17.3,17.32,17.07,17.31,13574900,Infosys,INFY,-0.0027,0.094,1.0145,1
2025-04-02,17.26,17.53,17.23,17.49,9782300,Infosys,INFY,0.0104,-0.2794,1.0171,0
2025-04-03,16.7,16.88,16.43,16.5,16271300,Infosys,INFY,-0.0566,0.6633,1.0272,0
2025-04-04,15.98,16.07,15.69,15.77,19389000,Infosys,INFY,-0.0444,0.1916,1.0242,1
2025-04-07,15.6,16.57,15.55,15.96,23309900,Infosys,INFY,0.0121,0.2022,1.0661,0
2025-04-08,16.2,16.33,15.43,15.61,12944700,Infosys,INFY,-0.0215,-0.4447,1.0579,1
2025-04-09,15.36,16.9,15.36,16.79,20797800,Infosys,INFY,0.0755,0.6067,1.1003,0
2025-04-10,16.41,16.46,15.69,16.15,25884800,Infosys,INFY,-0.0385,0.2446,1.0491,0
2025-04-11,15.94,16.12,15.67,16.05,15133500,Infosys,INFY,-0.0059,-0.4154,1.0285,1
2025-04-14,16.33,16.33,16.05,16.17,20142000,Infosys,INFY,0.0077,0.331,1.0172,1
2025-04-15,16.06,16.22,16.03,16.19,16826200,Infosys,INFY,0.0012,-0.1646,1.0119,0
2025-04-16,15.79,16.02,15.72,15.77,21244700,Infosys,INFY,-0.0264,0.2626,1.0194,0
2025-04-17,15.42,15.64,15.04,15.35,20714100,Infosys,INFY,-0.0265,-0.025,1.0398,1
2025-04-21,16.03,16.05,15.59,15.77,20614300,Infosys,INFY,0.0273,-0.0048,1.0299,1
2025-04-22,15.84,16.1,15.84,16.03,10459300,Infosys,INFY,0.0169,-0.4926,1.0162,1
2025-04-23,16.51,16.69,16.34,16.38,12569300,Infosys,INFY,0.0219,0.2017,1.0215,1
2025-04-24,16.42,16.59,16.39,16.51,10165700,Infosys,INFY,0.0075,-0.1912,1.0122,1
2025-04-25,16.55,16.58,16.41,16.55,7574000,Infosys,INFY,0.0023,-0.2549,1.0104,0
2025-04-28,16.51,16.59,16.31,16.48,7546900,Infosys,INFY,-0.004,-0.0036,1.0175,1
2025-04-29,16.57,16.78,16.51,16.71,7769600,Infosys,INFY,0.0138,0.0295,1.0167,1
2025-04-30,16.69,16.76,16.44,16.74,7085500,Infosys,INFY,0.0017,-0.088,1.0191,0
2025-05-01,16.85,16.89,16.73,16.74,7752700,Infosys,INFY,0.0,0.0942,1.0097,1
2025-05-02,16.99,17.14,16.99,17.0,8940500,Infosys,INFY,0.0159,0.1532,1.0084,0
2025-05-05,16.96,17.1,16.96,16.97,5659500,Infosys,INFY,-0.0017,-0.367,1.0078,0
2025-05-06,16.97,17.11,16.87,16.9,8333400,Infosys,INFY,-0.0045,0.4725,1.0141,0
2025-05-07,16.82,16.89,16.76,16.84,5479000,Infosys,INFY,-0.0034,-0.3425,1.0074,0
2025-05-08,16.8,16.9,16.59,16.63,11433300,Infosys,INFY,-0.0124,1.0867,1.0183,0
2025-05-09,16.85,16.89,16.56,16.63,8642400,Infosys,INFY,0.0,-0.2441,1.0201,1
2025-05-12,17.93,17.99,17.59,17.73,16249500,Infosys,INFY,0.0663,0.8802,1.0227,0
2025-05-13,17.38,17.54,17.37,17.48,8599700,Infosys,INFY,-0.0145,-0.4708,1.0099,1
2025-05-14,17.62,17.63,17.49,17.55,8648200,Infosys,INFY,0.0044,0.0056,1.0082,1
2025-05-15,17.74,17.87,17.7,17.8,8079100,Infosys,INFY,0.0141,-0.0658,1.0097,0
2025-05-16,17.44,17.5,17.22,17.41,12914100,Infosys,INFY,-0.0219,0.5985,1.016,1
2025-05-19,17.21,17.49,17.2,17.43,9394400,Infosys,INFY,0.0011,-0.2725,1.0166,0
2025-05-20,17.37,17.4,17.27,17.34,7065500,Infosys,INFY,-0.0049,-0.2479,1.0077,0
2025-05-21,17.27,17.45,17.19,17.27,7863200,Infosys,INFY,-0.0044,0.1129,1.0149,0
2025-05-22,17.03,17.25,16.94,17.15,8345000,Infosys,INFY,-0.0066,0.0613,1.0185,1
2025-05-23,17.07,17.32,17.07,17.22,10086500,Infosys,INFY,0.0039,0.2087,1.0145,1
2025-05-27,17.39,17.6,17.37,17.58,9014400,Infosys,INFY,0.021,-0.1063,1.0131,0
2025-05-28,17.47,17.54,17.42,17.46,6625900,Infosys,INFY,-0.007,-0.265,1.0071,1
2025-05-29,17.62,17.68,17.49,17.55,8526600,Infosys,INFY,0.0054,0.2869,1.0109,0
2025-05-30,17.62,17.62,17.44,17.54,12638500,Infosys,INFY,-0.0007,0.4822,1.0105,0
2025-06-02,17.43,17.56,17.36,17.54,8475400,Infosys,INFY,0.0,-0.3294,1.0117,0
2025-06-03,17.38,17.47,17.29,17.4,11219600,Infosys,INFY,-0.0082,0.3238,1.0106,0
2025-06-04,17.4,17.45,17.18,17.21,7541700,Infosys,INFY,-0.0105,-0.3278,1.0157,1
2025-06-05,17.36,17.36,17.21,17.29,9590900,Infosys,INFY,0.0045,0.2717,1.0084,1
2025-06-06,17.54,17.61,17.5,17.55,6425900,Infosys,INFY,0.0151,-0.33,1.0061,1
2025-06-09,17.58,17.71,17.57,17.64,5386700,Infosys,INFY,0.0049,-0.1617,1.0077,1
2025-06-10,17.91,18.0,17.79,17.85,9545800,Infosys,INFY,0.012,0.7721,1.0119,1
2025-06-11,18.21,18.25,17.94,17.95,15531200,Infosys,INFY,0.0054,0.627,1.0177,0
2025-06-12,17.82,17.97,17.73,17.9,11362600,Infosys,INFY,-0.0027,-0.2684,1.0131,0
2025-06-13,17.82,17.9,17.71,17.76,10471900,Infosys,INFY,-0.0075,-0.0784,1.0103,1
2025-06-16,18.06,18.15,18.03,18.08,9604100,Infosys,INFY,0.0179,-0.0829,1.0064,0
2025-06-17,18.08,18.19,18.0,18.0,10128900,Infosys,INFY,-0.0043,0.0546,1.0102,0
2025-06-18,17.98,17.99,17.77,17.77,10915900,Infosys,INFY,-0.0129,0.0777,1.0125,0
2025-06-20,17.68,17.71,17.05,17.05,37327100,Infosys,INFY,-0.0407,2.4195,1.039,1
2025-06-23,17.22,17.45,17.19,17.45,15272800,Infosys,INFY,0.0238,-0.5908,1.0151,1
2025-06-24,17.5,17.66,17.5,17.65,8763700,Infosys,INFY,0.011,-0.4262,1.0088,1
2025-06-25,17.91,17.98,17.83,17.85,10846500,Infosys,INFY,0.0115,0.2377,1.0081,1
2025-06-26,17.97,18.0,17.86,17.94,14327700,Infosys,INFY,0.0049,0.321,1.0081,0
2025-06-27,17.98,17.99,17.75,17.86,13502100,Infosys,INFY,-0.0043,-0.0576,1.0136,1
2025-06-30,17.89,17.9,17.8,17.87,12743100,Infosys,INFY,0.0005,-0.0562,1.0054,1
2025-07-01,18.04,18.3,17.9,18.23,15010100,Infosys,INFY,0.02,0.1779,1.0226,0
2025-07-02,18.08,18.22,18.0,18.21,9428300,Infosys,INFY,-0.0011,-0.3719,1.0118,1
2025-07-03,18.23,18.3,18.19,18.28,4267300,Infosys,INFY,0.0042,-0.5474,1.0064,0
2025-07-07,18.19,18.28,18.09,18.15,8790400,Infosys,INFY,-0.0074,1.0599,1.0107,1
2025-07-08,18.22,18.38,18.15,18.22,10832400,Infosys,INFY,0.0037,0.2323,1.0128,0
2025-07-09,18.31,18.32,18.05,18.15,13092800,Infosys,INFY,-0.0037,0.2087,1.015,0
2025-07-10,17.71,17.76,17.42,17.45,27407300,Infosys,INFY,-0.0383,1.0933,1.0199,1
2025-07-11,17.65,17.7,17.53,17.54,16461200,Infosys,INFY,0.005,-0.3994,1.0094,0
2025-07-14,17.37,17.47,17.26,17.37,14495200,Infosys,INFY,-0.0099,-0.1194,1.0123,1
2025-07-15,17.6,17.67,17.55,17.57,14013600,Infosys,INFY,0.0117,-0.0332,1.0066,1
2025-07-16,17.81,17.85,17.69,17.84,15715300,Infosys,INFY,0.0154,0.1214,1.0093,0
2025-07-17,17.71,17.86,17.63,17.81,13528000,Infosys,INFY,-0.0016,-0.1392,1.0131,0
2025-07-18,17.7,17.72,17.49,17.56,9706800,Infosys,INFY,-0.0141,-0.2825,1.0132,0
2025-07-21,17.54,17.69,17.52,17.54,11469300,Infosys,INFY,-0.0011,0.1816,1.0094,1
2025-07-22,17.47,17.65,17.45,17.61,18870500,Infosys,INFY,0.0038,0.6453,1.011,1
2025-07-23,17.8,18.16,17.74,17.79,24739700,Infosys,INFY,0.0104,0.311,1.0234,0
2025-07-24,17.24,17.24,16.96,17.05,14675700,Infosys,INFY,-0.0417,-0.4068,1.0165,0
2025-07-25,16.84,16.84,16.63,16.75,19087800,Infosys,INFY,-0.0175,0.3006,1.0122,0
2025-07-28,16.7,16.72,16.45,16.55,21715200,Infosys,INFY,-0.0121,0.1376,1.0164,1
2025-07-29,16.66,16.67,16.5,16.6,11563700,Infosys,INFY,0.0029,-0.4675,1.0105,0
2025-07-30,16.51,16.52,16.29,16.35,13278800,Infosys,INFY,-0.0151,0.1483,1.0142,0
2025-07-31,16.4,16.41,16.11,16.12,15926400,Infosys,INFY,-0.0136,0.1994,1.0186,0
2025-08-01,16.06,16.06,15.79,15.82,20078400,Infosys,INFY,-0.0185,0.2607,1.0171,1
2025-08-04,15.96,16.09,15.85,15.89,18306000,Infosys,INFY,0.0043,-0.0883,1.0146,0
2025-08-05,15.88,15.9,15.61,15.62,22539900,Infosys,INFY,-0.017,0.2313,1.0185,0
2025-08-06,15.56,15.61,15.4,15.5,16992500,Infosys,INFY,-0.008,-0.2461,1.0138,0
2025-08-07,15.59,15.75,15.41,15.45,19616500,Infosys,INFY,-0.0031,0.1544,1.0219,0
2025-08-08,15.52,15.55,15.39,15.42,13909900,Infosys,INFY,-0.0019,-0.2909,1.01,0
2025-08-11,15.42,15.59,15.35,15.41,20161800,Infosys,INFY,-0.0006,0.4495,1.0157,1
2025-08-12,15.41,15.55,15.34,15.5,18403100,Infosys,INFY,0.0056,-0.0872,1.0132,1
2025-08-13,15.56,15.83,15.51,15.8,27608700,Infosys,INFY,0.0193,0.5002,1.0211,0
2025-08-14,15.75,15.82,15.54,15.78,18675100,Infosys,INFY,-0.0012,-0.3236,1.0186,1
2025-08-15,15.82,16.07,15.82,15.97,9000900,Infosys,INFY,0.0122,-0.518,1.0159,0
2025-08-18,15.78,15.84,15.68,15.82,11116100,Infosys,INFY,-0.0091,0.235,1.0105,1
2025-08-19,15.89,16.09,15.87,16.01,18923300,Infosys,INFY,0.0116,0.7023,1.0134,1
2025-08-20,16.46,16.58,16.36,16.4,22949600,Infosys,INFY,0.0247,0.2128,1.013,1
2025-08-21,16.31,16.45,16.29,16.44,19974100,Infosys,INFY,0.0024,-0.1297,1.0101,1
2025-08-22,16.39,16.76,16.37,16.72,33953400,Infosys,INFY,0.017,0.6999,1.0236,0
2025-08-25,16.81,16.83,16.68,16.71,17187400,Infosys,INFY,-0.0006,-0.4938,1.0087,0
2025-08-26,16.56,16.71,16.52,16.61,14770200,Infosys,INFY,-0.0063,-0.1406,1.0117,1
2025-08-27,16.62,16.77,16.55,16.74,10264900,Infosys,INFY,0.0081,-0.305,1.0134,0
2025-08-28,16.38,16.43,16.29,16.39,28336300,Infosys,INFY,-0.0207,1.7605,1.0089,0
2025-08-29,16.13,16.29,16.06,16.22,17333200,Infosys,INFY,-0.0106,-0.3883,1.0144,1
2025-09-02,16.17,16.3,16.1,16.29,13503100,Infosys,INFY,0.0042,-0.221,1.012,0
2025-09-03,16.2,16.25,15.91,16.05,19263600,Infosys,INFY,-0.0148,0.4266,1.0212,0
2025-09-04,15.98,16.01,15.7,16.0,15167700,Infosys,INFY,-0.003,-0.2126,1.0197,0
2025-09-05,15.9,16.05,15.74,15.8,23404000,Infosys,INFY,-0.0127,0.543,1.0196,1
2025-09-08,16.02,16.21,15.91,16.19,25547900,Infosys,INFY,0.025,0.0916,1.0188,1
2025-09-09,16.38,16.53,16.33,16.4,14879900,Infosys,INFY,0.0131,-0.4176,1.0124,0
2025-09-10,16.59,16.63,16.31,16.37,17812800,Infosys,INFY,-0.0018,0.1971,1.0201,1
2025-09-11,16.29,16.53,15.97,16.46,30237600,Infosys,INFY,0.0053,0.6975,1.035,0
2025-09-12,16.43,16.46,16.3,16.36,12966900,Infosys,INFY,-0.0064,-0.5712,1.0101,0
2025-09-15,16.38,16.49,16.24,16.32,18852800,Infosys,INFY,-0.0024,0.4539,1.0154,1
2025-09-16,16.38,16.47,16.28,16.45,17749400,Infosys,INFY,0.0083,-0.0585,1.0118,1
2025-09-17,16.59,17.15,16.59,17.05,32050800,Infosys,INFY,0.0363,0.8057,1.0337,0
2025-09-18,16.9,16.97,16.82,16.94,13245800,Infosys,INFY,-0.0062,-0.5867,1.0092,0
2025-09-19,16.92,16.98,15.66,16.36,54720200,Infosys,INFY,-0.0341,3.1311,1.0844,1
2025-09-22,16.27,16.57,16.19,16.54,14994200,Infosys,INFY,0.0106,-0.726,1.0232,0
2025-09-23,16.5,16.53,16.28,16.28,11524400,Infosys,INFY,-0.0157,-0.2314,1.0154,1
2025-09-24,16.3,16.43,16.22,16.42,17049600,Infosys,INFY,0.0089,0.4794,1.0131,0
2025-09-25,16.15,16.26,15.9,15.95,17831200,Infosys,INFY,-0.0288,0.0458,1.0224,0
2025-09-26,15.88,16.01,15.78,15.93,19463500,Infosys,INFY,-0.0012,0.0915,1.0147,0
2025-09-29,15.85,15.89,15.64,15.74,19370300,Infosys,INFY,-0.0121,-0.0048,1.016,0
2025-09-30,15.73,15.85,15.63,15.69,13331200,Infosys,INFY,-0.0031,-0.3118,1.0142,1
2025-10-01,15.64,15.82,15.63,15.79,15899200,Infosys,INFY,0.0061,0.1926,1.0117,0
2025-10-02,15.74,15.84,15.46,15.57,13738800,Infosys,INFY,-0.0134,-0.1359,1.025,1
2025-10-03,15.66,15.67,15.5,15.65,15110100,Infosys,INFY,0.005,0.0998,1.0112,1
2025-10-06,15.9,16.12,15.81,16.09,21090500,Infosys,INFY,0.0283,0.3958,1.0201,0
2025-10-07,15.88,15.88,15.68,15.81,15178500,Infosys,INFY,-0.018,-0.2803,1.0129,1
2025-10-08,16.09,16.19,16.0,16.14,13231300,Infosys,INFY,0.0214,-0.1283,1.0121,1
2025-10-09,16.36,16.57,16.28,16.45,21105900,Infosys,INFY,0.0191,0.5951,1.0178,0
2025-10-10,16.39,16.46,15.99,15.99,15132700,Infosys,INFY,-0.0281,-0.283,1.0296,1
2025-10-13,16.08,16.26,16.05,16.18,9959800,Infosys,INFY,0.0121,-0.3418,1.0132,0
2025-10-14,16.1,16.1,15.82,15.89,19181600,Infosys,INFY,-0.0179,0.9259,1.0177,0
2025-10-15,15.96,16.08,15.85,15.85,23613300,Infosys,INFY,-0.0024,0.231,1.014,0
2025-10-16,15.62,15.71,15.26,15.5,30758900,Infosys,INFY,-0.0225,0.3026,1.0297,1
2025-10-17,15.56,15.81,15.56,15.75,12874600,Infosys,INFY,0.0162,-0.5814,1.0155,1
2025-10-20,15.79,16.32,15.77,16.31,19872900,Infosys,INFY,0.0355,0.5436,1.0349,1
2025-10-21,16.16,16.79,16.12,16.79,24526800,Infosys,INFY,0.0296,0.2342,1.0413,1
2025-10-22,16.79,16.93,16.75,16.85,23013100,Infosys,INFY,0.0034,-0.0617,1.0109,1
2025-10-23,16.88,17.02,16.73,16.9,14138800,Infosys,INFY,0.0034,-0.3856,1.0173,0
2025-10-24,16.9,16.96,16.79,16.86,8492500,Infosys,INFY,-0.0029,-0.3993,1.0103,0
2025-10-27,16.84,16.9,16.53,16.68,11499700,Infosys,INFY,-0.0105,0.3541,1.0225,0
2025-10-28,16.63,16.75,16.53,16.53,15833300,Infosys,INFY,-0.0088,0.3768,1.013,0
2025-10-29,16.74,16.83,16.42,16.52,13848200,Infosys,INFY,-0.0006,-0.1254,1.0244,0
2025-10-30,16.39,16.43,16.22,16.29,14127400,Infosys,INFY,-0.0142,0.0202,1.0133,0
2025-10-31,16.2,16.3,16.05,16.22,13459400,Infosys,INFY,-0.0042,-0.0473,1.0152,0
2025-11-03,16.29,16.31,15.98,16.06,12273800,Infosys,INFY,-0.0097,-0.0881,1.0202,0
2025-11-04,16.01,16.05,15.93,15.96,10752700,Infosys,INFY,-0.0067,-0.1239,1.008,1
2025-11-05,16.0,16.15,15.97,16.07,9322900,Infosys,INFY,0.0074,-0.133,1.011,0
2025-11-06,16.1,16.1,15.83,15.84,10341600,Infosys,INFY,-0.0146,0.1093,1.0173,1
2025-11-07,15.93,16.16,15.93,16.15,8094500,Infosys,INFY,0.0198,-0.2173,1.0148,1
2025-11-10,16.42,16.53,16.27,16.41,9889900,Infosys,INFY,0.0158,0.2218,1.0162,1
2025-11-11,16.55,16.73,16.52,16.65,9370300,Infosys,INFY,0.0149,-0.0525,1.0124,1
2025-11-12,16.79,16.91,16.69,16.73,10919500,Infosys,INFY,0.0047,0.1653,1.0135,0
2025-11-13,16.7,16.81,16.59,16.6,10304900,Infosys,INFY,-0.0076,-0.0563,1.013,0
2025-11-14,16.31,16.39,16.23,16.3,11248600,Infosys,INFY,-0.0183,0.0916,1.0097,1
2025-11-17,16.38,16.53,16.31,16.42,10426600,Infosys,INFY,0.0072,-0.0731,1.0138,1
2025-11-18,16.29,16.63,16.26,16.59,14371300,Infosys,INFY,0.0107,0.3783,1.0229,1
2025-11-19,16.92,17.0,16.87,16.94,7807700,Infosys,INFY,0.0212,-0.4567,1.0081,0
2025-11-20,16.9,16.91,16.64,16.77,12455000,Infosys,INFY,-0.0104,0.5952,1.0165,1
2025-11-21,16.86,17.38,16.74,17.33,16657000,Infosys,INFY,0.0333,0.3374,1.0386,0
2025-11-24,17.15,17.21,16.89,16.9,12775000,Infosys,INFY,-0.0243,-0.2331,1.0185,1
2025-11-25,16.97,16.97,16.7,16.91,10433200,Infosys,INFY,0.0006,-0.1833,1.0164,1
2025-11-26,17.01,17.33,16.98,17.05,8260000,Infosys,INFY,0.0081,-0.2083,1.0202,1
2025-11-28,17.24,17.24,17.04,17.11,3688900,Infosys,INFY,0.0034,-0.5534,1.0115,0
2025-12-01,17.14,17.21,17.03,17.08,5508400,Infosys,INFY,-0.0017,0.4932,1.0103,0
2025-12-02,17.13,17.14,16.97,17.04,6642800,Infosys,INFY,-0.0023,0.2059,1.0098,1
2025-12-03,17.25,17.35,17.14,17.29,7412700,Infosys,INFY,0.0144,0.1159,1.012,1
2025-12-04,17.42,17.93,17.41,17.9,18299700,Infosys,INFY,0.0357,1.4687,1.0298,0
2025-12-05,17.77,17.84,17.65,17.69,9198300,Infosys,INFY,-0.012,-0.4974,1.0111,0
2025-12-08,17.68,17.69,17.33,17.35,7209500,Infosys,INFY,-0.0194,-0.2162,1.0209,1
2025-12-09,17.36,17.64,17.35,17.37,16529000,Infosys,INFY,0.0017,1.2927,1.0164,1
2025-12-10,17.27,17.75,17.25,17.69,10143600,Infosys,INFY,0.018,-0.3863,1.0289,0
2025-12-11,17.57,17.61,17.39,17.42,12986500,Infosys,INFY,-0.0149,0.2803,1.0124,0
2025-12-12,17.43,17.51,17.29,17.4,7955900,Infosys,INFY,-0.0011,-0.3874,1.013,0
2025-12-15,17.37,17.54,17.32,17.4,8091200,Infosys,INFY,0.0,0.017,1.013,0
2025-12-16,17.37,17.51,17.3,17.39,14058800,Infosys,INFY,-0.0006,0.7375,1.0125,1
2025-12-17,17.52,17.89,17.49,17.83,15974900,Infosys,INFY,0.0253,0.1363,1.0229,1
2025-12-18,17.89,18.9,17.82,18.77,29526500,Infosys,INFY,0.0527,0.8483,1.0604,1
2025-12-19,18.68,29.37,18.59,19.79,118705800,Infosys,INFY,0.0542,3.0203,1.5798,0
2025-12-22,19.36,19.38,18.38,18.75,23938800,Infosys,INFY,-0.0524,-0.7983,1.0543,0
2025-12-23,18.39,18.62,18.1,18.18,13291700,Infosys,INFY,-0.0308,-0.4448,1.0287,1
2025-12-24,18.13,18.33,18.06,18.27,13262500,Infosys,INFY,0.0054,-0.0022,1.0152,1
2025-12-26,18.22,18.43,18.13,18.39,6204000,Infosys,INFY,0.0064,-0.5322,1.0167,0
2025-12-29,18.17,18.17,17.89,18.04,6075600,Infosys,INFY,-0.0192,-0.0207,1.0153,0
2025-12-30,17.95,17.99,17.65,17.66,6867400,Infosys,INFY,-0.0212,0.1303,1.0194,0
2025-12-31,17.75,17.76,17.44,17.44,4524100,Infosys,INFY,-0.0122,-0.3412,1.018,1
2026-01-02,17.74,17.93,17.65,17.77,8327700,Infosys,INFY,0.0185,0.8407,1.0161,0
2026-01-05,17.52,17.72,17.3,17.31,16098800,Infosys,INFY,-0.0259,0.9332,1.0243,1
2026-01-06,17.46,17.84,17.46,17.72,11906900,Infosys,INFY,0.0238,-0.2604,1.0219,1
2026-01-07,18.0,18.15,17.78,17.84,8960000,Infosys,INFY,0.0072,-0.2475,1.0209,0
2026-01-08,17.69,17.84,17.59,17.66,7461600,Infosys,INFY,-0.0104,-0.1672,1.0145,0
2026-01-09,17.7,17.72,17.33,17.45,6356300,Infosys,INFY,-0.0116,-0.1481,1.0226,0
2026-01-12,17.33,17.46,17.18,17.42,12811600,Infosys,INFY,-0.0017,1.0156,1.0165,0
2026-01-13,17.36,17.42,17.09,17.15,19913500,Infosys,INFY,-0.0157,0.5543,1.0195,1
2026-01-14,17.99,19.04,17.69,18.94,37606900,Infosys,INFY,0.1045,0.8885,1.0764,0
2026-01-15,18.51,18.7,18.11,18.42,19077800,Infosys,INFY,-0.0274,-0.4927,1.0324,0
2026-01-16,18.45,18.48,18.16,18.24,12792700,Infosys,INFY,-0.0101,-0.3294,1.0178,0
2026-01-20,18.12,18.17,17.81,17.82,8885400,Infosys,INFY,-0.0225,-0.3054,1.0198,1
2026-01-21,17.87,18.04,17.67,17.92,9311900,Infosys,INFY,0.0055,0.048,1.0211,0
2026-01-22,18.0,18.14,17.82,17.9,7346300,Infosys,INFY,-0.0011,-0.2111,1.0176,0
2026-01-23,17.99,17.99,17.73,17.85,4347600,Infosys,INFY,-0.0027,-0.4082,1.0149,1
2026-01-26,17.86,18.3,17.84,18.16,5162400,Infosys,INFY,0.017,0.1874,1.0258,0
2026-01-27,18.23,18.32,17.77,17.86,7960200,Infosys,INFY,-0.0162,0.542,1.0314,0
2026-01-28,17.81,17.81,17.5,17.55,8729200,Infosys,INFY,-0.0175,0.0966,1.0179,0
2026-01-29,17.75,17.8,17.28,17.37,15133900,Infosys,INFY,-0.01,0.7337,1.03,0
2026-01-30,17.33,17.37,17.13,17.21,17190500,Infosys,INFY,-0.0096,0.1359,1.0143,1
2026-02-02,17.26,18.0,17.23,17.95,14203800,Infosys,INFY,0.0432,-0.1737,1.0449,0
2026-02-03,17.75,17.84,16.81,16.95,29449200,Infosys,INFY,-0.0556,1.0733,1.0617,0
2026-02-04,16.36,16.85,16.14,16.39,32385600,Infosys,INFY,-0.0335,0.0997,1.0437,1
2026-02-05,16.15,16.57,16.14,16.44,13642800,Infosys,INFY,0.0036,-0.5787,1.0267,1
2026-02-06,16.18,16.52,16.15,16.48,14622500,Infosys,INFY,0.0024,0.0718,1.023,0
2026-02-09,16.25,16.25,15.89,15.96,10278200,Infosys,INFY,-0.0315,-0.2971,1.0228,1
2026-02-10,16.15,16.39,16.09,16.26,9978100,Infosys,INFY,0.0184,-0.0292,1.0182,0
2026-02-11,15.86,15.88,15.41,15.43,12472900,Infosys,INFY,-0.0512,0.25,1.0305,0
2026-02-12,14.92,14.95,13.89,13.91,32387500,Infosys,INFY,-0.0984,1.5966,1.0761,1
2026-02-13,14.31,14.6,14.15,14.41,19838300,Infosys,INFY,0.0359,-0.3875,1.0318,1
2026-02-17,14.75,14.92,14.27,14.44,23069500,Infosys,INFY,0.002,0.1629,1.0453,1
2026-02-18,14.37,14.81,14.37,14.73,14666600,Infosys,INFY,0.0203,-0.3642,1.0307,0
2026-02-19,14.4,14.47,14.07,14.24,18068200,Infosys,INFY,-0.0332,0.2319,1.0285,1
2026-02-20,14.3,14.6,14.29,14.34,15845900,Infosys,INFY,0.0069,-0.123,1.0219,0
2026-02-23,14.05,14.07,13.48,13.62,23772100,Infosys,INFY,-0.0505,0.5002,1.0436,0
2026-02-24,13.57,13.86,13.37,13.55,25141200,Infosys,INFY,-0.005,0.0576,1.0366,1
2026-02-25,13.71,14.01,13.38,13.94,28804500,Infosys,INFY,0.0289,0.1457,1.0468,1
2026-02-26,14.08,14.45,13.94,14.39,19283300,Infosys,INFY,0.0323,-0.3305,1.0365,0
2026-02-27,13.88,14.13,13.69,14.13,16921500,Infosys,INFY,-0.0177,-0.1225,1.0322,0
2026-03-02,13.79,14.03,13.68,13.89,10539300,Infosys,INFY,-0.0173,-0.3772,1.025,1
2026-03-03,13.56,13.99,13.55,13.92,11463100,Infosys,INFY,0.0021,0.0877,1.0325,1
2026-03-04,13.93,14.18,13.86,14.03,20009500,Infosys,INFY,0.0077,0.7456,1.0233,1
2026-03-05,14.01,14.25,13.9,14.1,14782300,Infosys,INFY,0.0049,-0.2612,1.0254,1
2026-03-06,13.82,14.21,13.76,14.13,15217400,Infosys,INFY,0.0028,0.0294,1.0327,0
2026-03-09,14.03,14.14,13.84,14.11,14572800,Infosys,INFY,-0.0014,-0.0424,1.0219,0
2026-03-10,13.94,14.05,13.54,13.74,17286900,Infosys,INFY,-0.0264,0.1862,1.0376,0
2026-03-11,13.63,13.76,13.3,13.58,15353300,Infosys,INFY,-0.0121,-0.1119,1.0346,0
2026-03-12,13.55,13.6,13.16,13.16,16372600,Infosys,INFY,-0.031,0.0664,1.0335,0
2026-03-13,13.3,13.33,12.97,12.99,10456500,Infosys,INFY,-0.0126,-0.3613,1.0279,0
2026-03-16,13.05,13.09,12.87,12.98,22523200,Infosys,INFY,-0.0008,1.154,1.0167,0
2026-03-17,13.02,13.03,12.8,12.92,22008800,Infosys,INFY,-0.0045,-0.0228,1.0176,0
2026-03-18,13.22,13.31,12.61,12.65,25447600,Infosys,INFY,-0.0212,0.1562,1.0559,1
2026-03-19,12.42,12.87,12.3,12.77,24317200,Infosys,INFY,0.0101,-0.0444,1.0461,1
2026-03-20,12.95,13.05,12.78,12.84,100979500,Infosys,INFY,0.0054,3.1526,1.0207,1
2026-03-23,13.12,13.25,12.99,13.02,15983100,Infosys,INFY,0.0137,-0.8417,1.0203,0
2026-03-24,12.98,13.1,12.77,12.8,11069900,Infosys,INFY,-0.0165,-0.3074,1.0253,1
2026-03-25,13.11,13.24,12.64,12.89,11348100,Infosys,INFY,0.0069,0.0251,1.048,0
2026-03-26,12.82,13.08,12.8,12.88,8750500,Infosys,INFY,-0.0008,-0.2289,1.0214,0
2026-03-27,12.78,12.86,12.46,12.56,11866900,Infosys,INFY,-0.0251,0.3561,1.0322,1
2026-03-30,12.63,12.99,12.63,12.97,10980700,Infosys,INFY,0.0327,-0.0747,1.0287,1
2026-03-31,13.09,13.41,12.93,13.22,16621100,Infosys,INFY,0.0196,0.5137,1.0371,0
2026-04-01,13.18,13.36,12.94,13.02,14046400,Infosys,INFY,-0.0155,-0.1549,1.0325,1
2026-04-02,13.1,13.51,13.03,13.45,11172000,Infosys,INFY,0.0331,-0.2046,1.0368,0
2026-04-06,13.54,13.56,13.36,13.41,9093000,Infosys,INFY,-0.0029,-0.1861,1.0147,1
2026-04-07,13.65,13.8,13.56,13.66,17202300,Infosys,INFY,0.019,0.8918,1.0181,1
2026-04-08,13.9,14.11,13.62,13.7,13072700,Infosys,INFY,0.0029,-0.2401,1.0367,0
2026-04-09,13.61,13.7,13.23,13.47,21081000,Infosys,INFY,-0.0171,0.6126,1.0355,0
2026-04-10,13.45,13.46,12.99,13.01,19339800,Infosys,INFY,-0.0342,-0.0826,1.0362,1
2026-04-13,13.01,13.69,12.97,13.67,15023700,Infosys,INFY,0.0512,-0.2232,1.0558,0
2026-04-14,13.73,13.97,13.57,13.65,14719900,Infosys,INFY,-0.0021,-0.0202,1.0296,1
2026-04-15,13.7,14.08,13.59,14.01,16260500,Infosys,INFY,0.0265,0.1047,1.036,1
2026-04-16,14.11,14.18,13.93,14.08,16461800,Infosys,INFY,0.0049,0.0124,1.0183,1
2026-04-17,14.19,14.4,14.11,14.15,14210800,Infosys,INFY,0.0056,-0.1367,1.0201,0
2026-04-20,13.95,14.03,13.79,13.91,13034400,Infosys,INFY,-0.0173,-0.0828,1.017,0
2026-04-21,13.86,13.92,13.65,13.77,19462600,Infosys,INFY,-0.0099,0.4932,1.0201,0
2026-04-22,13.53,13.58,13.14,13.19,21799500,Infosys,INFY,-0.0419,0.1201,1.0335,0
2026-04-23,12.31,12.71,12.26,12.67,33431700,Infosys,INFY,-0.0401,0.5336,1.0359,0
2026-04-24,12.3,12.61,12.15,12.59,22912100,Infosys,INFY,-0.0062,-0.3147,1.0379,0
2026-04-27,12.51,12.55,11.98,12.02,20410400,Infosys,INFY,-0.0451,-0.1092,1.0474,0
2026-04-28,12.13,12.2,11.92,11.99,18627200,Infosys,INFY,-0.0024,-0.0874,1.023,1
2026-04-29,11.96,12.22,11.92,12.08,14906600,Infosys,INFY,0.0073,-0.1997,1.0246,1
2026-04-30,12.15,12.29,12.0,12.2,13167800,Infosys,INFY,0.0097,-0.1166,1.0245,1
2026-05-01,12.26,12.37,12.13,12.22,8389800,Infosys,INFY,0.0016,-0.3629,1.0202,0
2026-05-04,12.06,12.22,11.93,11.98,11735400,Infosys,INFY,-0.0192,0.3988,1.0238,1
2026-05-05,11.98,12.25,11.9,12.2,10423300,Infosys,INFY,0.018,-0.1118,1.0288,1
2026-05-06,12.11,12.41,12.07,12.37,16179400,Infosys,INFY,0.0144,0.5522,1.0284,0
2026-05-07,12.25,12.47,12.21,12.3,11742600,Infosys,INFY,-0.0055,-0.2742,1.0217,1
2026-05-08,12.48,12.57,12.12,12.56,12856600,Infosys,INFY,0.0207,0.0949,1.0372,0
2026-05-11,12.36,12.39,11.97,12.04,11768600,Infosys,INFY,-0.0413,-0.0846,1.0352,0
2026-05-12,11.9,11.96,11.67,11.8,10114300,Infosys,INFY,-0.0203,-0.1406,1.0252,0
2026-05-13,11.6,11.69,11.41,11.61,12549500,Infosys,INFY,-0.0158,0.2408,1.024,0
2026-05-14,11.45,11.61,11.32,11.41,11782300,Infosys,INFY,-0.0169,-0.0611,1.026,1
2026-05-15,11.58,11.89,11.52,11.81,18788100,Infosys,INFY,0.0352,0.5946,1.0323,1
2026-05-18,11.81,12.41,11.72,12.32,22950900,Infosys,INFY,0.0431,0.2216,1.0593,1
2026-05-19,12.37,12.99,12.26,12.45,22702700,Infosys,INFY,0.0103,-0.0108,1.0591,1
2026-05-20,12.23,12.51,12.04,12.5,28776000,Infosys,INFY,0.0039,0.2675,1.039,0
2026-05-21,12.12,12.42,11.98,12.37,17329800,Infosys,INFY,-0.0102,-0.3978,1.0368,1
2026-05-22,12.38,12.54,12.26,12.4,19027200,Infosys,INFY,0.0024,0.0979,1.0223,0
2026-05-26,12.33,12.33,11.79,11.82,22361400,Infosys,INFY,-0.0466,0.1752,1.0465,1
2026-05-27,11.82,12.19,11.82,12.13,15036500,Infosys,INFY,0.0257,-0.3276,1.0306,1
2026-05-28,12.16,12.51,11.97,12.43,33405700,Infosys,INFY,0.025,1.2216,1.045,0
2026-05-29,12.32,12.46,12.07,12.38,27699800,Infosys,INFY,-0.0039,-0.1708,1.0324,1
2026-06-01,12.45,13.27,12.45,13.13,34182100,Infosys,INFY,0.0601,0.234,1.066,0
2026-06-02,13.0,13.12,12.59,12.8,23013900,Infosys,INFY,-0.0246,-0.3267,1.042,0
2026-06-03,12.6,12.61,12.09,12.2,17725700,Infosys,INFY,-0.0474,-0.2298,1.0429,1
2026-06-04,12.57,12.59,12.27,12.3,14882500,Infosys,INFY,0.0088,-0.1604,1.0255,0
2026-06-05,12.49,12.55,12.13,12.14,8239600,Infosys,INFY,-0.0135,-0.4464,1.0347,0
2026-06-08,12.17,12.21,11.88,12.02,12375000,Infosys,INFY,-0.0097,0.5019,1.0272,0
2026-06-09,11.99,12.22,11.83,11.98,10546600,Infosys,INFY,-0.0033,-0.1477,1.0323,0
2026-06-10,12.0,12.16,11.73,11.76,11298600,Infosys,INFY,-0.0184,0.0713,1.0367,0
2026-06-11,11.7,11.78,11.42,11.6,10272500,Infosys,INFY,-0.0136,-0.0908,1.0315,1
2026-06-12,11.81,11.86,11.61,11.74,7443300,Infosys,INFY,0.0121,-0.2754,1.0215,0
2026-06-15,12.05,12.05,11.5,11.6,15029000,Infosys,INFY,-0.0119,1.0191,1.0478,1
2026-06-16,11.86,12.13,11.86,11.97,17804800,Infosys,INFY,0.0319,0.1847,1.0228,0
2026-06-17,11.92,12.07,11.69,11.7,32500100,Infosys,INFY,-0.0226,0.8254,1.0325,0
2026-06-18,10.82,11.12,10.46,10.57,63561800,Infosys,INFY,-0.0966,0.9557,1.0631,1
2026-06-22,10.9,11.05,10.58,10.77,33480500,Infosys,INFY,0.0189,-0.4733,1.0444,1
2026-06-23,10.82,11.01,10.76,10.79,34590100,Infosys,INFY,0.0019,0.0331,1.0232,1
2026-06-24,10.85,11.04,10.82,10.93,22637100,Infosys,INFY,0.013,-0.3456,1.0203,0
2026-06-25,10.98,10.98,10.56,10.57,28691300,Infosys,INFY,-0.0329,0.2674,1.0398,1
2026-06-26,10.62,10.83,10.59,10.78,17504500,Infosys,INFY,0.0199,-0.3899,1.0227,0
2026-06-29,10.9,10.94,10.63,10.7,17432700,Infosys,INFY,-0.0074,-0.0041,1.0292,0
2026-06-30,10.52,10.55,10.34,10.49,18011400,Infosys,INFY,-0.0196,0.0332,1.0203,1
2026-07-01,10.42,10.78,10.42,10.65,28803500,Infosys,INFY,0.0153,0.5992,1.0345,1
2026-07-02,10.91,11.2,10.86,11.16,20504600,Infosys,INFY,0.0479,-0.2881,1.0313,0
2026-07-06,11.0,11.04,10.8,10.88,17356200,Infosys,INFY,-0.0251,-0.1535,1.0222,1
2026-07-07,11.28,11.46,11.21,11.27,18506800,Infosys,INFY,0.0358,0.0663,1.0223,0
2026-07-08,11.19,11.25,10.88,10.93,44311900,Infosys,INFY,-0.0302,1.3944,1.034,1
2026-07-09,10.78,11.15,10.63,11.13,12176700,Infosys,INFY,0.0183,-0.7252,1.0489,0
2026-07-10,11.14,11.25,10.9,10.94,15888000,Infosys,INFY,-0.0171,0.3048,1.0321,0
2023-01-04,2.23,2.25,2.22,2.25,4664800,Wipro,WIT,-0.0042,-0.284,1.0151,0
2023-01-05,2.21,2.22,2.19,2.2,3960800,Wipro,WIT,-0.0192,-0.1509,1.0131,1
2023-01-06,2.19,2.24,2.18,2.23,5946800,Wipro,WIT,0.013,0.5014,1.0264,1
2023-01-09,2.26,2.29,2.26,2.27,4404200,Wipro,WIT,0.0172,-0.2594,1.0127,0
2023-01-10,2.27,2.29,2.26,2.26,4722000,Wipro,WIT,-0.0021,0.0722,1.0127,1
2023-01-11,2.28,2.31,2.28,2.29,5598200,Wipro,WIT,0.0127,0.1856,1.0126,1
2023-01-12,2.3,2.33,2.29,2.32,4840800,Wipro,WIT,0.0104,-0.1353,1.0167,0
2023-01-13,2.3,2.31,2.27,2.29,3942000,Wipro,WIT,-0.0103,-0.1857,1.0168,1
2023-01-17,2.29,2.34,2.29,2.34,11383600,Wipro,WIT,0.0209,1.8878,1.0209,1
2023-01-18,2.38,2.4,2.37,2.38,10741600,Wipro,WIT,0.0164,-0.0564,1.0141,1
2023-01-19,2.38,2.41,2.37,2.4,7023000,Wipro,WIT,0.0101,-0.3462,1.0162,0
2023-01-20,2.41,2.41,2.38,2.39,8705200,Wipro,WIT,-0.004,0.2395,1.01,0
2023-01-23,2.39,2.4,2.38,2.39,6877600,Wipro,WIT,-0.002,-0.2099,1.008,1
2023-01-24,2.39,2.39,2.36,2.39,8122200,Wipro,WIT,0.0004,0.181,1.0142,0
2023-01-25,2.35,2.36,2.33,2.36,6554000,Wipro,WIT,-0.012,-0.1931,1.0144,1
2023-01-26,2.37,2.38,2.34,2.38,8046800,Wipro,WIT,0.0061,0.2278,1.0164,0
2023-01-27,2.35,2.36,2.34,2.35,3674400,Wipro,WIT,-0.0101,-0.5434,1.0103,1
2023-01-30,2.37,2.38,2.36,2.37,7615000,Wipro,WIT,0.0061,1.0724,1.0102,0
2023-01-31,2.35,2.36,2.33,2.35,6168600,Wipro,WIT,-0.0081,-0.1899,1.0103,1
2023-02-01,2.36,2.37,2.32,2.36,5721600,Wipro,WIT,0.0061,-0.0725,1.0228,1
2023-02-02,2.4,2.44,2.38,2.44,6961200,Wipro,WIT,0.0346,0.2167,1.0241,0
2023-02-03,2.39,2.4,2.38,2.39,4406600,Wipro,WIT,-0.0196,-0.367,1.0101,0
2023-02-06,2.36,2.36,2.33,2.33,3873400,Wipro,WIT,-0.0261,-0.121,1.0144,0
2023-02-07,2.32,2.34,2.3,2.33,3495600,Wipro,WIT,0.0,-0.0975,1.0167,1
2023-02-08,2.37,2.38,2.35,2.35,2839200,Wipro,WIT,0.0082,-0.1878,1.0102,0
2023-02-09,2.38,2.38,2.34,2.35,1952400,Wipro,WIT,-0.002,-0.3123,1.0184,1
2023-02-10,2.34,2.36,2.33,2.35,2767400,Wipro,WIT,0.002,0.4174,1.0124,0
2023-02-13,2.32,2.35,2.32,2.34,3104600,Wipro,WIT,-0.0041,0.1218,1.0103,0
2023-02-14,2.35,2.36,2.32,2.34,2958800,Wipro,WIT,0.0,-0.047,1.0145,1
2023-02-15,2.35,2.37,2.33,2.37,2869400,Wipro,WIT,0.0123,-0.0302,1.0165,0
2023-02-16,2.37,2.38,2.35,2.36,3330600,Wipro,WIT,-0.004,0.1607,1.0143,0
2023-02-17,2.34,2.36,2.31,2.33,4749400,Wipro,WIT,-0.0142,0.426,1.0208,0
2023-02-21,2.3,2.31,2.29,2.3,4666600,Wipro,WIT,-0.0124,-0.0174,1.0105,0
2023-02-22,2.27,2.29,2.27,2.28,4565200,Wipro,WIT,-0.0084,-0.0217,1.0106,1
2023-02-23,2.27,2.29,2.27,2.29,2493200,Wipro,WIT,0.0042,-0.4539,1.0106,0
2023-02-24,2.26,2.26,2.25,2.26,2782200,Wipro,WIT,-0.0147,0.1159,1.0085,0
2023-02-27,2.25,2.26,2.23,2.24,3949200,Wipro,WIT,-0.0064,0.4195,1.0129,0
2023-02-28,2.22,2.26,2.22,2.24,4799800,Wipro,WIT,0.0,0.2154,1.0173,1
2023-03-01,2.27,2.27,2.24,2.25,3000600,Wipro,WIT,0.0021,-0.3748,1.015,1
2023-03-02,2.23,2.27,2.23,2.27,3954400,Wipro,WIT,0.0128,0.3179,1.0194,1
2023-03-03,2.28,2.31,2.27,2.31,1860800,Wipro,WIT,0.0148,-0.5294,1.0148,1
2023-03-06,2.31,2.34,2.31,2.33,2260800,Wipro,WIT,0.0104,0.215,1.0124,0
2023-03-07,2.33,2.34,2.29,2.29,2739600,Wipro,WIT,-0.0165,0.2118,1.021,1
2023-03-08,2.3,2.31,2.29,2.31,2383000,Wipro,WIT,0.0084,-0.1302,1.0105,0
2023-03-09,2.28,2.3,2.26,2.27,2903800,Wipro,WIT,-0.0187,0.2185,1.0169,0
2023-03-10,2.28,2.29,2.25,2.25,2788200,Wipro,WIT,-0.0085,-0.0398,1.0192,0
2023-03-13,2.23,2.26,2.22,2.24,4615000,Wipro,WIT,-0.0043,0.6552,1.0195,0
2023-03-14,2.22,2.25,2.22,2.24,3445400,Wipro,WIT,-0.0021,-0.2534,1.0152,0
2023-03-15,2.16,2.18,2.14,2.18,4102600,Wipro,WIT,-0.0258,0.1907,1.0157,1
2023-03-16,2.15,2.22,2.15,2.21,3822200,Wipro,WIT,0.0154,-0.0683,1.029,0
2023-03-17,2.2,2.2,2.18,2.19,3634600,Wipro,WIT,-0.0087,-0.0491,1.011,0
2023-03-20,2.14,2.17,2.14,2.17,3642600,Wipro,WIT,-0.0109,0.0022,1.0157,0
2023-03-21,2.15,2.16,2.13,2.14,2871000,Wipro,WIT,-0.0111,-0.2118,1.0135,0
2023-03-22,2.12,2.14,2.1,2.1,4882600,Wipro,WIT,-0.0201,0.7007,1.0206,1
2023-03-23,2.1,2.14,2.1,2.12,3826000,Wipro,WIT,0.0091,-0.2164,1.016,0
2023-03-24,2.1,2.12,2.1,2.12,2793600,Wipro,WIT,-0.0023,-0.2698,1.0091,1
2023-03-27,2.12,2.14,2.12,2.13,3223400,Wipro,WIT,0.0045,0.1539,1.0091,0
2023-03-28,2.09,2.1,2.08,2.09,5827400,Wipro,WIT,-0.0181,0.8078,1.0115,1
2023-03-29,2.1,2.11,2.1,2.11,1769800,Wipro,WIT,0.0092,-0.6963,1.0069,1
2023-03-30,2.13,2.13,2.11,2.11,4232200,Wipro,WIT,0.0023,1.3913,1.0114,1
2023-03-31,2.14,2.16,2.14,2.15,2897400,Wipro,WIT,0.0205,-0.3154,1.0112,1
2023-04-03,2.15,2.16,2.14,2.16,2754400,Wipro,WIT,0.0022,-0.0494,1.0089,0
2023-04-04,2.17,2.17,2.15,2.16,4035800,Wipro,WIT,0.0,0.4652,1.0089,0
2023-04-05,2.17,2.17,2.15,2.16,1609000,Wipro,WIT,0.0,-0.6013,1.0089,0
2023-04-06,2.14,2.16,2.14,2.16,2095800,Wipro,WIT,0.0,0.3025,1.0112,1
2023-04-10,2.18,2.18,2.16,2.17,2591000,Wipro,WIT,0.0067,0.2363,1.0089,1
2023-04-11,2.16,2.19,2.16,2.19,2336800,Wipro,WIT,0.0066,-0.0981,1.0156,0
2023-04-12,2.2,2.21,2.15,2.16,4922800,Wipro,WIT,-0.0132,1.1066,1.0245,0
2023-04-13,2.12,2.13,2.07,2.09,9292000,Wipro,WIT,-0.0311,0.8875,1.0255,0
2023-04-14,2.1,2.11,2.07,2.08,4907800,Wipro,WIT,-0.0069,-0.4718,1.0162,1
2023-04-17,2.08,2.1,2.07,2.09,7536600,Wipro,WIT,0.0046,0.5356,1.0116,1
2023-04-18,2.13,2.14,2.12,2.13,5387800,Wipro,WIT,0.0184,-0.2851,1.0091,0
2023-04-19,2.1,2.11,2.07,2.08,4279200,Wipro,WIT,-0.0226,-0.2058,1.0162,1
2023-04-20,2.09,2.13,2.09,2.12,4923400,Wipro,WIT,0.0208,0.1505,1.0184,0
2023-04-21,2.14,2.14,2.12,2.12,4332600,Wipro,WIT,-0.0023,-0.12,1.0113,1
2023-04-24,2.18,2.2,2.18,2.19,6399200,Wipro,WIT,0.0363,0.477,1.0088,0
2023-04-25,2.16,2.17,2.14,2.14,2523800,Wipro,WIT,-0.0219,-0.6056,1.0134,1
2023-04-26,2.15,2.16,2.15,2.16,3484400,Wipro,WIT,0.0089,0.3806,1.0045,1
2023-04-27,2.25,2.25,2.22,2.25,3659600,Wipro,WIT,0.0399,0.0503,1.0152,1
2023-04-28,2.26,2.26,2.23,2.26,4875800,Wipro,WIT,0.0021,0.3323,1.0151,1
2023-05-01,2.25,2.29,2.25,2.27,5133400,Wipro,WIT,0.0085,0.0528,1.0192,0
2023-05-02,2.27,2.28,2.26,2.27,3820600,Wipro,WIT,-0.0021,-0.2557,1.0106,0
2023-05-03,2.25,2.26,2.23,2.24,4244600,Wipro,WIT,-0.0148,0.111,1.0151,0
2023-05-04,2.24,2.24,2.22,2.23,5857800,Wipro,WIT,-0.0043,0.3801,1.0108,0
2023-05-05,2.21,2.22,2.21,2.22,3180800,Wipro,WIT,-0.0022,-0.457,1.0065,0
2023-05-08,2.22,2.23,2.22,2.22,1721000,Wipro,WIT,-0.0022,-0.4589,1.0065,1
2023-05-09,2.21,2.23,2.21,2.23,2850200,Wipro,WIT,0.0065,0.6561,1.0109,1
2023-05-10,2.24,2.24,2.22,2.24,3381600,Wipro,WIT,0.0022,0.1864,1.0086,0
2023-05-11,2.23,2.24,2.22,2.24,2419800,Wipro,WIT,0.0,-0.2844,1.0087,0
2023-05-12,2.22,2.24,2.22,2.23,2013200,Wipro,WIT,-0.0043,-0.168,1.0065,1
2023-05-15,2.24,2.26,2.23,2.26,3076400,Wipro,WIT,0.0151,0.5281,1.0129,0
2023-05-16,2.25,2.26,2.23,2.24,2154800,Wipro,WIT,-0.0106,-0.2996,1.0108,0
2023-05-17,2.21,2.23,2.2,2.23,3255800,Wipro,WIT,-0.0021,0.511,1.0131,0
2023-05-18,2.21,2.23,2.2,2.23,2396400,Wipro,WIT,-0.0022,-0.264,1.0131,1
2023-05-19,2.24,2.26,2.23,2.24,3225600,Wipro,WIT,0.0043,0.346,1.0108,1
2023-05-22,2.29,2.3,2.28,2.29,2261800,Wipro,WIT,0.0258,-0.2988,1.0063,0
2023-05-23,2.28,2.28,2.25,2.26,3179200,Wipro,WIT,-0.0146,0.4056,1.0149,1
2023-05-24,2.26,2.28,2.26,2.27,4385800,Wipro,WIT,0.0064,0.3795,1.0085,0
2023-05-25,2.26,2.27,2.25,2.27,2786400,Wipro,WIT,-0.0021,-0.3647,1.0107,1
2023-05-26,2.3,2.34,2.3,2.33,2799400,Wipro,WIT,0.0275,0.0047,1.0146,0
2023-05-30,2.34,2.34,2.31,2.31,2656400,Wipro,WIT,-0.0082,-0.0511,1.0125,1
2023-05-31,2.32,2.35,2.32,2.34,4596000,Wipro,WIT,0.0124,0.7302,1.0124,1
2023-06-01,2.36,2.38,2.34,2.37,2908200,Wipro,WIT,0.0102,-0.3672,1.0143,1
2023-06-02,2.34,2.38,2.34,2.38,6669000,Wipro,WIT,0.0041,1.2932,1.0164,0
2023-06-05,2.34,2.34,2.3,2.31,3634600,Wipro,WIT,-0.0263,-0.455,1.0188,0
2023-06-06,2.28,2.32,2.28,2.31,1928400,Wipro,WIT,0.0,-0.4694,1.0168,1
2023-06-07,2.33,2.34,2.32,2.33,3144000,Wipro,WIT,0.0062,0.6304,1.0083,0
2023-06-08,2.31,2.31,2.28,2.28,3046000,Wipro,WIT,-0.0186,-0.0312,1.0147,0
2023-06-09,2.27,2.29,2.26,2.28,2496800,Wipro,WIT,0.0,-0.1803,1.0127,0
2023-06-12,2.27,2.29,2.26,2.28,5727800,Wipro,WIT,0.0,1.2941,1.0106,0
2023-06-13,2.27,2.28,2.26,2.27,4389200,Wipro,WIT,-0.0063,-0.2337,1.0085,0
2023-06-14,2.27,2.29,2.25,2.26,5707000,Wipro,WIT,-0.0042,0.3002,1.0192,0
2023-06-15,2.22,2.26,2.22,2.26,6458000,Wipro,WIT,-0.0021,0.1316,1.0195,0
2023-06-16,2.21,2.24,2.21,2.24,6494200,Wipro,WIT,-0.0064,0.0056,1.0152,0
2023-06-20,2.23,2.26,2.22,2.22,6278000,Wipro,WIT,-0.0086,-0.0333,1.0195,0
2023-06-21,2.23,2.23,2.19,2.22,3346400,Wipro,WIT,-0.0022,-0.467,1.0175,1
2023-06-22,2.19,2.22,2.18,2.22,4011000,Wipro,WIT,0.0022,0.1986,1.0176,0
2023-06-23,2.2,2.2,2.19,2.19,2193800,Wipro,WIT,-0.013,-0.4531,1.0066,1
2023-06-26,2.2,2.23,2.2,2.22,3283000,Wipro,WIT,0.0131,0.4965,1.0109,1
2023-06-27,2.22,2.23,2.21,2.23,2117400,Wipro,WIT,0.0043,-0.355,1.0109,1
2023-06-28,2.22,2.24,2.22,2.24,2434600,Wipro,WIT,0.0043,0.1498,1.0108,1
2023-06-29,2.24,2.26,2.24,2.26,3445600,Wipro,WIT,0.0064,0.4153,1.0086,1
2023-06-30,2.28,2.29,2.26,2.26,4376600,Wipro,WIT,0.0043,0.2702,1.0106,1
2023-07-03,2.3,2.3,2.29,2.3,2686000,Wipro,WIT,0.0148,-0.3863,1.0063,0
2023-07-05,2.29,2.3,2.28,2.29,3245400,Wipro,WIT,-0.0042,0.2083,1.0084,0
2023-07-06,2.29,2.29,2.27,2.28,4833200,Wipro,WIT,-0.0021,0.4892,1.0084,0
2023-07-07,2.27,2.29,2.27,2.28,3496800,Wipro,WIT,-0.0021,-0.2765,1.0084,0
2023-07-10,2.26,2.26,2.24,2.25,4167000,Wipro,WIT,-0.0147,0.1917,1.0086,1
2023-07-11,2.25,2.26,2.25,2.26,2922400,Wipro,WIT,0.0043,-0.2987,1.0043,1
2023-07-12,2.26,2.28,2.26,2.27,1646600,Wipro,WIT,0.0085,-0.4366,1.0085,1
2023-07-13,2.28,2.31,2.27,2.3,6470400,Wipro,WIT,0.0127,2.9296,1.0148,1
2023-07-14,2.34,2.38,2.34,2.36,6901400,Wipro,WIT,0.025,0.0666,1.0185,1
2023-07-17,2.4,2.44,2.4,2.42,4477200,Wipro,WIT,0.0264,-0.3513,1.016,1
2023-07-18,2.42,2.45,2.42,2.44,3633400,Wipro,WIT,0.0079,-0.1885,1.0119,1
2023-07-19,2.44,2.46,2.44,2.45,5027200,Wipro,WIT,0.0039,0.3836,1.0079,0
2023-07-20,2.37,2.38,2.32,2.36,9620800,Wipro,WIT,-0.0391,0.9137,1.029,1
2023-07-21,2.36,2.38,2.36,2.38,5565400,Wipro,WIT,0.0081,-0.4215,1.0122,0
2023-07-24,2.36,2.37,2.35,2.35,1320400,Wipro,WIT,-0.0101,-0.7627,1.0082,1
2023-07-25,2.34,2.36,2.34,2.36,2077000,Wipro,WIT,0.002,0.573,1.0082,0
2023-07-26,2.35,2.37,2.35,2.36,3441800,Wipro,WIT,0.0,0.6571,1.0082,0
2023-07-27,2.35,2.36,2.33,2.34,4030400,Wipro,WIT,-0.0081,0.171,1.0123,0
2023-07-28,2.33,2.34,2.32,2.32,1842800,Wipro,WIT,-0.0062,-0.5428,1.0083,1
2023-07-31,2.35,2.37,2.35,2.35,2278200,Wipro,WIT,0.0103,0.2363,1.0082,1
2023-08-01,2.36,2.37,2.36,2.37,2191800,Wipro,WIT,0.0082,-0.0379,1.0061,0
2023-08-02,2.32,2.33,2.31,2.33,2725600,Wipro,WIT,-0.0162,0.2435,1.0083,0
2023-08-03,2.31,2.32,2.3,2.31,1781400,Wipro,WIT,-0.0082,-0.3464,1.0084,1
2023-08-04,2.36,2.38,2.35,2.35,2643400,Wipro,WIT,0.0187,0.4839,1.0102,1
2023-08-07,2.38,2.38,2.36,2.37,1676000,Wipro,WIT,0.0082,-0.366,1.0122,1
2023-08-08,2.38,2.39,2.37,2.39,3073600,Wipro,WIT,0.0081,0.8339,1.0122,1
2023-08-09,2.39,2.41,2.39,2.4,1819600,Wipro,WIT,0.004,-0.408,1.008,1
2023-08-10,2.41,2.42,2.4,2.41,2648200,Wipro,WIT,0.004,0.4554,1.008,0
2023-08-11,2.37,2.39,2.37,2.38,3615800,Wipro,WIT,-0.01,0.3654,1.0101,1
2023-08-14,2.38,2.39,2.37,2.39,1969800,Wipro,WIT,0.002,-0.4552,1.0081,0
2023-08-15,2.38,2.4,2.38,2.39,2189000,Wipro,WIT,0.0,0.1113,1.0081,1
2023-08-16,2.39,2.42,2.38,2.4,4406600,Wipro,WIT,0.004,1.0131,1.0141,0
2023-08-17,2.39,2.4,2.38,2.39,3075400,Wipro,WIT,-0.004,-0.3021,1.006,0
2023-08-18,2.35,2.38,2.35,2.37,3068000,Wipro,WIT,-0.008,-0.0024,1.0123,1
2023-08-21,2.38,2.39,2.38,2.39,944000,Wipro,WIT,0.0081,-0.6923,1.0081,1
2023-08-22,2.38,2.4,2.38,2.39,3084800,Wipro,WIT,0.002,2.2678,1.0081,1
2023-08-23,2.4,2.44,2.4,2.44,2793400,Wipro,WIT,0.02,-0.0945,1.018,0
2023-08-24,2.39,2.41,2.38,2.38,3301600,Wipro,WIT,-0.0275,0.1819,1.0141,1
2023-08-25,2.37,2.39,2.37,2.39,2467000,Wipro,WIT,0.0061,-0.2528,1.0122,0
2023-08-28,2.38,2.39,2.38,2.38,1949200,Wipro,WIT,-0.002,-0.2099,1.006,1
2023-08-29,2.38,2.4,2.38,2.39,1526200,Wipro,WIT,0.004,-0.217,1.0101,0
2023-08-30,2.38,2.39,2.36,2.37,4878000,Wipro,WIT,-0.01,2.1962,1.0163,0
2023-08-31,2.37,2.39,2.34,2.35,6845200,Wipro,WIT,-0.0101,0.4033,1.0205,1
2023-09-01,2.42,2.43,2.4,2.42,2078600,Wipro,WIT,0.0307,-0.6963,1.01,1
2023-09-05,2.49,2.5,2.48,2.49,4203600,Wipro,WIT,0.0278,1.0223,1.0097,0
2023-09-06,2.47,2.48,2.46,2.46,2696800,Wipro,WIT,-0.0116,-0.3585,1.0078,1
2023-09-07,2.47,2.48,2.47,2.48,2602600,Wipro,WIT,0.0078,-0.0349,1.0058,1
2023-09-08,2.47,2.5,2.46,2.49,1705800,Wipro,WIT,0.0058,-0.3446,1.0136,1
2023-09-11,2.51,2.53,2.5,2.52,2490800,Wipro,WIT,0.0116,0.4602,1.0096,0
2023-09-12,2.51,2.51,2.49,2.5,4022600,Wipro,WIT,-0.0076,0.615,1.0096,1
2023-09-13,2.5,2.52,2.5,2.51,2534400,Wipro,WIT,0.0058,-0.37,1.0077,1
2023-09-14,2.51,2.54,2.51,2.54,1991200,Wipro,WIT,0.0095,-0.2143,1.0134,0
2023-09-15,2.54,2.55,2.5,2.5,6191400,Wipro,WIT,-0.0132,2.1094,1.0172,0
2023-09-18,2.5,2.51,2.5,2.5,1835600,Wipro,WIT,0.0,-0.7035,1.0077,0
2023-09-19,2.5,2.51,2.48,2.5,1894800,Wipro,WIT,-0.0038,0.0323,1.0116,0
2023-09-20,2.48,2.51,2.48,2.49,1963400,Wipro,WIT,-0.0038,0.0362,1.0116,0
2023-09-21,2.46,2.47,2.44,2.44,2232800,Wipro,WIT,-0.0193,0.1372,1.0118,0
2023-09-22,2.4,2.41,2.4,2.41,1999600,Wipro,WIT,-0.0118,-0.1044,1.006,0
2023-09-25,2.39,2.39,2.38,2.38,2007600,Wipro,WIT,-0.012,0.004,1.0061,0
2023-09-26,2.37,2.38,2.34,2.34,1268200,Wipro,WIT,-0.0161,-0.3683,1.0143,1
2023-09-27,2.39,2.4,2.37,2.38,4616200,Wipro,WIT,0.0143,2.64,1.0142,0
2023-09-28,2.33,2.34,2.3,2.33,4122400,Wipro,WIT,-0.0202,-0.107,1.0167,0
2023-09-29,2.36,2.36,2.32,2.32,4443400,Wipro,WIT,-0.0021,0.0779,1.0165,0
2023-10-02,2.34,2.34,2.31,2.32,2264800,Wipro,WIT,0.0,-0.4903,1.0124,0
2023-10-03,2.32,2.34,2.31,2.31,1480000,Wipro,WIT,-0.0041,-0.3465,1.0146,1
2023-10-04,2.31,2.35,2.31,2.34,2096400,Wipro,WIT,0.0124,0.4165,1.0145,0
2023-10-05,2.34,2.35,2.33,2.34,1119600,Wipro,WIT,0.0,-0.4659,1.0082,1
2023-10-06,2.34,2.38,2.34,2.37,1505200,Wipro,WIT,0.0123,0.3444,1.0185,0
2023-10-09,2.34,2.35,2.32,2.34,1293000,Wipro,WIT,-0.0121,-0.141,1.0103,1
2023-10-10,2.34,2.37,2.34,2.35,1965400,Wipro,WIT,0.0041,0.52,1.0102,1
2023-10-11,2.42,2.43,2.4,2.41,4050600,Wipro,WIT,0.0245,1.061,1.012,0
2023-10-12,2.38,2.38,2.32,2.33,3786800,Wipro,WIT,-0.0319,-0.0651,1.029,0
2023-10-13,2.34,2.36,2.32,2.33,3956400,Wipro,WIT,0.0,0.0448,1.0145,1
2023-10-16,2.34,2.37,2.33,2.36,3278800,Wipro,WIT,0.0103,-0.1713,1.0165,0
2023-10-17,2.37,2.37,2.34,2.34,2602800,Wipro,WIT,-0.0061,-0.2062,1.0144,0
2023-10-18,2.28,2.32,2.26,2.26,6274000,Wipro,WIT,-0.0328,1.4105,1.0276,0
2023-10-19,2.26,2.27,2.24,2.24,3764800,Wipro,WIT,-0.0106,-0.3999,1.015,0
2023-10-20,2.22,2.23,2.21,2.21,3244400,Wipro,WIT,-0.0128,-0.1382,1.0087,0
2023-10-23,2.17,2.21,2.17,2.18,3661800,Wipro,WIT,-0.0152,0.1287,1.0155,1
2023-10-24,2.19,2.21,2.17,2.18,7330000,Wipro,WIT,0.0022,1.0017,1.0155,0
2023-10-25,2.17,2.19,2.17,2.18,3299400,Wipro,WIT,-0.0022,-0.5499,1.0088,0
2023-10-26,2.17,2.18,2.15,2.15,4655600,Wipro,WIT,-0.0132,0.411,1.0156,1
2023-10-27,2.17,2.18,2.16,2.16,2581000,Wipro,WIT,0.0067,-0.4456,1.0067,1
2023-10-30,2.18,2.19,2.17,2.18,1649200,Wipro,WIT,0.0067,-0.361,1.0088,1
2023-10-31,2.17,2.2,2.17,2.18,3099400,Wipro,WIT,0.0022,0.8793,1.0155,0
2023-11-01,2.18,2.19,2.16,2.18,4245400,Wipro,WIT,-0.0022,0.3697,1.0111,1
2023-11-02,2.2,2.21,2.2,2.21,3316800,Wipro,WIT,0.0132,-0.2187,1.0066,1
2023-11-03,2.2,2.24,2.2,2.22,2477800,Wipro,WIT,0.0043,-0.253,1.0175,0
2023-11-06,2.22,2.22,2.19,2.21,1921600,Wipro,WIT,-0.0043,-0.2245,1.0109,0
2023-11-07,2.2,2.21,2.19,2.2,3622800,Wipro,WIT,-0.0043,0.8853,1.011,0
2023-11-08,2.2,2.2,2.19,2.19,2017800,Wipro,WIT,-0.0022,-0.443,1.0044,0
2023-11-09,2.18,2.2,2.15,2.16,4783000,Wipro,WIT,-0.0131,1.3704,1.0223,1
2023-11-10,2.16,2.18,2.15,2.18,2250400,Wipro,WIT,0.0089,-0.5295,1.0134,0
2023-11-13,2.17,2.18,2.16,2.17,2406400,Wipro,WIT,-0.0066,0.0693,1.0111,1
2023-11-14,2.19,2.22,2.18,2.21,2671600,Wipro,WIT,0.0199,0.1102,1.0176,1
2023-11-15,2.22,2.25,2.22,2.25,3217000,Wipro,WIT,0.0152,0.2041,1.013,0
2023-11-16,2.27,2.28,2.24,2.25,5037200,Wipro,WIT,0.0,0.5658,1.0171,1
2023-11-17,2.26,2.26,2.25,2.26,2329800,Wipro,WIT,0.0085,-0.5375,1.0064,1
2023-11-20,2.27,2.28,2.25,2.28,3398400,Wipro,WIT,0.0064,0.4587,1.0149,1
2023-11-21,2.28,2.28,2.27,2.28,1837200,Wipro,WIT,0.0021,-0.4594,1.0063,0
2023-11-22,2.27,2.29,2.27,2.28,1914600,Wipro,WIT,-0.0021,0.0421,1.0084,0
2023-11-24,2.26,2.26,2.24,2.26,1588400,Wipro,WIT,-0.0105,-0.1704,1.0086,0
2023-11-27,2.26,2.26,2.25,2.25,2365800,Wipro,WIT,-0.0021,0.4894,1.0085,1
2023-11-28,2.25,2.27,2.25,2.27,2689200,Wipro,WIT,0.0085,0.1367,1.0107,1
2023-11-29,2.31,2.32,2.29,2.3,2730400,Wipro,WIT,0.0127,0.0153,1.0126,1
2023-11-30,2.33,2.34,2.32,2.33,4003000,Wipro,WIT,0.0125,0.4661,1.0104,1
2023-12-01,2.31,2.35,2.31,2.34,2066400,Wipro,WIT,0.0062,-0.4838,1.0166,0
2023-12-04,2.32,2.33,2.31,2.31,3545200,Wipro,WIT,-0.0123,0.7156,1.0062,0
2023-12-05,2.3,2.31,2.29,2.3,1623200,Wipro,WIT,-0.0041,-0.5421,1.0084,1
2023-12-06,2.38,2.39,2.38,2.38,3072200,Wipro,WIT,0.0354,0.8927,1.0081,1
2023-12-07,2.38,2.39,2.38,2.39,2391000,Wipro,WIT,0.002,-0.2217,1.0081,1
2023-12-08,2.4,2.42,2.4,2.4,4055600,Wipro,WIT,0.006,0.6962,1.01,0
2023-12-11,2.38,2.39,2.36,2.38,3497600,Wipro,WIT,-0.012,-0.1376,1.0163,1
2023-12-12,2.39,2.4,2.38,2.39,3146800,Wipro,WIT,0.0081,-0.1003,1.0101,1
2023-12-13,2.39,2.43,2.38,2.42,3167400,Wipro,WIT,0.01,0.0065,1.0202,1
2023-12-14,2.45,2.5,2.45,2.5,3447400,Wipro,WIT,0.0317,0.0884,1.0216,1
2023-12-15,2.53,2.54,2.51,2.53,4447600,Wipro,WIT,0.0154,0.2901,1.0095,1
2023-12-18,2.54,2.55,2.52,2.55,2651600,Wipro,WIT,0.0057,-0.4038,1.0114,0
2023-12-19,2.5,2.54,2.5,2.52,2764600,Wipro,WIT,-0.0094,0.0426,1.0192,0
2023-12-20,2.47,2.51,2.46,2.48,3612400,Wipro,WIT,-0.019,0.3067,1.0234,1
2023-12-21,2.49,2.5,2.47,2.5,3669000,Wipro,WIT,0.0078,0.0157,1.0117,1
2023-12-22,2.62,2.63,2.59,2.61,6985000,Wipro,WIT,0.0442,0.9038,1.0186,1
2023-12-26,2.68,2.68,2.62,2.64,2190000,Wipro,WIT,0.0147,-0.6865,1.0201,1
2023-12-27,2.64,2.67,2.63,2.67,2490400,Wipro,WIT,0.0109,0.1372,1.0146,0
2023-12-28,2.66,2.68,2.66,2.67,2600000,Wipro,WIT,0.0,0.044,1.0072,0
2023-12-29,2.68,2.69,2.66,2.67,3095000,Wipro,WIT,0.0,0.1904,1.0108,0
2024-01-02,2.65,2.66,2.62,2.62,6839600,Wipro,WIT,-0.018,1.2099,1.0146,0
2024-01-03,2.58,2.59,2.55,2.57,9386200,Wipro,WIT,-0.0201,0.3723,1.0132,0
2024-01-04,2.56,2.58,2.55,2.57,2855200,Wipro,WIT,-0.0019,-0.6958,1.0113,1
2024-01-05,2.59,2.61,2.58,2.6,5338800,Wipro,WIT,0.0131,0.8699,1.0093,1
2024-01-08,2.57,2.62,2.56,2.61,5640600,Wipro,WIT,0.0018,0.0565,1.0225,0
2024-01-09,2.58,2.59,2.56,2.57,4058000,Wipro,WIT,-0.0129,-0.2806,1.0112,1
2024-01-10,2.58,2.61,2.58,2.58,6181200,Wipro,WIT,0.0037,0.5232,1.013,0
2024-01-11,2.57,2.59,2.55,2.58,5561000,Wipro,WIT,-0.0019,-0.1003,1.0132,1
2024-01-12,2.83,3.07,2.81,3.01,30507000,Wipro,WIT,0.1695,4.4859,1.0904,0
2024-01-16,2.8,2.81,2.75,2.76,10980200,Wipro,WIT,-0.0844,-0.6401,1.0227,0
2024-01-17,2.75,2.76,2.73,2.73,9384000,Wipro,WIT,-0.0104,-0.1454,1.0141,1
2024-01-18,2.79,2.8,2.74,2.77,6702600,Wipro,WIT,0.0158,-0.2857,1.0228,0
2024-01-19,2.77,2.78,2.76,2.77,6968400,Wipro,WIT,0.0,0.0397,1.007,0
2024-01-22,2.76,2.78,2.74,2.76,5014600,Wipro,WIT,-0.0052,-0.2804,1.0122,0
2024-01-23,2.7,2.74,2.7,2.73,5420800,Wipro,WIT,-0.0101,0.081,1.0142,1
2024-01-24,2.79,2.79,2.76,2.76,4333200,Wipro,WIT,0.0123,-0.2006,1.0105,0
2024-01-25,2.73,2.76,2.72,2.76,4326200,Wipro,WIT,-0.0035,-0.0016,1.0124,0
2024-01-26,2.76,2.76,2.75,2.75,4855200,Wipro,WIT,-0.0017,0.1223,1.0053,1
2024-01-29,2.76,2.76,2.73,2.76,2990400,Wipro,WIT,0.0017,-0.3841,1.0123,0
2024-01-30,2.74,2.75,2.7,2.72,3878800,Wipro,WIT,-0.014,0.2971,1.0178,1
2024-01-31,2.74,2.76,2.72,2.72,4497200,Wipro,WIT,0.0018,0.1594,1.0141,1
2024-02-01,2.72,2.74,2.71,2.74,3428800,Wipro,WIT,0.0071,-0.2376,1.0124,1
2024-02-02,2.77,2.78,2.75,2.77,5265600,Wipro,WIT,0.0123,0.5357,1.0105,0
2024-02-05,2.77,2.78,2.76,2.77,3839000,Wipro,WIT,0.0,-0.2709,1.0087,1
2024-02-06,2.87,2.89,2.85,2.86,5430800,Wipro,WIT,0.0295,0.4146,1.0135,0
2024-02-07,2.84,2.85,2.82,2.84,4074800,Wipro,WIT,-0.0067,-0.2497,1.0102,0
2024-02-08,2.82,2.83,2.8,2.81,1365200,Wipro,WIT,-0.0085,-0.665,1.0103,1
2024-02-09,2.82,2.84,2.81,2.82,1382800,Wipro,WIT,0.0017,0.0129,1.0085,1
2024-02-12,2.87,2.89,2.87,2.88,2792600,Wipro,WIT,0.0205,1.0195,1.0084,0
2024-02-13,2.91,2.91,2.86,2.88,3952000,Wipro,WIT,0.0,0.4152,1.0185,1
2024-02-14,2.93,2.95,2.92,2.95,3319000,Wipro,WIT,0.0251,-0.1602,1.0115,1
2024-02-15,2.95,2.99,2.95,2.97,1908000,Wipro,WIT,0.0082,-0.4251,1.0114,1
2024-02-16,3.08,3.1,3.04,3.09,7345200,Wipro,WIT,0.0405,2.8497,1.0206,0
2024-02-20,3.05,3.08,3.03,3.04,10687000,Wipro,WIT,-0.0171,0.455,1.0175,0
2024-02-21,3.01,3.01,2.96,2.97,3105200,Wipro,WIT,-0.0237,-0.7094,1.0179,1
2024-02-22,3.02,3.05,3.02,3.04,3094600,Wipro,WIT,0.0243,-0.0034,1.0112,1
2024-02-23,3.05,3.07,3.04,3.05,2238200,Wipro,WIT,0.0047,-0.2767,1.0079,0
2024-02-26,3.05,3.06,3.03,3.04,1911600,Wipro,WIT,-0.0047,-0.1459,1.0079,0
2024-02-27,3.03,3.06,3.03,3.03,1646600,Wipro,WIT,-0.0032,-0.1386,1.0095,0
2024-02-28,2.97,2.98,2.95,2.96,2647200,Wipro,WIT,-0.0222,0.6077,1.0098,1
2024-02-29,2.98,3.0,2.97,2.98,2101200,Wipro,WIT,0.0049,-0.2063,1.0097,1
2024-03-01,2.98,3.0,2.97,2.99,1909200,Wipro,WIT,0.0032,-0.0914,1.0081,1
2024-03-04,2.98,3.02,2.97,3.01,2873200,Wipro,WIT,0.0064,0.5049,1.0146,0
2024-03-05,2.96,2.97,2.94,2.94,3532200,Wipro,WIT,-0.0224,0.2294,1.0098,0
2024-03-06,2.96,2.97,2.93,2.93,5211600,Wipro,WIT,-0.0016,0.4755,1.0115,1
2024-03-07,2.97,2.98,2.95,2.98,3731200,Wipro,WIT,0.0148,-0.2841,1.0098,0
2024-03-08,2.98,2.99,2.96,2.97,3964200,Wipro,WIT,-0.0032,0.0624,1.0114,0
2024-03-11,2.96,2.97,2.95,2.95,2964200,Wipro,WIT,-0.0065,-0.2523,1.0065,1
2024-03-12,2.93,2.97,2.93,2.97,3896000,Wipro,WIT,0.0065,0.3144,1.0148,0
2024-03-13,2.9,2.9,2.89,2.89,3025800,Wipro,WIT,-0.0259,-0.2234,1.0067,1
2024-03-14,2.98,2.99,2.93,2.93,5196800,Wipro,WIT,0.015,0.7175,1.018,1
2024-03-15,2.95,2.95,2.94,2.95,5759200,Wipro,WIT,0.0049,0.1082,1.0049,0
2024-03-18,2.92,2.92,2.89,2.91,2604200,Wipro,WIT,-0.0131,-0.5478,1.0083,0
2024-03-19,2.84,2.86,2.81,2.86,5348800,Wipro,WIT,-0.0165,1.0539,1.0171,0
2024-03-20,2.84,2.87,2.83,2.86,3443400,Wipro,WIT,0.0,-0.3562,1.0136,0
2024-03-21,2.82,2.84,2.78,2.81,7969200,Wipro,WIT,-0.0185,1.3143,1.019,0
2024-03-22,2.79,2.8,2.7,2.72,10276400,Wipro,WIT,-0.0325,0.2895,1.0392,1
2024-03-25,2.73,2.74,2.71,2.73,5283200,Wipro,WIT,0.0035,-0.4859,1.0107,0
2024-03-26,2.73,2.75,2.72,2.72,3495800,Wipro,WIT,-0.0018,-0.3383,1.0106,1
2024-03-27,2.71,2.74,2.71,2.74,5653200,Wipro,WIT,0.0071,0.6171,1.0124,1
2024-03-28,2.76,2.77,2.76,2.76,4673600,Wipro,WIT,0.0088,-0.1733,1.007,0
2024-04-01,2.77,2.77,2.71,2.72,3454600,Wipro,WIT,-0.0157,-0.2608,1.023,0
2024-04-02,2.68,2.74,2.68,2.7,9056000,Wipro,WIT,-0.0088,1.6214,1.0215,1
2024-04-03,2.71,2.76,2.71,2.74,11493800,Wipro,WIT,0.0143,0.2692,1.0178,1
2024-04-04,2.77,2.8,2.75,2.76,9434200,Wipro,WIT,0.0105,-0.1792,1.0193,1
2024-04-05,2.75,2.78,2.74,2.77,5194600,Wipro,WIT,0.0017,-0.4494,1.0158,0
2024-04-08,2.74,2.74,2.68,2.7,13264400,Wipro,WIT,-0.0243,1.5535,1.0215,1
2024-04-09,2.72,2.74,2.71,2.73,7703400,Wipro,WIT,0.0107,-0.4192,1.0107,0
2024-04-10,2.71,2.73,2.67,2.68,8863400,Wipro,WIT,-0.0194,0.1506,1.0198,1
2024-04-11,2.7,2.71,2.66,2.68,7212200,Wipro,WIT,0.0018,-0.1863,1.0181,0
2024-04-12,2.65,2.66,2.61,2.63,9095800,Wipro,WIT,-0.0215,0.2612,1.0203,0
2024-04-15,2.63,2.63,2.55,2.56,11728000,Wipro,WIT,-0.0256,0.2894,1.0301,0
2024-04-16,2.53,2.55,2.53,2.53,4767400,Wipro,WIT,-0.0113,-0.5935,1.0095,0
2024-04-17,2.53,2.55,2.52,2.52,4454600,Wipro,WIT,-0.0019,-0.0656,1.0095,0
2024-04-18,2.49,2.52,2.48,2.48,7184200,Wipro,WIT,-0.0171,0.6128,1.0155,1
2024-04-19,2.55,2.59,2.51,2.52,12754600,Wipro,WIT,0.0174,0.7754,1.0307,1
2024-04-22,2.62,2.66,2.6,2.65,10547000,Wipro,WIT,0.0514,-0.1731,1.0222,0
2024-04-23,2.64,2.66,2.64,2.65,6220800,Wipro,WIT,-0.0018,-0.4102,1.0091,0
2024-04-24,2.64,2.64,2.61,2.63,6136400,Wipro,WIT,-0.0073,-0.0136,1.0148,0
2024-04-25,2.6,2.62,2.55,2.62,9016800,Wipro,WIT,-0.0055,0.4694,1.0245,1
2024-04-26,2.63,2.65,2.62,2.63,6194800,Wipro,WIT,0.0037,-0.313,1.0129,0
2024-04-29,2.63,2.65,2.62,2.62,6109200,Wipro,WIT,-0.0018,-0.0138,1.0129,0
2024-04-30,2.62,2.63,2.58,2.59,7991000,Wipro,WIT,-0.011,0.308,1.0186,0
2024-05-01,2.58,2.61,2.58,2.59,7839400,Wipro,WIT,-0.0019,-0.019,1.0112,0
2024-05-02,2.6,2.6,2.57,2.58,7435800,Wipro,WIT,-0.0019,-0.0515,1.0112,1
2024-05-03,2.6,2.61,2.58,2.6,7414200,Wipro,WIT,0.0056,-0.0029,1.0112,1
2024-05-06,2.62,2.64,2.61,2.63,4230600,Wipro,WIT,0.013,-0.4294,1.0111,1
2024-05-07,2.64,2.65,2.63,2.64,4366800,Wipro,WIT,0.0037,0.0322,1.0092,0
2024-05-08,2.63,2.64,2.62,2.62,2629200,Wipro,WIT,-0.0073,-0.3979,1.0074,0
2024-05-09,2.59,2.6,2.57,2.59,2369600,Wipro,WIT,-0.0128,-0.0987,1.0112,0
2024-05-10,2.55,2.58,2.55,2.56,3496600,Wipro,WIT,-0.0112,0.4756,1.0113,1
2024-05-13,2.57,2.59,2.57,2.58,5210200,Wipro,WIT,0.0075,0.4901,1.0094,1
2024-05-14,2.6,2.62,2.58,2.6,4066200,Wipro,WIT,0.0093,-0.2196,1.013,1
2024-05-15,2.61,2.62,2.6,2.62,2126600,Wipro,WIT,0.0055,-0.477,1.0093,0
2024-05-16,2.62,2.64,2.61,2.62,6691800,Wipro,WIT,0.0,2.1467,1.0129,0
2024-05-17,2.6,2.61,2.58,2.59,2458200,Wipro,WIT,-0.0092,-0.6327,1.0093,0
2024-05-20,2.59,2.61,2.59,2.59,5501000,Wipro,WIT,0.0,1.2378,1.0093,1
2024-05-21,2.61,2.62,2.58,2.6,4687200,Wipro,WIT,0.0019,-0.1479,1.013,1
2024-05-22,2.61,2.62,2.6,2.6,5236200,Wipro,WIT,0.0019,0.1171,1.0093,1
2024-05-23,2.64,2.64,2.62,2.63,5588400,Wipro,WIT,0.0092,0.0673,1.011,0
2024-05-24,2.63,2.63,2.61,2.62,5481200,Wipro,WIT,-0.0018,-0.0192,1.0074,0
2024-05-28,2.6,2.61,2.58,2.58,4645400,Wipro,WIT,-0.0147,-0.1525,1.0112,0
2024-05-29,2.55,2.56,2.52,2.53,2990800,Wipro,WIT,-0.0205,-0.3562,1.0152,0
2024-05-30,2.48,2.49,2.45,2.46,4993200,Wipro,WIT,-0.0266,0.6695,1.0157,1
2024-05-31,2.48,2.49,2.45,2.48,6558400,Wipro,WIT,0.0059,0.3135,1.0157,1
2024-06-03,2.51,2.53,2.5,2.53,2865600,Wipro,WIT,0.0233,-0.5631,1.0135,0
2024-06-04,2.5,2.51,2.48,2.5,6244800,Wipro,WIT,-0.0152,1.1792,1.0136,1
2024-06-05,2.53,2.58,2.53,2.56,4937800,Wipro,WIT,0.027,-0.2093,1.019,1
2024-06-06,2.59,2.65,2.59,2.64,9923600,Wipro,WIT,0.0281,1.0097,1.0223,1
2024-06-07,2.73,2.74,2.69,2.7,10299400,Wipro,WIT,0.0255,0.0379,1.0179,0
2024-06-10,2.64,2.69,2.64,2.67,3065200,Wipro,WIT,-0.0107,-0.7024,1.0164,1
2024-06-11,2.67,2.69,2.65,2.68,4325200,Wipro,WIT,0.0036,0.4111,1.0145,0
2024-06-12,2.7,2.71,2.67,2.68,4451400,Wipro,WIT,0.0,0.0292,1.0144,1
2024-06-13,2.71,2.72,2.69,2.7,3768600,Wipro,WIT,0.0054,-0.1534,1.0089,0
2024-06-14,2.66,2.67,2.65,2.66,3615600,Wipro,WIT,-0.0125,-0.0406,1.0072,1
2024-06-17,2.68,2.7,2.67,2.69,4998800,Wipro,WIT,0.009,0.3826,1.0108,1
2024-06-18,2.77,2.78,2.75,2.77,6429800,Wipro,WIT,0.0304,0.2863,1.0105,1
2024-06-20,2.83,2.83,2.79,2.83,9056800,Wipro,WIT,0.0226,0.4086,1.0155,0
2024-06-21,2.8,2.84,2.79,2.83,14186800,Wipro,WIT,-0.0017,0.5664,1.0155,0
2024-06-24,2.81,2.83,2.8,2.8,3057000,Wipro,WIT,-0.0085,-0.7845,1.012,1
2024-06-25,2.81,2.83,2.79,2.82,4852600,Wipro,WIT,0.0069,0.5874,1.012,0
2024-06-26,2.8,2.82,2.79,2.82,2846800,Wipro,WIT,0.0,-0.4133,1.0103,1
2024-06-27,2.89,2.9,2.88,2.89,3488800,Wipro,WIT,0.0256,0.2255,1.01,1
2024-06-28,2.9,2.95,2.9,2.93,11094400,Wipro,WIT,0.0133,2.18,1.0166,1
2024-07-01,2.97,2.99,2.95,2.98,6150800,Wipro,WIT,0.0148,-0.4456,1.0131,1
2024-07-02,3.05,3.09,3.04,3.09,4131400,Wipro,WIT,0.0372,-0.3283,1.0158,0
2024-07-03,3.08,3.1,3.07,3.07,2083200,Wipro,WIT,-0.0062,-0.4958,1.0094,0
2024-07-05,3.05,3.08,3.04,3.07,3412400,Wipro,WIT,0.0,0.6381,1.0111,1
2024-07-08,3.08,3.09,3.07,3.08,2236400,Wipro,WIT,0.0047,-0.3446,1.0063,0
2024-07-09,3.08,3.08,3.06,3.07,3898800,Wipro,WIT,-0.0047,0.7433,1.0063,1
2024-07-10,3.07,3.07,3.03,3.07,3119200,Wipro,WIT,0.0016,-0.2,1.0143,1
2024-07-11,3.12,3.17,3.12,3.12,5405200,Wipro,WIT,0.0156,0.7329,1.0185,1
2024-07-12,3.16,3.26,3.16,3.23,7085600,Wipro,WIT,0.0354,0.3109,1.0304,0
2024-07-15,3.22,3.24,3.19,3.21,4997400,Wipro,WIT,-0.006,-0.2947,1.0151,1
2024-07-16,3.22,3.23,3.19,3.22,3822200,Wipro,WIT,0.0015,-0.2352,1.012,1
2024-07-17,3.21,3.23,3.16,3.22,4347000,Wipro,WIT,0.0015,0.1373,1.0198,1
2024-07-18,3.27,3.37,3.27,3.31,10843600,Wipro,WIT,0.0284,1.4945,1.0309,0
2024-07-19,3.07,3.09,2.86,2.93,21839800,Wipro,WIT,-0.1161,1.0141,1.0808,0
2024-07-22,2.87,2.89,2.84,2.89,6919000,Wipro,WIT,-0.0148,-0.6832,1.0169,0
2024-07-23,2.87,2.89,2.86,2.87,4014200,Wipro,WIT,-0.0067,-0.4198,1.0118,0
2024-07-24,2.84,2.86,2.82,2.82,3893800,Wipro,WIT,-0.0151,-0.03,1.0137,1
2024-07-25,2.86,2.91,2.86,2.89,4096600,Wipro,WIT,0.0256,0.0521,1.0185,1
2024-07-26,2.98,3.02,2.97,2.98,5948800,Wipro,WIT,0.0299,0.4521,1.0146,0
2024-07-29,2.98,3.0,2.98,2.98,2711800,Wipro,WIT,0.0,-0.5441,1.0065,0
2024-07-30,2.97,3.01,2.96,2.96,4533800,Wipro,WIT,-0.0065,0.6719,1.0146,0
2024-07-31,2.97,2.99,2.9,2.96,6273000,Wipro,WIT,0.0,0.3836,1.0299,0
2024-08-01,2.95,2.98,2.92,2.93,2726400,Wipro,WIT,-0.0097,-0.5654,1.0197,0
2024-08-02,2.87,2.87,2.81,2.85,2889400,Wipro,WIT,-0.0295,0.0598,1.0205,0
2024-08-05,2.68,2.76,2.64,2.72,5750600,Wipro,WIT,-0.0439,0.9902,1.0436,1
2024-08-06,2.75,2.83,2.75,2.81,4570400,Wipro,WIT,0.0336,-0.2052,1.0297,0
2024-08-07,2.83,2.85,2.77,2.77,2576400,Wipro,WIT,-0.0137,-0.4363,1.026,1
2024-08-08,2.78,2.81,2.77,2.8,1571800,Wipro,WIT,0.0104,-0.3899,1.0139,1
2024-08-09,2.82,2.83,2.79,2.82,3162000,Wipro,WIT,0.0051,1.0117,1.0138,0
2024-08-12,2.79,2.81,2.77,2.77,1687600,Wipro,WIT,-0.0171,-0.4663,1.0139,1
2024-08-13,2.78,2.81,2.78,2.81,2361600,Wipro,WIT,0.0139,0.3994,1.0121,1
2024-08-14,2.81,2.82,2.8,2.81,1734400,Wipro,WIT,0.0017,-0.2656,1.0069,1
2024-08-15,2.84,2.86,2.84,2.85,1509200,Wipro,WIT,0.012,-0.1298,1.0068,1
2024-08-16,2.89,2.92,2.89,2.91,2084000,Wipro,WIT,0.0236,0.3809,1.0116,1
2024-08-19,2.93,2.97,2.93,2.96,2728800,Wipro,WIT,0.0149,0.3094,1.0131,1
2024-08-20,2.95,2.98,2.95,2.97,1912800,Wipro,WIT,0.0033,-0.299,1.0098,1
2024-08-21,2.97,3.02,2.97,3.01,1871200,Wipro,WIT,0.0146,-0.0217,1.0178,0
2024-08-22,2.95,2.97,2.95,2.95,2503400,Wipro,WIT,-0.0192,0.3379,1.0082,0
2024-08-23,2.94,2.97,2.93,2.95,2524800,Wipro,WIT,-0.0016,0.0085,1.0148,1
2024-08-26,2.96,2.98,2.96,2.98,1500800,Wipro,WIT,0.0098,-0.4056,1.0081,0
2024-08-27,2.97,2.98,2.96,2.97,1673000,Wipro,WIT,-0.0016,0.1147,1.0081,1
2024-08-28,3.03,3.07,3.03,3.06,5555400,Wipro,WIT,0.0291,2.3206,1.0143,1
2024-08-29,3.06,3.13,3.06,3.1,3310400,Wipro,WIT,0.0126,-0.4041,1.022,0
2024-08-30,3.09,3.1,3.07,3.09,2846600,Wipro,WIT,-0.0016,-0.1401,1.0094,0
2024-09-03,3.07,3.09,3.04,3.05,2445200,Wipro,WIT,-0.014,-0.141,1.0158,0
2024-09-04,2.98,3.02,2.98,3.02,3278000,Wipro,WIT,-0.011,0.3406,1.0145,1
2024-09-05,3.02,3.04,3.02,3.03,2572000,Wipro,WIT,0.0048,-0.2154,1.008,0
2024-09-06,3.02,3.03,3.0,3.01,3025200,Wipro,WIT,-0.0079,0.1762,1.0128,0
2024-09-09,2.98,3.0,2.97,2.99,3062400,Wipro,WIT,-0.0064,0.0123,1.0081,1
2024-09-10,3.02,3.05,3.02,3.04,3517800,Wipro,WIT,0.0193,0.1487,1.0128,0
2024-09-11,2.97,2.99,2.94,2.98,3529600,Wipro,WIT,-0.0221,0.0034,1.0147,1
2024-09-12,3.05,3.07,3.03,3.06,2927200,Wipro,WIT,0.0275,-0.1707,1.0127,1
2024-09-13,3.15,3.17,3.15,3.15,1963400,Wipro,WIT,0.0314,-0.3293,1.0076,1
2024-09-16,3.16,3.18,3.15,3.16,1550000,Wipro,WIT,0.003,-0.2106,1.0092,0
2024-09-17,3.18,3.18,3.11,3.13,3045000,Wipro,WIT,-0.0122,0.9645,1.0248,0
2024-09-18,3.07,3.11,3.05,3.06,2968400,Wipro,WIT,-0.02,-0.0252,1.0173,1
2024-09-19,3.09,3.12,3.08,3.11,3698600,Wipro,WIT,0.0157,0.246,1.0109,0
2024-09-20,3.11,3.11,3.07,3.11,4647400,Wipro,WIT,0.0,0.2565,1.0141,0
2024-09-23,3.09,3.11,3.07,3.09,1933200,Wipro,WIT,-0.0062,-0.584,1.011,1
2024-09-24,3.1,3.12,3.08,3.11,3122400,Wipro,WIT,0.0047,0.6151,1.0125,0
2024-09-25,3.11,3.13,3.1,3.11,3671000,Wipro,WIT,0.0,0.1757,1.0093,1
2024-09-26,3.22,3.24,3.16,3.17,4499800,Wipro,WIT,0.0217,0.2258,1.0228,0
2024-09-27,3.14,3.14,3.11,3.11,4218000,Wipro,WIT,-0.0197,-0.0626,1.0124,1
2024-09-30,3.12,3.13,3.09,3.12,4170200,Wipro,WIT,0.0015,-0.0113,1.0109,1
2024-10-01,3.12,3.17,3.11,3.16,3835200,Wipro,WIT,0.0154,-0.0803,1.0201,0
2024-10-02,3.14,3.14,3.09,3.12,3201600,Wipro,WIT,-0.0137,-0.1652,1.0171,0
2024-10-03,3.04,3.08,3.03,3.07,3807200,Wipro,WIT,-0.0169,0.1892,1.0143,1
2024-10-04,3.1,3.11,3.09,3.1,3839000,Wipro,WIT,0.0094,0.0084,1.0062,0
2024-10-07,3.06,3.09,3.05,3.07,1856000,Wipro,WIT,-0.0078,-0.5165,1.0126,0
2024-10-08,3.03,3.07,3.02,3.06,4407400,Wipro,WIT,-0.0031,1.3747,1.0175,1
2024-10-09,3.06,3.09,3.05,3.09,2543200,Wipro,WIT,0.0078,-0.423,1.0142,0
2024-10-10,3.02,3.04,3.0,3.02,5250000,Wipro,WIT,-0.0234,1.0643,1.0161,1
2024-10-11,3.03,3.07,3.02,3.06,3132600,Wipro,WIT,0.0159,-0.4033,1.0159,1
2024-10-14,3.14,3.18,3.14,3.17,3144600,Wipro,WIT,0.0361,0.0038,1.0138,0
2024-10-15,3.08,3.09,3.06,3.07,6413600,Wipro,WIT,-0.0333,1.0396,1.0078,1
2024-10-16,3.07,3.11,3.07,3.09,4008600,Wipro,WIT,0.0063,-0.375,1.011,0
2024-10-17,3.03,3.07,2.94,3.05,6648200,Wipro,WIT,-0.0109,0.6585,1.0458,1
2024-10-18,3.14,3.24,3.13,3.22,6322200,Wipro,WIT,0.0535,-0.049,1.0354,0
2024-10-21,3.17,3.19,3.15,3.18,3441000,Wipro,WIT,-0.012,-0.4557,1.0107,0
2024-10-22,3.14,3.17,3.14,3.17,4933600,Wipro,WIT,-0.003,0.4338,1.0092,1
2024-10-23,3.17,3.18,3.16,3.18,4943600,Wipro,WIT,0.003,0.002,1.0061,0
2024-10-24,3.17,3.18,3.15,3.17,4647200,Wipro,WIT,-0.003,-0.06,1.0076,0
2024-10-25,3.17,3.17,3.14,3.15,5743200,Wipro,WIT,-0.0046,0.2358,1.0076,1
2024-10-28,3.22,3.26,3.22,3.25,3967000,Wipro,WIT,0.029,-0.3093,1.012,0
2024-10-29,3.24,3.25,3.22,3.24,5326000,Wipro,WIT,-0.0015,0.3426,1.009,0
2024-10-30,3.25,3.26,3.2,3.21,4587800,Wipro,WIT,-0.0089,-0.1386,1.018,0
2024-10-31,3.17,3.17,3.11,3.12,4391400,Wipro,WIT,-0.0299,-0.0428,1.0201,1
2024-11-01,3.14,3.15,3.12,3.13,3302000,Wipro,WIT,0.0031,-0.2481,1.0123,0
2024-11-04,3.09,3.1,3.07,3.09,1745200,Wipro,WIT,-0.0108,-0.4715,1.011,1
2024-11-05,3.11,3.15,3.1,3.14,3016000,Wipro,WIT,0.014,0.7282,1.0155,1
2024-11-06,3.24,3.28,3.24,3.28,5478000,Wipro,WIT,0.046,0.8163,1.0149,0
2024-11-07,3.26,3.27,3.24,3.27,4352800,Wipro,WIT,-0.0029,-0.2054,1.0104,1
2024-11-08,3.27,3.31,3.27,3.29,3126800,Wipro,WIT,0.0074,-0.2817,1.0132,1
2024-11-11,3.31,3.39,3.3,3.37,8471400,Wipro,WIT,0.0219,1.7093,1.0262,0
2024-11-12,3.32,3.34,3.31,3.33,6637400,Wipro,WIT,-0.0114,-0.2165,1.0087,0
2024-11-13,3.3,3.31,3.26,3.3,7441000,Wipro,WIT,-0.0072,0.1211,1.0147,0
2024-11-14,3.27,3.28,3.27,3.27,4702800,Wipro,WIT,-0.0116,-0.368,1.0044,0
2024-11-15,3.26,3.26,3.22,3.23,5651400,Wipro,WIT,-0.0103,0.2017,1.0135,0
2024-11-18,3.2,3.23,3.2,3.22,8385400,Wipro,WIT,-0.003,0.4838,1.009,1
2024-11-19,3.26,3.28,3.24,3.27,3462600,Wipro,WIT,0.0164,-0.5871,1.0134,1
2024-11-20,3.29,3.31,3.28,3.31,5955400,Wipro,WIT,0.0103,0.7199,1.0088,0
2024-11-21,3.26,3.27,3.25,3.27,4874800,Wipro,WIT,-0.0131,-0.1814,1.0089,1
2024-11-22,3.31,3.38,3.31,3.36,10466000,Wipro,WIT,0.028,1.147,1.0203,1
2024-11-25,3.39,3.42,3.39,3.4,7444400,Wipro,WIT,0.0129,-0.2887,1.0085,1
2024-11-26,3.4,3.42,3.39,3.41,7972000,Wipro,WIT,0.0042,0.0709,1.0071,0
2024-11-27,3.39,3.41,3.37,3.38,7453800,Wipro,WIT,-0.0099,-0.065,1.0114,0
2024-11-29,3.33,3.38,3.33,3.36,3285800,Wipro,WIT,-0.0057,-0.5592,1.0144,1
2024-12-02,3.35,3.39,3.35,3.39,4499800,Wipro,WIT,0.01,0.3695,1.0144,1
2024-12-03,3.38,3.41,3.38,3.4,5247200,Wipro,WIT,0.0028,0.1661,1.0114,1
2024-12-04,3.41,3.44,3.4,3.42,4344200,Wipro,WIT,0.0056,-0.1721,1.0113,1
2024-12-05,3.46,3.5,3.45,3.47,6692200,Wipro,WIT,0.014,0.5405,1.0139,0
2024-12-06,3.47,3.48,3.34,3.36,9813000,Wipro,WIT,-0.0332,0.4663,1.0418,1
2024-12-09,3.46,3.51,3.44,3.45,6171800,Wipro,WIT,0.0287,-0.3711,1.0182,1
2024-12-10,3.48,3.51,3.46,3.48,3768400,Wipro,WIT,0.0084,-0.3894,1.0139,0
2024-12-11,3.55,3.61,3.44,3.48,4703900,Wipro,WIT,0.0,0.2482,1.0475,1
2024-12-12,3.5,3.52,3.46,3.5,2539300,Wipro,WIT,0.0055,-0.4602,1.0167,1
2024-12-13,3.5,3.55,3.5,3.53,3214400,Wipro,WIT,0.0082,0.2659,1.0137,1
2024-12-16,3.5,3.55,3.48,3.54,3395100,Wipro,WIT,0.0027,0.0562,1.0193,1
2024-12-17,3.5,3.58,3.49,3.56,5112400,Wipro,WIT,0.0054,0.5058,1.0248,0
2024-12-18,3.55,3.61,3.48,3.49,4303900,Wipro,WIT,-0.0189,-0.1581,1.0359,1
2024-12-19,3.6,3.61,3.56,3.57,5035100,Wipro,WIT,0.022,0.1699,1.0135,0
2024-12-20,3.48,3.53,3.47,3.51,6480600,Wipro,WIT,-0.0162,0.2871,1.0166,0
2024-12-23,3.46,3.5,3.45,3.48,3823900,Wipro,WIT,-0.0082,-0.4099,1.0139,1
2024-12-24,3.46,3.49,3.46,3.49,1337400,Wipro,WIT,0.0028,-0.6503,1.0083,0
2024-12-26,3.46,3.48,3.45,3.47,2152900,Wipro,WIT,-0.0055,0.6098,1.0084,1
2024-12-27,3.47,3.52,3.46,3.51,1875500,Wipro,WIT,0.0111,-0.1288,1.0167,0
2024-12-30,3.44,3.44,3.39,3.4,2203900,Wipro,WIT,-0.0301,0.1751,1.017,0
2024-12-31,3.41,3.44,3.39,3.4,2107200,Wipro,WIT,0.0,-0.0439,1.0142,1
2025-01-02,3.46,3.46,3.41,3.43,2381400,Wipro,WIT,0.0085,0.1301,1.0141,0
2025-01-03,3.33,3.37,3.3,3.37,2931600,Wipro,WIT,-0.0196,0.231,1.0204,0
2025-01-06,3.37,3.39,3.33,3.34,3838200,Wipro,WIT,-0.0086,0.3093,1.0173,0
2025-01-07,3.34,3.39,3.31,3.33,4085800,Wipro,WIT,-0.0029,0.0645,1.0233,1
2025-01-08,3.34,3.39,3.32,3.38,2927000,Wipro,WIT,0.0145,-0.2836,1.0203,1
2025-01-10,3.4,3.42,3.37,3.39,4476300,Wipro,WIT,0.0028,0.5293,1.0171,0
2025-01-13,3.24,3.29,3.24,3.29,4934100,Wipro,WIT,-0.0284,0.1023,1.0148,0
2025-01-14,3.32,3.32,3.26,3.27,2813700,Wipro,WIT,-0.0058,-0.4297,1.0177,1
2025-01-15,3.32,3.32,3.26,3.31,4315700,Wipro,WIT,0.0118,0.5338,1.0177,0
2025-01-16,3.27,3.27,3.15,3.17,6241100,Wipro,WIT,-0.0407,0.4461,1.0366,1
2025-01-17,3.21,3.39,3.21,3.31,7784600,Wipro,WIT,0.0424,0.2473,1.0569,1
2025-01-21,3.3,3.4,3.3,3.39,6480400,Wipro,WIT,0.0233,-0.1675,1.0321,1
2025-01-22,3.45,3.55,3.45,3.52,8759600,Wipro,WIT,0.0398,0.3517,1.0279,1
2025-01-23,3.57,3.61,3.56,3.6,5952200,Wipro,WIT,0.0219,-0.3205,1.0135,1
2025-01-24,3.6,3.64,3.6,3.63,7359900,Wipro,WIT,0.008,0.2365,1.0134,0
2025-01-27,3.51,3.53,3.47,3.52,6803000,Wipro,WIT,-0.0292,-0.0757,1.0166,1
2025-01-28,3.52,3.59,3.51,3.58,8966200,Wipro,WIT,0.0164,0.318,1.0223,1
2025-01-29,3.62,3.64,3.58,3.61,21669600,Wipro,WIT,0.0082,1.4168,1.0164,0
2025-01-30,3.58,3.64,3.58,3.61,5969900,Wipro,WIT,0.0,-0.7245,1.0164,0
2025-01-31,3.57,3.62,3.56,3.6,6066300,Wipro,WIT,-0.0027,0.0161,1.0165,1
2025-02-03,3.59,3.63,3.56,3.61,6239800,Wipro,WIT,0.0027,0.0286,1.0193,1
2025-02-04,3.62,3.65,3.62,3.65,4854900,Wipro,WIT,0.0109,-0.2219,1.0081,0
2025-02-05,3.6,3.67,3.6,3.64,7786800,Wipro,WIT,-0.0027,0.6039,1.0191,0
2025-02-06,3.63,3.64,3.59,3.63,5127100,Wipro,WIT,-0.0027,-0.3416,1.0137,0
2025-02-07,3.63,3.63,3.58,3.6,4723900,Wipro,WIT,-0.0081,-0.0786,1.0137,1
2025-02-10,3.63,3.64,3.6,3.62,2799300,Wipro,WIT,0.0054,-0.4074,1.0109,0
2025-02-11,3.57,3.61,3.55,3.61,2473600,Wipro,WIT,-0.0027,-0.1164,1.0166,0
2025-02-12,3.56,3.58,3.53,3.56,2937600,Wipro,WIT,-0.0136,0.1876,1.0139,0
2025-02-13,3.56,3.57,3.54,3.56,4095200,Wipro,WIT,0.0,0.3941,1.0083,0
2025-02-14,3.56,3.59,3.55,3.56,3800000,Wipro,WIT,0.0,-0.0721,1.011,1
2025-02-18,3.56,3.61,3.56,3.61,5913000,Wipro,WIT,0.0138,0.5561,1.0138,0
2025-02-19,3.61,3.62,3.6,3.6,3868000,Wipro,WIT,-0.0027,-0.3458,1.0054,0
2025-02-20,3.62,3.62,3.57,3.57,3830900,Wipro,WIT,-0.0082,-0.0096,1.0137,0
2025-02-21,3.51,3.53,3.41,3.41,5681900,Wipro,WIT,-0.044,0.4832,1.0345,0
2025-02-24,3.32,3.37,3.32,3.34,2960700,Wipro,WIT,-0.0201,-0.4789,1.0147,0
2025-02-25,3.31,3.33,3.28,3.31,2406200,Wipro,WIT,-0.0088,-0.1873,1.0149,0
2025-02-26,3.32,3.35,3.3,3.3,4594300,Wipro,WIT,-0.003,0.9094,1.0148,0
2025-02-27,3.33,3.35,3.28,3.29,4074100,Wipro,WIT,-0.003,-0.1132,1.0209,0
2025-02-28,3.15,3.22,3.14,3.21,4877500,Wipro,WIT,-0.0268,0.1972,1.025,0
2025-03-03,3.26,3.27,3.17,3.19,5723700,Wipro,WIT,-0.0061,0.1735,1.0341,0
2025-03-04,3.15,3.19,3.11,3.16,3664800,Wipro,WIT,-0.0092,-0.3597,1.0252,1
2025-03-05,3.22,3.26,3.22,3.25,4025800,Wipro,WIT,0.0311,0.0985,1.0152,0
2025-03-06,3.22,3.25,3.21,3.22,3061400,Wipro,WIT,-0.012,-0.2396,1.0153,0
2025-03-07,3.22,3.22,3.18,3.2,5148600,Wipro,WIT,-0.0061,0.6818,1.0154,0
2025-03-10,3.15,3.18,3.11,3.12,4643400,Wipro,WIT,-0.0245,-0.0981,1.0221,0
2025-03-11,3.11,3.12,3.06,3.08,6342600,Wipro,WIT,-0.0126,0.3659,1.0192,0
2025-03-12,3.0,3.04,2.99,3.02,12388700,Wipro,WIT,-0.0191,0.9533,1.0164,0
2025-03-13,2.98,3.01,2.96,2.97,4992800,Wipro,WIT,-0.0162,-0.597,1.0166,1
2025-03-14,3.0,3.03,2.98,3.01,3314400,Wipro,WIT,0.0132,-0.3362,1.0164,0
2025-03-17,2.98,3.02,2.98,2.99,6519800,Wipro,WIT,-0.0065,0.9671,1.0132,0
2025-03-18,2.99,3.0,2.94,2.94,4736000,Wipro,WIT,-0.0164,-0.2736,1.02,1
2025-03-19,3.03,3.05,2.99,3.01,3791500,Wipro,WIT,0.0233,-0.1994,1.0197,0
2025-03-20,2.95,2.99,2.91,2.94,10611800,Wipro,WIT,-0.0228,1.7988,1.0269,1
2025-03-21,2.93,3.0,2.93,2.97,7632500,Wipro,WIT,0.01,-0.2808,1.0234,1
2025-03-24,3.04,3.09,3.03,3.07,5918400,Wipro,WIT,0.033,-0.2246,1.0194,1
2025-03-25,3.09,3.11,3.08,3.08,3911800,Wipro,WIT,0.0032,-0.339,1.0096,0
2025-03-26,3.1,3.12,3.04,3.04,5743200,Wipro,WIT,-0.0127,0.4682,1.0258,1
2025-03-27,3.1,3.12,3.07,3.07,5122400,Wipro,WIT,0.0097,-0.1081,1.016,0
2025-03-28,2.98,3.01,2.95,2.97,2516600,Wipro,WIT,-0.0319,-0.5087,1.0199,1
2025-03-31,2.94,3.01,2.94,3.0,6802600,Wipro,WIT,0.0099,1.7031,1.0233,0
2025-04-01,3.01,3.02,2.98,3.0,3989800,Wipro,WIT,0.0,-0.4135,1.0132,1
2025-04-02,2.97,3.06,2.97,3.03,3954200,Wipro,WIT,0.0098,-0.0089,1.0297,0
2025-04-03,2.91,2.94,2.86,2.86,5806300,Wipro,WIT,-0.055,0.4684,1.0274,0
2025-04-04,2.75,2.77,2.69,2.73,9069000,Wipro,WIT,-0.0445,0.5619,1.0328,1
2025-04-07,2.74,2.93,2.72,2.79,13825800,Wipro,WIT,0.0215,0.5245,1.0755,0
2025-04-08,2.88,2.88,2.69,2.72,11265800,Wipro,WIT,-0.0246,-0.1852,1.073,1
2025-04-09,2.65,2.89,2.58,2.83,11722500,Wipro,WIT,0.0396,0.0405,1.1217,0
2025-04-10,2.82,2.86,2.7,2.78,9172300,Wipro,WIT,-0.0173,-0.2175,1.0618,0
2025-04-11,2.72,2.79,2.7,2.78,7924300,Wipro,WIT,0.0,-0.1361,1.0364,1
2025-04-14,2.82,2.83,2.77,2.79,6748600,Wipro,WIT,0.0035,-0.1484,1.0212,0
2025-04-15,2.78,2.84,2.74,2.76,11983200,Wipro,WIT,-0.0105,0.7757,1.0357,0
2025-04-16,2.63,2.72,2.58,2.68,7489800,Wipro,WIT,-0.0319,-0.375,1.057,0
2025-04-17,2.68,2.71,2.65,2.65,5395500,Wipro,WIT,-0.011,-0.2796,1.0222,1
2025-04-21,2.65,2.69,2.65,2.67,9035900,Wipro,WIT,0.0074,0.6747,1.0148,1
2025-04-22,2.69,2.72,2.67,2.72,11279200,Wipro,WIT,0.0184,0.2483,1.0184,1
2025-04-23,2.79,2.81,2.76,2.77,10995100,Wipro,WIT,0.0217,-0.0252,1.0177,1
2025-04-24,2.79,2.8,2.76,2.79,7233400,Wipro,WIT,0.0071,-0.3421,1.0142,0
2025-04-25,2.77,2.8,2.73,2.77,5406700,Wipro,WIT,-0.007,-0.2525,1.0251,1
2025-04-28,2.75,2.79,2.74,2.78,7239400,Wipro,WIT,0.0035,0.339,1.0179,1
2025-04-29,2.78,2.82,2.78,2.81,5895400,Wipro,WIT,0.0106,-0.1857,1.0141,0
2025-04-30,2.78,2.8,2.75,2.8,5662900,Wipro,WIT,-0.0035,-0.0394,1.0178,0
2025-05-01,2.81,2.82,2.78,2.8,5332400,Wipro,WIT,0.0,-0.0584,1.0141,1
2025-05-02,2.84,2.85,2.82,2.84,4549400,Wipro,WIT,0.014,-0.1468,1.0104,0
2025-05-05,2.83,2.85,2.82,2.84,3773800,Wipro,WIT,0.0,-0.1705,1.0104,0
2025-05-06,2.82,2.84,2.8,2.83,4832500,Wipro,WIT,-0.0034,0.2805,1.014,1
2025-05-07,2.79,2.84,2.76,2.84,5444400,Wipro,WIT,0.0035,0.1266,1.0284,0
2025-05-08,2.8,2.8,2.73,2.74,10977800,Wipro,WIT,-0.0345,1.0163,1.0251,1
2025-05-09,2.8,2.81,2.75,2.76,3426800,Wipro,WIT,0.0071,-0.6878,1.0214,1
2025-05-12,2.96,2.98,2.88,2.93,7479300,Wipro,WIT,0.0603,1.1826,1.034,0
2025-05-13,2.88,2.93,2.86,2.93,3966800,Wipro,WIT,0.0,-0.4696,1.024,0
2025-05-14,2.92,2.93,2.89,2.91,2968800,Wipro,WIT,-0.0067,-0.2516,1.0136,1
2025-05-15,2.92,2.95,2.91,2.94,4527600,Wipro,WIT,0.0101,0.5251,1.0135,0
2025-05-16,2.9,2.9,2.86,2.9,4048700,Wipro,WIT,-0.0133,-0.1058,1.0137,0
2025-05-19,2.86,2.9,2.86,2.89,2770700,Wipro,WIT,-0.0034,-0.3157,1.0137,0
2025-05-20,2.9,2.9,2.84,2.85,2444600,Wipro,WIT,-0.0136,-0.1177,1.0207,0
2025-05-21,2.83,2.86,2.82,2.84,3455600,Wipro,WIT,-0.0034,0.4136,1.0139,0
2025-05-22,2.81,2.81,2.78,2.79,5798500,Wipro,WIT,-0.0172,0.678,1.0106,1
2025-05-23,2.79,2.82,2.79,2.8,4740300,Wipro,WIT,0.0035,-0.1825,1.0105,1
2025-05-27,2.81,2.85,2.81,2.84,2549600,Wipro,WIT,0.014,-0.4621,1.0139,0
2025-05-28,2.82,2.83,2.8,2.8,6193900,Wipro,WIT,-0.0138,1.4294,1.0105,1
2025-05-29,2.83,2.85,2.82,2.83,2949600,Wipro,WIT,0.0105,-0.5238,1.0104,0
2025-05-30,2.83,2.85,2.81,2.82,4375700,Wipro,WIT,-0.0035,0.4835,1.0139,0
2025-06-02,2.81,2.83,2.79,2.81,7333300,Wipro,WIT,-0.0035,0.6759,1.014,0
2025-06-03,2.79,2.79,2.76,2.77,4039100,Wipro,WIT,-0.0139,-0.4492,1.0106,1
2025-06-04,2.75,2.79,2.75,2.78,6205600,Wipro,WIT,0.0035,0.5364,1.0142,1
2025-06-05,2.78,2.8,2.78,2.8,3670900,Wipro,WIT,0.007,-0.4085,1.007,1
2025-06-06,2.79,2.83,2.79,2.83,2915600,Wipro,WIT,0.0105,-0.2058,1.014,1
2025-06-09,2.84,2.89,2.84,2.88,7019700,Wipro,WIT,0.0173,1.4076,1.0172,1
2025-06-10,2.9,2.92,2.89,2.91,4283400,Wipro,WIT,0.0102,-0.3898,1.0102,1
2025-06-11,2.93,2.96,2.93,2.94,5478200,Wipro,WIT,0.0101,0.2789,1.01,1
2025-06-12,2.95,2.97,2.94,2.96,5884400,Wipro,WIT,0.0067,0.0741,1.01,0
2025-06-13,2.91,2.96,2.91,2.91,3388100,Wipro,WIT,-0.0166,-0.4242,1.0168,1
2025-06-16,2.96,2.99,2.96,2.97,2951400,Wipro,WIT,0.0202,-0.1289,1.0099,0
2025-06-17,2.97,2.98,2.95,2.96,2256500,Wipro,WIT,-0.0033,-0.2354,1.01,0
2025-06-18,2.95,2.96,2.92,2.92,3733000,Wipro,WIT,-0.0132,0.6543,1.0134,0
2025-06-20,2.99,2.99,2.9,2.91,7483800,Wipro,WIT,-0.0034,1.0048,1.0304,1
2025-06-23,2.92,2.97,2.91,2.96,3250300,Wipro,WIT,0.0168,-0.5657,1.0202,1
2025-06-24,2.97,3.01,2.97,3.01,4542500,Wipro,WIT,0.0166,0.3976,1.0132,1
2025-06-25,3.03,3.03,3.01,3.02,5519700,Wipro,WIT,0.0033,0.2151,1.0065,1
2025-06-26,3.01,3.04,3.01,3.03,4593100,Wipro,WIT,0.0032,-0.1679,1.0098,0
2025-06-27,2.98,3.0,2.96,2.98,6250700,Wipro,WIT,-0.0162,0.3609,1.0132,0
2025-06-30,2.98,2.99,2.96,2.96,5217500,Wipro,WIT,-0.0066,-0.1653,1.0099,1
2025-07-01,2.96,3.01,2.96,3.0,5049800,Wipro,WIT,0.0132,-0.0321,1.0166,1
2025-07-02,2.99,3.03,2.99,3.02,5568900,Wipro,WIT,0.0065,0.1028,1.0131,1
2025-07-03,3.03,3.07,3.03,3.05,3186200,Wipro,WIT,0.0097,-0.4279,1.0129,0
2025-07-07,3.03,3.05,3.01,3.02,4067900,Wipro,WIT,-0.0096,0.2767,1.013,1
2025-07-08,3.03,3.07,3.02,3.03,5936100,Wipro,WIT,0.0032,0.4593,1.0162,0
2025-07-09,2.99,3.02,2.99,3.01,5784000,Wipro,WIT,-0.0065,-0.0256,1.0098,0
2025-07-10,2.95,2.96,2.81,2.86,18824200,Wipro,WIT,-0.0489,2.2545,1.0523,0
2025-07-11,2.86,2.88,2.84,2.85,10733000,Wipro,WIT,-0.0034,-0.4298,1.0138,0
2025-07-14,2.81,2.85,2.81,2.82,9146100,Wipro,WIT,-0.0103,-0.1479,1.0139,1
2025-07-15,2.86,2.87,2.83,2.84,10713000,Wipro,WIT,0.0069,0.1713,1.0138,1
2025-07-16,2.88,2.91,2.88,2.9,12502500,Wipro,WIT,0.0207,0.167,1.0102,1
2025-07-17,2.99,3.06,2.99,3.0,10391200,Wipro,WIT,0.0338,-0.1689,1.023,0
2025-07-18,2.97,2.99,2.92,2.94,4827900,Wipro,WIT,-0.0196,-0.5354,1.0235,0
2025-07-21,2.87,2.92,2.87,2.91,5724600,Wipro,WIT,-0.01,0.1857,1.0171,0
2025-07-22,2.9,2.92,2.87,2.89,6710200,Wipro,WIT,-0.0067,0.1722,1.0171,1
2025-07-23,2.91,2.95,2.9,2.93,8089800,Wipro,WIT,0.0136,0.2056,1.0169,0
2025-07-24,2.91,2.91,2.87,2.88,5412100,Wipro,WIT,-0.0167,-0.331,1.0137,0
2025-07-25,2.86,2.88,2.83,2.87,6860900,Wipro,WIT,-0.0034,0.2677,1.0173,0
2025-07-28,2.85,2.85,2.76,2.77,10189700,Wipro,WIT,-0.0355,0.4852,1.0326,1
2025-07-29,2.8,2.81,2.77,2.8,7989800,Wipro,WIT,0.0108,-0.2159,1.0144,0
2025-07-30,2.76,2.78,2.73,2.75,8269100,Wipro,WIT,-0.0179,0.035,1.0183,0
2025-07-31,2.75,2.75,2.71,2.72,8502200,Wipro,WIT,-0.0109,0.0282,1.0148,0
2025-08-01,2.7,2.71,2.66,2.68,6334500,Wipro,WIT,-0.0147,-0.255,1.0188,0
2025-08-04,2.68,2.72,2.66,2.67,12843400,Wipro,WIT,-0.0037,1.0275,1.0226,1
2025-08-05,2.7,2.72,2.68,2.68,9808700,Wipro,WIT,0.0037,-0.2363,1.0149,0
2025-08-06,2.66,2.68,2.62,2.64,9068800,Wipro,WIT,-0.0149,-0.0754,1.0229,1
2025-08-07,2.69,2.73,2.65,2.66,9248700,Wipro,WIT,0.0076,0.0198,1.0302,0
2025-08-08,2.66,2.68,2.65,2.66,5660800,Wipro,WIT,0.0,-0.3879,1.0113,0
2025-08-11,2.66,2.67,2.62,2.65,12225800,Wipro,WIT,-0.0038,1.1597,1.0191,1
2025-08-12,2.66,2.69,2.65,2.68,13108000,Wipro,WIT,0.0113,0.0722,1.0151,1
2025-08-13,2.68,2.73,2.68,2.73,12275100,Wipro,WIT,0.0187,-0.0635,1.0187,0
2025-08-14,2.72,2.74,2.68,2.71,9241200,Wipro,WIT,-0.0073,-0.2472,1.0224,1
2025-08-15,2.72,2.76,2.72,2.73,3326000,Wipro,WIT,0.0074,-0.6401,1.0147,1
2025-08-18,2.75,2.75,2.72,2.75,2611400,Wipro,WIT,0.0073,-0.2149,1.011,0
2025-08-19,2.75,2.78,2.74,2.75,7724300,Wipro,WIT,0.0,1.9579,1.0146,1
2025-08-20,2.82,2.82,2.79,2.79,4319000,Wipro,WIT,0.0145,-0.4409,1.0108,1
2025-08-21,2.78,2.81,2.77,2.8,4833000,Wipro,WIT,0.0036,0.119,1.0144,1
2025-08-22,2.77,2.83,2.77,2.82,9128200,Wipro,WIT,0.0071,0.8887,1.0217,1
2025-08-25,2.83,2.85,2.83,2.83,5329300,Wipro,WIT,0.0035,-0.4162,1.0071,0
2025-08-26,2.82,2.82,2.78,2.78,3034500,Wipro,WIT,-0.0177,-0.4306,1.0144,1
2025-08-27,2.78,2.82,2.77,2.81,4231200,Wipro,WIT,0.0108,0.3944,1.0181,0
2025-08-28,2.8,2.81,2.77,2.8,4052100,Wipro,WIT,-0.0036,-0.0423,1.0144,0
2025-08-29,2.74,2.77,2.74,2.76,5655000,Wipro,WIT,-0.0143,0.3956,1.0109,0
2025-09-02,2.75,2.78,2.73,2.76,4638700,Wipro,WIT,0.0,-0.1797,1.0183,1
2025-09-03,2.75,2.78,2.75,2.77,2733800,Wipro,WIT,0.0036,-0.4107,1.0109,0
2025-09-04,2.72,2.75,2.68,2.73,4093400,Wipro,WIT,-0.0144,0.4973,1.0261,0
2025-09-05,2.72,2.74,2.7,2.73,5801500,Wipro,WIT,0.0,0.4173,1.0148,1
2025-09-08,2.73,2.76,2.72,2.75,5632300,Wipro,WIT,0.0073,-0.0292,1.0147,1
2025-09-09,2.77,2.78,2.75,2.77,4141800,Wipro,WIT,0.0073,-0.2646,1.0109,1
2025-09-10,2.83,2.85,2.81,2.81,10571500,Wipro,WIT,0.0144,1.5524,1.0142,0
2025-09-11,2.81,2.81,2.76,2.79,10480000,Wipro,WIT,-0.0071,-0.0087,1.0181,0
2025-09-12,2.79,2.79,2.76,2.77,3783300,Wipro,WIT,-0.0072,-0.639,1.0109,0
2025-09-15,2.79,2.8,2.74,2.76,14365600,Wipro,WIT,-0.0036,2.7971,1.0219,1
2025-09-16,2.78,2.79,2.77,2.78,6765600,Wipro,WIT,0.0072,-0.529,1.0072,1
2025-09-17,2.81,2.89,2.81,2.88,13688200,Wipro,WIT,0.036,1.0232,1.0285,0
2025-09-18,2.87,2.88,2.85,2.86,5109000,Wipro,WIT,-0.0069,-0.6268,1.0105,0
2025-09-19,2.83,2.87,2.76,2.8,10155800,Wipro,WIT,-0.021,0.9878,1.0399,0
2025-09-22,2.75,2.79,2.74,2.79,3901600,Wipro,WIT,-0.0036,-0.6158,1.0182,0
2025-09-23,2.78,2.79,2.71,2.73,5792700,Wipro,WIT,-0.0215,0.4847,1.0295,0
2025-09-24,2.71,2.72,2.67,2.72,9195100,Wipro,WIT,-0.0037,0.5874,1.0187,0
2025-09-25,2.7,2.72,2.64,2.67,7069200,Wipro,WIT,-0.0184,-0.2312,1.0303,0
2025-09-26,2.64,2.67,2.61,2.65,17546300,Wipro,WIT,-0.0075,1.4821,1.023,1
2025-09-29,2.67,2.68,2.65,2.66,8147600,Wipro,WIT,0.0038,-0.5357,1.0113,0
2025-09-30,2.67,2.69,2.61,2.63,7067000,Wipro,WIT,-0.0113,-0.1326,1.0307,0
2025-10-01,2.66,2.66,2.61,2.63,7913700,Wipro,WIT,0.0,0.1198,1.0192,0
2025-10-02,2.63,2.64,2.58,2.62,9042300,Wipro,WIT,-0.0038,0.1426,1.0233,0
2025-10-03,2.62,2.64,2.6,2.62,9484100,Wipro,WIT,0.0,0.0489,1.0154,1
2025-10-06,2.65,2.67,2.62,2.66,9027900,Wipro,WIT,0.0153,-0.0481,1.0191,0
2025-10-07,2.66,2.67,2.63,2.63,9957300,Wipro,WIT,-0.0113,0.1029,1.0152,1
2025-10-08,2.67,2.68,2.64,2.66,9176500,Wipro,WIT,0.0114,-0.0784,1.0152,1
2025-10-09,2.69,2.74,2.68,2.72,9735900,Wipro,WIT,0.0226,0.061,1.0224,0
2025-10-10,2.75,2.75,2.66,2.66,11039200,Wipro,WIT,-0.0221,0.1339,1.0338,1
2025-10-13,2.65,2.71,2.65,2.69,11460100,Wipro,WIT,0.0113,0.0381,1.0226,1
2025-10-14,2.7,2.75,2.69,2.73,16347700,Wipro,WIT,0.0149,0.4265,1.0223,1
2025-10-15,2.76,2.78,2.74,2.74,14471000,Wipro,WIT,0.0037,-0.1148,1.0146,0
2025-10-16,2.68,2.75,2.67,2.67,10950500,Wipro,WIT,-0.0255,-0.2433,1.03,0
2025-10-17,2.63,2.68,2.62,2.64,8945000,Wipro,WIT,-0.0112,-0.1831,1.0229,0
2025-10-20,2.64,2.66,2.62,2.64,12130900,Wipro,WIT,0.0,0.3562,1.0153,1
2025-10-21,2.63,2.7,2.62,2.69,8281600,Wipro,WIT,0.0189,-0.3173,1.0305,1
2025-10-22,2.68,2.73,2.68,2.72,9201000,Wipro,WIT,0.0112,0.111,1.0187,0
2025-10-23,2.71,2.74,2.7,2.71,5595100,Wipro,WIT,-0.0037,-0.3919,1.0148,0
2025-10-24,2.69,2.71,2.68,2.69,9331800,Wipro,WIT,-0.0074,0.6679,1.0112,0
2025-10-27,2.7,2.7,2.66,2.67,6113100,Wipro,WIT,-0.0074,-0.3449,1.015,1
2025-10-28,2.66,2.69,2.63,2.68,5667500,Wipro,WIT,0.0037,-0.0729,1.0228,0
2025-10-29,2.7,2.72,2.66,2.67,9025600,Wipro,WIT,-0.0037,0.5925,1.0226,0
2025-10-30,2.65,2.7,2.64,2.67,11027000,Wipro,WIT,0.0,0.2217,1.0227,0
2025-10-31,2.64,2.65,2.61,2.63,7204400,Wipro,WIT,-0.015,-0.3467,1.0153,0
2025-11-03,2.65,2.65,2.6,2.61,5129200,Wipro,WIT,-0.0076,-0.288,1.0192,0
2025-11-04,2.59,2.61,2.57,2.58,4475900,Wipro,WIT,-0.0115,-0.1274,1.0156,1
2025-11-05,2.6,2.63,2.59,2.63,4589200,Wipro,WIT,0.0194,0.0253,1.0154,0
2025-11-06,2.61,2.63,2.59,2.61,4584800,Wipro,WIT,-0.0076,-0.001,1.0154,0
2025-11-07,2.6,2.61,2.55,2.6,9325100,Wipro,WIT,-0.0038,1.0339,1.0235,1
2025-11-10,2.62,2.64,2.61,2.62,4862200,Wipro,WIT,0.0077,-0.4786,1.0115,1
2025-11-11,2.64,2.68,2.64,2.67,3804700,Wipro,WIT,0.0191,-0.2175,1.0152,0
2025-11-12,2.68,2.7,2.65,2.66,3714800,Wipro,WIT,-0.0037,-0.0236,1.0189,0
2025-11-13,2.66,2.67,2.64,2.66,6091500,Wipro,WIT,0.0,0.6398,1.0114,0
2025-11-14,2.64,2.65,2.63,2.65,4657400,Wipro,WIT,-0.0038,-0.2354,1.0076,0
2025-11-17,2.64,2.66,2.63,2.63,8178200,Wipro,WIT,-0.0075,0.756,1.0114,0
2025-11-18,2.61,2.63,2.6,2.63,9089300,Wipro,WIT,0.0,0.1114,1.0115,1
2025-11-19,2.66,2.71,2.65,2.69,6627500,Wipro,WIT,0.0228,-0.2708,1.0226,0
2025-11-20,2.68,2.71,2.68,2.69,10181100,Wipro,WIT,0.0,0.5362,1.0112,1
2025-11-21,2.68,2.7,2.65,2.7,6938500,Wipro,WIT,0.0037,-0.3185,1.0189,0
2025-11-24,2.69,2.71,2.68,2.7,7701500,Wipro,WIT,0.0,0.11,1.0112,0
2025-11-25,2.69,2.7,2.68,2.7,5990800,Wipro,WIT,0.0,-0.2221,1.0075,0
2025-11-26,2.71,2.74,2.67,2.69,9815800,Wipro,WIT,-0.0037,0.6385,1.0262,1
2025-11-28,2.69,2.73,2.68,2.72,4205000,Wipro,WIT,0.0112,-0.5716,1.0187,0
2025-12-01,2.71,2.74,2.7,2.72,4519800,Wipro,WIT,0.0,0.0749,1.0148,1
2025-12-02,2.71,2.74,2.71,2.73,3311700,Wipro,WIT,0.0037,-0.2673,1.0111,1
2025-12-03,2.73,2.77,2.73,2.77,4814900,Wipro,WIT,0.0147,0.4539,1.0147,1
2025-12-04,2.77,2.82,2.77,2.82,7801800,Wipro,WIT,0.0181,0.6203,1.0181,1
2025-12-05,2.83,2.85,2.82,2.85,6223200,Wipro,WIT,0.0106,-0.2023,1.0106,0
2025-12-08,2.85,2.86,2.81,2.83,6061700,Wipro,WIT,-0.007,-0.026,1.0178,1
2025-12-09,2.82,2.88,2.8,2.86,7606500,Wipro,WIT,0.0106,0.2548,1.0286,1
2025-12-10,2.87,2.91,2.85,2.89,9431300,Wipro,WIT,0.0105,0.2399,1.0211,0
2025-12-11,2.87,2.88,2.82,2.83,9749600,Wipro,WIT,-0.0208,0.0337,1.0213,0
2025-12-12,2.84,2.84,2.76,2.78,9149600,Wipro,WIT,-0.0177,-0.0615,1.029,1
2025-12-15,2.83,2.84,2.79,2.82,4162100,Wipro,WIT,0.0144,-0.5451,1.0179,0
2025-12-16,2.8,2.82,2.79,2.8,4884500,Wipro,WIT,-0.0071,0.1736,1.0108,1
2025-12-17,2.83,2.87,2.82,2.85,7767600,Wipro,WIT,0.0179,0.5903,1.0177,1
2025-12-18,2.86,2.91,2.84,2.86,7493700,Wipro,WIT,0.0035,-0.0353,1.0246,1
2025-12-19,2.91,3.09,2.89,3.06,47106700,Wipro,WIT,0.0699,5.2862,1.0692,0
2025-12-22,3.06,3.08,3.0,3.02,6870700,Wipro,WIT,-0.0131,-0.8541,1.0267,0
2025-12-23,3.0,3.03,2.96,2.97,4933900,Wipro,WIT,-0.0166,-0.2819,1.0236,0
2025-12-24,2.96,2.96,2.91,2.91,4195500,Wipro,WIT,-0.0202,-0.1497,1.0172,1
2025-12-26,2.92,2.94,2.91,2.92,1079500,Wipro,WIT,0.0034,-0.7427,1.0103,0
2025-12-29,2.89,2.9,2.87,2.89,2452700,Wipro,WIT,-0.0103,1.2721,1.0105,0
2025-12-30,2.87,2.87,2.85,2.86,3884900,Wipro,WIT,-0.0104,0.5839,1.007,0
2025-12-31,2.86,2.87,2.84,2.84,2542300,Wipro,WIT,-0.007,-0.3456,1.0106,1
2026-01-02,2.92,2.96,2.88,2.92,4718500,Wipro,WIT,0.0282,0.856,1.0278,0
2026-01-05,2.88,2.9,2.85,2.86,5306900,Wipro,WIT,-0.0205,0.1247,1.0175,1
2026-01-06,2.89,2.91,2.88,2.9,4053400,Wipro,WIT,0.014,-0.2362,1.0104,1
2026-01-07,2.93,2.98,2.93,2.93,2458100,Wipro,WIT,0.0103,-0.3936,1.0171,0
2026-01-08,2.88,2.91,2.87,2.91,5453200,Wipro,WIT,-0.0068,1.2185,1.0139,0
2026-01-09,2.9,2.91,2.87,2.87,4841100,Wipro,WIT,-0.0137,-0.1122,1.0139,1
2026-01-12,2.89,2.92,2.88,2.91,3709800,Wipro,WIT,0.0139,-0.2337,1.0139,0
2026-01-13,2.93,2.94,2.87,2.88,6748000,Wipro,WIT,-0.0103,0.819,1.0244,1
2026-01-14,2.92,3.06,2.9,3.03,20512100,Wipro,WIT,0.0521,2.0397,1.0552,0
2026-01-15,2.98,2.99,2.94,2.97,5553600,Wipro,WIT,-0.0198,-0.7293,1.017,0
2026-01-16,2.79,2.83,2.73,2.75,13547300,Wipro,WIT,-0.0741,1.4394,1.0366,0
2026-01-20,2.63,2.68,2.6,2.6,5397400,Wipro,WIT,-0.0545,-0.6016,1.0308,0
2026-01-21,2.6,2.63,2.57,2.6,7105300,Wipro,WIT,0.0,0.3164,1.0233,1
2026-01-22,2.6,2.64,2.6,2.61,4561100,Wipro,WIT,0.0038,-0.3581,1.0154,0
2026-01-23,2.6,2.61,2.56,2.58,4089500,Wipro,WIT,-0.0115,-0.1034,1.0195,1
2026-01-26,2.58,2.61,2.57,2.61,3200700,Wipro,WIT,0.0116,-0.2173,1.0156,0
2026-01-27,2.54,2.61,2.53,2.61,9289100,Wipro,WIT,0.0,1.9022,1.0316,0
2026-01-28,2.61,2.62,2.55,2.55,9834000,Wipro,WIT,-0.023,0.0587,1.0275,0
2026-01-29,2.58,2.59,2.51,2.53,8378600,Wipro,WIT,-0.0078,-0.148,1.0319,0
2026-01-30,2.52,2.55,2.5,2.52,7392500,Wipro,WIT,-0.004,-0.1177,1.02,1
2026-02-02,2.58,2.7,2.57,2.69,14427000,Wipro,WIT,0.0675,0.9516,1.0506,0
2026-02-03,2.64,2.68,2.51,2.56,17028400,Wipro,WIT,-0.0483,0.1803,1.0677,0
2026-02-04,2.53,2.58,2.52,2.56,14095900,Wipro,WIT,0.0,-0.1722,1.0238,0
2026-02-05,2.56,2.58,2.53,2.55,12886500,Wipro,WIT,-0.0039,-0.0858,1.0198,0
2026-02-06,2.52,2.55,2.47,2.51,11881700,Wipro,WIT,-0.0157,-0.078,1.0324,0
2026-02-09,2.48,2.48,2.43,2.44,10756700,Wipro,WIT,-0.0279,-0.0947,1.0206,1
2026-02-10,2.46,2.51,2.45,2.5,8329000,Wipro,WIT,0.0246,-0.2257,1.0245,0
2026-02-11,2.48,2.48,2.37,2.39,13972900,Wipro,WIT,-0.044,0.6776,1.0464,0
2026-02-12,2.33,2.33,2.26,2.28,24548600,Wipro,WIT,-0.046,0.7569,1.031,1
2026-02-13,2.29,2.38,2.28,2.34,12586000,Wipro,WIT,0.0263,-0.4873,1.0439,0
2026-02-17,2.34,2.36,2.28,2.29,11407700,Wipro,WIT,-0.0214,-0.0936,1.0351,1
2026-02-18,2.28,2.33,2.27,2.3,8250400,Wipro,WIT,0.0044,-0.2768,1.0264,0
2026-02-19,2.28,2.28,2.23,2.24,9659100,Wipro,WIT,-0.0261,0.1707,1.0224,1
2026-02-20,2.25,2.28,2.24,2.26,5198800,Wipro,WIT,0.0089,-0.4618,1.0179,0
2026-02-23,2.21,2.22,2.18,2.19,12429500,Wipro,WIT,-0.031,1.3908,1.0183,0
2026-02-24,2.17,2.19,2.12,2.14,13196300,Wipro,WIT,-0.0228,0.0617,1.033,1
2026-02-25,2.17,2.22,2.12,2.2,16278400,Wipro,WIT,0.028,0.2336,1.0472,1
2026-02-26,2.22,2.27,2.21,2.25,13591500,Wipro,WIT,0.0227,-0.1651,1.0271,0
2026-02-27,2.22,2.23,2.17,2.22,11393500,Wipro,WIT,-0.0133,-0.1617,1.0276,0
2026-03-02,2.2,2.21,2.13,2.16,12025700,Wipro,WIT,-0.027,0.0555,1.0376,1
2026-03-03,2.14,2.23,2.11,2.2,12828300,Wipro,WIT,0.0185,0.0667,1.0569,0
2026-03-04,2.17,2.21,2.16,2.2,16247400,Wipro,WIT,0.0,0.2665,1.0231,1
2026-03-05,2.21,2.24,2.17,2.22,22146600,Wipro,WIT,0.0091,0.3631,1.0323,1
2026-03-06,2.22,2.33,2.22,2.32,18684300,Wipro,WIT,0.045,-0.1563,1.0495,0
2026-03-09,2.29,2.32,2.24,2.31,21745900,Wipro,WIT,-0.0043,0.1639,1.0357,1
2026-03-10,2.32,2.56,2.29,2.55,46465300,Wipro,WIT,0.1039,1.1367,1.1179,0
2026-03-11,2.41,2.49,2.32,2.37,43733100,Wipro,WIT,-0.0706,-0.0588,1.0733,0
2026-03-12,2.35,2.37,2.25,2.3,21134600,Wipro,WIT,-0.0295,-0.5167,1.0533,0
2026-03-13,2.28,2.29,2.26,2.26,15317200,Wipro,WIT,-0.0174,-0.2753,1.0133,0
2026-03-16,2.23,2.25,2.2,2.21,20488300,Wipro,WIT,-0.0221,0.3376,1.0227,1
2026-03-17,2.19,2.26,2.19,2.22,9159500,Wipro,WIT,0.0045,-0.5529,1.032,0
2026-03-18,2.22,2.24,2.18,2.19,16585900,Wipro,WIT,-0.0135,0.8108,1.0275,0
2026-03-19,2.17,2.21,2.15,2.19,10639700,Wipro,WIT,0.0,-0.3585,1.0279,0
2026-03-20,2.18,2.21,2.14,2.15,14875500,Wipro,WIT,-0.0183,0.3981,1.0327,1
2026-03-23,2.16,2.19,2.13,2.16,11958600,Wipro,WIT,0.0047,-0.1961,1.0282,0
2026-03-24,2.15,2.16,2.1,2.1,8495800,Wipro,WIT,-0.0278,-0.2896,1.0286,0
2026-03-25,2.12,2.15,2.06,2.09,9633900,Wipro,WIT,-0.0048,0.134,1.0437,0
2026-03-26,2.09,2.13,2.09,2.09,5541800,Wipro,WIT,0.0,-0.4248,1.0191,0
2026-03-27,2.08,2.11,2.05,2.08,10653300,Wipro,WIT,-0.0048,0.9224,1.0293,0
2026-03-30,2.06,2.12,2.06,2.07,11305100,Wipro,WIT,-0.0048,0.0612,1.0291,1
2026-03-31,2.08,2.15,2.07,2.12,11065200,Wipro,WIT,0.0242,-0.0212,1.0386,0
2026-04-01,2.12,2.14,2.07,2.11,9721500,Wipro,WIT,-0.0047,-0.1214,1.0338,1
2026-04-02,2.12,2.19,2.12,2.16,10329600,Wipro,WIT,0.0237,0.0626,1.033,1
2026-04-06,2.17,2.21,2.15,2.19,8231000,Wipro,WIT,0.0139,-0.2032,1.0279,1
2026-04-07,2.24,2.27,2.21,2.25,12249000,Wipro,WIT,0.0274,0.4882,1.0271,0
2026-04-08,2.27,2.29,2.22,2.25,6167500,Wipro,WIT,0.0,-0.4965,1.0315,1
2026-04-09,2.25,2.28,2.2,2.26,13102200,Wipro,WIT,0.0044,1.1244,1.0364,0
2026-04-10,2.27,2.27,2.17,2.17,10651300,Wipro,WIT,-0.0398,-0.1871,1.0461,1
2026-04-13,2.19,2.25,2.18,2.24,14648300,Wipro,WIT,0.0323,0.3753,1.0321,0
2026-04-14,2.24,2.26,2.19,2.21,10538700,Wipro,WIT,-0.0134,-0.2806,1.032,1
2026-04-15,2.26,2.29,2.26,2.27,10883200,Wipro,WIT,0.0271,0.0327,1.0133,0
2026-04-16,2.24,2.26,2.12,2.16,21130600,Wipro,WIT,-0.0485,0.9416,1.066,1
2026-04-17,2.19,2.23,2.16,2.19,7563000,Wipro,WIT,0.0139,-0.6421,1.0324,0
2026-04-20,2.18,2.18,2.14,2.14,7598600,Wipro,WIT,-0.0228,0.0047,1.0187,0
2026-04-21,2.19,2.19,2.13,2.13,14079800,Wipro,WIT,-0.0047,0.8529,1.0282,0
2026-04-22,2.14,2.14,2.11,2.11,13315900,Wipro,WIT,-0.0094,-0.0543,1.0142,0
2026-04-23,2.06,2.08,2.01,2.03,23794800,Wipro,WIT,-0.0379,0.7869,1.0348,1
2026-04-24,2.02,2.06,2.01,2.04,8579400,Wipro,WIT,0.0049,-0.6394,1.0249,1
2026-04-27,2.07,2.08,2.03,2.05,7829600,Wipro,WIT,0.0049,-0.0874,1.0246,0
2026-04-28,2.07,2.08,2.02,2.03,7502900,Wipro,WIT,-0.0098,-0.0417,1.0297,0
2026-04-29,2.02,2.03,2.0,2.02,7609500,Wipro,WIT,-0.0049,0.0142,1.015,1
2026-04-30,2.03,2.05,2.01,2.04,7886800,Wipro,WIT,0.0099,0.0364,1.0199,0
2026-05-01,2.03,2.05,2.03,2.03,3327300,Wipro,WIT,-0.0049,-0.5781,1.0099,0
2026-05-04,2.04,2.04,1.99,1.99,8028400,Wipro,WIT,-0.0197,1.4129,1.0251,0
2026-05-05,2.02,2.02,1.99,1.99,5922400,Wipro,WIT,0.0,-0.2623,1.0151,1
2026-05-06,2.0,2.01,1.97,2.0,6971400,Wipro,WIT,0.005,0.1771,1.0203,0
2026-05-07,2.0,2.02,1.97,1.98,15180000,Wipro,WIT,-0.01,1.1775,1.0254,0
2026-05-08,1.99,2.0,1.93,1.95,14524600,Wipro,WIT,-0.0152,-0.0432,1.0363,0
2026-05-11,1.97,1.97,1.9,1.9,13701800,Wipro,WIT,-0.0256,-0.0566,1.0368,0
2026-05-12,1.9,1.91,1.85,1.86,12348800,Wipro,WIT,-0.0211,-0.0987,1.0324,0
2026-05-13,1.85,1.85,1.8,1.82,21176400,Wipro,WIT,-0.0215,0.7149,1.0278,1
2026-05-14,1.84,1.9,1.83,1.85,20611300,Wipro,WIT,0.0165,-0.0267,1.0383,1
2026-05-15,1.83,1.91,1.83,1.89,12500400,Wipro,WIT,0.0216,-0.3935,1.0437,1
2026-05-18,1.89,1.94,1.88,1.94,13688000,Wipro,WIT,0.0265,0.095,1.0319,0
2026-05-19,1.95,1.97,1.93,1.93,9090700,Wipro,WIT,-0.0052,-0.3359,1.0207,1
2026-05-20,1.93,1.99,1.92,1.97,7700100,Wipro,WIT,0.0207,-0.153,1.0365,1
2026-05-21,1.96,2.0,1.94,1.98,7115600,Wipro,WIT,0.0051,-0.0759,1.0309,1
2026-05-22,2.02,2.04,2.0,2.01,7036000,Wipro,WIT,0.0152,-0.0112,1.02,1
2026-05-26,2.01,2.08,2.0,2.06,10363300,Wipro,WIT,0.0249,0.4729,1.04,0
2026-05-27,2.05,2.11,2.04,2.05,11911200,Wipro,WIT,-0.0049,0.1494,1.0343,1
2026-05-28,2.06,2.49,2.05,2.43,24909500,Wipro,WIT,0.1854,1.0913,1.2146,0
2026-05-29,2.22,2.36,2.15,2.36,21851600,Wipro,WIT,-0.0288,-0.1228,1.0977,1
2026-06-01,2.28,2.5,2.28,2.41,19446500,Wipro,WIT,0.0212,-0.1101,1.0965,0
2026-06-02,2.34,2.35,2.17,2.21,11741200,Wipro,WIT,-0.083,-0.3962,1.0829,0
2026-06-03,2.18,2.18,2.13,2.13,5059000,Wipro,WIT,-0.0362,-0.5691,1.0235,0
2026-06-04,2.15,2.16,2.06,2.07,8876100,Wipro,WIT,-0.0282,0.7545,1.0485,1
2026-06-05,2.07,2.11,2.02,2.1,7297600,Wipro,WIT,0.0145,-0.1778,1.0446,1
2026-06-08,2.03,2.21,2.03,2.18,14700000,Wipro,WIT,0.0381,1.0144,1.0887,0
2026-06-09,2.14,2.23,2.13,2.16,10646800,Wipro,WIT,-0.0092,-0.2757,1.0469,0
2026-06-10,2.21,2.21,2.09,2.1,5393600,Wipro,WIT,-0.0278,-0.4934,1.0574,1
2026-06-11,2.07,2.16,2.04,2.15,9056900,Wipro,WIT,0.0238,0.6792,1.0588,1
2026-06-12,2.18,2.26,2.15,2.2,5768300,Wipro,WIT,0.0233,-0.3631,1.0512,1
2026-06-15,2.22,2.34,2.21,2.3,15047400,Wipro,WIT,0.0455,1.6086,1.0588,1
2026-06-16,2.3,2.41,2.26,2.37,13211100,Wipro,WIT,0.0304,-0.122,1.0664,1
2026-06-17,2.41,2.53,2.36,2.48,15569300,Wipro,WIT,0.0464,0.1785,1.072,0
2026-06-18,2.39,2.42,2.25,2.39,29607200,Wipro,WIT,-0.0363,0.9016,1.0756,0
2026-06-22,2.38,2.39,2.17,2.24,11648300,Wipro,WIT,-0.0628,-0.6066,1.1014,1
2026-06-23,2.22,2.34,2.22,2.29,15555300,Wipro,WIT,0.0223,0.3354,1.0541,0
2026-06-24,2.25,2.32,2.16,2.19,29158200,Wipro,WIT,-0.0437,0.8745,1.0741,0
2026-06-25,2.16,2.24,2.13,2.19,14487300,Wipro,WIT,0.0,-0.5031,1.0516,1
2026-06-26,2.18,2.29,2.18,2.27,7507300,Wipro,WIT,0.0365,-0.4818,1.0505,0
2026-06-29,2.29,2.3,2.17,2.17,8051800,Wipro,WIT,-0.0441,0.0725,1.0599,1
2026-06-30,2.17,2.29,2.13,2.25,13352100,Wipro,WIT,0.0369,0.6583,1.0751,0
2026-07-01,2.22,2.25,1.87,1.87,35265500,Wipro,WIT,-0.1689,1.6412,1.2032,1
2026-07-02,1.96,1.96,1.87,1.89,14188300,Wipro,WIT,0.0107,-0.5977,1.0481,0
2026-07-06,1.88,1.89,1.83,1.84,19263100,Wipro,WIT,-0.0265,0.3577,1.0328,1
2026-07-07,1.86,1.9,1.83,1.85,12844800,Wipro,WIT,0.0054,-0.3332,1.0383,0
2026-07-08,1.84,1.85,1.81,1.83,9513800,Wipro,WIT,-0.0108,-0.2593,1.0221,1
2026-07-09,1.81,1.86,1.8,1.85,6360200,Wipro,WIT,0.0109,-0.3315,1.0333,1
2026-07-10,1.86,1.9,1.84,1.87,17706300,Wipro,WIT,0.0108,1.7839,1.0326,0
2023-01-04,32.44,32.64,32.3,32.44,1954200,HDFC,HDB,-0.0082,0.3014,1.0107,0
2023-01-05,32.33,32.33,31.93,32.02,2758200,HDFC,HDB,-0.013,0.4114,1.0126,1
2023-01-06,32.13,32.34,31.8,32.23,1763000,HDFC,HDB,0.0066,-0.3608,1.0171,0
2023-01-09,32.32,32.49,31.82,32.23,2054000,HDFC,HDB,0.0,0.1651,1.021,0
2023-01-10,32.08,32.09,31.19,31.36,2712400,HDFC,HDB,-0.027,0.3205,1.029,1
2023-01-11,31.53,31.96,31.25,31.83,2332200,HDFC,HDB,0.0152,-0.1402,1.0228,1
2023-01-12,32.1,32.1,31.72,31.89,2502400,HDFC,HDB,0.0018,0.073,1.0119,1
2023-01-13,31.73,32.42,31.7,32.28,1919600,HDFC,HDB,0.0123,-0.2329,1.0229,0
2023-01-17,32.01,32.12,30.97,32.04,4249600,HDFC,HDB,-0.0077,1.2138,1.0372,1
2023-01-18,32.62,33.09,32.5,32.82,2523400,HDFC,HDB,0.0246,-0.4062,1.0181,1
2023-01-19,32.94,33.36,32.9,33.21,2796200,HDFC,HDB,0.0117,0.1081,1.0141,1
2023-01-20,33.46,33.7,32.89,33.7,2506400,HDFC,HDB,0.015,-0.1036,1.0249,1
2023-01-23,33.62,33.9,33.49,33.83,2376000,HDFC,HDB,0.0037,-0.052,1.012,1
2023-01-24,33.95,34.31,33.74,34.16,2419800,HDFC,HDB,0.0098,0.0184,1.017,0
2023-01-25,33.26,33.31,32.0,32.0,4858200,HDFC,HDB,-0.0631,1.0077,1.0408,1
2023-01-26,32.23,32.54,32.06,32.52,2788600,HDFC,HDB,0.0161,-0.426,1.0149,0
2023-01-27,31.93,32.01,31.11,31.45,5493800,HDFC,HDB,-0.0329,0.9701,1.0291,1
2023-01-30,31.6,31.83,31.37,31.56,4069800,HDFC,HDB,0.0035,-0.2592,1.0149,1
2023-01-31,31.5,32.26,31.42,32.21,3169600,HDFC,HDB,0.0206,-0.2212,1.0269,0
2023-02-01,32.35,32.4,30.82,30.93,6032800,HDFC,HDB,-0.0398,0.9033,1.0514,1
2023-02-02,31.21,32.16,31.08,32.08,3991800,HDFC,HDB,0.0374,-0.3383,1.0346,1
2023-02-03,32.15,32.5,31.94,32.26,3803400,HDFC,HDB,0.0057,-0.0472,1.0177,0
2023-02-06,31.86,32.1,31.62,31.99,1771000,HDFC,HDB,-0.0084,-0.5344,1.0151,1
2023-02-07,31.7,32.18,31.59,32.13,2096600,HDFC,HDB,0.0042,0.1839,1.0188,1
2023-02-08,32.19,32.64,31.99,32.45,2445800,HDFC,HDB,0.01,0.1666,1.0203,0
2023-02-09,32.66,32.73,32.32,32.35,2256000,HDFC,HDB,-0.0031,-0.0776,1.0129,1
2023-02-10,32.5,32.69,32.01,32.5,1768600,HDFC,HDB,0.0047,-0.216,1.0212,1
2023-02-13,32.49,32.99,32.34,32.95,1981800,HDFC,HDB,0.0138,0.1205,1.0203,1
2023-02-14,33.11,33.42,32.95,33.3,3392000,HDFC,HDB,0.0107,0.7116,1.0142,0
2023-02-15,33.13,33.34,33.02,33.26,1769200,HDFC,HDB,-0.0011,-0.4784,1.0098,0
2023-02-16,33.02,33.35,32.91,33.1,3008000,HDFC,HDB,-0.0049,0.7002,1.0134,1
2023-02-17,32.98,33.26,32.94,33.2,2745800,HDFC,HDB,0.0029,-0.0872,1.0096,0
2023-02-21,32.92,33.13,32.8,32.9,2493400,HDFC,HDB,-0.0089,-0.0919,1.0102,0
2023-02-22,32.51,32.7,32.05,32.26,2157400,HDFC,HDB,-0.0196,-0.1348,1.0203,1
2023-02-23,32.28,32.41,32.04,32.31,1766600,HDFC,HDB,0.0016,-0.1811,1.0115,0
2023-02-24,31.95,32.09,31.87,31.95,2503400,HDFC,HDB,-0.011,0.4171,1.0071,1
2023-02-27,32.29,32.42,31.97,32.06,2208200,HDFC,HDB,0.0034,-0.1179,1.0141,1
2023-02-28,32.22,32.42,32.02,32.34,2102200,HDFC,HDB,0.0086,-0.048,1.0124,0
2023-03-01,32.34,32.34,31.61,31.89,3474600,HDFC,HDB,-0.0139,0.6528,1.0228,0
2023-03-02,31.71,31.96,31.56,31.87,3263200,HDFC,HDB,-0.0007,-0.0608,1.0129,1
2023-03-03,32.21,32.42,32.02,32.38,2007200,HDFC,HDB,0.0161,-0.3849,1.0127,1
2023-03-06,32.77,32.9,32.61,32.67,2303200,HDFC,HDB,0.0089,0.1475,1.0088,0
2023-03-07,32.7,32.85,32.3,32.48,2233200,HDFC,HDB,-0.0057,-0.0304,1.017,1
2023-03-08,32.68,32.68,32.26,32.51,2433800,HDFC,HDB,0.001,0.0898,1.0127,0
2023-03-09,32.28,32.36,31.6,31.64,3479000,HDFC,HDB,-0.0268,0.4295,1.0241,0
2023-03-10,31.19,31.5,30.61,30.8,4866200,HDFC,HDB,-0.0266,0.3987,1.0292,0
2023-03-13,30.23,30.74,29.99,30.44,4522400,HDFC,HDB,-0.0116,-0.0707,1.0249,1
2023-03-14,30.77,31.09,30.62,30.78,2944200,HDFC,HDB,0.011,-0.349,1.0155,0
2023-03-15,29.61,29.81,29.19,29.79,5540600,HDFC,HDB,-0.032,0.8819,1.0213,1
2023-03-16,29.74,30.68,29.74,30.55,2809000,HDFC,HDB,0.0254,-0.493,1.0317,0
2023-03-17,30.45,30.53,30.08,30.19,2368200,HDFC,HDB,-0.0116,-0.1569,1.0151,1
2023-03-20,30.15,30.72,30.15,30.48,3294400,HDFC,HDB,0.0093,0.3911,1.019,1
2023-03-21,31.04,31.29,30.84,30.88,4176000,HDFC,HDB,0.0133,0.2676,1.0144,0
2023-03-22,30.93,31.04,30.0,30.03,4214800,HDFC,HDB,-0.0276,0.0093,1.0346,1
2023-03-23,30.23,30.85,30.17,30.32,3422000,HDFC,HDB,0.0097,-0.1881,1.0228,0
2023-03-24,30.13,30.32,29.88,30.31,2265600,HDFC,HDB,-0.0005,-0.3379,1.0146,1
2023-03-27,30.36,30.94,30.23,30.78,2349800,HDFC,HDB,0.0156,0.0372,1.0232,1
2023-03-28,31.05,31.19,30.99,31.01,2431400,HDFC,HDB,0.0075,0.0347,1.0066,1
2023-03-29,31.29,31.66,31.21,31.59,2173800,HDFC,HDB,0.0185,-0.1059,1.0144,1
2023-03-30,31.71,31.77,31.58,31.6,1901400,HDFC,HDB,0.0003,-0.1253,1.0062,1
2023-03-31,31.85,32.07,31.68,31.88,2368800,HDFC,HDB,0.0089,0.2458,1.0125,1
2023-04-03,31.84,32.07,31.6,31.92,2507200,HDFC,HDB,0.0013,0.0584,1.0151,1
2023-04-04,32.04,32.18,31.77,32.02,1427400,HDFC,HDB,0.003,-0.4307,1.0131,1
2023-04-05,32.37,32.65,32.18,32.49,2336800,HDFC,HDB,0.0148,0.6371,1.0147,1
2023-04-06,32.65,32.84,32.47,32.75,1680800,HDFC,HDB,0.0079,-0.2807,1.0115,0
2023-04-10,32.4,32.54,32.27,32.36,994800,HDFC,HDB,-0.012,-0.4081,1.0081,1
2023-04-11,32.72,32.8,32.56,32.8,1678000,HDFC,HDB,0.0137,0.6868,1.0076,1
2023-04-12,33.3,33.72,33.2,33.35,2454400,HDFC,HDB,0.0169,0.4627,1.0157,0
2023-04-13,33.57,33.57,32.65,33.21,2243600,HDFC,HDB,-0.0043,-0.0859,1.0284,1
2023-04-14,33.18,33.69,33.18,33.68,3557600,HDFC,HDB,0.014,0.5857,1.0156,0
2023-04-17,32.87,33.08,32.54,32.84,3377400,HDFC,HDB,-0.0248,-0.0507,1.0166,1
2023-04-18,32.95,33.07,32.73,32.96,5763400,HDFC,HDB,0.0036,0.7065,1.0104,1
2023-04-19,33.15,33.56,32.89,33.45,3382800,HDFC,HDB,0.0149,-0.4131,1.0202,0
2023-04-20,33.43,33.53,33.3,33.39,1684600,HDFC,HDB,-0.0017,-0.502,1.0067,1
2023-04-21,33.57,34.09,33.56,33.9,3130200,HDFC,HDB,0.015,0.8581,1.0158,0
2023-04-24,33.9,34.04,33.56,33.72,2365400,HDFC,HDB,-0.0052,-0.2443,1.0142,0
2023-04-25,33.47,33.48,33.14,33.26,2990400,HDFC,HDB,-0.0135,0.2642,1.0101,1
2023-04-26,33.62,33.81,33.23,33.31,3601800,HDFC,HDB,0.0013,0.2045,1.0176,0
2023-04-27,33.31,33.36,33.02,33.28,2749200,HDFC,HDB,-0.0009,-0.2367,1.0103,1
2023-04-28,33.15,33.38,33.0,33.37,2379600,HDFC,HDB,0.0029,-0.1344,1.0116,1
2023-05-01,33.24,33.77,33.24,33.43,1102400,HDFC,HDB,0.0016,-0.5367,1.016,0
2023-05-02,33.45,33.49,33.08,33.25,1664200,HDFC,HDB,-0.0051,0.5096,1.0124,0
2023-05-03,33.41,33.68,33.21,33.23,1908400,HDFC,HDB,-0.0007,0.1467,1.0141,0
2023-05-04,33.7,33.95,32.59,32.76,10072600,HDFC,HDB,-0.0141,4.278,1.0418,0
2023-05-05,32.03,32.11,31.42,32.04,7101000,HDFC,HDB,-0.0219,-0.295,1.0219,1
2023-05-08,32.49,32.65,32.08,32.09,4267000,HDFC,HDB,0.0015,-0.3991,1.0177,0
2023-05-09,31.8,31.95,31.43,31.55,5460200,HDFC,HDB,-0.0168,0.2796,1.0166,1
2023-05-10,32.11,32.94,31.93,32.67,5632200,HDFC,HDB,0.0355,0.0315,1.0316,0
2023-05-11,32.41,32.67,32.08,32.1,4321800,HDFC,HDB,-0.0176,-0.2327,1.0183,1
2023-05-12,32.68,32.91,32.61,32.83,3064600,HDFC,HDB,0.0228,-0.2909,1.0093,1
2023-05-15,32.76,33.09,32.74,32.9,2207800,HDFC,HDB,0.0022,-0.2796,1.0105,0
2023-05-16,32.53,32.76,32.36,32.37,1880400,HDFC,HDB,-0.0162,-0.1483,1.0124,0
2023-05-17,32.53,32.69,32.3,32.32,5837200,HDFC,HDB,-0.0015,2.1042,1.012,0
2023-05-18,32.46,32.46,32.13,32.21,3061200,HDFC,HDB,-0.0034,-0.4756,1.0104,0
2023-05-19,32.27,32.36,32.11,32.12,1961200,HDFC,HDB,-0.0027,-0.3593,1.008,1
2023-05-22,32.1,32.32,32.03,32.16,1749000,HDFC,HDB,0.0011,-0.1082,1.009,0
2023-05-23,32.01,32.14,31.27,31.57,7850400,HDFC,HDB,-0.0183,3.4885,1.0277,0
2023-05-24,31.28,31.55,31.27,31.4,2845600,HDFC,HDB,-0.0055,-0.6375,1.0088,0
2023-05-25,31.44,31.49,31.07,31.11,4245800,HDFC,HDB,-0.0092,0.4921,1.0135,1
2023-05-26,31.21,31.51,31.21,31.31,2023000,HDFC,HDB,0.0067,-0.5235,1.0096,0
2023-05-30,31.44,31.68,31.23,31.31,3453600,HDFC,HDB,-0.0002,0.7072,1.0142,0
2023-05-31,30.93,31.17,30.81,31.12,6449600,HDFC,HDB,-0.0062,0.8675,1.0116,1
2023-06-01,31.18,31.37,31.12,31.29,4388400,HDFC,HDB,0.0056,-0.3196,1.0079,1
2023-06-02,31.4,31.72,31.31,31.64,2855000,HDFC,HDB,0.0111,-0.3494,1.0133,0
2023-06-05,31.49,31.88,31.48,31.5,2158200,HDFC,HDB,-0.0044,-0.2441,1.0129,0
2023-06-06,31.32,31.4,31.04,31.11,2429800,HDFC,HDB,-0.0124,0.1258,1.0117,1
2023-06-07,31.33,31.66,31.22,31.36,2180600,HDFC,HDB,0.0081,-0.1026,1.0142,0
2023-06-08,31.5,31.57,31.23,31.25,1589800,HDFC,HDB,-0.0034,-0.2709,1.0108,1
2023-06-09,31.27,31.72,31.22,31.72,1838800,HDFC,HDB,0.015,0.1566,1.0161,0
2023-06-12,31.3,31.48,30.89,30.89,4052000,HDFC,HDB,-0.026,1.2036,1.0189,1
2023-06-13,31.32,31.65,31.27,31.36,2883600,HDFC,HDB,0.0152,-0.2884,1.0121,0
2023-06-14,31.4,31.4,30.95,31.1,3336800,HDFC,HDB,-0.0085,0.1572,1.0147,1
2023-06-15,30.68,31.23,30.38,31.21,3397400,HDFC,HDB,0.0037,0.0182,1.028,1
2023-06-16,31.48,32.12,31.4,32.11,5664200,HDFC,HDB,0.0286,0.6672,1.0229,0
2023-06-20,32.08,32.1,31.7,31.98,6718800,HDFC,HDB,-0.0038,0.1862,1.0125,1
2023-06-21,32.27,32.91,32.15,32.77,5151600,HDFC,HDB,0.0246,-0.2333,1.0236,1
2023-06-22,32.92,33.19,32.82,33.04,2201400,HDFC,HDB,0.0081,-0.5727,1.0115,1
2023-06-23,32.97,33.36,32.83,33.19,3571600,HDFC,HDB,0.0045,0.6224,1.016,0
2023-06-26,32.91,33.18,32.73,32.92,2905600,HDFC,HDB,-0.008,-0.1865,1.0139,1
2023-06-27,33.8,33.8,33.22,33.27,3095000,HDFC,HDB,0.0104,0.0652,1.0175,1
2023-06-28,33.36,33.45,33.21,33.31,1775000,HDFC,HDB,0.0013,-0.4265,1.0074,1
2023-06-29,33.31,33.68,33.27,33.56,3099200,HDFC,HDB,0.0074,0.746,1.0122,1
2023-06-30,33.68,33.95,33.62,33.68,3766800,HDFC,HDB,0.0036,0.2154,1.0098,1
2023-07-03,34.09,34.43,34.06,34.2,3305600,HDFC,HDB,0.0156,-0.1224,1.0109,0
2023-07-05,33.53,33.6,32.38,32.41,4750400,HDFC,HDB,-0.0525,0.4371,1.0378,0
2023-07-06,32.53,32.53,31.94,32.1,5959000,HDFC,HDB,-0.0095,0.2544,1.0183,0
2023-07-07,31.93,32.26,31.84,32.04,6133000,HDFC,HDB,-0.0017,0.0292,1.0134,0
2023-07-10,32.0,32.19,31.64,31.98,2954800,HDFC,HDB,-0.0021,-0.5182,1.0174,1
2023-07-11,32.17,32.57,32.17,32.47,3551800,HDFC,HDB,0.0156,0.202,1.0126,0
2023-07-12,32.55,32.57,32.16,32.37,2286800,HDFC,HDB,-0.0031,-0.3562,1.0129,1
2023-07-13,32.85,32.9,32.58,32.62,2505400,HDFC,HDB,0.0078,0.0956,1.0099,1
2023-07-14,32.61,32.78,32.41,32.64,2854000,HDFC,HDB,0.0006,0.1391,1.0115,1
2023-07-17,32.99,34.26,32.93,34.09,6324000,HDFC,HDB,0.0443,1.2158,1.0405,1
2023-07-18,33.39,34.2,33.04,34.16,9091000,HDFC,HDB,0.0023,0.4375,1.0351,0
2023-07-19,34.09,34.38,33.9,34.08,9089200,HDFC,HDB,-0.0024,-0.0002,1.0143,1
2023-07-20,33.89,34.34,33.79,34.31,5566800,HDFC,HDB,0.0067,-0.3875,1.0163,0
2023-07-21,34.16,34.17,33.88,34.04,3804800,HDFC,HDB,-0.0079,-0.3165,1.0084,0
2023-07-24,33.99,34.19,33.71,33.85,3756600,HDFC,HDB,-0.0055,-0.0127,1.014,1
2023-07-25,34.17,34.28,33.97,34.06,3461400,HDFC,HDB,0.0063,-0.0786,1.0094,1
2023-07-26,33.83,34.49,33.83,34.21,4351800,HDFC,HDB,0.0044,0.2572,1.0196,0
2023-07-27,34.0,34.08,32.98,32.98,3083200,HDFC,HDB,-0.0359,-0.2915,1.0334,0
2023-07-28,33.06,33.1,32.8,32.9,3016000,HDFC,HDB,-0.0026,-0.0218,1.009,1
2023-07-31,33.14,33.35,32.87,32.99,1807800,HDFC,HDB,0.0028,-0.4006,1.0146,0
2023-08-01,33.03,33.03,32.63,32.64,2331000,HDFC,HDB,-0.0107,0.2894,1.0123,0
2023-08-02,32.4,32.4,31.96,32.22,2737200,HDFC,HDB,-0.0129,0.1743,1.0138,0
2023-08-03,31.89,32.25,31.84,32.02,2433800,HDFC,HDB,-0.006,-0.1108,1.0127,1
2023-08-04,32.43,32.57,32.24,32.29,2756600,HDFC,HDB,0.0083,0.1326,1.0105,1
2023-08-07,32.29,32.55,32.25,32.35,2719800,HDFC,HDB,0.0019,-0.0133,1.0091,0
2023-08-08,32.19,32.39,31.97,32.14,1901200,HDFC,HDB,-0.0066,-0.301,1.013,1
2023-08-09,32.21,32.43,32.17,32.29,2004800,HDFC,HDB,0.0047,0.0545,1.0081,0
2023-08-10,32.32,32.63,32.12,32.16,2257400,HDFC,HDB,-0.0039,0.126,1.0161,0
2023-08-11,32.01,32.21,31.91,32.04,1865400,HDFC,HDB,-0.0038,-0.1737,1.0094,0
2023-08-14,32.16,32.16,31.6,31.78,2657000,HDFC,HDB,-0.0082,0.4244,1.0178,0
2023-08-15,31.54,31.75,31.12,31.18,4045000,HDFC,HDB,-0.019,0.5224,1.0204,0
2023-08-16,31.27,31.41,31.0,31.03,3899000,HDFC,HDB,-0.0045,-0.0361,1.0134,0
2023-08-17,31.22,31.22,30.87,30.87,2771600,HDFC,HDB,-0.0052,-0.2892,1.0114,0
2023-08-18,30.76,30.79,30.48,30.68,5474600,HDFC,HDB,-0.0062,0.9752,1.0101,1
2023-08-21,30.9,31.16,30.7,31.08,4269200,HDFC,HDB,0.0129,-0.2202,1.0148,0
2023-08-22,30.96,31.18,30.64,30.74,4264400,HDFC,HDB,-0.011,-0.0011,1.0175,1
2023-08-23,31.0,31.19,30.78,31.16,3583200,HDFC,HDB,0.0138,-0.1597,1.0132,0
2023-08-24,30.94,31.02,30.78,30.78,2352800,HDFC,HDB,-0.0122,-0.3434,1.0079,0
2023-08-25,30.76,30.93,30.46,30.62,3344000,HDFC,HDB,-0.0051,0.4213,1.0155,1
2023-08-28,30.86,31.01,30.69,30.99,2485400,HDFC,HDB,0.012,-0.2568,1.0105,1
2023-08-29,31.0,31.13,30.77,31.06,3541000,HDFC,HDB,0.0022,0.4247,1.0119,1
2023-08-30,31.03,31.23,30.79,31.09,2042600,HDFC,HDB,0.0009,-0.4232,1.0146,0
2023-08-31,30.75,30.84,30.4,30.42,5319400,HDFC,HDB,-0.0215,1.6042,1.0145,1
2023-09-01,30.83,31.11,30.64,30.66,3372800,HDFC,HDB,0.0079,-0.3659,1.0153,0
2023-09-05,30.73,30.84,30.41,30.42,1862600,HDFC,HDB,-0.0076,-0.4478,1.0141,1
2023-09-06,30.74,30.92,30.71,30.73,2865200,HDFC,HDB,0.0101,0.5383,1.007,1
2023-09-07,30.88,30.96,30.77,30.83,3328000,HDFC,HDB,0.0033,0.1615,1.0062,1
2023-09-08,31.12,31.57,31.07,31.42,3464000,HDFC,HDB,0.019,0.0409,1.016,1
2023-09-11,31.64,31.96,31.59,31.84,3042800,HDFC,HDB,0.0134,-0.1216,1.0117,1
2023-09-12,31.81,32.09,31.76,32.01,2160600,HDFC,HDB,0.0052,-0.2899,1.0103,0
2023-09-13,32.04,32.23,31.92,31.99,2429600,HDFC,HDB,-0.0006,0.1245,1.0096,1
2023-09-14,32.19,32.32,31.95,32.32,2136400,HDFC,HDB,0.0104,-0.1207,1.0116,0
2023-09-15,32.29,32.32,31.7,31.74,6318000,HDFC,HDB,-0.0178,1.9573,1.0196,0
2023-09-18,31.47,31.69,30.88,30.95,5654200,HDFC,HDB,-0.0249,-0.1051,1.0261,0
2023-09-19,31.0,31.05,30.62,30.73,3617600,HDFC,HDB,-0.0073,-0.3602,1.014,0
2023-09-20,30.16,30.25,28.88,28.88,19359800,HDFC,HDB,-0.0601,4.3516,1.0475,1
2023-09-21,29.1,29.16,28.66,28.99,14201000,HDFC,HDB,0.0039,-0.2665,1.0177,0
2023-09-22,28.92,29.09,28.65,28.74,5866400,HDFC,HDB,-0.0088,-0.5869,1.0155,0
2023-09-25,28.79,28.8,28.55,28.62,5999400,HDFC,HDB,-0.0041,0.0227,1.0085,0
2023-09-26,28.68,28.87,28.29,28.42,5444000,HDFC,HDB,-0.0072,-0.0926,1.0205,1
2023-09-27,28.41,28.64,28.35,28.53,5106000,HDFC,HDB,0.004,-0.0621,1.0102,1
2023-09-28,28.55,28.96,28.52,28.87,4222400,HDFC,HDB,0.0118,-0.1731,1.0156,0
2023-09-29,29.01,29.09,28.74,28.81,4591600,HDFC,HDB,-0.002,0.0874,1.0119,0
2023-10-02,28.85,28.86,28.12,28.28,4061000,HDFC,HDB,-0.0185,-0.1156,1.0262,0
2023-10-03,28.14,28.33,27.98,28.08,4511000,HDFC,HDB,-0.0069,0.1108,1.0127,1
2023-10-04,28.57,29.09,28.52,28.93,6044200,HDFC,HDB,0.0303,0.3399,1.0199,1
2023-10-05,28.89,29.03,28.74,28.94,2730800,HDFC,HDB,0.0003,-0.5482,1.01,1
2023-10-06,28.67,29.03,28.62,28.94,1929000,HDFC,HDB,0.0002,-0.2936,1.0145,0
2023-10-09,28.44,28.75,28.38,28.74,2319800,HDFC,HDB,-0.0071,0.2026,1.0131,1
2023-10-10,28.93,29.03,28.79,28.81,3382600,HDFC,HDB,0.0025,0.4581,1.0081,1
2023-10-11,28.88,29.19,28.65,28.86,3544400,HDFC,HDB,0.0017,0.0478,1.0189,0
2023-10-12,28.96,29.19,28.65,28.71,3238400,HDFC,HDB,-0.0054,-0.0863,1.0191,0
2023-10-13,28.54,28.75,28.36,28.41,4237000,HDFC,HDB,-0.0102,0.3084,1.0136,1
2023-10-16,28.85,29.14,28.67,28.81,7525200,HDFC,HDB,0.0139,0.7761,1.0167,0
2023-10-17,28.79,28.85,28.33,28.43,6923200,HDFC,HDB,-0.013,-0.08,1.0183,0
2023-10-18,28.22,28.32,27.91,28.02,7291400,HDFC,HDB,-0.0144,0.0532,1.0147,0
2023-10-19,28.15,28.25,27.78,27.95,4115400,HDFC,HDB,-0.0026,-0.4356,1.0169,1
2023-10-20,28.05,28.2,27.93,27.96,3690000,HDFC,HDB,0.0003,-0.1034,1.0098,0
2023-10-23,27.85,27.96,27.62,27.66,4374000,HDFC,HDB,-0.0108,0.1854,1.0122,1
2023-10-24,27.61,27.9,27.56,27.86,4066000,HDFC,HDB,0.0072,-0.0704,1.012,1
2023-10-25,27.59,28.12,27.55,27.97,4123800,HDFC,HDB,0.0042,0.0142,1.0209,0
2023-10-26,27.45,27.81,27.41,27.74,6010800,HDFC,HDB,-0.0084,0.4576,1.0144,0
2023-10-27,27.85,27.9,27.48,27.5,4608800,HDFC,HDB,-0.0086,-0.2332,1.0155,1
2023-10-30,27.79,28.0,27.79,27.97,3109800,HDFC,HDB,0.0172,-0.3252,1.0077,0
2023-10-31,27.77,27.79,27.36,27.61,3352000,HDFC,HDB,-0.0131,0.0779,1.0157,0
2023-11-01,27.7,27.75,27.48,27.6,4525800,HDFC,HDB,-0.0002,0.3502,1.0098,1
2023-11-02,27.76,28.3,27.66,28.23,3284200,HDFC,HDB,0.0228,-0.2743,1.0229,1
2023-11-03,28.31,28.63,28.27,28.27,3332000,HDFC,HDB,0.0012,0.0146,1.0128,0
2023-11-06,28.28,28.37,27.77,27.96,3879800,HDFC,HDB,-0.0107,0.1644,1.0216,0
2023-11-07,27.86,27.91,27.31,27.51,7355800,HDFC,HDB,-0.0162,0.8959,1.0218,1
2023-11-08,27.68,27.74,27.49,27.64,3500600,HDFC,HDB,0.0046,-0.5241,1.0092,0
2023-11-09,27.83,27.84,27.42,27.42,3275400,HDFC,HDB,-0.0078,-0.0643,1.0155,1
2023-11-10,27.61,28.02,27.56,27.98,4536600,HDFC,HDB,0.0205,0.3851,1.0167,0
2023-11-13,27.92,28.04,27.83,27.91,3722600,HDFC,HDB,-0.0024,-0.1794,1.0074,1
2023-11-14,28.5,28.83,28.45,28.66,4864200,HDFC,HDB,0.0266,0.3067,1.0136,0
2023-11-15,28.64,28.79,28.55,28.57,3126800,HDFC,HDB,-0.0031,-0.3572,1.0082,0
2023-11-16,28.54,28.61,28.12,28.21,2592600,HDFC,HDB,-0.0125,-0.1708,1.0174,1
2023-11-17,28.36,28.45,28.13,28.38,2039600,HDFC,HDB,0.0061,-0.2133,1.0113,1
2023-11-20,28.28,28.52,28.19,28.45,2349800,HDFC,HDB,0.0022,0.1521,1.0116,1
2023-11-21,28.64,28.93,28.57,28.73,4182200,HDFC,HDB,0.01,0.7798,1.0126,0
2023-11-22,28.77,28.85,28.61,28.63,1966000,HDFC,HDB,-0.0036,-0.5299,1.0084,1
2023-11-24,28.89,29.06,28.79,29.05,1472600,HDFC,HDB,0.0147,-0.251,1.0095,0
2023-11-27,28.93,29.04,28.73,28.75,2721400,HDFC,HDB,-0.0103,0.848,1.0105,1
2023-11-28,28.8,29.16,28.69,28.97,4238400,HDFC,HDB,0.0078,0.5574,1.0163,1
2023-11-29,29.22,29.68,29.16,29.56,6241600,HDFC,HDB,0.0202,0.4726,1.0177,0
2023-11-30,29.44,29.69,29.2,29.31,4789000,HDFC,HDB,-0.0084,-0.2327,1.0169,1
2023-12-01,29.05,29.7,28.93,29.64,3637600,HDFC,HDB,0.0112,-0.2404,1.0263,1
2023-12-04,30.31,30.89,30.29,30.88,9552600,HDFC,HDB,0.042,1.6261,1.0198,0
2023-12-05,30.83,31.19,30.62,30.7,5286400,HDFC,HDB,-0.006,-0.4466,1.0185,0
2023-12-06,30.7,30.86,30.48,30.62,5856600,HDFC,HDB,-0.0024,0.1079,1.0127,1
2023-12-07,30.94,31.14,30.69,30.93,3532400,HDFC,HDB,0.01,-0.3969,1.0145,1
2023-12-08,31.14,31.54,31.1,31.51,4777200,HDFC,HDB,0.0186,0.3524,1.0143,1
2023-12-11,31.3,31.9,31.3,31.78,7868400,HDFC,HDB,0.0085,0.6471,1.0192,0
2023-12-12,31.49,31.65,31.44,31.56,4178600,HDFC,HDB,-0.0068,-0.4689,1.0067,1
2023-12-13,31.54,32.18,31.33,32.18,4634600,HDFC,HDB,0.0196,0.1091,1.0271,1
2023-12-14,32.54,32.89,32.46,32.65,8795800,HDFC,HDB,0.0146,0.8979,1.0132,0
2023-12-15,32.51,32.59,32.23,32.26,4891000,HDFC,HDB,-0.012,-0.4439,1.0112,1
2023-12-18,32.26,32.35,32.11,32.28,2897400,HDFC,HDB,0.0008,-0.4076,1.0075,1
2023-12-19,32.22,32.58,32.09,32.31,3885800,HDFC,HDB,0.0009,0.3411,1.0152,0
2023-12-20,32.25,32.62,32.01,32.02,3489200,HDFC,HDB,-0.0092,-0.1021,1.0189,1
2023-12-21,32.45,32.61,32.27,32.52,3770600,HDFC,HDB,0.0159,0.0806,1.0106,1
2023-12-22,32.4,32.79,32.28,32.71,3203600,HDFC,HDB,0.0057,-0.1504,1.0157,0
2023-12-26,32.77,32.8,32.47,32.57,2825800,HDFC,HDB,-0.0042,-0.1179,1.0099,1
2023-12-27,32.69,32.92,32.61,32.73,3579800,HDFC,HDB,0.0048,0.2668,1.0096,1
2023-12-28,32.63,32.88,32.57,32.82,3761200,HDFC,HDB,0.0027,0.0507,1.0097,0
2023-12-29,32.82,32.83,32.58,32.76,1593000,HDFC,HDB,-0.0016,-0.5765,1.0078,0
2024-01-02,32.44,32.78,32.42,32.52,3160400,HDFC,HDB,-0.0073,0.9839,1.0111,0
2024-01-03,32.32,32.53,32.17,32.18,3069000,HDFC,HDB,-0.0107,-0.0289,1.0112,1
2024-01-04,32.42,32.51,32.29,32.35,1835600,HDFC,HDB,0.0055,-0.4019,1.0068,0
2024-01-05,32.32,32.35,31.91,32.01,2971600,HDFC,HDB,-0.0106,0.6189,1.0136,1
2024-01-08,31.92,32.19,31.68,32.18,3986200,HDFC,HDB,0.0053,0.3414,1.016,0
2024-01-09,31.78,31.92,31.6,31.64,3366000,HDFC,HDB,-0.0167,-0.1556,1.01,1
2024-01-10,31.83,32.19,31.81,31.9,3913200,HDFC,HDB,0.0082,0.1626,1.0121,1
2024-01-11,31.81,31.95,31.61,31.92,3338400,HDFC,HDB,0.0005,-0.1469,1.011,1
2024-01-12,31.88,32.22,31.85,32.02,3973800,HDFC,HDB,0.0031,0.1903,1.0115,0
2024-01-16,32.22,32.22,29.84,29.87,18395400,HDFC,HDB,-0.0671,3.6292,1.0795,0
2024-01-17,29.1,29.1,27.07,27.14,31634400,HDFC,HDB,-0.0914,0.7197,1.0752,1
2024-01-18,28.13,28.28,27.48,27.59,26324000,HDFC,HDB,0.0167,-0.1679,1.0291,0
2024-01-19,27.58,27.58,26.9,27.26,14250000,HDFC,HDB,-0.012,-0.4587,1.0252,1
2024-01-22,27.7,27.85,27.22,27.39,7036400,HDFC,HDB,0.0047,-0.5062,1.0231,0
2024-01-23,26.85,27.25,26.1,26.35,19030200,HDFC,HDB,-0.038,1.7045,1.0439,1
2024-01-24,27.05,27.39,26.63,26.75,15042600,HDFC,HDB,0.0154,-0.2095,1.0286,1
2024-01-25,26.68,27.6,26.66,27.55,12227600,HDFC,HDB,0.0297,-0.1871,1.0353,1
2024-01-26,27.85,27.97,27.49,27.64,9433800,HDFC,HDB,0.0032,-0.2285,1.0176,0
2024-01-29,27.63,27.7,26.86,27.03,10296600,HDFC,HDB,-0.0221,0.0915,1.0314,1
2024-01-30,26.96,27.25,26.7,27.2,7400200,HDFC,HDB,0.0065,-0.2813,1.0205,0
2024-01-31,27.23,27.86,27.08,27.09,6407200,HDFC,HDB,-0.0041,-0.1342,1.0287,1
2024-02-01,27.26,28.02,27.24,27.66,8478800,HDFC,HDB,0.0211,0.3233,1.0287,0
2024-02-02,27.27,27.28,26.68,26.75,6920600,HDFC,HDB,-0.0328,-0.1838,1.0227,1
2024-02-05,26.36,27.22,26.36,27.08,9202000,HDFC,HDB,0.0122,0.3297,1.0326,1
2024-02-06,27.07,27.4,27.02,27.36,6638800,HDFC,HDB,0.0105,-0.2785,1.0139,0
2024-02-07,27.15,27.28,26.87,27.16,4609200,HDFC,HDB,-0.0075,-0.3057,1.0151,0
2024-02-08,26.74,26.83,26.13,26.18,9094000,HDFC,HDB,-0.0361,0.973,1.0267,1
2024-02-09,26.3,26.37,26.07,26.24,7445800,HDFC,HDB,0.0024,-0.1812,1.0112,0
2024-02-12,25.99,26.0,25.68,25.87,6223000,HDFC,HDB,-0.014,-0.1642,1.0125,0
2024-02-13,25.7,25.7,25.46,25.56,9224200,HDFC,HDB,-0.0121,0.4823,1.0094,1
2024-02-14,25.76,25.84,25.54,25.77,6338400,HDFC,HDB,0.008,-0.3129,1.012,1
2024-02-15,26.15,26.61,26.12,26.45,5665400,HDFC,HDB,0.0267,-0.1062,1.0185,0
2024-02-16,26.45,26.47,26.05,26.26,5140000,HDFC,HDB,-0.0072,-0.0927,1.0161,1
2024-02-20,27.19,27.72,26.75,26.75,16069000,HDFC,HDB,0.0184,2.1263,1.0363,0
2024-02-21,26.63,26.69,26.26,26.41,9915400,HDFC,HDB,-0.0126,-0.3829,1.0162,1
2024-02-22,26.46,26.78,26.39,26.56,11508200,HDFC,HDB,0.0055,0.1606,1.0146,0
2024-02-23,26.44,26.68,26.21,26.36,4723400,HDFC,HDB,-0.0074,-0.5896,1.0179,0
2024-02-26,26.33,26.46,26.04,26.28,6306600,HDFC,HDB,-0.0031,0.3352,1.0163,0
2024-02-27,26.28,26.28,26.04,26.25,4092400,HDFC,HDB,-0.0013,-0.3511,1.0096,0
2024-02-28,25.92,26.09,25.87,25.95,3405800,HDFC,HDB,-0.0113,-0.1678,1.0085,1
2024-02-29,26.09,26.4,25.97,26.12,5561000,HDFC,HDB,0.0066,0.6328,1.0165,1
2024-03-01,26.77,27.07,26.71,26.86,5565200,HDFC,HDB,0.0282,0.0008,1.0137,0
2024-03-04,26.65,26.89,26.53,26.6,7931600,HDFC,HDB,-0.0096,0.4252,1.0134,1
2024-03-05,26.75,27.01,26.6,26.82,6357400,HDFC,HDB,0.0083,-0.1985,1.0154,1
2024-03-06,27.01,27.3,26.81,27.24,5022600,HDFC,HDB,0.0157,-0.21,1.0184,1
2024-03-07,27.3,27.41,27.11,27.34,4146600,HDFC,HDB,0.0039,-0.1744,1.011,0
2024-03-08,27.37,27.47,27.13,27.28,4902400,HDFC,HDB,-0.0023,0.1823,1.0124,1
2024-03-11,26.98,27.32,26.9,27.29,6747600,HDFC,HDB,0.0004,0.3764,1.0156,1
2024-03-12,27.68,27.87,27.5,27.83,8815400,HDFC,HDB,0.0197,0.3064,1.0133,0
2024-03-13,27.61,27.9,27.48,27.82,5680000,HDFC,HDB,-0.0002,-0.3557,1.0153,0
2024-03-14,27.73,27.84,26.86,27.05,5946400,HDFC,HDB,-0.0277,0.0469,1.0367,0
2024-03-15,27.11,27.18,26.85,26.96,4207600,HDFC,HDB,-0.0032,-0.2924,1.0124,1
2024-03-18,27.07,27.42,26.99,27.34,4939800,HDFC,HDB,0.0141,0.174,1.0161,0
2024-03-19,27.18,27.3,27.07,27.07,3986600,HDFC,HDB,-0.01,-0.193,1.0088,1
2024-03-20,26.85,27.34,26.85,27.21,3804000,HDFC,HDB,0.0052,-0.0458,1.0184,0
2024-03-21,27.25,27.58,27.14,27.15,3174000,HDFC,HDB,-0.0023,-0.1656,1.016,0
2024-03-22,27.09,27.1,26.48,26.55,4598000,HDFC,HDB,-0.0219,0.4486,1.0234,1
2024-03-25,26.55,26.72,26.55,26.62,3399200,HDFC,HDB,0.0024,-0.2607,1.0064,1
2024-03-26,26.62,26.82,26.4,26.62,2991600,HDFC,HDB,0.0002,-0.1199,1.0161,1
2024-03-27,27.01,27.34,26.88,27.17,4770800,HDFC,HDB,0.0205,0.5947,1.0171,1
2024-03-28,27.17,27.5,27.09,27.32,4019400,HDFC,HDB,0.0058,-0.1575,1.015,1
2024-04-01,27.38,27.57,27.29,27.45,5413400,HDFC,HDB,0.0046,0.3468,1.0102,1
2024-04-02,27.25,27.82,27.16,27.79,6330800,HDFC,HDB,0.0123,0.1695,1.0243,0
2024-04-03,27.76,27.9,27.46,27.53,6329200,HDFC,HDB,-0.0091,-0.0003,1.0158,1
2024-04-04,28.59,29.5,28.56,28.94,13834400,HDFC,HDB,0.0511,1.1858,1.0326,0
2024-04-05,29.56,29.7,28.47,28.79,6219800,HDFC,HDB,-0.0051,-0.5504,1.0432,1
2024-04-08,28.79,29.14,28.54,29.0,5688200,HDFC,HDB,0.0071,-0.0855,1.0212,0
2024-04-09,28.89,29.07,28.65,28.81,4876000,HDFC,HDB,-0.0064,-0.1428,1.0147,0
2024-04-10,28.34,28.61,28.15,28.52,4519000,HDFC,HDB,-0.01,-0.0732,1.0161,0
2024-04-11,28.44,28.52,28.12,28.31,4381200,HDFC,HDB,-0.0077,-0.0305,1.0141,0
2024-04-12,27.89,28.07,27.73,27.85,12219600,HDFC,HDB,-0.016,1.7891,1.0121,0
2024-04-15,28.01,28.42,27.58,27.59,3963800,HDFC,HDB,-0.0095,-0.6756,1.0304,1
2024-04-16,27.9,27.9,27.46,27.6,3626600,HDFC,HDB,0.0004,-0.0851,1.0164,1
2024-04-17,27.58,27.85,27.58,27.74,5575800,HDFC,HDB,0.0051,0.5375,1.0099,1
2024-04-18,27.79,28.07,27.56,28.01,6685400,HDFC,HDB,0.0099,0.199,1.0184,1
2024-04-19,28.21,28.85,28.18,28.83,8593400,HDFC,HDB,0.0291,0.2854,1.0239,0
2024-04-22,28.46,28.53,27.66,28.46,7955400,HDFC,HDB,-0.0127,-0.0742,1.0318,1
2024-04-23,28.26,28.54,28.1,28.53,5303200,HDFC,HDB,0.0024,-0.3334,1.016,0
2024-04-24,28.47,28.53,28.2,28.44,3267600,HDFC,HDB,-0.0031,-0.3838,1.0118,1
2024-04-25,28.33,28.52,28.2,28.48,3373400,HDFC,HDB,0.0012,0.0324,1.0111,1
2024-04-26,28.48,28.68,28.4,28.48,2869800,HDFC,HDB,0.0002,-0.1493,1.0098,0
2024-04-29,28.57,28.65,28.44,28.48,3064400,HDFC,HDB,-0.0002,0.0678,1.0076,0
2024-04-30,28.31,28.57,28.02,28.12,3174200,HDFC,HDB,-0.0125,0.0358,1.0197,1
2024-05-01,28.23,28.6,28.16,28.38,4590400,HDFC,HDB,0.0094,0.4462,1.0156,1
2024-05-02,28.68,28.91,28.6,28.74,3577400,HDFC,HDB,0.0126,-0.2207,1.0108,0
2024-05-03,28.61,28.61,28.31,28.56,7570600,HDFC,HDB,-0.0061,1.1162,1.0105,0
2024-05-06,28.56,28.67,28.34,28.35,3284000,HDFC,HDB,-0.0073,-0.5662,1.0115,0
2024-05-07,28.04,28.09,27.62,27.71,8088800,HDFC,HDB,-0.0227,1.4631,1.017,0
2024-05-08,27.41,27.44,27.25,27.37,6222600,HDFC,HDB,-0.0122,-0.2307,1.007,0
2024-05-09,27.17,27.31,26.98,27.01,5672400,HDFC,HDB,-0.0132,-0.0884,1.0121,1
2024-05-10,26.95,27.17,26.89,27.09,4626600,HDFC,HDB,0.0031,-0.1844,1.0102,1
2024-05-13,27.39,27.62,27.28,27.29,3721600,HDFC,HDB,0.0072,-0.1956,1.0123,1
2024-05-14,27.33,27.37,27.11,27.31,3514000,HDFC,HDB,0.0009,-0.0558,1.0095,0
2024-05-15,27.16,27.22,26.85,27.17,3143400,HDFC,HDB,-0.0052,-0.1055,1.0138,1
2024-05-16,27.38,27.51,27.31,27.36,2266400,HDFC,HDB,0.0068,-0.279,1.0075,1
2024-05-17,27.43,27.76,27.41,27.72,3415600,HDFC,HDB,0.0132,0.5071,1.0128,0
2024-05-20,27.74,27.84,27.52,27.59,1631600,HDFC,HDB,-0.0048,-0.5223,1.0115,0
2024-05-21,27.37,27.56,27.32,27.42,4140600,HDFC,HDB,-0.006,1.5378,1.0089,0
2024-05-22,27.46,27.51,27.35,27.41,1760000,HDFC,HDB,-0.0004,-0.5749,1.0057,1
2024-05-23,27.92,27.99,27.7,27.71,4357200,HDFC,HDB,0.011,1.4757,1.0104,1
2024-05-24,28.1,28.44,27.96,28.31,5510400,HDFC,HDB,0.0217,0.2647,1.0171,0
2024-05-28,28.34,28.53,28.19,28.2,4229000,HDFC,HDB,-0.004,-0.2325,1.0121,0
2024-05-29,27.79,27.87,27.75,27.83,3104800,HDFC,HDB,-0.0133,-0.2658,1.0042,1
2024-05-30,27.88,28.02,27.56,27.93,7197600,HDFC,HDB,0.0039,1.3182,1.0166,1
2024-05-31,28.13,28.3,27.97,28.26,7352600,HDFC,HDB,0.0117,0.0215,1.0119,1
2024-06-03,29.18,29.91,29.14,29.89,8752800,HDFC,HDB,0.0577,0.1904,1.0263,0
2024-06-04,28.07,28.24,26.85,27.1,10632600,HDFC,HDB,-0.0934,0.2148,1.0516,1
2024-06-05,28.39,28.54,27.91,28.52,9037600,HDFC,HDB,0.0526,-0.15,1.0226,1
2024-06-06,28.8,28.97,28.66,28.84,4934200,HDFC,HDB,0.0111,-0.454,1.0109,1
2024-06-07,29.01,29.01,28.71,28.85,3420400,HDFC,HDB,0.0002,-0.3068,1.0105,0
2024-06-10,28.64,28.93,28.62,28.85,3241000,HDFC,HDB,0.0,-0.0525,1.0109,0
2024-06-11,28.72,28.88,28.52,28.83,5597000,HDFC,HDB,-0.0007,0.7269,1.0125,1
2024-06-12,29.13,29.57,29.1,29.45,6392800,HDFC,HDB,0.0215,0.1422,1.0163,0
2024-06-13,29.62,29.62,29.33,29.41,4887600,HDFC,HDB,-0.0012,-0.2355,1.0102,1
2024-06-14,29.39,29.62,29.01,29.61,3599000,HDFC,HDB,0.0068,-0.2636,1.021,1
2024-06-17,29.61,29.75,29.35,29.75,4305400,HDFC,HDB,0.0046,0.1963,1.0136,1
2024-06-18,29.96,30.23,29.94,30.1,6963400,HDFC,HDB,0.0117,0.6174,1.0099,1
2024-06-20,30.96,31.04,30.72,30.87,6041000,HDFC,HDB,0.0258,-0.1325,1.0105,1
2024-06-21,30.67,31.03,30.52,30.96,4166000,HDFC,HDB,0.0027,-0.3104,1.0166,1
2024-06-24,31.04,31.41,30.88,31.35,5970800,HDFC,HDB,0.0128,0.4332,1.0172,1
2024-06-25,31.49,31.83,31.46,31.76,6385200,HDFC,HDB,0.0131,0.0694,1.0118,0
2024-06-26,31.61,31.74,31.31,31.73,8083600,HDFC,HDB,-0.0009,0.266,1.0139,0
2024-06-27,31.73,31.94,31.5,31.67,7176200,HDFC,HDB,-0.002,-0.1123,1.0138,0
2024-06-28,31.69,31.7,31.26,31.41,7078200,HDFC,HDB,-0.0083,-0.0137,1.0142,0
2024-07-01,31.59,31.79,31.26,31.29,6099000,HDFC,HDB,-0.0036,-0.1383,1.0169,1
2024-07-02,32.03,32.79,31.78,32.69,9717800,HDFC,HDB,0.0448,0.5933,1.0316,0
2024-07-03,32.64,32.7,32.35,32.53,4629800,HDFC,HDB,-0.0049,-0.5236,1.0109,0
2024-07-05,30.57,30.75,29.91,30.21,9175800,HDFC,HDB,-0.0713,0.9819,1.0281,1
2024-07-08,30.3,30.46,30.19,30.23,5546800,HDFC,HDB,0.0005,-0.3955,1.0091,0
2024-07-09,30.23,30.38,29.92,29.92,7134800,HDFC,HDB,-0.0102,0.2863,1.0152,0
2024-07-10,29.7,29.76,29.27,29.47,4682800,HDFC,HDB,-0.0152,-0.3437,1.017,0
2024-07-11,29.48,29.73,29.37,29.45,6277800,HDFC,HDB,-0.0007,0.3406,1.012,1
2024-07-12,29.69,29.69,29.4,29.51,3721600,HDFC,HDB,0.002,-0.4072,1.0096,0
2024-07-15,29.43,29.66,29.33,29.43,7200400,HDFC,HDB,-0.0026,0.9348,1.0112,1
2024-07-16,29.54,29.89,29.54,29.75,7024000,HDFC,HDB,0.0109,-0.0245,1.0121,0
2024-07-17,29.63,29.63,29.3,29.47,4238000,HDFC,HDB,-0.0095,-0.3966,1.0115,0
2024-07-18,29.53,29.71,29.33,29.44,2885600,HDFC,HDB,-0.001,-0.3191,1.0132,0
2024-07-19,29.29,29.48,29.0,29.04,4071000,HDFC,HDB,-0.0134,0.4108,1.0165,1
2024-07-22,29.61,30.04,29.41,29.67,4577600,HDFC,HDB,0.0215,0.1244,1.0216,0
2024-07-23,29.4,29.69,29.32,29.55,3977800,HDFC,HDB,-0.0038,-0.131,1.0125,0
2024-07-24,29.36,29.36,29.09,29.14,5717200,HDFC,HDB,-0.014,0.4373,1.0096,1
2024-07-25,29.29,29.74,29.16,29.39,3520000,HDFC,HDB,0.0085,-0.3843,1.0199,1
2024-07-26,29.53,29.67,29.41,29.6,2278400,HDFC,HDB,0.0073,-0.3527,1.0086,0
2024-07-29,29.47,29.58,29.23,29.35,1797000,HDFC,HDB,-0.0084,-0.2113,1.012,0
2024-07-30,29.44,29.46,29.22,29.25,3472800,HDFC,HDB,-0.0037,0.9326,1.008,1
2024-07-31,29.41,29.44,29.17,29.3,3571200,HDFC,HDB,0.0017,0.0283,1.0092,1
2024-08-01,29.83,29.84,29.46,29.54,6389200,HDFC,HDB,0.0083,0.7891,1.0129,0
2024-08-02,29.59,29.68,29.27,29.29,12958400,HDFC,HDB,-0.0084,1.0282,1.014,0
2024-08-05,28.31,28.61,28.16,28.33,14264400,HDFC,HDB,-0.0327,0.1008,1.0161,1
2024-08-06,28.36,28.63,27.94,28.49,9530000,HDFC,HDB,0.0055,-0.3319,1.0245,1
2024-08-07,29.07,29.39,28.91,29.02,9795000,HDFC,HDB,0.0187,0.0278,1.0165,1
2024-08-08,29.32,29.53,29.32,29.41,9373600,HDFC,HDB,0.0135,-0.043,1.007,1
2024-08-09,29.41,29.74,29.41,29.65,7827400,HDFC,HDB,0.008,-0.165,1.0111,1
2024-08-12,30.12,30.19,29.85,29.92,8969600,HDFC,HDB,0.0091,0.1459,1.0114,0
2024-08-13,29.13,29.19,28.83,28.97,7466200,HDFC,HDB,-0.0317,-0.1676,1.0125,1
2024-08-14,29.15,29.17,28.89,29.06,6515600,HDFC,HDB,0.0031,-0.1273,1.0096,1
2024-08-15,29.14,29.63,29.11,29.55,7513200,HDFC,HDB,0.017,0.1531,1.0178,1
2024-08-16,29.58,29.83,29.51,29.69,3677400,HDFC,HDB,0.0045,-0.5105,1.0109,1
2024-08-19,29.69,29.83,29.58,29.76,3574800,HDFC,HDB,0.0027,-0.0279,1.0085,0
2024-08-20,29.66,29.84,29.66,29.68,2178800,HDFC,HDB,-0.003,-0.3905,1.006,1
2024-08-21,29.64,29.85,29.6,29.85,3695000,HDFC,HDB,0.006,0.6959,1.0087,0
2024-08-22,29.83,29.88,29.49,29.64,3595000,HDFC,HDB,-0.0073,-0.0271,1.0134,1
2024-08-23,29.75,30.18,29.71,30.09,4895600,HDFC,HDB,0.0153,0.3618,1.0156,1
2024-08-26,30.13,30.24,30.09,30.23,2357600,HDFC,HDB,0.0048,-0.5184,1.0051,0
2024-08-27,30.1,30.25,29.96,30.19,2901800,HDFC,HDB,-0.0013,0.2308,1.0097,0
2024-08-28,30.1,30.17,29.97,30.05,2468400,HDFC,HDB,-0.0047,-0.1494,1.0066,1
2024-08-29,30.13,30.23,30.0,30.12,2160600,HDFC,HDB,0.0025,-0.1247,1.0077,1
2024-08-30,29.97,30.18,29.97,30.18,4962800,HDFC,HDB,0.0018,1.297,1.0073,0
2024-09-03,30.05,30.29,30.05,30.1,8185600,HDFC,HDB,-0.0028,0.6494,1.0081,1
2024-09-04,30.1,30.6,30.1,30.48,5163200,HDFC,HDB,0.0126,-0.3692,1.0169,0
2024-09-05,30.5,30.71,30.0,30.1,6653400,HDFC,HDB,-0.0123,0.2886,1.0239,0
2024-09-06,30.01,30.32,29.83,29.88,5569600,HDFC,HDB,-0.0072,-0.1629,1.0164,1
2024-09-09,30.3,30.46,30.19,30.38,4407600,HDFC,HDB,0.0165,-0.2086,1.0088,0
2024-09-10,30.43,30.44,29.88,30.14,2863600,HDFC,HDB,-0.0078,-0.3503,1.0187,1
2024-09-11,30.17,30.23,29.98,30.22,2768800,HDFC,HDB,0.0026,-0.0331,1.0082,1
2024-09-12,30.6,30.89,30.41,30.86,4444400,HDFC,HDB,0.0211,0.6052,1.0159,1
2024-09-13,30.8,31.01,30.71,30.91,5482000,HDFC,HDB,0.0019,0.2335,1.01,1
2024-09-16,30.96,31.06,30.84,31.04,5933600,HDFC,HDB,0.0042,0.0824,1.0072,1
2024-09-17,30.99,31.14,30.93,31.11,10361200,HDFC,HDB,0.0021,0.7462,1.0067,1
2024-09-18,31.28,31.51,31.12,31.34,5379000,HDFC,HDB,0.0075,-0.4809,1.0125,1
2024-09-19,31.78,32.02,31.69,32.0,3911200,HDFC,HDB,0.0211,-0.2729,1.0103,1
2024-09-20,32.1,32.51,32.08,32.46,3802000,HDFC,HDB,0.0144,-0.0279,1.0132,1
2024-09-23,32.57,32.63,32.47,32.61,6221600,HDFC,HDB,0.0046,0.6364,1.0052,1
2024-09-24,32.62,32.76,32.58,32.63,4255600,HDFC,HDB,0.0008,-0.316,1.0056,1
2024-09-25,32.65,32.83,32.63,32.67,7815000,HDFC,HDB,0.0012,0.8364,1.0061,0
2024-09-26,32.63,32.66,32.11,32.5,11009600,HDFC,HDB,-0.0054,0.4088,1.0172,0
2024-09-27,32.28,32.28,31.66,31.78,6508800,HDFC,HDB,-0.022,-0.4088,1.0197,0
2024-09-30,31.39,31.39,30.85,30.9,12032400,HDFC,HDB,-0.0278,0.8486,1.0176,0
2024-10-01,31.2,31.36,30.73,30.81,8402600,HDFC,HDB,-0.0027,-0.3017,1.0206,0
2024-10-02,30.91,31.0,30.63,30.78,5915400,HDFC,HDB,-0.0011,-0.296,1.0121,0
2024-10-03,30.44,30.45,29.7,29.77,10480200,HDFC,HDB,-0.0326,0.7717,1.0249,1
2024-10-04,29.75,30.15,29.74,30.13,8243000,HDFC,HDB,0.0119,-0.2135,1.0138,0
2024-10-07,29.69,29.7,29.27,29.36,4911200,HDFC,HDB,-0.0256,-0.4042,1.0148,1
2024-10-08,29.82,30.04,29.69,29.82,4551600,HDFC,HDB,0.0156,-0.0732,1.012,0
2024-10-09,29.7,29.81,29.48,29.62,3529400,HDFC,HDB,-0.0068,-0.2246,1.0112,1
2024-10-10,29.96,30.12,29.93,29.99,4145200,HDFC,HDB,0.0127,0.1745,1.0066,0
2024-10-11,29.93,30.1,29.87,29.9,3154800,HDFC,HDB,-0.0031,-0.2389,1.0076,1
2024-10-14,30.47,30.68,30.44,30.52,3301800,HDFC,HDB,0.0208,0.0466,1.0078,0
2024-10-15,30.48,30.55,30.31,30.32,2618000,HDFC,HDB,-0.0066,-0.2071,1.008,1
2024-10-16,30.52,30.78,30.46,30.76,3758000,HDFC,HDB,0.0147,0.4354,1.0104,0
2024-10-17,30.43,30.49,30.02,30.07,4899400,HDFC,HDB,-0.0226,0.3037,1.0155,0
2024-10-18,30.34,30.4,29.98,30.06,8147200,HDFC,HDB,-0.0002,0.6629,1.0138,1
2024-10-21,30.87,31.7,30.87,31.36,9998400,HDFC,HDB,0.0432,0.2272,1.0269,0
2024-10-22,31.16,31.24,31.05,31.18,2935200,HDFC,HDB,-0.0057,-0.7064,1.006,1
2024-10-23,31.24,31.71,31.18,31.69,5135600,HDFC,HDB,0.0163,0.7497,1.0169,1
2024-10-24,31.75,31.82,31.69,31.72,2580000,HDFC,HDB,0.0011,-0.4976,1.0042,0
2024-10-25,31.61,31.75,31.37,31.43,2095600,HDFC,HDB,-0.0092,-0.1878,1.0121,1
2024-10-28,31.48,31.87,31.47,31.85,3969600,HDFC,HDB,0.0134,0.8943,1.0129,1
2024-10-29,31.61,32.13,31.61,31.92,3191400,HDFC,HDB,0.002,-0.196,1.0166,0
2024-10-30,31.7,31.92,31.53,31.69,3416600,HDFC,HDB,-0.0071,0.0706,1.0124,0
2024-10-31,31.62,31.64,31.11,31.13,2572000,HDFC,HDB,-0.0178,-0.2472,1.017,1
2024-11-01,31.22,31.4,31.1,31.21,2522200,HDFC,HDB,0.0027,-0.0194,1.0097,0
2024-11-04,31.21,31.26,30.87,30.87,3131400,HDFC,HDB,-0.0109,0.2415,1.0126,1
2024-11-05,31.46,31.81,31.41,31.72,4668200,HDFC,HDB,0.0277,0.4908,1.0126,1
2024-11-06,31.9,31.98,31.39,31.83,2142800,HDFC,HDB,0.0034,-0.541,1.0187,0
2024-11-07,31.54,31.61,31.27,31.48,3162400,HDFC,HDB,-0.011,0.4758,1.0111,1
2024-11-08,31.47,31.74,31.39,31.65,3115400,HDFC,HDB,0.0053,-0.0149,1.0112,1
2024-11-11,31.67,31.94,31.67,31.86,3838800,HDFC,HDB,0.0067,0.2322,1.0086,0
2024-11-12,31.18,31.3,30.65,30.69,5586600,HDFC,HDB,-0.0369,0.4553,1.0209,0
2024-11-13,30.42,30.44,30.07,30.31,4337000,HDFC,HDB,-0.0122,-0.2237,1.0123,1
2024-11-14,30.32,30.82,30.3,30.57,3690200,HDFC,HDB,0.0086,-0.1491,1.0173,0
2024-11-15,30.58,30.61,30.36,30.57,4750200,HDFC,HDB,-0.0002,0.2872,1.0083,1
2024-11-18,30.69,30.91,30.63,30.78,8269800,HDFC,HDB,0.0068,0.7409,1.0092,1
2024-11-19,31.08,31.23,30.98,31.19,3481800,HDFC,HDB,0.0133,-0.579,1.0078,1
2024-11-20,31.35,31.44,31.16,31.27,5345600,HDFC,HDB,0.0027,0.5353,1.009,1
2024-11-21,31.35,31.47,31.19,31.4,3664000,HDFC,HDB,0.0041,-0.3146,1.0089,1
2024-11-22,31.3,31.88,31.28,31.85,6292800,HDFC,HDB,0.0145,0.7175,1.0194,1
2024-11-25,32.35,33.27,32.33,33.04,15175600,HDFC,HDB,0.0374,1.4116,1.029,0
2024-11-26,32.71,33.0,32.69,32.91,8253000,HDFC,HDB,-0.0039,-0.4562,1.0095,1
2024-11-27,33.08,33.46,33.02,33.33,11400000,HDFC,HDB,0.0128,0.3813,1.0133,0
2024-11-29,32.99,33.05,32.82,32.97,5377400,HDFC,HDB,-0.011,-0.5283,1.0071,0
2024-12-02,32.98,33.15,32.71,32.81,6315800,HDFC,HDB,-0.0048,0.1745,1.0134,1
2024-12-03,32.99,33.09,32.84,32.94,9382200,HDFC,HDB,0.0039,0.4855,1.0075,1
2024-12-04,33.35,33.5,33.24,33.42,7913800,HDFC,HDB,0.0147,-0.1565,1.008,1
2024-12-05,33.58,33.78,33.43,33.44,7232600,HDFC,HDB,0.0004,-0.0861,1.0106,0
2024-12-06,33.26,33.31,32.89,33.24,3812000,HDFC,HDB,-0.0059,-0.4729,1.0126,1
2024-12-09,33.38,33.83,33.38,33.59,5349200,HDFC,HDB,0.0104,0.4033,1.0133,0
2024-12-10,33.39,33.55,33.31,33.42,3633000,HDFC,HDB,-0.0049,-0.3208,1.0073,0
2024-12-11,33.42,33.58,33.29,33.3,4228000,HDFC,HDB,-0.0037,0.1638,1.0089,0
2024-12-12,33.08,33.19,32.86,32.9,5548400,HDFC,HDB,-0.012,0.3123,1.0101,1
2024-12-13,33.29,33.29,32.96,33.09,4011400,HDFC,HDB,0.0057,-0.277,1.01,0
2024-12-16,33.08,33.12,32.91,32.93,7289000,HDFC,HDB,-0.0046,0.8171,1.0062,0
2024-12-17,32.41,32.5,32.15,32.35,6180400,HDFC,HDB,-0.0178,-0.1521,1.0106,0
2024-12-18,32.45,32.48,31.78,31.8,6366000,HDFC,HDB,-0.0169,0.03,1.0218,0
2024-12-19,31.99,31.99,31.69,31.76,6850000,HDFC,HDB,-0.0011,0.076,1.0095,0
2024-12-20,31.4,31.82,31.31,31.73,6495000,HDFC,HDB,-0.0009,-0.0518,1.0162,1
2024-12-23,31.88,32.22,31.79,32.16,5063200,HDFC,HDB,0.0134,-0.2204,1.0135,1
2024-12-24,32.12,32.22,32.03,32.19,2735600,HDFC,HDB,0.0011,-0.4597,1.006,0
2024-12-26,31.96,32.09,31.9,31.99,1051400,HDFC,HDB,-0.0064,-0.6157,1.0059,0
2024-12-27,31.85,32.0,31.74,31.9,1425200,HDFC,HDB,-0.0026,0.3555,1.0081,0
2024-12-30,31.64,31.68,31.42,31.68,3046400,HDFC,HDB,-0.0071,1.1375,1.0083,0
2024-12-31,31.55,31.66,31.38,31.54,3281200,HDFC,HDB,-0.0044,0.0771,1.0088,1
2025-01-02,31.69,31.77,31.5,31.64,2920400,HDFC,HDB,0.0031,-0.11,1.0088,0
2025-01-03,30.94,31.03,30.68,30.89,3996200,HDFC,HDB,-0.0237,0.3684,1.0113,0
2025-01-06,30.42,30.68,30.41,30.61,11405400,HDFC,HDB,-0.009,1.8541,1.0089,0
2025-01-07,30.59,30.78,30.31,30.36,4421600,HDFC,HDB,-0.0082,-0.6123,1.0153,0
2025-01-08,29.89,29.89,29.57,29.82,3497400,HDFC,HDB,-0.0177,-0.209,1.0109,0
2025-01-10,29.27,29.44,28.92,28.95,11897200,HDFC,HDB,-0.029,2.4017,1.0181,0
2025-01-13,28.6,28.75,28.53,28.67,6931400,HDFC,HDB,-0.0097,-0.4174,1.0076,1
2025-01-14,28.91,29.0,28.74,28.9,6302200,HDFC,HDB,0.0081,-0.0908,1.0091,1
2025-01-15,29.22,29.29,29.09,29.22,5807800,HDFC,HDB,0.0108,-0.0784,1.0068,0
2025-01-16,29.14,29.28,28.88,28.96,3542200,HDFC,HDB,-0.0088,-0.3901,1.014,0
2025-01-17,28.74,28.93,28.66,28.84,3595400,HDFC,HDB,-0.0041,0.015,1.0097,1
2025-01-21,28.94,29.15,28.91,29.07,5289600,HDFC,HDB,0.0079,0.4712,1.0082,1
2025-01-22,29.52,30.26,29.51,29.97,11277400,HDFC,HDB,0.0309,1.132,1.0254,0
2025-01-23,29.62,29.62,28.96,29.12,8567400,HDFC,HDB,-0.0283,-0.2403,1.0227,0
2025-01-24,29.07,29.16,28.81,28.81,6543200,HDFC,HDB,-0.0107,-0.2363,1.0123,1
2025-01-27,28.73,29.08,28.68,29.0,5806000,HDFC,HDB,0.0067,-0.1127,1.0138,1
2025-01-28,29.51,29.88,29.41,29.8,4815200,HDFC,HDB,0.0276,-0.1707,1.016,0
2025-01-29,29.64,29.71,29.42,29.42,3023400,HDFC,HDB,-0.0128,-0.3721,1.0099,1
2025-01-30,29.74,29.97,29.67,29.88,2831600,HDFC,HDB,0.0156,-0.0634,1.0102,1
2025-01-31,29.88,30.08,29.76,29.95,4050000,HDFC,HDB,0.0023,0.4303,1.0106,0
2025-02-03,29.43,29.75,29.41,29.57,3742200,HDFC,HDB,-0.0127,-0.076,1.0116,1
2025-02-04,30.15,30.35,30.07,30.17,3731200,HDFC,HDB,0.0205,-0.0029,1.0094,1
2025-02-05,30.33,30.45,30.26,30.42,4390000,HDFC,HDB,0.0082,0.1766,1.0062,1
2025-02-06,30.47,30.63,30.43,30.59,2759600,HDFC,HDB,0.0057,-0.3714,1.0065,0
2025-02-07,30.27,30.38,30.1,30.23,3137200,HDFC,HDB,-0.0118,0.1368,1.0092,0
2025-02-10,30.12,30.4,29.9,29.91,4698800,HDFC,HDB,-0.0106,0.4978,1.0167,1
2025-02-11,29.71,30.03,29.67,29.97,4207000,HDFC,HDB,0.0018,-0.1047,1.0123,0
2025-02-12,29.8,29.9,29.62,29.77,5946200,HDFC,HDB,-0.0066,0.4134,1.0097,0
2025-02-13,29.77,29.81,29.61,29.71,8055000,HDFC,HDB,-0.0018,0.3546,1.0067,1
2025-02-14,29.74,29.88,29.65,29.74,4418800,HDFC,HDB,0.001,-0.4514,1.0078,1
2025-02-18,29.89,30.02,29.81,29.88,6841000,HDFC,HDB,0.0046,0.5482,1.0071,1
2025-02-19,30.1,30.1,29.81,30.0,4976200,HDFC,HDB,0.004,-0.2726,1.0094,0
2025-02-20,29.62,29.78,29.28,29.42,3207200,HDFC,HDB,-0.0193,-0.3555,1.017,0
2025-02-21,29.43,29.51,29.26,29.37,4249400,HDFC,HDB,-0.0017,0.325,1.0084,1
2025-02-24,29.5,29.54,29.26,29.46,7466000,HDFC,HDB,0.003,0.757,1.0096,1
2025-02-25,29.41,29.71,29.34,29.71,3912200,HDFC,HDB,0.0084,-0.476,1.0126,0
2025-02-26,29.67,29.74,29.55,29.62,3746600,HDFC,HDB,-0.0032,-0.0423,1.0064,1
2025-02-27,29.72,30.06,29.67,29.82,3791400,HDFC,HDB,0.007,0.012,1.0133,1
2025-02-28,30.12,30.48,30.09,30.43,4108800,HDFC,HDB,0.0204,0.0837,1.0128,0
2025-03-03,30.14,30.35,29.79,29.95,5843800,HDFC,HDB,-0.0157,0.4223,1.0187,0
2025-03-04,29.76,29.8,29.24,29.48,4825800,HDFC,HDB,-0.0157,-0.1742,1.0191,1
2025-03-05,29.7,29.84,29.54,29.79,5238400,HDFC,HDB,0.0104,0.0855,1.0102,0
2025-03-06,29.53,29.66,29.04,29.17,4963600,HDFC,HDB,-0.0207,-0.0525,1.0211,1
2025-03-07,29.5,29.5,28.87,29.19,5580200,HDFC,HDB,0.0005,0.1242,1.0221,0
2025-03-10,28.91,29.21,28.89,29.04,4725000,HDFC,HDB,-0.0051,-0.1533,1.0111,1
2025-03-11,29.15,29.79,29.1,29.54,7577800,HDFC,HDB,0.0173,0.6038,1.0239,1
2025-03-12,30.1,30.1,29.74,29.87,4270800,HDFC,HDB,0.011,-0.4364,1.0118,0
2025-03-13,29.78,29.8,29.65,29.65,3149400,HDFC,HDB,-0.0074,-0.2626,1.0053,1
2025-03-14,29.77,30.06,29.77,29.97,2651400,HDFC,HDB,0.0108,-0.1581,1.0096,1
2025-03-17,30.12,30.52,30.06,30.43,4121400,HDFC,HDB,0.0155,0.5544,1.0154,1
2025-03-18,30.6,30.89,30.52,30.82,5750400,HDFC,HDB,0.0127,0.3953,1.012,1
2025-03-19,30.96,31.28,30.93,31.2,7025000,HDFC,HDB,0.0123,0.2217,1.0113,1
2025-03-20,31.23,31.7,31.17,31.47,7865000,HDFC,HDB,0.0087,0.1196,1.017,1
2025-03-21,31.54,31.88,31.47,31.86,7128800,HDFC,HDB,0.0126,-0.0936,1.013,1
2025-03-24,32.4,32.64,32.25,32.5,8377000,HDFC,HDB,0.0198,0.1751,1.0123,1
2025-03-25,32.37,32.63,32.26,32.54,5547200,HDFC,HDB,0.0014,-0.3378,1.0116,1
2025-03-26,32.27,32.65,32.26,32.54,6286400,HDFC,HDB,0.0002,0.1333,1.0119,1
2025-03-27,32.79,33.15,32.65,33.01,10107400,HDFC,HDB,0.0144,0.6078,1.0153,0
2025-03-28,32.83,33.06,32.61,32.66,4279600,HDFC,HDB,-0.0108,-0.5766,1.0139,1
2025-03-31,32.24,32.91,32.11,32.81,3653000,HDFC,HDB,0.0047,-0.1464,1.0251,0
2025-04-01,31.97,32.29,31.8,32.22,6425200,HDFC,HDB,-0.0179,0.7589,1.0152,1
2025-04-02,32.38,32.79,32.36,32.65,4498000,HDFC,HDB,0.0132,-0.2999,1.0133,1
2025-04-03,32.27,33.09,32.17,33.07,13286400,HDFC,HDB,0.0129,1.9538,1.0286,0
2025-04-04,32.71,32.87,31.73,32.05,16424600,HDFC,HDB,-0.0308,0.2362,1.0356,0
2025-04-07,31.14,32.11,30.66,31.5,9984800,HDFC,HDB,-0.0173,-0.3921,1.0475,1
2025-04-08,32.02,32.59,31.22,31.51,8306200,HDFC,HDB,0.0005,-0.1681,1.0441,1
2025-04-09,31.19,32.52,30.72,32.43,7466600,HDFC,HDB,0.029,-0.1011,1.0588,0
2025-04-10,32.25,32.39,31.39,32.11,5192600,HDFC,HDB,-0.0096,-0.3046,1.0318,1
2025-04-11,32.08,33.32,32.03,33.32,6114400,HDFC,HDB,0.0375,0.1775,1.0404,0
2025-04-14,33.43,33.63,33.2,33.28,13104800,HDFC,HDB,-0.0013,1.1433,1.0129,1
2025-04-15,33.66,34.63,33.64,34.28,9284400,HDFC,HDB,0.0301,-0.2915,1.0297,0
2025-04-16,34.52,34.69,34.01,34.2,14542800,HDFC,HDB,-0.0022,0.5664,1.0199,1
2025-04-17,34.79,35.72,34.75,35.58,11065200,HDFC,HDB,0.0401,-0.2391,1.0281,1
2025-04-21,36.3,37.21,36.05,36.43,8308600,HDFC,HDB,0.024,-0.2491,1.0321,1
2025-04-22,36.67,37.22,36.31,37.13,9632800,HDFC,HDB,0.0191,0.1594,1.025,0
2025-04-23,35.81,36.17,35.36,35.7,8603400,HDFC,HDB,-0.0384,-0.1069,1.0229,0
2025-04-24,35.68,35.73,35.36,35.56,8243400,HDFC,HDB,-0.004,-0.0418,1.0105,1
2025-04-25,35.14,35.78,35.14,35.64,5844200,HDFC,HDB,0.0024,-0.291,1.0181,0
2025-04-28,35.83,35.93,35.34,35.48,3528200,HDFC,HDB,-0.0046,-0.3963,1.0168,1
2025-04-29,35.35,35.77,35.33,35.77,4198400,HDFC,HDB,0.0082,0.19,1.0123,1
2025-04-30,36.07,36.12,35.62,35.9,3519400,HDFC,HDB,0.0036,-0.1617,1.0143,0
2025-05-01,35.89,35.99,35.7,35.7,2446800,HDFC,HDB,-0.0056,-0.3048,1.0083,1
2025-05-02,36.24,36.47,36.14,36.34,2951600,HDFC,HDB,0.0181,0.2063,1.0092,0
2025-05-05,36.31,36.74,36.25,36.34,3154000,HDFC,HDB,-0.0001,0.0686,1.0135,0
2025-05-06,36.17,36.31,35.94,36.06,3709200,HDFC,HDB,-0.0076,0.176,1.0103,0
2025-05-07,36.24,36.27,35.95,35.97,5273000,HDFC,HDB,-0.0026,0.4216,1.0088,0
2025-05-08,35.22,35.44,34.14,34.32,10114000,HDFC,HDB,-0.0457,0.9181,1.038,1
2025-05-09,34.84,35.09,34.71,34.81,4646400,HDFC,HDB,0.0141,-0.5406,1.011,1
2025-05-12,36.2,36.2,35.3,35.81,4981000,HDFC,HDB,0.0289,0.072,1.0257,0
2025-05-13,35.45,35.93,35.23,35.75,3617800,HDFC,HDB,-0.0018,-0.2737,1.0199,0
2025-05-14,35.49,35.63,35.23,35.39,3688800,HDFC,HDB,-0.0101,0.0196,1.0112,1
2025-05-15,35.83,36.21,35.68,36.21,5173600,HDFC,HDB,0.0233,0.4025,1.0149,0
2025-05-16,36.19,36.29,35.79,36.06,2986800,HDFC,HDB,-0.0042,-0.4227,1.0139,1
2025-05-19,35.88,36.44,35.86,36.44,2664200,HDFC,HDB,0.0104,-0.108,1.0161,0
2025-05-20,35.98,36.1,35.72,36.09,3299000,HDFC,HDB,-0.0096,0.2383,1.0104,0
2025-05-21,36.03,36.23,35.93,36.02,2906600,HDFC,HDB,-0.0019,-0.1189,1.0084,0
2025-05-22,35.77,36.04,35.75,35.91,4091000,HDFC,HDB,-0.0029,0.4075,1.0079,1
2025-05-23,35.79,36.67,35.76,36.53,6189000,HDFC,HDB,0.0173,0.5128,1.0254,1
2025-05-27,35.98,36.64,35.88,36.62,5327200,HDFC,HDB,0.0024,-0.1392,1.0211,0
2025-05-28,36.48,36.71,36.26,36.61,4151600,HDFC,HDB,-0.0003,-0.2207,1.0123,1
2025-05-29,36.96,36.96,36.68,36.91,4669200,HDFC,HDB,0.0081,0.1247,1.0075,1
2025-05-30,36.78,37.33,36.73,37.23,5567600,HDFC,HDB,0.0087,0.1924,1.0164,1
2025-06-02,37.14,37.4,36.99,37.39,4359800,HDFC,HDB,0.0044,-0.2169,1.0112,0
2025-06-03,36.92,37.09,36.83,36.97,5617800,HDFC,HDB,-0.0114,0.2885,1.007,1
2025-06-04,37.09,37.37,37.02,37.08,2778400,HDFC,HDB,0.0029,-0.5054,1.0093,1
2025-06-05,37.26,37.52,37.25,37.39,3602600,HDFC,HDB,0.0084,0.2966,1.0073,1
2025-06-06,37.78,38.4,37.72,38.26,6465400,HDFC,HDB,0.0234,0.7946,1.0182,0
2025-06-09,37.89,37.98,37.3,37.65,5334000,HDFC,HDB,-0.0161,-0.175,1.0183,1
2025-06-10,37.44,37.88,37.31,37.8,2517400,HDFC,HDB,0.0041,-0.528,1.0155,0
2025-06-11,37.72,37.92,37.48,37.57,3390800,HDFC,HDB,-0.0061,0.3469,1.0119,0
2025-06-12,37.49,37.63,37.31,37.47,3228800,HDFC,HDB,-0.0025,-0.0478,1.0086,0
2025-06-13,36.56,36.57,36.2,36.51,5914400,HDFC,HDB,-0.0257,0.8318,1.0104,1
2025-06-16,36.67,37.27,36.66,36.96,5337600,HDFC,HDB,0.0123,-0.0975,1.0166,0
2025-06-17,36.89,37.05,36.4,36.53,7815200,HDFC,HDB,-0.0115,0.4642,1.0178,1
2025-06-18,36.82,36.98,36.52,36.74,4519000,HDFC,HDB,0.0057,-0.4218,1.0126,1
2025-06-20,37.2,37.36,36.82,36.85,4873000,HDFC,HDB,0.003,0.0783,1.0149,1
2025-06-23,36.4,37.04,36.32,37.03,2860600,HDFC,HDB,0.0048,-0.413,1.0199,1
2025-06-24,37.1,37.32,37.0,37.09,3503400,HDFC,HDB,0.0016,0.2247,1.0085,1
2025-06-25,37.47,37.54,37.22,37.51,4491200,HDFC,HDB,0.0115,0.282,1.0085,1
2025-06-26,37.95,38.59,37.88,37.99,7793400,HDFC,HDB,0.0126,0.7353,1.0188,1
2025-06-27,38.21,38.29,37.92,38.04,3088000,HDFC,HDB,0.0014,-0.6038,1.0098,0
2025-06-30,37.63,37.9,37.52,37.86,2526200,HDFC,HDB,-0.0047,-0.1819,1.0103,1
2025-07-01,37.91,38.0,37.72,37.88,3282400,HDFC,HDB,0.0005,0.2993,1.0076,0
2025-07-02,37.62,37.75,37.41,37.62,3873600,HDFC,HDB,-0.0069,0.1801,1.0091,1
2025-07-03,37.85,37.88,37.52,37.8,3237800,HDFC,HDB,0.0047,-0.1641,1.0096,0
2025-07-07,37.73,37.78,37.2,37.28,3509000,HDFC,HDB,-0.0138,0.0838,1.0157,1
2025-07-08,37.55,37.73,37.47,37.62,3246600,HDFC,HDB,0.0091,-0.0748,1.0069,1
2025-07-09,37.65,38.06,37.61,37.96,3178400,HDFC,HDB,0.0092,-0.021,1.0121,0
2025-07-10,37.61,38.03,37.61,37.87,2235000,HDFC,HDB,-0.0025,-0.2968,1.011,0
2025-07-11,37.5,37.66,37.42,37.54,1997400,HDFC,HDB,-0.0087,-0.1063,1.0063,0
2025-07-14,37.34,37.47,37.09,37.14,4525200,HDFC,HDB,-0.0105,1.2655,1.0104,1
2025-07-15,37.12,37.29,37.0,37.16,2739600,HDFC,HDB,0.0005,-0.3946,1.0077,1
2025-07-16,37.41,37.43,37.09,37.38,3666200,HDFC,HDB,0.006,0.3382,1.0092,1
2025-07-17,37.16,37.74,37.12,37.6,4537600,HDFC,HDB,0.0058,0.2377,1.0169,0
2025-07-18,37.04,37.34,36.7,37.18,5875600,HDFC,HDB,-0.0113,0.2949,1.0176,1
2025-07-21,37.94,38.97,37.86,38.75,7825800,HDFC,HDB,0.0422,0.3319,1.0293,0
2025-07-22,38.57,38.84,38.38,38.6,3779000,HDFC,HDB,-0.0037,-0.5171,1.012,1
2025-07-23,38.84,39.32,38.66,38.98,5121200,HDFC,HDB,0.0099,0.3552,1.017,0
2025-07-24,38.89,38.98,38.46,38.52,4708000,HDFC,HDB,-0.0119,-0.0807,1.0135,0
2025-07-25,38.47,38.59,38.14,38.44,2680600,HDFC,HDB,-0.0021,-0.4306,1.0117,0
2025-07-28,38.2,38.3,37.79,37.92,4027600,HDFC,HDB,-0.0136,0.5025,1.0135,1
2025-07-29,38.1,38.33,38.1,38.25,4079200,HDFC,HDB,0.0089,0.0128,1.0061,0
2025-07-30,37.78,37.87,37.65,37.76,3822800,HDFC,HDB,-0.0129,-0.0629,1.006,1
2025-07-31,38.0,38.02,37.76,38.0,2352000,HDFC,HDB,0.0063,-0.3847,1.0071,1
2025-08-01,38.34,38.34,37.86,38.1,1722400,HDFC,HDB,0.0027,-0.2677,1.0126,0
2025-08-04,38.22,38.33,37.74,37.86,3468200,HDFC,HDB,-0.0065,1.0136,1.0156,0
2025-08-05,37.74,37.92,37.48,37.48,2042800,HDFC,HDB,-0.0098,-0.411,1.0115,1
2025-08-06,37.53,37.71,37.37,37.56,2194200,HDFC,HDB,0.002,0.0741,1.0091,0
2025-08-07,37.72,37.91,37.38,37.48,2660600,HDFC,HDB,-0.002,0.2126,1.0142,0
2025-08-08,37.6,37.63,36.9,36.98,3425800,HDFC,HDB,-0.0133,0.2876,1.0199,1
2025-08-11,37.47,37.63,36.95,37.04,3504800,HDFC,HDB,0.0016,0.0231,1.0185,0
2025-08-12,37.02,37.11,36.7,36.92,3003600,HDFC,HDB,-0.0035,-0.143,1.0112,1
2025-08-13,37.15,37.29,36.88,37.0,4368000,HDFC,HDB,0.0023,0.4543,1.0113,0
2025-08-14,37.04,37.1,36.84,36.92,2775600,HDFC,HDB,-0.002,-0.3646,1.0071,1
2025-08-15,36.81,37.62,36.76,37.5,3308400,HDFC,HDB,0.0156,0.192,1.0234,1
2025-08-18,37.72,37.85,37.5,37.72,2822200,HDFC,HDB,0.006,-0.147,1.0095,0
2025-08-19,37.69,37.69,37.43,37.43,3348800,HDFC,HDB,-0.0078,0.1866,1.0069,1
2025-08-20,37.53,37.83,37.42,37.49,4003800,HDFC,HDB,0.0017,0.1956,1.0111,1
2025-08-21,37.46,37.85,37.4,37.71,2017800,HDFC,HDB,0.0057,-0.496,1.0122,0
2025-08-22,37.53,37.55,36.87,36.99,4608800,HDFC,HDB,-0.019,1.2841,1.0184,0
2025-08-25,37.0,37.06,36.4,36.4,3985000,HDFC,HDB,-0.0159,-0.1353,1.0179,0
2025-08-26,36.24,36.35,35.87,36.33,3108200,HDFC,HDB,-0.0019,-0.22,1.0134,0
2025-08-27,36.22,36.31,36.01,36.15,3088600,HDFC,HDB,-0.0052,-0.0063,1.0081,0
2025-08-28,35.96,36.01,35.53,35.56,3485200,HDFC,HDB,-0.0162,0.1284,1.0135,1
2025-08-29,35.49,35.72,35.38,35.58,2966000,HDFC,HDB,0.0006,-0.149,1.0095,0
2025-09-02,35.28,35.36,34.69,34.94,6040000,HDFC,HDB,-0.0178,1.0364,1.0192,1
2025-09-03,35.58,35.62,35.13,35.31,3168400,HDFC,HDB,0.0104,-0.4754,1.0137,1
2025-09-04,35.46,35.47,35.09,35.32,3517600,HDFC,HDB,0.0003,0.1102,1.0108,0
2025-09-05,35.51,35.53,35.07,35.3,3437200,HDFC,HDB,-0.0006,-0.0229,1.0131,1
2025-09-08,35.5,35.5,35.02,35.38,1950600,HDFC,HDB,0.0023,-0.4325,1.0137,0
2025-09-09,35.16,35.5,35.0,35.0,3368700,HDFC,HDB,-0.0107,0.727,1.0143,1
2025-09-10,35.19,35.55,35.13,35.22,2862200,HDFC,HDB,0.0063,-0.1504,1.012,1
2025-09-11,35.12,35.52,35.05,35.39,3523100,HDFC,HDB,0.0048,0.2309,1.0134,0
2025-09-12,35.23,35.34,34.95,35.07,1775000,HDFC,HDB,-0.009,-0.4962,1.0112,1
2025-09-15,35.07,35.33,34.99,35.08,3622300,HDFC,HDB,0.0003,1.0407,1.0097,1
2025-09-16,35.08,35.39,35.07,35.16,2993800,HDFC,HDB,0.0023,-0.1735,1.0091,1
2025-09-17,35.46,36.47,35.45,35.97,5584700,HDFC,HDB,0.023,0.8654,1.0288,0
2025-09-18,35.82,35.94,35.35,35.62,2348000,HDFC,HDB,-0.0097,-0.5796,1.0167,0
2025-09-19,35.74,35.99,35.39,35.45,3559800,HDFC,HDB,-0.0048,0.5161,1.017,0
2025-09-22,35.1,35.33,34.91,35.06,3084000,HDFC,HDB,-0.011,-0.1337,1.012,0
2025-09-23,35.07,35.07,34.59,34.66,3041600,HDFC,HDB,-0.0114,-0.0137,1.0139,0
2025-09-24,34.45,34.81,34.21,34.46,3918200,HDFC,HDB,-0.0058,0.2882,1.0175,0
2025-09-25,34.55,34.56,34.18,34.25,2494800,HDFC,HDB,-0.0061,-0.3633,1.0111,0
2025-09-26,34.32,34.52,34.03,34.15,3439500,HDFC,HDB,-0.0029,0.3787,1.0144,0
2025-09-29,34.2,34.3,34.07,34.14,2535600,HDFC,HDB,-0.0003,-0.2628,1.0068,1
2025-09-30,34.01,34.22,33.93,34.16,3531500,HDFC,HDB,0.0006,0.3928,1.0085,0
2025-10-01,34.7,34.7,33.8,33.8,4002900,HDFC,HDB,-0.0105,0.1335,1.0266,1
2025-10-02,33.95,34.14,33.85,34.09,3581800,HDFC,HDB,0.0086,-0.1052,1.0086,1
2025-10-03,34.12,34.32,33.78,34.25,2932000,HDFC,HDB,0.0047,-0.1814,1.016,1
2025-10-06,34.55,34.83,34.28,34.83,3094500,HDFC,HDB,0.0169,0.0554,1.016,1
2025-10-07,35.15,35.16,34.85,34.91,3676400,HDFC,HDB,0.0023,0.188,1.0089,0
2025-10-08,34.87,34.93,34.36,34.58,2720100,HDFC,HDB,-0.0095,-0.2601,1.0166,1
2025-10-09,34.5,34.88,34.46,34.77,3312100,HDFC,HDB,0.0055,0.2176,1.0122,1
2025-10-10,35.16,35.35,34.81,34.82,3768200,HDFC,HDB,0.0014,0.1377,1.0155,1
2025-10-13,34.82,35.08,34.72,35.08,4265400,HDFC,HDB,0.0075,0.1319,1.0104,1
2025-10-14,34.81,35.19,34.68,35.11,2601300,HDFC,HDB,0.0009,-0.3901,1.0147,1
2025-10-15,35.31,36.09,35.16,36.05,5925900,HDFC,HDB,0.0268,1.2781,1.0265,0
2025-10-16,36.1,36.6,35.41,35.44,6524800,HDFC,HDB,-0.0169,0.1011,1.0336,1
2025-10-17,35.81,36.95,35.77,36.74,5105200,HDFC,HDB,0.0367,-0.2176,1.033,0
2025-10-20,36.83,36.97,36.37,36.63,4258800,HDFC,HDB,-0.003,-0.1658,1.0165,1
2025-10-21,36.53,36.78,36.5,36.69,2758400,HDFC,HDB,0.0016,-0.3523,1.0077,1
2025-10-22,36.65,37.45,36.61,37.18,3023800,HDFC,HDB,0.0134,0.0962,1.0229,0
2025-10-23,36.97,36.98,36.46,36.46,3710300,HDFC,HDB,-0.0194,0.227,1.0143,1
2025-10-24,36.53,36.83,36.25,36.76,3586100,HDFC,HDB,0.0082,-0.0335,1.016,0
2025-10-27,36.89,37.31,36.59,36.64,4384300,HDFC,HDB,-0.0033,0.2226,1.0197,1
2025-10-28,36.64,37.03,36.6,37.0,3034900,HDFC,HDB,0.0098,-0.3078,1.0117,0
2025-10-29,36.99,37.17,36.98,36.99,3429200,HDFC,HDB,-0.0003,0.1299,1.0051,0
2025-10-30,36.8,36.94,36.56,36.88,4950800,HDFC,HDB,-0.003,0.4437,1.0104,0
2025-10-31,36.32,36.38,35.93,36.22,3500600,HDFC,HDB,-0.0179,-0.2929,1.0125,1
2025-11-03,36.31,36.72,36.25,36.5,2905000,HDFC,HDB,0.0077,-0.1701,1.013,0
2025-11-04,36.23,36.37,35.91,36.24,3778800,HDFC,HDB,-0.0071,0.3008,1.0128,0
2025-11-05,36.14,36.19,35.51,35.83,4880200,HDFC,HDB,-0.0113,0.2915,1.0191,0
2025-11-06,35.95,35.95,35.54,35.69,4087500,HDFC,HDB,-0.0039,-0.1624,1.0115,1
2025-11-07,35.76,36.14,35.61,35.81,3478800,HDFC,HDB,0.0034,-0.1489,1.0149,1
2025-11-10,35.82,36.14,35.65,36.07,2417000,HDFC,HDB,0.0073,-0.3052,1.0137,1
2025-11-11,36.27,36.75,36.18,36.7,2600900,HDFC,HDB,0.0175,0.0761,1.0158,0
2025-11-12,36.38,36.55,36.25,36.48,3588600,HDFC,HDB,-0.006,0.3798,1.0083,0
2025-11-13,36.4,36.4,36.17,36.27,3739900,HDFC,HDB,-0.0058,0.0422,1.0064,1
2025-11-14,36.27,36.5,35.96,36.44,2389800,HDFC,HDB,0.0047,-0.361,1.015,1
2025-11-17,36.41,37.11,36.41,36.84,3954700,HDFC,HDB,0.011,0.6548,1.0192,1
2025-11-18,36.73,37.29,36.6,37.13,4245300,HDFC,HDB,0.0079,0.0735,1.0189,0
2025-11-19,37.01,37.12,36.43,36.46,2994200,HDFC,HDB,-0.018,-0.2947,1.0189,1
2025-11-20,36.85,37.35,36.82,36.88,4286600,HDFC,HDB,0.0115,0.4316,1.0144,0
2025-11-21,36.71,37.05,36.43,36.67,4854800,HDFC,HDB,-0.0057,0.1326,1.017,0
2025-11-24,36.64,36.66,36.27,36.38,3874300,HDFC,HDB,-0.0079,-0.202,1.0108,0
2025-11-25,36.13,36.22,35.55,36.18,2708300,HDFC,HDB,-0.0055,-0.301,1.0188,1
2025-11-26,36.5,36.77,36.43,36.63,2228100,HDFC,HDB,0.0124,-0.1773,1.0093,1
2025-11-28,36.82,37.01,36.69,36.82,1572900,HDFC,HDB,0.0052,-0.2941,1.0087,0
2025-12-01,36.7,36.78,35.16,35.44,8691200,HDFC,HDB,-0.0375,4.5256,1.0461,1
2025-12-02,35.4,35.87,35.4,35.84,3951500,HDFC,HDB,0.0113,-0.5453,1.0133,1
2025-12-03,36.19,36.35,35.86,35.87,2896700,HDFC,HDB,0.0008,-0.2669,1.0137,1
2025-12-04,35.82,36.09,35.74,35.96,2412300,HDFC,HDB,0.0025,-0.1672,1.0098,0
2025-12-05,36.12,36.12,35.6,35.72,3101300,HDFC,HDB,-0.0067,0.2856,1.0146,0
2025-12-08,35.73,35.73,35.0,35.16,4320000,HDFC,HDB,-0.0157,0.393,1.0209,1
2025-12-09,35.08,35.4,34.93,35.17,3131900,HDFC,HDB,0.0003,-0.275,1.0135,1
2025-12-10,34.84,35.55,34.83,35.42,2585400,HDFC,HDB,0.0071,-0.1745,1.0207,1
2025-12-11,35.55,36.02,35.44,35.83,3801300,HDFC,HDB,0.0116,0.4703,1.0164,1
2025-12-12,35.76,35.97,35.58,35.89,2994600,HDFC,HDB,0.0017,-0.2122,1.011,1
2025-12-15,35.85,36.15,35.57,35.99,3475600,HDFC,HDB,0.0028,0.1606,1.0163,0
2025-12-16,35.69,35.78,35.28,35.3,3599300,HDFC,HDB,-0.0192,0.0356,1.0142,0
2025-12-17,35.33,35.39,34.86,35.13,3244300,HDFC,HDB,-0.0048,-0.0986,1.0152,1
2025-12-18,35.04,35.47,35.04,35.15,2397200,HDFC,HDB,0.0006,-0.2611,1.0123,1
2025-12-19,35.47,36.16,35.34,35.89,4805800,HDFC,HDB,0.0211,1.0048,1.0232,1
2025-12-22,35.86,36.39,35.78,36.29,3060100,HDFC,HDB,0.0111,-0.3632,1.017,0
2025-12-23,36.34,36.57,36.18,36.28,2471800,HDFC,HDB,-0.0003,-0.1922,1.0108,1
2025-12-24,36.16,36.44,36.16,36.4,1536800,HDFC,HDB,0.0033,-0.3783,1.0077,1
2025-12-26,36.17,36.46,36.11,36.46,2261300,HDFC,HDB,0.0016,0.4714,1.0097,0
2025-12-29,36.07,36.44,36.02,36.34,2560100,HDFC,HDB,-0.0033,0.1321,1.0117,1
2025-12-30,36.36,36.66,36.32,36.44,2780700,HDFC,HDB,0.0028,0.0862,1.0094,1
2025-12-31,36.5,36.66,36.31,36.54,1979700,HDFC,HDB,0.0027,-0.2881,1.0096,0
2026-01-02,36.65,36.73,36.13,36.48,3247600,HDFC,HDB,-0.0016,0.6405,1.0166,0
2026-01-05,35.75,35.8,34.15,34.17,9159900,HDFC,HDB,-0.0633,1.8205,1.0483,0
2026-01-06,34.14,34.31,33.42,33.43,8482800,HDFC,HDB,-0.0217,-0.0739,1.0266,0
2026-01-07,33.58,33.95,33.18,33.2,13949300,HDFC,HDB,-0.0069,0.6444,1.0232,1
2026-01-08,33.2,33.51,33.11,33.39,15963300,HDFC,HDB,0.0057,0.1444,1.0121,0
2026-01-09,33.1,33.24,32.97,33.1,5370800,HDFC,HDB,-0.0087,-0.6636,1.0082,1
2026-01-12,33.06,33.59,32.96,33.52,3690800,HDFC,HDB,0.0127,-0.3128,1.0191,0
2026-01-13,33.51,33.55,32.89,33.2,4211300,HDFC,HDB,-0.0095,0.141,1.0201,0
2026-01-14,33.0,33.26,32.83,32.92,4616200,HDFC,HDB,-0.0084,0.0961,1.0131,0
2026-01-15,32.93,32.93,32.29,32.51,6726400,HDFC,HDB,-0.0125,0.4571,1.0198,1
2026-01-16,32.54,32.78,32.46,32.65,4782700,HDFC,HDB,0.0043,-0.289,1.0099,0
2026-01-20,32.18,32.66,31.98,32.34,6419700,HDFC,HDB,-0.0095,0.3423,1.0213,0
2026-01-21,32.09,32.18,31.77,32.13,6985200,HDFC,HDB,-0.0065,0.0881,1.0129,0
2026-01-22,31.94,32.28,31.94,32.1,5594800,HDFC,HDB,-0.0009,-0.199,1.0106,0
2026-01-23,31.89,32.06,31.34,32.06,5414400,HDFC,HDB,-0.0012,-0.0322,1.023,1
2026-01-26,32.15,32.31,32.04,32.15,5042200,HDFC,HDB,0.0028,-0.0687,1.0084,1
2026-01-27,32.49,32.66,32.28,32.44,3900500,HDFC,HDB,0.009,-0.2264,1.0118,0
2026-01-28,32.48,32.48,32.12,32.31,9603000,HDFC,HDB,-0.004,1.462,1.0112,1
2026-01-29,32.54,32.58,32.22,32.55,5929500,HDFC,HDB,0.0074,-0.3825,1.0112,0
2026-01-30,32.27,32.5,32.06,32.38,4608800,HDFC,HDB,-0.0052,-0.2227,1.0137,1
2026-02-02,32.22,33.95,32.08,33.79,9850100,HDFC,HDB,0.0435,1.1372,1.0583,0
2026-02-03,33.51,34.46,33.33,33.57,9556000,HDFC,HDB,-0.0065,-0.0299,1.0339,1
2026-02-04,33.91,34.06,33.56,33.95,7082400,HDFC,HDB,0.0113,-0.2589,1.0149,1
2026-02-05,33.73,34.08,33.55,33.99,5034600,HDFC,HDB,0.0012,-0.2891,1.0158,1
2026-02-06,33.99,34.46,33.67,34.46,8547400,HDFC,HDB,0.0138,0.6977,1.0235,0
2026-02-09,33.58,33.94,33.28,33.86,6531500,HDFC,HDB,-0.0174,-0.2358,1.0198,1
2026-02-10,33.85,34.06,33.66,33.99,6454200,HDFC,HDB,0.0038,-0.0118,1.0119,0
2026-02-11,33.59,33.73,33.12,33.21,7806100,HDFC,HDB,-0.0229,0.2095,1.0184,0
2026-02-12,33.18,33.3,32.75,32.86,6803800,HDFC,HDB,-0.0105,-0.1284,1.0168,0
2026-02-13,32.35,32.53,32.12,32.52,9085100,HDFC,HDB,-0.0103,0.3353,1.0128,1
2026-02-17,32.96,33.01,32.66,32.81,8213300,HDFC,HDB,0.0089,-0.096,1.0107,1
2026-02-18,32.74,33.36,32.67,33.35,5047800,HDFC,HDB,0.0165,-0.3854,1.0211,0
2026-02-19,32.82,33.01,32.58,32.7,3532800,HDFC,HDB,-0.0195,-0.3001,1.0132,1
2026-02-20,32.75,33.29,32.51,33.09,7115300,HDFC,HDB,0.0119,1.0141,1.024,0
2026-02-23,33.22,33.41,32.67,32.69,4795600,HDFC,HDB,-0.0121,-0.326,1.0227,0
2026-02-24,32.4,32.42,31.56,32.23,8442800,HDFC,HDB,-0.0141,0.7605,1.0272,0
2026-02-25,32.19,32.55,32.02,32.15,5678000,HDFC,HDB,-0.0025,-0.3275,1.0166,0
2026-02-26,32.15,32.23,31.92,32.0,4207800,HDFC,HDB,-0.0047,-0.2589,1.0097,0
2026-02-27,31.78,31.87,31.53,31.85,5256300,HDFC,HDB,-0.0047,0.2492,1.0108,0
2026-03-02,31.27,31.82,31.04,31.56,6003100,HDFC,HDB,-0.0091,0.1421,1.0251,0
2026-03-03,30.51,30.98,30.45,30.85,9262900,HDFC,HDB,-0.0225,0.543,1.0174,0
2026-03-04,30.84,30.99,30.66,30.79,6116200,HDFC,HDB,-0.0019,-0.3397,1.0108,0
2026-03-05,30.64,30.85,30.24,30.39,10444800,HDFC,HDB,-0.013,0.7077,1.0202,0
2026-03-06,30.01,30.01,29.43,29.47,10790500,HDFC,HDB,-0.0303,0.0331,1.0197,1
2026-03-09,28.93,29.82,28.65,29.72,8140900,HDFC,HDB,0.0085,-0.2455,1.0408,0
2026-03-10,29.72,29.98,29.45,29.48,5913300,HDFC,HDB,-0.0081,-0.2736,1.018,0
2026-03-11,29.04,29.13,28.32,28.5,11629900,HDFC,HDB,-0.0332,0.9667,1.0286,0
2026-03-12,28.46,28.6,28.05,28.39,12057800,HDFC,HDB,-0.0039,0.0368,1.0196,0
2026-03-13,28.35,28.51,28.19,28.23,8736000,HDFC,HDB,-0.0056,-0.2755,1.0114,1
2026-03-16,28.84,29.29,28.84,28.99,7707400,HDFC,HDB,0.0269,-0.1177,1.0156,0
2026-03-17,29.06,29.13,28.65,28.71,6510900,HDFC,HDB,-0.0097,-0.1552,1.0168,0
2026-03-18,28.46,28.69,26.42,26.62,18213000,HDFC,HDB,-0.0728,1.7973,1.0859,0
2026-03-19,25.9,27.0,25.48,26.14,32970400,HDFC,HDB,-0.018,0.8103,1.0597,0
2026-03-20,26.11,26.14,25.39,25.39,14991500,HDFC,HDB,-0.0287,-0.5453,1.0295,1
2026-03-23,25.16,25.69,24.74,25.4,19046700,HDFC,HDB,0.0004,0.2705,1.0384,0
2026-03-24,25.23,25.53,25.08,25.12,13980400,HDFC,HDB,-0.011,-0.266,1.0179,1
2026-03-25,26.0,26.38,25.75,25.81,20723400,HDFC,HDB,0.0275,0.4823,1.0245,0
2026-03-26,25.6,25.71,25.1,25.11,10598700,HDFC,HDB,-0.0271,-0.4886,1.0243,0
2026-03-27,25.0,25.04,24.3,24.35,16419800,HDFC,HDB,-0.0303,0.5492,1.0305,0
2026-03-30,24.11,24.42,23.91,24.1,15006600,HDFC,HDB,-0.0103,-0.0861,1.0213,1
2026-03-31,24.35,24.89,24.16,24.88,13964400,HDFC,HDB,0.0324,-0.0694,1.0302,1
2026-04-01,24.93,25.21,24.63,24.9,13792600,HDFC,HDB,0.0008,-0.0123,1.0235,0
2026-04-02,24.55,25.24,24.55,24.83,6940100,HDFC,HDB,-0.0028,-0.4968,1.0281,1
2026-04-06,25.28,25.67,25.04,25.67,6946300,HDFC,HDB,0.0338,0.0009,1.0252,0
2026-04-07,25.65,25.78,25.32,25.51,11087500,HDFC,HDB,-0.0062,0.5962,1.0182,1
2026-04-08,27.33,27.58,26.98,27.11,12967200,HDFC,HDB,0.0627,0.1695,1.0222,0
2026-04-09,26.65,26.99,26.43,26.78,8187200,HDFC,HDB,-0.0122,-0.3686,1.0212,0
2026-04-10,26.88,27.16,26.72,26.73,5137200,HDFC,HDB,-0.0019,-0.3725,1.0165,1
2026-04-13,26.5,26.83,26.08,26.8,8830700,HDFC,HDB,0.0026,0.719,1.0288,0
2026-04-14,26.93,27.04,26.67,26.79,7681000,HDFC,HDB,-0.0004,-0.1302,1.0139,1
2026-04-15,26.98,27.37,26.9,27.14,6319200,HDFC,HDB,0.0131,-0.1773,1.0175,0
2026-04-16,26.69,26.79,26.41,26.43,6177300,HDFC,HDB,-0.0262,-0.0225,1.0144,1
2026-04-17,27.31,28.0,27.25,27.51,9091300,HDFC,HDB,0.0409,0.4717,1.0275,0
2026-04-20,26.72,26.8,26.25,26.58,12583500,HDFC,HDB,-0.0338,0.3841,1.021,0
2026-04-21,27.1,27.12,26.45,26.45,8475300,HDFC,HDB,-0.0049,-0.3265,1.0253,0
2026-04-22,26.25,26.38,26.01,26.1,8222500,HDFC,HDB,-0.0132,-0.0298,1.0142,0
2026-04-23,25.75,25.76,25.38,25.51,9376300,HDFC,HDB,-0.0226,0.1403,1.015,1
2026-04-24,25.61,25.72,25.47,25.65,5490700,HDFC,HDB,0.0055,-0.4144,1.0098,1
2026-04-27,25.77,26.0,25.71,25.71,5958700,HDFC,HDB,0.0023,0.0852,1.0113,0
2026-04-28,25.61,25.66,25.34,25.35,5629200,HDFC,HDB,-0.014,-0.0553,1.0126,0
2026-04-29,25.27,25.47,25.19,25.26,5528500,HDFC,HDB,-0.0036,-0.0179,1.0111,1
2026-04-30,25.21,25.45,25.11,25.41,7640000,HDFC,HDB,0.0059,0.3819,1.0135,0
2026-05-01,25.55,25.55,25.15,25.18,2623200,HDFC,HDB,-0.0091,-0.6566,1.0159,0
2026-05-04,25.16,25.28,24.84,24.85,7549600,HDFC,HDB,-0.0131,1.878,1.0177,0
2026-05-05,24.97,25.03,24.82,24.83,4403700,HDFC,HDB,-0.0008,-0.4167,1.0085,1
2026-05-06,25.96,25.98,25.47,25.63,10215000,HDFC,HDB,0.0322,1.3196,1.02,1
2026-05-07,25.77,25.94,25.65,25.67,6424000,HDFC,HDB,0.0016,-0.3711,1.0113,0
2026-05-08,25.45,25.52,24.94,25.02,6231500,HDFC,HDB,-0.0253,-0.03,1.0233,0
2026-05-11,24.74,24.8,24.17,24.2,7490800,HDFC,HDB,-0.0328,0.2021,1.0261,0
2026-05-12,23.95,24.18,23.82,24.04,8419200,HDFC,HDB,-0.0066,0.1239,1.0151,0
2026-05-13,23.79,24.11,23.75,23.88,11568300,HDFC,HDB,-0.0067,0.374,1.0152,1
2026-05-14,24.35,25.01,24.35,24.84,6137400,HDFC,HDB,0.0402,-0.4695,1.0271,0
2026-05-15,24.61,24.65,24.31,24.45,8695000,HDFC,HDB,-0.0157,0.4167,1.014,1
2026-05-18,24.47,24.89,24.45,24.63,7379900,HDFC,HDB,0.0074,-0.1512,1.018,0
2026-05-19,24.2,24.34,23.94,24.26,13512100,HDFC,HDB,-0.015,0.8309,1.0167,1
2026-05-20,24.26,24.69,24.15,24.63,15002300,HDFC,HDB,0.0153,0.1103,1.0224,0
2026-05-21,24.47,24.72,24.08,24.62,11836600,HDFC,HDB,-0.0004,-0.211,1.0266,1
2026-05-22,24.9,25.08,24.59,24.74,7095700,HDFC,HDB,0.0049,-0.4005,1.0199,1
2026-05-26,25.08,25.3,24.75,24.8,7250400,HDFC,HDB,0.0024,0.0218,1.0222,0
2026-05-27,24.32,24.54,23.66,23.78,10388100,HDFC,HDB,-0.0411,0.4328,1.0372,0
2026-05-28,23.64,23.78,23.31,23.66,9583000,HDFC,HDB,-0.005,-0.0775,1.0202,1
2026-05-29,23.78,24.05,23.71,23.78,9220300,HDFC,HDB,0.0051,-0.0378,1.0143,0
2026-06-01,23.5,23.7,23.42,23.6,6999100,HDFC,HDB,-0.0076,-0.2409,1.012,0
2026-06-02,23.66,23.81,23.44,23.54,7663400,HDFC,HDB,-0.0025,0.0949,1.0158,1
2026-06-03,23.6,23.95,23.5,23.55,8281400,HDFC,HDB,0.0004,0.0806,1.0191,1
2026-06-04,23.86,24.36,23.86,24.03,9322400,HDFC,HDB,0.0204,0.1257,1.021,0
2026-06-05,23.85,23.86,23.34,23.41,9124600,HDFC,HDB,-0.0258,-0.0212,1.0223,0
2026-06-08,23.29,23.41,22.91,23.01,12181900,HDFC,HDB,-0.0171,0.3351,1.0218,1
2026-06-09,23.31,23.42,23.2,23.29,20862200,HDFC,HDB,0.0122,0.7126,1.0095,0
2026-06-10,23.51,23.7,23.19,23.2,13223700,HDFC,HDB,-0.0039,-0.3661,1.022,1
2026-06-11,23.29,23.82,23.23,23.81,15317800,HDFC,HDB,0.0263,0.1584,1.0254,1
2026-06-12,24.38,24.64,24.03,24.17,7574200,HDFC,HDB,0.0151,-0.5055,1.0254,1
2026-06-15,24.52,25.18,24.52,24.74,10040700,HDFC,HDB,0.0236,0.3256,1.0269,1
2026-06-16,24.95,25.35,24.88,25.27,8632700,HDFC,HDB,0.0214,-0.1402,1.0189,0
2026-06-17,25.32,25.49,24.69,24.76,6302100,HDFC,HDB,-0.0202,-0.27,1.0324,1
2026-06-18,25.26,25.4,24.83,25.06,8683600,HDFC,HDB,0.0121,0.3779,1.023,1
2026-06-22,25.1,25.31,24.8,25.09,10807500,HDFC,HDB,0.0012,0.2446,1.0206,0
2026-06-23,24.62,25.05,24.5,25.02,6219300,HDFC,HDB,-0.0028,-0.4245,1.0224,1
2026-06-24,25.4,25.72,25.23,25.56,5788200,HDFC,HDB,0.0216,-0.0693,1.0194,0
2026-06-25,25.5,25.8,25.34,25.37,7877900,HDFC,HDB,-0.0074,0.361,1.0182,1
2026-06-26,25.42,25.9,25.39,25.74,6116600,HDFC,HDB,0.0146,-0.2236,1.0201,1
2026-06-29,25.73,25.91,25.53,25.91,7562700,HDFC,HDB,0.0066,0.2364,1.0149,0
2026-06-30,25.69,25.96,25.56,25.83,7546700,HDFC,HDB,-0.0031,-0.0021,1.0156,0
2026-07-01,25.43,25.99,25.33,25.55,9697300,HDFC,HDB,-0.0108,0.285,1.0261,1
2026-07-02,25.78,25.87,25.43,25.77,5609900,HDFC,HDB,0.0086,-0.4215,1.0173,1
2026-07-06,26.6,27.49,26.6,27.4,12843000,HDFC,HDB,0.0633,1.2893,1.0335,0
2026-07-07,27.39,27.5,27.1,27.13,10944000,HDFC,HDB,-0.0099,-0.1479,1.0148,0
2026-07-08,26.52,26.65,26.15,26.15,7137900,HDFC,HDB,-0.0361,-0.3478,1.0191,1
2026-07-09,26.48,26.59,26.35,26.52,6800100,HDFC,HDB,0.0141,-0.0473,1.0091,0
2026-07-10,26.78,26.88,26.47,26.51,4656500,HDFC,HDB,-0.0004,-0.3152,1.0155,0
2023-01-03,1165.55,1169.16,1157.71,1161.91,7658932,Reliance,RELIANCE.NS,-0.0073,0.4407,1.0099,0
2023-01-04,1161.89,1163.73,1142.35,1144.42,9264891,Reliance,RELIANCE.NS,-0.0151,0.2097,1.0187,0
2023-01-05,1146.67,1152.53,1137.81,1142.37,13637099,Reliance,RELIANCE.NS,-0.0018,0.4719,1.0129,1
2023-01-06,1148.1,1157.78,1144.3,1152.76,6349597,Reliance,RELIANCE.NS,0.0091,-0.5344,1.0118,1
2023-01-09,1156.57,1182.34,1155.69,1179.97,10722753,Reliance,RELIANCE.NS,0.0236,0.6887,1.0231,0
2023-01-10,1184.16,1184.16,1156.89,1162.53,8047142,Reliance,RELIANCE.NS,-0.0148,-0.2495,1.0236,0
2023-01-11,1159.84,1162.34,1145.58,1147.87,11509553,Reliance,RELIANCE.NS,-0.0126,0.4303,1.0146,0
2023-01-12,1147.28,1150.76,1120.09,1123.08,17688773,Reliance,RELIANCE.NS,-0.0216,0.5369,1.0274,0
2023-01-13,1117.09,1123.68,1106.27,1121.27,20618583,Reliance,RELIANCE.NS,-0.0016,0.1656,1.0157,0
2023-01-16,1123.58,1126.74,1102.82,1110.59,13623855,Reliance,RELIANCE.NS,-0.0095,-0.3392,1.0217,1
2023-01-17,1116.9,1128.26,1113.54,1126.36,10751000,Reliance,RELIANCE.NS,0.0142,-0.2109,1.0132,0
2023-01-18,1123.95,1131.95,1117.97,1124.49,13448286,Reliance,RELIANCE.NS,-0.0017,0.2509,1.0125,0
2023-01-19,1123.68,1127.42,1116.29,1123.29,11940054,Reliance,RELIANCE.NS,-0.0011,-0.1122,1.01,0
2023-01-20,1124.63,1124.63,1107.48,1109.93,14930286,Reliance,RELIANCE.NS,-0.0119,0.2504,1.0155,0
2023-01-23,1112.82,1120.63,1101.91,1104.32,10954118,Reliance,RELIANCE.NS,-0.0051,-0.2663,1.017,0
2023-01-24,1108.73,1110.38,1084.8,1097.8,16488755,Reliance,RELIANCE.NS,-0.0059,0.5053,1.0236,0
2023-01-25,1096.21,1097.23,1081.46,1082.62,12385018,Reliance,RELIANCE.NS,-0.0138,-0.2489,1.0146,0
2023-01-27,1083.46,1084.8,1050.4,1062.08,25830975,Reliance,RELIANCE.NS,-0.019,1.0857,1.0327,1
2023-01-30,1059.51,1077.78,1045.56,1072.26,21772103,Reliance,RELIANCE.NS,0.0096,-0.1571,1.0308,0
2023-01-31,1082.37,1084.94,1063.74,1069.58,22691594,Reliance,RELIANCE.NS,-0.0025,0.0422,1.0199,0
2023-02-01,1081.44,1081.44,1047.38,1063.24,19347800,Reliance,RELIANCE.NS,-0.0059,-0.1474,1.0325,0
2023-02-02,1053.29,1066.92,1050.11,1057.36,13662663,Reliance,RELIANCE.NS,-0.0055,-0.2938,1.016,1
2023-02-03,1067.38,1067.38,1041.93,1058.29,24699575,Reliance,RELIANCE.NS,0.0009,0.8078,1.0244,0
2023-02-06,1051.93,1054.65,1047.75,1050.31,14837879,Reliance,RELIANCE.NS,-0.0075,-0.3993,1.0066,0
2023-02-07,1050.56,1057.56,1041.93,1047.79,15135435,Reliance,RELIANCE.NS,-0.0024,0.0201,1.015,1
2023-02-08,1051.02,1072.33,1048.29,1068.72,21160332,Reliance,RELIANCE.NS,0.02,0.3981,1.0229,1
2023-02-09,1069.4,1077.3,1060.56,1070.58,13172763,Reliance,RELIANCE.NS,0.0017,-0.3775,1.0158,0
2023-02-10,1070.06,1070.06,1054.79,1061.76,10790445,Reliance,RELIANCE.NS,-0.0082,-0.1809,1.0145,0
2023-02-13,1063.38,1067.83,1051.27,1055.72,10352493,Reliance,RELIANCE.NS,-0.0057,-0.0406,1.0158,1
2023-02-14,1058.72,1082.33,1055.86,1080.6,14321920,Reliance,RELIANCE.NS,0.0236,0.3834,1.0251,1
2023-02-15,1079.64,1107.45,1078.28,1105.07,33503591,Reliance,RELIANCE.NS,0.0226,1.3393,1.0271,0
2023-02-16,1113.02,1119.54,1101.93,1104.2,17264487,Reliance,RELIANCE.NS,-0.0008,-0.4847,1.016,1
2023-02-17,1099.64,1112.13,1095.37,1108.82,11809520,Reliance,RELIANCE.NS,0.0042,-0.316,1.0153,0
2023-02-20,1111.0,1113.16,1095.14,1097.09,8836937,Reliance,RELIANCE.NS,-0.0106,-0.2517,1.0165,1
2023-02-21,1101.46,1111.82,1096.16,1106.04,13311592,Reliance,RELIANCE.NS,0.0082,0.5064,1.0143,0
2023-02-22,1102.34,1104.18,1079.21,1080.96,11024335,Reliance,RELIANCE.NS,-0.0227,-0.1718,1.0231,0
2023-02-23,1080.55,1088.16,1072.99,1075.78,9851910,Reliance,RELIANCE.NS,-0.0048,-0.1063,1.0141,1
2023-02-24,1077.83,1088.8,1076.01,1083.14,9434053,Reliance,RELIANCE.NS,0.0068,-0.0424,1.0119,0
2023-02-27,1082.37,1085.85,1068.6,1075.94,11199715,Reliance,RELIANCE.NS,-0.0066,0.1872,1.0161,0
2023-02-28,1070.6,1075.55,1051.31,1055.36,21994038,Reliance,RELIANCE.NS,-0.0191,0.9638,1.0231,1
2023-03-01,1065.1,1065.79,1055.67,1065.06,11551145,Reliance,RELIANCE.NS,0.0092,-0.4748,1.0096,0
2023-03-02,1061.92,1068.58,1054.92,1056.95,9333535,Reliance,RELIANCE.NS,-0.0076,-0.192,1.0129,1
2023-03-03,1067.44,1087.57,1063.99,1083.92,14643807,Reliance,RELIANCE.NS,0.0255,0.5689,1.0222,1
2023-03-06,1090.55,1101.73,1090.55,1094.5,10171916,Reliance,RELIANCE.NS,0.0098,-0.3054,1.0103,1
2023-03-08,1094.5,1099.18,1083.73,1098.43,15782657,Reliance,RELIANCE.NS,0.0036,0.5516,1.0143,0
2023-03-09,1097.82,1098.23,1070.15,1072.03,16235128,Reliance,RELIANCE.NS,-0.024,0.0287,1.0262,0
2023-03-10,1063.97,1065.1,1051.95,1055.42,13334091,Reliance,RELIANCE.NS,-0.0155,-0.1787,1.0125,0
2023-03-13,1058.29,1065.1,1033.75,1038.07,12771592,Reliance,RELIANCE.NS,-0.0164,-0.0422,1.0303,0
2023-03-14,1036.02,1047.36,1031.05,1034.18,16027522,Reliance,RELIANCE.NS,-0.0037,0.2549,1.0158,0
2023-03-15,1037.89,1044.34,1012.12,1016.51,21728555,Reliance,RELIANCE.NS,-0.0171,0.3557,1.0318,0
2023-03-16,1019.21,1024.21,1000.67,1011.44,18363159,Reliance,RELIANCE.NS,-0.005,-0.1549,1.0235,0
2023-03-17,1020.0,1023.28,1005.44,1010.17,34014213,Reliance,RELIANCE.NS,-0.0013,0.8523,1.0177,0
2023-03-20,1006.49,1008.76,990.58,1000.24,19524589,Reliance,RELIANCE.NS,-0.0098,-0.426,1.0183,1
2023-03-21,1008.28,1033.3,1007.4,1031.34,21400360,Reliance,RELIANCE.NS,0.0311,0.0961,1.0257,1
2023-03-22,1038.29,1041.23,1031.48,1034.48,10920094,Reliance,RELIANCE.NS,0.003,-0.4897,1.0094,0
2023-03-23,1030.57,1031.43,1019.23,1021.39,16249370,Reliance,RELIANCE.NS,-0.0127,0.488,1.012,0
2023-03-24,1020.23,1022.39,998.76,1001.17,12375945,Reliance,RELIANCE.NS,-0.0198,-0.2384,1.0237,1
2023-03-27,1007.62,1024.21,999.76,1016.73,14054323,Reliance,RELIANCE.NS,0.0155,0.1356,1.0245,1
2023-03-28,1020.12,1025.34,1016.48,1021.48,12576424,Reliance,RELIANCE.NS,0.0047,-0.1052,1.0087,0
2023-03-29,1017.39,1020.03,1004.71,1015.44,18804065,Reliance,RELIANCE.NS,-0.0059,0.4952,1.0152,1
2023-03-31,1024.66,1064.85,1024.53,1059.22,28171201,Reliance,RELIANCE.NS,0.0431,0.4981,1.0394,1
2023-04-03,1065.56,1067.38,1051.93,1059.4,10293043,Reliance,RELIANCE.NS,0.0002,-0.6346,1.0147,0
2023-04-05,1066.92,1066.92,1049.0,1056.86,16262928,Reliance,RELIANCE.NS,-0.0024,0.58,1.0171,1
2023-04-06,1053.36,1069.65,1053.36,1063.94,18435046,Reliance,RELIANCE.NS,0.0067,0.1336,1.0155,0
2023-04-10,1067.83,1068.01,1054.9,1056.4,12961408,Reliance,RELIANCE.NS,-0.0071,-0.2969,1.0124,1
2023-04-11,1060.56,1063.74,1056.04,1061.63,10542367,Reliance,RELIANCE.NS,0.0049,-0.1866,1.0073,1
2023-04-12,1061.63,1075.92,1058.76,1066.31,18179087,Reliance,RELIANCE.NS,0.0044,0.7244,1.0162,1
2023-04-13,1069.19,1075.01,1064.19,1070.33,12378208,Reliance,RELIANCE.NS,0.0038,-0.3191,1.0102,1
2023-04-17,1101.89,1101.89,1067.4,1075.76,17929479,Reliance,RELIANCE.NS,0.0051,0.4485,1.0323,0
2023-04-18,1080.1,1080.1,1056.92,1063.44,10405576,Reliance,RELIANCE.NS,-0.0114,-0.4196,1.0219,1
2023-04-19,1062.85,1071.42,1059.74,1068.74,12273475,Reliance,RELIANCE.NS,0.005,0.1795,1.011,0
2023-04-20,1069.69,1071.92,1059.7,1066.03,7007330,Reliance,RELIANCE.NS,-0.0025,-0.4291,1.0115,1
2023-04-21,1068.13,1072.83,1061.65,1067.38,7647317,Reliance,RELIANCE.NS,0.0013,0.0913,1.0105,1
2023-04-24,1079.19,1081.87,1066.92,1071.47,12936186,Reliance,RELIANCE.NS,0.0038,0.6916,1.014,1
2023-04-25,1075.1,1081.73,1068.06,1079.67,9236126,Reliance,RELIANCE.NS,0.0077,-0.286,1.0128,0
2023-04-26,1081.01,1084.23,1069.67,1073.33,8617834,Reliance,RELIANCE.NS,-0.0059,-0.0669,1.0136,1
2023-04-27,1079.19,1083.28,1074.19,1080.12,9167125,Reliance,RELIANCE.NS,0.0063,0.0637,1.0085,1
2023-04-28,1082.37,1101.41,1082.26,1099.86,15565210,Reliance,RELIANCE.NS,0.0183,0.6979,1.0177,1
2023-05-02,1107.0,1111.36,1103.32,1109.2,12981805,Reliance,RELIANCE.NS,0.0085,-0.166,1.0073,0
2023-05-03,1111.0,1111.0,1096.48,1099.68,7061872,Reliance,RELIANCE.NS,-0.0086,-0.456,1.0132,1
2023-05-04,1100.16,1114.56,1097.18,1112.36,8635233,Reliance,RELIANCE.NS,0.0115,0.2228,1.0158,0
2023-05-05,1109.18,1118.43,1106.91,1109.52,8746585,Reliance,RELIANCE.NS,-0.0026,0.0129,1.0104,1
2023-05-08,1113.27,1128.56,1110.61,1123.22,9153782,Reliance,RELIANCE.NS,0.0123,0.0466,1.0162,1
2023-05-09,1124.63,1129.99,1119.29,1126.7,6464721,Reliance,RELIANCE.NS,0.0031,-0.2938,1.0096,1
2023-05-10,1131.45,1135.92,1127.45,1134.44,10872255,Reliance,RELIANCE.NS,0.0069,0.6818,1.0075,0
2023-05-11,1135.51,1140.31,1125.33,1127.04,10557860,Reliance,RELIANCE.NS,-0.0065,-0.0289,1.0133,1
2023-05-12,1122.27,1130.26,1116.22,1128.88,6955341,Reliance,RELIANCE.NS,0.0016,-0.3412,1.0126,1
2023-05-15,1131.4,1138.06,1123.79,1131.1,6833343,Reliance,RELIANCE.NS,0.002,-0.0175,1.0127,0
2023-05-16,1133.26,1135.81,1113.34,1115.0,8717229,Reliance,RELIANCE.NS,-0.0142,0.2757,1.0202,0
2023-05-17,1119.18,1120.09,1103.73,1108.41,8798967,Reliance,RELIANCE.NS,-0.0059,0.0094,1.0148,0
2023-05-18,1113.07,1116.45,1102.89,1106.02,10525531,Reliance,RELIANCE.NS,-0.0022,0.1962,1.0123,1
2023-05-19,1106.02,1111.43,1099.11,1109.61,8050447,Reliance,RELIANCE.NS,0.0032,-0.2352,1.0112,1
2023-05-22,1106.45,1120.54,1105.25,1115.54,7434906,Reliance,RELIANCE.NS,0.0053,-0.0765,1.0138,0
2023-05-23,1118.11,1121.45,1113.93,1115.34,6092034,Reliance,RELIANCE.NS,-0.0002,-0.1806,1.0068,0
2023-05-24,1111.41,1119.63,1105.75,1108.84,8112254,Reliance,RELIANCE.NS,-0.0058,0.3316,1.0126,0
2023-05-25,1105.95,1112.82,1097.84,1108.7,11487863,Reliance,RELIANCE.NS,-0.0001,0.4161,1.0136,1
2023-05-26,1116.9,1140.08,1113.61,1138.94,12626260,Reliance,RELIANCE.NS,0.0273,0.0991,1.0238,1
2023-05-29,1145.53,1149.62,1139.26,1145.35,10010304,Reliance,RELIANCE.NS,0.0056,-0.2072,1.0091,0
2023-05-30,1145.35,1153.12,1142.51,1145.05,11342504,Reliance,RELIANCE.NS,-0.0003,0.1331,1.0093,0
2023-05-31,1135.99,1140.47,1118.27,1122.31,27107927,Reliance,RELIANCE.NS,-0.0199,1.3899,1.0198,0
2023-06-01,1126.97,1129.13,1116.9,1119.29,14592692,Reliance,RELIANCE.NS,-0.0027,-0.4617,1.0109,0
2023-06-02,1122.81,1128.2,1113.72,1115.63,15800644,Reliance,RELIANCE.NS,-0.0033,0.0828,1.013,1
2023-06-05,1121.09,1128.61,1117.11,1125.65,10908682,Reliance,RELIANCE.NS,0.009,-0.3096,1.0103,1
2023-06-06,1128.47,1130.4,1118.72,1126.61,7493309,Reliance,RELIANCE.NS,0.0008,-0.3131,1.0104,1
2023-06-07,1130.08,1135.99,1123.54,1135.15,10312545,Reliance,RELIANCE.NS,0.0076,0.3762,1.0111,1
2023-06-08,1138.72,1143.65,1131.9,1135.83,12071109,Reliance,RELIANCE.NS,0.0006,0.1705,1.0104,0
2023-06-09,1139.17,1139.87,1125.99,1127.79,5877018,Reliance,RELIANCE.NS,-0.0071,-0.5131,1.0123,1
2023-06-12,1124.86,1131.08,1120.09,1128.79,6391969,Reliance,RELIANCE.NS,0.0009,0.0876,1.0098,1
2023-06-13,1133.72,1146.64,1129.74,1145.46,11248016,Reliance,RELIANCE.NS,0.0148,0.7597,1.015,1
2023-06-14,1145.53,1160.98,1143.71,1159.55,13277380,Reliance,RELIANCE.NS,0.0123,0.1804,1.0151,1
2023-06-15,1159.53,1164.41,1152.12,1159.87,11813494,Reliance,RELIANCE.NS,0.0003,-0.1103,1.0107,1
2023-06-16,1163.34,1173.43,1163.34,1171.16,24171579,Reliance,RELIANCE.NS,0.0097,1.0461,1.0087,0
2023-06-19,1174.16,1174.16,1155.37,1159.53,6798554,Reliance,RELIANCE.NS,-0.0099,-0.7187,1.0163,1
2023-06-20,1157.6,1165.07,1151.89,1161.94,6921096,Reliance,RELIANCE.NS,0.0021,0.018,1.0114,1
2023-06-21,1161.89,1167.73,1157.8,1165.21,6961603,Reliance,RELIANCE.NS,0.0028,0.0059,1.0086,0
2023-06-22,1161.44,1169.3,1150.53,1152.12,7619166,Reliance,RELIANCE.NS,-0.0112,0.0945,1.0163,0
2023-06-23,1149.12,1151.17,1141.44,1142.69,6628570,Reliance,RELIANCE.NS,-0.0082,-0.13,1.0085,0
2023-06-26,1139.17,1142.99,1130.85,1133.97,12641159,Reliance,RELIANCE.NS,-0.0076,0.9071,1.0107,1
2023-06-27,1134.42,1140.31,1129.92,1134.38,9689466,Reliance,RELIANCE.NS,0.0004,-0.2335,1.0092,1
2023-06-28,1141.9,1153.19,1135.01,1149.39,11354006,Reliance,RELIANCE.NS,0.0132,0.1718,1.016,1
2023-06-30,1157.07,1161.73,1151.19,1158.82,11151555,Reliance,RELIANCE.NS,0.0082,-0.0178,1.0092,1
2023-07-03,1162.37,1191.43,1161.14,1188.56,12154387,Reliance,RELIANCE.NS,0.0257,0.0899,1.0261,0
2023-07-04,1192.79,1192.79,1169.27,1176.32,8061643,Reliance,RELIANCE.NS,-0.0103,-0.3367,1.0201,0
2023-07-05,1185.52,1185.52,1170.43,1174.39,10248062,Reliance,RELIANCE.NS,-0.0016,0.2712,1.0129,1
2023-07-06,1170.55,1201.63,1170.55,1199.04,19117987,Reliance,RELIANCE.NS,0.021,0.8655,1.0266,0
2023-07-07,1197.33,1210.94,1194.15,1196.7,13375267,Reliance,RELIANCE.NS,-0.002,-0.3004,1.0141,1
2023-07-10,1221.82,1252.31,1215.51,1242.79,33240016,Reliance,RELIANCE.NS,0.0385,1.4852,1.0303,1
2023-07-11,1250.91,1258.68,1243.95,1256.27,20069348,Reliance,RELIANCE.NS,0.0108,-0.3962,1.0118,1
2023-07-12,1256.99,1273.22,1254.88,1257.65,18733835,Reliance,RELIANCE.NS,0.0011,-0.0665,1.0146,0
2023-07-13,1264.99,1271.85,1243.79,1246.41,14682934,Reliance,RELIANCE.NS,-0.0089,-0.2162,1.0226,0
2023-07-14,1249.59,1254.54,1238.27,1245.36,15124144,Reliance,RELIANCE.NS,-0.0008,0.03,1.0131,1
2023-07-17,1248.23,1279.15,1239.59,1270.81,22220040,Reliance,RELIANCE.NS,0.0204,0.4692,1.0319,1
2023-07-18,1280.03,1289.32,1269.13,1281.6,25867313,Reliance,RELIANCE.NS,0.0085,0.1641,1.0159,1
2023-07-19,1285.94,1297.75,1270.94,1291.32,39122156,Reliance,RELIANCE.NS,0.0076,0.5124,1.0211,0
2023-07-20,1270.14,1295.22,1270.14,1289.76,38717624,Reliance,RELIANCE.NS,-0.0012,-0.0103,1.0197,0
2023-07-21,1284.42,1287.32,1242.38,1249.83,30249238,Reliance,RELIANCE.NS,-0.031,-0.2187,1.0362,0
2023-07-24,1221.4,1238.12,1215.64,1224.55,23727866,Reliance,RELIANCE.NS,-0.0202,-0.2156,1.0185,0
2023-07-25,1227.8,1233.32,1220.91,1223.77,12026020,Reliance,RELIANCE.NS,-0.0006,-0.4932,1.0102,1
2023-07-26,1223.37,1253.9,1223.37,1243.66,12911012,Reliance,RELIANCE.NS,0.0163,0.0736,1.0249,0
2023-07-27,1247.52,1249.29,1226.01,1232.09,17226898,Reliance,RELIANCE.NS,-0.0093,0.3343,1.019,1
2023-07-28,1236.69,1251.85,1231.03,1244.47,20827852,Reliance,RELIANCE.NS,0.01,0.209,1.0169,1
2023-07-31,1244.47,1257.29,1239.59,1255.0,8551174,Reliance,RELIANCE.NS,0.0085,-0.5894,1.0143,0
2023-08-01,1257.83,1259.8,1233.37,1237.26,9536632,Reliance,RELIANCE.NS,-0.0141,0.1152,1.0214,0
2023-08-02,1235.29,1236.67,1212.84,1224.04,12748214,Reliance,RELIANCE.NS,-0.0107,0.3368,1.0196,0
2023-08-03,1218.6,1231.2,1210.11,1218.89,10168350,Reliance,RELIANCE.NS,-0.0042,-0.2024,1.0174,1
2023-08-04,1230.17,1238.63,1216.78,1235.46,22885610,Reliance,RELIANCE.NS,0.0136,1.2507,1.018,1
2023-08-07,1241.1,1244.74,1233.22,1242.5,5982870,Reliance,RELIANCE.NS,0.0057,-0.7386,1.0093,0
2023-08-08,1244.54,1247.72,1230.54,1235.02,9844072,Reliance,RELIANCE.NS,-0.006,0.6454,1.014,1
2023-08-09,1233.15,1245.03,1221.45,1243.16,11486586,Reliance,RELIANCE.NS,0.0066,0.1669,1.0193,1
2023-08-10,1243.04,1255.37,1234.92,1248.7,15470598,Reliance,RELIANCE.NS,0.0045,0.3468,1.0166,1
2023-08-11,1246.73,1259.73,1236.84,1253.97,22179330,Reliance,RELIANCE.NS,0.0042,0.4336,1.0185,1
2023-08-14,1249.96,1271.27,1243.07,1268.79,9575812,Reliance,RELIANCE.NS,0.0118,-0.5683,1.0227,0
2023-08-16,1255.87,1271.52,1255.87,1267.75,10203112,Reliance,RELIANCE.NS,-0.0008,0.0655,1.0125,0
2023-08-17,1263.79,1269.21,1246.93,1249.47,13673744,Reliance,RELIANCE.NS,-0.0144,0.3402,1.0179,1
2023-08-18,1246.14,1268.96,1234.97,1258.72,18639978,Reliance,RELIANCE.NS,0.0074,0.3632,1.0275,0
2023-08-21,1254.84,1262.5,1242.84,1244.99,9221746,Reliance,RELIANCE.NS,-0.0109,-0.5053,1.0158,0
2023-08-22,1243.45,1253.85,1234.61,1244.69,7713044,Reliance,RELIANCE.NS,-0.0002,-0.1636,1.0156,1
2023-08-23,1247.06,1256.28,1243.48,1246.07,9517952,Reliance,RELIANCE.NS,0.0011,0.234,1.0103,0
2023-08-24,1254.82,1254.82,1220.78,1225.13,14140020,Reliance,RELIANCE.NS,-0.0168,0.4856,1.0279,0
2023-08-25,1213.37,1237.58,1206.75,1219.47,22222400,Reliance,RELIANCE.NS,-0.0046,0.5716,1.0255,0
2023-08-28,1221.27,1227.2,1201.07,1207.32,12580826,Reliance,RELIANCE.NS,-0.01,-0.4339,1.0218,0
2023-08-29,1211.42,1212.11,1189.73,1195.76,16876644,Reliance,RELIANCE.NS,-0.0096,0.3415,1.0188,0
2023-08-30,1201.51,1206.94,1193.11,1194.62,12168946,Reliance,RELIANCE.NS,-0.001,-0.2789,1.0116,0
2023-08-31,1197.06,1198.05,1185.65,1189.16,21638600,Reliance,RELIANCE.NS,-0.0046,0.7782,1.0105,1
2023-09-01,1188.94,1198.37,1186.52,1191.95,18112842,Reliance,RELIANCE.NS,0.0023,-0.1629,1.01,0
2023-09-04,1191.95,1197.39,1188.32,1190.99,9347626,Reliance,RELIANCE.NS,-0.0008,-0.4839,1.0076,1
2023-09-05,1195.58,1202.47,1191.85,1197.36,8675876,Reliance,RELIANCE.NS,0.0054,-0.0719,1.0089,1
2023-09-06,1196.13,1203.56,1194.22,1199.88,8200370,Reliance,RELIANCE.NS,0.0021,-0.0548,1.0078,1
2023-09-07,1196.42,1204.6,1191.14,1201.51,13652572,Reliance,RELIANCE.NS,0.0014,0.6649,1.0113,1
2023-09-08,1205.46,1213.37,1197.04,1209.51,23109288,Reliance,RELIANCE.NS,0.0067,0.6927,1.0136,1
2023-09-11,1211.39,1223.67,1211.39,1222.56,13271074,Reliance,RELIANCE.NS,0.0108,-0.4257,1.0101,0
2023-09-12,1226.71,1226.71,1203.46,1204.9,16255666,Reliance,RELIANCE.NS,-0.0144,0.2249,1.0193,1
2023-09-13,1205.46,1216.65,1198.67,1210.92,12803338,Reliance,RELIANCE.NS,0.005,-0.2124,1.015,1
2023-09-14,1215.34,1218.21,1207.93,1212.03,9209636,Reliance,RELIANCE.NS,0.0009,-0.2807,1.0085,1
2023-09-15,1219.3,1219.3,1210.16,1214.28,25468592,Reliance,RELIANCE.NS,0.0019,1.7654,1.0076,0
2023-09-18,1205.49,1210.9,1201.54,1203.71,7516300,Reliance,RELIANCE.NS,-0.0087,-0.7049,1.0078,0
2023-09-20,1197.09,1199.34,1163.47,1176.88,57081884,Reliance,RELIANCE.NS,-0.0223,6.5944,1.0308,0
2023-09-21,1173.33,1180.81,1165.94,1168.31,12226182,Reliance,RELIANCE.NS,-0.0073,-0.7858,1.0128,0
2023-09-22,1173.84,1177.03,1161.0,1163.44,19176786,Reliance,RELIANCE.NS,-0.0042,0.5685,1.0138,0
2023-09-25,1161.2,1166.29,1153.64,1156.28,14254884,Reliance,RELIANCE.NS,-0.0062,-0.2567,1.011,1
2023-09-26,1155.34,1161.1,1153.88,1157.29,10087782,Reliance,RELIANCE.NS,0.0009,-0.2923,1.0063,1
2023-09-27,1157.79,1171.77,1155.32,1170.34,11722778,Reliance,RELIANCE.NS,0.0113,0.1621,1.0142,0
2023-09-28,1177.3,1177.3,1148.65,1153.14,14518346,Reliance,RELIANCE.NS,-0.0147,0.2385,1.0249,1
2023-09-29,1156.95,1170.44,1153.14,1158.53,12342014,Reliance,RELIANCE.NS,0.0047,-0.1499,1.015,0
2023-10-03,1151.09,1153.89,1144.2,1145.26,8859056,Reliance,RELIANCE.NS,-0.0114,-0.2822,1.0085,0
2023-10-04,1140.74,1145.68,1133.88,1143.29,10286386,Reliance,RELIANCE.NS,-0.0017,0.1611,1.0104,0
2023-10-05,1145.81,1150.82,1140.74,1143.26,10953682,Reliance,RELIANCE.NS,-0.0,0.0649,1.0088,1
2023-10-06,1144.72,1148.55,1142.25,1145.19,5431026,Reliance,RELIANCE.NS,0.0017,-0.5042,1.0055,0
2023-10-09,1140.3,1142.2,1133.83,1135.43,7576878,Reliance,RELIANCE.NS,-0.0085,0.3951,1.0074,1
2023-10-10,1139.53,1145.14,1138.15,1140.45,10236032,Reliance,RELIANCE.NS,0.0044,0.351,1.0061,1
2023-10-11,1143.44,1160.85,1142.72,1158.55,9814118,Reliance,RELIANCE.NS,0.0159,-0.0412,1.0159,1
2023-10-12,1157.96,1165.62,1155.14,1160.7,12554450,Reliance,RELIANCE.NS,0.0019,0.2792,1.0091,0
2023-10-13,1156.06,1164.7,1150.7,1160.65,10150316,Reliance,RELIANCE.NS,-0.0,-0.1915,1.0122,0
2023-10-16,1158.53,1163.25,1154.08,1158.06,5929036,Reliance,RELIANCE.NS,-0.0022,-0.4159,1.0079,1
2023-10-17,1163.96,1165.79,1156.7,1163.59,7928180,Reliance,RELIANCE.NS,0.0048,0.3372,1.0079,0
2023-10-18,1163.59,1169.4,1146.67,1148.15,8918320,Reliance,RELIANCE.NS,-0.0133,0.1249,1.0198,0
2023-10-19,1142.23,1147.07,1136.79,1139.34,12032556,Reliance,RELIANCE.NS,-0.0077,0.3492,1.009,0
2023-10-20,1136.3,1143.56,1134.47,1135.85,8913312,Reliance,RELIANCE.NS,-0.0031,-0.2592,1.008,0
2023-10-23,1131.36,1139.38,1114.19,1118.12,7853962,Reliance,RELIANCE.NS,-0.0156,-0.1189,1.0226,0
2023-10-25,1111.62,1127.01,1108.14,1115.52,11620688,Reliance,RELIANCE.NS,-0.0023,0.4796,1.017,0
2023-10-26,1112.09,1115.55,1096.92,1099.99,15222534,Reliance,RELIANCE.NS,-0.0139,0.31,1.017,1
2023-10-27,1106.65,1123.2,1104.65,1119.4,11771084,Reliance,RELIANCE.NS,0.0177,-0.2267,1.0168,1
2023-10-30,1123.45,1148.65,1121.45,1142.47,16813304,Reliance,RELIANCE.NS,0.0206,0.4284,1.0243,0
2023-10-31,1150.13,1150.13,1127.85,1130.32,12808438,Reliance,RELIANCE.NS,-0.0106,-0.2382,1.0198,1
2023-11-01,1130.94,1144.94,1124.04,1135.01,10309190,Reliance,RELIANCE.NS,0.0042,-0.1951,1.0186,1
2023-11-02,1143.19,1148.3,1140.22,1146.28,10562104,Reliance,RELIANCE.NS,0.0099,0.0245,1.0071,0
2023-11-03,1149.73,1153.56,1144.08,1146.03,8850156,Reliance,RELIANCE.NS,-0.0002,-0.1621,1.0083,1
2023-11-06,1152.25,1156.06,1148.94,1155.56,10647304,Reliance,RELIANCE.NS,0.0083,0.2031,1.0062,0
2023-11-07,1153.12,1155.61,1145.96,1148.06,6960204,Reliance,RELIANCE.NS,-0.0065,-0.3463,1.0084,1
2023-11-08,1152.11,1156.55,1147.04,1154.03,7884494,Reliance,RELIANCE.NS,0.0052,0.1328,1.0083,0
2023-11-09,1154.01,1154.03,1138.37,1141.51,14513610,Reliance,RELIANCE.NS,-0.0109,0.8408,1.0138,1
2023-11-10,1139.04,1144.37,1135.33,1143.66,7734954,Reliance,RELIANCE.NS,0.0019,-0.4671,1.008,0
2023-11-13,1147.61,1148.45,1142.08,1143.51,3854810,Reliance,RELIANCE.NS,-0.0001,-0.5016,1.0056,1
2023-11-15,1156.06,1166.9,1149.64,1164.19,12220648,Reliance,RELIANCE.NS,0.0181,2.1702,1.015,1
2023-11-16,1161.54,1172.93,1159.49,1166.29,13134910,Reliance,RELIANCE.NS,0.0018,0.0748,1.0116,0
2023-11-17,1162.43,1172.49,1162.01,1163.74,7758634,Reliance,RELIANCE.NS,-0.0022,-0.4093,1.009,0
2023-11-20,1160.28,1165.15,1154.28,1160.68,4490186,Reliance,RELIANCE.NS,-0.0026,-0.4213,1.0094,1
2023-11-21,1168.9,1179.77,1166.04,1175.28,8214450,Reliance,RELIANCE.NS,0.0126,0.8294,1.0118,1
2023-11-22,1173.35,1182.96,1171.97,1179.87,8534814,Reliance,RELIANCE.NS,0.0039,0.039,1.0094,1
2023-11-23,1179.87,1185.7,1179.87,1183.48,8531542,Reliance,RELIANCE.NS,0.0031,-0.0004,1.0049,0
2023-11-24,1181.55,1186.99,1181.28,1182.69,6749486,Reliance,RELIANCE.NS,-0.0007,-0.2089,1.0048,1
2023-11-28,1182.69,1185.55,1173.47,1182.93,13792174,Reliance,RELIANCE.NS,0.0002,1.0434,1.0103,1
2023-11-29,1189.65,1191.61,1184.74,1186.05,12531306,Reliance,RELIANCE.NS,0.0026,-0.0914,1.0058,0
2023-11-30,1183.08,1186.05,1170.83,1174.56,28439984,Reliance,RELIANCE.NS,-0.0097,1.2695,1.013,1
2023-12-01,1174.83,1183.92,1174.63,1182.89,14342842,Reliance,RELIANCE.NS,0.0071,-0.4957,1.0079,1
2023-12-04,1210.4,1210.4,1185.01,1195.68,15590990,Reliance,RELIANCE.NS,0.0108,0.087,1.0214,1
2023-12-05,1204.97,1205.88,1196.4,1204.35,12693624,Reliance,RELIANCE.NS,0.0073,-0.1858,1.0079,1
2023-12-06,1208.97,1221.74,1202.99,1215.89,16422442,Reliance,RELIANCE.NS,0.0096,0.2938,1.0156,0
2023-12-07,1215.34,1215.81,1206.45,1213.89,8142096,Reliance,RELIANCE.NS,-0.0016,-0.5042,1.0078,0
2023-12-08,1217.25,1223.59,1207.93,1213.24,10204894,Reliance,RELIANCE.NS,-0.0005,0.2533,1.013,1
2023-12-11,1213.37,1219.1,1211.59,1215.02,7066138,Reliance,RELIANCE.NS,0.0015,-0.3076,1.0062,0
2023-12-12,1215.34,1217.79,1195.66,1197.58,9197124,Reliance,RELIANCE.NS,-0.0144,0.3016,1.0185,1
2023-12-13,1196.57,1204.65,1188.81,1202.47,10031182,Reliance,RELIANCE.NS,0.0041,0.0907,1.0133,1
2023-12-14,1212.38,1222.73,1206.77,1217.39,16972354,Reliance,RELIANCE.NS,0.0124,0.692,1.0132,1
2023-12-15,1224.24,1235.11,1220.31,1232.93,15932152,Reliance,RELIANCE.NS,0.0128,-0.0613,1.0121,1
2023-12-18,1232.93,1252.35,1230.63,1245.48,14165188,Reliance,RELIANCE.NS,0.0102,-0.1109,1.0176,1
2023-12-19,1262.28,1271.62,1247.56,1263.81,16820604,Reliance,RELIANCE.NS,0.0147,0.1875,1.0193,0
2023-12-20,1270.21,1283.94,1244.99,1248.52,17736722,Reliance,RELIANCE.NS,-0.0121,0.0545,1.0313,1
2023-12-21,1248.44,1271.42,1244.12,1266.01,13765454,Reliance,RELIANCE.NS,0.014,-0.2239,1.0219,1
2023-12-22,1264.55,1275.07,1258.65,1267.24,16541784,Reliance,RELIANCE.NS,0.001,0.2017,1.0131,1
2023-12-26,1268.7,1280.53,1266.08,1273.67,7465664,Reliance,RELIANCE.NS,0.0051,-0.5487,1.0114,1
2023-12-27,1275.62,1284.46,1271.22,1278.01,9204156,Reliance,RELIANCE.NS,0.0034,0.2329,1.0104,1
2023-12-28,1279.47,1290.44,1278.01,1287.25,12302636,Reliance,RELIANCE.NS,0.0072,0.3366,1.0097,0
2023-12-29,1289.99,1291.43,1274.28,1277.07,10864584,Reliance,RELIANCE.NS,-0.0079,-0.1169,1.0135,1
2024-01-01,1274.9,1287.89,1271.24,1279.69,4030540,Reliance,RELIANCE.NS,0.0021,-0.629,1.0131,1
2024-01-02,1277.1,1291.92,1271.17,1290.29,7448800,Reliance,RELIANCE.NS,0.0083,0.8481,1.0163,0
2024-01-03,1289.45,1301.31,1273.25,1276.26,9037536,Reliance,RELIANCE.NS,-0.0109,0.2133,1.022,1
2024-01-04,1278.58,1289.38,1274.18,1282.85,9612778,Reliance,RELIANCE.NS,0.0052,0.0637,1.0119,1
2024-01-05,1285.94,1294.32,1283.52,1288.31,8086406,Reliance,RELIANCE.NS,0.0043,-0.1588,1.0084,0
2024-01-08,1289.45,1300.29,1269.17,1278.26,7734652,Reliance,RELIANCE.NS,-0.0078,-0.0435,1.0245,0
2024-01-09,1284.51,1287.87,1273.25,1274.88,5403074,Reliance,RELIANCE.NS,-0.0026,-0.3014,1.0115,1
2024-01-10,1273.15,1313.66,1272.18,1309.26,11102740,Reliance,RELIANCE.NS,0.027,1.0549,1.0326,1
2024-01-11,1313.66,1346.27,1312.67,1343.7,23725852,Reliance,RELIANCE.NS,0.0263,1.1369,1.0256,1
2024-01-12,1343.7,1356.96,1329.71,1354.39,15012164,Reliance,RELIANCE.NS,0.008,-0.3673,1.0205,1
2024-01-15,1358.62,1379.81,1349.72,1377.51,8610594,Reliance,RELIANCE.NS,0.0171,-0.4264,1.0223,0
2024-01-16,1373.41,1379.66,1354.17,1358.25,9069024,Reliance,RELIANCE.NS,-0.014,0.0532,1.0188,0
2024-01-17,1343.3,1369.76,1338.88,1345.35,12197382,Reliance,RELIANCE.NS,-0.0095,0.3449,1.0231,1
2024-01-18,1335.3,1354.66,1335.15,1351.65,10279438,Reliance,RELIANCE.NS,0.0047,-0.1572,1.0146,0
2024-01-19,1359.6,1359.6,1342.81,1351.16,10422704,Reliance,RELIANCE.NS,-0.0004,0.0139,1.0125,0
2024-01-23,1355.4,1355.4,1306.79,1312.74,20055420,Reliance,RELIANCE.NS,-0.0284,0.9242,1.0372,1
2024-01-24,1319.32,1333.42,1308.15,1327.86,21919128,Reliance,RELIANCE.NS,0.0115,0.0929,1.0193,1
2024-01-25,1326.95,1347.9,1319.29,1336.95,11808872,Reliance,RELIANCE.NS,0.0068,-0.4613,1.0217,1
2024-01-29,1348.24,1435.19,1343.97,1430.8,23893438,Reliance,RELIANCE.NS,0.0702,1.0233,1.0679,0
2024-01-30,1442.55,1442.58,1387.69,1390.85,14093978,Reliance,RELIANCE.NS,-0.0279,-0.4101,1.0396,1
2024-01-31,1387.27,1417.16,1385.79,1409.63,15130226,Reliance,RELIANCE.NS,0.0135,0.0735,1.0226,1
2024-02-01,1417.9,1426.15,1401.15,1409.65,13349362,Reliance,RELIANCE.NS,0.0,-0.1177,1.0178,1
2024-02-02,1416.1,1457.33,1416.1,1440.33,19652588,Reliance,RELIANCE.NS,0.0218,0.4722,1.0291,0
2024-02-05,1443.34,1452.98,1414.47,1421.88,8814432,Reliance,RELIANCE.NS,-0.0128,-0.5515,1.0272,0
2024-02-06,1424.67,1424.67,1402.91,1410.79,9047984,Reliance,RELIANCE.NS,-0.0078,0.0265,1.0155,1
2024-02-07,1418.82,1432.23,1412.22,1424.97,9296568,Reliance,RELIANCE.NS,0.0101,0.0275,1.0142,1
2024-02-08,1432.72,1442.08,1410.52,1432.85,14694634,Reliance,RELIANCE.NS,0.0055,0.5807,1.0224,1
2024-02-09,1436.67,1454.44,1433.66,1443.34,12556798,Reliance,RELIANCE.NS,0.0073,-0.1455,1.0145,0
2024-02-12,1443.34,1443.59,1425.16,1435.04,6674430,Reliance,RELIANCE.NS,-0.0058,-0.4685,1.0129,1
2024-02-13,1438.16,1461.38,1436.67,1447.64,7715594,Reliance,RELIANCE.NS,0.0088,0.156,1.0172,1
2024-02-14,1440.13,1465.97,1440.13,1463.72,7117888,Reliance,RELIANCE.NS,0.0111,-0.0775,1.0179,0
2024-02-15,1465.67,1467.03,1449.05,1453.08,10006782,Reliance,RELIANCE.NS,-0.0073,0.4059,1.0124,0
2024-02-16,1458.88,1459.4,1441.17,1443.17,9767498,Reliance,RELIANCE.NS,-0.0068,-0.0239,1.0126,1
2024-02-19,1444.63,1461.87,1436.21,1456.44,6729828,Reliance,RELIANCE.NS,0.0092,-0.311,1.0179,0
2024-02-20,1457.45,1457.92,1444.38,1453.5,7117496,Reliance,RELIANCE.NS,-0.002,0.0576,1.0094,0
2024-02-21,1456.44,1470.79,1440.18,1450.21,12720292,Reliance,RELIANCE.NS,-0.0023,0.7872,1.0213,1
2024-02-22,1450.66,1467.26,1440.63,1464.09,18493728,Reliance,RELIANCE.NS,0.0096,0.4539,1.0185,1
2024-02-23,1471.75,1479.71,1465.68,1475.83,14438584,Reliance,RELIANCE.NS,0.008,-0.2193,1.0096,0
2024-02-26,1475.75,1476.72,1464.84,1469.6,7513106,Reliance,RELIANCE.NS,-0.0042,-0.4797,1.0081,0
2024-02-27,1465.35,1482.08,1460.44,1467.95,10826044,Reliance,RELIANCE.NS,-0.0011,0.441,1.0148,0
2024-02-28,1465.33,1473.51,1432.9,1438.28,8647950,Reliance,RELIANCE.NS,-0.0202,-0.2012,1.0283,1
2024-02-29,1447.54,1461.35,1437.19,1443.39,23628976,Reliance,RELIANCE.NS,0.0036,1.7323,1.0168,1
2024-03-01,1446.06,1482.13,1445.07,1474.35,12132926,Reliance,RELIANCE.NS,0.0214,-0.4865,1.0256,1
2024-03-04,1472.72,1494.43,1469.5,1489.44,10024420,Reliance,RELIANCE.NS,0.0102,-0.1738,1.017,0
2024-03-05,1487.83,1489.44,1468.34,1482.32,7107668,Reliance,RELIANCE.NS,-0.0048,-0.291,1.0144,1
2024-03-06,1475.65,1491.02,1460.88,1485.09,7805676,Reliance,RELIANCE.NS,0.0019,0.0982,1.0206,0
2024-03-07,1485.07,1485.19,1457.97,1461.3,8315726,Reliance,RELIANCE.NS,-0.016,0.0653,1.0187,0
2024-03-11,1471.26,1471.26,1446.06,1449.12,11277130,Reliance,RELIANCE.NS,-0.0083,0.3561,1.0174,1
2024-03-12,1449.12,1470.27,1447.57,1457.84,9432678,Reliance,RELIANCE.NS,0.006,-0.1636,1.0157,0
2024-03-13,1462.14,1465.43,1410.76,1415.11,13522134,Reliance,RELIANCE.NS,-0.0293,0.4335,1.0387,0
2024-03-14,1422.55,1431.26,1408.51,1414.42,18571102,Reliance,RELIANCE.NS,-0.0005,0.3734,1.0162,0
2024-03-15,1408.96,1416.15,1396.06,1401.33,19223818,Reliance,RELIANCE.NS,-0.0093,0.0351,1.0144,1
2024-03-18,1403.08,1424.55,1399.65,1422.32,9169392,Reliance,RELIANCE.NS,0.015,-0.523,1.0178,0
2024-03-19,1411.73,1420.47,1400.36,1408.27,8275764,Reliance,RELIANCE.NS,-0.0099,-0.0975,1.0144,1
2024-03-20,1410.94,1427.78,1407.06,1426.55,8488806,Reliance,RELIANCE.NS,0.013,0.0257,1.0147,1
2024-03-21,1435.22,1440.53,1427.46,1433.69,13006936,Reliance,RELIANCE.NS,0.005,0.5322,1.0092,1
2024-03-22,1432.7,1442.6,1430.1,1437.69,19527608,Reliance,RELIANCE.NS,0.0028,0.5013,1.0087,0
2024-03-26,1427.78,1435.09,1421.85,1424.4,11415906,Reliance,RELIANCE.NS,-0.0092,-0.4154,1.0093,1
2024-03-27,1430.75,1482.13,1429.76,1475.06,16326644,Reliance,RELIANCE.NS,0.0356,0.4302,1.0366,0
2024-03-28,1475.09,1488.01,1461.03,1468.15,21854364,Reliance,RELIANCE.NS,-0.0047,0.3386,1.0185,0
2024-04-01,1474.69,1476.17,1464.84,1467.08,5013880,Reliance,RELIANCE.NS,-0.0007,-0.7706,1.0077,1
2024-04-02,1466.32,1476.2,1457.42,1469.23,8910166,Reliance,RELIANCE.NS,0.0015,0.7771,1.0129,0
2024-04-03,1464.42,1466.76,1451.4,1454.07,7008292,Reliance,RELIANCE.NS,-0.0103,-0.2134,1.0106,0
2024-04-04,1462.12,1462.12,1432.72,1445.49,14490272,Reliance,RELIANCE.NS,-0.0059,1.0676,1.0205,0
2024-04-05,1443.47,1453.27,1438.65,1442.7,7442298,Reliance,RELIANCE.NS,-0.0019,-0.4864,1.0102,1
2024-04-08,1445.54,1473.21,1443.59,1468.27,8357118,Reliance,RELIANCE.NS,0.0177,0.1229,1.0205,0
2024-04-09,1471.26,1472.05,1445.07,1446.21,7071414,Reliance,RELIANCE.NS,-0.015,-0.1538,1.0187,1
2024-04-10,1448.88,1469.28,1448.88,1461.95,9138330,Reliance,RELIANCE.NS,0.0109,0.2923,1.0141,0
2024-04-12,1458.29,1468.76,1445.64,1449.67,15551012,Reliance,RELIANCE.NS,-0.0084,0.7017,1.016,0
2024-04-15,1443.59,1464.46,1429.09,1447.37,12902062,Reliance,RELIANCE.NS,-0.0016,-0.1703,1.0248,1
2024-04-16,1436.03,1453.65,1433.64,1448.28,9366184,Reliance,RELIANCE.NS,0.0006,-0.2741,1.014,0
2024-04-18,1446.06,1468.29,1441.96,1446.88,19005692,Reliance,RELIANCE.NS,-0.001,1.0292,1.0183,1
2024-04-19,1439.42,1456.44,1425.83,1452.61,15741778,Reliance,RELIANCE.NS,0.004,-0.1717,1.0215,1
2024-04-22,1454.9,1465.16,1450.31,1462.22,10350362,Reliance,RELIANCE.NS,0.0066,-0.3425,1.0102,0
2024-04-23,1461.38,1475.7,1438.21,1441.94,14605554,Reliance,RELIANCE.NS,-0.0139,0.4111,1.0261,0
2024-04-24,1446.06,1451.05,1432.23,1432.9,10462776,Reliance,RELIANCE.NS,-0.0063,-0.2836,1.0131,1
2024-04-25,1425.31,1450.48,1424.32,1442.58,15943926,Reliance,RELIANCE.NS,0.0068,0.5239,1.0184,0
2024-04-26,1446.51,1447.54,1432.72,1435.24,9413848,Reliance,RELIANCE.NS,-0.0051,-0.4096,1.0103,1
2024-04-29,1432.72,1450.41,1432.72,1447.57,7247974,Reliance,RELIANCE.NS,0.0086,-0.2301,1.0123,1
2024-04-30,1450.51,1465.4,1445.44,1449.52,11474262,Reliance,RELIANCE.NS,0.0013,0.5831,1.0138,0
2024-05-02,1454.46,1459.72,1446.68,1449.08,14512646,Reliance,RELIANCE.NS,-0.0003,0.2648,1.009,0
2024-05-03,1453.47,1457.38,1399.28,1416.91,17226958,Reliance,RELIANCE.NS,-0.0222,0.187,1.0415,0
2024-05-06,1418.4,1422.84,1401.1,1402.61,7394208,Reliance,RELIANCE.NS,-0.0101,-0.5708,1.0155,0
2024-05-07,1399.1,1403.82,1375.41,1384.78,14517472,Reliance,RELIANCE.NS,-0.0127,0.9634,1.0207,1
2024-05-08,1380.85,1415.88,1380.85,1401.65,9439002,Reliance,RELIANCE.NS,0.0122,-0.3498,1.0254,0
2024-05-09,1396.16,1406.79,1373.44,1377.51,11009612,Reliance,RELIANCE.NS,-0.0172,0.1664,1.0243,1
2024-05-10,1380.11,1393.2,1371.54,1390.65,10505096,Reliance,RELIANCE.NS,0.0095,-0.0458,1.0158,0
2024-05-13,1383.22,1390.21,1367.51,1385.99,8456620,Reliance,RELIANCE.NS,-0.0034,-0.195,1.0166,1
2024-05-14,1384.28,1410.07,1383.34,1403.15,7188300,Reliance,RELIANCE.NS,0.0124,-0.15,1.0193,0
2024-05-15,1403.57,1412.94,1396.19,1399.4,5046534,Reliance,RELIANCE.NS,-0.0027,-0.298,1.012,1
2024-05-16,1401.65,1410.49,1381.37,1408.37,14711774,Reliance,RELIANCE.NS,0.0064,1.9152,1.0211,1
2024-05-17,1406.09,1420.07,1396.41,1418.59,10916476,Reliance,RELIANCE.NS,0.0073,-0.258,1.0169,1
2024-05-21,1408.61,1424.64,1408.61,1419.01,11176128,Reliance,RELIANCE.NS,0.0003,0.0238,1.0114,1
2024-05-22,1419.16,1451.27,1419.16,1443.25,10281604,Reliance,RELIANCE.NS,0.0171,-0.08,1.0226,1
2024-05-23,1441.17,1474.44,1437.66,1468.34,14608260,Reliance,RELIANCE.NS,0.0174,0.4208,1.0256,0
2024-05-24,1465.95,1470.76,1458.51,1462.61,7094776,Reliance,RELIANCE.NS,-0.0039,-0.5143,1.0084,0
2024-05-27,1462.59,1467.21,1444.13,1448.78,6629010,Reliance,RELIANCE.NS,-0.0095,-0.0656,1.016,0
2024-05-28,1450.51,1460.88,1435.44,1438.85,7820162,Reliance,RELIANCE.NS,-0.0069,0.1797,1.0177,0
2024-05-29,1429.26,1440.63,1421.31,1423.61,7383556,Reliance,RELIANCE.NS,-0.0106,-0.0558,1.0136,0
2024-05-30,1418.4,1423.24,1403.18,1407.87,13206858,Reliance,RELIANCE.NS,-0.0111,0.7887,1.0143,1
2024-05-31,1414.25,1425.06,1405.3,1413.36,31069832,Reliance,RELIANCE.NS,0.0039,1.3526,1.0141,1
2024-06-03,1465.33,1496.45,1441.62,1492.33,21527942,Reliance,RELIANCE.NS,0.0559,-0.3071,1.038,0
2024-06-04,1480.2,1480.2,1343.1,1380.63,36709098,Reliance,RELIANCE.NS,-0.0749,0.7052,1.1021,1
2024-06-05,1405.06,1414.1,1367.61,1403.82,17464890,Reliance,RELIANCE.NS,0.0168,-0.5242,1.034,1
2024-06-06,1417.9,1426.5,1404.41,1414.54,17855722,Reliance,RELIANCE.NS,0.0076,0.0224,1.0157,1
2024-06-07,1411.48,1454.46,1409.5,1452.43,18558696,Reliance,RELIANCE.NS,0.0268,0.0394,1.0319,1
2024-06-10,1452.43,1475.56,1450.58,1453.87,9251760,Reliance,RELIANCE.NS,0.001,-0.5015,1.0172,0
2024-06-11,1451.5,1456.12,1437.34,1439.32,11774902,Reliance,RELIANCE.NS,-0.01,0.2727,1.0131,1
2024-06-12,1440.13,1458.41,1437.84,1445.89,10081742,Reliance,RELIANCE.NS,0.0046,-0.1438,1.0143,1
2024-06-13,1454.46,1454.71,1442.7,1447.79,9181160,Reliance,RELIANCE.NS,0.0013,-0.0893,1.0083,1
2024-06-14,1452.48,1462.04,1439.86,1459.94,8157998,Reliance,RELIANCE.NS,0.0084,-0.1114,1.0154,1
2024-06-18,1469.63,1469.68,1453.82,1463.38,7196766,Reliance,RELIANCE.NS,0.0024,-0.1178,1.0109,0
2024-06-19,1469.78,1469.78,1438.65,1441.27,8725874,Reliance,RELIANCE.NS,-0.0151,0.2125,1.0216,1
2024-06-20,1441.62,1465.18,1432.82,1456.14,16113776,Reliance,RELIANCE.NS,0.0103,0.8467,1.0226,0
2024-06-21,1456.07,1457.13,1423.41,1436.87,31170360,Reliance,RELIANCE.NS,-0.0132,0.9344,1.0237,0
2024-06-24,1428.3,1432.23,1420.37,1424.3,8878386,Reliance,RELIANCE.NS,-0.0088,-0.7152,1.0083,1
2024-06-25,1425.81,1438.58,1423.83,1436.82,7045386,Reliance,RELIANCE.NS,0.0088,-0.2065,1.0104,1
2024-06-26,1428.82,1500.88,1427.91,1495.98,22014882,Reliance,RELIANCE.NS,0.0412,2.1247,1.0511,1
2024-06-27,1495.71,1519.18,1488.06,1512.31,28383030,Reliance,RELIANCE.NS,0.0109,0.2893,1.0209,1
2024-06-28,1512.78,1562.16,1512.78,1546.75,28957336,Reliance,RELIANCE.NS,0.0228,0.0202,1.0326,0
2024-07-01,1543.91,1560.58,1537.14,1541.56,7724306,Reliance,RELIANCE.NS,-0.0034,-0.7333,1.0153,1
2024-07-02,1550.8,1554.75,1538.45,1546.53,7749246,Reliance,RELIANCE.NS,0.0032,0.0032,1.0106,0
2024-07-03,1547.66,1556.23,1524.39,1533.93,9049620,Reliance,RELIANCE.NS,-0.0081,0.1678,1.0209,1
2024-07-04,1538.45,1548.82,1532.32,1535.51,6837176,Reliance,RELIANCE.NS,0.001,-0.2445,1.0108,1
2024-07-05,1535.31,1579.45,1529.55,1569.7,12269710,Reliance,RELIANCE.NS,0.0223,0.7946,1.0326,1
2024-07-08,1570.07,1589.63,1563.67,1581.82,9500806,Reliance,RELIANCE.NS,0.0077,-0.2257,1.0166,0
2024-07-09,1578.56,1581.43,1561.67,1571.33,6960002,Reliance,RELIANCE.NS,-0.0066,-0.2674,1.0127,0
2024-07-10,1575.99,1578.46,1544.52,1565.35,7134578,Reliance,RELIANCE.NS,-0.0038,0.0251,1.022,0
2024-07-11,1568.58,1585.13,1551.79,1561.82,11940946,Reliance,RELIANCE.NS,-0.0023,0.6737,1.0215,1
2024-07-12,1565.62,1586.02,1555.74,1577.7,12924784,Reliance,RELIANCE.NS,0.0102,0.0824,1.0195,1
2024-07-15,1585.33,1586.72,1566.61,1578.19,5329688,Reliance,RELIANCE.NS,0.0003,-0.5876,1.0128,0
2024-07-16,1574.51,1580.94,1550.43,1557.47,9386838,Reliance,RELIANCE.NS,-0.0131,0.7612,1.0197,1
2024-07-18,1557.22,1574.91,1539.26,1567.77,12298374,Reliance,RELIANCE.NS,0.0066,0.3102,1.0232,0
2024-07-19,1567.1,1571.03,1534.3,1536.62,13140390,Reliance,RELIANCE.NS,-0.0199,0.0685,1.0239,0
2024-07-22,1518.93,1519.18,1481.41,1482.79,19674376,Reliance,RELIANCE.NS,-0.035,0.4972,1.0255,0
2024-07-23,1483.11,1487.81,1445.57,1470.17,18052044,Reliance,RELIANCE.NS,-0.0085,-0.0825,1.0292,1
2024-07-24,1467.31,1491.51,1458.81,1477.88,11913362,Reliance,RELIANCE.NS,0.0052,-0.3401,1.0224,0
2024-07-25,1463.35,1482.6,1459.47,1474.62,12519876,Reliance,RELIANCE.NS,-0.0022,0.0509,1.0158,1
2024-07-26,1474.62,1494.4,1472.59,1491.04,9859940,Reliance,RELIANCE.NS,0.0111,-0.2125,1.0148,1
2024-07-29,1493.93,1509.3,1493.76,1501.99,7538550,Reliance,RELIANCE.NS,0.0073,-0.2354,1.0104,0
2024-07-30,1498.95,1506.83,1492.01,1495.12,8228208,Reliance,RELIANCE.NS,-0.0046,0.0915,1.0099,0
2024-07-31,1486.08,1492.45,1483.26,1487.49,10057346,Reliance,RELIANCE.NS,-0.0051,0.2223,1.0062,1
2024-08-01,1493.98,1499.91,1486.38,1497.24,10764222,Reliance,RELIANCE.NS,0.0066,0.0703,1.0091,0
2024-08-02,1487.07,1491.34,1475.48,1481.46,10268248,Reliance,RELIANCE.NS,-0.0105,-0.0461,1.0107,0
2024-08-05,1462.37,1466.22,1416.17,1430.08,17046704,Reliance,RELIANCE.NS,-0.0347,0.6601,1.0353,1
2024-08-06,1437.81,1459.89,1434.03,1438.7,10236186,Reliance,RELIANCE.NS,0.006,-0.3995,1.018,1
2024-08-07,1451.5,1454.95,1444.09,1447.37,8174568,Reliance,RELIANCE.NS,0.006,-0.2014,1.0075,0
2024-08-08,1440.16,1447.54,1428.7,1431.86,12387192,Reliance,RELIANCE.NS,-0.0107,0.5153,1.0132,1
2024-08-09,1442.6,1458.91,1438.65,1456.73,6249776,Reliance,RELIANCE.NS,0.0174,-0.4955,1.0141,0
2024-08-12,1452.48,1455.45,1440.38,1443.22,8184584,Reliance,RELIANCE.NS,-0.0093,0.3096,1.0105,1
2024-08-13,1443.34,1452.56,1440.63,1446.19,6265064,Reliance,RELIANCE.NS,0.0021,-0.2345,1.0083,0
2024-08-14,1446.11,1454.46,1436.38,1444.43,6267466,Reliance,RELIANCE.NS,-0.0012,0.0004,1.0126,1
2024-08-16,1451.15,1462.76,1440.68,1460.59,9416902,Reliance,RELIANCE.NS,0.0112,0.5025,1.0153,1
2024-08-19,1469.81,1485.47,1467.82,1475.66,13797742,Reliance,RELIANCE.NS,0.0103,0.4652,1.012,1
2024-08-20,1484.41,1491.05,1477.27,1483.14,8411808,Reliance,RELIANCE.NS,0.0051,-0.3903,1.0093,1
2024-08-21,1480.46,1494.96,1477.24,1485.84,7769996,Reliance,RELIANCE.NS,0.0018,-0.0763,1.012,0
2024-08-22,1490.13,1493.6,1477.89,1485.3,10445782,Reliance,RELIANCE.NS,-0.0004,0.3444,1.0106,1
2024-08-23,1490.87,1498.38,1485.6,1487.13,9249654,Reliance,RELIANCE.NS,0.0012,-0.1145,1.0086,1
2024-08-26,1494.07,1509.96,1490.13,1499.65,8816114,Reliance,RELIANCE.NS,0.0084,-0.0469,1.0133,0
2024-08-27,1497.57,1500.52,1486.61,1487.6,6251156,Reliance,RELIANCE.NS,-0.008,-0.2909,1.0094,0
2024-08-28,1492.11,1494.57,1480.22,1485.47,9610286,Reliance,RELIANCE.NS,-0.0014,0.5374,1.0097,1
2024-08-29,1490.23,1523.84,1481.21,1507.9,38335358,Reliance,RELIANCE.NS,0.0151,2.989,1.0288,0
2024-08-30,1520.87,1526.54,1490.45,1496.7,41620730,Reliance,RELIANCE.NS,-0.0074,0.0857,1.0242,1
2024-09-02,1497.94,1513.73,1493.73,1503.27,11240852,Reliance,RELIANCE.NS,0.0044,-0.7299,1.0134,0
2024-09-03,1508.23,1509.96,1494.59,1496.2,10923800,Reliance,RELIANCE.NS,-0.0047,-0.0282,1.0103,1
2024-09-04,1487.85,1504.51,1486.66,1501.58,11983304,Reliance,RELIANCE.NS,0.0036,0.097,1.012,0
2024-09-05,1506.04,1512.71,1474.32,1480.19,16264168,Reliance,RELIANCE.NS,-0.0142,0.3572,1.026,0
2024-09-06,1479.72,1484.18,1449.11,1452.28,19394228,Reliance,RELIANCE.NS,-0.0189,0.1925,1.0242,0
2024-09-09,1453.94,1457.34,1443.14,1449.93,9010298,Reliance,RELIANCE.NS,-0.0016,-0.5354,1.0098,0
2024-09-10,1448.0,1459.45,1445.1,1449.01,10768260,Reliance,RELIANCE.NS,-0.0006,0.1951,1.0099,0
2024-09-11,1450.52,1456.17,1435.16,1439.07,9760202,Reliance,RELIANCE.NS,-0.0069,-0.0936,1.0146,1
2024-09-12,1444.53,1473.28,1433.5,1467.13,22349376,Reliance,RELIANCE.NS,0.0195,1.2898,1.0278,0
2024-09-13,1463.76,1470.45,1456.92,1460.02,8711328,Reliance,RELIANCE.NS,-0.0048,-0.6102,1.0093,0
2024-09-16,1464.9,1468.22,1452.21,1458.75,5481774,Reliance,RELIANCE.NS,-0.0009,-0.3707,1.011,1
2024-09-17,1461.38,1464.82,1454.07,1459.69,5935328,Reliance,RELIANCE.NS,0.0006,0.0827,1.0074,0
2024-09-18,1457.41,1469.31,1448.04,1450.92,8574714,Reliance,RELIANCE.NS,-0.006,0.4447,1.0147,1
2024-09-19,1453.7,1463.86,1443.09,1457.09,16955902,Reliance,RELIANCE.NS,0.0043,0.9774,1.0144,1
2024-09-20,1461.38,1482.2,1458.78,1473.2,30897320,Reliance,RELIANCE.NS,0.0111,0.8222,1.0161,1
2024-09-23,1478.23,1488.64,1476.2,1480.59,8832314,Reliance,RELIANCE.NS,0.005,-0.7141,1.0084,0
2024-09-24,1475.76,1487.65,1475.14,1476.62,17137444,Reliance,RELIANCE.NS,-0.0027,0.9403,1.0085,1
2024-09-25,1471.19,1483.69,1467.53,1481.16,7069002,Reliance,RELIANCE.NS,0.0031,-0.5875,1.011,1
2024-09-26,1477.89,1491.12,1475.31,1485.12,18818998,Reliance,RELIANCE.NS,0.0027,1.6622,1.0107,1
2024-09-27,1486.17,1520.35,1479.23,1513.11,20597478,Reliance,RELIANCE.NS,0.0188,0.0945,1.0278,0
2024-09-30,1506.39,1511.92,1461.78,1463.93,27008814,Reliance,RELIANCE.NS,-0.0325,0.3113,1.0343,0
2024-10-01,1467.97,1475.21,1450.3,1452.28,16431642,Reliance,RELIANCE.NS,-0.008,-0.3916,1.0172,0
2024-10-03,1424.28,1436.99,1390.07,1394.93,37757294,Reliance,RELIANCE.NS,-0.0395,1.2978,1.0338,0
2024-10-04,1391.9,1405.21,1369.94,1374.65,37072876,Reliance,RELIANCE.NS,-0.0145,-0.0181,1.0257,0
2024-10-07,1381.57,1384.54,1349.72,1358.99,22181340,Reliance,RELIANCE.NS,-0.0114,-0.4017,1.0258,1
2024-10-08,1361.22,1389.0,1353.41,1385.39,17020808,Reliance,RELIANCE.NS,0.0194,-0.2327,1.0263,0
2024-10-09,1385.56,1388.98,1360.75,1362.83,14310610,Reliance,RELIANCE.NS,-0.0163,-0.1592,1.0207,0
2024-10-10,1368.21,1374.13,1357.7,1359.31,22358646,Reliance,RELIANCE.NS,-0.0026,0.5624,1.0121,1
2024-10-11,1358.27,1371.43,1357.11,1360.35,7980122,Reliance,RELIANCE.NS,0.0008,-0.6431,1.0106,1
2024-10-14,1367.64,1368.26,1356.54,1360.77,12221432,Reliance,RELIANCE.NS,0.0003,0.5315,1.0086,0
2024-10-15,1346.89,1359.96,1329.22,1332.52,33762794,Reliance,RELIANCE.NS,-0.0208,1.7626,1.0231,1
2024-10-16,1328.53,1352.32,1326.17,1342.48,20034438,Reliance,RELIANCE.NS,0.0075,-0.4066,1.0197,1
2024-10-17,1354.01,1356.73,1340.47,1344.81,15543660,Reliance,RELIANCE.NS,0.0017,-0.2242,1.0121,1
2024-10-18,1340.6,1356.71,1329.84,1347.66,12082452,Reliance,RELIANCE.NS,0.0021,-0.2227,1.0202,1
2024-10-21,1355.42,1362.24,1346.1,1357.48,14067408,Reliance,RELIANCE.NS,0.0073,0.1643,1.012,0
2024-10-22,1357.48,1364.22,1328.75,1331.85,15831960,Reliance,RELIANCE.NS,-0.0189,0.1254,1.0267,0
2024-10-23,1326.05,1345.85,1323.57,1327.06,17214742,Reliance,RELIANCE.NS,-0.0036,0.0873,1.0168,1
2024-10-24,1323.84,1332.2,1311.8,1328.33,22155934,Reliance,RELIANCE.NS,0.001,0.287,1.0156,0
2024-10-25,1332.0,1332.84,1310.68,1316.48,18597496,Reliance,RELIANCE.NS,-0.0089,-0.1606,1.0169,1
2024-10-28,1325.55,1341.42,1310.78,1322.93,10824350,Reliance,RELIANCE.NS,0.0049,-0.418,1.0234,1
2024-10-29,1316.73,1331.7,1309.0,1328.53,12008361,Reliance,RELIANCE.NS,0.0042,0.1094,1.0173,1
2024-10-30,1323.57,1338.44,1314.0,1332.39,11984423,Reliance,RELIANCE.NS,0.0029,-0.002,1.0186,0
2024-10-31,1328.53,1331.5,1314.8,1320.65,9331650,Reliance,RELIANCE.NS,-0.0088,-0.2214,1.0127,1
2024-11-01,1321.64,1330.46,1321.59,1327.19,2127335,Reliance,RELIANCE.NS,0.005,-0.772,1.0067,0
2024-11-04,1326.4,1328.53,1274.1,1291.0,19796890,Reliance,RELIANCE.NS,-0.0273,8.306,1.0427,1
2024-11-05,1281.93,1298.34,1275.14,1294.12,16267479,Reliance,RELIANCE.NS,0.0024,-0.1783,1.0182,1
2024-11-06,1298.78,1316.93,1289.07,1314.0,21625209,Reliance,RELIANCE.NS,0.0154,0.3294,1.0216,0
2024-11-07,1312.66,1312.66,1291.45,1294.47,9611974,Reliance,RELIANCE.NS,-0.0149,-0.5555,1.0164,0
2024-11-08,1286.54,1290.51,1264.08,1272.76,19814406,Reliance,RELIANCE.NS,-0.0168,1.0614,1.0209,0
2024-11-11,1268.0,1274.99,1256.15,1261.8,9056552,Reliance,RELIANCE.NS,-0.0086,-0.5429,1.015,1
2024-11-12,1264.63,1278.26,1256.65,1263.34,10671091,Reliance,RELIANCE.NS,0.0012,0.1783,1.0172,0
2024-11-13,1259.37,1264.53,1238.8,1241.33,14633633,Reliance,RELIANCE.NS,-0.0174,0.3713,1.0208,1
2024-11-14,1242.87,1261.7,1240.39,1256.75,12612633,Reliance,RELIANCE.NS,0.0124,-0.1381,1.0172,0
2024-11-18,1256.75,1262.0,1233.25,1249.96,13620611,Reliance,RELIANCE.NS,-0.0054,0.0799,1.0233,0
2024-11-19,1249.96,1270.53,1224.57,1231.02,14183746,Reliance,RELIANCE.NS,-0.0151,0.0413,1.0375,0
2024-11-21,1231.02,1233.3,1206.83,1212.53,19433843,Reliance,RELIANCE.NS,-0.015,0.3701,1.0219,1
2024-11-22,1218.87,1257.99,1211.98,1254.57,20471957,Reliance,RELIANCE.NS,0.0347,0.0534,1.038,1
2024-11-25,1278.95,1293.28,1271.47,1275.98,28923341,Reliance,RELIANCE.NS,0.0171,0.4128,1.0172,1
2024-11-26,1283.86,1286.74,1273.2,1284.61,9247557,Reliance,RELIANCE.NS,0.0068,-0.6803,1.0106,0
2024-11-27,1282.43,1292.69,1274.99,1282.13,9572746,Reliance,RELIANCE.NS,-0.0019,0.0352,1.0139,0
2024-11-28,1278.91,1285.5,1258.18,1259.92,15027412,Reliance,RELIANCE.NS,-0.0173,0.5698,1.0217,1
2024-11-29,1269.04,1288.37,1264.33,1281.14,13202307,Reliance,RELIANCE.NS,0.0168,-0.1215,1.019,1
2024-12-02,1276.97,1300.12,1266.12,1297.94,11024152,Reliance,RELIANCE.NS,0.0131,-0.165,1.0269,1
2024-12-03,1305.72,1315.44,1295.81,1311.97,16869482,Reliance,RELIANCE.NS,0.0108,0.5302,1.0151,0
2024-12-04,1314.65,1317.03,1292.88,1297.74,19608540,Reliance,RELIANCE.NS,-0.0108,0.1624,1.0187,1
2024-12-05,1303.1,1318.56,1294.97,1310.73,16858723,Reliance,RELIANCE.NS,0.01,-0.1402,1.0182,0
2024-12-06,1312.56,1312.56,1298.78,1300.32,9037514,Reliance,RELIANCE.NS,-0.0079,-0.4639,1.0106,0
2024-12-09,1291.84,1303.74,1282.03,1284.06,14650002,Reliance,RELIANCE.NS,-0.0125,0.621,1.0169,0
2024-12-10,1278.21,1283.81,1269.24,1273.85,16043729,Reliance,RELIANCE.NS,-0.008,0.0951,1.0115,0
2024-12-11,1274.0,1278.95,1265.12,1267.26,11724373,Reliance,RELIANCE.NS,-0.0052,-0.2692,1.0109,0
2024-12-12,1259.13,1267.26,1249.81,1252.09,20906813,Reliance,RELIANCE.NS,-0.012,0.7832,1.014,1
2024-12-13,1249.21,1264.28,1228.99,1261.95,28630222,Reliance,RELIANCE.NS,0.0079,0.3694,1.0287,0
2024-12-16,1264.08,1270.03,1255.71,1257.44,9486781,Reliance,RELIANCE.NS,-0.0036,-0.6686,1.0114,0
2024-12-17,1250.25,1253.08,1232.16,1234.64,17462791,Reliance,RELIANCE.NS,-0.0181,0.8407,1.017,1
2024-12-18,1230.03,1249.16,1230.03,1242.52,12670179,Reliance,RELIANCE.NS,0.0064,-0.2744,1.0156,0
2024-12-19,1228.39,1234.24,1218.48,1219.91,14244653,Reliance,RELIANCE.NS,-0.0182,0.1243,1.0129,0
2024-12-20,1213.52,1228.89,1191.21,1194.98,20312896,Reliance,RELIANCE.NS,-0.0204,0.426,1.0316,1
2024-12-23,1204.6,1216.69,1202.81,1211.83,10052824,Reliance,RELIANCE.NS,0.0141,-0.5051,1.0115,1
2024-12-24,1211.83,1222.99,1210.55,1212.28,6734917,Reliance,RELIANCE.NS,0.0004,-0.33,1.0103,0
2024-12-26,1213.77,1217.19,1203.85,1206.13,10016178,Reliance,RELIANCE.NS,-0.0051,0.4872,1.0111,1
2024-12-27,1207.87,1217.39,1206.58,1210.6,7000397,Reliance,RELIANCE.NS,0.0037,-0.3011,1.009,0
2024-12-30,1205.99,1212.73,1197.76,1200.33,8818766,Reliance,RELIANCE.NS,-0.0085,0.2598,1.0125,1
2024-12-31,1197.66,1208.66,1195.82,1205.04,6405475,Reliance,RELIANCE.NS,0.0039,-0.2737,1.0107,1
2025-01-01,1204.45,1215.8,1201.23,1210.79,5892590,Reliance,RELIANCE.NS,0.0048,-0.0801,1.0121,1
2025-01-02,1210.79,1233.79,1209.55,1231.17,15486276,Reliance,RELIANCE.NS,0.0168,1.6281,1.02,1
2025-01-03,1233.25,1251.24,1224.92,1240.44,15521102,Reliance,RELIANCE.NS,0.0075,0.0022,1.0215,0
2025-01-06,1243.21,1251.19,1204.6,1207.57,14816766,Reliance,RELIANCE.NS,-0.0265,-0.0454,1.0387,1
2025-01-07,1211.54,1233.84,1210.79,1230.23,10070505,Reliance,RELIANCE.NS,0.0188,-0.3203,1.019,1
2025-01-08,1238.31,1260.17,1234.69,1254.66,19346579,Reliance,RELIANCE.NS,0.0199,0.9211,1.0206,0
2025-01-09,1256.15,1258.88,1237.36,1244.01,12794704,Reliance,RELIANCE.NS,-0.0085,-0.3387,1.0174,0
2025-01-10,1243.11,1245.99,1225.42,1231.27,8120332,Reliance,RELIANCE.NS,-0.0102,-0.3653,1.0168,0
2025-01-13,1219.47,1234.59,1215.9,1229.23,13764861,Reliance,RELIANCE.NS,-0.0017,0.6951,1.0154,0
2025-01-14,1233.45,1242.62,1216.74,1228.14,13095266,Reliance,RELIANCE.NS,-0.0009,-0.0486,1.0213,1
2025-01-15,1234.29,1246.24,1231.22,1241.48,9578856,Reliance,RELIANCE.NS,0.0109,-0.2685,1.0122,1
2025-01-16,1248.12,1264.08,1240.59,1255.61,14117603,Reliance,RELIANCE.NS,0.0114,0.4738,1.0189,1
2025-01-17,1310.93,1314.65,1274.0,1291.2,29366277,Reliance,RELIANCE.NS,0.0283,1.0801,1.0319,1
2025-01-20,1304.73,1304.73,1289.12,1294.27,14040244,Reliance,RELIANCE.NS,0.0024,-0.5219,1.0121,0
2025-01-21,1299.28,1301.76,1259.32,1262.79,14562976,Reliance,RELIANCE.NS,-0.0243,0.0372,1.0337,1
2025-01-22,1267.36,1271.92,1257.84,1266.17,10273590,Reliance,RELIANCE.NS,0.0027,-0.2945,1.0112,0
2025-01-23,1259.13,1266.41,1250.8,1252.83,8720682,Reliance,RELIANCE.NS,-0.0105,-0.1512,1.0125,0
2025-01-24,1255.16,1262.1,1232.85,1235.63,14235970,Reliance,RELIANCE.NS,-0.0137,0.6324,1.0237,0
2025-01-27,1228.49,1229.83,1209.55,1218.82,9536019,Reliance,RELIANCE.NS,-0.0136,-0.3301,1.0168,1
2025-01-28,1227.4,1234.09,1208.07,1223.83,10568025,Reliance,RELIANCE.NS,0.0041,0.1082,1.0215,1
2025-01-29,1225.42,1232.11,1217.54,1224.92,5928156,Reliance,RELIANCE.NS,0.0009,-0.439,1.012,1
2025-01-30,1224.97,1246.24,1221.85,1242.32,9269259,Reliance,RELIANCE.NS,0.0142,0.5636,1.02,1
2025-01-31,1245.1,1256.15,1238.31,1254.27,6584612,Reliance,RELIANCE.NS,0.0096,-0.2896,1.0144,0
2025-02-01,1254.27,1259.67,1230.37,1253.77,7118453,Reliance,RELIANCE.NS,-0.0004,0.0811,1.0238,0
2025-02-03,1240.29,1245.25,1226.95,1235.23,9252345,Reliance,RELIANCE.NS,-0.0148,0.2998,1.0149,1
2025-02-04,1237.36,1277.77,1235.93,1274.2,16691069,Reliance,RELIANCE.NS,0.0315,0.804,1.0339,0
2025-02-05,1271.67,1279.45,1265.77,1267.26,10112028,Reliance,RELIANCE.NS,-0.0054,-0.3942,1.0108,1
2025-02-06,1262.79,1276.97,1259.47,1270.58,9956001,Reliance,RELIANCE.NS,0.0026,-0.0154,1.0139,0
2025-02-07,1265.22,1272.71,1251.19,1255.85,8764283,Reliance,RELIANCE.NS,-0.0116,-0.1197,1.0172,0
2025-02-10,1253.67,1255.66,1234.89,1242.92,6970972,Reliance,RELIANCE.NS,-0.0103,-0.2046,1.0168,0
2025-02-11,1253.72,1253.72,1219.57,1224.28,8859714,Reliance,RELIANCE.NS,-0.015,0.2709,1.028,0
2025-02-12,1209.01,1216.4,1183.13,1206.13,21131654,Reliance,RELIANCE.NS,-0.0148,1.3851,1.0281,0
2025-02-13,1206.63,1217.49,1201.62,1205.69,8511216,Reliance,RELIANCE.NS,-0.0004,-0.5972,1.0132,1
2025-02-14,1208.56,1213.52,1195.13,1206.83,10298145,Reliance,RELIANCE.NS,0.0009,0.2099,1.0154,1
2025-02-17,1200.73,1216.99,1194.19,1214.41,8166683,Reliance,RELIANCE.NS,0.0063,-0.207,1.0191,1
2025-02-18,1214.36,1219.37,1205.69,1214.91,6673250,Reliance,RELIANCE.NS,0.0004,-0.1829,1.0113,1
2025-02-19,1209.06,1222.2,1207.13,1216.94,6217338,Reliance,RELIANCE.NS,0.0017,-0.0683,1.0125,1
2025-02-20,1213.47,1228.74,1211.54,1222.44,7795582,Reliance,RELIANCE.NS,0.0045,0.2538,1.0142,0
2025-02-21,1218.18,1229.38,1211.69,1217.63,6904025,Reliance,RELIANCE.NS,-0.0039,-0.1144,1.0146,0
2025-02-24,1206.13,1212.78,1200.14,1204.15,7172498,Reliance,RELIANCE.NS,-0.0111,0.0389,1.0105,0
2025-02-25,1200.63,1210.55,1191.21,1193.69,11552182,Reliance,RELIANCE.NS,-0.0087,0.6106,1.0162,1
2025-02-27,1202.42,1204.6,1190.37,1196.76,11509215,Reliance,RELIANCE.NS,0.0026,-0.0037,1.012,0
2025-02-28,1191.71,1206.93,1183.08,1189.82,23007298,Reliance,RELIANCE.NS,-0.0058,0.999,1.0202,0
2025-03-03,1193.69,1196.12,1146.1,1161.22,17944938,Reliance,RELIANCE.NS,-0.024,-0.22,1.0436,0
2025-03-04,1152.25,1163.95,1149.62,1151.95,11377373,Reliance,RELIANCE.NS,-0.008,-0.366,1.0125,1
2025-03-05,1151.06,1172.87,1147.09,1165.53,8664095,Reliance,RELIANCE.NS,0.0118,-0.2385,1.0225,1
2025-03-06,1186.75,1203.56,1175.0,1199.24,14468014,Reliance,RELIANCE.NS,0.0289,0.6699,1.0243,1
2025-03-07,1205.59,1244.06,1201.62,1239.1,16474965,Reliance,RELIANCE.NS,0.0332,0.1387,1.0353,0
2025-03-10,1234.34,1247.23,1224.82,1227.8,11931051,Reliance,RELIANCE.NS,-0.0091,-0.2758,1.0183,1
2025-03-11,1229.38,1238.8,1219.22,1236.62,10089838,Reliance,RELIANCE.NS,0.0072,-0.1543,1.0161,1
2025-03-12,1247.23,1252.19,1233.35,1246.29,11977555,Reliance,RELIANCE.NS,0.0078,0.1871,1.0153,0
2025-03-13,1249.26,1253.33,1233.2,1237.22,9505270,Reliance,RELIANCE.NS,-0.0073,-0.2064,1.0163,0
2025-03-17,1231.51,1246.63,1222.54,1228.24,16640917,Reliance,RELIANCE.NS,-0.0073,0.7507,1.0197,0
2025-03-18,1228.24,1228.24,1228.24,1228.24,0,Reliance,RELIANCE.NS,0.0,-1.0,1.0,1
2025-03-19,1230.42,1242.52,1228.19,1236.47,16162399,Reliance,RELIANCE.NS,0.0067,inf,1.0117,1
2025-03-20,1241.13,1262.1,1239.35,1258.28,15971477,Reliance,RELIANCE.NS,0.0176,-0.0118,1.0184,1
2025-03-21,1264.08,1270.03,1259.23,1265.42,21780769,Reliance,RELIANCE.NS,0.0057,0.3637,1.0086,1
2025-03-24,1279.95,1294.82,1273.25,1290.95,20299319,Reliance,RELIANCE.NS,0.0202,-0.068,1.0169,0
2025-03-25,1296.5,1296.5,1271.62,1274.44,13713899,Reliance,RELIANCE.NS,-0.0128,-0.3244,1.0196,0
2025-03-26,1279.95,1282.72,1257.89,1262.15,12074747,Reliance,RELIANCE.NS,-0.0096,-0.1195,1.0197,1
2025-03-27,1267.21,1274.0,1260.42,1267.26,15028056,Reliance,RELIANCE.NS,0.004,0.2446,1.0108,0
2025-03-28,1269.04,1284.66,1258.13,1264.18,18147129,Reliance,RELIANCE.NS,-0.0024,0.2075,1.0211,0
2025-04-01,1253.77,1266.96,1238.6,1241.88,12099648,Reliance,RELIANCE.NS,-0.0176,-0.3332,1.0229,0
2025-04-02,1236.87,1244.8,1233.25,1240.44,10142590,Reliance,RELIANCE.NS,-0.0012,-0.1617,1.0094,0
2025-04-03,1222.49,1241.08,1222.49,1238.01,7434366,Reliance,RELIANCE.NS,-0.002,-0.267,1.0152,0
2025-04-04,1230.47,1234.79,1182.93,1194.39,17908652,Reliance,RELIANCE.NS,-0.0352,1.4089,1.0438,0
2025-04-07,1122.51,1161.22,1105.3,1155.72,22156106,Reliance,RELIANCE.NS,-0.0324,0.2372,1.0506,1
2025-04-08,1161.97,1186.35,1153.34,1172.08,19555040,Reliance,RELIANCE.NS,0.0142,-0.1174,1.0286,1
2025-04-09,1159.49,1179.61,1158.0,1175.2,10223104,Reliance,RELIANCE.NS,0.0027,-0.4772,1.0187,1
2025-04-11,1184.92,1212.18,1184.92,1208.51,11224242,Reliance,RELIANCE.NS,0.0283,0.0979,1.023,1
2025-04-15,1240.29,1240.29,1226.51,1229.48,13378535,Reliance,RELIANCE.NS,0.0174,0.1919,1.0112,0
2025-04-16,1223.53,1230.28,1218.48,1228.69,8248464,Reliance,RELIANCE.NS,-0.0006,-0.3835,1.0097,1
2025-04-17,1229.58,1269.24,1217.09,1263.59,15398401,Reliance,RELIANCE.NS,0.0284,0.8668,1.0428,1
2025-04-21,1259.13,1289.76,1256.15,1284.41,10429964,Reliance,RELIANCE.NS,0.0165,-0.3227,1.0268,0
2025-04-22,1288.87,1292.74,1275.29,1280.14,13051707,Reliance,RELIANCE.NS,-0.0033,0.2514,1.0137,1
2025-04-23,1285.9,1294.82,1274.39,1288.87,10480888,Reliance,RELIANCE.NS,0.0068,-0.197,1.016,1
2025-04-24,1281.33,1293.33,1279.25,1290.46,10468940,Reliance,RELIANCE.NS,0.0012,-0.0011,1.011,0
2025-04-25,1292.34,1313.85,1277.07,1289.27,14431012,Reliance,RELIANCE.NS,-0.0009,0.3785,1.0288,1
2025-04-28,1328.53,1362.83,1308.9,1357.08,31104496,Reliance,RELIANCE.NS,0.0526,1.1554,1.0412,1
2025-04-29,1359.26,1398.82,1358.27,1387.72,32538970,Reliance,RELIANCE.NS,0.0226,0.0461,1.0299,1
2025-04-30,1390.0,1400.31,1357.28,1392.97,25480745,Reliance,RELIANCE.NS,0.0038,-0.2169,1.0317,1
2025-05-02,1401.89,1414.48,1397.04,1407.64,13007841,Reliance,RELIANCE.NS,0.0105,-0.4895,1.0125,1
2025-05-05,1418.75,1427.18,1414.68,1419.05,12685649,Reliance,RELIANCE.NS,0.0081,-0.0248,1.0088,0
2025-05-06,1418.75,1419.74,1398.52,1408.73,14084117,Reliance,RELIANCE.NS,-0.0073,0.1102,1.0152,0
2025-05-07,1408.73,1412.2,1390.69,1393.96,13440169,Reliance,RELIANCE.NS,-0.0105,-0.0457,1.0155,1
2025-05-08,1392.08,1408.64,1386.03,1394.95,16106175,Reliance,RELIANCE.NS,0.0007,0.1984,1.0163,0
2025-05-09,1373.64,1382.86,1362.73,1365.41,13668904,Reliance,RELIANCE.NS,-0.0212,-0.1513,1.0148,1
2025-05-12,1388.01,1426.68,1388.01,1424.2,10674081,Reliance,RELIANCE.NS,0.0431,-0.2191,1.0279,0
2025-05-13,1421.23,1435.3,1400.31,1403.58,11407896,Reliance,RELIANCE.NS,-0.0145,0.0687,1.025,1
2025-05-14,1407.84,1417.66,1403.38,1412.2,5570160,Reliance,RELIANCE.NS,0.0061,-0.5117,1.0102,1
2025-05-15,1412.8,1448.89,1400.6,1441.75,20177211,Reliance,RELIANCE.NS,0.0209,2.6224,1.0345,1
2025-05-16,1440.76,1448.49,1434.91,1443.93,9036695,Reliance,RELIANCE.NS,0.0015,-0.5521,1.0095,0
2025-05-19,1439.67,1442.15,1425.89,1428.46,6195791,Reliance,RELIANCE.NS,-0.0107,-0.3144,1.0114,0
2025-05-20,1425.89,1432.63,1409.63,1412.4,11270560,Reliance,RELIANCE.NS,-0.0112,0.8191,1.0163,1
2025-05-21,1411.71,1423.9,1405.96,1416.96,6136364,Reliance,RELIANCE.NS,0.0032,-0.4555,1.0128,0
2025-05-22,1409.03,1411.61,1384.94,1397.33,12134466,Reliance,RELIANCE.NS,-0.0139,0.9775,1.0193,1
2025-05-23,1394.56,1421.52,1394.56,1414.58,6474883,Reliance,RELIANCE.NS,0.0123,-0.4664,1.0193,1
2025-05-26,1419.74,1428.66,1412.9,1422.52,4842944,Reliance,RELIANCE.NS,0.0056,-0.252,1.0112,0
2025-05-27,1413.89,1424.7,1401.79,1409.92,12640414,Reliance,RELIANCE.NS,-0.0089,1.6101,1.0163,0
2025-05-28,1407.94,1410.42,1398.62,1400.8,5944611,Reliance,RELIANCE.NS,-0.0065,-0.5297,1.0084,1
2025-05-29,1400.01,1407.84,1396.54,1405.66,13771917,Reliance,RELIANCE.NS,0.0035,1.3167,1.0081,1
2025-05-30,1405.86,1418.35,1397.63,1408.73,13788484,Reliance,RELIANCE.NS,0.0022,0.0012,1.0148,0
2025-06-02,1400.01,1405.36,1383.65,1401.6,8098668,Reliance,RELIANCE.NS,-0.0051,-0.4126,1.0157,0
2025-06-03,1410.12,1414.29,1391.38,1393.47,11252626,Reliance,RELIANCE.NS,-0.0058,0.3894,1.0165,1
2025-06-04,1402.59,1413.49,1394.06,1411.31,8126827,Reliance,RELIANCE.NS,0.0128,-0.2778,1.0139,1
2025-06-05,1415.77,1442.24,1411.41,1430.05,13716817,Reliance,RELIANCE.NS,0.0133,0.6878,1.0218,1
2025-06-06,1428.66,1439.07,1424.7,1431.14,8182161,Reliance,RELIANCE.NS,0.0008,-0.4035,1.0101,1
2025-06-09,1444.53,1445.02,1432.93,1436.4,7885125,Reliance,RELIANCE.NS,0.0037,-0.0363,1.0084,0
2025-06-10,1437.59,1441.45,1423.7,1426.18,7913181,Reliance,RELIANCE.NS,-0.0071,0.0036,1.0125,1
2025-06-11,1433.42,1456.03,1430.74,1436.49,8195700,Reliance,RELIANCE.NS,0.0072,0.0357,1.0177,0
2025-06-12,1441.06,1444.53,1422.12,1429.26,8828114,Reliance,RELIANCE.NS,-0.005,0.0772,1.0158,0
2025-06-13,1411.81,1423.21,1402.19,1415.67,9757276,Reliance,RELIANCE.NS,-0.0095,0.1053,1.015,1
2025-06-16,1414.68,1430.05,1412.2,1425.49,8458093,Reliance,RELIANCE.NS,0.0069,-0.1332,1.0126,0
2025-06-17,1435.6,1435.6,1413.59,1418.95,10366599,Reliance,RELIANCE.NS,-0.0046,0.2256,1.0156,0
2025-06-18,1417.76,1430.45,1413.49,1417.86,6681735,Reliance,RELIANCE.NS,-0.0008,-0.3555,1.012,1
2025-06-19,1417.86,1427.57,1413.49,1421.03,10007230,Reliance,RELIANCE.NS,0.0022,0.4977,1.01,1
2025-06-20,1418.75,1458.41,1415.87,1453.65,29010635,Reliance,RELIANCE.NS,0.023,1.899,1.03,0
2025-06-23,1440.56,1451.27,1429.65,1444.33,5989078,Reliance,RELIANCE.NS,-0.0064,-0.7936,1.0151,0
2025-06-24,1452.46,1462.37,1430.74,1438.38,16402744,Reliance,RELIANCE.NS,-0.0041,1.7388,1.0221,1
2025-06-25,1451.47,1459.79,1448.0,1454.74,7525851,Reliance,RELIANCE.NS,0.0114,-0.5412,1.0081,1
2025-06-26,1456.52,1485.97,1452.56,1482.5,14657893,Reliance,RELIANCE.NS,0.0191,0.9477,1.023,1
2025-06-27,1486.56,1508.97,1484.08,1502.43,11117052,Reliance,RELIANCE.NS,0.0134,-0.2416,1.0168,0
2025-06-30,1500.84,1511.74,1483.19,1487.75,8409527,Reliance,RELIANCE.NS,-0.0098,-0.2435,1.0193,1
2025-07-01,1487.75,1518.29,1487.26,1515.31,10368523,Reliance,RELIANCE.NS,0.0185,0.2329,1.0209,0
2025-07-02,1515.31,1516.9,1495.78,1505.8,6361002,Reliance,RELIANCE.NS,-0.0063,-0.3865,1.0141,0
2025-07-03,1507.78,1518.78,1500.05,1504.8,11283291,Reliance,RELIANCE.NS,-0.0007,0.7738,1.0125,1
2025-07-04,1510.95,1516.9,1504.21,1514.22,6603501,Reliance,RELIANCE.NS,0.0063,-0.4148,1.0084,1
2025-07-07,1513.53,1531.57,1511.94,1528.3,7251074,Reliance,RELIANCE.NS,0.0093,0.0981,1.013,0
2025-07-08,1522.85,1531.67,1517.1,1524.44,7171261,Reliance,RELIANCE.NS,-0.0025,-0.011,1.0096,0
2025-07-09,1523.54,1537.72,1497.17,1505.99,8870660,Reliance,RELIANCE.NS,-0.0121,0.237,1.0271,0
2025-07-10,1506.69,1511.65,1494.59,1504.21,10047129,Reliance,RELIANCE.NS,-0.0012,0.1326,1.0114,0
2025-07-11,1499.05,1502.03,1477.54,1482.4,7234991,Reliance,RELIANCE.NS,-0.0145,-0.2799,1.0166,0
2025-07-14,1479.42,1487.16,1466.44,1471.0,10311846,Reliance,RELIANCE.NS,-0.0077,0.4253,1.0141,1
2025-07-15,1473.48,1483.69,1469.71,1472.68,8132454,Reliance,RELIANCE.NS,0.0011,-0.2113,1.0095,1
2025-07-16,1460.39,1478.23,1458.9,1472.88,10409983,Reliance,RELIANCE.NS,0.0001,0.2801,1.0133,0
2025-07-17,1474.66,1476.85,1461.28,1463.76,11854613,Reliance,RELIANCE.NS,-0.0062,0.1388,1.0107,0
2025-07-18,1472.09,1472.09,1456.52,1463.36,10296318,Reliance,RELIANCE.NS,-0.0003,-0.1315,1.0107,0
2025-07-21,1452.46,1463.36,1410.92,1416.37,22442744,Reliance,RELIANCE.NS,-0.0321,1.1797,1.0372,0
2025-07-22,1415.18,1419.64,1398.62,1400.7,20396320,Reliance,RELIANCE.NS,-0.0111,-0.0912,1.015,1
2025-07-23,1413.79,1413.79,1402.29,1412.4,8354596,Reliance,RELIANCE.NS,0.0084,-0.5904,1.0082,0
2025-07-24,1407.05,1410.82,1384.05,1390.89,14740507,Reliance,RELIANCE.NS,-0.0152,0.7644,1.0193,0
2025-07-25,1386.92,1389.0,1372.25,1379.78,11854722,Reliance,RELIANCE.NS,-0.008,-0.1958,1.0122,0
2025-07-28,1380.38,1395.75,1373.14,1375.72,7748361,Reliance,RELIANCE.NS,-0.0029,-0.3464,1.0165,1
2025-07-29,1371.16,1408.04,1371.16,1404.97,10750072,Reliance,RELIANCE.NS,0.0213,0.3874,1.0269,0
2025-07-30,1405.96,1411.11,1389.3,1398.03,7209849,Reliance,RELIANCE.NS,-0.0049,-0.3293,1.0157,0
2025-07-31,1376.22,1390.59,1370.37,1378.3,17065827,Reliance,RELIANCE.NS,-0.0141,1.367,1.0148,1
2025-08-01,1375.03,1393.86,1372.45,1381.77,10321171,Reliance,RELIANCE.NS,0.0025,-0.3952,1.0156,1
2025-08-04,1383.16,1403.98,1379.78,1399.41,6312820,Reliance,RELIANCE.NS,0.0128,-0.3884,1.0175,0
2025-08-05,1398.92,1398.92,1376.22,1379.78,9315972,Reliance,RELIANCE.NS,-0.014,0.4757,1.0165,1
2025-08-06,1379.98,1383.95,1371.46,1380.87,5834312,Reliance,RELIANCE.NS,0.0008,-0.3737,1.0091,0
2025-08-07,1375.82,1381.77,1354.3,1377.5,9976705,Reliance,RELIANCE.NS,-0.0024,0.71,1.0203,0
2025-08-08,1373.14,1385.24,1353.31,1356.09,8793606,Reliance,RELIANCE.NS,-0.0155,-0.1186,1.0236,1
2025-08-11,1358.27,1376.12,1349.55,1374.33,9997486,Reliance,RELIANCE.NS,0.0135,0.1369,1.0197,0
2025-08-12,1370.07,1389.9,1363.43,1368.58,12244664,Reliance,RELIANCE.NS,-0.0042,0.2248,1.0194,1
2025-08-13,1376.12,1379.88,1365.71,1370.76,7457021,Reliance,RELIANCE.NS,0.0016,-0.391,1.0104,0
2025-08-14,1370.96,1374.35,1363.79,1367.48,7126128,Reliance,RELIANCE.NS,-0.0024,-0.0444,1.0077,1
2025-08-18,1383.6,1388.48,1370.66,1375.34,11785109,Reliance,RELIANCE.NS,0.0058,0.6538,1.013,1
2025-08-19,1383.6,1414.46,1382.71,1413.56,14384719,Reliance,RELIANCE.NS,0.0278,0.2206,1.023,0
2025-08-20,1406.5,1418.34,1403.51,1406.5,8725641,Reliance,RELIANCE.NS,-0.005,-0.3934,1.0106,1
2025-08-21,1418.44,1425.31,1413.76,1418.24,11021323,Reliance,RELIANCE.NS,0.0084,0.2631,1.0082,0
2025-08-22,1413.46,1416.85,1401.42,1402.71,5818868,Reliance,RELIANCE.NS,-0.0109,-0.472,1.011,1
2025-08-25,1408.19,1412.97,1399.23,1406.1,5979407,Reliance,RELIANCE.NS,0.0024,0.0276,1.0098,0
2025-08-26,1401.52,1403.51,1375.24,1378.53,12145259,Reliance,RELIANCE.NS,-0.0196,1.0312,1.0206,1
2025-08-28,1383.5,1385.79,1360.21,1379.52,13161813,Reliance,RELIANCE.NS,0.0007,0.0837,1.0188,0
2025-08-29,1374.74,1397.04,1343.79,1350.95,18758842,Reliance,RELIANCE.NS,-0.0207,0.4252,1.0396,0
2025-09-01,1349.76,1356.93,1334.43,1347.67,11232238,Reliance,RELIANCE.NS,-0.0024,-0.4012,1.0169,1
2025-09-02,1348.56,1378.13,1348.27,1360.21,11517006,Reliance,RELIANCE.NS,0.0093,0.0254,1.0221,1
2025-09-03,1363.4,1370.16,1354.24,1366.28,7847563,Reliance,RELIANCE.NS,0.0045,-0.3186,1.0118,0
2025-09-04,1365.49,1367.68,1350.85,1353.04,13223177,Reliance,RELIANCE.NS,-0.0097,0.685,1.0125,1
2025-09-05,1356.73,1374.64,1353.04,1368.67,5777575,Reliance,RELIANCE.NS,0.0116,-0.5631,1.016,1
2025-09-08,1373.65,1379.62,1366.08,1372.16,6986720,Reliance,RELIANCE.NS,0.0025,0.2093,1.0099,0
2025-09-09,1370.26,1374.84,1362.4,1369.87,9754452,Reliance,RELIANCE.NS,-0.0017,0.3961,1.0091,1
2025-09-10,1377.53,1382.11,1367.78,1370.66,7790815,Reliance,RELIANCE.NS,0.0006,-0.2013,1.0105,1
2025-09-11,1369.67,1379.12,1368.67,1376.93,9766072,Reliance,RELIANCE.NS,0.0046,0.2535,1.0076,1
2025-09-12,1376.93,1389.87,1374.15,1388.58,7403368,Reliance,RELIANCE.NS,0.0085,-0.2419,1.0114,1
2025-09-15,1386.59,1394.35,1382.21,1392.86,5396697,Reliance,RELIANCE.NS,0.0031,-0.271,1.0088,1
2025-09-16,1398.24,1401.52,1391.76,1398.83,8686961,Reliance,RELIANCE.NS,0.0043,0.6097,1.007,1
2025-09-17,1400.52,1409.68,1400.43,1407.29,7519417,Reliance,RELIANCE.NS,0.006,-0.1344,1.0066,1
2025-09-18,1413.86,1415.46,1404.21,1408.49,9332642,Reliance,RELIANCE.NS,0.0008,0.2411,1.008,0
2025-09-19,1408.39,1410.48,1397.14,1400.92,13461373,Reliance,RELIANCE.NS,-0.0054,0.4424,1.0095,0
2025-09-22,1397.44,1404.21,1381.61,1384.2,7757970,Reliance,RELIANCE.NS,-0.0119,-0.4237,1.0164,0
2025-09-23,1384.6,1388.58,1370.46,1383.4,14014702,Reliance,RELIANCE.NS,-0.0006,0.8065,1.0132,0
2025-09-24,1378.92,1389.58,1374.05,1376.64,5922759,Reliance,RELIANCE.NS,-0.0049,-0.5774,1.0113,0
2025-09-25,1374.94,1378.13,1362.7,1366.08,11411143,Reliance,RELIANCE.NS,-0.0077,0.9267,1.0113,1
2025-09-26,1365.69,1376.34,1359.71,1371.26,9879109,Reliance,RELIANCE.NS,0.0038,-0.1343,1.0122,0
2025-09-29,1375.24,1382.61,1361.7,1366.48,14231999,Reliance,RELIANCE.NS,-0.0035,0.4406,1.0154,0
2025-09-30,1370.76,1370.76,1356.53,1357.72,14604684,Reliance,RELIANCE.NS,-0.0064,0.0262,1.0105,1
2025-10-01,1360.71,1372.26,1356.43,1362.4,12045916,Reliance,RELIANCE.NS,0.0034,-0.1752,1.0117,0
2025-10-03,1356.93,1365.29,1350.66,1357.13,12842347,Reliance,RELIANCE.NS,-0.0039,0.0661,1.0108,1
2025-10-06,1353.74,1371.06,1352.75,1368.67,12396580,Reliance,RELIANCE.NS,0.0085,-0.0347,1.0135,1
2025-10-07,1369.67,1389.48,1369.57,1378.43,11244040,Reliance,RELIANCE.NS,0.0071,-0.093,1.0145,0
2025-10-08,1378.43,1382.61,1358.22,1361.11,8525081,Reliance,RELIANCE.NS,-0.0126,-0.2418,1.018,1
2025-10-09,1367.68,1373.65,1362.8,1371.46,8826633,Reliance,RELIANCE.NS,0.0076,0.0354,1.008,1
2025-10-10,1371.46,1381.61,1368.77,1375.34,6373084,Reliance,RELIANCE.NS,0.0028,-0.278,1.0094,0
2025-10-13,1370.56,1371.36,1361.51,1368.67,7600682,Reliance,RELIANCE.NS,-0.0048,0.1926,1.0072,1
2025-10-14,1373.65,1381.61,1363.79,1369.57,9768174,Reliance,RELIANCE.NS,0.0007,0.2852,1.0131,0
2025-10-15,1376.64,1377.63,1366.38,1367.98,10882743,Reliance,RELIANCE.NS,-0.0012,0.1141,1.0082,1
2025-10-16,1368.77,1394.05,1368.67,1391.86,12315932,Reliance,RELIANCE.NS,0.0175,0.1317,1.0185,1
2025-10-17,1394.55,1416.75,1392.66,1410.28,19335561,Reliance,RELIANCE.NS,0.0132,0.57,1.0173,1
2025-10-20,1433.37,1467.02,1426.7,1460.05,24721978,Reliance,RELIANCE.NS,0.0353,0.2786,1.0283,0
2025-10-21,1461.24,1467.22,1453.28,1458.46,2066169,Reliance,RELIANCE.NS,-0.0011,-0.9164,1.0096,0
2025-10-23,1468.21,1476.08,1437.95,1441.73,18707090,Reliance,RELIANCE.NS,-0.0115,8.054,1.0265,1
2025-10-24,1443.33,1453.08,1434.37,1444.92,9700837,Reliance,RELIANCE.NS,0.0022,-0.4814,1.013,1
2025-10-27,1456.27,1478.17,1451.29,1477.27,14113867,Reliance,RELIANCE.NS,0.0224,0.4549,1.0185,1
2025-10-28,1477.27,1485.13,1470.8,1480.06,17631577,Reliance,RELIANCE.NS,0.0019,0.2492,1.0097,1
2025-10-29,1483.14,1501.36,1481.25,1497.28,11884745,Reliance,RELIANCE.NS,0.0116,-0.3259,1.0136,0
2025-10-30,1493.1,1496.18,1477.17,1481.65,9318663,Reliance,RELIANCE.NS,-0.0104,-0.2159,1.0129,0
2025-10-31,1483.54,1490.61,1475.48,1479.56,8758053,Reliance,RELIANCE.NS,-0.0014,-0.0602,1.0103,0
2025-11-03,1479.16,1488.12,1472.49,1477.87,8452085,Reliance,RELIANCE.NS,-0.0011,-0.0349,1.0106,0
2025-11-04,1477.07,1485.93,1463.33,1466.32,10007806,Reliance,RELIANCE.NS,-0.0078,0.1841,1.0154,1
2025-11-06,1477.17,1494.69,1469.41,1489.21,16772678,Reliance,RELIANCE.NS,0.0156,0.676,1.0172,0
2025-11-07,1487.72,1491.5,1469.11,1471.2,7821765,Reliance,RELIANCE.NS,-0.0121,-0.5337,1.0152,1
2025-11-10,1471.1,1494.09,1468.71,1482.45,7068438,Reliance,RELIANCE.NS,0.0076,-0.0963,1.0173,1
2025-11-11,1490.11,1491.9,1473.39,1486.53,7127506,Reliance,RELIANCE.NS,0.0028,0.0084,1.0126,1
2025-11-12,1498.07,1517.68,1493.1,1504.54,12384459,Reliance,RELIANCE.NS,0.0121,0.7376,1.0165,0
2025-11-13,1508.03,1515.09,1499.87,1503.95,7196443,Reliance,RELIANCE.NS,-0.0004,-0.4189,1.0102,1
2025-11-14,1498.57,1513.9,1498.57,1511.91,7682823,Reliance,RELIANCE.NS,0.0053,0.0676,1.0102,0
2025-11-17,1513.9,1516.69,1504.54,1511.31,5871416,Reliance,RELIANCE.NS,-0.0004,-0.2358,1.0081,1
2025-11-18,1514.7,1520.77,1503.55,1512.41,11045042,Reliance,RELIANCE.NS,0.0007,0.8812,1.0115,0
2025-11-19,1510.42,1515.29,1505.04,1511.91,5692366,Reliance,RELIANCE.NS,-0.0003,-0.4846,1.0068,1
2025-11-20,1522.96,1543.76,1519.67,1541.97,18171724,Reliance,RELIANCE.NS,0.0199,2.1923,1.0159,0
2025-11-21,1533.91,1550.63,1533.01,1539.48,9615271,Reliance,RELIANCE.NS,-0.0016,-0.4709,1.0115,0
2025-11-24,1542.87,1542.87,1524.75,1528.83,18433951,Reliance,RELIANCE.NS,-0.0069,0.9172,1.0119,1
2025-11-25,1528.83,1552.42,1518.08,1532.61,15033482,Reliance,RELIANCE.NS,0.0025,-0.1845,1.0226,1
2025-11-26,1535.2,1564.37,1533.41,1562.67,14054299,Reliance,RELIANCE.NS,0.0196,-0.0651,1.0202,0
2025-11-27,1567.75,1568.25,1548.84,1556.2,9794643,Reliance,RELIANCE.NS,-0.0041,-0.3031,1.0125,1
2025-11-28,1560.78,1574.02,1555.81,1560.29,8959508,Reliance,RELIANCE.NS,0.0026,-0.0853,1.0117,0
2025-12-01,1567.75,1570.24,1556.4,1558.89,8920233,Reliance,RELIANCE.NS,-0.0009,-0.0044,1.0089,0
2025-12-02,1553.92,1560.29,1534.9,1539.18,11389150,Reliance,RELIANCE.NS,-0.0126,0.2768,1.0165,0
2025-12-03,1538.09,1545.26,1525.94,1531.72,6090883,Reliance,RELIANCE.NS,-0.0049,-0.4652,1.0127,0
2025-12-04,1528.93,1553.32,1510.62,1528.53,11867930,Reliance,RELIANCE.NS,-0.0021,0.9485,1.0283,1
2025-12-05,1523.36,1538.69,1513.6,1533.51,10183266,Reliance,RELIANCE.NS,0.0033,-0.142,1.0166,1
2025-12-08,1532.12,1543.86,1527.94,1535.9,11301491,Reliance,RELIANCE.NS,0.0016,0.1098,1.0104,0
2025-12-09,1533.21,1535.4,1513.1,1522.36,11503971,Reliance,RELIANCE.NS,-0.0088,0.0179,1.0147,1
2025-12-10,1526.94,1540.38,1524.35,1529.83,7991629,Reliance,RELIANCE.NS,0.0049,-0.3053,1.0105,1
2025-12-11,1529.83,1542.87,1516.99,1537.89,4706197,Reliance,RELIANCE.NS,0.0053,-0.4111,1.0171,1
2025-12-12,1543.66,1552.62,1538.98,1549.34,5106655,Reliance,RELIANCE.NS,0.0074,0.0851,1.0089,0
2025-12-15,1544.06,1551.43,1539.38,1549.04,5774543,Reliance,RELIANCE.NS,-0.0002,0.1308,1.0078,0
2025-12-16,1537.89,1544.56,1531.72,1535.2,11731856,Reliance,RELIANCE.NS,-0.0089,1.0317,1.0084,1
2025-12-17,1542.87,1542.87,1532.22,1537.29,7116649,Reliance,RELIANCE.NS,0.0014,-0.3934,1.007,0
2025-12-18,1528.13,1544.36,1528.13,1537.29,6580829,Reliance,RELIANCE.NS,0.0,-0.0753,1.0106,1
2025-12-19,1547.25,1566.95,1543.86,1557.9,13937275,Reliance,RELIANCE.NS,0.0134,1.1179,1.015,1
2025-12-22,1566.26,1570.24,1558.1,1568.15,10184852,Reliance,RELIANCE.NS,0.0066,-0.2692,1.0078,0
2025-12-23,1573.62,1573.62,1560.88,1563.47,7506564,Reliance,RELIANCE.NS,-0.003,-0.263,1.0082,0
2025-12-24,1565.46,1568.45,1546.45,1551.03,8815745,Reliance,RELIANCE.NS,-0.008,0.1744,1.0142,1
2025-12-26,1547.54,1553.82,1547.15,1552.02,2311495,Reliance,RELIANCE.NS,0.0006,-0.7378,1.0043,0
2025-12-29,1547.74,1550.93,1536.5,1538.49,5972105,Reliance,RELIANCE.NS,-0.0087,1.5837,1.0094,0
2025-12-30,1539.88,1546.45,1530.72,1532.71,8815884,Reliance,RELIANCE.NS,-0.0038,0.4762,1.0103,1
2025-12-31,1533.91,1569.74,1533.91,1563.17,5771830,Reliance,RELIANCE.NS,0.0199,-0.3453,1.0234,1
2026-01-01,1566.46,1585.17,1563.87,1568.35,6408128,Reliance,RELIANCE.NS,0.0033,0.1102,1.0136,1
2026-01-02,1572.73,1587.26,1570.94,1584.97,6602230,Reliance,RELIANCE.NS,0.0106,0.0303,1.0104,0
2026-01-05,1585.67,1604.38,1568.05,1570.84,8704973,Reliance,RELIANCE.NS,-0.0089,0.3185,1.0232,0
2026-01-06,1561.78,1561.78,1489.41,1500.66,27417125,Reliance,RELIANCE.NS,-0.0447,2.1496,1.0486,0
2026-01-07,1503.05,1513.0,1491.11,1497.28,11199340,Reliance,RELIANCE.NS,-0.0023,-0.5915,1.0147,0
2026-01-08,1493.1,1496.98,1462.04,1463.83,16518684,Reliance,RELIANCE.NS,-0.0223,0.475,1.0239,1
2026-01-09,1458.26,1473.09,1458.26,1468.51,8335311,Reliance,RELIANCE.NS,0.0032,-0.4954,1.0102,1
2026-01-12,1468.51,1478.46,1444.32,1476.37,8883745,Reliance,RELIANCE.NS,0.0054,0.0658,1.0236,0
2026-01-13,1478.17,1478.96,1438.05,1446.11,13499760,Reliance,RELIANCE.NS,-0.0205,0.5196,1.0284,1
2026-01-14,1437.35,1460.25,1433.57,1452.09,8321764,Reliance,RELIANCE.NS,0.0041,-0.3836,1.0186,0
2026-01-15,1452.09,1452.09,1452.09,1452.09,0,Reliance,RELIANCE.NS,0.0,-1.0,1.0,0
2026-01-16,1452.09,1473.19,1448.4,1451.19,17167161,Reliance,RELIANCE.NS,-0.0006,inf,1.0171,0
2026-01-19,1443.92,1443.92,1396.84,1407.09,20392765,Reliance,RELIANCE.NS,-0.0304,0.1879,1.0337,0
2026-01-20,1404.21,1409.48,1383.6,1387.58,13189498,Reliance,RELIANCE.NS,-0.0139,-0.3532,1.0187,1
2026-01-21,1383.11,1406.4,1366.68,1398.14,17352720,Reliance,RELIANCE.NS,0.0076,0.3156,1.0291,0
2026-01-22,1403.61,1412.97,1388.58,1396.05,15721693,Reliance,RELIANCE.NS,-0.0015,-0.094,1.0176,0
2026-01-23,1395.35,1400.52,1374.64,1379.72,9837802,Reliance,RELIANCE.NS,-0.0117,-0.3743,1.0188,0
2026-01-27,1373.65,1385.2,1361.7,1374.15,26302396,Reliance,RELIANCE.NS,-0.004,1.6736,1.0173,1
2026-01-28,1378.63,1403.41,1378.53,1390.27,11121657,Reliance,RELIANCE.NS,0.0117,-0.5772,1.0181,0
2026-01-29,1396.44,1396.44,1377.63,1384.6,20846683,Reliance,RELIANCE.NS,-0.0041,0.8744,1.0137,1
2026-01-30,1376.24,1391.57,1372.16,1388.98,11239835,Reliance,RELIANCE.NS,0.0032,-0.4608,1.0141,0
2026-02-02,1333.83,1386.49,1329.35,1384.0,15711165,Reliance,RELIANCE.NS,-0.0036,0.3978,1.043,1
2026-02-03,1467.12,1482.64,1423.62,1430.49,25456171,Reliance,RELIANCE.NS,0.0336,0.6203,1.0415,1
2026-02-04,1437.35,1457.26,1433.67,1450.1,8333387,Reliance,RELIANCE.NS,0.0137,-0.6726,1.0165,0
2026-02-05,1450.29,1454.77,1432.88,1436.76,11763658,Reliance,RELIANCE.NS,-0.0092,0.4116,1.0153,1
2026-02-06,1434.87,1446.11,1426.9,1444.12,8277304,Reliance,RELIANCE.NS,0.0051,-0.2964,1.0135,1
2026-02-09,1451.29,1459.15,1446.31,1454.87,5775864,Reliance,RELIANCE.NS,0.0074,-0.3022,1.0089,0
2026-02-10,1464.23,1464.23,1445.52,1451.79,10259630,Reliance,RELIANCE.NS,-0.0021,0.7763,1.0129,1
2026-02-11,1452.88,1463.23,1446.91,1461.94,7106877,Reliance,RELIANCE.NS,0.007,-0.3073,1.0113,0
2026-02-12,1463.23,1466.22,1438.85,1442.23,11135399,Reliance,RELIANCE.NS,-0.0135,0.5668,1.019,0
2026-02-13,1438.85,1444.02,1409.78,1413.07,10755693,Reliance,RELIANCE.NS,-0.0202,-0.0341,1.0243,1
2026-02-16,1413.56,1432.97,1402.81,1430.49,5896514,Reliance,RELIANCE.NS,0.0123,-0.4518,1.0215,0
2026-02-17,1424.51,1425.21,1412.07,1416.45,10731630,Reliance,RELIANCE.NS,-0.0098,0.82,1.0093,1
2026-02-18,1420.43,1435.46,1412.67,1434.67,5521096,Reliance,RELIANCE.NS,0.0129,-0.4855,1.0161,0
2026-02-19,1436.36,1436.36,1393.56,1403.01,11884664,Reliance,RELIANCE.NS,-0.0221,1.1526,1.0307,1
2026-02-20,1403.01,1420.83,1399.63,1412.87,8177670,Reliance,RELIANCE.NS,0.007,-0.3119,1.0151,1
2026-02-23,1418.44,1428.3,1411.77,1421.43,7758856,Reliance,RELIANCE.NS,0.0061,-0.0512,1.0117,1
2026-02-24,1418.74,1426.7,1408.49,1422.22,12529409,Reliance,RELIANCE.NS,0.0006,0.6149,1.0129,0
2026-02-25,1428.4,1433.87,1387.09,1392.06,10728792,Reliance,RELIANCE.NS,-0.0212,-0.1437,1.0337,1
2026-02-26,1392.06,1406.4,1385.49,1400.33,16683858,Reliance,RELIANCE.NS,0.0059,0.5551,1.0151,0
2026-02-27,1391.57,1403.91,1381.71,1387.48,12031440,Reliance,RELIANCE.NS,-0.0092,-0.2789,1.0161,0
2026-03-02,1369.17,1372.26,1335.33,1351.75,23728722,Reliance,RELIANCE.NS,-0.0258,0.9722,1.0277,0
2026-03-04,1323.88,1346.57,1300.98,1338.81,32495007,Reliance,RELIANCE.NS,-0.0096,0.3694,1.035,1
2026-03-05,1346.87,1392.56,1346.87,1383.01,25957532,Reliance,RELIANCE.NS,0.033,-0.2012,1.0339,1
2026-03-06,1390.07,1417.74,1383.9,1398.33,19311971,Reliance,RELIANCE.NS,0.0111,-0.256,1.0245,1
2026-03-09,1368.67,1422.82,1363.69,1417.45,24870822,Reliance,RELIANCE.NS,0.0137,0.2878,1.0434,0
2026-03-10,1424.02,1424.91,1394.15,1402.32,18071259,Reliance,RELIANCE.NS,-0.0107,-0.2734,1.0221,0
2026-03-11,1418.34,1427.4,1377.23,1383.8,21848087,Reliance,RELIANCE.NS,-0.0132,0.209,1.0364,1
2026-03-12,1383.6,1404.41,1374.74,1385.79,20939959,Reliance,RELIANCE.NS,0.0014,-0.0416,1.0216,0
2026-03-13,1378.82,1394.35,1372.06,1374.35,17265090,Reliance,RELIANCE.NS,-0.0083,-0.1755,1.0163,1
2026-03-16,1373.65,1390.87,1357.22,1388.68,22837802,Reliance,RELIANCE.NS,0.0104,0.3228,1.0248,1
2026-03-17,1392.56,1399.43,1381.81,1391.17,19007744,Reliance,RELIANCE.NS,0.0018,-0.1677,1.0128,1
2026-03-18,1390.77,1406.4,1390.77,1401.62,9559327,Reliance,RELIANCE.NS,0.0075,-0.4971,1.0112,0
2026-03-19,1381.61,1409.18,1369.77,1378.43,16498373,Reliance,RELIANCE.NS,-0.0165,0.7259,1.0288,1
2026-03-20,1391.57,1423.42,1389.67,1407.89,22994918,Reliance,RELIANCE.NS,0.0214,0.3938,1.0243,0
2026-03-23,1393.56,1409.08,1384.6,1401.32,18979554,Reliance,RELIANCE.NS,-0.0047,-0.1746,1.0177,1
2026-03-24,1413.46,1415.85,1400.13,1405.3,18620893,Reliance,RELIANCE.NS,0.0028,-0.0189,1.0112,1
2026-03-25,1413.46,1423.92,1401.92,1406.6,19041331,Reliance,RELIANCE.NS,0.0009,0.0226,1.0157,0
2026-03-27,1394.55,1398.24,1338.81,1341.9,23266517,Reliance,RELIANCE.NS,-0.046,0.2219,1.0444,0
2026-03-30,1328.86,1358.72,1327.96,1337.71,24393861,Reliance,RELIANCE.NS,-0.0031,0.0485,1.0232,1
2026-04-01,1377.83,1378.03,1356.63,1362.9,14404619,Reliance,RELIANCE.NS,0.0188,-0.4095,1.0158,0
2026-04-02,1350.75,1351.95,1321.89,1344.28,21280051,Reliance,RELIANCE.NS,-0.0137,0.4773,1.0227,0
2026-04-06,1352.75,1352.75,1284.06,1298.7,29274881,Reliance,RELIANCE.NS,-0.0339,0.3757,1.0535,0
2026-04-07,1289.04,1302.28,1285.06,1298.6,28388922,Reliance,RELIANCE.NS,-0.0001,-0.0303,1.0134,1
2026-04-08,1342.79,1344.38,1320.1,1341.6,21817543,Reliance,RELIANCE.NS,0.0331,-0.2315,1.0184,0
2026-04-09,1339.81,1343.79,1320.2,1323.88,20725390,Reliance,RELIANCE.NS,-0.0132,-0.0501,1.0179,1
2026-04-10,1330.85,1346.08,1325.37,1343.99,19364461,Reliance,RELIANCE.NS,0.0152,-0.0657,1.0156,0
2026-04-13,1315.12,1321.49,1303.97,1309.05,28753269,Reliance,RELIANCE.NS,-0.026,0.4848,1.0134,1
2026-04-15,1330.85,1340.8,1328.06,1337.91,15313779,Reliance,RELIANCE.NS,0.0221,-0.4674,1.0096,0
2026-04-16,1345.78,1347.57,1323.88,1337.12,30211012,Reliance,RELIANCE.NS,-0.0006,0.9728,1.0179,1
2026-04-17,1333.83,1362.1,1333.83,1358.72,13869105,Reliance,RELIANCE.NS,0.0162,-0.5409,1.0212,0
2026-04-20,1356.93,1366.68,1346.57,1357.03,13614733,Reliance,RELIANCE.NS,-0.0012,-0.0183,1.0149,0
2026-04-21,1352.75,1363.5,1343.89,1347.07,27293629,Reliance,RELIANCE.NS,-0.0073,1.0047,1.0146,1
2026-04-22,1344.09,1359.71,1342.89,1355.83,9525953,Reliance,RELIANCE.NS,0.0065,-0.651,1.0125,0
2026-04-23,1339.81,1349.26,1334.53,1337.22,16385079,Reliance,RELIANCE.NS,-0.0137,0.72,1.011,0
2026-04-24,1333.83,1339.71,1318.9,1321.69,11744802,Reliance,RELIANCE.NS,-0.0116,-0.2832,1.0158,1
2026-04-27,1306.96,1365.29,1304.97,1359.51,24673098,Reliance,RELIANCE.NS,0.0286,1.1008,1.0462,1
2026-04-28,1351.75,1388.78,1350.75,1382.51,41027699,Reliance,RELIANCE.NS,0.0169,0.6629,1.0282,1
2026-04-29,1385.59,1427.2,1384.9,1418.84,30542143,Reliance,RELIANCE.NS,0.0263,-0.2556,1.0305,1
2026-04-30,1402.52,1430.39,1386.69,1424.22,30957881,Reliance,RELIANCE.NS,0.0038,0.0136,1.0315,0
2026-05-01,1424.22,1424.22,1424.22,1424.22,0,Reliance,RELIANCE.NS,0.0,-1.0,1.0,1
2026-05-04,1426.8,1460.65,1426.8,1456.37,24035700,Reliance,RELIANCE.NS,0.0226,inf,1.0237,1
2026-05-05,1453.28,1466.62,1443.33,1456.86,23543341,Reliance,RELIANCE.NS,0.0003,-0.0205,1.0161,0
2026-05-06,1456.27,1466.52,1420.93,1431.28,14221786,Reliance,RELIANCE.NS,-0.0176,-0.3959,1.0321,0
2026-05-07,1432.18,1442.83,1423.72,1429.59,19816903,Reliance,RELIANCE.NS,-0.0012,0.3934,1.0134,0
2026-05-08,1419.44,1436.16,1410.98,1428.59,8663105,Reliance,RELIANCE.NS,-0.0007,-0.5628,1.0178,0
2026-05-11,1413.46,1421.43,1375.64,1381.81,15261787,Reliance,RELIANCE.NS,-0.0327,0.7617,1.0333,0
2026-05-12,1385.59,1387.09,1354.04,1357.72,24357500,Reliance,RELIANCE.NS,-0.0174,0.596,1.0244,0
2026-05-13,1355.13,1366.08,1346.18,1352.55,13797989,Reliance,RELIANCE.NS,-0.0038,-0.4335,1.0148,1
2026-05-14,1358.92,1371.66,1352.15,1355.53,17303059,Reliance,RELIANCE.NS,0.0022,0.254,1.0144,0
2026-05-15,1350.56,1358.52,1323.08,1330.25,19976192,Reliance,RELIANCE.NS,-0.0187,0.1545,1.0268,0
2026-05-18,1327.86,1335.82,1312.63,1329.75,13022473,Reliance,RELIANCE.NS,-0.0004,-0.3481,1.0177,0
2026-05-19,1332.54,1337.81,1312.33,1316.61,21665501,Reliance,RELIANCE.NS,-0.0099,0.6637,1.0194,1
2026-05-20,1312.63,1356.63,1306.56,1353.44,13248515,Reliance,RELIANCE.NS,0.028,-0.3885,1.0383,0
2026-05-21,1360.91,1364.59,1339.01,1343.39,17150630,Reliance,RELIANCE.NS,-0.0074,0.2945,1.0191,1
2026-05-22,1343.79,1361.11,1342.89,1348.27,7105813,Reliance,RELIANCE.NS,0.0036,-0.5857,1.0136,1
2026-05-25,1360.51,1364.79,1350.75,1360.71,6750071,Reliance,RELIANCE.NS,0.0092,-0.0501,1.0104,0
2026-05-26,1353.84,1362.2,1346.18,1350.06,13769747,Reliance,RELIANCE.NS,-0.0078,1.0399,1.0119,0
2026-05-27,1346.77,1354.74,1342.39,1344.28,13215138,Reliance,RELIANCE.NS,-0.0043,-0.0403,1.0092,0
2026-05-28,1344.28,1344.28,1344.28,1344.28,0,Reliance,RELIANCE.NS,0.0,-1.0,1.0,0
2026-05-29,1357.72,1362.7,1310.94,1315.12,42634247,Reliance,RELIANCE.NS,-0.0217,inf,1.0395,0
2026-06-01,1326.37,1329.35,1312.43,1313.92,10700603,Reliance,RELIANCE.NS,-0.0009,-0.749,1.0129,0
2026-06-02,1301.68,1321.69,1294.32,1308.55,23302785,Reliance,RELIANCE.NS,-0.0041,1.1777,1.0211,0
2026-06-03,1308.95,1317.91,1295.01,1307.16,20012293,Reliance,RELIANCE.NS,-0.0011,-0.1412,1.0177,0
2026-06-04,1295.01,1305.17,1287.15,1297.7,23474327,Reliance,RELIANCE.NS,-0.0072,0.173,1.014,0
2026-06-05,1304.5,1306.0,1288.0,1291.0,17785223,Reliance,RELIANCE.NS,-0.0052,-0.2424,1.014,0
2026-06-08,1277.0,1282.6,1259.2,1263.3,16494759,Reliance,RELIANCE.NS,-0.0215,-0.0726,1.0186,1
2026-06-09,1269.0,1274.2,1257.5,1269.2,23620214,Reliance,RELIANCE.NS,0.0047,0.432,1.0133,0
2026-06-10,1275.0,1300.5,1254.4,1258.8,21012796,Reliance,RELIANCE.NS,-0.0082,-0.1104,1.0368,1
2026-06-11,1258.0,1276.0,1253.2,1263.0,13117486,Reliance,RELIANCE.NS,0.0033,-0.3757,1.0182,1
2026-06-12,1277.0,1297.0,1262.5,1293.0,11988785,Reliance,RELIANCE.NS,0.0238,-0.086,1.0273,1
2026-06-15,1315.3,1325.0,1303.3,1307.0,18633321,Reliance,RELIANCE.NS,0.0108,0.5542,1.0167,1
2026-06-16,1313.4,1333.4,1306.4,1328.8,18513223,Reliance,RELIANCE.NS,0.0167,-0.0064,1.0207,1
2026-06-17,1333.0,1334.0,1317.0,1332.7,10029170,Reliance,RELIANCE.NS,0.0029,-0.4583,1.0129,0
2026-06-18,1330.0,1333.9,1322.0,1328.1,15494549,Reliance,RELIANCE.NS,-0.0035,0.5449,1.009,0
2026-06-19,1328.0,1338.2,1305.3,1309.5,24887034,Reliance,RELIANCE.NS,-0.014,0.6062,1.0252,1
2026-06-22,1316.7,1344.9,1314.1,1326.5,12931213,Reliance,RELIANCE.NS,0.013,-0.4804,1.0234,0
2026-06-23,1328.9,1333.0,1304.0,1309.5,15400184,Reliance,RELIANCE.NS,-0.0128,0.1909,1.0222,1
2026-06-24,1305.7,1322.0,1297.5,1313.6,11030917,Reliance,RELIANCE.NS,0.0031,-0.2837,1.0189,1
2026-06-25,1318.0,1328.0,1314.6,1318.1,12694362,Reliance,RELIANCE.NS,0.0034,0.1508,1.0102,0
2026-06-26,1318.1,1318.1,1318.1,1318.1,0,Reliance,RELIANCE.NS,0.0,-1.0,1.0,0
2026-06-29,1308.0,1313.7,1292.6,1301.0,13757656,Reliance,RELIANCE.NS,-0.013,inf,1.0163,0
2026-06-30,1306.9,1306.9,1290.0,1293.9,15695263,Reliance,RELIANCE.NS,-0.0055,0.1408,1.0131,1
2026-07-01,1298.9,1312.2,1296.5,1308.0,7001401,Reliance,RELIANCE.NS,0.0109,-0.5539,1.0121,0
2026-07-02,1310.0,1313.2,1299.0,1303.5,17795024,Reliance,RELIANCE.NS,-0.0034,1.5416,1.0109,1
2026-07-03,1312.0,1312.0,1302.0,1304.0,7839550,Reliance,RELIANCE.NS,0.0004,-0.5595,1.0077,1
2026-07-06,1304.0,1325.6,1299.4,1321.3,7610709,Reliance,RELIANCE.NS,0.0133,-0.0292,1.0202,0
2026-07-07,1323.5,1328.0,1304.1,1308.4,14335554,Reliance,RELIANCE.NS,-0.0098,0.8836,1.0183,0
2026-07-08,1297.0,1302.3,1271.6,1275.9,19960868,Reliance,RELIANCE.NS,-0.0248,0.3924,1.0241,1
2026-07-09,1277.1,1296.5,1274.2,1279.8,14651963,Reliance,RELIANCE.NS,0.0031,-0.266,1.0175,1
2026-07-10,1291.9,1311.1,1287.8,1307.8,8412537,Reliance,RELIANCE.NS,0.0219,-0.4258,1.0181,0
2023-01-03,2885.18,2945.51,2879.23,2937.83,1245178,TCS,TCS.NS,0.0153,0.7549,1.023,1
2023-01-04,2933.71,2952.03,2915.52,2940.76,1231668,TCS,TCS.NS,0.001,-0.0108,1.0125,0
2023-01-05,2954.56,2960.85,2911.75,2937.61,1826057,TCS,TCS.NS,-0.0011,0.4826,1.0169,0
2023-01-06,2927.76,2929.14,2839.04,2849.29,2488376,TCS,TCS.NS,-0.0301,0.3627,1.0317,1
2023-01-09,2864.77,2951.72,2857.81,2945.46,2885060,TCS,TCS.NS,0.0338,0.1594,1.0329,0
2023-01-10,2914.45,2925.99,2865.75,2915.7,3864655,TCS,TCS.NS,-0.0101,0.3395,1.021,1
2023-01-11,2918.98,2971.68,2902.17,2953.22,2720512,TCS,TCS.NS,0.0129,-0.2961,1.024,1
2023-01-12,2953.49,2972.12,2941.56,2958.24,2250391,TCS,TCS.NS,0.0017,-0.1728,1.0104,1
2023-01-13,2965.82,2997.85,2932.2,2993.9,1742837,TCS,TCS.NS,0.0121,-0.2255,1.0224,1
2023-01-16,3009.74,3042.4,2992.54,3025.21,1843607,TCS,TCS.NS,0.0105,0.0578,1.0167,1
2023-01-17,3021.53,3068.53,3013.37,3065.45,1688475,TCS,TCS.NS,0.0133,-0.0841,1.0183,1
2023-01-18,3066.9,3093.17,3059.87,3075.97,2421189,TCS,TCS.NS,0.0034,0.434,1.0109,0
2023-01-19,3066.9,3073.25,3049.66,3060.64,1585044,TCS,TCS.NS,-0.005,-0.3453,1.0077,0
2023-01-20,3053.29,3080.19,3044.76,3051.57,1529349,TCS,TCS.NS,-0.003,-0.0351,1.0116,1
2023-01-23,3074.16,3102.29,3044.76,3098.57,1067916,TCS,TCS.NS,0.0154,-0.3017,1.0189,1
2023-01-24,3107.73,3132.19,3100.75,3117.99,1387863,TCS,TCS.NS,0.0063,0.2996,1.0101,0
2023-01-25,3108.0,3116.8,3089.58,3112.04,874110,TCS,TCS.NS,-0.0019,-0.3702,1.0088,0
2023-01-27,3108.64,3126.79,3068.99,3095.07,1785879,TCS,TCS.NS,-0.0055,1.0431,1.0188,1
2023-01-30,3103.19,3138.08,3071.94,3115.58,1953798,TCS,TCS.NS,0.0066,0.094,1.0215,0
2023-01-31,3129.51,3129.51,3040.59,3047.57,2820375,TCS,TCS.NS,-0.0218,0.4435,1.0292,1
2023-02-01,3051.47,3102.29,3044.22,3092.62,2205161,TCS,TCS.NS,0.0148,-0.2181,1.0191,1
2023-02-02,3109.55,3147.66,3103.29,3139.85,1813847,TCS,TCS.NS,0.0153,-0.1775,1.0143,1
2023-02-03,3179.41,3179.41,3133.05,3159.72,1804469,TCS,TCS.NS,0.0063,-0.0052,1.0148,0
2023-02-06,3151.42,3151.42,3118.48,3139.44,1138714,TCS,TCS.NS,-0.0064,-0.3689,1.0106,1
2023-02-07,3147.56,3169.43,3140.76,3150.88,1455647,TCS,TCS.NS,0.0036,0.2783,1.0091,1
2023-02-08,3155.87,3211.99,3155.87,3194.02,1986946,TCS,TCS.NS,0.0137,0.365,1.0178,1
2023-02-09,3189.39,3218.97,3180.59,3212.85,1655427,TCS,TCS.NS,0.0059,-0.1668,1.0121,0
2023-02-10,3193.93,3214.21,3183.18,3209.86,1187821,TCS,TCS.NS,-0.0009,-0.2825,1.0097,0
2023-02-13,3220.25,3220.25,3151.65,3159.81,1087939,TCS,TCS.NS,-0.0156,-0.0841,1.0218,1
2023-02-14,3180.32,3198.33,3171.25,3175.88,1579818,TCS,TCS.NS,0.0051,0.4521,1.0085,1
2023-02-15,3163.99,3199.38,3139.63,3194.52,1429449,TCS,TCS.NS,0.0059,-0.0952,1.019,1
2023-02-16,3200.46,3243.84,3200.28,3228.46,1618931,TCS,TCS.NS,0.0106,0.1326,1.0136,0
2023-02-17,3199.51,3211.08,3166.71,3176.83,1061369,TCS,TCS.NS,-0.016,-0.3444,1.014,0
2023-02-20,3177.6,3195.75,3153.15,3164.26,1296082,TCS,TCS.NS,-0.004,0.2211,1.0135,0
2023-02-21,3170.34,3183.86,3125.65,3131.32,1139541,TCS,TCS.NS,-0.0104,-0.1208,1.0186,0
2023-02-22,3098.61,3127.69,3080.51,3086.45,1218430,TCS,TCS.NS,-0.0143,0.0692,1.0153,1
2023-02-23,3104.1,3132.59,3092.31,3097.57,1441570,TCS,TCS.NS,0.0036,0.1831,1.013,0
2023-02-24,3105.46,3115.85,3068.99,3085.46,977592,TCS,TCS.NS,-0.0039,-0.3219,1.0153,0
2023-02-27,3075.97,3075.97,3008.83,3023.21,1128022,TCS,TCS.NS,-0.0202,0.1539,1.0223,0
2023-02-28,3020.17,3077.79,2994.22,3005.97,4116217,TCS,TCS.NS,-0.0057,2.6491,1.0279,1
2023-03-01,3015.18,3075.07,3007.92,3072.07,1669307,TCS,TCS.NS,0.022,-0.5945,1.0223,0
2023-03-02,3049.66,3057.74,3010.64,3013.77,1556538,TCS,TCS.NS,-0.019,-0.0676,1.0156,1
2023-03-03,3043.31,3046.94,3022.53,3032.56,1043190,TCS,TCS.NS,0.0062,-0.3298,1.0081,1
2023-03-06,3050.48,3089.54,3047.85,3059.51,1334132,TCS,TCS.NS,0.0089,0.2789,1.0137,1
2023-03-08,3052.38,3081.42,3022.3,3076.34,1844590,TCS,TCS.NS,0.0055,0.3826,1.0196,0
2023-03-09,3071.44,3071.44,3022.3,3027.75,1648500,TCS,TCS.NS,-0.0158,-0.1063,1.0163,0
2023-03-10,3006.02,3028.11,2985.24,3022.44,1024404,TCS,TCS.NS,-0.0018,-0.3786,1.0144,0
2023-03-13,3024.25,3057.65,2968.9,2977.93,1901233,TCS,TCS.NS,-0.0147,0.8559,1.0299,0
2023-03-14,2976.16,2998.3,2912.1,2917.14,2670334,TCS,TCS.NS,-0.0204,0.4045,1.0296,0
2023-03-15,2948.94,2958.33,2896.31,2902.58,1780522,TCS,TCS.NS,-0.005,-0.3332,1.0214,0
2023-03-16,2910.83,2921.54,2878.17,2889.96,1901060,TCS,TCS.NS,-0.0043,0.0677,1.0151,0
2023-03-17,2858.66,2922.99,2852.76,2884.79,6739966,TCS,TCS.NS,-0.0018,2.5454,1.0246,0
2023-03-20,2876.04,2876.04,2808.35,2852.13,2289468,TCS,TCS.NS,-0.0113,-0.6603,1.0241,0
2023-03-21,2852.13,2864.33,2810.52,2818.37,1815297,TCS,TCS.NS,-0.0118,-0.2071,1.0191,1
2023-03-22,2840.1,2852.31,2818.37,2840.78,1123939,TCS,TCS.NS,0.008,-0.3809,1.012,0
2023-03-23,2826.36,2854.89,2813.74,2835.2,1372218,TCS,TCS.NS,-0.002,0.2209,1.0146,0
2023-03-24,2857.21,2876.35,2818.28,2831.44,1329577,TCS,TCS.NS,-0.0013,-0.0311,1.0206,1
2023-03-27,2844.6,2860.7,2818.28,2833.07,1524217,TCS,TCS.NS,0.0006,0.1464,1.0151,0
2023-03-28,2837.34,2857.8,2822.05,2827.26,1303530,TCS,TCS.NS,-0.002,-0.1448,1.0127,1
2023-03-29,2839.15,2858.21,2816.56,2848.13,1740616,TCS,TCS.NS,0.0074,0.3353,1.0148,1
2023-03-31,2894.45,2915.37,2860.02,2908.93,2382581,TCS,TCS.NS,0.0213,0.3688,1.0194,0
2023-04-03,2926.21,2926.21,2879.76,2903.57,1521830,TCS,TCS.NS,-0.0018,-0.3613,1.0161,1
2023-04-05,2890.42,2961.96,2890.42,2939.69,2655065,TCS,TCS.NS,0.0124,0.7447,1.0248,0
2023-04-06,2926.26,2955.61,2917.18,2922.36,1703464,TCS,TCS.NS,-0.0059,-0.3584,1.0132,1
2023-04-10,2921.72,2968.9,2917.18,2961.1,2203187,TCS,TCS.NS,0.0133,0.2934,1.0177,0
2023-04-11,2961.65,2969.77,2896.45,2916.1,2348779,TCS,TCS.NS,-0.0152,0.0661,1.0253,1
2023-04-12,2928.93,2958.88,2902.67,2941.37,2417727,TCS,TCS.NS,0.0087,0.0294,1.0194,0
2023-04-13,2912.65,2930.79,2885.43,2893.46,4174070,TCS,TCS.NS,-0.0163,0.7264,1.0157,0
2023-04-17,2843.78,2870.36,2785.84,2848.68,5505048,TCS,TCS.NS,-0.0155,0.3189,1.0303,0
2023-04-18,2862.7,2864.42,2822.46,2840.74,2617302,TCS,TCS.NS,-0.0028,-0.5246,1.0149,0
2023-04-19,2840.74,2849.13,2786.98,2803.4,3298034,TCS,TCS.NS,-0.0131,0.2601,1.0223,1
2023-04-20,2803.76,2824.63,2792.87,2817.19,2419999,TCS,TCS.NS,0.0049,-0.2662,1.0114,1
2023-04-21,2821.91,2871.32,2813.56,2868.05,1929184,TCS,TCS.NS,0.0181,-0.2028,1.0205,1
2023-04-24,2859.2,2886.29,2836.57,2880.71,1640676,TCS,TCS.NS,0.0044,-0.1495,1.0175,1
2023-04-25,2888.15,2895.59,2855.94,2881.8,2024090,TCS,TCS.NS,0.0004,0.2337,1.0139,1
2023-04-26,2886.33,2911.2,2886.33,2901.9,2000029,TCS,TCS.NS,0.007,-0.0119,1.0086,0
2023-04-27,2889.96,2902.85,2876.94,2892.64,2434446,TCS,TCS.NS,-0.0032,0.2172,1.009,1
2023-04-28,2903.94,2928.3,2900.17,2921.04,2931312,TCS,TCS.NS,0.0098,0.2041,1.0097,1
2023-05-02,2935.33,2935.33,2912.65,2921.18,2321159,TCS,TCS.NS,0.0,-0.2082,1.0078,0
2023-05-03,2918.09,2918.09,2879.21,2885.34,2468285,TCS,TCS.NS,-0.0123,0.0634,1.0135,1
2023-05-04,2885.56,2925.76,2883.61,2922.36,1953253,TCS,TCS.NS,0.0128,-0.2087,1.0146,1
2023-05-05,2921.72,2943.5,2912.69,2931.43,1710027,TCS,TCS.NS,0.0031,-0.1245,1.0106,1
2023-05-08,2944.41,2953.34,2931.98,2949.49,928235,TCS,TCS.NS,0.0062,-0.4572,1.0073,1
2023-05-09,2951.3,2992.5,2945.31,2979.11,1107375,TCS,TCS.NS,0.01,0.193,1.016,1
2023-05-10,2985.24,3000.21,2963.51,2982.33,1559987,TCS,TCS.NS,0.0011,0.4087,1.0124,0
2023-05-11,3002.48,3003.11,2968.9,2978.11,1719623,TCS,TCS.NS,-0.0014,0.1023,1.0115,0
2023-05-12,2975.39,2985.24,2958.02,2970.99,1027479,TCS,TCS.NS,-0.0024,-0.4025,1.0092,0
2023-05-15,2979.79,2987.05,2947.45,2953.52,1150390,TCS,TCS.NS,-0.0059,0.1196,1.0134,1
2023-05-16,2954.57,2980.7,2949.35,2956.34,986306,TCS,TCS.NS,0.001,-0.1426,1.0106,0
2023-05-17,2954.34,2976.16,2901.99,2911.47,1588815,TCS,TCS.NS,-0.0152,0.6109,1.0256,0
2023-05-18,2927.12,2929.84,2899.04,2903.44,1369364,TCS,TCS.NS,-0.0028,-0.1381,1.0106,1
2023-05-19,2912.65,2934.88,2906.34,2924.31,1152449,TCS,TCS.NS,0.0072,-0.1584,1.0098,1
2023-05-22,2930.8,3001.98,2919.04,2993.13,1333243,TCS,TCS.NS,0.0235,0.1569,1.0284,0
2023-05-23,2999.75,3019.67,2985.33,2991.63,1687418,TCS,TCS.NS,-0.0005,0.2656,1.0115,1
2023-05-24,2972.53,3009.92,2972.53,2997.35,1016555,TCS,TCS.NS,0.0019,-0.3976,1.0126,0
2023-05-25,2988.87,2999.75,2964.46,2988.41,1374917,TCS,TCS.NS,-0.003,0.3525,1.0119,1
2023-05-26,2988.41,3029.38,2986.14,3020.53,1791115,TCS,TCS.NS,0.0107,0.3027,1.0145,0
2023-05-29,3049.48,3059.64,3005.2,3012.78,1210372,TCS,TCS.NS,-0.0026,-0.3242,1.0181,0
2023-05-30,3007.92,3018.76,2995.54,3009.01,1344224,TCS,TCS.NS,-0.0012,0.1106,1.0078,0
2023-05-31,3002.48,3019.44,2962.69,2984.78,5815424,TCS,TCS.NS,-0.0081,3.3262,1.0192,1
2023-06-01,3007.01,3030.61,2992.04,3016.09,1177314,TCS,TCS.NS,0.0105,-0.7976,1.0129,0
2023-06-02,3018.13,3026.89,2992.0,2999.39,2030661,TCS,TCS.NS,-0.0055,0.7248,1.0117,0
2023-06-05,3007.92,3018.81,2980.75,2984.24,1861468,TCS,TCS.NS,-0.0051,-0.0833,1.0128,0
2023-06-06,2976.16,2984.19,2922.27,2932.88,2022849,TCS,TCS.NS,-0.0172,0.0867,1.0212,1
2023-06-07,2951.66,2975.12,2940.78,2971.54,1567196,TCS,TCS.NS,0.0132,-0.2253,1.0117,0
2023-06-08,2958.92,2967.09,2933.52,2936.65,1759366,TCS,TCS.NS,-0.0117,0.1226,1.0114,0
2023-06-09,2944.41,2948.94,2908.43,2912.01,1775689,TCS,TCS.NS,-0.0084,0.0093,1.0139,1
2023-06-12,2917.18,2952.93,2913.56,2946.13,2324605,TCS,TCS.NS,0.0117,0.3091,1.0135,0
2023-06-13,2958.02,2962.55,2938.96,2943.23,1371928,TCS,TCS.NS,-0.001,-0.4098,1.008,1
2023-06-14,2943.23,2954.25,2927.03,2949.89,1658544,TCS,TCS.NS,0.0023,0.2089,1.0093,0
2023-06-15,2966.58,2968.54,2934.31,2940.07,2273810,TCS,TCS.NS,-0.0033,0.371,1.0117,0
2023-06-16,2922.43,2924.62,2884.95,2902.22,4156189,TCS,TCS.NS,-0.0129,0.8279,1.0138,1
2023-06-19,2916.03,2938.79,2902.32,2934.68,1468186,TCS,TCS.NS,0.0112,-0.6467,1.0126,1
2023-06-20,2937.97,2954.88,2926.13,2950.49,1528452,TCS,TCS.NS,0.0054,0.041,1.0098,1
2023-06-21,2970.87,2981.29,2947.06,2978.37,1645987,TCS,TCS.NS,0.0094,0.0769,1.0116,0
2023-06-22,2980.02,2987.01,2952.68,2960.36,1529603,TCS,TCS.NS,-0.006,-0.0707,1.0116,0
2023-06-23,2959.26,2970.33,2933.53,2940.11,1119505,TCS,TCS.NS,-0.0068,-0.2681,1.0125,0
2023-06-26,2929.74,2937.87,2900.49,2915.71,1978803,TCS,TCS.NS,-0.0083,0.7676,1.0129,1
2023-06-27,2927.0,2933.99,2908.99,2922.75,863542,TCS,TCS.NS,0.0024,-0.5636,1.0086,1
2023-06-28,2932.48,2953.46,2919.14,2939.29,1575872,TCS,TCS.NS,0.0057,0.8249,1.0118,1
2023-06-30,2943.45,3025.72,2938.06,3018.64,2672406,TCS,TCS.NS,0.027,0.6958,1.0298,0
2023-07-03,3029.65,3033.76,2988.01,2991.26,1687264,TCS,TCS.NS,-0.0091,-0.3686,1.0153,1
2023-07-04,3007.44,3030.29,2995.83,3024.67,1656681,TCS,TCS.NS,0.0112,-0.0181,1.0115,1
2023-07-05,3034.86,3043.09,3021.15,3034.82,1453008,TCS,TCS.NS,0.0034,-0.1229,1.0073,1
2023-07-06,3022.57,3042.59,3018.41,3037.51,1848238,TCS,TCS.NS,0.0009,0.272,1.008,1
2023-07-07,3018.41,3068.59,3018.41,3043.32,1789326,TCS,TCS.NS,0.0019,-0.0319,1.0166,0
2023-07-10,3039.2,3039.2,2984.77,2990.94,1407431,TCS,TCS.NS,-0.0172,-0.2134,1.0182,1
2023-07-11,3012.01,3012.01,2980.75,2991.35,1110172,TCS,TCS.NS,0.0001,-0.2112,1.0105,0
2023-07-12,2999.17,3006.66,2970.97,2979.92,1515240,TCS,TCS.NS,-0.0038,0.3649,1.012,1
2023-07-13,3001.95,3078.24,2991.67,3053.65,4585146,TCS,TCS.NS,0.0247,2.026,1.0289,1
2023-07-14,3076.0,3222.12,3064.11,3212.79,6306101,TCS,TCS.NS,0.0521,0.3753,1.0516,0
2023-07-17,3208.54,3245.02,3178.42,3191.82,2743228,TCS,TCS.NS,-0.0065,-0.565,1.021,1
2023-07-18,3177.46,3221.34,3167.41,3196.52,2600090,TCS,TCS.NS,0.0015,-0.0522,1.017,0
2023-07-19,3199.4,3214.81,3149.72,3172.03,2405370,TCS,TCS.NS,-0.0077,-0.0749,1.0207,1
2023-07-20,3164.74,3188.38,3149.11,3174.09,1715404,TCS,TCS.NS,0.0006,-0.2868,1.0125,0
2023-07-21,3119.79,3148.06,3078.54,3087.02,3770223,TCS,TCS.NS,-0.0274,1.1979,1.0226,1
2023-07-24,3098.66,3128.4,3090.5,3111.26,1680132,TCS,TCS.NS,0.0079,-0.5544,1.0123,1
2023-07-25,3113.78,3122.31,3097.93,3115.29,1272980,TCS,TCS.NS,0.0013,-0.2423,1.0079,0
2023-07-26,3116.39,3135.18,3102.33,3105.35,1066803,TCS,TCS.NS,-0.0032,-0.162,1.0106,1
2023-07-27,3111.45,3126.75,3102.37,3113.23,1701769,TCS,TCS.NS,0.0025,0.5952,1.0079,0
2023-07-28,3102.33,3110.3,3052.84,3075.2,2599831,TCS,TCS.NS,-0.0122,0.5277,1.0188,1
2023-07-31,3083.45,3140.5,3080.24,3135.73,2743678,TCS,TCS.NS,0.0197,0.0553,1.0196,1
2023-08-01,3129.82,3171.06,3129.82,3163.78,1956167,TCS,TCS.NS,0.0089,-0.287,1.0132,0
2023-08-02,3148.1,3158.6,3128.54,3153.33,1914899,TCS,TCS.NS,-0.0033,-0.0211,1.0096,0
2023-08-03,3134.4,3146.55,3086.75,3116.03,2026351,TCS,TCS.NS,-0.0118,0.0582,1.0194,1
2023-08-04,3117.22,3181.14,3117.22,3155.99,2248493,TCS,TCS.NS,0.0128,0.1096,1.0205,1
2023-08-07,3165.52,3196.72,3153.88,3193.1,1853889,TCS,TCS.NS,0.0118,-0.1755,1.0136,0
2023-08-08,3193.1,3198.51,3167.95,3180.78,1634225,TCS,TCS.NS,-0.0039,-0.1185,1.0096,0
2023-08-09,3175.55,3177.48,3139.03,3173.35,1794589,TCS,TCS.NS,-0.0023,0.0981,1.0122,0
2023-08-10,3161.9,3175.55,3143.61,3154.66,1096701,TCS,TCS.NS,-0.0059,-0.3889,1.0102,1
2023-08-11,3150.99,3177.16,3128.9,3160.8,1679974,TCS,TCS.NS,0.0019,0.5318,1.0154,1
2023-08-14,3153.37,3166.48,3126.15,3161.76,1190425,TCS,TCS.NS,0.0003,-0.2914,1.0129,1
2023-08-16,3161.9,3176.56,3148.33,3169.6,1328445,TCS,TCS.NS,0.0025,0.1159,1.009,0
2023-08-17,3166.48,3171.8,3128.17,3148.84,1843241,TCS,TCS.NS,-0.0065,0.3875,1.0139,0
2023-08-18,3125.24,3125.24,3076.21,3085.92,2526749,TCS,TCS.NS,-0.02,0.3708,1.0159,1
2023-08-21,3093.16,3125.01,3090.41,3117.59,1375579,TCS,TCS.NS,0.0103,-0.4556,1.0112,0
2023-08-22,3116.07,3126.15,3084.04,3099.71,1222012,TCS,TCS.NS,-0.0057,-0.1116,1.0137,1
2023-08-23,3105.08,3117.91,3094.08,3114.47,1330046,TCS,TCS.NS,0.0048,0.0884,1.0077,0
2023-08-24,3123.41,3128.03,3096.0,3104.85,1152881,TCS,TCS.NS,-0.0031,-0.1332,1.0103,0
2023-08-25,3093.16,3103.06,3070.48,3098.93,1158046,TCS,TCS.NS,-0.0019,0.0045,1.0106,0
2023-08-28,3110.57,3110.57,3079.51,3093.67,1037485,TCS,TCS.NS,-0.0017,-0.1041,1.0101,1
2023-08-29,3098.71,3106.5,3084.0,3094.22,944517,TCS,TCS.NS,0.0002,-0.0896,1.0073,1
2023-08-30,3114.24,3123.5,3100.54,3107.78,1188200,TCS,TCS.NS,0.0044,0.258,1.0074,0
2023-08-31,3116.99,3132.02,3064.43,3076.48,3417652,TCS,TCS.NS,-0.0101,1.8763,1.0221,1
2023-09-01,3084.91,3105.99,3076.48,3097.01,1277950,TCS,TCS.NS,0.0067,-0.6261,1.0096,1
2023-09-04,3095.91,3146.18,3088.62,3133.03,1828332,TCS,TCS.NS,0.0116,0.4307,1.0186,1
2023-09-05,3134.4,3159.15,3120.79,3142.97,1501842,TCS,TCS.NS,0.0032,-0.1786,1.0123,1
2023-09-06,3147.23,3156.31,3114.33,3143.48,1314818,TCS,TCS.NS,0.0002,-0.1245,1.0135,1
2023-09-07,3144.3,3171.06,3136.51,3166.71,1885092,TCS,TCS.NS,0.0074,0.4337,1.011,0
2023-09-08,3166.71,3175.65,3148.2,3154.47,1518917,TCS,TCS.NS,-0.0039,-0.1942,1.0087,1
2023-09-11,3172.9,3194.62,3157.32,3189.99,1783604,TCS,TCS.NS,0.0113,0.1743,1.0118,1
2023-09-12,3200.39,3290.11,3192.14,3281.77,4476016,TCS,TCS.NS,0.0288,1.5095,1.0307,0
2023-09-13,3272.89,3289.15,3248.96,3269.91,1754929,TCS,TCS.NS,-0.0036,-0.6079,1.0124,0
2023-09-14,3271.92,3297.26,3249.51,3262.76,2604721,TCS,TCS.NS,-0.0022,0.4842,1.0147,1
2023-09-15,3269.91,3306.11,3264.96,3297.81,2952897,TCS,TCS.NS,0.0107,0.1337,1.0126,1
2023-09-18,3281.09,3317.06,3276.69,3305.01,1395753,TCS,TCS.NS,0.0022,-0.5273,1.0123,0
2023-09-20,3281.04,3322.28,3281.04,3304.92,1649396,TCS,TCS.NS,-0.0,0.1817,1.0126,0
2023-09-21,3288.88,3303.95,3233.38,3285.9,2004073,TCS,TCS.NS,-0.0058,0.215,1.0218,1
2023-09-22,3284.71,3330.3,3267.34,3302.72,1989083,TCS,TCS.NS,0.0051,-0.0075,1.0193,0
2023-09-25,3301.66,3317.7,3261.47,3278.43,1238778,TCS,TCS.NS,-0.0074,-0.3772,1.0172,1
2023-09-26,3269.68,3294.74,3240.72,3286.27,1726062,TCS,TCS.NS,0.0024,0.3934,1.0167,1
2023-09-27,3290.21,3312.2,3258.77,3289.57,1541134,TCS,TCS.NS,0.001,-0.1071,1.0164,0
2023-09-28,3299.37,3301.94,3232.79,3241.4,1755753,TCS,TCS.NS,-0.0146,0.1393,1.0214,0
2023-09-29,3241.82,3270.46,3212.81,3233.93,2243791,TCS,TCS.NS,-0.0023,0.278,1.0179,0
2023-10-03,3239.07,3239.07,3189.48,3220.42,1948148,TCS,TCS.NS,-0.0042,-0.1318,1.0155,1
2023-10-04,3195.17,3251.71,3186.92,3242.32,1788138,TCS,TCS.NS,0.0068,-0.0821,1.0203,1
2023-10-05,3257.21,3321.37,3254.65,3289.61,2990768,TCS,TCS.NS,0.0146,0.6726,1.0205,1
2023-10-06,3291.12,3331.4,3276.51,3318.98,2075691,TCS,TCS.NS,0.0089,-0.306,1.0168,1
2023-10-09,3340.66,3371.77,3327.78,3334.52,4233074,TCS,TCS.NS,0.0047,1.0394,1.0132,0
2023-10-10,3336.08,3343.36,3300.61,3325.86,1848148,TCS,TCS.NS,-0.0026,-0.5634,1.013,0
2023-10-11,3345.2,3345.2,3303.95,3308.44,2426417,TCS,TCS.NS,-0.0052,0.3129,1.0125,0
2023-10-12,3276.46,3288.97,3242.64,3246.72,4241281,TCS,TCS.NS,-0.0187,0.748,1.0143,1
2023-10-13,3235.22,3278.29,3230.63,3272.66,2890357,TCS,TCS.NS,0.008,-0.3185,1.0148,0
2023-10-16,3268.21,3276.14,3225.23,3229.76,1671104,TCS,TCS.NS,-0.0131,-0.4218,1.0158,0
2023-10-17,3235.22,3239.02,3210.79,3214.18,1672065,TCS,TCS.NS,-0.0048,0.0006,1.0088,0
2023-10-18,3217.8,3228.53,3193.06,3196.04,1408245,TCS,TCS.NS,-0.0056,-0.1578,1.0111,0
2023-10-19,3188.0,3194.75,3171.82,3175.27,1514545,TCS,TCS.NS,-0.0065,0.0755,1.0072,1
2023-10-20,3170.45,3215.56,3164.61,3211.01,1481211,TCS,TCS.NS,0.0113,-0.022,1.0161,0
2023-10-23,3191.21,3196.68,3125.33,3133.46,1106272,TCS,TCS.NS,-0.0242,-0.2531,1.0228,0
2023-10-25,3115.41,3147.11,3103.19,3115.04,1518537,TCS,TCS.NS,-0.0059,0.3727,1.0142,0
2023-10-26,3094.78,3099.97,3059.82,3066.02,1984471,TCS,TCS.NS,-0.0157,0.3068,1.0131,1
2023-10-27,3078.19,3089.22,3066.25,3079.07,1108851,TCS,TCS.NS,0.0043,-0.4412,1.0075,1
2023-10-30,3078.19,3108.38,3063.26,3104.43,910972,TCS,TCS.NS,0.0082,-0.1785,1.0147,0
2023-10-31,3123.22,3123.22,3078.24,3095.42,999811,TCS,TCS.NS,-0.0029,0.0975,1.0146,0
2023-11-01,3082.79,3098.04,3042.36,3060.41,1563475,TCS,TCS.NS,-0.0113,0.5638,1.0183,1
2023-11-02,3071.94,3102.04,3071.94,3087.47,1245384,TCS,TCS.NS,0.0088,-0.2035,1.0098,0
2023-11-03,3107.6,3113.02,3072.96,3079.02,1402598,TCS,TCS.NS,-0.0027,0.1262,1.013,1
2023-11-06,3101.16,3117.06,3086.46,3105.99,1099852,TCS,TCS.NS,0.0088,-0.2158,1.0099,0
2023-11-07,3103.92,3127.95,3092.89,3096.98,1191144,TCS,TCS.NS,-0.0029,0.083,1.0113,1
2023-11-08,3097.9,3125.93,3096.16,3107.18,992899,TCS,TCS.NS,0.0033,-0.1664,1.0096,0
2023-11-09,3115.04,3116.33,3070.89,3075.85,2112352,TCS,TCS.NS,-0.0101,1.1275,1.0148,0
2023-11-10,3067.17,3075.85,3052.79,3062.99,1338557,TCS,TCS.NS,-0.0042,-0.3663,1.0076,0
2023-11-13,3083.71,3083.71,3057.06,3061.24,1030990,TCS,TCS.NS,-0.0006,-0.2298,1.0087,1
2023-11-15,3108.61,3136.08,3083.75,3128.09,2059802,TCS,TCS.NS,0.0218,0.9979,1.017,1
2023-11-16,3151.75,3242.99,3137.18,3214.05,3951984,TCS,TCS.NS,0.0275,0.9186,1.0337,1
2023-11-17,3214.05,3238.53,3209.18,3218.27,2021292,TCS,TCS.NS,0.0013,-0.4885,1.0091,1
2023-11-20,3207.98,3247.17,3207.98,3234.03,1475621,TCS,TCS.NS,0.0049,-0.27,1.0122,0
2023-11-21,3234.03,3251.9,3216.94,3225.4,1807236,TCS,TCS.NS,-0.0027,0.2247,1.0109,1
2023-11-22,3216.02,3246.02,3198.66,3243.73,1798051,TCS,TCS.NS,0.0057,-0.0051,1.0148,0
2023-11-23,3243.59,3256.45,3216.02,3223.6,2729804,TCS,TCS.NS,-0.0062,0.5182,1.0126,0
2023-11-24,3210.74,3220.2,3172.84,3176.6,1989733,TCS,TCS.NS,-0.0146,-0.2711,1.0149,1
2023-11-28,3176.6,3198.79,3154.46,3188.59,1689195,TCS,TCS.NS,0.0038,-0.151,1.0141,1
2023-11-29,3198.56,3232.56,3193.79,3228.66,1441634,TCS,TCS.NS,0.0126,-0.1466,1.0121,0
2023-11-30,3215.52,3231.32,3198.56,3204.63,3266235,TCS,TCS.NS,-0.0074,1.2656,1.0102,1
2023-12-01,3216.02,3231.6,3206.88,3226.73,1172141,TCS,TCS.NS,0.0069,-0.6411,1.0077,1
2023-12-04,3257.05,3259.94,3214.18,3227.46,1625213,TCS,TCS.NS,0.0002,0.3865,1.0142,1
2023-12-05,3250.94,3250.94,3218.6,3245.06,1377656,TCS,TCS.NS,0.0055,-0.1523,1.01,1
2023-12-06,3245.98,3319.72,3239.13,3311.68,1896572,TCS,TCS.NS,0.0205,0.3767,1.0249,1
2023-12-07,3312.5,3335.98,3300.28,3321.6,1967653,TCS,TCS.NS,0.003,0.0375,1.0108,1
2023-12-08,3338.23,3349.26,3309.79,3332.44,1641155,TCS,TCS.NS,0.0033,-0.1659,1.0119,1
2023-12-11,3328.95,3356.61,3321.69,3347.33,1102503,TCS,TCS.NS,0.0045,-0.3282,1.0105,1
2023-12-12,3343.7,3398.33,3336.39,3374.16,2236866,TCS,TCS.NS,0.008,1.0289,1.0186,0
2023-12-13,3347.93,3353.85,3273.91,3301.98,3850968,TCS,TCS.NS,-0.0214,0.7216,1.0244,1
2023-12-14,3335.47,3379.58,3333.27,3369.7,3290396,TCS,TCS.NS,0.0205,-0.1456,1.0139,1
2023-12-15,3369.2,3579.85,3369.2,3547.73,8531230,TCS,TCS.NS,0.0528,1.5928,1.0625,0
2023-12-18,3545.07,3610.22,3519.39,3546.08,2521612,TCS,TCS.NS,-0.0005,-0.7044,1.0258,0
2023-12-19,3533.03,3542.31,3482.49,3506.57,2004435,TCS,TCS.NS,-0.0111,-0.2051,1.0172,0
2023-12-20,3516.72,3582.47,3460.95,3473.35,2586083,TCS,TCS.NS,-0.0095,0.2902,1.0351,1
2023-12-21,3451.48,3497.84,3439.63,3480.2,1517562,TCS,TCS.NS,0.002,-0.4132,1.0169,1
2023-12-22,3491.68,3533.9,3456.76,3513.73,2413058,TCS,TCS.NS,0.0096,0.5901,1.0223,0
2023-12-26,3509.92,3522.92,3482.63,3487.59,1285231,TCS,TCS.NS,-0.0074,-0.4674,1.0116,1
2023-12-27,3490.76,3508.4,3462.28,3501.97,1293976,TCS,TCS.NS,0.0041,0.0068,1.0133,0
2023-12-28,3513.73,3526.6,3484.42,3491.59,1682889,TCS,TCS.NS,-0.003,0.3006,1.0121,0
2023-12-29,3484.33,3512.45,3459.89,3485.62,1574996,TCS,TCS.NS,-0.0017,-0.0641,1.0152,1
2024-01-01,3482.49,3521.09,3466.87,3501.88,825907,TCS,TCS.NS,0.0047,-0.4756,1.0156,0
2024-01-02,3501.88,3501.88,3461.59,3476.24,1344068,TCS,TCS.NS,-0.0073,0.6274,1.0116,0
2024-01-03,3461.36,3465.82,3387.9,3392.21,1803075,TCS,TCS.NS,-0.0242,0.3415,1.023,0
2024-01-04,3401.4,3417.25,3354.77,3369.29,3598144,TCS,TCS.NS,-0.0068,0.9956,1.0186,1
2024-01-05,3376.82,3443.67,3376.69,3434.62,1963127,TCS,TCS.NS,0.0194,-0.4544,1.0198,0
2024-01-08,3434.62,3436.32,3374.43,3379.86,1067805,TCS,TCS.NS,-0.0159,-0.4561,1.0183,1
2024-01-09,3408.94,3447.9,3383.94,3390.51,1370944,TCS,TCS.NS,0.0032,0.2839,1.0189,1
2024-01-10,3390.61,3426.67,3388.77,3411.79,1292227,TCS,TCS.NS,0.0063,-0.0574,1.0112,1
2024-01-11,3421.85,3466.87,3406.23,3432.46,1777909,TCS,TCS.NS,0.0061,0.3758,1.0178,1
2024-01-12,3535.79,3588.39,3511.53,3567.76,6813450,TCS,TCS.NS,0.0394,2.8323,1.0219,1
2024-01-15,3638.7,3643.29,3569.78,3587.06,2801505,TCS,TCS.NS,0.0054,-0.5888,1.0206,0
2024-01-16,3582.65,3582.65,3542.72,3548.01,1432672,TCS,TCS.NS,-0.0109,-0.4886,1.0113,1
2024-01-17,3509.14,3592.71,3503.21,3569.42,3458696,TCS,TCS.NS,0.006,1.4142,1.0255,1
2024-01-18,3581.73,3591.65,3548.65,3585.96,2239110,TCS,TCS.NS,0.0046,-0.3526,1.0121,1
2024-01-19,3650.17,3667.33,3622.46,3648.37,2941975,TCS,TCS.NS,0.0174,0.3139,1.0124,0
2024-01-23,3608.53,3639.9,3555.56,3569.9,2618854,TCS,TCS.NS,-0.0215,-0.1098,1.0237,0
2024-01-24,3590.03,3593.41,3521.19,3554.68,2657709,TCS,TCS.NS,-0.0043,0.0148,1.0205,0
2024-01-25,3552.93,3572.45,3496.3,3525.54,2205154,TCS,TCS.NS,-0.0082,-0.1703,1.0218,0
2024-01-29,3516.75,3534.51,3498.29,3516.93,1646747,TCS,TCS.NS,-0.0024,-0.2532,1.0104,0
2024-01-30,3522.9,3560.23,3503.98,3516.52,1411621,TCS,TCS.NS,-0.0001,-0.1428,1.0161,1
2024-01-31,3526.37,3547.47,3512.72,3530.77,2459358,TCS,TCS.NS,0.0041,0.7422,1.0099,1
2024-02-01,3534.51,3613.07,3520.68,3566.11,2363107,TCS,TCS.NS,0.01,-0.0391,1.0262,1
2024-02-02,3585.45,3686.63,3582.63,3669.88,2826510,TCS,TCS.NS,0.0291,0.1961,1.029,1
2024-02-05,3685.33,3721.42,3665.99,3676.36,1691523,TCS,TCS.NS,0.0018,-0.4016,1.0151,1
2024-02-06,3698.28,3839.76,3691.81,3826.9,4474396,TCS,TCS.NS,0.0409,1.6452,1.0401,0
2024-02-07,3842.63,3844.48,3769.48,3778.23,2124267,TCS,TCS.NS,-0.0127,-0.5252,1.0199,1
2024-02-08,3784.33,3847.25,3780.68,3825.14,2345173,TCS,TCS.NS,0.0124,0.104,1.0176,0
2024-02-09,3827.4,3872.0,3793.59,3824.77,2100596,TCS,TCS.NS,-0.0001,-0.1043,1.0207,0
2024-02-12,3821.34,3848.73,3798.72,3812.74,1013716,TCS,TCS.NS,-0.0031,-0.5174,1.0132,1
2024-02-13,3817.13,3858.35,3776.47,3839.39,1257415,TCS,TCS.NS,0.007,0.2404,1.0217,0
2024-02-14,3800.06,3807.37,3746.86,3793.68,1391283,TCS,TCS.NS,-0.0119,0.1065,1.0162,1
2024-02-15,3819.49,3836.43,3777.86,3796.55,1091582,TCS,TCS.NS,0.0008,-0.2154,1.0155,1
2024-02-16,3805.85,3837.95,3793.68,3819.77,1307556,TCS,TCS.NS,0.0061,0.1979,1.0117,0
2024-02-19,3814.91,3819.77,3751.95,3797.1,772291,TCS,TCS.NS,-0.0059,-0.4094,1.0181,0
2024-02-20,3777.02,3791.74,3710.31,3729.42,1193648,TCS,TCS.NS,-0.0178,0.5456,1.0219,0
2024-02-21,3713.09,3759.68,3683.11,3693.2,1885939,TCS,TCS.NS,-0.0097,0.58,1.0208,1
2024-02-22,3674.23,3788.91,3674.23,3781.65,2982052,TCS,TCS.NS,0.024,0.5812,1.0312,0
2024-02-23,3821.34,3821.34,3743.99,3749.27,2538072,TCS,TCS.NS,-0.0086,-0.1489,1.0207,0
2024-02-26,3734.37,3747.32,3685.1,3702.03,1379284,TCS,TCS.NS,-0.0126,-0.4566,1.0169,1
2024-02-27,3700.13,3815.79,3700.13,3797.66,2960475,TCS,TCS.NS,0.0258,1.1464,1.0313,1
2024-02-28,3789.52,3844.38,3783.41,3811.12,1939225,TCS,TCS.NS,0.0035,-0.345,1.0161,0
2024-02-29,3792.66,3828.84,3760.79,3789.05,3772719,TCS,TCS.NS,-0.0058,0.9455,1.0181,0
2024-03-01,3800.25,3830.6,3781.37,3788.36,2043265,TCS,TCS.NS,-0.0002,-0.4584,1.013,0
2024-03-04,3798.21,3810.15,3771.29,3775.73,1749271,TCS,TCS.NS,-0.0033,-0.1439,1.0103,0
2024-03-05,3758.43,3760.28,3682.55,3712.26,2070859,TCS,TCS.NS,-0.0168,0.1838,1.0211,1
2024-03-06,3695.55,3767.68,3662.62,3760.55,1744204,TCS,TCS.NS,0.013,-0.1577,1.0287,1
2024-03-07,3761.2,3815.79,3735.94,3801.54,2688905,TCS,TCS.NS,0.0109,0.5416,1.0214,1
2024-03-11,3783.41,3842.63,3783.41,3814.27,2304068,TCS,TCS.NS,0.0033,-0.1431,1.0157,1
2024-03-12,3814.27,3913.82,3813.06,3878.94,4039801,TCS,TCS.NS,0.017,0.7533,1.0264,0
2024-03-13,3890.74,3924.05,3823.1,3838.92,2837260,TCS,TCS.NS,-0.0103,-0.2977,1.0264,1
2024-03-14,3843.04,3909.24,3780.63,3893.14,2919608,TCS,TCS.NS,0.0141,0.029,1.034,1
2024-03-15,3879.27,3922.2,3864.83,3903.92,3373143,TCS,TCS.NS,0.0028,0.1553,1.0148,0
2024-03-18,3900.22,3936.77,3810.1,3842.16,1526904,TCS,TCS.NS,-0.0158,-0.5473,1.0332,0
2024-03-19,3748.48,3754.72,3670.16,3680.06,8931209,TCS,TCS.NS,-0.0422,4.8492,1.023,0
2024-03-20,3688.11,3717.71,3664.23,3674.13,1817913,TCS,TCS.NS,-0.0016,-0.7965,1.0146,1
2024-03-21,3691.85,3708.83,3652.95,3676.03,3829582,TCS,TCS.NS,0.0005,1.1066,1.0153,0
2024-03-22,3605.76,3643.69,3566.9,3618.62,5852485,TCS,TCS.NS,-0.0156,0.5282,1.0215,0
2024-03-26,3585.4,3651.74,3582.12,3587.72,3440925,TCS,TCS.NS,-0.0085,-0.4121,1.0194,0
2024-03-27,3597.89,3603.91,3543.21,3553.85,1968575,TCS,TCS.NS,-0.0094,-0.4279,1.0171,1
2024-03-28,3562.36,3622.41,3553.48,3586.6,4311783,TCS,TCS.NS,0.0092,1.1903,1.0194,1
2024-04-01,3606.41,3639.34,3597.48,3624.03,1569676,TCS,TCS.NS,0.0104,-0.636,1.0116,0
2024-04-02,3599.28,3617.65,3583.55,3593.54,2142666,TCS,TCS.NS,-0.0084,0.365,1.0095,1
2024-04-03,3563.2,3683.48,3563.2,3652.3,3973090,TCS,TCS.NS,0.0163,0.8543,1.0338,1
2024-04-04,3678.76,3727.57,3641.15,3704.11,3394637,TCS,TCS.NS,0.0142,-0.1456,1.0237,0
2024-04-05,3680.7,3702.91,3664.51,3681.86,1636819,TCS,TCS.NS,-0.006,-0.5178,1.0105,0
2024-04-08,3685.33,3731.27,3664.05,3675.66,2302538,TCS,TCS.NS,-0.0017,0.4067,1.0183,0
2024-04-09,3686.26,3715.73,3631.71,3651.6,1876992,TCS,TCS.NS,-0.0065,-0.1848,1.0231,1
2024-04-10,3660.72,3691.99,3625.19,3686.86,2101965,TCS,TCS.NS,0.0097,0.1199,1.0184,1
2024-04-12,3674.23,3713.41,3650.63,3702.36,4354821,TCS,TCS.NS,0.0042,1.0718,1.0172,0
2024-04-15,3702.35,3760.46,3626.16,3646.65,4200329,TCS,TCS.NS,-0.015,-0.0355,1.037,0
2024-04-16,3610.38,3635.09,3574.16,3583.37,3051420,TCS,TCS.NS,-0.0174,-0.2735,1.017,0
2024-04-18,3587.07,3641.84,3562.27,3573.37,3476284,TCS,TCS.NS,-0.0028,0.1392,1.0223,0
2024-04-19,3551.17,3564.63,3516.84,3540.25,2957749,TCS,TCS.NS,-0.0093,-0.1492,1.0136,1
2024-04-22,3550.24,3588.18,3527.11,3575.78,1728883,TCS,TCS.NS,0.01,-0.4155,1.0173,1
2024-04-23,3587.3,3603.91,3572.08,3585.12,1807586,TCS,TCS.NS,0.0026,0.0455,1.0089,0
2024-04-24,3599.28,3606.68,3538.63,3544.74,1317312,TCS,TCS.NS,-0.0113,-0.2712,1.0192,1
2024-04-25,3526.37,3584.15,3526.19,3564.31,2856271,TCS,TCS.NS,0.0055,1.1683,1.0164,0
2024-04-26,3567.04,3587.07,3518.37,3535.76,2039178,TCS,TCS.NS,-0.008,-0.2861,1.0195,1
2024-04-29,3551.17,3587.99,3533.77,3580.96,1110693,TCS,TCS.NS,0.0128,-0.4553,1.0153,0
2024-04-30,3582.63,3591.65,3525.26,3535.11,2203078,TCS,TCS.NS,-0.0128,0.9835,1.0188,1
2024-05-02,3495.7,3581.79,3495.7,3574.58,2491044,TCS,TCS.NS,0.0112,0.1307,1.0246,0
2024-05-03,3599.42,3602.61,3513.79,3556.16,2962234,TCS,TCS.NS,-0.0052,0.1892,1.0253,1
2024-05-06,3565.05,3645.5,3565.05,3628.01,2053831,TCS,TCS.NS,0.0202,-0.3067,1.0226,1
2024-05-07,3637.03,3689.96,3621.02,3681.58,2062112,TCS,TCS.NS,0.0148,0.004,1.019,0
2024-05-08,3664.97,3686.53,3644.25,3679.73,1247685,TCS,TCS.NS,-0.0005,-0.3949,1.0116,0
2024-05-09,3665.9,3674.23,3617.83,3664.23,1726486,TCS,TCS.NS,-0.0042,0.3838,1.0156,0
2024-05-10,3666.46,3676.63,3594.7,3602.89,1672489,TCS,TCS.NS,-0.0167,-0.0313,1.0228,1
2024-05-13,3594.19,3659.42,3580.78,3652.76,931326,TCS,TCS.NS,0.0138,-0.4431,1.022,0
2024-05-14,3641.84,3650.91,3601.96,3609.64,1058317,TCS,TCS.NS,-0.0118,0.1364,1.0136,0
2024-05-15,3612.7,3633.47,3585.86,3590.4,1115021,TCS,TCS.NS,-0.0053,0.0536,1.0133,1
2024-05-16,3626.47,3643.61,3582.1,3635.65,2599399,TCS,TCS.NS,0.0126,1.3313,1.0172,0
2024-05-17,3652.47,3653.4,3569.52,3573.34,2765804,TCS,TCS.NS,-0.0171,0.064,1.0235,0
2024-05-21,3570.08,3583.27,3550.93,3560.39,1908117,TCS,TCS.NS,-0.0036,-0.3101,1.0091,1
2024-05-22,3574.18,3580.01,3557.92,3571.39,1311168,TCS,TCS.NS,0.0031,-0.3128,1.0062,1
2024-05-23,3579.73,3639.42,3565.33,3628.66,2095742,TCS,TCS.NS,0.016,0.5984,1.0208,0
2024-05-24,3614.49,3619.66,3582.85,3587.7,1309452,TCS,TCS.NS,-0.0113,-0.3752,1.0103,0
2024-05-27,3592.82,3642.54,3580.1,3585.41,1841538,TCS,TCS.NS,-0.0006,0.4063,1.0174,0
2024-05-28,3595.62,3606.8,3569.52,3578.75,1801993,TCS,TCS.NS,-0.0019,-0.0215,1.0104,0
2024-05-29,3587.14,3587.14,3541.56,3544.96,1568095,TCS,TCS.NS,-0.0094,-0.1298,1.0129,0
2024-05-30,3520.13,3536.34,3462.76,3482.01,2919230,TCS,TCS.NS,-0.0178,0.8616,1.0212,0
2024-05-31,3485.64,3494.78,3405.26,3421.29,10956800,TCS,TCS.NS,-0.0174,2.7533,1.0263,1
2024-06-03,3478.93,3496.41,3444.64,3451.02,2156773,TCS,TCS.NS,0.0087,-0.8032,1.015,1
2024-06-04,3448.36,3490.3,3347.24,3462.34,3395997,TCS,TCS.NS,0.0033,0.5746,1.0427,1
2024-06-05,3463.27,3526.46,3448.36,3491.65,2799670,TCS,TCS.NS,0.0085,-0.1756,1.0226,1
2024-06-06,3523.85,3578.75,3487.04,3569.89,4328036,TCS,TCS.NS,0.0224,0.5459,1.0263,1
2024-06-07,3576.33,3648.74,3576.33,3629.12,4552445,TCS,TCS.NS,0.0166,0.0519,1.0202,0
2024-06-10,3630.1,3640.26,3580.61,3596.27,1734661,TCS,TCS.NS,-0.0091,-0.619,1.0167,0
2024-06-11,3583.5,3616.07,3579.77,3590.12,1419898,TCS,TCS.NS,-0.0017,-0.1815,1.0101,0
2024-06-12,3610.9,3628.7,3567.15,3571.06,2177001,TCS,TCS.NS,-0.0053,0.5332,1.0173,1
2024-06-13,3594.5,3625.44,3590.03,3614.4,1932323,TCS,TCS.NS,0.0121,-0.1124,1.0099,0
2024-06-14,3624.51,3624.51,3567.66,3571.43,1860730,TCS,TCS.NS,-0.0119,-0.0371,1.0159,0
2024-06-18,3565.84,3580.71,3536.95,3555.63,1774045,TCS,TCS.NS,-0.0044,-0.0466,1.0124,0
2024-06-19,3567.33,3573.11,3534.99,3543.15,1509050,TCS,TCS.NS,-0.0035,-0.1494,1.0108,0
2024-06-20,3537.83,3550.84,3522.97,3529.68,2846526,TCS,TCS.NS,-0.0038,0.8863,1.0079,1
2024-06-21,3566.73,3614.07,3539.74,3551.58,4642195,TCS,TCS.NS,0.0062,0.6308,1.021,1
2024-06-24,3549.72,3594.69,3533.45,3557.22,1702154,TCS,TCS.NS,0.0016,-0.6333,1.0173,1
2024-06-25,3557.41,3585.97,3534.94,3577.4,1338808,TCS,TCS.NS,0.0057,-0.2135,1.0144,1
2024-06-26,3583.04,3603.96,3579.77,3593.61,1639845,TCS,TCS.NS,0.0045,0.2249,1.0068,1
2024-06-27,3570.45,3673.9,3558.43,3666.59,4526556,TCS,TCS.NS,0.0203,1.7604,1.0325,0
2024-06-28,3651.35,3690.68,3632.76,3638.63,2731571,TCS,TCS.NS,-0.0076,-0.3965,1.0159,1
2024-07-01,3619.85,3729.54,3619.85,3707.64,2658723,TCS,TCS.NS,0.019,-0.0267,1.0303,1
2024-07-02,3722.0,3749.77,3711.7,3744.18,2307449,TCS,TCS.NS,0.0099,-0.1321,1.0103,0
2024-07-03,3746.6,3752.28,3686.02,3695.57,1821198,TCS,TCS.NS,-0.013,-0.2107,1.018,1
2024-07-04,3727.82,3772.09,3711.28,3747.49,2518001,TCS,TCS.NS,0.014,0.3826,1.0164,0
2024-07-05,3737.28,3752.89,3716.78,3738.96,1668616,TCS,TCS.NS,-0.0023,-0.3373,1.0097,0
2024-07-08,3748.46,3757.08,3707.5,3721.62,1758882,TCS,TCS.NS,-0.0046,0.0541,1.0134,0
2024-07-09,3713.98,3734.44,3704.75,3714.45,1305801,TCS,TCS.NS,-0.0019,-0.2576,1.008,0
2024-07-10,3712.77,3731.04,3636.63,3643.29,2669716,TCS,TCS.NS,-0.0192,1.0445,1.026,1
2024-07-11,3663.65,3709.32,3630.66,3656.85,4872189,TCS,TCS.NS,0.0037,0.825,1.0217,1
2024-07-12,3709.32,3914.31,3701.21,3899.4,13509164,TCS,TCS.NS,0.0663,1.7727,1.0576,0
2024-07-15,3947.63,3951.64,3874.33,3885.65,4848030,TCS,TCS.NS,-0.0035,-0.6411,1.02,1
2024-07-16,3888.26,3909.28,3863.01,3894.27,2029521,TCS,TCS.NS,0.0022,-0.5814,1.012,1
2024-07-18,3877.08,4030.86,3877.08,4022.05,5613364,TCS,TCS.NS,0.0328,1.7659,1.0397,0
2024-07-19,4033.12,4071.75,4003.09,4019.11,3903354,TCS,TCS.NS,-0.0007,-0.3046,1.0172,0
2024-07-22,4016.82,4035.5,3984.17,4005.05,1896386,TCS,TCS.NS,-0.0035,-0.5142,1.0129,1
2024-07-23,4000.98,4074.5,3985.38,4019.06,2365208,TCS,TCS.NS,0.0035,0.2472,1.0224,1
2024-07-24,4005.19,4053.39,3987.06,4022.7,1809793,TCS,TCS.NS,0.0009,-0.2348,1.0166,1
2024-07-25,4012.19,4057.03,3992.76,4037.88,2810342,TCS,TCS.NS,0.0038,0.5529,1.0161,1
2024-07-26,4063.57,4131.25,4051.47,4098.93,3552210,TCS,TCS.NS,0.0151,0.264,1.0197,0
2024-07-29,4124.29,4139.24,4083.19,4092.62,1746803,TCS,TCS.NS,-0.0015,-0.5082,1.0137,0
2024-07-30,4101.97,4108.41,4042.37,4077.91,1797906,TCS,TCS.NS,-0.0036,0.0293,1.0163,1
2024-07-31,4063.57,4123.36,4058.9,4096.6,2330091,TCS,TCS.NS,0.0046,0.296,1.0159,1
2024-08-01,4109.72,4128.31,4077.63,4107.57,2202244,TCS,TCS.NS,0.0027,-0.0549,1.0124,0
2024-08-02,4077.58,4108.41,3988.84,4001.03,2811282,TCS,TCS.NS,-0.0259,0.2766,1.03,0
2024-08-05,3959.88,3959.88,3839.84,3881.46,2787771,TCS,TCS.NS,-0.0299,-0.0084,1.0313,1
2024-08-06,3896.31,3977.86,3886.83,3896.55,2203067,TCS,TCS.NS,0.0039,-0.2097,1.0234,1
2024-08-07,3949.61,3965.44,3905.05,3923.87,1237666,TCS,TCS.NS,0.007,-0.4382,1.0155,0
2024-08-08,3905.7,3953.34,3886.08,3897.81,2441283,TCS,TCS.NS,-0.0066,0.9725,1.0173,1
2024-08-09,3939.33,3973.57,3928.63,3950.31,1302536,TCS,TCS.NS,0.0135,-0.4665,1.0114,0
2024-08-12,3951.47,3959.88,3910.7,3919.39,936912,TCS,TCS.NS,-0.0078,-0.2807,1.0126,1
2024-08-13,3935.59,3955.21,3907.57,3920.6,1495593,TCS,TCS.NS,0.0003,0.5963,1.0122,1
2024-08-14,3931.86,4022.66,3912.38,4012.43,3226545,TCS,TCS.NS,0.0234,1.1574,1.0282,1
2024-08-16,4063.57,4135.5,4040.31,4125.27,3457058,TCS,TCS.NS,0.0281,0.0714,1.0236,1
2024-08-19,4129.9,4198.32,4101.27,4194.35,2055210,TCS,TCS.NS,0.0167,-0.4055,1.0237,1
2024-08-20,4208.37,4264.41,4203.69,4225.46,2212298,TCS,TCS.NS,0.0074,0.0764,1.0144,1
2024-08-21,4220.51,4259.75,4196.74,4251.8,1896990,TCS,TCS.NS,0.0062,-0.1425,1.015,0
2024-08-22,4259.74,4260.63,4201.08,4205.56,1829872,TCS,TCS.NS,-0.0109,-0.0354,1.0142,0
2024-08-23,4203.7,4209.3,4161.66,4169.97,1809253,TCS,TCS.NS,-0.0085,-0.0113,1.0114,1
2024-08-26,4193.42,4252.41,4189.68,4205.98,1844164,TCS,TCS.NS,0.0086,0.0193,1.015,0
2024-08-27,4208.37,4213.04,4191.36,4201.03,930697,TCS,TCS.NS,-0.0012,-0.4953,1.0052,1
2024-08-28,4202.53,4262.08,4163.81,4209.35,1848058,TCS,TCS.NS,0.002,0.9857,1.0236,1
2024-08-29,4166.33,4256.01,4166.33,4214.72,2133641,TCS,TCS.NS,0.0013,0.1545,1.0215,1
2024-08-30,4203.7,4289.87,4192.3,4253.91,3637222,TCS,TCS.NS,0.0093,0.7047,1.0233,0
2024-09-02,4274.69,4285.9,4214.91,4223.36,1216500,TCS,TCS.NS,-0.0072,-0.6655,1.0168,0
2024-09-03,4223.36,4255.91,4199.87,4215.23,1717263,TCS,TCS.NS,-0.0019,0.4116,1.0133,0
2024-09-04,4182.16,4191.55,4144.56,4184.31,1265505,TCS,TCS.NS,-0.0073,-0.2631,1.0113,0
2024-09-05,4185.95,4202.76,4160.86,4181.23,1688793,TCS,TCS.NS,-0.0007,0.3345,1.0101,0
2024-09-06,4179.36,4221.4,4147.65,4163.29,1649179,TCS,TCS.NS,-0.0043,-0.0235,1.0178,0
2024-09-09,4161.66,4194.59,4138.77,4156.57,1184938,TCS,TCS.NS,-0.0016,-0.2815,1.0135,1
2024-09-10,4149.94,4241.02,4148.07,4211.03,1385591,TCS,TCS.NS,0.0131,0.1693,1.0224,0
2024-09-11,4223.73,4249.8,4176.84,4184.41,1325919,TCS,TCS.NS,-0.0063,-0.0431,1.0175,1
2024-09-12,4213.27,4234.15,4139.52,4220.23,2742216,TCS,TCS.NS,0.0086,1.0682,1.0229,1
2024-09-13,4231.72,4247.6,4208.37,4224.81,1458786,TCS,TCS.NS,0.0011,-0.468,1.0093,0
2024-09-16,4228.92,4246.71,4198.51,4216.07,1155120,TCS,TCS.NS,-0.0021,-0.2082,1.0115,0
2024-09-17,4216.07,4237.14,4171.93,4208.97,1699364,TCS,TCS.NS,-0.0017,0.4712,1.0156,0
2024-09-18,4200.94,4200.94,4036.48,4059.98,2961779,TCS,TCS.NS,-0.0354,0.7429,1.0407,0
2024-09-19,4100.99,4131.02,3999.86,4013.27,2927551,TCS,TCS.NS,-0.0115,-0.0116,1.0328,0
2024-09-20,4032.65,4045.54,3949.14,4002.76,5447908,TCS,TCS.NS,-0.0026,0.8609,1.0244,0
2024-09-23,4016.86,4025.65,3972.96,3987.44,1702319,TCS,TCS.NS,-0.0038,-0.6875,1.0133,1
2024-09-24,3971.7,4008.46,3960.82,3990.05,3012026,TCS,TCS.NS,0.0007,0.7694,1.012,1
2024-09-25,3972.35,4007.15,3960.82,3993.28,2713073,TCS,TCS.NS,0.0008,-0.0993,1.0117,1
2024-09-26,3979.5,4032.56,3979.5,4009.86,3964251,TCS,TCS.NS,0.0042,0.4612,1.0133,1
2024-09-27,4049.56,4089.73,4016.91,4024.99,3012477,TCS,TCS.NS,0.0038,-0.2401,1.0181,0
2024-09-30,4004.63,4015.7,3979.55,3987.44,2503416,TCS,TCS.NS,-0.0093,-0.169,1.0091,1
2024-10-01,3975.34,4012.89,3963.57,4005.56,1823365,TCS,TCS.NS,0.0045,-0.2716,1.0124,0
2024-10-03,3981.93,3997.25,3932.79,3954.04,3350119,TCS,TCS.NS,-0.0129,0.8373,1.0164,1
2024-10-04,3946.8,4015.0,3945.92,3972.26,2965463,TCS,TCS.NS,0.0046,-0.1148,1.0175,1
2024-10-07,3992.48,4014.3,3950.91,3991.5,1472619,TCS,TCS.NS,0.0048,-0.5034,1.016,0
2024-10-08,3991.27,3997.62,3927.14,3973.19,1541867,TCS,TCS.NS,-0.0046,0.047,1.0179,0
2024-10-09,3979.5,4012.19,3967.07,3972.91,1082504,TCS,TCS.NS,-0.0001,-0.2979,1.0114,0
2024-10-10,3973.19,4011.12,3922.14,3949.05,2378875,TCS,TCS.NS,-0.006,1.1976,1.0227,0
2024-10-11,3870.2,3962.64,3841.66,3875.99,5759183,TCS,TCS.NS,-0.0185,1.421,1.0315,0
2024-10-14,3867.4,3891.13,3850.77,3864.27,2137590,TCS,TCS.NS,-0.003,-0.6288,1.0105,0
2024-10-15,3859.04,3895.38,3825.36,3845.73,2759474,TCS,TCS.NS,-0.0048,0.2909,1.0183,0
2024-10-16,3816.02,3844.05,3799.39,3825.32,2359151,TCS,TCS.NS,-0.0053,-0.1451,1.0118,1
2024-10-17,3841.99,3858.01,3823.45,3838.44,2522659,TCS,TCS.NS,0.0034,0.0693,1.009,1
2024-10-18,3830.01,3882.59,3820.65,3860.96,2361000,TCS,TCS.NS,0.0059,-0.0641,1.0162,0
2024-10-21,3869.91,3876.79,3811.28,3820.51,1595450,TCS,TCS.NS,-0.0105,-0.3242,1.0172,0
2024-10-22,3807.54,3829.83,3751.68,3760.25,1928049,TCS,TCS.NS,-0.0158,0.2085,1.0208,1
2024-10-23,3745.36,3852.07,3741.19,3807.77,1966476,TCS,TCS.NS,0.0126,0.0199,1.0296,0
2024-10-24,3749.48,3819.71,3749.48,3790.59,2676744,TCS,TCS.NS,-0.0045,0.3612,1.0187,1
2024-10-25,3799.16,3831.89,3776.36,3799.63,1759676,TCS,TCS.NS,0.0024,-0.3426,1.0147,1
2024-10-28,3810.3,3871.22,3793.49,3830.81,1532534,TCS,TCS.NS,0.0082,-0.1291,1.0205,0
2024-10-29,3835.49,3842.65,3802.01,3816.2,1445885,TCS,TCS.NS,-0.0038,-0.0565,1.0107,1
2024-10-30,3815.97,3845.93,3801.97,3825.0,1935002,TCS,TCS.NS,0.0023,0.3383,1.0116,0
2024-10-31,3811.28,3819.06,3708.28,3716.19,3740372,TCS,TCS.NS,-0.0284,0.933,1.0299,1
2024-11-01,3736.23,3744.75,3723.31,3730.94,154895,TCS,TCS.NS,0.004,-0.9586,1.0058,0
2024-11-04,3714.18,3738.15,3664.5,3712.16,2269192,TCS,TCS.NS,-0.005,13.6499,1.0201,1
2024-11-05,3690.58,3732.62,3690.58,3718.91,967590,TCS,TCS.NS,0.0018,-0.5736,1.0114,1
2024-11-06,3749.11,3886.01,3722.56,3876.51,3792017,TCS,TCS.NS,0.0424,2.919,1.0439,1
2024-11-07,3904.65,3938.45,3825.38,3887.04,3724349,TCS,TCS.NS,0.0027,-0.0178,1.0296,0
2024-11-08,3890.88,3904.69,3855.91,3883.39,1648039,TCS,TCS.NS,-0.0009,-0.5575,1.0127,1
2024-11-11,3865.79,3965.14,3855.91,3931.8,1406487,TCS,TCS.NS,0.0125,-0.1466,1.0283,0
2024-11-12,3948.0,3949.88,3899.64,3930.59,1587640,TCS,TCS.NS,-0.0003,0.1288,1.0129,0
2024-11-13,3912.51,3929.98,3868.45,3886.53,1098813,TCS,TCS.NS,-0.0112,-0.3079,1.0159,0
2024-11-14,3872.15,3895.56,3854.78,3882.36,1825432,TCS,TCS.NS,-0.0011,0.6613,1.0106,0
2024-11-18,3945.19,3945.19,3736.56,3763.99,3313944,TCS,TCS.NS,-0.0305,0.8154,1.0558,1
2024-11-19,3764.37,3869.48,3758.94,3782.77,1776233,TCS,TCS.NS,0.005,-0.464,1.0294,1
2024-11-21,3787.78,3832.31,3768.21,3813.95,2384347,TCS,TCS.NS,0.0082,0.3424,1.017,1
2024-11-22,3812.22,3984.48,3796.3,3974.79,3096553,TCS,TCS.NS,0.0422,0.2987,1.0496,1
2024-11-25,4007.94,4052.98,3981.9,4040.8,4052167,TCS,TCS.NS,0.0166,0.3086,1.0178,1
2024-11-26,4046.38,4089.03,4036.03,4076.01,2060669,TCS,TCS.NS,0.0087,-0.4915,1.0131,0
2024-11-27,4081.87,4099.14,4049.18,4057.14,1558993,TCS,TCS.NS,-0.0046,-0.2435,1.0123,0
2024-11-28,4044.46,4064.07,3963.92,3975.07,2558544,TCS,TCS.NS,-0.0202,0.6412,1.0253,1
2024-11-29,3951.75,4025.45,3928.95,3999.37,2017425,TCS,TCS.NS,0.0061,-0.2115,1.0246,1
2024-12-02,3998.57,4015.61,3961.16,4004.8,1670944,TCS,TCS.NS,0.0014,-0.1717,1.0137,1
2024-12-03,4040.1,4050.08,3994.31,4029.24,2010905,TCS,TCS.NS,0.0061,0.2035,1.014,1
2024-12-04,4039.35,4108.09,4016.41,4077.61,3302642,TCS,TCS.NS,0.012,0.6424,1.0228,1
2024-12-05,4121.06,4203.65,4082.85,4180.29,3746747,TCS,TCS.NS,0.0252,0.1345,1.0296,0
2024-12-06,4169.94,4181.18,4132.25,4162.92,1842087,TCS,TCS.NS,-0.0042,-0.5084,1.0118,1
2024-12-09,4148.82,4185.3,4134.87,4169.14,2066639,TCS,TCS.NS,0.0015,0.1219,1.0122,0
2024-12-10,4144.8,4208.14,4131.64,4150.79,2087828,TCS,TCS.NS,-0.0044,0.0103,1.0185,0
2024-12-11,4150.13,4165.87,4126.86,4146.01,1635256,TCS,TCS.NS,-0.0012,-0.2168,1.0095,1
2024-12-12,4148.45,4199.9,4144.65,4171.76,1914642,TCS,TCS.NS,0.0062,0.1709,1.0133,1
2024-12-13,4153.04,4209.18,4115.06,4189.51,1967048,TCS,TCS.NS,0.0043,0.0274,1.0229,0
2024-12-16,4175.56,4190.54,4117.5,4134.54,1646224,TCS,TCS.NS,-0.0131,-0.1631,1.0177,0
2024-12-17,4129.67,4151.16,4043.52,4053.35,3225027,TCS,TCS.NS,-0.0196,0.959,1.0266,1
2024-12-18,4037.62,4084.72,4016.93,4071.47,1575404,TCS,TCS.NS,0.0045,-0.5115,1.0169,0
2024-12-19,4009.81,4086.6,3991.08,4000.35,3015763,TCS,TCS.NS,-0.0175,0.9143,1.0239,0
2024-12-20,4053.82,4103.45,3888.54,3905.21,4116989,TCS,TCS.NS,-0.0238,0.3652,1.0553,0
2024-12-23,3933.07,3948.94,3853.33,3893.97,2195338,TCS,TCS.NS,-0.0029,-0.4668,1.0248,1
2024-12-24,3893.97,3949.88,3893.97,3913.82,1181886,TCS,TCS.NS,0.0051,-0.4616,1.0144,0
2024-12-26,3913.82,3932.97,3879.78,3904.09,1208464,TCS,TCS.NS,-0.0025,0.0225,1.0137,0
2024-12-27,3898.37,3915.18,3883.62,3900.11,858100,TCS,TCS.NS,-0.001,-0.2899,1.0081,0
2024-12-30,3887.14,3932.37,3850.62,3894.44,1527169,TCS,TCS.NS,-0.0015,0.7797,1.0212,0
2024-12-31,3872.15,3876.79,3775.75,3834.51,1555429,TCS,TCS.NS,-0.0154,0.0185,1.0268,1
2025-01-01,3834.13,3871.22,3825.75,3851.04,763161,TCS,TCS.NS,0.0043,-0.5094,1.0119,1
2025-01-02,3858.11,3917.1,3836.52,3910.31,1720835,TCS,TCS.NS,0.0154,1.2549,1.021,0
2025-01-03,3914.25,3914.25,3832.17,3839.28,1791953,TCS,TCS.NS,-0.0182,0.0413,1.0214,0
2025-01-06,3844.53,3885.87,3807.91,3834.7,2085593,TCS,TCS.NS,-0.0012,0.1639,1.0205,0
2025-01-07,3853.38,3877.16,3756.55,3772.24,2669054,TCS,TCS.NS,-0.0163,0.2798,1.0321,1
2025-01-08,3778.42,3863.72,3762.36,3847.24,2181277,TCS,TCS.NS,0.0199,-0.1828,1.0269,0
2025-01-09,3840.31,3874.73,3769.43,3782.11,2392472,TCS,TCS.NS,-0.0169,0.0968,1.0279,1
2025-01-10,3933.02,4023.85,3904.93,3994.5,7894300,TCS,TCS.NS,0.0562,2.2996,1.0305,1
2025-01-13,3975.16,4048.16,3958.68,4018.33,4003771,TCS,TCS.NS,0.006,-0.4928,1.0226,0
2025-01-14,4028.54,4039.68,3950.86,3963.97,3441709,TCS,TCS.NS,-0.0135,-0.1404,1.0225,1
2025-01-15,3949.88,3985.88,3940.0,3979.47,1653474,TCS,TCS.NS,0.0039,-0.5196,1.0116,0
2025-01-16,3989.21,4021.05,3925.39,3938.92,2637705,TCS,TCS.NS,-0.0102,0.5953,1.0244,0
2025-01-17,3967.15,3967.82,3910.07,3933.2,1761466,TCS,TCS.NS,-0.0015,-0.3322,1.0148,0
2025-01-20,3953.7,3953.7,3879.6,3888.85,1287799,TCS,TCS.NS,-0.0113,-0.2689,1.0191,0
2025-01-21,3905.54,3920.51,3843.27,3848.85,1971591,TCS,TCS.NS,-0.0103,0.531,1.0201,1
2025-01-22,3862.34,3970.25,3856.81,3964.0,2409223,TCS,TCS.NS,0.0299,0.222,1.0294,0
2025-01-23,3974.87,3997.14,3948.22,3953.37,1822998,TCS,TCS.NS,-0.0027,-0.2433,1.0124,1
2025-01-24,3913.84,3984.41,3913.84,3959.95,1910099,TCS,TCS.NS,0.0017,0.0478,1.018,0
2025-01-27,3911.93,3963.76,3853.81,3876.79,1551782,TCS,TCS.NS,-0.021,-0.1876,1.0285,0
2025-01-28,3882.18,3911.93,3841.65,3853.09,2468272,TCS,TCS.NS,-0.0061,0.5906,1.0183,1
2025-01-29,3866.16,3917.51,3866.16,3909.83,1217089,TCS,TCS.NS,0.0147,-0.5069,1.0133,1
2025-01-30,3909.93,3938.54,3870.45,3910.07,1531251,TCS,TCS.NS,0.0001,0.2581,1.0176,1
2025-01-31,3919.56,3937.16,3895.96,3921.85,1492943,TCS,TCS.NS,0.003,-0.025,1.0106,0
2025-02-01,3922.42,3944.26,3868.06,3884.42,437172,TCS,TCS.NS,-0.0095,-0.7072,1.0197,0
2025-02-03,3844.13,3888.09,3813.42,3880.13,1265713,TCS,TCS.NS,-0.0011,1.8952,1.0196,1
2025-02-04,3894.48,3928.0,3877.65,3916.75,2547132,TCS,TCS.NS,0.0094,1.0124,1.013,0
2025-02-05,3957.71,3957.71,3887.14,3901.54,1693912,TCS,TCS.NS,-0.0039,-0.335,1.0182,0
2025-02-06,3915.17,3947.69,3863.82,3893.57,2284536,TCS,TCS.NS,-0.002,0.3487,1.0217,0
2025-02-07,3900.49,3900.49,3822.29,3842.7,1548940,TCS,TCS.NS,-0.0131,-0.322,1.0205,1
2025-02-10,3852.8,3864.25,3828.34,3849.9,1339511,TCS,TCS.NS,0.0019,-0.1352,1.0094,0
2025-02-11,3832.21,3852.8,3771.74,3779.9,1810908,TCS,TCS.NS,-0.0182,0.3519,1.0215,0
2025-02-12,3787.1,3835.4,3757.58,3767.12,1678002,TCS,TCS.NS,-0.0034,-0.0734,1.0207,0
2025-02-13,3784.14,3799.83,3721.44,3728.97,2277310,TCS,TCS.NS,-0.0101,0.3572,1.0211,1
2025-02-14,3743.13,3765.07,3719.29,3752.53,1681975,TCS,TCS.NS,0.0063,-0.2614,1.0123,0
2025-02-17,3677.81,3751.72,3677.52,3723.58,1799806,TCS,TCS.NS,-0.0077,0.0701,1.0202,0
2025-02-18,3717.77,3742.56,3685.44,3693.73,2149879,TCS,TCS.NS,-0.008,0.1945,1.0155,0
2025-02-19,3692.78,3695.4,3593.55,3608.76,4366672,TCS,TCS.NS,-0.023,1.0311,1.0283,0
2025-02-20,3587.21,3612.48,3577.48,3604.28,2888572,TCS,TCS.NS,-0.0012,-0.3385,1.0098,1
2025-02-21,3601.13,3640.14,3600.08,3610.57,1833931,TCS,TCS.NS,0.0017,-0.3651,1.0111,0
2025-02-24,3569.71,3588.83,3499.95,3505.29,2508516,TCS,TCS.NS,-0.0292,0.3678,1.0254,0
2025-02-25,3457.03,3488.5,3453.46,3461.37,4101954,TCS,TCS.NS,-0.0125,0.6352,1.0101,0
2025-02-27,3444.35,3469.43,3433.86,3445.16,3823856,TCS,TCS.NS,-0.0047,-0.0678,1.0104,0
2025-02-28,3418.84,3433.19,3296.82,3321.85,7085018,TCS,TCS.NS,-0.0358,0.8528,1.0414,1
2025-03-03,3323.52,3360.0,3315.08,3331.2,4990439,TCS,TCS.NS,0.0028,-0.2956,1.0135,1
2025-03-04,3313.03,3386.46,3303.78,3368.39,2797737,TCS,TCS.NS,0.0112,-0.4394,1.025,1
2025-03-05,3357.71,3433.53,3357.71,3382.7,2501894,TCS,TCS.NS,0.0042,-0.1057,1.0226,1
2025-03-06,3392.18,3442.2,3372.25,3434.72,2786513,TCS,TCS.NS,0.0154,0.1138,1.0207,1
2025-03-07,3433.19,3457.03,3408.78,3443.87,2051315,TCS,TCS.NS,0.0027,-0.2638,1.0142,0
2025-03-10,3439.39,3454.27,3416.6,3423.32,1004626,TCS,TCS.NS,-0.006,-0.5103,1.011,0
2025-03-11,3393.14,3422.46,3373.73,3409.64,1995450,TCS,TCS.NS,-0.004,0.9863,1.0144,0
2025-03-12,3399.81,3403.87,3325.29,3343.74,3174167,TCS,TCS.NS,-0.0193,0.5907,1.0236,1
2025-03-13,3340.02,3361.0,3322.66,3348.36,1693004,TCS,TCS.NS,0.0014,-0.4666,1.0115,0
2025-03-17,3327.34,3366.86,3316.23,3335.63,2690906,TCS,TCS.NS,-0.0038,0.5894,1.0153,0
2025-03-18,3335.63,3335.63,3335.63,3335.63,0,TCS,TCS.NS,0.0,-1.0,1.0,0
2025-03-19,3382.65,3382.65,3302.3,3335.06,3051244,TCS,TCS.NS,-0.0002,inf,1.0243,1
2025-03-20,3349.27,3413.12,3349.27,3398.05,2845192,TCS,TCS.NS,0.0189,-0.0675,1.0191,1
2025-03-21,3313.98,3448.69,3304.45,3412.31,4161925,TCS,TCS.NS,0.0042,0.4628,1.0437,1
2025-03-24,3433.19,3480.64,3401.34,3460.8,1834751,TCS,TCS.NS,0.0142,-0.5592,1.0233,1
2025-03-25,3476.11,3538.1,3469.43,3488.27,3135390,TCS,TCS.NS,0.0079,0.7089,1.0198,0
2025-03-26,3478.73,3509.96,3457.84,3467.33,1734499,TCS,TCS.NS,-0.006,-0.4468,1.0151,1
2025-03-27,3447.35,3493.27,3443.21,3482.02,2528474,TCS,TCS.NS,0.0042,0.4578,1.0145,0
2025-03-28,3481.83,3491.32,3425.47,3439.06,2051919,TCS,TCS.NS,-0.0123,-0.1885,1.0192,0
2025-04-01,3407.16,3417.93,3361.67,3386.27,2618493,TCS,TCS.NS,-0.0153,0.2761,1.0167,0
2025-04-02,3379.79,3398.96,3366.48,3379.74,1764313,TCS,TCS.NS,-0.0019,-0.3262,1.0096,0
2025-04-03,3329.24,3339.73,3238.79,3245.46,4537821,TCS,TCS.NS,-0.0397,1.572,1.0312,0
2025-04-04,3206.79,3242.13,3142.8,3146.52,5317367,TCS,TCS.NS,-0.0305,0.1718,1.0316,0
2025-04-07,2956.36,3138.89,2914.45,3122.35,6623955,TCS,TCS.NS,-0.0077,0.2457,1.077,1
2025-04-08,3149.05,3193.82,3104.46,3140.37,5557558,TCS,TCS.NS,0.0058,-0.161,1.0288,0
2025-04-09,3109.47,3118.48,3063.22,3096.17,2990265,TCS,TCS.NS,-0.0141,-0.4619,1.018,0
2025-04-11,3137.13,3146.09,3057.45,3081.77,7108961,TCS,TCS.NS,-0.0047,1.3774,1.029,1
2025-04-15,3160.83,3160.83,3088.54,3097.69,3512160,TCS,TCS.NS,0.0052,-0.506,1.0234,1
2025-04-16,3097.69,3126.21,3079.38,3122.11,2384391,TCS,TCS.NS,0.0079,-0.3211,1.0152,1
2025-04-17,3095.12,3150.53,3068.89,3146.04,2932346,TCS,TCS.NS,0.0077,0.2298,1.0266,1
2025-04-21,3137.65,3198.59,3131.93,3167.69,2432946,TCS,TCS.NS,0.0069,-0.1703,1.0213,0
2025-04-22,3168.65,3179.42,3142.32,3160.83,2710498,TCS,TCS.NS,-0.0022,0.1141,1.0118,1
2025-04-23,3209.08,3262.39,3182.66,3254.86,3543923,TCS,TCS.NS,0.0297,0.3075,1.0251,0
2025-04-24,3243.51,3254.38,3230.73,3243.99,2252175,TCS,TCS.NS,-0.0033,-0.3645,1.0073,1
2025-04-25,3261.53,3316.65,3247.23,3288.24,2742991,TCS,TCS.NS,0.0136,0.2179,1.0214,0
2025-04-28,3275.84,3297.58,3247.23,3283.94,1593296,TCS,TCS.NS,-0.0013,-0.4191,1.0155,1
2025-04-29,3294.91,3333.06,3271.45,3311.6,1578332,TCS,TCS.NS,0.0084,-0.0094,1.0188,0
2025-04-30,3311.12,3347.27,3210.03,3293.67,2809332,TCS,TCS.NS,-0.0054,0.7799,1.0428,0
2025-05-02,3311.12,3329.72,3261.53,3272.02,1721761,TCS,TCS.NS,-0.0066,-0.3871,1.0209,1
2025-05-05,3290.14,3342.12,3286.71,3294.24,1284443,TCS,TCS.NS,0.0068,-0.254,1.0169,1
2025-05-06,3299.68,3312.08,3277.74,3299.68,1324763,TCS,TCS.NS,0.0017,0.0314,1.0105,0
2025-05-07,3262.1,3299.2,3262.1,3285.47,1477128,TCS,TCS.NS,-0.0043,0.115,1.0114,1
2025-05-08,3288.24,3315.89,3269.83,3289.09,2543591,TCS,TCS.NS,0.0011,0.722,1.0141,0
2025-05-09,3241.51,3286.52,3240.65,3280.89,2531757,TCS,TCS.NS,-0.0025,-0.0047,1.0142,1
2025-05-12,3342.59,3462.28,3339.92,3452.65,2228678,TCS,TCS.NS,0.0523,-0.1197,1.0366,0
2025-05-13,3452.65,3455.13,3347.84,3352.13,3062887,TCS,TCS.NS,-0.0291,0.3743,1.032,1
2025-05-14,3357.85,3396.0,3346.03,3384.27,2119499,TCS,TCS.NS,0.0096,-0.308,1.0149,1
2025-05-15,3398.86,3433.19,3351.27,3414.02,3548330,TCS,TCS.NS,0.0088,0.6741,1.0244,0
2025-05-16,3427.37,3427.37,3381.79,3396.29,1666727,TCS,TCS.NS,-0.0052,-0.5303,1.0135,0
2025-05-19,3385.51,3385.51,3341.35,3355.75,2537377,TCS,TCS.NS,-0.0119,0.5224,1.0132,0
2025-05-20,3368.15,3393.14,3332.1,3336.2,2038374,TCS,TCS.NS,-0.0058,-0.1967,1.0183,1
2025-05-21,3345.46,3373.11,3336.2,3362.43,1440153,TCS,TCS.NS,0.0079,-0.2935,1.0111,0
2025-05-22,3333.06,3335.73,3291.38,3315.89,2034383,TCS,TCS.NS,-0.0138,0.4126,1.0135,1
2025-05-23,3315.89,3371.2,3305.02,3351.75,1274331,TCS,TCS.NS,0.0108,-0.3736,1.02,1
2025-05-26,3357.85,3380.74,3347.46,3373.4,967470,TCS,TCS.NS,0.0065,-0.2408,1.0099,0
2025-05-27,3368.34,3375.97,3321.71,3336.59,2467680,TCS,TCS.NS,-0.0109,1.5507,1.0163,0
2025-05-28,3356.9,3365.48,3331.15,3335.63,1222933,TCS,TCS.NS,-0.0003,-0.5044,1.0103,1
2025-05-29,3342.31,3368.82,3324.95,3336.01,3188072,TCS,TCS.NS,0.0001,1.6069,1.0132,0
2025-05-30,3328.29,3344.22,3293.1,3302.92,3404365,TCS,TCS.NS,-0.0099,0.0678,1.0155,0
2025-06-02,3290.14,3299.68,3260.2,3289.95,1877585,TCS,TCS.NS,-0.0039,-0.4485,1.0121,0
2025-06-03,3286.33,3312.55,3242.94,3247.42,2848125,TCS,TCS.NS,-0.0129,0.5169,1.0215,1
2025-06-04,3260.7,3266.28,3242.42,3252.9,2544807,TCS,TCS.NS,0.0017,-0.1065,1.0074,0
2025-06-05,3279.94,3279.94,3236.35,3243.47,3584683,TCS,TCS.NS,-0.0029,0.4086,1.0135,1
2025-06-06,3243.47,3262.52,3231.54,3256.08,2070390,TCS,TCS.NS,0.0039,-0.4224,1.0096,1
2025-06-09,3271.28,3303.99,3262.52,3292.35,1718678,TCS,TCS.NS,0.0111,-0.1699,1.0127,1
2025-06-10,3309.77,3353.83,3293.6,3331.8,2419874,TCS,TCS.NS,0.012,0.408,1.0183,1
2025-06-11,3338.63,3356.91,3318.52,3340.46,2847013,TCS,TCS.NS,0.0026,0.1765,1.0116,0
2025-06-12,3340.46,3343.15,3293.6,3304.18,4060134,TCS,TCS.NS,-0.0109,0.4261,1.015,1
2025-06-13,3264.74,3319.87,3264.74,3315.25,2178493,TCS,TCS.NS,0.0033,-0.4634,1.0169,1
2025-06-16,3309.77,3376.15,3296.49,3363.93,1934088,TCS,TCS.NS,0.0147,-0.1122,1.0242,1
2025-06-17,3377.11,3386.74,3356.04,3382.21,2111940,TCS,TCS.NS,0.0054,0.092,1.0091,0
2025-06-18,3385.87,3404.05,3312.75,3320.73,2696327,TCS,TCS.NS,-0.0182,0.2767,1.0276,0
2025-06-19,3319.39,3320.35,3283.79,3294.37,2672768,TCS,TCS.NS,-0.0079,-0.0087,1.0111,1
2025-06-20,3295.33,3315.83,3281.77,3305.63,2351248,TCS,TCS.NS,0.0034,-0.1203,1.0104,0
2025-06-23,3285.71,3295.33,3242.42,3265.12,3123421,TCS,TCS.NS,-0.0123,0.3284,1.0163,0
2025-06-24,3304.57,3311.79,3253.96,3262.04,3403048,TCS,TCS.NS,-0.0009,0.0895,1.0178,1
2025-06-25,3278.3,3319.39,3271.28,3314.38,1757699,TCS,TCS.NS,0.016,-0.4835,1.0147,0
2025-06-26,3314.38,3320.73,3286.0,3311.5,2879106,TCS,TCS.NS,-0.0009,0.638,1.0106,0
2025-06-27,3324.2,3335.17,3301.11,3310.82,1778433,TCS,TCS.NS,-0.0002,-0.3823,1.0103,1
2025-06-30,3309.67,3333.72,3300.14,3330.93,1468351,TCS,TCS.NS,0.0061,-0.1744,1.0102,0
2025-07-01,3324.2,3353.06,3284.27,3299.85,2375183,TCS,TCS.NS,-0.0093,0.6176,1.0209,0
2025-07-02,3355.18,3357.78,3290.52,3293.7,3090585,TCS,TCS.NS,-0.0019,0.3012,1.0204,0
2025-07-03,3300.14,3305.24,3268.97,3272.05,2531870,TCS,TCS.NS,-0.0066,-0.1808,1.0111,1
2025-07-04,3278.98,3297.26,3261.75,3290.33,1109320,TCS,TCS.NS,0.0056,-0.5619,1.0109,0
2025-07-07,3288.89,3296.39,3279.36,3282.54,1639174,TCS,TCS.NS,-0.0024,0.4776,1.0052,0
2025-07-08,3276.09,3295.33,3264.93,3277.24,2325242,TCS,TCS.NS,-0.0016,0.4185,1.0093,0
2025-07-09,3280.9,3284.75,3239.53,3255.69,2034938,TCS,TCS.NS,-0.0066,-0.1248,1.014,0
2025-07-10,3252.04,3270.32,3228.95,3253.96,3035012,TCS,TCS.NS,-0.0005,0.4915,1.0128,0
2025-07-11,3174.97,3208.74,3137.64,3142.35,7635550,TCS,TCS.NS,-0.0343,1.5158,1.0227,0
2025-07-14,3142.35,3148.13,3078.85,3100.69,3924009,TCS,TCS.NS,-0.0133,-0.4861,1.0225,1
2025-07-15,3084.62,3136.0,3084.62,3129.17,2590889,TCS,TCS.NS,0.0092,-0.3397,1.0167,0
2025-07-16,3115.37,3132.65,3109.19,3121.25,2540733,TCS,TCS.NS,-0.0025,-0.0194,1.0075,0
2025-07-17,3112.57,3129.85,3093.26,3098.18,2947640,TCS,TCS.NS,-0.0074,0.1602,1.0118,0
2025-07-18,3113.43,3117.1,3076.75,3079.55,3432645,TCS,TCS.NS,-0.006,0.1645,1.0131,0
2025-07-21,3079.65,3086.98,3042.96,3048.95,3844346,TCS,TCS.NS,-0.0099,0.1199,1.0145,1
2025-07-22,3050.3,3070.09,3045.47,3050.3,3198036,TCS,TCS.NS,0.0004,-0.1681,1.0081,1
2025-07-23,3050.3,3071.92,3048.37,3069.12,1922875,TCS,TCS.NS,0.0062,-0.3987,1.0077,0
2025-07-24,3055.61,3063.91,3031.38,3039.1,2934778,TCS,TCS.NS,-0.0098,0.5262,1.0107,0
2025-07-25,3031.38,3047.69,3017.47,3027.32,2568917,TCS,TCS.NS,-0.0039,-0.1247,1.01,0
2025-07-28,3002.41,3010.14,2963.7,2972.78,3374473,TCS,TCS.NS,-0.018,0.3136,1.0157,0
2025-07-29,2954.14,2967.66,2935.99,2950.28,4785312,TCS,TCS.NS,-0.0076,0.4181,1.0108,0
2025-07-30,2954.14,2962.83,2941.79,2947.96,2880121,TCS,TCS.NS,-0.0008,-0.3981,1.0072,0
2025-07-31,2936.48,2953.95,2910.7,2931.75,2968371,TCS,TCS.NS,-0.0055,0.0306,1.0149,0
2025-08-01,2925.08,2931.75,2896.22,2899.11,2053847,TCS,TCS.NS,-0.0111,-0.3081,1.0123,1
2025-08-04,2905.0,2972.87,2888.11,2968.04,2519252,TCS,TCS.NS,0.0238,0.2266,1.0293,0
2025-08-05,2968.04,2971.04,2936.77,2957.91,1927996,TCS,TCS.NS,-0.0034,-0.2347,1.0117,0
2025-08-06,2957.04,2960.71,2921.32,2927.4,1487081,TCS,TCS.NS,-0.0103,-0.2287,1.0135,1
2025-08-07,2911.67,2946.03,2906.74,2941.59,2543076,TCS,TCS.NS,0.0048,0.7101,1.0135,0
2025-08-08,2942.65,2953.95,2920.35,2931.36,2762140,TCS,TCS.NS,-0.0035,0.0861,1.0115,1
2025-08-11,2931.36,2944.39,2916.78,2935.61,1884215,TCS,TCS.NS,0.0014,-0.3178,1.0095,0
2025-08-12,2935.8,2989.28,2922.19,2930.39,3358232,TCS,TCS.NS,-0.0018,0.7823,1.023,1
2025-08-13,2931.07,2939.08,2923.83,2931.17,2148166,TCS,TCS.NS,0.0003,-0.3603,1.0052,0
2025-08-14,2929.04,2950.18,2914.66,2917.75,3342174,TCS,TCS.NS,-0.0046,0.5558,1.0122,0
2025-08-18,2941.11,2943.52,2899.5,2907.03,2945609,TCS,TCS.NS,-0.0037,-0.1187,1.0152,1
2025-08-19,2907.03,2920.35,2906.93,2911.86,2650784,TCS,TCS.NS,0.0017,-0.1001,1.0046,1
2025-08-20,2906.74,2996.04,2906.74,2991.41,4952358,TCS,TCS.NS,0.0273,0.8683,1.0307,1
2025-08-21,3021.72,3021.72,2976.44,2995.27,3230726,TCS,TCS.NS,0.0013,-0.3476,1.0152,0
2025-08-22,2979.24,2988.61,2944.49,2948.35,1593791,TCS,TCS.NS,-0.0157,-0.5067,1.015,1
2025-08-25,2980.5,3042.96,2970.65,3031.96,3448370,TCS,TCS.NS,0.0284,1.1636,1.0243,1
2025-08-26,3020.76,3052.61,3012.07,3047.98,5522097,TCS,TCS.NS,0.0053,0.6014,1.0135,0
2025-08-28,3036.2,3037.65,2979.73,2986.68,3116051,TCS,TCS.NS,-0.0201,-0.4357,1.0194,0
2025-08-29,2986.0,3007.24,2970.75,2977.99,2271789,TCS,TCS.NS,-0.0029,-0.2709,1.0123,1
2025-09-01,2983.11,3022.78,2983.11,3004.92,1246862,TCS,TCS.NS,0.009,-0.4512,1.0133,0
2025-09-02,3013.13,3045.86,2995.75,3003.86,2185229,TCS,TCS.NS,-0.0004,0.7526,1.0167,0
2025-09-03,3021.62,3033.21,2981.17,2990.35,1799774,TCS,TCS.NS,-0.0045,-0.1764,1.0175,0
2025-09-04,3008.21,3010.14,2983.88,2988.61,1481391,TCS,TCS.NS,-0.0006,-0.1769,1.0088,0
2025-09-05,2989.96,2996.04,2923.83,2942.85,2802055,TCS,TCS.NS,-0.0153,0.8915,1.0247,0
2025-09-08,2944.49,2958.87,2911.67,2914.56,2626187,TCS,TCS.NS,-0.0096,-0.0628,1.0162,1
2025-09-09,2927.21,2954.14,2925.95,2943.91,2489301,TCS,TCS.NS,0.0101,-0.0521,1.0096,1
2025-09-10,2950.67,3014.67,2947.77,3002.41,2079428,TCS,TCS.NS,0.0199,-0.1647,1.0227,1
2025-09-11,3030.41,3030.41,3002.51,3016.12,2263446,TCS,TCS.NS,0.0046,0.0885,1.0093,1
2025-09-12,3035.24,3039.77,3013.03,3025.0,1447167,TCS,TCS.NS,0.0029,-0.3606,1.0089,0
2025-09-15,3025.58,3025.58,2988.9,3004.25,1732539,TCS,TCS.NS,-0.0069,0.1972,1.0123,1
2025-09-16,3019.79,3041.03,3001.54,3036.88,2573429,TCS,TCS.NS,0.0109,0.4854,1.0132,1
2025-09-17,3042.96,3072.31,3033.69,3063.04,2418271,TCS,TCS.NS,0.0086,-0.0603,1.0127,1
2025-09-18,3074.82,3092.2,3052.04,3066.81,2633138,TCS,TCS.NS,0.0012,0.0889,1.0132,0
2025-09-19,3060.34,3070.47,3035.24,3059.57,4901694,TCS,TCS.NS,-0.0024,0.8615,1.0116,0
2025-09-22,2987.93,2999.42,2958.97,2967.47,3634901,TCS,TCS.NS,-0.0301,-0.2584,1.0137,0
2025-09-23,2963.8,2974.13,2946.42,2956.46,3177741,TCS,TCS.NS,-0.0037,-0.1258,1.0094,0
2025-09-24,2944.49,2951.25,2928.08,2930.39,1625714,TCS,TCS.NS,-0.0088,-0.4884,1.0079,0
2025-09-25,2917.46,2924.79,2848.91,2855.09,4974361,TCS,TCS.NS,-0.0257,2.0598,1.0266,0
2025-09-26,2839.26,2852.58,2791.28,2798.81,3934636,TCS,TCS.NS,-0.0197,-0.209,1.022,0
2025-09-29,2815.12,2827.96,2793.89,2795.91,3110035,TCS,TCS.NS,-0.001,-0.2096,1.0122,0
2025-09-30,2810.3,2814.45,2785.29,2788.48,2253458,TCS,TCS.NS,-0.0027,-0.2754,1.0105,1
2025-10-01,2790.99,2823.62,2767.43,2813.39,1952902,TCS,TCS.NS,0.0089,-0.1334,1.0203,0
2025-10-03,2822.85,2822.85,2791.09,2801.51,2899519,TCS,TCS.NS,-0.0042,0.4847,1.0114,1
2025-10-06,2801.61,2890.04,2795.43,2885.02,2112774,TCS,TCS.NS,0.0298,-0.2713,1.0338,0
2025-10-07,2891.39,2900.56,2853.26,2870.83,3062943,TCS,TCS.NS,-0.0049,0.4497,1.0166,1
2025-10-08,2872.08,2937.73,2865.33,2922.48,4121889,TCS,TCS.NS,0.018,0.3457,1.0253,1
2025-10-09,2929.04,2959.94,2915.53,2955.78,3211304,TCS,TCS.NS,0.0114,-0.2209,1.0152,0
2025-10-10,2944.49,2963.8,2902.88,2923.54,8817365,TCS,TCS.NS,-0.0109,1.7457,1.021,0
2025-10-13,2922.28,2930.49,2894.48,2903.17,2866865,TCS,TCS.NS,-0.007,-0.6749,1.0124,0
2025-10-14,2916.49,2922.48,2853.26,2857.89,3611416,TCS,TCS.NS,-0.0156,0.2597,1.0243,1
2025-10-15,2878.92,2887.35,2859.54,2877.76,4282226,TCS,TCS.NS,0.007,0.1857,1.0097,1
2025-10-16,2877.85,2882.8,2851.88,2878.63,3251495,TCS,TCS.NS,0.0003,-0.2407,1.0108,0
2025-10-17,2877.95,2896.17,2863.8,2870.39,4374683,TCS,TCS.NS,-0.0029,0.3454,1.0113,1
2025-10-20,2892.97,2929.31,2886.19,2921.75,3133039,TCS,TCS.NS,0.0179,-0.2838,1.0149,0
2025-10-21,2937.16,2937.84,2903.14,2913.51,310644,TCS,TCS.NS,-0.0028,-0.9008,1.0119,1
2025-10-23,2960.32,3001.98,2942.0,2977.95,5564758,TCS,TCS.NS,0.0221,16.9136,1.0204,0
2025-10-24,2984.54,2994.23,2963.51,2968.26,2684318,TCS,TCS.NS,-0.0033,-0.5176,1.0104,1
2025-10-27,2971.46,2998.3,2965.35,2989.29,1946312,TCS,TCS.NS,0.0071,-0.2749,1.0111,0
2025-10-28,2980.67,2994.42,2945.97,2963.13,3470737,TCS,TCS.NS,-0.0088,0.7832,1.0164,0
2025-10-29,2963.13,2980.67,2951.69,2962.84,2895420,TCS,TCS.NS,-0.0001,-0.1658,1.0098,0
2025-10-30,2954.6,2968.84,2938.8,2941.23,2241536,TCS,TCS.NS,-0.0073,-0.2258,1.0102,1
2025-10-31,2940.94,2972.33,2931.34,2963.22,1868085,TCS,TCS.NS,0.0075,-0.1666,1.014,0
2025-11-03,2952.47,2963.22,2916.71,2923.3,2194877,TCS,TCS.NS,-0.0135,0.1749,1.0159,0
2025-11-04,2926.01,2935.41,2883.76,2897.52,2670720,TCS,TCS.NS,-0.0088,0.2168,1.0179,1
2025-11-06,2897.43,2930.28,2897.33,2917.58,2542721,TCS,TCS.NS,0.0069,-0.0479,1.0114,0
2025-11-07,2907.99,2910.9,2868.74,2899.07,1830520,TCS,TCS.NS,-0.0063,-0.2801,1.0147,1
2025-11-10,2900.24,2953.44,2899.27,2931.44,1556656,TCS,TCS.NS,0.0112,-0.1496,1.0187,1
2025-11-11,2950.63,2960.99,2924.46,2952.56,2806868,TCS,TCS.NS,0.0072,0.8031,1.0125,1
2025-11-12,2965.16,3039.19,2962.35,3034.74,4460315,TCS,TCS.NS,0.0278,0.5891,1.0259,0
2025-11-13,3034.74,3034.83,3005.86,3009.44,1740435,TCS,TCS.NS,-0.0083,-0.6098,1.0096,1
2025-11-14,2994.23,3016.62,2981.92,3009.74,2210794,TCS,TCS.NS,0.0001,0.2703,1.0116,0
2025-11-17,3009.74,3026.69,2990.94,3006.05,2232853,TCS,TCS.NS,-0.0012,0.01,1.012,0
2025-11-18,3005.86,3008.77,2982.6,2991.42,2548350,TCS,TCS.NS,-0.0049,0.1413,1.0088,1
2025-11-19,3001.01,3057.22,2987.93,3050.14,3151053,TCS,TCS.NS,0.0196,0.2365,1.0232,0
2025-11-20,3050.43,3066.42,3040.84,3047.33,2700767,TCS,TCS.NS,-0.0009,-0.1429,1.0084,1
2025-11-21,3047.33,3071.75,3038.03,3052.95,4177037,TCS,TCS.NS,0.0018,0.5466,1.0111,0
2025-11-24,3060.12,3080.38,3033.96,3043.84,6703764,TCS,TCS.NS,-0.003,0.6049,1.0153,0
2025-11-25,3047.82,3052.18,3018.46,3022.53,2737920,TCS,TCS.NS,-0.007,-0.5916,1.0112,1
2025-11-26,3022.14,3079.5,3020.39,3064.87,2508527,TCS,TCS.NS,0.014,-0.0838,1.0196,0
2025-11-27,3081.44,3081.44,3028.15,3039.39,2836233,TCS,TCS.NS,-0.0083,0.1306,1.0176,1
2025-11-28,3042.68,3049.76,3028.15,3040.26,1616690,TCS,TCS.NS,0.0003,-0.43,1.0071,0
2025-12-01,3040.65,3056.25,3025.43,3036.29,1747647,TCS,TCS.NS,-0.0013,0.081,1.0102,1
2025-12-02,3033.96,3046.56,3023.69,3038.51,2512003,TCS,TCS.NS,0.0007,0.4374,1.0076,1
2025-12-03,3042.68,3112.35,3041.71,3081.44,3952112,TCS,TCS.NS,0.0141,0.5733,1.0232,1
2025-12-04,3095.01,3149.27,3088.61,3129.12,5025905,TCS,TCS.NS,0.0155,0.2717,1.0196,1
2025-12-05,3129.89,3170.2,3122.53,3137.84,5244013,TCS,TCS.NS,0.0028,0.0434,1.0153,0
2025-12-08,3142.49,3158.87,3109.16,3136.19,2544725,TCS,TCS.NS,-0.0005,-0.5147,1.016,0
2025-12-09,3129.89,3133.48,3082.6,3108.86,2734893,TCS,TCS.NS,-0.0087,0.0747,1.0165,0
2025-12-10,3125.05,3125.05,3079.6,3090.36,1386849,TCS,TCS.NS,-0.006,-0.4929,1.0148,1
2025-12-11,3105.67,3108.96,3055.38,3092.97,1914362,TCS,TCS.NS,0.0008,0.3804,1.0175,1
2025-12-12,3098.59,3123.11,3086.97,3120.69,1146554,TCS,TCS.NS,0.009,-0.4011,1.0117,1
2025-12-15,3111.58,3137.84,3098.21,3130.09,1562190,TCS,TCS.NS,0.003,0.3625,1.0128,0
2025-12-16,3120.2,3120.2,3092.2,3105.76,1734623,TCS,TCS.NS,-0.0078,0.1104,1.0091,1
2025-12-17,3101.31,3136.58,3101.31,3118.07,1376350,TCS,TCS.NS,0.004,-0.2065,1.0114,1
2025-12-18,3127.95,3185.9,3121.17,3179.12,2307422,TCS,TCS.NS,0.0196,0.6765,1.0207,1
2025-12-19,3196.75,3215.07,3177.18,3180.28,3902511,TCS,TCS.NS,0.0004,0.6913,1.0119,1
2025-12-22,3207.41,3225.44,3189.0,3221.85,2632816,TCS,TCS.NS,0.0131,-0.3254,1.0114,0
2025-12-23,3217.01,3217.01,3191.42,3207.41,2365420,TCS,TCS.NS,-0.0045,-0.1016,1.008,1
2025-12-24,3201.7,3223.98,3193.94,3216.13,1367708,TCS,TCS.NS,0.0027,-0.4218,1.0094,0
2025-12-26,3210.42,3217.1,3170.4,3178.34,1176664,TCS,TCS.NS,-0.0118,-0.1397,1.0147,0
2025-12-29,3178.34,3186.09,3142.39,3150.73,2079473,TCS,TCS.NS,-0.0087,0.7673,1.0139,0
2025-12-30,3149.27,3166.23,3139.1,3146.17,2807593,TCS,TCS.NS,-0.0014,0.3501,1.0086,0
2025-12-31,3139.58,3145.4,3099.37,3106.83,3362634,TCS,TCS.NS,-0.0125,0.1977,1.0149,1
2026-01-01,3115.36,3133.87,3099.08,3127.37,1255735,TCS,TCS.NS,0.0066,-0.6266,1.0112,1
2026-01-02,3133.77,3153.44,3119.72,3149.95,1184324,TCS,TCS.NS,0.0072,-0.0569,1.0108,0
2026-01-05,3140.07,3146.37,3092.1,3116.42,2341703,TCS,TCS.NS,-0.0106,0.9772,1.0175,1
2026-01-06,3110.51,3162.06,3105.67,3154.89,2912325,TCS,TCS.NS,0.0123,0.2437,1.0182,1
2026-01-07,3142.39,3198.3,3123.3,3193.46,1989442,TCS,TCS.NS,0.0122,-0.3169,1.024,0
2026-01-08,3185.03,3185.03,3083.38,3104.6,4159336,TCS,TCS.NS,-0.0278,1.0907,1.033,1
2026-01-09,3092.1,3129.6,3092.1,3108.38,1938673,TCS,TCS.NS,0.0012,-0.5339,1.0121,1
2026-01-12,3103.73,3151.21,3075.92,3139.19,2228342,TCS,TCS.NS,0.0099,0.1494,1.0245,1
2026-01-13,3144.43,3178.34,3111.0,3166.71,5645341,TCS,TCS.NS,0.0088,1.5334,1.0216,0
2026-01-14,3158.96,3158.96,3084.35,3093.55,3539511,TCS,TCS.NS,-0.0231,-0.373,1.0242,0
2026-01-15,3093.55,3093.55,3093.55,3093.55,0,TCS,TCS.NS,0.0,-1.0,1.0,1
2026-01-16,3176.33,3178.8,3128.58,3163.8,4293470,TCS,TCS.NS,0.0227,inf,1.0161,0
2026-01-19,3145.35,3176.92,3109.93,3121.28,3387562,TCS,TCS.NS,-0.0134,-0.211,1.0215,0
2026-01-20,3109.44,3117.73,3049.75,3060.8,4499273,TCS,TCS.NS,-0.0194,0.3282,1.0223,1
2026-01-21,3058.53,3096.51,3040.77,3080.83,2015150,TCS,TCS.NS,0.0065,-0.5521,1.0183,1
2026-01-22,3107.86,3117.73,3080.53,3108.25,2269827,TCS,TCS.NS,0.0089,0.1264,1.0121,1
2026-01-23,3147.62,3151.77,3109.83,3120.19,2068857,TCS,TCS.NS,0.0038,-0.0885,1.0135,0
2026-01-27,3132.53,3132.53,3088.13,3115.75,4279874,TCS,TCS.NS,-0.0014,1.0687,1.0144,1
2026-01-28,3133.51,3162.32,3128.18,3157.29,2751234,TCS,TCS.NS,0.0133,-0.3572,1.0109,0
2026-01-29,3157.29,3157.29,3083.79,3102.34,2457641,TCS,TCS.NS,-0.0174,-0.1067,1.0238,0
2026-01-30,3098.98,3098.98,3050.64,3082.11,3022068,TCS,TCS.NS,-0.0065,0.2297,1.0158,1
2026-02-02,3155.22,3155.22,3092.07,3127.2,2636272,TCS,TCS.NS,0.0146,-0.1277,1.0204,1
2026-02-03,3305.18,3305.18,3143.67,3182.15,4366060,TCS,TCS.NS,0.0176,0.6561,1.0514,0
2026-02-04,3078.26,3078.26,2946.05,2958.98,10852595,TCS,TCS.NS,-0.0701,1.4857,1.0449,0
2026-02-05,2950.0,2989.17,2932.54,2951.48,3521545,TCS,TCS.NS,-0.0025,-0.6755,1.0193,0
2026-02-06,2936.78,2945.07,2876.99,2902.25,4687389,TCS,TCS.NS,-0.0167,0.3311,1.0237,1
2026-02-09,2919.51,2937.17,2898.2,2908.76,2380318,TCS,TCS.NS,0.0022,-0.4922,1.0134,1
2026-02-10,2910.34,2971.31,2904.12,2944.67,3547763,TCS,TCS.NS,0.0123,0.4905,1.0231,0
2026-02-11,2940.13,2957.89,2865.35,2870.87,3363513,TCS,TCS.NS,-0.0251,-0.0519,1.0323,0
2026-02-12,2831.41,2841.47,2703.35,2713.31,10612156,TCS,TCS.NS,-0.0549,2.1551,1.0511,0
2026-02-13,2550.42,2676.71,2550.42,2656.18,11168735,TCS,TCS.NS,-0.0211,0.0524,1.0495,1
2026-02-16,2663.88,2683.42,2635.27,2670.39,2918730,TCS,TCS.NS,0.0053,-0.7387,1.0183,1
2026-02-17,2679.67,2723.08,2659.14,2681.05,4209118,TCS,TCS.NS,0.004,0.4421,1.024,0
2026-02-18,2693.48,2693.48,2621.75,2658.85,2950820,TCS,TCS.NS,-0.0083,-0.2989,1.0274,0
2026-02-19,2671.77,2711.93,2630.93,2642.08,3238849,TCS,TCS.NS,-0.0063,0.0976,1.0308,1
2026-02-20,2631.32,2666.45,2612.08,2650.26,2293482,TCS,TCS.NS,0.0031,-0.2919,1.0208,0
2026-02-23,2650.07,2667.83,2624.61,2640.5,4699596,TCS,TCS.NS,-0.0037,1.0491,1.0165,0
2026-02-24,2605.67,2612.08,2527.04,2539.27,7798833,TCS,TCS.NS,-0.0383,0.6595,1.0337,1
2026-02-25,2561.27,2618.69,2560.29,2594.13,3621285,TCS,TCS.NS,0.0216,-0.5357,1.0228,1
2026-02-26,2614.55,2635.27,2599.75,2612.28,3464267,TCS,TCS.NS,0.007,-0.0434,1.0137,0
2026-02-27,2645.73,2652.63,2590.97,2602.12,5083717,TCS,TCS.NS,-0.0039,0.4675,1.0238,0
2026-03-02,2557.32,2588.7,2545.78,2578.54,3374385,TCS,TCS.NS,-0.0091,-0.3362,1.0169,0
2026-03-04,2589.88,2599.75,2545.88,2553.18,3446434,TCS,TCS.NS,-0.0098,0.0214,1.0212,0
2026-03-05,2565.22,2574.59,2512.34,2544.3,2960636,TCS,TCS.NS,-0.0035,-0.141,1.0248,0
2026-03-06,2537.59,2584.16,2519.44,2523.39,3998643,TCS,TCS.NS,-0.0082,0.3506,1.0257,0
2026-03-09,2496.15,2525.75,2471.49,2493.59,3653428,TCS,TCS.NS,-0.0118,-0.0863,1.022,0
2026-03-10,2507.01,2511.15,2456.79,2479.48,4323710,TCS,TCS.NS,-0.0057,0.1835,1.0221,0
2026-03-11,2474.55,2487.27,2427.19,2431.93,2720664,TCS,TCS.NS,-0.0192,-0.3708,1.0248,0
2026-03-12,2426.89,2439.82,2403.41,2409.73,2752075,TCS,TCS.NS,-0.0091,0.0115,1.0151,0
2026-03-13,2404.4,2413.18,2364.93,2378.25,2466488,TCS,TCS.NS,-0.0131,-0.1038,1.0204,0
2026-03-16,2377.76,2392.56,2334.45,2376.97,3807907,TCS,TCS.NS,-0.0005,0.5439,1.0249,0
2026-03-17,2387.63,2387.63,2328.43,2359.7,2993367,TCS,TCS.NS,-0.0073,-0.2139,1.0254,1
2026-03-18,2377.76,2449.68,2377.76,2408.15,3082388,TCS,TCS.NS,0.0205,0.0297,1.0302,0
2026-03-19,2384.67,2391.57,2318.76,2324.48,2757060,TCS,TCS.NS,-0.0347,-0.1055,1.0314,1
2026-03-20,2354.08,2375.59,2332.57,2358.62,4206320,TCS,TCS.NS,0.0147,0.5257,1.0184,0
2026-03-23,2333.36,2374.6,2316.59,2351.91,3860515,TCS,TCS.NS,-0.0028,-0.0822,1.025,1
2026-03-24,2371.94,2402.82,2347.27,2366.71,3420182,TCS,TCS.NS,0.0063,-0.1141,1.0237,0
2026-03-25,2368.78,2389.2,2338.1,2345.6,5843778,TCS,TCS.NS,-0.0089,0.7086,1.0219,1
2026-03-27,2371.74,2389.7,2353.09,2357.83,4979411,TCS,TCS.NS,0.0052,-0.1479,1.0156,0
2026-03-30,2343.33,2365.92,2314.81,2327.34,6804756,TCS,TCS.NS,-0.0129,0.3666,1.0221,1
2026-04-01,2396.51,2438.93,2365.82,2375.98,4132661,TCS,TCS.NS,0.0209,-0.3927,1.0309,1
2026-04-02,2354.08,2436.86,2343.92,2417.92,5378361,TCS,TCS.NS,0.0176,0.3014,1.0397,1
2026-04-06,2440.9,2448.8,2415.45,2440.8,2572417,TCS,TCS.NS,0.0095,-0.5217,1.0138,1
2026-04-07,2428.08,2509.87,2415.25,2505.82,4516550,TCS,TCS.NS,0.0266,0.7558,1.0392,1
2026-04-08,2537.59,2545.78,2506.12,2524.96,4769337,TCS,TCS.NS,0.0076,0.056,1.0158,1
2026-04-09,2519.83,2570.15,2497.24,2554.37,5628261,TCS,TCS.NS,0.0116,0.1801,1.0292,0
2026-04-10,2531.48,2531.48,2467.64,2490.53,10480239,TCS,TCS.NS,-0.025,0.8621,1.0259,0
2026-04-13,2456.59,2471.39,2436.96,2439.52,3739587,TCS,TCS.NS,-0.0205,-0.6432,1.0141,1
2026-04-15,2468.43,2524.77,2460.04,2520.72,5261384,TCS,TCS.NS,0.0333,0.4069,1.0263,1
2026-04-16,2537.59,2559.3,2523.78,2542.43,3905403,TCS,TCS.NS,0.0086,-0.2577,1.0141,1
2026-04-17,2535.62,2554.37,2521.71,2546.97,2718206,TCS,TCS.NS,0.0018,-0.304,1.013,0
2026-04-20,2552.49,2559.3,2526.94,2545.09,2288558,TCS,TCS.NS,-0.0007,-0.1581,1.0128,1
2026-04-21,2525.75,2579.03,2525.75,2575.58,2719959,TCS,TCS.NS,0.012,0.1885,1.0211,0
2026-04-22,2545.49,2545.49,2470.11,2504.54,5232045,TCS,TCS.NS,-0.0276,0.9236,1.0305,0
2026-04-23,2495.17,2525.26,2482.64,2488.06,2509050,TCS,TCS.NS,-0.0066,-0.5204,1.0172,0
2026-04-24,2454.72,2471.49,2356.84,2364.83,5107719,TCS,TCS.NS,-0.0495,1.0357,1.0486,1
2026-04-27,2364.83,2426.1,2364.83,2414.86,5853425,TCS,TCS.NS,0.0212,0.146,1.0259,0
2026-04-28,2411.31,2453.73,2394.93,2412.0,4508363,TCS,TCS.NS,-0.0012,-0.2298,1.0246,1
2026-04-29,2418.21,2454.62,2414.86,2441.59,2835961,TCS,TCS.NS,0.0123,-0.371,1.0165,0
2026-04-30,2445.84,2457.68,2405.39,2440.8,3970446,TCS,TCS.NS,-0.0003,0.4,1.0217,0
2026-05-01,2440.8,2440.8,2440.8,2440.8,0,TCS,TCS.NS,0.0,-1.0,1.0,0
2026-05-04,2460.64,2464.88,2392.56,2398.77,2632358,TCS,TCS.NS,-0.0172,inf,1.0302,0
2026-05-05,2397.49,2427.49,2379.93,2394.83,3385720,TCS,TCS.NS,-0.0016,0.2862,1.02,1
2026-05-06,2409.23,2437.94,2374.31,2402.82,3147628,TCS,TCS.NS,0.0033,-0.0703,1.0268,0
2026-05-07,2405.58,2407.06,2365.92,2369.27,5829594,TCS,TCS.NS,-0.014,0.8521,1.0174,0
2026-05-08,2365.92,2374.8,2343.33,2362.37,3792199,TCS,TCS.NS,-0.0029,-0.3495,1.0134,0
2026-05-11,2339.28,2382.69,2339.28,2360.89,1975188,TCS,TCS.NS,-0.0006,-0.4791,1.0186,0
2026-05-12,2343.23,2343.23,2252.46,2269.53,6347884,TCS,TCS.NS,-0.0387,2.2138,1.0403,0
2026-05-13,2275.15,2278.31,2238.65,2242.4,3171843,TCS,TCS.NS,-0.012,-0.5003,1.0177,0
2026-05-14,2234.7,2234.7,2176.88,2215.95,5633313,TCS,TCS.NS,-0.0118,0.776,1.0266,1
2026-05-15,2221.87,2274.07,2221.87,2233.71,3410637,TCS,TCS.NS,0.008,-0.3946,1.0235,1
2026-05-18,2233.71,2262.23,2222.07,2252.66,3773336,TCS,TCS.NS,0.0085,0.1063,1.0181,1
2026-05-19,2269.23,2345.79,2266.37,2295.97,10394707,TCS,TCS.NS,0.0192,1.7548,1.035,1
2026-05-20,2292.81,2310.67,2286.79,2296.26,2537422,TCS,TCS.NS,0.0001,-0.7559,1.0104,0
2026-05-21,2299.82,2304.65,2283.04,2296.07,3299087,TCS,TCS.NS,-0.0001,0.3002,1.0095,0
2026-05-22,2299.92,2308.7,2277.22,2286.3,2617262,TCS,TCS.NS,-0.0043,-0.2067,1.0138,1
2026-05-25,2325.0,2326.1,2293.0,2308.2,3298364,TCS,TCS.NS,0.0096,0.2602,1.0144,0
2026-05-26,2308.2,2327.9,2272.4,2276.2,3587597,TCS,TCS.NS,-0.0139,0.0877,1.0244,1
2026-05-27,2275.0,2295.6,2260.9,2284.2,2653950,TCS,TCS.NS,0.0035,-0.2602,1.0153,0
2026-05-28,2284.2,2284.2,2284.2,2284.2,0,TCS,TCS.NS,0.0,-1.0,1.0,0
2026-05-29,2291.0,2334.0,2235.0,2258.9,16331582,TCS,TCS.NS,-0.0111,inf,1.0443,1
2026-06-01,2284.0,2335.0,2280.0,2297.4,7505095,TCS,TCS.NS,0.017,-0.5405,1.0241,1
2026-06-02,2320.0,2457.4,2316.2,2446.9,11306127,TCS,TCS.NS,0.0651,0.5065,1.061,0
2026-06-03,2393.0,2393.0,2224.8,2241.7,15660062,TCS,TCS.NS,-0.0839,0.3851,1.0756,0
2026-06-04,2241.7,2253.1,2216.6,2241.0,4867263,TCS,TCS.NS,-0.0003,-0.6892,1.0165,0
2026-06-05,2262.9,2271.8,2192.0,2198.9,5019717,TCS,TCS.NS,-0.0188,0.0313,1.0364,0
2026-06-08,2170.0,2177.0,2143.3,2151.4,6536734,TCS,TCS.NS,-0.0216,0.3022,1.0157,0
2026-06-09,2174.0,2174.0,2132.8,2151.0,4148655,TCS,TCS.NS,-0.0002,-0.3653,1.0193,1
2026-06-10,2151.3,2180.8,2144.8,2153.9,2848650,TCS,TCS.NS,0.0013,-0.3134,1.0168,0
2026-06-11,2127.0,2154.6,2110.0,2135.6,3079815,TCS,TCS.NS,-0.0085,0.0811,1.0211,1
2026-06-12,2150.0,2168.0,2138.0,2161.4,2124656,TCS,TCS.NS,0.0121,-0.3101,1.014,1
2026-06-15,2192.0,2192.0,2159.3,2162.0,3337083,TCS,TCS.NS,0.0003,0.5706,1.0151,1
2026-06-16,2167.0,2209.0,2160.6,2199.0,3079898,TCS,TCS.NS,0.0171,-0.0771,1.0224,1
2026-06-17,2209.0,2231.0,2200.7,2223.0,2865010,TCS,TCS.NS,0.0109,-0.0698,1.0138,0
2026-06-18,2209.0,2214.0,2182.0,2203.3,3735188,TCS,TCS.NS,-0.0089,0.3037,1.0147,0
2026-06-19,2105.0,2138.0,2059.9,2125.0,13286502,TCS,TCS.NS,-0.0355,2.5571,1.0379,1
2026-06-22,2132.2,2157.0,2121.0,2127.8,4566101,TCS,TCS.NS,0.0013,-0.6563,1.017,0
2026-06-23,2111.0,2114.0,2055.0,2059.6,6392736,TCS,TCS.NS,-0.0321,0.4,1.0287,1
2026-06-24,2061.0,2120.7,2061.0,2109.0,4747277,TCS,TCS.NS,0.024,-0.2574,1.029,0
2026-06-25,2133.6,2148.5,2088.0,2094.7,4738903,TCS,TCS.NS,-0.0068,-0.0018,1.029,0
2026-06-26,2094.7,2094.7,2094.7,2094.7,0,TCS,TCS.NS,0.0,-1.0,1.0,1
2026-06-29,2090.0,2105.0,2071.0,2097.9,3412470,TCS,TCS.NS,0.0015,inf,1.0164,0
2026-06-30,2090.0,2104.3,2018.8,2031.5,6848411,TCS,TCS.NS,-0.0317,1.0069,1.0424,0
2026-07-01,2039.9,2052.0,1976.8,1982.6,4658295,TCS,TCS.NS,-0.0241,-0.3198,1.038,1
2026-07-02,2008.0,2076.9,2002.5,2068.1,6040621,TCS,TCS.NS,0.0431,0.2967,1.0372,1
2026-07-03,2100.0,2116.6,2085.0,2093.5,4028819,TCS,TCS.NS,0.0123,-0.333,1.0152,0
2026-07-06,2090.0,2093.0,2050.6,2057.6,2567386,TCS,TCS.NS,-0.0171,-0.3627,1.0207,1
2026-07-07,2050.0,2122.7,2049.0,2096.1,4769048,TCS,TCS.NS,0.0187,0.8576,1.036,0
2026-07-08,2094.0,2109.7,2048.8,2057.5,3666985,TCS,TCS.NS,-0.0184,-0.2311,1.0297,0
2026-07-09,2057.5,2065.0,2016.0,2049.5,3791498,TCS,TCS.NS,-0.0039,0.034,1.0243,1
2026-07-10,2105.2,2133.3,2064.6,2069.0,6714551,TCS,TCS.NS,0.0095,0.7709,1.0333,0
